"iteration","obs_index","y_true","y_pred"
1,1,0,11.6868634273427
1,2,21,14.5752056708896
1,3,-18,-24.2826355966867
1,4,15,10.3437275116862
1,5,4,-14.9458297860207
1,6,-4,-12.2052341915003
1,7,7,-7.30691713998305
1,8,7,-4.97863358651977
1,9,-25,-21.5700938551181
1,10,-4,28.8429246900431
1,11,7,28.4776138085783
1,12,-14,7.23562382313661
1,13,0,25.3296009200465
1,14,14,23.9361161228972
1,15,-7,-6.7227854144158
1,16,15,6.72257410778396
1,17,-8,-13.2946250482914
1,18,-7,1.71804633410511
1,19,0,10.0991513371953
1,20,-3,14.2196930748339
1,21,7,6.82493876387481
1,22,-4,-0.313970645063745
1,23,9,6.91690441803833
1,24,13,-8.8587565043553
1,25,-13,-21.2323049621372
1,26,-16,3.04092246489511
1,27,7,30.9073654493504
1,28,7,9.61449709340486
1,29,-10,-6.10564618039008
1,30,15,14.6716119517733
1,31,-1,-10.669693803655
1,32,4,-4.6042727685056
1,33,-8,-8.29587630221031
1,34,5,11.1835232533577
1,35,3,-6.11426754344169
1,36,-11,-2.13563108602161
1,37,7,12.7716470072749
1,38,0,2.11587237243512
1,39,-4,1.6337460600309
1,40,4,7.57874676279738
1,41,-7,3.76537186195966
1,42,3,10.4073812101815
1,43,-10,5.75060988739715
1,44,3,21.1687898480174
1,45,4,7.44976273903768
1,46,2,4.09110160189823
1,47,-6,-3.15170033167926
1,48,4,12.2640904339546
1,49,-4,1.26444841851625
1,50,11,8.73966100608826
1,51,-5,-11.2088049672008
1,52,-2,2.73769432617857
1,53,0,3.69678831611775
1,54,-7,8.04964690507316
1,55,18,12.8091197058408
1,56,0,-15.2545448097559
1,57,-11,-10.1419280997399
1,58,7,10.3641063257762
1,59,11,2.66875200835989
1,60,3,-19.8461958953619
1,61,-10,-15.065846692925
1,62,14,7.84309537460378
1,63,-26,-16.7688589311631
1,64,-3,31.8019494639047
1,65,15,24.9442109479073
1,66,7,-1.52423000068122
1,67,-11,-18.5965412789892
1,68,11,15.598625870496
1,69,-11,-8.27174333877824
1,70,-4,12.3469536241892
1,71,8,14.8099112249315
1,72,-11,0.435796707503835
1,73,3,12.3676082350147
1,74,8,11.2418993032907
1,75,-11,-4.13754975887616
1,76,-4,11.8679604342813
1,77,11,20.4998790532273
1,78,-4,-5.08112683027766
1,79,-14,2.22536184020541
1,80,18,27.3125772572392
1,81,-7,-8.96148063170644
1,82,-11,4.2365956398971
1,83,11,21.8564018154873
1,84,3,2.19123667169228
1,85,-10,-8.68365803550893
1,86,24,15.7432102795448
1,87,-6,-25.0371193995634
1,88,-5,-9.61412682152378
1,89,5,3.96035558229405
1,90,-4,0.36680013431651
1,91,-11,-1.29831055102787
1,92,7,23.8245956698172
1,93,4,4.59462952047766
1,94,-7,-3.41741077355774
1,95,0,12.0117747448525
1,96,-4,10.8743598020278
1,97,-3,12.2774368710198
1,98,7,14.5827989959711
1,99,-4,0.993082401887798
1,100,18,5.44809580966661
1,101,0,-20.9156440309411
1,102,4,-11.5823954311363
1,103,-7,-15.9920901120725
1,104,-8,6.24842670582683
1,105,-3,11.3987705907747
1,106,7,17.4807766132633
1,107,0,-1.30739120908181
1,108,-7,1.92976160017711
1,109,-4,14.665430191847
1,110,7,18.5405070048216
1,111,15,1.67257420313255
1,112,-11,-21.307484018145
1,113,7,3.43705407619083
1,114,-21,-6.49890345042071
1,115,0,30.7093740068879
1,116,3,17.4635489470579
1,117,11,13.2227224881206
1,118,29,-15.0380979939542
1,119,-7,-44.97153998147
1,120,-33,-21.1606211916581
1,121,-3,39.8826699479747
1,122,7,34.4851832885863
1,123,0,5.55578227100071
1,124,14,5.35537355192797
1,125,0,-12.7844104741299
1,126,29,-7.76613891575769
1,127,-32,-45.627190330551
1,128,21,21.3091428827315
1,129,15,-24.4108513228791
1,130,-26,-30.8879445165004
1,131,-7,7.40909760358482
1,132,11,32.6627669918404
1,133,-11,-3.29155789763143
1,134,-3,16.3911137985495
1,135,-8,22.9427605508349
1,136,-3,24.9395491720214
1,137,14,22.6094917204766
1,138,-3,-0.454782696484795
1,139,25,-0.252438243021205
1,140,-28,-35.405926197487
1,141,-8,23.1567548541105
1,142,0,23.9983722100534
1,143,7,24.2406960110512
1,144,0,-6.25640427886788
1,145,11,7.31090268497516
1,146,-4,-15.0260406855302
1,147,7,0.904403082301202
1,148,0,-9.19756458407967
1,149,-25,-4.96095371458079
1,150,7,31.8439250948046
1,151,22,15.801865292753
1,152,-4,-24.6510274588816
1,153,-3,-11.0430993184647
1,154,-22,5.17414943230951
1,155,0,36.2886604864316
1,156,0,23.9495926002679
1,157,0,19.6889872323769
1,158,4,7.13789488801141
1,159,-4,6.91973808852237
1,160,21,10.5147725834237
1,161,-17,-22.4474693427938
1,162,-4,11.9378704843247
1,163,4,11.6515388195866
1,164,18,8.05904524843007
1,165,-22,-29.8324366997969
1,166,4,22.5229598833273
1,167,-7,6.60621794391136
1,168,10,20.3219931923867
1,169,0,-6.33786515563633
1,170,-3,3.72655335362808
1,171,-7,0.77070137356003
1,172,3,19.872143913177
1,173,-3,6.45010181155664
1,174,18,10.39724438411
1,175,-11,-20.8428519114482
1,176,-4,5.82561332181539
1,177,-15,-10.9015414457524
1,178,0,13.1699885382866
1,179,11,15.0815512730467
1,180,-7,-7.40923021158353
1,181,14,4.71782114016964
1,182,-8,-13.5064382832998
1,183,-6,2.87875605664615
1,184,18,11.0258740147461
1,185,0,-13.6783384999644
1,186,7,-16.0047564468361
1,187,-21,-16.0646819364714
1,188,-5,24.8344547546588
1,189,-6,20.8803525324523
1,190,11,30.1409508593405
1,191,-11,-3.30640071753962
1,192,-4,21.9352422287992
1,193,7,19.7137809555978
1,194,8,8.60977348158986
1,195,18,-10.3340260147839
1,196,-11,-31.1099605640169
1,197,-15,-4.14489611483195
1,198,11,21.3134102148774
1,199,0,1.39407876323569
1,200,-18,-4.3202129076285
1,201,11,28.3122065484504
1,202,18,5.80505818488441
1,203,-18,-24.7828372364759
1,204,14,13.7486215635893
1,205,8,-8.33141259102621
1,206,-4,-19.8088970318055
1,207,-25,-8.59067088520297
1,208,11,41.0875432541382
1,209,0,3.85719084279425
1,210,0,7.61487193032271
1,211,0,3.66236368293384
1,212,-4,8.96777252684977
1,213,18,8.89764018987803
1,214,-7,-15.8252858843535
1,215,-11,-1.15897484633439
1,216,-11,14.960286667976
1,217,-3,33.0758239800135
1,218,3,22.0162629114346
1,219,-7,14.8186609742233
1,220,0,19.8567604037087
1,221,4,16.2366915984031
1,222,18,7.92829616274136
1,223,0,-23.4623338158856
1,224,-11,-13.3533702748666
1,225,0,7.17142124493089
1,226,-4,8.4394145272101
1,227,29,9.38839294156602
1,228,-4,-37.1432133956338
1,229,-21,-16.4372065785291
1,230,3,20.8607640697574
1,231,11,18.5292341910254
1,232,-18,-11.9197321276571
1,233,0,22.8089161182602
1,234,-7,18.0271815736113
1,235,0,23.4472448021739
1,236,4,16.4771672205807
1,237,7,10.5444433767791
1,238,0,-9.05393600358997
1,239,29,-0.352238769086539
1,240,-4,-44.2815133326719
1,241,-32,-22.9802466416335
1,242,0,33.3809672846419
1,243,0,28.0091235606228
1,244,0,12.2963728831979
1,245,7,10.7416602479986
1,246,-4,2.23371439603759
1,247,-3,5.58941713338745
1,248,10,15.1079761735356
1,249,8,-4.90610203343274
1,250,3,-19.2146672021322
1,251,-11,-14.5955363881451
1,252,-10,9.10311138894252
1,253,3,21.6744729854227
1,254,11,12.029311070925
1,255,7,-10.2606165775644
1,256,-7,-15.4860045083139
1,257,11,3.49846584749105
1,258,-7,-12.2977582516849
1,259,3,3.50100608238547
1,260,-3,-4.02277965497445
1,261,7,5.9201695857652
1,262,-7,-10.4771173463292
1,263,-11,10.8307226931132
1,264,0,-8.3844913940165
1,265,-10,0.134342266019809
1,266,-4,16.2151739719449
1,267,34,19.4588458075718
1,268,9,-39.4817551565942
1,269,-25,-40.2272387506341
1,270,22,12.5066191337261
1,271,-33,-19.5477826545159
1,272,4,33.7561239587689
1,273,-4,16.4301458229244
1,274,7,25.1214933785192
2,1,-25,-19.3342917131238
2,2,-4,17.760764160142
2,3,7,25.1942402488498
2,4,-14,6.86441036743111
2,5,0,31.213870155691
2,6,14,30.9838697571778
2,7,-7,2.04638167103161
2,8,15,13.8722725892065
2,9,-8,-2.73159696338054
2,10,-7,3.66740354853206
2,11,0,11.2169077917431
2,12,-3,7.74301260139119
2,13,7,13.1172683139675
2,14,-4,0.331178187060422
2,15,9,9.63666880983658
2,16,13,-3.6335875077943
2,17,-13,-20.5413427545793
2,18,-16,6.29734759024464
2,19,7,24.6874400615903
2,20,7,6.40319525663185
2,21,-10,-1.95007475581121
2,22,15,19.9933581632133
2,23,-1,-5.42617956670746
2,24,4,-6.97648877163437
2,25,-8,-2.21299462872314
2,26,5,8.80715582351936
2,27,3,-2.47419340034506
2,28,-11,-8.90240395233219
2,29,7,15.6981313507545
2,30,0,0.895222281951557
2,31,-4,0.662494982244822
2,32,4,11.9517368706707
2,33,-7,4.77684596958578
2,34,3,12.9806159446451
2,35,-10,7.46890406453735
2,36,3,21.8130051409432
2,37,4,14.6384496690616
2,38,2,4.7362659894206
2,39,-6,6.53463951989101
2,40,4,12.5452469152106
2,41,-4,5.22258311937204
2,42,11,8.59861598641042
2,43,-5,-4.20716033343101
2,44,-2,2.26299751965623
2,45,0,6.05551424379653
2,46,-7,2.93718634041483
2,47,18,16.0141817163352
2,48,0,-11.0298432133099
2,49,-11,-7.6816067642392
2,50,7,11.7921126679654
2,51,11,-2.85520048959405
2,52,3,-15.9334351622863
2,53,-10,-12.7294651769728
2,54,14,5.17645756323329
2,55,-26,-19.9785104363341
2,56,-3,20.2186037120471
2,57,15,30.0105829292936
2,58,7,-2.95847797577075
2,59,-11,-5.98947824521372
2,60,11,14.9168999989744
2,61,-11,-2.81493262794177
2,62,-4,7.10976097936588
2,63,8,20.057703567738
2,64,-11,2.43928013016002
2,65,3,15.1387831778245
2,66,8,10.9808350536037
2,67,-11,0.232409187628873
2,68,-4,17.1560990302822
2,69,11,21.0354705614088
2,70,-4,0.451680438788232
2,71,-14,6.16451067448932
2,72,18,29.2019512012512
2,73,-7,-4.23369011112642
2,74,-11,4.43571784407278
2,75,11,27.7992852181752
2,76,3,3.22439568558945
2,77,-10,-3.33349503116845
2,78,24,17.0353165306538
2,79,-6,-17.5906572959163
2,80,-5,-11.4602993043324
2,81,5,4.39311608568814
2,82,-4,-5.60508040933805
2,83,-11,-0.0857585975543318
2,84,7,17.6492594644351
2,85,4,8.2002969187806
2,86,-7,-1.77869334309763
2,87,0,14.8956443113376
2,88,-4,14.5519672098941
2,89,-3,13.8128970474603
2,90,7,18.1343904278207
2,91,-4,7.61216525075055
2,92,18,10.6692169515427
2,93,0,-15.356517202287
2,94,4,-11.2949752892829
2,95,-7,-11.3809267705824
2,96,-8,-3.72918498668923
2,97,-3,9.90023161241114
2,98,7,10.2601733649535
2,99,0,3.1158464699293
2,100,-7,3.97448005495804
2,101,-4,16.692287794338
2,102,7,19.1624554406248
2,103,15,6.96034292423452
2,104,-11,-11.5929404236085
2,105,7,7.26877188713388
2,106,-21,-6.07367009224542
2,107,0,19.9869321583778
2,108,3,22.7104867812496
2,109,11,11.9905620551082
2,110,29,-0.398326982872351
2,111,-7,-40.9117804172327
2,112,-33,-18.1741261703802
2,113,-3,29.8185482623499
2,114,7,22.6104838236334
2,115,0,8.36592274246114
2,116,14,15.0610464998992
2,117,0,-4.61486988996355
2,118,29,-8.06016691868614
2,119,-32,-40.0974917895187
2,120,21,16.3521493709821
2,121,15,-16.2651554029806
2,122,-26,-48.0463780201009
2,123,-7,10.7883411011663
2,124,11,14.9303390673222
2,125,-11,-5.63953242304399
2,126,-3,15.9147816611058
2,127,-8,29.5463979403617
2,128,-3,29.0615876528843
2,129,14,25.5740281424379
2,130,-3,10.0999647670218
2,131,25,15.0123537238231
2,132,-28,-26.0729261868467
2,133,-8,15.6511195342096
2,134,0,27.507084565238
2,135,7,13.3149863729475
2,136,0,9.2467749673759
2,137,11,7.91488859391711
2,138,-4,-5.20499014297622
2,139,7,-2.96582172770114
2,140,0,-4.43347932825465
2,141,-25,-4.43290597532518
2,142,7,29.1693441040787
2,143,22,11.3418963901646
2,144,-4,-20.4732572811065
2,145,-3,-2.59867348131135
2,146,-22,4.85489886647007
2,147,0,28.0385411477488
2,148,0,23.6468542734129
2,149,0,24.2023202485718
2,150,4,23.6188363390725
2,151,-4,8.38199666190258
2,152,21,16.2156729630694
2,153,-17,-12.922153356981
2,154,-4,14.2553044377675
2,155,4,17.6371574758003
2,156,18,-0.420775084210492
2,157,-22,-19.106081625415
2,158,4,17.3308088921615
2,159,-7,11.3115700591932
2,160,10,9.42930491063579
2,161,0,5.47027852316611
2,162,-3,5.78438923492057
2,163,-7,9.41670699068537
2,164,3,11.9140093628351
2,165,-3,11.7074842159552
2,166,18,14.1085110000012
2,167,-11,-11.378979700402
2,168,-4,4.31184816777839
2,169,-15,-14.0380083501151
2,170,0,13.8749611594068
2,171,11,10.221432344484
2,172,-7,-6.28831086650742
2,173,14,9.93570859808201
2,174,-8,-8.26453123959273
2,175,-6,0.34837329230754
2,176,18,10.9061859045906
2,177,0,-15.1966849614692
2,178,7,-9.51274058156812
2,179,-21,-16.3184559368402
2,180,-5,14.6157500209954
2,181,-6,18.7790300733616
2,182,11,22.7539054922425
2,183,-11,12.4432491474248
2,184,-4,22.881429922243
2,185,7,28.0979531821373
2,186,8,9.99511485246565
2,187,18,3.63322615259905
2,188,-11,-20.1553707375543
2,189,-15,-3.88986702215743
2,190,11,14.3496709044423
2,191,0,-6.30152349696623
2,192,-18,-0.323921823971252
2,193,11,28.7352066238713
2,194,18,5.72799579230329
2,195,-18,-21.7478714067386
2,196,14,18.344455334797
2,197,8,-1.67772128097724
2,198,-4,-22.8407831836026
2,199,-25,-6.68115995134151
2,200,11,31.7207222168726
2,201,0,5.94393382913697
2,202,0,1.22149133663577
2,203,0,16.8351408804466
2,204,-4,10.0819773778399
2,205,18,11.6617215641628
2,206,-7,-11.9793211466572
2,207,-11,5.05844513166475
2,208,-11,17.7957645918349
2,209,-3,22.6304456515703
2,210,3,25.9426683040164
2,211,-7,20.1446454808057
2,212,0,30.5636361966374
2,213,4,22.7193818039483
2,214,18,13.4916801749902
2,215,0,-8.78705070609925
2,216,-11,-6.87199567929873
2,217,0,8.37061055115349
2,218,-4,0.230850593475877
2,219,29,7.15477999520631
2,220,-4,-29.267161169993
2,221,-21,-17.5100392519797
2,222,3,17.2946673956734
2,223,11,4.59031489609815
2,224,-18,-6.73877793630016
2,225,0,25.9302665643222
2,226,-7,22.0719344230532
2,227,0,18.7893123839168
2,228,4,23.3796120004761
2,229,7,20.0359762792868
2,230,0,5.72444755363294
2,231,29,0.771039176331272
2,232,-4,-34.9546033638398
2,233,-32,-24.2138785940446
2,234,0,26.5876758095356
2,235,0,13.8212664882186
2,236,0,10.1547285140298
2,237,7,18.802118824416
2,238,-4,9.0465985622559
2,239,-3,9.68379519110561
2,240,10,15.4175802254602
2,241,8,4.74552151682779
2,242,3,-9.65915783318975
2,243,-11,-13.3551512996365
2,244,-10,3.70626518354395
2,245,3,14.8134111543021
2,246,11,8.82891607182224
2,247,7,-2.83470271100104
2,248,-7,-9.41926150752273
2,249,11,2.67135343483437
2,250,-7,-13.3006102632061
2,251,3,0.0878914959107995
2,252,-3,0.913102024475894
2,253,7,0.160731316764938
2,254,-7,-8.15647692879966
2,255,-11,4.03332696694335
2,256,0,-0.190318236367677
2,257,-10,2.12123772381983
2,258,-4,20.0393380599082
2,259,34,18.404220442002
2,260,9,-30.7587279832306
2,261,-25,-32.296772249388
2,262,22,11.5255238369266
2,263,-33,-30.9742700988766
2,264,4,18.2038875971035
2,265,-4,22.7409885001804
2,266,7,17.4374015042945
2,267,0,5.71080873253303
2,268,7,4.96282550132639
2,269,-14,-6.8303600031242
2,270,39,13.4569421371348
2,271,-39,-37.7954601529403
2,272,36,19.5064829524791
2,273,-8,-27.0968082941869
2,274,-32,-21.7181601299041
3,1,-4,26.7175709562985
3,2,7,21.893375776379
3,3,-14,11.4048152093486
3,4,0,32.4386785222597
3,5,14,23.7943296866748
3,6,-7,-2.45927525830906
3,7,15,11.8307404717822
3,8,-8,-15.9667181042125
3,9,-7,-0.114627834761095
3,10,0,10.3171250363578
3,11,-3,7.64520262348951
3,12,7,11.8811223158066
3,13,-4,2.47140059979978
3,14,9,6.82452756461515
3,15,13,-5.82226466993952
3,16,-13,-23.0042199702569
3,17,-16,2.45913088635794
3,18,7,24.1195564631966
3,19,7,7.60548897531732
3,20,-10,1.3080283188438
3,21,15,16.9763847936787
3,22,-1,-10.4662976538495
3,23,4,-3.80682360020486
3,24,-8,-8.57656758209722
3,25,5,4.72055677587556
3,26,3,-3.73098250851785
3,27,-11,-3.44223907365771
3,28,7,13.0573231745458
3,29,0,1.78350977611181
3,30,-4,2.09945381706067
3,31,4,10.1148307365414
3,32,-7,0.967588543379877
3,33,3,12.2776356264842
3,34,-10,6.25867131924331
3,35,3,19.3114929598267
3,36,4,11.3661116757099
3,37,2,4.40782280326363
3,38,-6,0.862004117125078
3,39,4,10.6133657475054
3,40,-4,0.363607945238636
3,41,11,9.02149420550767
3,42,-5,-9.60918324376143
3,43,-2,2.30008761838098
3,44,0,4.00520312087085
3,45,-7,4.52571433721802
3,46,18,14.1889631494804
3,47,0,-13.1087117413626
3,48,-11,-8.8311257127067
3,49,7,10.4211652206895
3,50,11,-3.91301156279199
3,51,3,-16.4145250217241
3,52,-10,-13.2816762195988
3,53,14,2.59662906573546
3,54,-26,-17.475544897366
3,55,-3,28.0367487427004
3,56,15,24.4879277471838
3,57,7,-0.285988403717312
3,58,-11,-6.90366617442903
3,59,11,12.2767406724929
3,60,-11,-11.7322694827275
3,61,-4,12.1922938837338
3,62,8,13.0700632260415
3,63,-11,-0.15142227479715
3,64,3,17.988356487173
3,65,8,10.5347282593241
3,66,-11,-4.33578704229546
3,67,-4,16.2202948679751
3,68,11,16.1617350246454
3,69,-4,-3.6652173940178
3,70,-14,6.98094769375889
3,71,18,24.3101585939386
3,72,-7,-8.58216749276525
3,73,-11,7.90657074321269
3,74,11,21.323452768377
3,75,3,-1.06736667280046
3,76,-10,-2.05185954720123
3,77,24,14.8907601987052
3,78,-6,-26.8071666748387
3,79,-5,-6.74641541893026
3,80,5,1.08534876211343
3,81,-4,-7.20547927162592
3,82,-11,3.21967304399453
3,83,7,21.2468521189507
3,84,4,3.99235420965012
3,85,-7,2.60430075372618
3,86,0,12.3332183174399
3,87,-4,8.59549039175098
3,88,-3,13.2745503504536
3,89,7,15.8099578414427
3,90,-4,1.79359512049825
3,91,18,8.942250033885
3,92,0,-19.1308070612067
3,93,4,-13.4356843369278
3,94,-7,-16.0805137001943
3,95,-8,-1.62714505588911
3,96,-3,10.2655781462445
3,97,7,15.6722260950028
3,98,0,2.41159435506674
3,99,-7,6.43163621562643
3,100,-4,13.9746708789974
3,101,7,16.9234283969617
3,102,15,3.17416439812037
3,103,-11,-17.2071861147189
3,104,7,3.49182916724931
3,105,-21,-9.19438811768194
3,106,0,25.0182911994556
3,107,3,19.1791522258117
3,108,11,13.1714309563744
3,109,29,-4.66031185193793
3,110,-7,-42.3740603514062
3,111,-33,-23.7026477840913
3,112,-3,29.7060996445142
3,113,7,22.6531443286759
3,114,0,13.4758233788377
3,115,14,15.3327831587233
3,116,0,-9.69657316560455
3,117,29,-5.78089220961111
3,118,-32,-46.626294367099
3,119,21,11.5380827922472
3,120,15,-25.2435853573722
3,121,-26,-35.9427454524885
3,122,-7,12.5769380742547
3,123,11,20.5467232821273
3,124,-11,-1.942530208855
3,125,-3,25.4407177592215
3,126,-8,19.1025476314835
3,127,-3,27.8052092919897
3,128,14,27.138865207079
3,129,-3,0.232707807878558
3,130,25,5.47242012779801
3,131,-28,-32.3667744884453
3,132,-8,15.810864063227
3,133,0,21.2664788310076
3,134,7,17.9058435068546
3,135,0,6.05273199114988
3,136,11,9.40472138196829
3,137,-4,-13.061239886561
3,138,7,0.711521193120216
3,139,0,-13.1316358767594
3,140,-25,-7.56313994811988
3,141,7,30.3148240550527
3,142,22,13.2942116184932
3,143,-4,-18.8868292168609
3,144,-3,-3.18757791759161
3,145,-22,-1.25036318349093
3,146,0,30.0043207491694
3,147,0,24.5588702332621
3,148,0,20.7953297496192
3,149,4,17.6101463747762
3,150,-4,8.98437710381294
3,151,21,11.0610817454715
3,152,-17,-20.6532174195114
3,153,-4,8.81809049206094
3,154,4,10.9804878372166
3,155,18,3.15128669377048
3,156,-22,-21.2113390651976
3,157,4,20.0199031449358
3,158,-7,4.10152709202503
3,159,10,18.4011987175106
3,160,0,-0.745294798379894
3,161,-3,2.9842670368847
3,162,-7,4.21291906931209
3,163,3,16.3240308135624
3,164,-3,5.5667012208405
3,165,18,13.0854300052068
3,166,-11,-17.519677155524
3,167,-4,5.81119723695553
3,168,-15,-10.7677527430303
3,169,0,13.9586833825916
3,170,11,11.4136171260378
3,171,-7,-6.92662741277749
3,172,14,9.51829501271366
3,173,-8,-14.8444684151104
3,174,-6,1.79115448295985
3,175,18,10.810451903956
3,176,0,-17.9583566731373
3,177,7,-10.6607702028952
3,178,-21,-16.4254475290716
3,179,-5,16.2810724412515
3,180,-6,20.9189545163175
3,181,11,27.2802158513142
3,182,-11,6.22996306349538
3,183,-4,24.9115365341912
3,184,7,21.1203799289975
3,185,8,8.2539104951893
3,186,18,-5.83098660950393
3,187,-11,-28.6177142781901
3,188,-15,-7.57345987046212
3,189,11,15.6929722763649
3,190,0,-4.50142350436469
3,191,-18,1.41106262028672
3,192,11,29.5773100877633
3,193,18,4.19800053352323
3,194,-18,-18.3460087590353
3,195,14,14.5529161295407
3,196,8,-13.4521766747714
3,197,-4,-19.5928023296392
3,198,-25,-6.35113493851927
3,199,11,30.111839552397
3,200,0,5.74461978061852
3,201,0,11.8534734466178
3,202,0,8.43987545331836
3,203,-4,7.85260903878883
3,204,18,10.6206781971367
3,205,-7,-15.6181452071409
3,206,-11,-2.08010608791546
3,207,-11,14.9632801825614
3,208,-3,26.0650430554376
3,209,3,26.1483982176134
3,210,-7,19.3050542949381
3,211,0,24.5036292414136
3,212,4,19.6550995784263
3,213,18,8.26115770677004
3,214,0,-18.8142964540919
3,215,-11,-13.7269757149959
3,216,0,3.36671420927272
3,217,-4,2.29570624822711
3,218,29,9.51630032757517
3,219,-4,-31.7149267637239
3,220,-21,-15.6434136363404
3,221,3,17.9499729703836
3,222,11,7.9465683751844
3,223,-18,-6.83592335779471
3,224,0,26.4178192957145
3,225,-7,15.8065891632584
3,226,0,25.553928616739
3,227,4,20.8513749913141
3,228,7,10.5772236512065
3,229,0,-2.40278494438273
3,230,29,-0.0756202631301797
3,231,-4,-44.8313782477529
3,232,-32,-24.5525162671794
3,233,0,25.2544623729444
3,234,0,17.7415827702201
3,235,0,18.3150383468079
3,236,7,19.8572920823324
3,237,-4,3.49459445646765
3,238,-3,10.248512056808
3,239,10,12.1916387526863
3,240,8,-7.14486057185139
3,241,3,-14.4860862545007
3,242,-11,-15.1706097755205
3,243,-10,3.80863023109024
3,244,3,17.9874036329576
3,245,11,11.2018880752707
3,246,7,-4.37807803817922
3,247,-7,-10.8511783498317
3,248,11,1.39325072604487
3,249,-7,-15.5050637095555
3,250,3,0.34751125062004
3,251,-3,-3.82721909973502
3,252,7,2.97419404610215
3,253,-7,-6.75157565846215
3,254,-11,8.48196002510685
3,255,0,-1.60372048529005
3,256,-10,2.70697750531796
3,257,-4,14.0795907339912
3,258,34,17.3021960522193
3,259,9,-35.8678949502426
3,260,-25,-35.5385828873986
3,261,22,7.2716710034286
3,262,-33,-29.6194594393476
3,263,4,30.5703285046037
3,264,-4,18.5194362770292
3,265,7,21.6390586778444
3,266,0,2.46687680148928
3,267,7,0.88514964448865
3,268,-14,-9.34791659290416
3,269,39,15.939963649294
3,270,-39,-46.3898927625283
3,271,36,26.9118556669968
3,272,-8,-36.0876679840373
3,273,-32,-10.2755304460705
3,274,7,37.604715180119
4,1,15,13.3056890405052
4,2,-1,-5.94291190426135
4,3,4,-5.21935011346737
4,4,-8,-4.47564722773357
4,5,5,3.15512283694783
4,6,3,-2.81675977177216
4,7,-11,-9.6918648459162
4,8,7,11.9466578256617
4,9,0,-0.696558249913812
4,10,-4,1.00323255323957
4,11,4,8.34888567237572
4,12,-7,1.95128385419958
4,13,3,10.7150175154508
4,14,-10,5.37600745923504
4,15,3,17.4212370614216
4,16,4,11.8398241380066
4,17,2,2.61345926998611
4,18,-6,3.59258920004372
4,19,4,8.4501359825857
4,20,-4,4.25570901381267
4,21,11,5.70255571352529
4,22,-5,-6.3637950771001
4,23,-2,-1.49856033135808
4,24,0,4.75736222618248
4,25,-7,1.70878577962917
4,26,18,13.3985350524082
4,27,0,-12.7887181563666
4,28,-11,-9.64627177630552
4,29,7,8.52366836911919
4,30,11,-2.53025059439251
4,31,3,-15.2474792979262
4,32,-10,-16.3710256048687
4,33,14,1.3504197048577
4,34,-26,-16.8320068238857
4,35,-3,18.0790333295562
4,36,15,25.1290635284702
4,37,7,-4.12155949470137
4,38,-11,-6.48636420642977
4,39,11,8.93176161252244
4,40,-11,-1.99730336919048
4,41,-4,6.0136778740647
4,42,8,15.2296072163671
4,43,-11,-2.23917826279346
4,44,3,13.3049728060668
4,45,8,8.85373011368812
4,46,-11,-0.790514252308441
4,47,-4,13.1824124913002
4,48,11,16.8760797476373
4,49,-4,-0.681620547774667
4,50,-14,3.16138580470445
4,51,18,23.0487112367817
4,52,-7,-4.29365024788611
4,53,-11,3.09901477565137
4,54,11,21.5635809144291
4,55,3,1.0151780882829
4,56,-10,-2.95126170102258
4,57,24,11.5286685354766
4,58,-6,-18.3682989324903
4,59,-5,-11.9325645646522
4,60,5,1.95494886103654
4,61,-4,-7.46664849874998
4,62,-11,-0.13356900263192
4,63,7,13.3334167931582
4,64,4,6.42070252380124
4,65,-7,-2.24472730857257
4,66,0,11.7610700751465
4,67,-4,10.6876417179479
4,68,-3,12.3487977960824
4,69,7,14.6172837837824
4,70,-4,3.49844287532632
4,71,18,7.22483847464618
4,72,0,-15.2521520376166
4,73,4,-13.030667788331
4,74,-7,-12.8913788349746
4,75,-8,-5.58995978666936
4,76,-3,8.6298971857508
4,77,7,7.6376683501474
4,78,0,1.80198821095239
4,79,-7,1.13167127001849
4,80,-4,14.4856842450147
4,81,7,17.0894283268526
4,82,15,5.61520302793676
4,83,-11,-14.8091507713714
4,84,7,1.76759988133879
4,85,-21,-6.25783131802283
4,86,0,18.4525408789856
4,87,3,19.754102560211
4,88,11,7.42264840155667
4,89,29,-2.11338856734094
4,90,-7,-40.2560316437308
4,91,-33,-18.7605033074496
4,92,-3,25.1904856965873
4,93,7,22.7109924963517
4,94,0,6.30616161021358
4,95,14,7.54025881371414
4,96,0,-7.35402940411395
4,97,29,-4.75569342463033
4,98,-32,-35.9085629826513
4,99,21,8.14115541982875
4,100,15,-17.3877536522746
4,101,-26,-45.131758877843
4,102,-7,7.37129923279522
4,103,11,11.0483251952961
4,104,-11,0.205624760652359
4,105,-3,12.6084494456538
4,106,-8,22.515054263414
4,107,-3,25.5636959709327
4,108,14,25.8652867275161
4,109,-3,5.60098498526828
4,110,25,8.06459749211775
4,111,-28,-26.192458984329
4,112,-8,11.9168879090138
4,113,0,24.3197351117405
4,114,7,11.148340094234
4,115,0,6.52204475424084
4,116,11,1.45680894051748
4,117,-4,-4.49793712336775
4,118,7,-2.88226618108539
4,119,0,-5.15720316449971
4,120,-25,-9.25947620065308
4,121,7,24.396987029574
4,122,22,10.2294135785094
4,123,-4,-18.6903055293243
4,124,-3,-7.00412467668217
4,125,-22,1.36712982404222
4,126,0,27.5239011151753
4,127,0,23.0597027863025
4,128,0,17.2050391346056
4,129,4,16.7672512076659
4,130,-4,6.59644122825037
4,131,21,15.7885535448111
4,132,-17,-14.0173427437895
4,133,-4,8.05315923481665
4,134,4,12.867089199492
4,135,18,-0.781068133008704
4,136,-22,-18.4051067345526
4,137,4,9.93008133868004
4,138,-7,10.6046146147996
4,139,10,9.89210330991948
4,140,0,4.15938901964566
4,141,-3,-1.53643760045901
4,142,-7,7.71953627727127
4,143,3,10.6734890670697
4,144,-3,10.6999121811586
4,145,18,8.49537287664712
4,146,-11,-12.7879196071147
4,147,-4,0.799691688379882
4,148,-15,-15.6947588636968
4,149,0,11.2396387964182
4,150,11,9.00799587969579
4,151,-7,-5.04378647640979
4,152,14,5.28016302634683
4,153,-8,-10.9895630729402
4,154,-6,-0.879532582079569
4,155,18,9.94805108786036
4,156,0,-15.8942534651674
4,157,7,-11.8748290888161
4,158,-21,-18.2746488690827
4,159,-5,12.4992857887352
4,160,-6,18.738436183701
4,161,11,19.855891970672
4,162,-11,8.36243368511625
4,163,-4,16.8529911696043
4,164,7,26.5142600074028
4,165,8,8.8884354257796
4,166,18,0.83110893296081
4,167,-11,-25.0400799384467
4,168,-15,-7.05575345935245
4,169,11,12.9380450160879
4,170,0,-4.76144853482245
4,171,-18,-3.45523354794665
4,172,11,21.3305637761082
4,173,18,6.1296817935784
4,174,-18,-17.9568988702175
4,175,14,12.3502480072907
4,176,8,-5.50117914807231
4,177,-4,-20.6393875583123
4,178,-25,-8.23974855973962
4,179,11,23.9783257095107
4,180,0,7.39946512970579
4,181,0,1.13341437529156
4,182,0,11.3237138044327
4,183,-4,5.68611460971269
4,184,18,13.1242974159563
4,185,-7,-12.7084164632429
4,186,-11,-0.612230947989675
4,187,-11,12.6062383504802
4,188,-3,21.4899343967172
4,189,3,24.2214006607855
4,190,-7,14.8137213876261
4,191,0,24.6168656260153
4,192,4,19.9421513532766
4,193,18,12.4600913886167
4,194,0,-11.5236883188534
4,195,-11,-12.0783697328679
4,196,0,4.64800134096541
4,197,-4,0.41761011684625
4,198,29,5.93458809834547
4,199,-4,-30.5346893760696
4,200,-21,-20.2756194116577
4,201,3,15.4634106026815
4,202,11,6.936151413536
4,203,-18,-6.03219915924105
4,204,0,16.5626293793381
4,205,-7,17.7813438732328
4,206,0,19.8188151110251
4,207,4,22.0126010537025
4,208,7,12.645378844543
4,209,0,2.18504443352381
4,210,29,-1.2179571348832
4,211,-4,-33.5026582056743
4,212,-32,-26.9617075031078
4,213,0,21.4844238700975
4,214,0,13.7145933609714
4,215,0,10.780679477846
4,216,7,12.2980451797409
4,217,-4,4.90364595134389
4,218,-3,10.6855532944852
4,219,10,14.6240108718821
4,220,8,0.495445271041051
4,221,3,-13.8628085694985
4,222,-11,-15.7967310165837
4,223,-10,1.64805034373264
4,224,3,14.2788385074817
4,225,11,7.79237567034449
4,226,7,-5.7396327531903
4,227,-7,-12.3876630238079
4,228,11,1.36266042793619
4,229,-7,-11.2184910663369
4,230,3,-1.83780206956796
4,231,-3,-3.12319611416617
4,232,7,-2.74038297766076
4,233,-7,-7.0978632305959
4,234,-11,1.8835133789437
4,235,0,-0.63651800688648
4,236,-10,-1.17281886761946
4,237,-4,16.6945087722878
4,238,34,16.5022632297416
4,239,9,-28.4981524570402
4,240,-25,-36.2804634133972
4,241,22,5.28602248879983
4,242,-33,-25.5500677360148
4,243,4,18.1990945984649
4,244,-4,17.0072474817606
4,245,7,12.3466058901983
4,246,0,2.0221586364297
4,247,7,1.44682282538903
4,248,-14,-6.72241934601885
4,249,39,10.3498270228906
4,250,-39,-36.4117114771521
4,251,36,13.133216281703
4,252,-8,-24.1480118692909
4,253,-32,-22.008796448301
4,254,7,37.8630857438898
4,255,3,13.5896694280827
4,256,11,7.94952105016748
4,257,-1,-5.27121976603186
4,258,5,-1.40570738520641
4,259,-4,-6.610792196382
4,260,-21,-1.66501104841913
4,261,18,27.8033521813295
4,262,3,-2.01603661998506
4,263,-11,-7.26358059258187
4,264,0,12.8287774786201
4,265,11,10.5794947514254
4,266,-7,-3.72247064400328
4,267,-7,4.49760492836956
4,268,3,16.1142451923348
4,269,0,5.09338418362493
4,270,22,5.62456529896747
4,271,-25,-20.3145833779991
4,272,11,13.4969884004074
4,273,-8,0.714095425104488
4,274,-3,4.9725972315545
5,1,-4,-1.15777987135612
5,2,4,7.40388788426305
5,3,-7,3.8215906918393
5,4,3,11.0681803552155
5,5,-10,4.59438018447193
5,6,3,19.3475000881547
5,7,4,10.7194909346459
5,8,2,3.21849670236969
5,9,-6,1.39107530350349
5,10,4,11.7760077209769
5,11,-4,3.53234274083614
5,12,11,7.87984714722863
5,13,-5,-8.21570703706791
5,14,-2,2.04521239490271
5,15,0,3.04298737653147
5,16,-7,4.15706009488042
5,17,18,11.8041093530314
5,18,0,-12.6889826109363
5,19,-11,-9.68434501882536
5,20,7,8.9214545829862
5,21,11,-0.401256944421771
5,22,3,-17.008128297688
5,23,-10,-16.0407391730719
5,24,14,4.53099334630008
5,25,-26,-17.1307409341148
5,26,-3,18.950292274598
5,27,15,23.3313590382277
5,28,7,-1.40183064633619
5,29,-11,-14.5006876178025
5,30,11,12.2735696435466
5,31,-11,-1.97882025407521
5,32,-4,9.28461119333213
5,33,8,13.1737926271868
5,34,-11,3.35541691393315
5,35,3,10.3510514886693
5,36,8,7.66944278542411
5,37,-11,-0.981330658668387
5,38,-4,13.2812451263015
5,39,11,18.4109707908445
5,40,-4,0.178406133717125
5,41,-14,2.29832180359517
5,42,18,24.4749235919088
5,43,-7,-3.41877050535994
5,44,-11,2.28416047962856
5,45,11,20.771461441227
5,46,3,5.33072934317623
5,47,-10,-6.16277378703086
5,48,24,12.0193736637689
5,49,-6,-17.4131008522995
5,50,-5,-9.90453429750027
5,51,5,-0.176991028844668
5,52,-4,-1.4119440883085
5,53,-11,-2.50591934048583
5,54,7,14.282776677146
5,55,4,5.41305683518351
5,56,-7,-3.14125443332269
5,57,0,8.81595710810845
5,58,-4,13.6243447162661
5,59,-3,12.9307567816703
5,60,7,13.7500007388117
5,61,-4,4.57313191670327
5,62,18,7.8831815762768
5,63,0,-17.3645878536658
5,64,4,-10.8039189709101
5,65,-7,-12.9227480752758
5,66,-8,-0.0311524318000869
5,67,-3,7.73072589097946
5,68,7,9.70275317770683
5,69,0,-2.17621114699955
5,70,-7,0.741290390909258
5,71,-4,12.5987655372365
5,72,7,18.6812495654794
5,73,15,4.40755059657798
5,74,-11,-14.8846499723693
5,75,7,4.53096807282714
5,76,-21,-5.33236775415761
5,77,0,21.8638581527799
5,78,3,16.6754752922823
5,79,11,10.9741658552397
5,80,29,-8.37054588744257
5,81,-7,-40.3710031950419
5,82,-33,-18.8027503581897
5,83,-3,32.4446711283773
5,84,7,26.20138661262
5,85,0,4.49157172900191
5,86,14,3.42987787979477
5,87,0,-8.38813238659652
5,88,29,-6.56809369131597
5,89,-32,-40.2297228991881
5,90,21,18.0305321318393
5,91,15,-16.6647229045396
5,92,-26,-39.3388059841991
5,93,-7,0.465033978580706
5,94,11,18.9045002725516
5,95,-11,-5.62089167495486
5,96,-3,9.34783494648415
5,97,-8,21.1586504214715
5,98,-3,29.8717077270295
5,99,14,20.2662227145431
5,100,-3,5.11448422718116
5,101,25,10.5852443183893
5,102,-28,-26.6757158588562
5,103,-8,17.1804117727293
5,104,0,24.4776305485125
5,105,7,17.188987939135
5,106,0,-1.20343717785379
5,107,11,4.4789534208632
5,108,-4,-8.84899041998326
5,109,7,-0.178437590697119
5,110,0,-7.63979949554912
5,111,-25,-2.07087292242086
5,112,7,25.7385951301256
5,113,22,10.7752027942217
5,114,-4,-22.7364935498849
5,115,-3,-9.83438994240367
5,116,-22,4.14983272639975
5,117,0,31.6012844291902
5,118,0,20.2240056684056
5,119,0,18.8718336398824
5,120,4,14.8242749242573
5,121,-4,6.65326036700166
5,122,21,12.6910480741586
5,123,-17,-13.6225207235432
5,124,-4,12.7853634211313
5,125,4,14.9763870475268
5,126,18,3.20561713751205
5,127,-22,-25.0057449830018
5,128,4,14.9199215353899
5,129,-7,8.62474112178849
5,130,10,13.6926107179379
5,131,0,-3.99773188034032
5,132,-3,5.16604982264188
5,133,-7,4.91558192903649
5,134,3,13.9074721164684
5,135,-3,7.42506331859006
5,136,18,12.1684981442742
5,137,-11,-15.7652680782489
5,138,-4,4.25963235243944
5,139,-15,-13.7924193790775
5,140,0,9.2619439839798
5,141,11,10.665390549533
5,142,-7,-7.18092121723525
5,143,14,4.79685520924022
5,144,-8,-10.6835787927133
5,145,-6,2.11089442143845
5,146,18,7.68042059623503
5,147,0,-13.7830107251589
5,148,7,-12.6102897834426
5,149,-21,-17.8711119032642
5,150,-5,16.372426172681
5,151,-6,17.2829881524422
5,152,11,21.0649217061704
5,153,-11,3.18761124662729
5,154,-4,19.7406126431747
5,155,7,22.14911393691
5,156,8,11.3226814232037
5,157,18,-2.39082805025168
5,158,-11,-21.3357002599287
5,159,-15,-3.42234832545254
5,160,11,15.7941428026465
5,161,0,-3.97002116543162
5,162,-18,-4.94483597013473
5,163,11,22.2612643724763
5,164,18,5.26193213937007
5,165,-18,-22.1645522641261
5,166,14,11.2462972674557
5,167,8,-1.40653128278013
5,168,-4,-17.8227480092105
5,169,-25,-11.9111118906429
5,170,11,31.8148359613538
5,171,0,5.71247928437854
5,172,0,-0.683088392617492
5,173,0,5.62320452468184
5,174,-4,11.4832840767463
5,175,18,9.22311996292436
5,176,-7,-12.9551381743021
5,177,-11,2.13536209213366
5,178,-11,15.9284258034194
5,179,-3,24.2479798534606
5,180,3,20.7627526313479
5,181,-7,14.2820555609002
5,182,0,23.2914774980284
5,183,4,19.8373867522281
5,184,18,10.9700196025337
5,185,0,-12.1744769243124
5,186,-11,-7.85587285323297
5,187,0,8.02832325832951
5,188,-4,3.86246573653537
5,189,29,4.79235317416562
5,190,-4,-33.0096935841662
5,191,-21,-18.4978197809313
5,192,3,15.073260375386
5,193,11,9.91082823825482
5,194,-18,-10.0581538012625
5,195,0,18.6002900269076
5,196,-7,18.3846928241685
5,197,0,20.2436106176973
5,198,4,15.0905902645542
5,199,7,16.1229088587582
5,200,0,1.88039038659318
5,201,29,0.167216820022752
5,202,-4,-35.5968741362643
5,203,-32,-21.2043570678022
5,204,0,24.6458803151445
5,205,0,19.0209533375368
5,206,0,6.37638222418066
5,207,7,7.68417944466524
5,208,-4,4.8835395543948
5,209,-3,8.63279672850779
5,210,10,13.0675618210236
5,211,8,3.14796823269459
5,212,3,-10.856280925986
5,213,-11,-14.9296152847062
5,214,-10,4.69419936385186
5,215,3,15.1985517565277
5,216,11,6.93304011836322
5,217,7,-8.13219562038277
5,218,-7,-13.2467389960703
5,219,11,1.7512451125807
5,220,-7,-11.3686894406339
5,221,3,0.498515858321557
5,222,-3,-2.69173082000008
5,223,7,1.53474162412656
5,224,-7,-11.4586742905128
5,225,-11,3.38491005926865
5,226,0,-5.73432514758101
5,227,-10,-0.896439593166004
5,228,-4,16.468073197876
5,229,34,19.4056671225652
5,230,9,-32.3848454542833
5,231,-25,-34.6546315883913
5,232,22,9.30024583973702
5,233,-33,-22.1971237903057
5,234,4,19.0861149081686
5,235,-4,12.9667500024546
5,236,7,19.1343198788748
5,237,0,0.595651689717587
5,238,7,4.32663931945408
5,239,-14,-7.06362791744489
5,240,39,12.1587159081538
5,241,-39,-39.557841271762
5,242,36,20.6996245136643
5,243,-8,-32.0863082097868
5,244,-32,-11.7002145151969
5,245,7,28.9235088360657
5,246,3,16.3436684961687
5,247,11,4.85420281184524
5,248,-1,-8.27607938805043
5,249,5,0.468694724567998
5,250,-4,-6.15593669725192
5,251,-21,-0.355382346567825
5,252,18,29.3531269218315
5,253,3,-0.539543962069152
5,254,-11,-8.40398993931811
5,255,0,10.3272053741094
5,256,11,13.8194533966487
5,257,-7,-6.71368844406303
5,258,-7,5.15313205670013
5,259,3,18.6254065786016
5,260,0,7.94799338167465
5,261,22,1.57027482801332
5,262,-25,-21.6104121324046
5,263,11,18.5085984900655
5,264,-8,-1.38125599078193
5,265,-3,9.40912160802624
5,266,34,10.2112968989571
5,267,-28,-32.6752279064196
5,268,-3,8.70835472497322
5,269,11,14.8241358816746
5,270,31,-2.03436839291409
5,271,-45,-46.7353066918406
5,272,18,28.7544122890022
5,273,-7,2.06655593793417
5,274,3,3.26886996170462
6,1,3,8.38310710181779
6,2,-10,4.36781839080653
6,3,3,14.7504323247759
6,4,4,5.69737821231357
6,5,2,-0.947662724237206
6,6,-6,-1.31912511437345
6,7,4,8.0160002557826
6,8,-4,-1.04587048688017
6,9,11,6.20298343433034
6,10,-5,-9.68447210859984
6,11,-2,-0.166005092530142
6,12,0,4.51232752133196
6,13,-7,2.27773730699023
6,14,18,12.1988575455159
6,15,0,-16.2800764145248
6,16,-11,-9.69514236316781
6,17,7,12.1366492955881
6,18,11,-4.38474239245877
6,19,3,-16.6463898792108
6,20,-10,-9.51986054423126
6,21,14,4.68923043179139
6,22,-26,-17.4718533080401
6,23,-3,29.0396521332684
6,24,15,21.7076108842365
6,25,7,-12.5181567381204
6,26,-11,-9.85849582674042
6,27,11,12.0816869548012
6,28,-11,-12.5401727225845
6,29,-4,10.8654721166775
6,30,8,15.7754797299029
6,31,-11,-8.01378642759964
6,32,3,13.1524701676102
6,33,8,7.49754835423199
6,34,-11,-9.09966322220786
6,35,-4,13.6498377557279
6,36,11,14.3209553633023
6,37,-4,-9.8181775322535
6,38,-14,4.61035751727862
6,39,18,22.7595752863154
6,40,-7,-15.0944352525219
6,41,-11,4.96614279394206
6,42,11,21.8950666034374
6,43,3,-8.31854119833437
6,44,-10,-5.44291291821711
6,45,24,15.9716777114336
6,46,-6,-28.5320439129621
6,47,-5,-7.03248754252869
6,48,5,8.72127890842152
6,49,-4,-8.55608714820215
6,50,-11,2.40525178585645
6,51,7,20.4536698676799
6,52,4,-1.86559314043052
6,53,-7,-4.23009846410353
6,54,0,12.4259346443904
6,55,-4,4.32637141240607
6,56,-3,8.40274441851044
6,57,7,12.9460807270065
6,58,-4,-3.29266350461641
6,59,18,3.85265710096284
6,60,0,-19.1581877859853
6,61,4,-11.4400999582043
6,62,-7,-10.1014392003594
6,63,-8,1.57482772037512
6,64,-3,11.774616553187
6,65,7,11.4131794518553
6,66,0,-2.81019466293775
6,67,-7,0.485845672549559
6,68,-4,11.6886688560735
6,69,7,12.0163450357662
6,70,15,-0.506881941625215
6,71,-11,-18.8673934814636
6,72,7,4.02671333700119
6,73,-21,-7.78959720086826
6,74,0,23.7611412589524
6,75,3,17.0493054649421
6,76,11,3.05306105015094
6,77,29,-10.3775730904099
6,78,-7,-42.4558042643073
6,79,-33,-14.5073676473244
6,80,-3,37.3420789079199
6,81,7,21.0447691782567
6,82,0,3.29724475812379
6,83,14,7.70414120004364
6,84,0,-17.9445217474522
6,85,29,-8.48347860202501
6,86,-32,-36.5304820245668
6,87,21,19.4684758900448
6,88,15,-19.5703936362686
6,89,-26,-35.339228004492
6,90,-7,21.853205177458
6,91,11,18.0137619459745
6,92,-11,-9.21833027880533
6,93,-3,20.8867944952048
6,94,-8,15.676463948417
6,95,-3,13.3105570338629
6,96,14,20.8517791285322
6,97,-3,-5.13310732306906
6,98,25,-0.778260513042363
6,99,-28,-31.481668549162
6,100,-8,19.2774678149752
6,101,0,23.515045920582
6,102,7,9.43317521082158
6,103,0,0.108078502176165
6,104,11,2.20636562538925
6,105,-4,-15.7082565024666
6,106,7,-0.0228630967743588
6,107,0,-6.02745832139308
6,108,-25,-7.46002738936272
6,109,7,30.4858884827868
6,110,22,7.42543318100633
6,111,-4,-25.6180684941841
6,112,-3,-2.77272864455245
6,113,-22,0.948047738218166
6,114,0,26.6754538128714
6,115,0,21.4032878938433
6,116,0,11.6045429954575
6,117,4,6.45633502243379
6,118,-4,0.285497856993952
6,119,21,8.06389051121038
6,120,-17,-20.8629974271164
6,121,-4,10.5495785347872
6,122,4,11.4044826057567
6,123,18,-1.89515318654354
6,124,-22,-21.301290833538
6,125,4,19.5347152037702
6,126,-7,2.71810129299196
6,127,10,10.9495536197635
6,128,0,0.0247969476434715
6,129,-3,-2.98074494982774
6,130,-7,2.08592790432318
6,131,3,13.200628637313
6,132,-3,4.657734693296
6,133,18,7.08343532617253
6,134,-11,-19.2229490791581
6,135,-4,3.64278241720669
6,136,-15,-13.0741958889372
6,137,0,14.4991322840492
6,138,11,8.56502177301268
6,139,-7,-10.3310902332481
6,140,14,8.00102372552032
6,141,-8,-14.9667304855883
6,142,-6,-0.457867790002122
6,143,18,13.3897041266735
6,144,0,-18.8091680345464
6,145,7,-10.6827616427576
6,146,-21,-12.1719229514338
6,147,-5,17.482620798965
6,148,-6,18.7083651420368
6,149,11,20.0326367374461
6,150,-11,-2.19338168448448
6,151,-4,14.7676188322194
6,152,7,15.8402679975357
6,153,8,0.595654222767033
6,154,18,-6.64608871189433
6,155,-11,-27.9279152820349
6,156,-15,-3.22982332889651
6,157,11,19.4564092157107
6,158,0,-4.95639885197365
6,159,-18,-1.40757084010374
6,160,11,25.888892924587
6,161,18,-3.85881312599825
6,162,-18,-23.0526621654307
6,163,14,18.6766399383323
6,164,8,-13.375427707145
6,165,-4,-21.4149383939378
6,166,-25,1.88919917344292
6,167,11,30.4177540152091
6,168,0,-1.73129461193426
6,169,0,4.99239364045212
6,170,0,7.02863847781316
6,171,-4,-0.724402704290262
6,172,18,8.14028760766524
6,173,-7,-15.2083847698017
6,174,-11,-0.926532571558771
6,175,-11,14.3349852781822
6,176,-3,21.5145636214448
6,177,3,18.6165260301096
6,178,-7,9.63840739391118
6,179,0,14.671166911811
6,180,4,10.2031116151336
6,181,18,3.11913064212334
6,182,0,-20.0903779591322
6,183,-11,-11.3462561260385
6,184,0,7.3822964104861
6,185,-4,2.7283195129631
6,186,29,8.48577252716447
6,187,-4,-32.6205549557414
6,188,-21,-14.7850894471512
6,189,3,22.4048066060126
6,190,11,6.61634272984194
6,191,-18,-9.29407649262492
6,192,0,23.6020583834063
6,193,-7,8.85988436043713
6,194,0,14.0345998150056
6,195,4,17.5498695747409
6,196,7,2.85611956722183
6,197,0,-8.94593120413448
6,198,29,-1.13637486217122
6,199,-4,-39.5210996944804
6,200,-32,-17.8331769301502
6,201,0,34.5693096251246
6,202,0,13.7789591268865
6,203,0,9.49131226872501
6,204,7,12.6641857193495
6,205,-4,-6.25219645854561
6,206,-3,3.56993646089179
6,207,10,13.4085585163182
6,208,8,-8.19334627640479
6,209,3,-16.1029211638465
6,210,-11,-11.2479384351632
6,211,-10,6.40779244154434
6,212,3,17.5001069804629
6,213,11,7.1998933704013
6,214,7,-9.74509633877201
6,215,-7,-13.6674411671031
6,216,11,2.22417948002868
6,217,-7,-12.8148353215653
6,218,3,3.31933208465132
6,219,-3,-1.30960099844927
6,220,7,-0.169978796393115
6,221,-7,-7.38475862310361
6,222,-11,7.32123276855021
6,223,0,-7.2778011539996
6,224,-10,-0.702475565827837
6,225,-4,13.0842561292472
6,226,34,12.508563656746
6,227,9,-36.4049791363089
6,228,-25,-31.1137166110471
6,229,22,15.8835306834224
6,230,-33,-26.1754637710918
6,231,4,32.3020987494635
6,232,-4,18.9800201045631
6,233,7,6.29580250009279
6,234,0,1.70396507570914
6,235,7,-0.472382070518379
6,236,-14,-10.472853210225
6,237,39,16.4651484221938
6,238,-39,-43.809784375198
6,239,36,26.0393540955215
6,240,-8,-29.3776593652464
6,241,-32,-12.5469956953163
6,242,7,44.64967535761
6,243,3,10.7656137021369
6,244,11,4.17262164251187
6,245,-1,-7.37937449868955
6,246,5,-4.46751231452983
6,247,-4,-9.60089912532377
6,248,-21,2.14779605763239
6,249,18,30.866863475213
6,250,3,-8.78287883756361
6,251,-11,-8.76026940013338
6,252,0,15.3069738415538
6,253,11,5.35196260024548
6,254,-7,-10.8124879859144
6,255,-7,9.6526072690256
6,256,3,11.9267731758697
6,257,0,-0.257099100898281
6,258,22,5.6827354417359
6,259,-25,-25.0031761542096
6,260,11,17.2452578331399
6,261,-8,-2.84141451135354
6,262,-3,7.49535518743955
6,263,34,13.1944077381346
6,264,-28,-40.9247678599427
6,265,-3,14.6638844768451
6,266,11,17.4919727680587
6,267,31,-11.280271362377
6,268,-45,-42.0642500440714
6,269,18,39.386730394261
6,270,-7,-9.2617076383929
6,271,3,4.12169649793249
6,272,-14,11.0917082820321
6,273,11,16.8237752610642
6,274,-8,-6.74974789883743
7,1,2,-1.2290485861137
7,2,-6,0.915233751192789
7,3,4,6.7274284873741
7,4,-4,0.00377705033971432
7,5,11,5.51780757325596
7,6,-5,-8.9334452394048
7,7,-2,-1.39164875145042
7,8,0,2.93173584079214
7,9,-7,-0.282710252328773
7,10,18,12.4822002960444
7,11,0,-17.3845265648103
7,12,-11,-9.15557359404984
7,13,7,9.41060883720462
7,14,11,-6.79956709306192
7,15,3,-15.3129939314507
7,16,-10,-11.7894013909976
7,17,14,1.81744757494783
7,18,-26,-20.864853034415
7,19,-3,24.7097767835481
7,20,15,19.9815264661998
7,21,7,-13.3309951795696
7,22,-11,-7.78616558660716
7,23,11,9.0908122845364
7,24,-11,-10.090198828149
7,25,-4,9.38090610443578
7,26,8,15.890279041628
7,27,-11,-8.28701221448169
7,28,3,12.081917793978
7,29,8,4.28749419096762
7,30,-11,-6.60103956534407
7,31,-4,13.8454077402841
7,32,11,13.1485146325369
7,33,-4,-7.45831448386827
7,34,-14,4.44332821410632
7,35,18,21.5081483373749
7,36,-7,-14.1872519466696
7,37,-11,5.06216626267963
7,38,11,21.1466171233801
7,39,3,-8.06884985997732
7,40,-10,-3.99427513909234
7,41,24,13.780492037751
7,42,-6,-26.5502588918592
7,43,-5,-7.98076606372934
7,44,5,5.45950382990844
7,45,-4,-10.5600506519299
7,46,-11,1.20060335237788
7,47,7,14.8304587528902
7,48,4,-1.64952487278544
7,49,-7,-5.51382800947283
7,50,0,11.6223898900708
7,51,-4,4.84699380560911
7,52,-3,8.93421139313784
7,53,7,12.8786634353559
7,54,-4,-1.7101562279242
7,55,18,4.50529479733586
7,56,0,-19.3880119836688
7,57,4,-10.8662341948678
7,58,-7,-10.9234149694843
7,59,-8,-2.51264201786602
7,60,-3,9.4995986007073
7,61,7,6.28330571230499
7,62,0,-3.12583660221057
7,63,-7,-1.71793425997531
7,64,-4,10.8643673367074
7,65,7,11.8132412486992
7,66,15,1.52410564032848
7,67,-11,-16.3873249088998
7,68,7,3.89298964504902
7,69,-21,-10.0770258930983
7,70,0,20.8650974765932
7,71,3,16.298332835146
7,72,11,2.08397371753826
7,73,29,-7.91457563872366
7,74,-7,-43.6601501020736
7,75,-33,-12.7835955259012
7,76,-3,31.5364247138218
7,77,7,17.7240117841345
7,78,0,3.70075091687091
7,79,14,6.0141352306012
7,80,0,-18.5698153176581
7,81,29,-8.91249093587431
7,82,-32,-35.0692498793724
7,83,21,20.2726169198186
7,84,15,-21.0934703196639
7,85,-26,-40.889364494211
7,86,-7,18.3260222085604
7,87,11,6.64158262977686
7,88,-11,-8.72391264881433
7,89,-3,16.7146379673632
7,90,-8,16.0426834723059
7,91,-3,14.6031364456524
7,92,14,20.6423514489144
7,93,-3,-0.666354707585569
7,94,25,4.75207168372732
7,95,-28,-30.8982543390905
7,96,-8,18.4883291002227
7,97,0,21.8432530136961
7,98,7,6.8293335897056
7,99,0,3.21893277528966
7,100,11,-1.54502129859396
7,101,-4,-13.0656298307949
7,102,7,-2.16018772908528
7,103,0,-4.18634859554245
7,104,-25,-7.4119494068199
7,105,7,27.3669045494636
7,106,22,2.801183505412
7,107,-4,-24.2109840966756
7,108,-3,-3.28992946935917
7,109,-22,-1.63670389008987
7,110,0,25.0093375691236
7,111,0,20.0098759268583
7,112,0,13.4904559383308
7,113,4,9.0630318828734
7,114,-4,-1.6537662313409
7,115,21,10.9523233219329
7,116,-17,-17.9430825276696
7,117,-4,12.9877494443711
7,118,4,10.3781523380948
7,119,18,-4.62363609541668
7,120,-22,-19.5197870332528
7,121,4,15.0401737734437
7,122,-7,1.9867793579285
7,123,10,7.60342931511879
7,124,0,2.42527428624859
7,125,-3,-3.49488949539851
7,126,-7,3.29152877343542
7,127,3,8.85985626362598
7,128,-3,7.1278968527474
7,129,18,7.04773320482909
7,130,-11,-17.8650127361077
7,131,-4,2.15677792506334
7,132,-15,-16.2118103089354
7,133,0,12.4400522213267
7,134,11,4.22624487204159
7,135,-7,-9.26635708627561
7,136,14,7.71409255284895
7,137,-8,-15.6464575954406
7,138,-6,-1.21454898342185
7,139,18,10.6202687886244
7,140,0,-19.4867937698865
7,141,7,-9.34199637006983
7,142,-21,-16.7623833556194
7,143,-5,14.0023665857233
7,144,-6,15.2647382232584
7,145,11,17.3149901227191
7,146,-11,0.975429628042166
7,147,-4,12.7450369648199
7,148,7,17.54177855288
7,149,8,1.86306920845344
7,150,18,-0.769606929367242
7,151,-11,-25.8328484540271
7,152,-15,-3.45006990222772
7,153,11,14.4855675824998
7,154,0,-7.65279292063917
7,155,-18,-1.25958482365834
7,156,11,21.3741067082291
7,157,18,-5.8902535186984
7,158,-18,-21.979710701557
7,159,14,18.8195551482341
7,160,8,-12.7175629666312
7,161,-4,-21.2574829141795
7,162,-25,-0.541281372911548
7,163,11,25.6944098507269
7,164,0,-2.89992595571029
7,165,0,1.41896264351278
7,166,0,8.74617112648596
7,167,-4,-1.96976664791177
7,168,18,9.06268485094633
7,169,-7,-14.715990608999
7,170,-11,2.24222020402513
7,171,-11,11.848902543498
7,172,-3,17.5179442173649
7,173,3,19.1151282943329
7,174,-7,9.47323064018185
7,175,0,17.2683401237834
7,176,4,10.7010775697953
7,177,18,6.31383949825427
7,178,0,-14.7972000905268
7,179,-11,-9.24742694374265
7,180,0,6.16683769245861
7,181,-4,-1.02336719872019
7,182,29,7.16752753153777
7,183,-4,-33.5574245189788
7,184,-21,-16.7425228835931
7,185,3,17.0093220849577
7,186,11,1.69702260452957
7,187,-18,-6.68570235047488
7,188,0,20.9575327552682
7,189,-7,7.37308155694819
7,190,0,12.2844236798739
7,191,4,18.7252892921467
7,192,7,6.48687610065665
7,193,0,-4.48266817917316
7,194,29,-2.08645759351589
7,195,-4,-36.3033270804673
7,196,-32,-18.2999234242618
7,197,0,29.1410447042336
7,198,0,7.39208560051975
7,199,0,8.42675934410839
7,200,7,10.2409394498092
7,201,-4,-6.00246145823722
7,202,-3,4.19657976515957
7,203,10,13.455116423107
7,204,8,-2.96791096781822
7,205,3,-13.6816317576882
7,206,-11,-13.3659909444308
7,207,-10,3.08782459929099
7,208,3,13.3932778778942
7,209,11,4.93728511353583
7,210,7,-9.08565819673785
7,211,-7,-14.59116383866
7,212,11,0.219721862235182
7,213,-7,-13.9000148655781
7,214,3,2.85065033155357
7,215,-3,-2.32224948297124
7,216,7,-3.75183103718273
7,217,-7,-9.47564145929522
7,218,-11,3.05029278973915
7,219,0,-6.13644616396683
7,220,-10,-2.35387429498588
7,221,-4,13.6451467933837
7,222,34,11.5762897116087
7,223,9,-33.322559064487
7,224,-25,-29.2547990200158
7,225,22,11.7066698041925
7,226,-33,-31.8089269495889
7,227,4,28.6134779897298
7,228,-4,14.9381784897641
7,229,7,3.88300662713253
7,230,0,1.8805054631639
7,231,7,-1.32226410256438
7,232,-14,-9.84601339998243
7,233,39,13.7365792734057
7,234,-39,-42.4360720771508
7,235,36,22.9891899437583
7,236,-8,-31.8229378076054
7,237,-32,-16.669080523582
7,238,7,43.6084387578063
7,239,3,7.14441002273995
7,240,11,3.67656788459417
7,241,-1,-6.88186204154798
7,242,5,-3.42264108087864
7,243,-4,-10.4012998001554
7,244,-21,-0.0120179494782948
7,245,18,30.0826231339193
7,246,3,-9.7186241818922
7,247,-11,-8.23196442220209
7,248,0,12.9735098422092
7,249,11,3.06797673130276
7,250,-7,-8.3349806607116
7,251,-7,8.86580346951606
7,252,3,12.6813876206358
7,253,0,-1.69617988803928
7,254,22,4.89544821544159
7,255,-25,-23.5102814375022
7,256,11,16.65855213621
7,257,-8,-5.41864902126202
7,258,-3,5.7227352895292
7,259,34,14.8114576706945
7,260,-28,-43.016342735237
7,261,-3,15.7923094990428
7,262,11,10.6685677208893
7,263,31,-10.5555897978179
7,264,-45,-38.3300189929692
7,265,18,32.5696940077347
7,266,-7,-10.1428830187029
7,267,3,-1.40352063630615
7,268,-14,13.8167884621545
7,269,11,12.8978879428825
7,270,-8,-3.45706998706185
7,271,-3,9.60474549162909
7,272,3,20.225382874698
7,273,4,-0.309169800470253
7,274,-14,1.06641025436521
8,1,-6,0.697231684682403
8,2,4,4.48846338094935
8,3,-4,0.724761472235122
8,4,11,3.78680022468205
8,5,-5,-6.4533329181735
8,6,-2,-3.9420002012412
8,7,0,3.14618755714033
8,8,-7,-0.0503101587875849
8,9,18,11.9650382065726
8,10,0,-14.2420377239879
8,11,-11,-10.080006583139
8,12,7,6.91499888782333
8,13,11,-4.69759854893076
8,14,3,-14.2789164125348
8,15,-10,-11.670174745809
8,16,14,-0.0855154520927481
8,17,-26,-18.7465122193777
8,18,-3,21.8495635790851
8,19,15,22.4787839973718
8,20,7,-10.9345712942412
8,21,-11,-6.22516174224154
8,22,11,6.87157749894123
8,23,-11,-9.14243069302281
8,24,-4,5.20309664379552
8,25,8,17.7917881561499
8,26,-11,-8.61095519306422
8,27,3,10.3816608871537
8,28,8,6.90164908030797
8,29,-11,-5.5336733839883
8,30,-4,10.2558834084438
8,31,11,13.7148751988832
8,32,-4,-6.79947415062455
8,33,-14,2.93299664890155
8,34,18,20.1371521563556
8,35,-7,-11.9050307862118
8,36,-11,2.97395304757376
8,37,11,20.6141455753511
8,38,3,-7.21192386800655
8,39,-10,-4.5366274679601
8,40,24,12.9576165788562
8,41,-6,-23.1955212543256
8,42,-5,-12.3012571380864
8,43,5,6.58673156104019
8,44,-4,-10.4513075617604
8,45,-11,0.193225509445748
8,46,7,15.4415640252995
8,47,4,1.07037646510919
8,48,-7,-5.85603267678325
8,49,0,12.3182569589581
8,50,-4,3.88290853974727
8,51,-3,7.33984413709715
8,52,7,13.2156210252033
8,53,-4,-0.765147655561903
8,54,18,2.27539974073577
8,55,0,-16.2199326646456
8,56,4,-12.7610640312123
8,57,-7,-11.5941699193127
8,58,-8,-4.36245400751074
8,59,-3,9.17071451328961
8,60,7,7.49795863582112
8,61,0,0.334501057918257
8,62,-7,-1.9401338761726
8,63,-4,10.8773177629741
8,64,7,10.6351202170711
8,65,15,2.8305296960603
8,66,-11,-15.226931964719
8,67,7,-0.0378693669762094
8,68,-21,-9.36206938401288
8,69,0,17.3182119270172
8,70,3,18.7572626822677
8,71,11,2.97109150571042
8,72,29,-5.82164425321794
8,73,-7,-40.1963007091527
8,74,-33,-16.6085830301438
8,75,-3,24.091709904428
8,76,7,20.2993085206043
8,77,0,6.02735361978934
8,78,14,8.56914466132465
8,79,0,-16.1147893691894
8,80,29,-10.9823121610832
8,81,-32,-30.2344449299157
8,82,21,10.9712518064509
8,83,15,-18.3759858899596
8,84,-26,-39.3365750058302
8,85,-7,16.0339679856238
8,86,11,8.01988227573526
8,87,-11,-4.22059962977928
8,88,-3,15.9689160738032
8,89,-8,19.3124817219732
8,90,-3,9.90136941916658
8,91,14,22.2405618694133
8,92,-3,2.3680433675494
8,93,25,0.120866885283391
8,94,-28,-28.7455102960954
8,95,-8,11.6827914867318
8,96,0,21.1061478695367
8,97,7,7.70796758799908
8,98,0,5.83652332314748
8,99,11,-1.56075453841167
8,100,-4,-11.0693139645219
8,101,7,-5.57736119010561
8,102,0,-1.7180314038313
8,103,-25,-10.8735433073397
8,104,7,23.5144239767903
8,105,22,6.64643397752489
8,106,-4,-19.4670748549407
8,107,-3,-4.87396066880932
8,108,-22,-2.2127067351129
8,109,0,19.9446306706212
8,110,0,22.6717754633285
8,111,0,14.9119773385352
8,112,4,8.05925808097044
8,113,-4,-1.03483479988284
8,114,21,10.3556381351119
8,115,-17,-16.421370629809
8,116,-4,7.46161332273786
8,117,4,8.64631905439679
8,118,18,-3.63132729273491
8,119,-22,-15.8216071973581
8,120,4,10.6609721705352
8,121,-7,4.08447261831626
8,122,10,5.53827697459345
8,123,0,7.22879648298977
8,124,-3,-5.71121333784107
8,125,-7,2.15694176617612
8,126,3,7.47448888412793
8,127,-3,9.47222123944875
8,128,18,4.66059404130503
8,129,-11,-14.2261707222948
8,130,-4,-1.98603633515541
8,131,-15,-15.1976970683869
8,132,0,10.6575994633076
8,133,11,5.31446953520145
8,134,-7,-6.48581950269263
8,135,14,5.7595286340015
8,136,-8,-12.8293022468648
8,137,-6,-4.88271270151391
8,138,18,10.7876820495522
8,139,0,-15.7476919162737
8,140,7,-11.3550753266617
8,141,-21,-15.5029725453788
8,142,-5,10.694653142431
8,143,-6,15.7695263650085
8,144,11,19.190205280093
8,145,-11,4.02968381661464
8,146,-4,9.88952819092773
8,147,7,18.2634709810406
8,148,8,1.62202735658205
8,149,18,-0.147768567799234
8,150,-11,-26.3713337198534
8,151,-15,-8.0671483102772
8,152,11,11.6289138783834
8,153,0,-3.49977161223596
8,154,-18,-1.14387696579113
8,155,11,19.6857361869024
8,156,18,-2.28616211205571
8,157,-18,-19.532282834059
8,158,14,15.8724491983014
8,159,8,-11.5864613669734
8,160,-4,-23.1069291494063
8,161,-25,-0.267674226603662
8,162,11,22.1506373038851
8,163,0,-0.172068812372457
8,164,0,3.13866718852235
8,165,0,11.3486083445611
8,166,-4,-4.5144294770959
8,167,18,8.64752816366389
8,168,-7,-11.7734062704573
8,169,-11,-0.965142428883716
8,170,-11,8.17651256038994
8,171,-3,17.4935831906745
8,172,3,20.4978508053253
8,173,-7,11.3135444517803
8,174,0,16.1565657707982
8,175,4,9.78194452710927
8,176,18,7.01078680308398
8,177,0,-14.1759245707678
8,178,-11,-12.7663327621759
8,179,0,2.36591662492214
8,180,-4,-0.945163786361846
8,181,29,7.92439830605122
8,182,-4,-27.8654165166743
8,183,-21,-19.0503838208779
8,184,3,13.7568474567479
8,185,11,4.41330294612313
8,186,-18,-4.08362397074089
8,187,0,18.0213624949213
8,188,-7,8.9220351416082
8,189,0,10.4611104259087
8,190,4,21.8959285404996
8,191,7,6.1761658591961
8,192,0,-6.30440432669881
8,193,29,-3.55110493060421
8,194,-4,-32.2050176522175
8,195,-32,-23.6894823054989
8,196,0,24.1775406948577
8,197,0,9.60408257151885
8,198,0,11.1313591797263
8,199,7,13.3221026742334
8,200,-4,-4.23054877378977
8,201,-3,1.51587964531298
8,202,10,13.9990161440685
8,203,8,-2.85198199285924
8,204,3,-16.1973940274211
8,205,-11,-13.5363398187402
8,206,-10,0.713619470119824
8,207,3,12.775810642619
8,208,11,7.85645849969513
8,209,7,-6.47451575851477
8,210,-7,-14.148776774532
8,211,11,-1.55111119211294
8,212,-7,-12.3752382899144
8,213,3,0.827465586052777
8,214,-3,-1.68514196421621
8,215,7,-4.65024736758212
8,216,-7,-6.99899786410194
8,217,-11,2.7459884492512
8,218,0,-3.3443123607241
8,219,-10,-2.74915862286487
8,220,-4,12.0698185621526
8,221,34,9.87754908365028
8,222,9,-27.1615888034671
8,223,-25,-31.2465953618931
8,224,22,5.7453519637994
8,225,-33,-27.796900518785
8,226,4,23.7713564130842
8,227,-4,20.4343721893313
8,228,7,3.6471202134591
8,229,0,1.37476648276173
8,230,7,-1.74455288133334
8,231,-14,-9.96421996310916
8,232,39,11.2823423121615
8,233,-39,-35.0248597405178
8,234,36,12.9192747829363
8,235,-8,-22.5669050427438
8,236,-32,-20.5796659822674
8,237,7,40.4782373454002
8,238,3,7.41172968783973
8,239,11,5.55615416526988
8,240,-1,-4.00502283448243
8,241,5,-4.94135401021665
8,242,-4,-11.3778667954932
8,243,-21,-0.812735901383596
8,244,18,27.1543126258017
8,245,3,-5.98753785417814
8,246,-11,-8.14413504275539
8,247,0,11.7707049223005
8,248,11,3.69060993341418
8,249,-7,-7.31130621460457
8,250,-7,7.49611753746586
8,251,3,11.5250417317608
8,252,0,-2.83314334291938
8,253,22,6.68412774664137
8,254,-25,-19.7953020592154
8,255,11,9.58914685785892
8,256,-8,-2.58536634695255
8,257,-3,4.34625013752704
8,258,34,15.4198155887354
8,259,-28,-37.8823413758593
8,260,-3,9.21106108134033
8,261,11,11.4396956290958
8,262,31,-7.32630954502297
8,263,-45,-35.3062239380798
8,264,18,24.5447150343537
8,265,-7,-5.53089887033394
8,266,3,-4.07068164965947
8,267,-14,19.7441709433837
8,268,11,8.06156879853243
8,269,-8,-0.899675247294125
8,270,-3,8.1138420192575
8,271,3,22.7201224869942
8,272,4,-4.50518657942243
8,273,-14,2.90667756894899
8,274,28,15.4884213328093
9,1,0,2.709561607039
9,2,-7,3.47153659783488
9,3,18,11.8721468439372
9,4,0,-11.3473269680446
9,5,-11,-5.44894578927049
9,6,7,6.94564992976581
9,7,11,-3.1135472896935
9,8,3,-13.5451040324564
9,9,-10,-10.3156972189515
9,10,14,0.860325413908917
9,11,-26,-17.7759796105253
9,12,-3,24.7169760975567
9,13,15,18.5402059568693
9,14,7,-1.81750625159912
9,15,-11,-2.49846489053808
9,16,11,12.2415724362031
9,17,-11,-9.95298856154489
9,18,-4,8.34649926153445
9,19,8,13.0065822504437
9,20,-11,-3.9659498080587
9,21,3,14.0418838687224
9,22,8,10.2393260422326
9,23,-11,-1.53472754428672
9,24,-4,12.3594962199392
9,25,11,14.4843923435379
9,26,-4,-4.24163717531928
9,27,-14,6.27036427026112
9,28,18,20.9834349277667
9,29,-7,-9.25282740079672
9,30,-11,8.112015527669
9,31,11,18.8629874546704
9,32,3,-3.03577026253658
9,33,-10,-1.36888373891304
9,34,24,14.4686588093216
9,35,-6,-22.3798388972501
9,36,-5,-7.15997695575643
9,37,5,2.60507234718919
9,38,-4,-8.26517394186885
9,39,-11,0.149787350960039
9,40,7,17.9385986122477
9,41,4,3.03903004395054
9,42,-7,0.875598088574405
9,43,0,14.410579687745
9,44,-4,6.0318357018044
9,45,-3,10.0010974114872
9,46,7,14.2024319557998
9,47,-4,1.93098449312969
9,48,18,6.36213481349844
9,49,0,-14.2046179398361
9,50,4,-9.26782627773463
9,51,-7,-14.659062382524
9,52,-8,-2.86075072049371
9,53,-3,5.84568308124996
9,54,7,10.7515220115132
9,55,0,3.04712973856924
9,56,-7,5.05881747776088
9,57,-4,13.9640091520197
9,58,7,13.3355336671091
9,59,15,4.06497636483802
9,60,-11,-12.8441282978773
9,61,7,2.56012520578238
9,62,-21,-9.69016759348646
9,63,0,20.1594756932064
9,64,3,14.7077704936661
9,65,11,10.3744047323351
9,66,29,-2.96992991785936
9,67,-7,-31.9881790679354
9,68,-33,-15.9192376966282
9,69,-3,19.2542707251365
9,70,7,15.6869183892769
9,71,0,8.36872037495319
9,72,14,14.6232920436317
9,73,0,-7.01024860669274
9,74,29,-3.32844529922812
9,75,-32,-32.6121644005076
9,76,21,9.71393513652163
9,77,15,-28.3917082582327
9,78,-26,-30.713460248348
9,79,-7,10.3350505123749
9,80,11,12.0810914001074
9,81,-11,-1.4497621305655
9,82,-3,21.6192135526032
9,83,-8,20.7956374160883
9,84,-3,17.3863471864606
9,85,14,25.4747253506191
9,86,-3,5.48387088040824
9,87,25,3.50672539451242
9,88,-28,-26.7285657830695
9,89,-8,14.8739407011361
9,90,0,13.156416064021
9,91,7,13.1383094184539
9,92,0,5.34039999710992
9,93,11,8.30902762759779
9,94,-4,-8.29534823731246
9,95,7,0.0024665962740098
9,96,0,-6.39229323167649
9,97,-25,-9.97201277293805
9,98,7,21.8968933818263
9,99,22,8.36148103369441
9,100,-4,-13.1110229886368
9,101,-3,-0.46733150187212
9,102,-22,-0.337478496793038
9,103,0,21.437307077427
9,104,0,19.9238411055666
9,105,0,19.1273831784702
9,106,4,12.2907050497528
9,107,-4,8.60281774065695
9,108,21,13.3002879874896
9,109,-17,-15.7860515679917
9,110,-4,8.6956475343326
9,111,4,4.27441186780941
9,112,18,1.3568599404335
9,113,-22,-16.1674557934844
9,114,4,16.7863248401914
9,115,-7,1.69586511004648
9,116,10,13.257354967965
9,117,0,3.88800412116161
9,118,-3,1.50412013812716
9,119,-7,2.5233292421755
9,120,3,12.6209734970609
9,121,-3,7.64001860775364
9,122,18,8.35124007301672
9,123,-11,-12.7765823513787
9,124,-4,4.17298011323873
9,125,-15,-9.30449242267697
9,126,0,11.7292660763856
9,127,11,7.67639787901318
9,128,-7,-3.77922048998774
9,129,14,8.01745334062303
9,130,-8,-11.4066587982791
9,131,-6,-0.0617956561225985
9,132,18,8.68832975612373
9,133,0,-13.5928957761814
9,134,7,-9.79021207879746
9,135,-21,-14.2231409096203
9,136,-5,13.0173912157989
9,137,-6,13.1504102692639
9,138,11,24.042062215834
9,139,-11,5.5293822816842
9,140,-4,20.4821591666394
9,141,7,19.780531319748
9,142,8,7.54571221456898
9,143,18,-0.711368333932896
9,144,-11,-24.1607915789108
9,145,-15,-6.8372090105927
9,146,11,8.76937657445452
9,147,0,-3.89183486635578
9,148,-18,0.538913983560136
9,149,11,22.9706079921933
9,150,18,2.61764179329861
9,151,-18,-12.6911697982501
9,152,14,16.6556888400426
9,153,8,-13.2480579189561
9,154,-4,-18.4646709680259
9,155,-25,-3.40181943344317
9,156,11,22.7997563967195
9,157,0,-0.837763435277267
9,158,0,11.7939226123798
9,159,0,11.3974622000778
9,160,-4,3.56402114727888
9,161,18,10.3539421178872
9,162,-7,-10.3840294249997
9,163,-11,-0.160401273076709
9,164,-11,7.09448257629549
9,165,-3,20.5904335968281
9,166,3,21.028621191798
9,167,-7,17.2678096547635
9,168,0,21.6553615202486
9,169,4,15.7638659065209
9,170,18,10.9794623992699
9,171,0,-13.4955175630716
9,172,-11,-10.6830201616726
9,173,0,0.00901473061723124
9,174,-4,-1.01197281538595
9,175,29,7.66488697462279
9,176,-4,-26.1399816929858
9,177,-21,-11.855492316223
9,178,3,12.3207783686939
9,179,11,5.86426454016833
9,180,-18,-4.58089774304074
9,181,0,21.2581437534268
9,182,-7,11.4552435482675
9,183,0,19.039633767718
9,184,4,22.5803806115554
9,185,7,10.6954613234685
9,186,0,-3.35627672977189
9,187,29,1.05371117287094
9,188,-4,-33.675752523814
9,189,-32,-21.664004247865
9,190,0,17.6272297912929
9,191,0,8.77501148114973
9,192,0,14.486971047831
9,193,7,18.3101245045799
9,194,-4,4.71753956574821
9,195,-3,8.29083522103584
9,196,10,14.8186241372053
9,197,8,-4.40703419048661
9,198,3,-14.9651740409983
9,199,-11,-12.3114885823637
9,200,-10,1.4274436881853
9,201,3,12.0252431902529
9,202,11,9.30172461569542
9,203,7,-2.87361636456078
9,204,-7,-8.22946150244962
9,205,11,2.00791902131175
9,206,-7,-12.60794563173
9,207,3,1.0241945227261
9,208,-3,-5.14146593304351
9,209,7,-0.181181135702028
9,210,-7,-6.17425325996043
9,211,-11,8.04095923329277
9,212,0,-0.20582968211896
9,213,-10,3.87338342728337
9,214,-4,13.1145962953085
9,215,34,11.895575630223
9,216,9,-26.5312484343204
9,217,-25,-27.2970418277489
9,218,22,3.35534561168379
9,219,-33,-28.7510818907647
9,220,4,25.1184914594661
9,221,-4,13.5867924513298
9,222,7,15.8525604752688
9,223,0,2.60468539679301
9,224,7,1.20941604397867
9,225,-14,-8.97956727096534
9,226,39,13.3230578752317
9,227,-39,-37.0978618922868
9,228,36,20.3180043649085
9,229,-8,-31.0487326478656
9,230,-32,-7.64398710916232
9,231,7,28.9320514353507
9,232,3,10.1844677987126
9,233,11,8.82885926996642
9,234,-1,-1.00805904703996
9,235,5,-0.659124015351643
9,236,-4,-9.37873697859677
9,237,-21,1.11096936823383
9,238,18,23.9762382383095
9,239,3,-5.33344915697541
9,240,-11,-1.2489206800498
9,241,0,13.5851401406419
9,242,11,8.18919945840791
9,243,-7,-5.81323520568143
9,244,-7,9.53146276828153
9,245,3,10.5108308084063
9,246,0,1.63037726134066
9,247,22,9.32604699519671
9,248,-25,-18.0637666883805
9,249,11,14.1446484468453
9,250,-8,-5.65619245536164
9,251,-3,10.4741140408198
9,252,34,10.5259298526109
9,253,-28,-30.1030868145664
9,254,-3,12.5669813330304
9,255,11,9.21453656396846
9,256,31,-3.18203985247689
9,257,-45,-36.8959011071926
9,258,18,30.7617825499944
9,259,-7,-12.5556559808446
9,260,3,8.63217760277851
9,261,-14,10.8430324655984
9,262,11,18.5441540229635
9,263,-8,-1.49012759899718
9,264,-3,18.8886369873011
9,265,3,17.6825062125744
9,266,4,2.53281824705253
9,267,-14,3.8201988638984
9,268,28,19.1167030901662
9,269,-21,-20.4773802545636
9,270,3,12.0524446089492
9,271,-3,4.20262777123444
9,272,-4,5.91270804951928
9,273,7,10.9632534368409
9,274,-3,4.02958737918158
10,1,-7,1.44796646376064
10,2,18,14.0545596461131
10,3,0,-12.3223477478082
10,4,-11,-5.74537803370007
10,5,7,8.40563232045748
10,6,11,-5.62719941638128
10,7,3,-12.3856220754859
10,8,-10,-12.0562996572888
10,9,14,2.03919999537519
10,10,-26,-17.7801305176025
10,11,-3,21.3563767837577
10,12,15,21.678600525167
10,13,7,-2.23711435421323
10,14,-11,-2.08978005614638
10,15,11,8.81296330823796
10,16,-11,-6.94394135103538
10,17,-4,8.28825507637356
10,18,8,13.4639704756831
10,19,-11,-0.51614881701872
10,20,3,16.3568303731543
10,21,8,6.59756777253542
10,22,-11,-1.11378347530005
10,23,-4,15.0761538176622
10,24,11,13.6012509217756
10,25,-4,-1.10542437327062
10,26,-14,6.51167733899291
10,27,18,21.6115170512794
10,28,-7,-6.8719615318912
10,29,-11,7.1272472728665
10,30,11,19.8577537708917
10,31,3,-1.19945339385938
10,32,-10,0.114107866922359
10,33,24,12.1174922043449
10,34,-6,-20.6479446306693
10,35,-5,-6.34596299417752
10,36,5,0.389338561002557
10,37,-4,-7.97128597837141
10,38,-11,3.28227802240849
10,39,7,14.3061981908758
10,40,4,5.0553657270158
10,41,-7,0.919171616622302
10,42,0,11.6026633511994
10,43,-4,8.37623146151049
10,44,-3,12.0423314306033
10,45,7,14.1090417710709
10,46,-4,3.48307643040403
10,47,18,9.16531779606109
10,48,0,-16.2975385499455
10,49,4,-10.3636767925761
10,50,-7,-12.8024288906276
10,51,-8,-4.60156738914748
10,52,-3,8.9123307208778
10,53,7,9.06926753824864
10,54,0,3.48714177173639
10,55,-7,4.2106637833483
10,56,-4,12.9059134054942
10,57,7,14.3133830437281
10,58,15,4.47554139951209
10,59,-11,-12.2806677181557
10,60,7,4.77798309487591
10,61,-21,-9.02024079470349
10,62,0,19.2447081010815
10,63,3,17.2978291934954
10,64,11,9.90664165873541
10,65,29,0.249289428227172
10,66,-7,-38.2132852324154
10,67,-33,-16.2857685563203
10,68,-3,21.8860997276247
10,69,7,16.3419514010479
10,70,0,11.7615262023437
10,71,14,13.9638047602931
10,72,0,-7.3354027139652
10,73,29,-5.25634826249544
10,74,-32,-39.1324374741425
10,75,21,12.2117206916834
10,76,15,-21.1362480231958
10,77,-26,-37.3435246363602
10,78,-7,13.4082325302384
10,79,11,7.68851005472921
10,80,-11,-0.217868867798916
10,81,-3,18.3249796295916
10,82,-8,19.3218493742745
10,83,-3,24.8508702974154
10,84,14,22.9218962407763
10,85,-3,3.75439263828788
10,86,25,10.735236063106
10,87,-28,-27.3595192129761
10,88,-8,14.1038676397374
10,89,0,18.6178345262817
10,90,7,11.3600870577148
10,91,0,10.3867440209588
10,92,11,4.89355355300618
10,93,-4,-6.71844411073161
10,94,7,-2.29499953556613
10,95,0,-8.19304950022513
10,96,-25,-6.36840243035709
10,97,7,25.8841708193466
10,98,22,7.35558550573193
10,99,-4,-14.9986465437712
10,100,-3,-1.10248545872974
10,101,-22,-1.6781859310621
10,102,0,24.6983662679415
10,103,0,19.6148643322886
10,104,0,19.7032056726541
10,105,4,19.5225981262729
10,106,-4,5.70259807372134
10,107,21,12.9411564409685
10,108,-17,-16.1187859564714
10,109,-4,10.9665166391581
10,110,4,10.2311578634704
10,111,18,-0.627803123531662
10,112,-22,-15.0461982806489
10,113,4,14.5665374133933
10,114,-7,5.22961745140682
10,115,10,11.1020593576524
10,116,0,3.5090221486486
10,117,-3,1.98046953410599
10,118,-7,7.25666393262536
10,119,3,9.31579507215583
10,120,-3,8.27854803892125
10,121,18,11.0906256594362
10,122,-11,-12.5604175910327
10,123,-4,4.39419442069277
10,124,-15,-11.7746233891688
10,125,0,12.9797590001149
10,126,11,6.09377015999184
10,127,-7,-4.84449411622788
10,128,14,9.15121678348814
10,129,-8,-12.2042710457462
10,130,-6,1.56975999387696
10,131,18,8.21139530841632
10,132,0,-16.4900338248585
10,133,7,-6.13494739291016
10,134,-21,-16.8817520116245
10,135,-5,12.6970463742764
10,136,-6,15.8275469273338
10,137,11,20.575838252122
10,138,-11,10.0429183657214
10,139,-4,19.8031044921806
10,140,7,21.4338586947312
10,141,8,6.25894793275165
10,142,18,1.11159744369162
10,143,-11,-22.6714865332101
10,144,-15,-4.64543351138631
10,145,11,10.3294371716341
10,146,0,-6.67453441962355
10,147,-18,2.73710456776002
10,148,11,23.8706282699472
10,149,18,2.35973776741182
10,150,-18,-15.6469719287837
10,151,14,14.737182179142
10,152,8,-10.1068556997381
10,153,-4,-17.3595845640289
10,154,-25,-5.46843486104716
10,155,11,23.4522565199602
10,156,0,4.70649419535365
10,157,0,6.12411446347195
10,158,0,11.9615855575726
10,159,-4,5.41741821999017
10,160,18,10.9056863609137
10,161,-7,-13.954905201652
10,162,-11,2.74520862501737
10,163,-11,12.3090500531816
10,164,-3,18.9429364139202
10,165,3,23.6920945515628
10,166,-7,16.4216234585822
10,167,0,25.0815302016617
10,168,4,17.1618150102681
10,169,18,9.52327712409964
10,170,0,-11.5797355957321
10,171,-11,-9.13671543964058
10,172,0,3.78730801043703
10,173,-4,-1.47731431014165
10,174,29,8.03720967164101
10,175,-4,-27.3787092879835
10,176,-21,-13.2359717019016
10,177,3,13.5886186147433
10,178,11,1.42408691587232
10,179,-18,-3.07044247705478
10,180,0,22.1916446502036
10,181,-7,14.3561070118534
10,182,0,19.5364525938952
10,183,4,19.6377861446753
10,184,7,12.2199852816594
10,185,0,2.86960380576031
10,186,29,-1.09354858889507
10,187,-4,-35.0475151974082
10,188,-32,-20.8194124147312
10,189,0,20.4137293700009
10,190,0,9.17077639902367
10,191,0,15.296508287674
10,192,7,16.7047494496139
10,193,-4,4.60118382663881
10,194,-3,9.68544618621613
10,195,10,10.2034762161221
10,196,8,-1.40156688286423
10,197,3,-9.86422935759908
10,198,-11,-13.4043795596744
10,199,-10,1.99846685029776
10,200,3,12.7317490135782
10,201,11,7.81984649826914
10,202,7,-2.12929620597895
10,203,-7,-8.80811181360968
10,204,11,0.956970718188621
10,205,-7,-14.2446143396866
10,206,3,0.365580650513313
10,207,-3,-2.3364350993893
10,208,7,0.0209988095320315
10,209,-7,-5.91236794627191
10,210,-11,3.97905355471157
10,211,0,0.981970912031882
10,212,-10,1.25212071586779
10,213,-4,14.5344565546053
10,214,34,13.600904798217
10,215,9,-28.6302038842422
10,216,-25,-27.7164572368522
10,217,22,6.36484500308405
10,218,-33,-31.0558834197036
10,219,4,24.0195789980107
10,220,-4,14.8393415446676
10,221,7,16.1604124304265
10,222,0,3.547734804375
10,223,7,0.742399990923096
10,224,-14,-6.75886559778115
10,225,39,11.9496226315014
10,226,-39,-37.9689837751097
10,227,36,21.8476484782623
10,228,-8,-30.8614395954918
10,229,-32,-14.3578098833049
10,230,7,37.4915884114202
10,231,3,10.9310033209215
10,232,11,8.31566623943824
10,233,-1,-3.04804680661409
10,234,5,0.740567100536355
10,235,-4,-7.63018440378914
10,236,-21,-2.15487287524429
10,237,18,26.9386040151016
10,238,3,-3.52561703557689
10,239,-11,-1.20485083937916
10,240,0,14.1488858009545
10,241,11,6.43231718603885
10,242,-7,-4.09771495921128
10,243,-7,7.35994987540859
10,244,3,14.5280411758291
10,245,0,4.76200678734735
10,246,22,6.5306694447048
10,247,-25,-19.4274413323529
10,248,11,17.4249553260582
10,249,-8,-4.69144777691265
10,250,-3,6.88850839240817
10,251,34,15.9626618916297
10,252,-28,-34.6878299742689
10,253,-3,16.3638444167953
10,254,11,7.78902195794054
10,255,31,-6.56460011688774
10,256,-45,-33.2185805212027
10,257,18,26.597580587999
10,258,-7,-5.36758565897546
10,259,3,2.59917719435577
10,260,-14,10.9352924921011
10,261,11,19.4868847956365
10,262,-8,5.76548140416945
10,263,-3,10.632549391616
10,264,3,20.2735085571484
10,265,4,7.55301864072946
10,266,-14,3.87739963547105
10,267,28,19.6401529779252
10,268,-21,-19.2295486850687
10,269,3,13.1599752295256
10,270,-3,5.41320755666393
10,271,-4,5.01190243117374
10,272,7,15.948807307858
10,273,-3,-0.83952084569072
10,274,26,9.82488482411601
11,1,7,10.2044827062633
11,2,11,-4.75451564892604
11,3,3,-15.1138951927209
11,4,-10,-10.741146502568
11,5,14,0.966443352164614
11,6,-26,-22.1225701403259
11,7,-3,25.5943802117176
11,8,15,25.3192147618059
11,9,7,-6.19674282840317
11,10,-11,-1.46956485262516
11,11,11,14.9315438929895
11,12,-11,-9.02495536414541
11,13,-4,9.10200445401485
11,14,8,19.7930656381197
11,15,-11,-4.970675780799
11,16,3,15.7151005868882
11,17,8,11.8986242225654
11,18,-11,-1.66678287041512
11,19,-4,16.8719496109522
11,20,11,18.7168962454482
11,21,-4,-3.91019501191559
11,22,-14,8.30311863989628
11,23,18,26.6604848553143
11,24,-7,-10.0700215582682
11,25,-11,8.42704154009014
11,26,11,26.3783520050717
11,27,3,-3.80114578765411
11,28,-10,-1.26189444461414
11,29,24,18.8994625382775
11,30,-6,-23.9676947220296
11,31,-5,-9.88261532843004
11,32,5,6.22311831921226
11,33,-4,-11.121521874005
11,34,-11,0.204758103713916
11,35,7,19.6254532894119
11,36,4,3.45458561713569
11,37,-7,-0.777708697124748
11,38,0,18.0418795699761
11,39,-4,8.99214600349428
11,40,-3,12.1869284848437
11,41,7,18.6423446401535
11,42,-4,4.11251601879871
11,43,18,8.36464415581977
11,44,0,-14.9954910892232
11,45,4,-10.7281596882145
11,46,-7,-13.3102114534607
11,47,-8,-5.10458743297069
11,48,-3,7.81485563194297
11,49,7,9.87859933895659
11,50,0,2.79719296118415
11,51,-7,4.43841423452443
11,52,-4,16.7008535906505
11,53,7,16.4556459478722
11,54,15,6.76912031180979
11,55,-11,-12.1325523687518
11,56,7,4.82604766328316
11,57,-21,-9.92991648609765
11,58,0,20.8776478328582
11,59,3,20.8010182713904
11,60,11,9.60039618976427
11,61,29,-1.14807771745902
11,62,-7,-38.3251153275806
11,63,-33,-16.6282623321107
11,64,-3,25.3830035621288
11,65,7,17.506020016347
11,66,0,8.52280236863628
11,67,14,17.2491654728483
11,68,0,-9.38932717034493
11,69,29,-6.01509480176758
11,70,-32,-34.0329943125745
11,71,21,14.1174022668226
11,72,15,-26.3911572454019
11,73,-26,-44.4870211505798
11,74,-7,14.6083617539011
11,75,11,9.40436305984966
11,76,-11,-6.18458046515074
11,77,-3,23.9919447091608
11,78,-8,26.6643880087399
11,79,-3,19.7705676483743
11,80,14,30.4198600506143
11,81,-3,9.92462193494315
11,82,25,8.94391908595048
11,83,-28,-27.9066549618341
11,84,-8,16.5504903304815
11,85,0,21.2972023838016
11,86,7,11.1255812013802
11,87,0,9.51826854868271
11,88,11,7.77110142570633
11,89,-4,-8.30295532266198
11,90,7,-0.84214700095341
11,91,0,-2.96443956885795
11,92,-25,-9.82624940938361
11,93,7,26.4947664270736
11,94,22,8.18465263492082
11,95,-4,-18.003003321433
11,96,-3,1.10795754036529
11,97,-22,0.849506808131391
11,98,0,23.7718996728075
11,99,0,25.2488220439738
11,100,0,22.8091066732093
11,101,4,17.5988479267175
11,102,-4,8.02230998975459
11,103,21,17.2464238186458
11,104,-17,-13.8510658899793
11,105,-4,12.8243807800911
11,106,4,10.2523603176848
11,107,18,-2.05677601898183
11,108,-22,-16.7210866692005
11,109,4,18.1473652294601
11,110,-7,4.42272768292653
11,111,10,10.657018226882
11,112,0,9.02177936861462
11,113,-3,1.67579080755419
11,114,-7,5.45471246638318
11,115,3,12.6821520567967
11,116,-3,11.5066179313817
11,117,18,11.1789423649627
11,118,-11,-12.7857853126398
11,119,-4,3.69265524303353
11,120,-15,-13.6419717451158
11,121,0,13.8951758580177
11,122,11,8.00729223376446
11,123,-7,-5.39841056266664
11,124,14,11.2687807518953
11,125,-8,-11.4493927584036
11,126,-6,-1.68772762113572
11,127,18,12.1877261611809
11,128,0,-16.4083622312897
11,129,7,-10.1505666570974
11,130,-21,-15.9731881730114
11,131,-5,12.5171773287461
11,132,-6,16.3358715046434
11,133,11,24.7849239161766
11,134,-11,9.68616505310185
11,135,-4,21.8358789513632
11,136,7,25.7649108221023
11,137,8,9.11099467258608
11,138,18,4.48111782165614
11,139,-11,-23.7793089298466
11,140,-15,-6.78027356782695
11,141,11,11.3240734364208
11,142,0,-6.43166705802228
11,143,-18,0.740223782588306
11,144,11,26.8792377891049
11,145,18,0.937858045266354
11,146,-18,-16.9292256699649
11,147,14,22.8682808457242
11,148,8,-11.0492316123095
11,149,-4,-23.8644735863986
11,150,-25,-1.21094105934561
11,151,11,26.1211993775676
11,152,0,-1.13142880845335
11,153,0,8.66812809954193
11,154,0,17.3068090966401
11,155,-4,3.26251059638764
11,156,18,12.7724391526807
11,157,-7,-9.80426638514238
11,158,-11,2.7925048341599
11,159,-11,11.484082261118
11,160,-3,20.9199501172176
11,161,3,25.4157496045563
11,162,-7,20.3064444497243
11,163,0,26.9897491358482
11,164,4,19.6837182886363
11,165,18,14.4483761536042
11,166,0,-10.1331896064645
11,167,-11,-9.03103472919083
11,168,0,3.29751920685863
11,169,-4,-2.29113064933955
11,170,29,8.44139550493529
11,171,-4,-29.410786860932
11,172,-21,-16.6189280169036
11,173,3,15.4292970063488
11,174,11,3.4746957688212
11,175,-18,-4.46603425141016
11,176,0,26.2956812421175
11,177,-7,13.9667033265122
11,178,0,18.0960672353636
11,179,4,28.993099955352
11,180,7,15.6321837275855
11,181,0,0.0845683982230376
11,182,29,1.9391702271096
11,183,-4,-35.4821305565476
11,184,-32,-24.3560154275895
11,185,0,23.4411787992802
11,186,0,7.14168464881148
11,187,0,13.238849022631
11,188,7,21.8446812420078
11,189,-4,4.27567326683369
11,190,-3,9.20544169471077
11,191,10,19.6785831032431
11,192,8,0.143134819376185
11,193,3,-13.8726624845402
11,194,-11,-13.3858782905649
11,195,-10,1.0856231600862
11,196,3,13.2188690449061
11,197,11,9.52937502888231
11,198,7,-2.9868486945836
11,199,-7,-9.68373838894505
11,200,11,2.06143454076008
11,201,-7,-13.7670577103981
11,202,3,1.64457805617711
11,203,-3,-2.34046253206069
11,204,7,-2.93935871788484
11,205,-7,-7.56707232047402
11,206,-11,6.57544377863291
11,207,0,0.103492946579992
11,208,-10,3.94175309302337
11,209,-4,17.4531267997117
11,210,34,14.7585244741977
11,211,9,-28.9537282167304
11,212,-25,-30.0150423217027
11,213,22,6.98102236622715
11,214,-33,-36.0718749051664
11,215,4,24.7371288786674
11,216,-4,20.7709168758034
11,217,7,11.4689879689836
11,218,0,5.9752007304827
11,219,7,2.03133992708001
11,220,-14,-9.25646709228973
11,221,39,15.3356074873319
11,222,-39,-40.090099181364
11,223,36,20.1065374630307
11,224,-8,-30.3097436116312
11,225,-32,-18.6318485219073
11,226,7,41.6511102035906
11,227,3,10.1782926397687
11,228,11,8.68091591702872
11,229,-1,0.458767926510056
11,230,5,0.750948151958188
11,231,-4,-9.61205795831387
11,232,-21,0.346638228712093
11,233,18,30.8403589737416
11,234,3,-5.09944718343649
11,235,-11,-3.80251947197434
11,236,0,18.0812011322165
11,237,11,8.12748284887828
11,238,-7,-5.84757305816422
11,239,-7,13.0043692269709
11,240,3,15.9329278433773
11,241,0,0.759452077251953
11,242,22,10.3595841380483
11,243,-25,-18.2880207982931
11,244,11,16.5229110663726
11,245,-8,-3.66909649810687
11,246,-3,7.88473453837967
11,247,34,18.1485987491453
11,248,-28,-37.2427468414427
11,249,-3,14.3884742941573
11,250,11,13.3006881039813
11,251,31,-7.73372543969
11,252,-45,-38.0918935257362
11,253,18,33.781059330611
11,254,-7,-10.3156275981963
11,255,3,-0.237980575586921
11,256,-14,20.4639915796089
11,257,11,19.1965942438125
11,258,-8,0.424856817890237
11,259,-3,17.3922288566667
11,260,3,27.5139110588581
11,261,4,3.88355661817573
11,262,-14,6.21549784224098
11,263,28,23.892667523738
11,264,-21,-20.5030634058013
11,265,3,12.3504562994038
11,266,-3,10.4628903859512
11,267,-4,2.94837150677288
11,268,7,16.5141233390646
11,269,-3,3.11614910462947
11,270,26,8.12056104941385
11,271,10,-29.2777164218196
11,272,-25,-29.4303225820835
11,273,14,7.44592762843326
11,274,-36,-21.2080822635846
12,1,3,-13.4416663247715
12,2,-10,-12.458006608002
12,3,14,-2.46063755088795
12,4,-26,-21.7839549998663
12,5,-3,22.6058516297749
12,6,15,23.2247781095433
12,7,7,-4.41794182879667
12,8,-11,-0.966531800126241
12,9,11,9.07410067730403
12,10,-11,-10.1054103639627
12,11,-4,7.83457199740544
12,12,8,17.3308852349866
12,13,-11,-4.6522410606324
12,14,3,14.7430492933272
12,15,8,8.93742707947075
12,16,-11,-1.83947573267859
12,17,-4,14.6747934208155
12,18,11,15.1933599227671
12,19,-4,-2.98454387886395
12,20,-14,7.1668886971541
12,21,18,22.3047087702254
12,22,-7,-9.42750254341664
12,23,-11,7.71783428615596
12,24,11,22.1274246527562
12,25,3,-4.2490756154609
12,26,-10,-0.409436713497808
12,27,24,14.7007260761535
12,28,-6,-23.7190856477572
12,29,-5,-10.3828105890917
12,30,5,2.17938927883342
12,31,-4,-12.0270106690893
12,32,-11,0.855014276237432
12,33,7,16.1375435957187
12,34,4,3.28540639215608
12,35,-7,-0.525288768867563
12,36,0,14.5789796765401
12,37,-4,6.65813178703971
12,38,-3,11.2867654957999
12,39,7,16.8240457440826
12,40,-4,3.37257918488815
12,41,18,7.11381513308424
12,42,0,-15.8920848888127
12,43,4,-12.3835783329984
12,44,-7,-15.2278726582859
12,45,-8,-7.64896007726467
12,46,-3,6.96545157739399
12,47,7,8.87264455647043
12,48,0,3.43222748206079
12,49,-7,3.01403907232398
12,50,-4,13.3019156779158
12,51,7,14.1486951124447
12,52,15,6.56743364873046
12,53,-11,-11.8959995554991
12,54,7,1.667068331766
12,55,-21,-12.0455367182371
12,56,0,18.3344800420685
12,57,3,19.9588270045304
12,58,11,9.64695640660154
12,59,29,-0.40013095794847
12,60,-7,-39.2156066596536
12,61,-33,-19.9979368224803
12,62,-3,18.4922433479397
12,63,7,16.8497811064998
12,64,0,12.9329380446678
12,65,14,16.3654835173986
12,66,0,-11.4147309897128
12,67,29,-8.24482759572842
12,68,-32,-35.1414775498668
12,69,21,9.29835223362509
12,70,15,-26.0617464214887
12,71,-26,-42.14658501055
12,72,-7,11.8320012013456
12,73,11,4.34621855342392
12,74,-11,-2.6864685424045
12,75,-3,22.5797128067174
12,76,-8,22.4074899051292
12,77,-3,18.9336067415877
12,78,14,28.60386123081
12,79,-3,8.91617238883467
12,80,25,7.88071448915285
12,81,-28,-28.8388063968944
12,82,-8,11.8809191094475
12,83,0,18.3032420979625
12,84,7,11.474860124854
12,85,0,11.8689273623337
12,86,11,4.62792535486668
12,87,-4,-9.47530524426544
12,88,7,-3.51463970575588
12,89,0,-5.04919035048
12,90,-25,-10.5680852019596
12,91,7,23.4792301826388
12,92,22,7.37568195025301
12,93,-4,-14.8529744598942
12,94,-3,-1.16300778508101
12,95,-22,-4.3046039588277
12,96,0,20.9448939213124
12,97,0,24.8176834951798
12,98,0,22.9460499615712
12,99,4,17.3176422196754
12,100,-4,5.273861380723
12,101,21,14.6767677620151
12,102,-17,-14.3983649934265
12,103,-4,9.84039438720178
12,104,4,7.68160172736458
12,105,18,-2.19121613040178
12,106,-22,-14.5054965220646
12,107,4,13.1984140037306
12,108,-7,2.30813159225536
12,109,10,10.0326770860913
12,110,0,9.01850556179883
12,111,-3,-0.334781418685507
12,112,-7,3.88177913629374
12,113,3,9.42227711092121
12,114,-3,10.8768298680068
12,115,18,10.2612144565022
12,116,-11,-12.7413589227078
12,117,-4,1.058047790144
12,118,-15,-14.0660725520616
12,119,0,11.0359689784496
12,120,11,5.35673037202458
12,121,-7,-4.35519301041603
12,122,14,9.67758784040119
12,123,-8,-13.2674242902708
12,124,-6,-3.12368313577155
12,125,18,9.43704746472218
12,126,0,-16.3121041914069
12,127,7,-9.57015709012238
12,128,-21,-18.6548494844386
12,129,-5,8.77701916179891
12,130,-6,15.2681109897834
12,131,11,23.9885973039489
12,132,-11,11.0039541988264
12,133,-4,18.6322930780299
12,134,7,22.6009230960917
12,135,8,7.92214918062987
12,136,18,4.32101593377833
12,137,-11,-24.7013793601016
12,138,-15,-9.90537720007723
12,139,11,7.49848415005717
12,140,0,-5.84242621858014
12,141,-18,2.22153829297611
12,142,11,22.8641038847644
12,143,18,-0.0407024418500033
12,144,-18,-15.1337476209001
12,145,14,18.1082580255546
12,146,8,-13.3721692655593
12,147,-4,-22.3803616078702
12,148,-25,-3.41743916438447
12,149,11,20.8457314445688
12,150,0,0.756336083553363
12,151,0,9.11634820307805
12,152,0,14.9749376628895
12,153,-4,0.659075610521591
12,154,18,11.2251308651488
12,155,-7,-10.5484490671805
12,156,-11,1.14360210349627
12,157,-11,8.31772505878573
12,158,-3,18.4895955613435
12,159,3,25.8906694130977
12,160,-7,19.5510172716773
12,161,0,24.9145822294638
12,162,4,17.1628402317195
12,163,18,12.7723003135209
12,164,0,-10.1060182930407
12,165,-11,-11.3587235539007
12,166,0,-0.288054653880451
12,167,-4,-3.6266267610956
12,168,29,8.69527154739071
12,169,-4,-27.6695556926625
12,170,-21,-18.3705581531931
12,171,3,9.97591216658486
12,172,11,1.57994140135094
12,173,-18,-1.35935507236436
12,174,0,23.0817989667325
12,175,-7,11.2339772276636
12,176,0,17.539083036037
12,177,4,27.204240093275
12,178,7,13.8401476807539
12,179,0,-0.0756981235111471
12,180,29,-0.929020154236604
12,181,-4,-35.2412508680701
12,182,-32,-25.9737063067792
12,183,0,17.4399167442919
12,184,0,6.37215909627594
12,185,0,16.6168959538622
12,186,7,20.5595144823552
12,187,-4,2.03479121501755
12,188,-3,7.20670648322032
12,189,10,15.7640103879967
12,190,8,-0.351676235617058
12,191,3,-13.3086486818451
12,192,-11,-15.5294853786488
12,193,-10,-2.00701554406985
12,194,3,11.2996963981076
12,195,11,9.6380406176622
12,196,7,-1.93193353944654
12,197,-7,-11.033585862374
12,198,11,-1.69646980018803
12,199,-7,-15.1130818882256
12,200,3,0.3137195118278
12,201,-3,-3.42142784050294
12,202,7,-4.02714379867672
12,203,-7,-7.47967222727191
12,204,-11,3.90176894805622
12,205,0,1.05220993416584
12,206,-10,1.52024756772249
12,207,-4,13.762959832808
12,208,34,12.7175067444935
12,209,9,-26.2876008929629
12,210,-25,-30.2270851630936
12,211,22,0.476207356629459
12,212,-33,-36.4760358279945
12,213,4,23.9032231169683
12,214,-4,19.1074140897641
12,215,7,11.6247705282882
12,216,0,4.15953793736861
12,217,7,-0.700581717877798
12,218,-14,-9.41851861597998
12,219,39,12.4053532592076
12,220,-39,-38.3015946748764
12,221,36,16.3829781495654
12,222,-8,-30.643457005324
12,223,-32,-19.2873129957775
12,224,7,37.8204623937037
12,225,3,8.17332038798377
12,226,11,9.43247562090628
12,227,-1,0.0799778606507502
12,228,5,-1.64211350248769
12,229,-4,-11.4572830981134
12,230,-21,-2.03948755262621
12,231,18,27.6995949838357
12,232,3,-4.12889799911652
12,233,-11,-2.63409551294052
12,234,0,14.1750675875647
12,235,11,4.8490985239501
12,236,-7,-4.43849946150913
12,237,-7,10.437192323151
12,238,3,12.8169590542046
12,239,0,0.656655383027589
12,240,22,9.58760956004495
12,241,-25,-18.4633381963048
12,242,11,12.6935143412294
12,243,-8,-5.58917421162177
12,244,-3,6.93061870333107
12,245,34,17.5554694854583
12,246,-28,-36.4643796802662
12,247,-3,11.7933184868213
12,248,11,8.07163262907028
12,249,31,-6.76416952386279
12,250,-45,-33.6710281427064
12,251,18,25.1870798575289
12,252,-7,-11.3736622100495
12,253,3,0.950201266744507
12,254,-14,19.608865436158
12,255,11,14.7773789373817
12,256,-8,2.04323059778767
12,257,-3,14.3533486729083
12,258,3,24.9017306412388
12,259,4,3.0028534555323
12,260,-14,5.78499639651313
12,261,28,20.1207117620347
12,262,-21,-19.7071919038054
12,263,3,10.1349807622288
12,264,-3,7.34314877738512
12,265,-4,1.8880667886283
12,266,7,16.7476158983268
12,267,-3,0.774906513297501
12,268,26,7.50750741972464
12,269,10,-29.2369701822284
12,270,-25,-30.8001214425708
12,271,14,2.53086845634167
12,272,-36,-22.4697138180736
12,273,14,33.6678694345919
12,274,29,14.342065711522
13,1,-10,-12.2515961994091
13,2,14,1.08296473476889
13,3,-26,-20.3659877728631
13,4,-3,27.8853806279042
13,5,15,22.6861557777348
13,6,7,-5.57404509505284
13,7,-11,-3.89053850261686
13,8,11,11.3611160658572
13,9,-11,-10.2599142128561
13,10,-4,11.8961000488861
13,11,8,16.3294464696411
13,12,-11,-4.53234394886553
13,13,3,16.559853447242
13,14,8,8.65687405910534
13,15,-11,-3.05741618453914
13,16,-4,16.5210243439298
13,17,11,15.8370792990532
13,18,-4,-4.06537285634432
13,19,-14,7.68666706860006
13,20,18,23.9801745424865
13,21,-7,-10.8357555214599
13,22,-11,9.1342683118885
13,23,11,22.5777923598691
13,24,3,-4.32511474821589
13,25,-10,-0.612306769722117
13,26,24,15.7681436834198
13,27,-6,-26.3868656063696
13,28,-5,-6.82494972758629
13,29,5,3.47714111967724
13,30,-4,-9.84215357075924
13,31,-11,2.7576080659294
13,32,7,18.416765140448
13,33,4,2.21172145260806
13,34,-7,-0.0625899479189833
13,35,0,14.555382042563
13,36,-4,7.38562490195934
13,37,-3,12.7325158498444
13,38,7,16.5556582010565
13,39,-4,1.74342106651295
13,40,18,8.04386688620896
13,41,0,-18.0409225805155
13,42,4,-10.9413192674331
13,43,-7,-14.099821135878
13,44,-8,-3.1645966179861
13,45,-3,9.60762677097763
13,46,7,10.8613024984139
13,47,0,1.52852876496483
13,48,-7,3.46151661759811
13,49,-4,14.2492074020832
13,50,7,15.7074739368253
13,51,15,5.03651623140782
13,52,-11,-14.7818482470668
13,53,7,4.06986344163432
13,54,-21,-10.5990897257767
13,55,0,23.8309601688154
13,56,3,19.0332932671871
13,57,11,9.22012195956616
13,58,29,-3.80608975217323
13,59,-7,-42.0733175944576
13,60,-33,-17.2060542180532
13,61,-3,27.8213821970202
13,62,7,19.8086460877118
13,63,0,10.9718565698655
13,64,14,13.1259037101626
13,65,0,-13.4934159602314
13,66,29,-5.71787490674208
13,67,-32,-38.5337952471928
13,68,21,16.0915518561074
13,69,15,-26.5698286053215
13,70,-26,-39.3930182336895
13,71,-7,15.4457671579033
13,72,11,9.79603895875545
13,73,-11,-3.19461109025607
13,74,-3,23.5729187483478
13,75,-8,20.0576380479906
13,76,-3,21.7330550247212
13,77,14,27.9023579044026
13,78,-3,4.11621201839143
13,79,25,7.23732999679992
13,80,-28,-31.2914479533759
13,81,-8,18.2551869861683
13,82,0,20.6546619472801
13,83,7,13.3375691316496
13,84,0,7.83111419885102
13,85,11,4.68401369490519
13,86,-4,-11.2231761367776
13,87,7,0.027909127080151
13,88,0,-6.47009452384227
13,89,-25,-8.26652163113512
13,90,7,28.4281036753262
13,91,22,7.73913370780641
13,92,-4,-18.5618769533202
13,93,-3,-1.41370965480673
13,94,-22,-2.11175368948505
13,95,0,27.5419313801327
13,96,0,24.5170120564736
13,97,0,20.4977156233321
13,98,4,15.1193766295598
13,99,-4,5.28772744013083
13,100,21,14.6175647807731
13,101,-17,-17.3095534706172
13,102,-4,12.6774874863572
13,103,4,9.48068775539483
13,104,18,-0.346491739643101
13,105,-22,-18.1282172327068
13,106,4,17.604830310602
13,107,-7,2.68035061705958
13,108,10,14.0561437645945
13,109,0,4.59046251346293
13,110,-3,0.246582936402916
13,111,-7,4.58533218777454
13,112,3,12.9867215231497
13,113,-3,9.30326380804693
13,114,18,11.0401117196014
13,115,-11,-16.0966137925429
13,116,-4,4.49811277741617
13,117,-15,-13.378066772766
13,118,0,13.8523345248519
13,119,11,7.4507657346075
13,120,-7,-5.67916589725104
13,121,14,10.2798753451437
13,122,-8,-14.9612316314502
13,123,-6,0.575863069006834
13,124,18,11.3110794085828
13,125,0,-17.8412511783087
13,126,7,-9.03217150671876
13,127,-21,-17.7200768861339
13,128,-5,14.7288468932815
13,129,-6,17.7919377872782
13,130,11,24.7217681027483
13,131,-11,6.45376353169625
13,132,-4,20.3589159824863
13,133,7,22.0460429508593
13,134,8,7.63515547595314
13,135,18,0.825395964890347
13,136,-11,-26.8549282481492
13,137,-15,-5.93463256729773
13,138,11,13.26729103024
13,139,0,-5.5316308805455
13,140,-18,1.74096626820056
13,141,11,25.3789907351608
13,142,18,-0.451622304649418
13,143,-18,-17.0830972786753
13,144,14,19.4364318054561
13,145,8,-14.0850529983163
13,146,-4,-20.1219554590042
13,147,-25,-2.48779201197918
13,148,11,26.5380056479118
13,149,0,0.903390842411762
13,150,0,9.45391526435557
13,151,0,11.6269856071339
13,152,-4,2.62757407213862
13,153,18,12.3322000807723
13,154,-7,-13.0399123485442
13,155,-11,1.84860818088783
13,156,-11,11.8600313264858
13,157,-3,22.2270094565223
13,158,3,25.2722476983848
13,159,-7,17.239398973106
13,160,0,23.8194702401371
13,161,4,17.1393795732614
13,162,18,11.2447013576293
13,163,0,-13.9177463998207
13,164,-11,-10.6092655708533
13,165,0,3.62278100279144
13,166,-4,-0.290721346158225
13,167,29,9.76220899847903
13,168,-4,-32.1250956273436
13,169,-21,-16.0544546589728
13,170,3,15.8558583504102
13,171,11,4.61809580923018
13,172,-18,-3.71839070484196
13,173,0,24.6547005218747
13,174,-7,11.4089156982502
13,175,0,20.5857799204067
13,176,4,24.4846094328424
13,177,7,11.3973001747411
13,178,0,-1.65908755965513
13,179,29,0.261163505294906
13,180,-4,-39.054639739274
13,181,-32,-22.1182773275044
13,182,0,24.9215659034934
13,183,0,10.3316350668401
13,184,0,16.1480196033922
13,185,7,17.5697015291102
13,186,-4,0.272132581642724
13,187,-3,9.15950501494001
13,188,10,16.0480302509289
13,189,8,-2.65605113227443
13,190,3,-13.6877600475962
13,191,-11,-14.5007751332192
13,192,-10,2.42448951931507
13,193,3,15.2239162492908
13,194,11,9.53017452035444
13,195,7,-4.70933826271717
13,196,-7,-11.85385936555
13,197,11,1.14416815241979
13,198,-7,-14.3558831339163
13,199,3,2.80578028254736
13,200,-3,-3.40917486966605
13,201,7,-1.18990454412592
13,202,-7,-7.59450488593556
13,203,-11,6.46719211682722
13,204,0,-1.43778081354963
13,205,-10,1.75797035818142
13,206,-4,15.3116997848987
13,207,34,15.0544048590759
13,208,9,-31.8075487375857
13,209,-25,-31.1727395089227
13,210,22,6.9022229950975
13,211,-33,-33.844938625897
13,212,4,31.2052740861279
13,213,-4,16.7028583160407
13,214,7,13.3774964766446
13,215,0,3.70242233561212
13,216,7,0.313731959862974
13,217,-14,-8.96621593003814
13,218,39,15.76340639166
13,219,-39,-43.8487044116817
13,220,36,24.97641831692
13,221,-8,-35.2895327575466
13,222,-32,-13.2166759379002
13,223,7,41.0832108365397
13,224,3,10.9322533192608
13,225,11,9.28355725682165
13,226,-1,-3.09229960125741
13,227,5,-1.63028811212159
13,228,-4,-10.0237717786614
13,229,-21,0.803260292402713
13,230,18,31.0398898163228
13,231,3,-6.16713040339743
13,232,-11,-3.20635597246184
13,233,0,15.2975392353843
13,234,11,6.71355626906151
13,235,-7,-5.41364877544178
13,236,-7,10.999903090479
13,237,3,13.5032372921997
13,238,0,2.63188622820547
13,239,22,9.18727063243578
13,240,-25,-22.487542059645
13,241,11,17.948120597211
13,242,-8,-5.4170651605857
13,243,-3,10.1749006718594
13,244,34,16.014319828418
13,245,-28,-39.8657769725359
13,246,-3,16.4712975002831
13,247,11,11.0692164919136
13,248,31,-6.68368221310624
13,249,-45,-39.1189527455593
13,250,18,33.2917975590913
13,251,-7,-11.8669276681447
13,252,3,6.94376414969734
13,253,-14,13.9087409771928
13,254,11,18.7750141416215
13,255,-8,0.104057465119928
13,256,-3,17.3825580501698
13,257,3,21.2925020444716
13,258,4,4.72665148661437
13,259,-14,3.99210399038402
13,260,28,22.595273466195
13,261,-21,-24.1106948819611
13,262,3,15.2039391045499
13,263,-3,6.32002765149201
13,264,-4,5.14951180022037
13,265,7,15.9856091893235
13,266,-3,0.441961223569418
13,267,26,6.99449512746232
13,268,10,-31.0394239583393
13,269,-25,-31.2880382205589
13,270,14,9.27284696392824
13,271,-36,-20.0911223443363
13,272,14,40.9255350135192
13,273,29,10.6272535789204
13,274,7,-31.2803262928494
14,1,-26,-16.8626248812365
14,2,-3,25.2380838693236
14,3,15,23.4733775448129
14,4,7,-3.76440678868611
14,5,-11,-4.80121289931072
14,6,11,15.8942280286777
14,7,-11,-6.44938562425325
14,8,-4,9.03550507766629
14,9,8,15.072061268095
14,10,-11,-3.79574249018135
14,11,3,15.5038954632517
14,12,8,12.981877775881
14,13,-11,-1.86833525563675
14,14,-4,14.8686610596146
14,15,11,18.4074533214177
14,16,-4,-3.98139109069651
14,17,-14,5.97944464789032
14,18,18,25.4689784902946
14,19,-7,-7.6875644382076
14,20,-11,6.7375008758679
14,21,11,23.3460711922421
14,22,3,-1.08505030114161
14,23,-10,-2.68609575466133
14,24,24,16.6671880622109
14,25,-6,-22.2546169215247
14,26,-5,-8.63772590184957
14,27,5,5.48613024525347
14,28,-4,-7.64112830705754
14,29,-11,-0.0391135060122227
14,30,7,19.8694877097018
14,31,4,4.48935247739524
14,32,-7,0.337735270659499
14,33,0,16.0859148418744
14,34,-4,9.75512236118323
14,35,-3,12.1209381901322
14,36,7,15.9387098723282
14,37,-4,2.4818210428964
14,38,18,7.87660174765884
14,39,0,-14.2678598540043
14,40,4,-10.5923036215008
14,41,-7,-13.0234316599711
14,42,-8,-1.97171497084936
14,43,-3,8.035634843185
14,44,7,11.4157923343503
14,45,0,2.02584893544032
14,46,-7,5.40991233638166
14,47,-4,17.3666080692398
14,48,7,17.4034771039583
14,49,15,4.4451039139941
14,50,-11,-15.2725772661551
14,51,7,4.19105610102493
14,52,-21,-6.2322390541284
14,53,0,22.3084628906447
14,54,3,17.8714740063525
14,55,11,9.24532763587337
14,56,29,-3.4374972501421
14,57,-7,-35.3699658579185
14,58,-33,-16.1292533431462
14,59,-3,28.5511081201805
14,60,7,19.7979006447475
14,61,0,4.145989766647
14,62,14,12.5891861604923
14,63,0,-5.23793775995813
14,64,29,-1.06845929673065
14,65,-32,-34.7714972095712
14,66,21,10.8751021959861
14,67,15,-24.6463667730315
14,68,-26,-38.9631377910435
14,69,-7,11.4723217793375
14,70,11,18.1584759549355
14,71,-11,-3.00973909001137
14,72,-3,20.722137707457
14,73,-8,24.178184433782
14,74,-3,22.8821060713188
14,75,14,28.5997302174977
14,76,-3,4.74246114130275
14,77,25,4.960109210391
14,78,-28,-26.3989782397825
14,79,-8,16.9385781145813
14,80,0,20.8984991618628
14,81,7,12.5363535194519
14,82,0,3.48684526187073
14,83,11,8.72150093802922
14,84,-4,-6.29466103490779
14,85,7,1.86977490594481
14,86,0,-5.88782439157219
14,87,-25,-10.1461487837894
14,88,7,26.187446036713
14,89,22,11.2108577652916
14,90,-4,-18.5456181883884
14,91,-3,-1.64715551199596
14,92,-22,4.50031623771944
14,93,0,27.5840892905713
14,94,0,22.5639109357077
14,95,0,17.3208935396104
14,96,4,14.5315027391484
14,97,-4,11.2914149516605
14,98,21,16.302360910356
14,99,-17,-15.7608444515751
14,100,-4,9.27084377953285
14,101,4,10.1340673054429
14,102,18,1.02156254547691
14,103,-22,-19.7714933488728
14,104,4,18.3604750511717
14,105,-7,7.50563986352554
14,106,10,13.9898542570423
14,107,0,3.0596509937198
14,108,-3,1.26564824633975
14,109,-7,6.04687664633562
14,110,3,15.9492184981586
14,111,-3,8.5744640775
14,112,18,9.20142636435699
14,113,-11,-13.7415769167605
14,114,-4,5.10906167917061
14,115,-15,-11.5699395871376
14,116,0,14.3091396495344
14,117,11,11.681869597458
14,118,-7,-5.5829531660905
14,119,14,8.05956278255402
14,120,-8,-10.4762621151599
14,121,-6,0.933015051376474
14,122,18,12.2107726579235
14,123,0,-15.5955231635201
14,124,7,-12.0482555145468
14,125,-21,-13.5876299366837
14,126,-5,16.2287457516729
14,127,-6,18.0013327442655
14,128,11,23.655802650497
14,129,-11,5.1654226181281
14,130,-4,22.7283821901827
14,131,7,25.7734944635973
14,132,8,9.43263040217031
14,133,18,-1.81563933013078
14,134,-11,-25.5702113918998
14,135,-15,-5.31614961682606
14,136,11,14.8716653393786
14,137,0,-4.71712375854692
14,138,-18,-2.87054758974231
14,139,11,26.6442255304394
14,140,18,5.9747858780656
14,141,-18,-16.1963978962936
14,142,14,17.9671637691056
14,143,8,-9.16242914898014
14,144,-4,-20.8426191470427
14,145,-25,-4.01420915561021
14,146,11,27.8090492411585
14,147,0,2.245483099249
14,148,0,8.20940452601076
14,149,0,12.3624083843501
14,150,-4,7.24973830491809
14,151,18,13.4003065340143
14,152,-7,-11.5133662566181
14,153,-11,-0.972478455742521
14,154,-11,12.6795877842407
14,155,-3,24.2456935878217
14,156,3,22.732890100233
14,157,-7,17.1836405048952
14,158,0,24.6107085345428
14,159,4,20.7256490550866
14,160,18,12.6103831001992
14,161,0,-14.5179762373832
14,162,-11,-11.0916101888538
14,163,0,4.59742883982687
14,164,-4,1.30761350194012
14,165,29,6.7479819897329
14,166,-4,-30.2959467951373
14,167,-21,-14.5772381958966
14,168,3,19.6419609269279
14,169,11,9.04100138685798
14,170,-18,-8.6354711595546
14,171,0,22.0812873211194
14,172,-7,16.9265514833419
14,173,0,21.9932333483779
14,174,4,24.1194213645536
14,175,7,11.710153205911
14,176,0,-1.58892741418775
14,177,29,2.64721940920575
14,178,-4,-36.0595741655273
14,179,-32,-24.0093647593755
14,180,0,24.6472216248723
14,181,0,13.0536939670266
14,182,0,11.0750074278978
14,183,7,17.5249706212615
14,184,-4,6.70436836595874
14,185,-3,12.2649829973199
14,186,10,18.0371987147801
14,187,8,-4.17316690843869
14,188,3,-16.18550083388
14,189,-11,-12.609944118495
14,190,-10,4.26511207119571
14,191,3,15.7684734119897
14,192,11,9.05655914385968
14,193,7,-5.42720763006008
14,194,-7,-9.02630693555855
14,195,11,5.17669100996822
14,196,-7,-11.0088602147407
14,197,3,0.15752143571286
14,198,-3,-4.11242744973661
14,199,7,-0.0117567077875229
14,200,-7,-6.10770883706095
14,201,-11,8.343314097876
14,202,0,-1.12612671466325
14,203,-10,4.04129330808919
14,204,-4,17.4916269776251
14,205,34,16.3399449537414
14,206,9,-31.1186579892097
14,207,-25,-33.2134446162246
14,208,22,9.40627429754841
14,209,-33,-26.3504028444165
14,210,4,23.7527494119463
14,211,-4,16.8578415696932
14,212,7,14.9119635181621
14,213,0,3.61551841412247
14,214,7,3.17482435500463
14,215,-14,-8.12081171783848
14,216,39,14.9113970791263
14,217,-39,-40.0284913769157
14,218,36,20.6948194653297
14,219,-8,-27.9659374514011
14,220,-32,-13.4138582895991
14,221,7,36.5550043795353
14,222,3,14.4925577115136
14,223,11,8.60029188646058
14,224,-1,-3.04704918084654
14,225,5,0.0688544151699642
14,226,-4,-6.43077876674892
14,227,-21,2.02136305079236
14,228,18,28.1341246835004
14,229,3,-4.71358513842373
14,230,-11,-5.02097506017672
14,231,0,17.1433033552341
14,232,11,12.492716349193
14,233,-7,-6.23501477824909
14,234,-7,9.09068350034404
14,235,3,14.6049943920348
14,236,0,4.24453231010853
14,237,22,8.7684192171548
14,238,-25,-20.3305468861723
14,239,11,16.8852691781657
14,240,-8,-0.582451228181778
14,241,-3,9.02341760829206
14,242,34,12.7488060929927
14,243,-28,-34.1171512155749
14,244,-3,13.3413334521662
14,245,11,17.3888465758394
14,246,31,-5.4080176581102
14,247,-45,-43.2494349753325
14,248,18,33.528785837394
14,249,-7,-4.08276518469548
14,250,3,5.26137235465561
14,251,-14,10.1299625929923
14,252,11,21.8812139655334
14,253,-8,2.11024188274026
14,254,-3,18.9717166697398
14,255,3,20.6450340249506
14,256,4,5.5826011047491
14,257,-14,3.83565397683113
14,258,28,22.4794836887516
14,259,-21,-20.599238464572
14,260,3,12.046469404507
14,261,-3,9.10998942000604
14,262,-4,6.2632789571535
14,263,7,12.6871138410921
14,264,-3,4.04886613106239
14,265,26,6.57674907968981
14,266,10,-26.664235843817
14,267,-25,-29.7326886847655
14,268,14,8.04163601217448
14,269,-36,-14.9504843696558
14,270,14,33.7214501518186
14,271,29,12.1357769428552
14,272,7,-27.3647276936669
14,273,-18,-21.9928732455194
14,274,-18,12.8883625553191
15,1,-11,-3.9855782280589
15,2,11,12.6188056378751
15,3,-11,-1.57798491760458
15,4,-4,9.04059181452658
15,5,8,13.6741754797257
15,6,-11,-0.170652155258994
15,7,3,15.0758575095148
15,8,8,10.1202364742189
15,9,-11,0.676626592128775
15,10,-4,15.8873883573937
15,11,11,17.2753461591175
15,12,-4,0.581339379096235
15,13,-14,5.88729871298084
15,14,18,23.7398059707908
15,15,-7,-3.1213185853247
15,16,-11,6.08547637413733
15,17,11,21.8105753714584
15,18,3,2.50697051446264
15,19,-10,-0.639026552872281
15,20,24,13.3702347228621
15,21,-6,-17.3351972569388
15,22,-5,-7.4938068942574
15,23,5,2.04438575702139
15,24,-4,-6.31922756692768
15,25,-11,0.849006949361207
15,26,7,14.2829539229287
15,27,4,6.11490109936058
15,28,-7,1.1135612455448
15,29,0,12.9735053017217
15,30,-4,12.1833661043197
15,31,-3,13.9033642820594
15,32,7,15.4008853672858
15,33,-4,4.82604228734515
15,34,18,9.8925432770912
15,35,0,-13.1622428545475
15,36,4,-9.80215119365316
15,37,-7,-11.2613387573469
15,38,-8,-3.78780994432384
15,39,-3,7.79302829707559
15,40,7,8.3637701199368
15,41,0,1.874845859825
15,42,-7,4.487963656272
15,43,-4,15.806749391274
15,44,7,18.5267561115787
15,45,15,6.42110851552642
15,46,-11,-12.2059537499603
15,47,7,4.91706054442925
15,48,-21,-4.91125875622473
15,49,0,19.6367839922561
15,50,3,17.9571356532755
15,51,11,9.26145590347407
15,52,29,-0.442391853422055
15,53,-7,-34.80434440237
15,54,-33,-15.2035010736589
15,55,-3,26.3207415490714
15,56,7,18.972972018268
15,57,0,5.93538749376355
15,58,14,9.49500504754097
15,59,0,-3.82908383607439
15,60,29,-0.198467315126562
15,61,-32,-33.8766517611011
15,62,21,10.8273732493222
15,63,15,-18.7365560728235
15,64,-26,-41.2456856680835
15,65,-7,7.03758365369099
15,66,11,11.8861639115871
15,67,-11,-1.28408718351324
15,68,-3,15.7012256023622
15,69,-8,21.7129437562345
15,70,-3,28.5799048634292
15,71,14,26.6819744269815
15,72,-3,6.7345562033179
15,73,25,11.5409848948247
15,74,-28,-22.6249754847667
15,75,-8,14.9052819649239
15,76,0,22.5159088244756
15,77,7,11.5970361098474
15,78,0,6.21120590378202
15,79,11,5.8781774278346
15,80,-4,-3.08492377878805
15,81,7,1.72301634298422
15,82,0,-5.69158743658819
15,83,-25,-6.57303719380272
15,84,7,24.4708806402097
15,85,22,9.68969862140058
15,86,-4,-17.0186533021569
15,87,-3,-2.90119536018988
15,88,-22,3.45888089753323
15,89,0,28.3651238957813
15,90,0,21.4198605778515
15,91,0,17.4854471241495
15,92,4,18.8250768921058
15,93,-4,10.4598587139623
15,94,21,17.2946142025661
15,95,-17,-11.4309312456565
15,96,-4,10.6003329097413
15,97,4,13.0628704210525
15,98,18,0.521416146442697
15,99,-22,-17.5173041281105
15,100,4,13.7779448068477
15,101,-7,9.58479095438995
15,102,10,12.7270693858848
15,103,0,2.9296826683651
15,104,-3,2.44213970604245
15,105,-7,8.89242148729567
15,106,3,13.3708534410085
15,107,-3,9.58099903414224
15,108,18,11.1411343823933
15,109,-11,-11.5732296480484
15,110,-4,4.89939556772806
15,111,-15,-12.7328131417695
15,112,0,12.3920790718203
15,113,11,10.0167277513473
15,114,-7,-4.44553872000422
15,115,14,7.78275872560283
15,116,-8,-9.52262947268895
15,117,-6,2.28327027323338
15,118,18,10.3242111006268
15,119,0,-14.973778939503
15,120,7,-9.34293955643061
15,121,-21,-15.5740672572084
15,122,-5,13.5375927269981
15,123,-6,17.8333507965915
15,124,11,19.811846352504
15,125,-11,8.51229478462596
15,126,-4,21.2960369192103
15,127,7,26.767190374172
15,128,8,11.6758016159349
15,129,18,1.94197516472748
15,130,-11,-20.8666959141079
15,131,-15,-3.9961852056952
15,132,11,13.5020081577301
15,133,0,-5.7997696232913
15,134,-18,-2.30685318399421
15,135,11,22.9244543707531
15,136,18,6.68973976672543
15,137,-18,-14.6621977759996
15,138,14,14.7383511750011
15,139,8,-4.67010899883781
15,140,-4,-17.2329586091226
15,141,-25,-7.06181486922515
15,142,11,24.3295391474485
15,143,0,6.2254758624573
15,144,0,3.77654615950546
15,145,0,11.4113869367398
15,146,-4,9.71950582427015
15,147,18,14.1746545397263
15,148,-7,-10.7236808666474
15,149,-11,1.43088786117128
15,150,-11,14.3344083669863
15,151,-3,21.4407593942707
15,152,3,23.3403665142141
15,153,-7,16.4344410631452
15,154,0,26.3662820540402
15,155,4,22.7275517637182
15,156,18,14.1025222101654
15,157,0,-8.93680082006569
15,158,-11,-8.17287115676221
15,159,0,6.17534668723285
15,160,-4,0.935864558711437
15,161,29,5.63923655101065
15,162,-4,-28.8601287338849
15,163,-21,-15.7563468199719
15,164,3,16.7435941639544
15,165,11,6.43024870199923
15,166,-18,-6.29031083000062
15,167,0,19.0319911345592
15,168,-7,17.8207758457731
15,169,0,22.4257366535156
15,170,4,21.8112713464221
15,171,7,14.6777552800677
15,172,0,5.00240816091788
15,173,29,2.45825986908477
15,174,-4,-31.9803040034413
15,175,-32,-22.0968855793853
15,176,0,21.0162778939557
15,177,0,11.8266871833397
15,178,0,10.0124118828733
15,179,7,13.7641159815928
15,180,-4,7.60631449092672
15,181,-3,14.4626132749402
15,182,10,15.860012665709
15,183,8,1.07070714772251
15,184,3,-10.5831133962732
15,185,-11,-13.2031537108652
15,186,-10,3.16638576470835
15,187,3,14.1136213161457
15,188,11,7.34960815982346
15,189,7,-4.32725234966388
15,190,-7,-8.70471409992033
15,191,11,4.14070114931749
15,192,-7,-9.89161804195767
15,193,3,-0.343474390341753
15,194,-3,-2.95273403775198
15,195,7,-0.712683100349773
15,196,-7,-6.33373477328462
15,197,-11,4.3197280221705
15,198,0,0.355883367829467
15,199,-10,2.53311896949085
15,200,-4,17.754946030313
15,201,34,17.932835525208
15,202,9,-27.5293855999227
15,203,-25,-31.1262366804249
15,204,22,7.68509581055122
15,205,-33,-25.2706933720467
15,206,4,18.6496197450849
15,207,-4,14.0315618161896
15,208,7,14.4609931394308
15,209,0,4.18749178356601
15,210,7,3.41410129702308
15,211,-14,-5.03174052217672
15,212,39,12.2817523495389
15,213,-39,-36.1069046971725
15,214,36,17.9594113019763
15,215,-8,-26.0117060317171
15,216,-32,-16.6146100373884
15,217,7,35.1727139491891
15,218,3,14.1325353437525
15,219,11,8.46423332300175
15,220,-1,-3.44908004088488
15,221,5,1.55833916998784
15,222,-4,-3.88754715949743
15,223,-21,0.206167479382822
15,224,18,27.1396048665136
15,225,3,-2.01710048808798
15,226,-11,-4.47367438610554
15,227,0,14.9544285804096
15,228,11,11.9159250789514
15,229,-7,-2.48999261672655
15,230,-7,6.94931121627337
15,231,3,16.2632536391716
15,232,0,7.25531571736845
15,233,22,6.60828920971569
15,234,-25,-18.316175154491
15,235,11,17.0902598533143
15,236,-8,0.610817619561898
15,237,-3,6.86436258801165
15,238,34,14.546941046244
15,239,-28,-32.6897057831707
15,240,-3,13.1328632822385
15,241,11,14.5439729247713
15,242,31,-4.83405988550621
15,243,-45,-37.0888102594108
15,244,18,24.535353691933
15,245,-7,1.55873596499496
15,246,3,2.01491534739601
15,247,-14,7.68765623337137
15,248,11,21.3550031472298
15,249,-8,8.03313456676809
15,250,-3,13.2903674476716
15,251,3,21.9377875371795
15,252,4,11.1778683875774
15,253,-14,4.73298561850656
15,254,28,21.6915233787453
15,255,-21,-15.7545669745632
15,256,3,11.8267156701123
15,257,-3,8.77904799738934
15,258,-4,6.68647227605118
15,259,7,14.518115991645
15,260,-3,1.33959946619691
15,261,26,9.68403479843927
15,262,10,-24.2047509999293
15,263,-25,-30.4718823123876
15,264,14,8.61673602891548
15,265,-36,-15.7966048512741
15,266,14,30.1897999024136
15,267,29,10.3781774873057
15,268,7,-26.8238280247618
15,269,-18,-19.3487694379291
15,270,-18,5.88245729608832
15,271,-10,27.4977743464485
15,272,32,27.9951375133218
15,273,-32,-15.207905426367
15,274,-4,31.7855005479922
16,1,8,16.4681220413458
16,2,-11,-7.91411549584936
16,3,3,14.4223204162838
16,4,8,9.27689412143428
16,5,-11,-4.40160475142345
16,6,-4,12.688051896798
16,7,11,14.9831595721514
16,8,-4,-7.32702136074936
16,9,-14,5.62624613099179
16,10,18,22.8413497677167
16,11,-7,-13.6729258019166
16,12,-11,7.21910534149122
16,13,11,21.6242465098637
16,14,3,-7.21362158553781
16,15,-10,-3.14260264007511
16,16,24,15.638598763158
16,17,-6,-27.6455982531717
16,18,-5,-10.4009623938846
16,19,5,4.34860200367462
16,20,-4,-11.7218744425509
16,21,-11,0.0981501650975275
16,22,7,19.2625986191147
16,23,4,1.50993350565063
16,24,-7,-2.42799078505764
16,25,0,15.4689612477981
16,26,-4,4.36214183300795
16,27,-3,9.25435185815426
16,28,7,15.1219301770618
16,29,-4,-0.000145027217519633
16,30,18,4.80311881118708
16,31,0,-18.1283838316349
16,32,4,-12.3485971327425
16,33,-7,-16.2403020181248
16,34,-8,-4.54464563619855
16,35,-3,7.61265479925886
16,36,7,10.331330860415
16,37,0,2.08628650051176
16,38,-7,2.39967211642901
16,39,-4,13.9504822903694
16,40,7,12.568300331163
16,41,15,3.11476309330745
16,42,-11,-16.2705732661709
16,43,7,1.50238409738997
16,44,-21,-12.485014709449
16,45,0,21.4518627705334
16,46,3,17.5513823463367
16,47,11,7.95217755078719
16,48,29,-4.97997744298136
16,49,-7,-40.8310436935536
16,50,-33,-18.3257174630393
16,51,-3,22.6816765265651
16,52,7,18.0277813428535
16,53,0,8.5340196152101
16,54,14,14.8348291709405
16,55,0,-13.1157363227123
16,56,29,-8.03990233100691
16,57,-32,-37.1490759076578
16,58,21,11.7892170530089
16,59,15,-30.3568874550212
16,60,-26,-38.4491323536844
16,61,-7,15.8542355765473
16,62,11,10.3331624280594
16,63,-11,-3.467823008749
16,64,-3,22.9485326787174
16,65,-8,22.3936458128622
16,66,-3,14.5653284963085
16,67,14,26.8779512737583
16,68,-3,3.86837988476068
16,69,25,1.57770133815949
16,70,-28,-32.9506638960001
16,71,-8,15.6482761935156
16,72,0,16.5595263477696
16,73,7,11.5767145254324
16,74,0,6.47319992433367
16,75,11,4.81597229664008
16,76,-4,-11.7833495183512
16,77,7,-3.35358049585467
16,78,0,-5.95208466796279
16,79,-25,-12.7571968136317
16,80,7,25.4645452315998
16,81,22,7.31493163587843
16,82,-4,-17.8134260574948
16,83,-3,-1.82931571116216
16,84,-22,-2.50791943612627
16,85,0,22.3747704867943
16,86,0,22.8385361439664
16,87,0,19.7333114354414
16,88,4,11.4074299078992
16,89,-4,4.46197433992395
16,90,21,13.0112657233117
16,91,-17,-19.9146064640561
16,92,-4,9.25274419324319
16,93,4,5.06383966394064
16,94,18,-1.63715028583296
16,95,-22,-18.2690289907762
16,96,4,16.7920262364591
16,97,-7,1.15493108171556
16,98,10,10.937773902054
16,99,0,5.79252038494948
16,100,-3,-2.16999115398497
16,101,-7,1.8309068342935
16,102,3,11.051199766321
16,103,-3,8.77925913924966
16,104,18,7.10171722128641
16,105,-11,-15.9825362308911
16,106,-4,1.80426619037584
16,107,-15,-13.4026304736536
16,108,0,12.953698821805
16,109,11,6.30148309396379
16,110,-7,-6.09132877277594
16,111,14,8.21556956127004
16,112,-8,-14.7765642130831
16,113,-6,-2.74388345771522
16,114,18,10.1279491785449
16,115,0,-17.4856345222448
16,116,7,-11.684410057006
16,117,-21,-17.3110831045238
16,118,-5,13.456857151644
16,119,-6,14.8050471964341
16,120,11,25.0622790606489
16,121,-11,5.11869588744196
16,122,-4,18.2771612257282
16,123,7,20.5259808742384
16,124,8,4.32050227048679
16,125,18,-1.07214753689961
16,126,-11,-29.6432906344476
16,127,-15,-8.72070211130592
16,128,11,9.97782346264118
16,129,0,-5.27986810830814
16,130,-18,0.345548441021743
16,131,11,24.7014904556465
16,132,18,-0.87487938536412
16,133,-18,-17.8425162455399
16,134,14,19.171219946117
16,135,8,-16.7148741303848
16,136,-4,-23.8432069945125
16,137,-25,-2.03822432012525
16,138,11,24.9920277256136
16,139,0,-2.5234017423115
16,140,0,10.2088638196243
16,141,0,13.0386400826528
16,142,-4,-1.1547468279147
16,143,18,10.2145364059104
16,144,-7,-13.5160977930072
16,145,-11,-0.637819733125577
16,146,-11,7.24855730133663
16,147,-3,21.0712207237223
16,148,3,23.0777392698642
16,149,-7,16.6104361814464
16,150,0,21.6219452424712
16,151,4,13.6946577799789
16,152,18,9.65346360734491
16,153,0,-16.8665172540587
16,154,-11,-13.6484074642828
16,155,0,-0.0775515499735242
16,156,-4,-2.45469863390319
16,157,29,8.82044247995728
16,158,-4,-31.0434960644232
16,159,-21,-16.0587911073554
16,160,3,13.914966050407
16,161,11,4.33738357340862
16,162,-18,-5.04299725400519
16,163,0,23.307028266126
16,164,-7,10.3442157099447
16,165,0,16.8477640414282
16,166,4,25.1229411178879
16,167,7,9.02713499018084
16,168,0,-6.43529809089676
16,169,29,-1.64495566433383
16,170,-4,-38.918375717782
16,171,-32,-25.596695779812
16,172,0,22.53767551247
16,173,0,8.36237658206949
16,174,0,15.4625196448438
16,175,7,19.2001465752586
16,176,-4,0.437100464527754
16,177,-3,5.33315407910045
16,178,10,15.5635323221323
16,179,8,-5.78407195386121
16,180,3,-18.4429357527323
16,181,-11,-14.8668452217997
16,182,-10,0.667644949014161
16,183,3,13.1064043952706
16,184,11,9.43545437629852
16,185,7,-4.9924898299754
16,186,-7,-12.2167267331113
16,187,11,0.0605695623442117
16,188,-7,-15.6847139884849
16,189,3,0.945896765557366
16,190,-3,-5.06739010235827
16,191,7,-2.7100704847491
16,192,-7,-7.77693436533874
16,193,-11,6.7851966324976
16,194,0,-1.96959236908834
16,195,-10,1.24387679392545
16,196,-4,13.6043178764105
16,197,34,10.9918748289879
16,198,9,-31.4517403705013
16,199,-25,-32.2109946037151
16,200,22,4.46091060769806
16,201,-33,-34.7718172194458
16,202,4,29.2890197948333
16,203,-4,17.7284040041857
16,204,7,12.1496017297938
16,205,0,2.00145801210067
16,206,7,-0.919942644733803
16,207,-14,-11.7396626398162
16,208,39,14.1289995601705
16,209,-39,-42.7716737318315
16,210,36,20.8898464949762
16,211,-8,-33.7481672380736
16,212,-32,-13.9017091528532
16,213,7,38.3027722965173
16,214,3,8.87000165496111
16,215,11,8.12593689652689
16,216,-1,-2.60324347549727
16,217,5,-3.13771373815164
16,218,-4,-12.9340526188881
16,219,-21,-0.146909518025749
16,220,18,28.1949142271327
16,221,3,-8.04331007081247
16,222,-11,-4.07327316686816
16,223,0,14.5338867243085
16,224,11,5.69782869535043
16,225,-7,-8.27778638321452
16,226,-7,10.0941095929326
16,227,3,11.2958078172971
16,228,0,-1.68981521655401
16,229,22,9.45821966023125
16,230,-25,-22.0996005208751
16,231,11,14.0288102963329
16,232,-8,-7.06510358672366
16,233,-3,9.0273687431086
16,234,34,13.7573008205203
16,235,-28,-38.9961263641023
16,236,-3,13.8269733469823
16,237,11,9.51024908102777
16,238,31,-6.47642975779822
16,239,-45,-41.3675638568408
16,240,18,33.5640896938156
16,241,-7,-14.4335303254308
16,242,3,4.1635047650541
16,243,-14,17.1177359095733
16,244,11,15.2315929189584
16,245,-8,-2.91026467090985
16,246,-3,16.6264797587137
16,247,3,21.8094642130171
16,248,4,-2.3362420109582
16,249,-14,3.63829288843535
16,250,28,19.472059978612
16,251,-21,-24.7772193448686
16,252,3,10.9139515018807
16,253,-3,6.10125482447091
16,254,-4,2.34246665777812
16,255,7,13.4931289669816
16,256,-3,0.828942383558614
16,257,26,5.05708635132495
16,258,10,-32.8081464896862
16,259,-25,-29.2238955834804
16,260,14,4.33009990601982
16,261,-36,-20.3019235146144
16,262,14,37.8060435637947
16,263,29,11.5141630064483
16,264,7,-28.8171341539522
16,265,-18,-23.6606162987498
16,266,-18,4.89231644076447
16,267,-10,19.9874579922153
16,268,32,28.3349790708815
16,269,-32,-10.3979566587632
16,270,-4,29.379558895831
16,271,0,25.1431800702756
16,272,18,21.5161006847223
16,273,25,2.66941548356324
16,274,-39,-35.6423991793946
17,1,3,15.6740781749414
17,2,8,9.18802744701478
17,3,-11,-3.24820501592405
17,4,-4,17.022312675487
17,5,11,16.0046692397048
17,6,-4,-4.23230713580505
17,7,-14,8.42076779395224
17,8,18,23.9945512618558
17,9,-7,-11.0717516687157
17,10,-11,9.82592511015392
17,11,11,22.165436439569
17,12,3,-3.64489669056344
17,13,-10,-1.10223496550269
17,14,24,16.6937736434524
17,15,-6,-27.0654367480993
17,16,-5,-6.08974308147635
17,17,5,2.03149350171925
17,18,-4,-9.65515816239848
17,19,-11,1.09472443943128
17,20,7,19.0527456049807
17,21,4,0.865280921534287
17,22,-7,0.856899655879161
17,23,0,14.3017288427509
17,24,-4,7.73133962938247
17,25,-3,12.6629653342886
17,26,7,16.7673572922164
17,27,-4,2.2721123597414
17,28,18,8.48811096143782
17,29,0,-18.0242876422286
17,30,4,-10.4178201999879
17,31,-7,-15.2354810152034
17,32,-8,-2.90728312074188
17,33,-3,7.21255035595519
17,34,7,11.384944099679
17,35,0,0.246492145296378
17,36,-7,4.64943542503702
17,37,-4,13.6535380603932
17,38,7,15.9876194233514
17,39,15,4.96688164890785
17,40,-11,-13.8055821041393
17,41,7,4.5988761184805
17,42,-21,-11.5005246005997
17,43,0,23.7266323163034
17,44,3,17.3135212408857
17,45,11,11.134314035886
17,46,29,-4.8940191788539
17,47,-7,-39.7725237055667
17,48,-33,-18.400015437589
17,49,-3,27.2435108859048
17,50,7,17.5915316907903
17,51,0,10.7937591612774
17,52,14,14.2941004906097
17,53,0,-12.8475258653804
17,54,29,-5.70321754234394
17,55,-32,-39.1217977527797
17,56,21,17.0718943474484
17,57,15,-29.458843441072
17,58,-26,-37.7531852364339
17,59,-7,11.4933647029949
17,60,11,11.0002046124614
17,61,-11,-6.8615808224202
17,62,-3,25.3631628260043
17,63,-8,19.5938431118498
17,64,-3,22.6359195083842
17,65,14,27.7736190494188
17,66,-3,5.56592181227496
17,67,25,8.37438557207262
17,68,-28,-30.5576034648399
17,69,-8,18.6945687295322
17,70,0,18.2940311689524
17,71,7,14.7974717825613
17,72,0,5.92708672120736
17,73,11,7.98163025944519
17,74,-4,-13.2207277847377
17,75,7,1.74039303154666
17,76,0,-8.21263685311641
17,77,-25,-7.05847604891333
17,78,7,26.9701589292899
17,79,22,7.37679209450354
17,80,-4,-18.7731094926927
17,81,-3,-0.557722607058432
17,82,-22,-2.13008181300895
17,83,0,26.4774164912108
17,84,0,23.5265397620812
17,85,0,21.9335563356283
17,86,4,15.3588093076984
17,87,-4,7.13180144202147
17,88,21,13.873487890238
17,89,-17,-16.1894052549022
17,90,-4,13.4604721573183
17,91,4,8.45142263341696
17,92,18,0.3575998202861
17,93,-22,-19.7736472439359
17,94,4,19.820355061292
17,95,-7,-0.141266985397229
17,96,10,15.6151570930685
17,97,0,2.51824024319174
17,98,-3,3.29250120743411
17,99,-7,2.62218802804947
17,100,3,14.4655050251125
17,101,-3,7.44056955924159
17,102,18,12.8296697397486
17,103,-11,-16.7329367082064
17,104,-4,5.80126257688234
17,105,-15,-12.3085659205177
17,106,0,12.3308903587185
17,107,11,7.5400635014464
17,108,-7,-6.53226566332708
17,109,14,10.9650827036919
17,110,-8,-14.9790886933382
17,111,-6,0.696791458176999
17,112,18,10.048384289691
17,113,0,-17.4170683322296
17,114,7,-9.6621663940017
17,115,-21,-17.4289931486628
17,116,-5,13.7042985038441
17,117,-6,15.876001525339
17,118,11,25.576313281963
17,119,-11,5.5511321867076
17,120,-4,23.1622419547268
17,121,7,20.4888644575453
17,122,8,9.63188377739103
17,123,18,0.44903897584522
17,124,-11,-24.7832212860178
17,125,-15,-6.35442304058113
17,126,11,12.0035696632997
17,127,0,-6.56139095997014
17,128,-18,1.3740890141525
17,129,11,25.8678309152073
17,130,18,-1.28171510266576
17,131,-18,-16.7866425093442
17,132,14,19.9942203047823
17,133,8,-14.3336947009499
17,134,-4,-19.9516622601412
17,135,-25,-3.62850798657998
17,136,11,26.8921255820693
17,137,0,-1.61204601187828
17,138,0,11.0769611526178
17,139,0,10.4898802328168
17,140,-4,4.739573839675
17,141,18,10.7612487920068
17,142,-7,-11.8782917387301
17,143,-11,2.00019446455206
17,144,-11,11.6648071141214
17,145,-3,21.8861376940285
17,146,3,24.0419059745965
17,147,-7,18.9971769558432
17,148,0,24.1351987237319
17,149,4,18.285232333563
17,150,18,11.7355953380406
17,151,0,-13.0705730708655
17,152,-11,-9.17061982383238
17,153,0,2.69537086035475
17,154,-4,-0.840209854720884
17,155,29,8.58565896046367
17,156,-4,-31.9496532879129
17,157,-21,-15.3723187572324
17,158,3,13.9304908593868
17,159,11,4.02945262800999
17,160,-18,-5.17046318609432
17,161,0,26.4320802279619
17,162,-7,10.4250838418372
17,163,0,21.1242070869914
17,164,4,23.9091936335664
17,165,7,13.5383733063316
17,166,0,-1.51763982022726
17,167,29,1.74145305429234
17,168,-4,-40.0444362476636
17,169,-32,-20.9580517398118
17,170,0,22.6514011612694
17,171,0,9.19894144357792
17,172,0,14.785954517377
17,173,7,18.6328734201796
17,174,-4,1.08213809814925
17,175,-3,9.15010716559327
17,176,10,16.4371302282394
17,177,8,-2.43960972199636
17,178,3,-12.7339286699634
17,179,-11,-14.4591579043647
17,180,-10,1.59777464559355
17,181,3,13.8604785243797
17,182,11,9.04897102238001
17,183,7,-4.60820807535866
17,184,-7,-11.0150433050119
17,185,11,0.826959501331786
17,186,-7,-15.215519141779
17,187,3,2.78229730519611
17,188,-3,-4.37759241944973
17,189,7,-0.662775229593654
17,190,-7,-9.42216324975742
17,191,-11,7.38802109808008
17,192,0,-2.50429770923692
17,193,-10,3.45235875864979
17,194,-4,14.4212613746767
17,195,34,15.4612813977697
17,196,9,-32.2309618588381
17,197,-25,-29.549715777844
17,198,22,5.87987332670788
17,199,-33,-35.5220266717541
17,200,4,29.9174180256265
17,201,-4,14.9658235106764
17,202,7,15.4107028646304
17,203,0,3.94559787004413
17,204,7,0.869762917132593
17,205,-14,-9.82731904754083
17,206,39,16.2699062763464
17,207,-39,-45.1500430898509
17,208,36,26.7149394278927
17,209,-8,-39.058028632599
17,210,-32,-10.0107977887797
17,211,7,35.6498157848078
17,212,3,10.5480129807037
17,213,11,8.48372664555616
17,214,-1,-2.35248297625112
17,215,5,-0.86115808521876
17,216,-4,-10.4456281605395
17,217,-21,0.762244782091788
17,218,18,29.9032744080314
17,219,3,-6.05269762754047
17,220,-11,-2.69130632580941
17,221,0,15.1176000948975
17,222,11,7.04602870889787
17,223,-7,-6.52353140993752
17,224,-7,12.4305832732229
17,225,3,12.8763001791728
17,226,0,2.99522765849797
17,227,22,8.70158797849342
17,228,-25,-21.9377468163859
17,229,11,18.6906821632837
17,230,-8,-7.20778102707671
17,231,-3,11.3248145606156
17,232,34,13.8087598519487
17,233,-28,-37.143575886374
17,234,-3,14.8751842113708
17,235,11,10.8744873232001
17,236,31,-7.24158383353479
17,237,-45,-40.0106419199881
17,238,18,36.128152198393
17,239,-7,-16.6307839782566
17,240,3,9.71990962000571
17,241,-14,9.93649715611952
17,242,11,23.5965617137428
17,243,-8,-4.15724754722135
17,244,-3,21.307231815351
17,245,3,18.3661405462786
17,246,4,8.17153182984198
17,247,-14,2.37567879574565
17,248,28,24.5062144713446
17,249,-21,-25.3399970000494
17,250,3,17.1593320021969
17,251,-3,4.02382909100018
17,252,-4,7.1477563834975
17,253,7,13.3225335259319
17,254,-3,3.27192507505016
17,255,26,5.12537758765339
17,256,10,-29.5148288838749
17,257,-25,-31.6016556455291
17,258,14,8.40424614252943
17,259,-36,-21.3985834394228
17,260,14,39.6549132079612
17,261,29,9.10389452205757
17,262,7,-28.9041689846516
17,263,-18,-24.132520783125
17,264,-18,6.39607295112367
17,265,-10,20.4478007693909
17,266,32,34.7814762880613
17,267,-32,-14.5619431036513
17,268,-4,37.0755902368838
17,269,0,24.2155201901428
17,270,18,24.761120707591
17,271,25,3.68915149534095
17,272,-39,-29.246187383023
17,273,28,24.1408215756299
17,274,-25,-28.8463553469886
18,1,-11,-2.25611874030195
18,2,-4,16.5925645375954
18,3,11,17.3701523114868
18,4,-4,-1.67443303744671
18,5,-14,6.2778143328605
18,6,18,24.4228670006783
18,7,-7,-6.07567976014877
18,8,-11,6.36828180194111
18,9,11,22.954584763859
18,10,3,0.100325680998553
18,11,-10,-1.54513049056492
18,12,24,14.9802441021503
18,13,-6,-20.3504933944792
18,14,-5,-5.97422595294324
18,15,5,5.45847217175139
18,16,-4,-5.28606059037597
18,17,-11,2.89192607011394
18,18,7,17.0507919143444
18,19,4,3.83360792106756
18,20,-7,-0.309189109743397
18,21,0,12.7071256193442
18,22,-4,10.8988394760672
18,23,-3,13.5088969788454
18,24,7,15.6255389718686
18,25,-4,2.84210196704738
18,26,18,8.76877183586441
18,27,0,-14.9757272035975
18,28,4,-9.47522005333003
18,29,-7,-9.05669306623572
18,30,-8,-0.0259063299913311
18,31,-3,11.1942573237681
18,32,7,10.5303128580155
18,33,0,0.0756141500193976
18,34,-7,3.02465232464529
18,35,-4,14.4919683171715
18,36,7,17.7462934670716
18,37,15,5.1445531308554
18,38,-11,-13.8164883212464
18,39,7,5.74260575267376
18,40,-21,-4.44174694493048
18,41,0,22.9366070341715
18,42,3,19.3296444078572
18,43,11,7.63158647117932
18,44,29,-4.23795178073778
18,45,-7,-38.3893738012547
18,46,-33,-14.2010835649942
18,47,-3,34.1496512853893
18,48,7,22.8152612658028
18,49,0,6.40610197092154
18,50,14,7.61543353721285
18,51,0,-10.1637875412139
18,52,29,-3.0484013965411
18,53,-32,-34.2262217627483
18,54,21,17.1191424777668
18,55,15,-15.644509384125
18,56,-26,-38.5871897920282
18,57,-7,13.0256742535641
18,58,11,15.2880837173447
18,59,-11,-3.84275602930235
18,60,-3,17.6898198695361
18,61,-8,19.0692461235412
18,62,-3,25.0406369683242
18,63,14,24.946761161894
18,64,-3,2.83300337412387
18,65,25,8.76739415587959
18,66,-28,-25.0310251547001
18,67,-8,18.1516177715354
18,68,0,26.1188540264945
18,69,7,12.5548200969652
18,70,0,4.37524236196434
18,71,11,4.03011907921679
18,72,-4,-7.85054314657817
18,73,7,2.51466322854117
18,74,0,-4.5709629248984
18,75,-25,-4.19700424941704
18,76,7,28.6914174415495
18,77,22,9.9612702018402
18,78,-4,-20.6529369729727
18,79,-3,-3.16498955005419
18,80,-22,3.25833469279229
18,81,0,30.4776250529242
18,82,0,23.3809599507188
18,83,0,16.0652812522087
18,84,4,14.8826925507087
18,85,-4,6.34093873289971
18,86,21,14.4444043112537
18,87,-17,-13.2854498971493
18,88,-4,12.5493961695277
18,89,4,15.2464331183448
18,90,18,0.930312235565609
18,91,-22,-18.6205523875298
18,92,4,16.4057997919526
18,93,-7,8.36189935957727
18,94,10,13.5618014171392
18,95,0,2.09977216263967
18,96,-3,1.43481157299408
18,97,-7,7.38340621247329
18,98,3,14.5688416209022
18,99,-3,8.85594459246454
18,100,18,11.4409582986035
18,101,-11,-14.1929343502358
18,102,-4,5.37518613027344
18,103,-15,-12.5799400639012
18,104,0,13.7477548088403
18,105,11,10.6786498215121
18,106,-7,-5.97941471046833
18,107,14,8.82025490041677
18,108,-8,-11.0398118853285
18,109,-6,2.64098889112782
18,110,18,12.8411718144274
18,111,0,-15.4555688832552
18,112,7,-8.70604298015781
18,113,-21,-13.8191706000451
18,114,-5,16.306235951969
18,115,-6,20.3721084146003
18,116,11,20.5314679533558
18,117,-11,4.85974938290076
18,118,-4,18.8908109020803
18,119,7,23.2090497963153
18,120,8,9.04417155956236
18,121,18,-0.140047731457944
18,122,-11,-22.0397302110215
18,123,-15,-2.15828758326963
18,124,11,18.3187415222538
18,125,0,-3.99854005127225
18,126,-18,-1.0666275543947
18,127,11,24.4152602705587
18,128,18,3.0468162454547
18,129,-18,-17.8331326318076
18,130,14,16.682909819124
18,131,8,-5.81327983161059
18,132,-4,-17.0260883030804
18,133,-25,-2.91998796356484
18,134,11,28.5178611162018
18,135,0,5.25779958158921
18,136,0,3.87372052495529
18,137,0,9.3207480009136
18,138,-4,7.01225639908477
18,139,18,12.8637395053524
18,140,-7,-11.3619390894045
18,141,-11,2.05201671270206
18,142,-11,16.7674405240031
18,143,-3,22.8441581704314
18,144,3,22.8886594475562
18,145,-7,14.0983965228687
18,146,0,22.2647579580638
18,147,4,18.9721590144692
18,148,18,10.7646045846927
18,149,0,-11.622848434822
18,150,-11,-7.7698927633638
18,151,0,9.00654879918081
18,152,-4,3.77914573383685
18,153,29,8.01987958189138
18,154,-4,-30.1938878888479
18,155,-21,-15.6989481710909
18,156,3,20.2051899877476
18,157,11,8.149034501567
18,158,-18,-6.16885730610194
18,159,0,21.4509586155954
18,160,-7,15.1143626373644
18,161,0,20.3209267820077
18,162,4,20.330300583511
18,163,7,11.3950716791781
18,164,0,1.27400049223162
18,165,29,2.00511305144223
18,166,-4,-33.9451479687681
18,167,-32,-18.5250443910214
18,168,0,28.6873901283797
18,169,0,15.1913004870633
18,170,0,10.4168529639204
18,171,7,12.4068890355747
18,172,-4,1.63824147082773
18,173,-3,11.1020356525329
18,174,10,15.9343161834491
18,175,8,-0.0977344435521896
18,176,3,-10.4679224586799
18,177,-11,-11.7418417001211
18,178,-10,5.89006517032225
18,179,3,17.292530865503
18,180,11,8.25704327343496
18,181,7,-6.18619175962933
18,182,-7,-10.7944001090463
18,183,11,3.96056854411963
18,184,-7,-9.50038556863847
18,185,3,2.80727134181413
18,186,-3,-0.544973398370293
18,187,7,0.622537024578486
18,188,-7,-6.32817177641843
18,189,-11,5.71713149554684
18,190,0,-2.44330627372624
18,191,-10,1.32311720640989
18,192,-4,17.0085926279741
18,193,34,18.1175843186729
18,194,9,-30.2535519723024
18,195,-25,-30.6839910444518
18,196,22,12.4845197080569
18,197,-33,-23.5424971581318
18,198,4,25.5074063165049
18,199,-4,17.0685188443703
18,200,7,11.6690854718085
18,201,0,4.14516757488379
18,202,7,2.98076400024583
18,203,-14,-5.55246183454156
18,204,39,15.1592969271837
18,205,-39,-38.3525356648662
18,206,36,22.4902686268158
18,207,-8,-26.4156387961436
18,208,-32,-14.4597938990696
18,209,7,40.6882202880676
18,210,3,14.3644748606043
18,211,11,7.60736596925104
18,212,-1,-4.90375439788294
18,213,5,-0.155130301435388
18,214,-4,-4.68553232551265
18,215,-21,2.16878696984796
18,216,18,30.8563614104023
18,217,3,-2.86318776503735
18,218,-11,-6.05571786883477
18,219,0,15.3187682376926
18,220,11,10.4055533780082
18,221,-7,-4.19031355473721
18,222,-7,8.87475648203285
18,223,3,16.2703503049227
18,224,0,6.32234643964941
18,225,22,6.4885230532363
18,226,-25,-20.5029410916526
18,227,11,18.6371176207351
18,228,-8,0.982805069134113
18,229,-3,8.29236602707189
18,230,34,15.5625324636184
18,231,-28,-35.7451808501217
18,232,-3,14.266822456494
18,233,11,17.4377113965238
18,234,31,-6.20112041563704
18,235,-45,-37.9864131152959
18,236,18,30.3958703745967
18,237,-7,-0.217589402582771
18,238,3,4.04533047938936
18,239,-14,8.68520424999537
18,240,11,21.2258911367346
18,241,-8,3.35877096725563
18,242,-3,14.1643572532962
18,243,3,19.8095971305866
18,244,4,9.61174789943607
18,245,-14,2.74893180684076
18,246,28,22.7675862845224
18,247,-21,-19.3333265770696
18,248,3,13.8261985166705
18,249,-3,9.81644798736495
18,250,-4,6.79225308457695
18,251,7,14.7392678568745
18,252,-3,0.845479498235351
18,253,26,7.08671691624876
18,254,10,-25.8603005137007
18,255,-25,-30.5245779815215
18,256,14,14.6607158136943
18,257,-36,-12.3947356497784
18,258,14,35.9997758608194
18,259,29,10.8922866840547
18,260,7,-33.0912651602343
18,261,-18,-22.2950024249378
18,262,-18,9.16706727754883
18,263,-10,30.2458523315924
18,264,32,32.8924027760237
18,265,-32,-18.4618172314226
18,266,-4,30.5856908236108
18,267,0,30.7143371815554
18,268,18,21.2210713555681
18,269,25,1.63381504708305
18,270,-39,-31.0034520076684
18,271,28,29.5857840787118
18,272,-25,-16.4135643429434
18,273,0,16.9493462089915
18,274,4,19.5860368315689
19,1,-14,6.29946340746711
19,2,18,21.0156528980658
19,3,-7,-10.1757281801537
19,4,-11,8.98548175963606
19,5,11,19.7234170154219
19,6,3,-5.45525336455736
19,7,-10,-0.16266104436431
19,8,24,14.5593133938246
19,9,-6,-24.9312568553704
19,10,-5,-7.50293080957396
19,11,5,3.88371552551588
19,12,-4,-12.3379650423922
19,13,-11,-0.386310064622597
19,14,7,16.0346615110634
19,15,4,0.866798037422011
19,16,-7,0.462474673804957
19,17,0,16.2056039773883
19,18,-4,5.84863236560949
19,19,-3,11.4528088216118
19,20,7,14.9323008888306
19,21,-4,-0.210472062014592
19,22,18,6.03813678685247
19,23,0,-13.8108224533531
19,24,4,-10.0272577510587
19,25,-7,-14.5589089877164
19,26,-8,-5.23670657202196
19,27,-3,5.06209278171954
19,28,7,7.16192346326717
19,29,0,0.558642996697222
19,30,-7,3.56947130824513
19,31,-4,16.2636654216722
19,32,7,15.5722052831888
19,33,15,5.16031435579872
19,34,-11,-15.2590689764676
19,35,7,1.11073977069703
19,36,-21,-9.15737050475227
19,37,0,21.1107831235381
19,38,3,14.9006557164996
19,39,11,5.33842650166704
19,40,29,-3.33683406383661
19,41,-7,-33.6647450533064
19,42,-33,-13.594629545378
19,43,-3,22.3676471656846
19,44,7,14.8954049149399
19,45,0,2.94326038528624
19,46,14,9.00006243835018
19,47,0,-9.32717381547583
19,48,29,2.42884745997097
19,49,-32,-28.0731701728197
19,50,21,7.76869749709937
19,51,15,-31.4095053344761
19,52,-26,-38.7097824114685
19,53,-7,9.9189799114631
19,54,11,7.28348692027331
19,55,-11,-1.25589273065538
19,56,-3,21.826407867419
19,57,-8,19.237535701777
19,58,-3,17.8632359509823
19,59,14,31.6839245577668
19,60,-3,5.28674572842007
19,61,25,2.5353980611131
19,62,-28,-26.3287653773449
19,63,-8,16.4707824742144
19,64,0,15.6230816561207
19,65,7,8.93285241507857
19,66,0,3.60268619642679
19,67,11,4.1577099380839
19,68,-4,-6.09900376006801
19,69,7,3.31040289426983
19,70,0,-4.18611246192932
19,71,-25,-14.4018236542392
19,72,7,21.2027523560464
19,73,22,6.19312386754226
19,74,-4,-16.0630045032947
19,75,-3,-1.28729334874033
19,76,-22,-0.0216468252027955
19,77,0,25.0160063465036
19,78,0,22.4410427574513
19,79,0,14.1686364529253
19,80,4,9.75394505237001
19,81,-4,9.86064618590311
19,82,21,18.8922464927524
19,83,-17,-14.2734505214867
19,84,-4,8.01057386755041
19,85,4,4.00901903698556
19,86,18,-1.38031883085455
19,87,-22,-17.4167483050308
19,88,4,13.803502109976
19,89,-7,2.97980295989678
19,90,10,13.7590812812588
19,91,0,5.33000862445793
19,92,-3,-3.8715651579134
19,93,-7,4.13070101949816
19,94,3,14.3091490406296
19,95,-3,9.25118104223363
19,96,18,5.73899828492741
19,97,-11,-14.4766479864073
19,98,-4,3.30287503623529
19,99,-15,-13.6483932153582
19,100,0,12.2472502593158
19,101,11,7.90627161191371
19,102,-7,-4.04884741384657
19,103,14,7.08885548681803
19,104,-8,-13.6791589075053
19,105,-6,-0.37158669718037
19,106,18,11.3988189025779
19,107,0,-16.9683279199474
19,108,7,-12.3631325367724
19,109,-21,-16.3562533041211
19,110,-5,12.6316410299768
19,111,-6,14.945699602671
19,112,11,21.7335090716026
19,113,-11,3.1543921852706
19,114,-4,19.0860619381385
19,115,7,25.0432171215945
19,116,8,10.0775304517042
19,117,18,1.02082060488395
19,118,-11,-27.6723708644969
19,119,-15,-7.52473288233701
19,120,11,10.6552021336061
19,121,0,-5.87212843650846
19,122,-18,-3.76367351370674
19,123,11,20.00096919321
19,124,18,2.26531717486423
19,125,-18,-10.9091811678477
19,126,14,18.6118815240701
19,127,8,-15.1548166914932
19,128,-4,-19.6039949026175
19,129,-25,-2.70189677149787
19,130,11,19.0558387704727
19,131,0,-1.90850133383594
19,132,0,10.3113910465477
19,133,0,10.793073960749
19,134,-4,1.76968000834572
19,135,18,15.6854153029794
19,136,-7,-9.8472303978041
19,137,-11,-2.46271647625833
19,138,-11,6.37564366743078
19,139,-3,20.75324701398
19,140,3,21.7750440183991
19,141,-7,14.8009899359003
19,142,0,21.6525497779196
19,143,4,18.9300793855366
19,144,18,15.0224120566484
19,145,0,-12.8163558744524
19,146,-11,-12.3864521123934
19,147,0,0.373319278843413
19,148,-4,-1.64518601017111
19,149,29,6.03785966242861
19,150,-4,-31.7920441527732
19,151,-21,-15.9708998645832
19,152,3,15.5996823851728
19,153,11,6.9369619248516
19,154,-18,-5.9295594585897
19,155,0,17.0195465922963
19,156,-7,9.61515048000226
19,157,0,21.7389060223324
19,158,4,27.2834768852201
19,159,7,8.45565142239749
19,160,0,-3.092613898412
19,161,29,2.88441116454462
19,162,-4,-33.6431518568257
19,163,-32,-24.3090502340442
19,164,0,18.3168468709035
19,165,0,5.63493414512431
19,166,0,11.7211047514686
19,167,7,14.550564297054
19,168,-4,2.3893165547977
19,169,-3,13.8555218087524
19,170,10,20.8730211568465
19,171,8,-5.23517201513728
19,172,3,-18.2417950013733
19,173,-11,-14.4198458889604
19,174,-10,0.613804881331511
19,175,3,12.6662639771807
19,176,11,7.45506062394229
19,177,7,-6.69408463099457
19,178,-7,-10.6586409012779
19,179,11,3.88238774496121
19,180,-7,-10.3505569354827
19,181,3,0.456511605687038
19,182,-3,-8.1378550389542
19,183,7,-4.77141569652687
19,184,-7,-6.58366933763247
19,185,-11,6.78460213034632
19,186,0,-0.746898149819984
19,187,-10,3.25390310105876
19,188,-4,15.4024977112968
19,189,34,13.7835849321335
19,190,9,-27.5397845328147
19,191,-25,-31.988726342947
19,192,22,2.84262329054038
19,193,-33,-29.5789500286002
19,194,4,25.5921811347735
19,195,-4,10.2709329527506
19,196,7,7.72323151310041
19,197,0,2.72807486459411
19,198,7,0.0168480350431817
19,199,-14,-8.58309316986273
19,200,39,13.7058767406236
19,201,-39,-40.2382047274075
19,202,36,17.6818381950293
19,203,-8,-30.1876351376276
19,204,-32,-13.3793470573223
19,205,7,33.7363796379819
19,206,3,9.34070981494029
19,207,11,9.76726995720589
19,208,-1,-2.50717571625556
19,209,5,-2.95208124158484
19,210,-4,-8.0575238077171
19,211,-21,3.00731889614713
19,212,18,24.7215153444602
19,213,3,-9.3224326673977
19,214,-11,-4.5756424481812
19,215,0,14.3389857843544
19,216,11,8.68302601578736
19,217,-7,-3.43634739138045
19,218,-7,9.14854281522293
19,219,3,8.54378938784853
19,220,0,0.74130041438315
19,221,22,11.0439868654139
19,222,-25,-20.7355285471938
19,223,11,13.1428970638492
19,224,-8,-3.27163424904945
19,225,-3,9.19464101997907
19,226,34,10.9076479741647
19,227,-28,-36.9115495446759
19,228,-3,13.8141978947128
19,229,11,11.9728626342698
19,230,31,-4.75541024322555
19,231,-45,-39.1877317275556
19,232,18,26.9131831892683
19,233,-7,-11.5098569033072
19,234,3,8.01321121974665
19,235,-14,13.2495031191182
19,236,11,10.1922795868926
19,237,-8,2.13972283608526
19,238,-3,20.7387685963294
19,239,3,20.4057806548779
19,240,4,-0.622650845414666
19,241,-14,6.50205890846651
19,242,28,19.077081511745
19,243,-21,-21.2413672570358
19,244,3,11.3139345891723
19,245,-3,6.30789736892112
19,246,-4,2.32431993756859
19,247,7,13.1369297515548
19,248,-3,0.493034600461712
19,249,26,5.62902688608087
19,250,10,-26.3548217440506
19,251,-25,-25.6899697552232
19,252,14,3.07108544656452
19,253,-36,-19.3843071933377
19,254,14,31.350755789597
19,255,29,6.71006172731305
19,256,7,-27.9080260447615
19,257,-18,-17.8239477393846
19,258,-18,9.58249695060237
19,259,-10,21.9197574711619
19,260,32,25.4528415095507
19,261,-32,-16.1567610366951
19,262,-4,23.3866750470086
19,263,0,30.7396444408023
19,264,18,29.6951735206239
19,265,25,6.06185120059553
19,266,-39,-34.6215082719605
19,267,28,18.7272468998359
19,268,-25,-22.2513381478806
19,269,0,20.9546921625313
19,270,4,6.77157665342735
19,271,3,-3.03857500424127
19,272,-3,5.92410598503855
19,273,-7,14.1797822536702
19,274,3,18.1588197792729
20,1,-4,15.095832816746
20,2,7,14.5710878050058
20,3,15,5.43897709087544
20,4,-11,-15.2582491482259
20,5,7,1.47303975098073
20,6,-21,-12.1136460401084
20,7,0,22.9930724290901
20,8,3,16.4751502374204
20,9,11,6.76661418910576
20,10,29,-6.58918555120545
20,11,-7,-39.1207863328371
20,12,-33,-14.5436243153092
20,13,-3,23.8188417091914
20,14,7,18.8699925432536
20,15,0,5.19774186094046
20,16,14,9.79787626679186
20,17,0,-14.8959894383277
20,18,29,-4.59426546994947
20,19,-32,-30.6866411498393
20,20,21,15.1670327932632
20,21,15,-33.1071080079648
20,22,-26,-39.2976002101809
20,23,-7,11.417731454404
20,24,11,6.6335138299453
20,25,-11,-3.9507992872349
20,26,-3,21.1411644779078
20,27,-8,22.5167999510304
20,28,-3,14.0641153793108
20,29,14,29.6366005777583
20,30,-3,7.70798248874936
20,31,25,2.62100828909034
20,32,-28,-31.1890991463607
20,33,-8,19.1937753057727
20,34,0,16.3558542818783
20,35,7,11.9061403663896
20,36,0,3.62572168985913
20,37,11,2.79636368588608
20,38,-4,-10.3543141173253
20,39,7,-0.232043637498927
20,40,0,-1.90379397235057
20,41,-25,-12.6051407576632
20,42,7,23.2415191950177
20,43,22,5.24221605178421
20,44,-4,-18.0368814367506
20,45,-3,-2.85236024335644
20,46,-22,-1.44978537848215
20,47,0,24.4818985435251
20,48,0,23.9510725904628
20,49,0,19.3028127729392
20,50,4,7.9972104388347
20,51,-4,5.15765197168707
20,52,21,17.4082650192616
20,53,-17,-15.8739061830165
20,54,-4,12.1055786337408
20,55,4,3.92415746178528
20,56,18,-1.19985760327984
20,57,-22,-19.1425111863504
20,58,4,15.589581523103
20,59,-7,0.581393057617863
20,60,10,12.2442370843216
20,61,0,6.70748586503892
20,62,-3,-2.73576372789828
20,63,-7,1.35927685482081
20,64,3,12.6086074829637
20,65,-3,11.1608453003258
20,66,18,6.53620973294996
20,67,-11,-16.0443716730986
20,68,-4,2.16654379674492
20,69,-15,-14.8311317075356
20,70,0,11.737103148826
20,71,11,6.10927077523442
20,72,-7,-4.52323460509115
20,73,14,7.67745424029688
20,74,-8,-14.7949667973107
20,75,-6,-2.0383058508784
20,76,18,10.64933899901
20,77,0,-16.1249149926092
20,78,7,-12.7794512050032
20,79,-21,-18.6796188628469
20,80,-5,13.9194826166742
20,81,-6,13.5514212827002
20,82,11,25.0299022167663
20,83,-11,2.77317448589734
20,84,-4,17.3027706690444
20,85,7,22.5904543643497
20,86,8,8.39670594390359
20,87,18,2.58820521888119
20,88,-11,-28.5280802883695
20,89,-15,-7.6153042061204
20,90,11,9.91943752880796
20,91,0,-4.478630466147
20,92,-18,-2.00422619227296
20,93,11,20.7726956995469
20,94,18,-1.6630793891631
20,95,-18,-15.5614307160088
20,96,14,21.4002141637854
20,97,8,-15.8020898109471
20,98,-4,-22.3455298492408
20,99,-25,-1.9180216422101
20,100,11,23.7805006897914
20,101,0,-5.15238858628948
20,102,0,9.67686451959693
20,103,0,12.2022003484557
20,104,-4,-1.37394227661076
20,105,18,12.9364458857687
20,106,-7,-10.2355635679518
20,107,-11,0.955790043353542
20,108,-11,5.37397436877747
20,109,-3,21.5481668398918
20,110,3,22.4696969504884
20,111,-7,15.6900963061479
20,112,0,21.2970928916149
20,113,4,15.1105530768403
20,114,18,14.4360188368357
20,115,0,-13.3065713827366
20,116,-11,-11.4426223150462
20,117,0,0.387782613013277
20,118,-4,-1.91383284725158
20,119,29,8.19371656965042
20,120,-4,-33.5024015550407
20,121,-21,-17.404446279133
20,122,3,12.8298034304108
20,123,11,6.55856081810276
20,124,-18,-4.49854419650716
20,125,0,20.2193176722322
20,126,-7,8.13203723251976
20,127,0,17.5194891521082
20,128,4,27.8603758942179
20,129,7,11.0117853936771
20,130,0,-5.76290763454107
20,131,29,0.80513909279502
20,132,-4,-35.2663235832867
20,133,-32,-24.1002527188491
20,134,0,21.3426420416533
20,135,0,6.50430415594104
20,136,0,12.787032218826
20,137,7,15.0069809781369
20,138,-4,-0.59626336529829
20,139,-3,7.57333199354377
20,140,10,21.1221143686595
20,141,8,-1.97670857993266
20,142,3,-18.6251814246007
20,143,-11,-15.1897657010132
20,144,-10,0.450631468907536
20,145,3,12.5059831136555
20,146,11,8.79490827194324
20,147,7,-6.83655789420182
20,148,-7,-13.557181141436
20,149,11,1.22987042998155
20,150,-7,-12.8786769035118
20,151,3,3.03966789221195
20,152,-3,-6.6390300493304
20,153,7,-4.73471319787022
20,154,-7,-9.53292955460223
20,155,-11,6.65169647572561
20,156,0,-2.96150896753742
20,157,-10,1.52527830708285
20,158,-4,15.2824309220001
20,159,34,12.6759900286549
20,160,9,-28.8949998005456
20,161,-25,-31.6798097343698
20,162,22,3.0164489407639
20,163,-33,-34.0809080400296
20,164,4,29.7679064054733
20,165,-4,13.1983117102276
20,166,7,8.96867866754262
20,167,0,2.12241605880534
20,168,7,0.0960187966791484
20,169,-14,-10.8730787902822
20,170,39,14.9387091016013
20,171,-39,-42.3382749697606
20,172,36,20.216966760805
20,173,-8,-35.3742716105619
20,174,-32,-11.864527993247
20,175,7,35.0316274594133
20,176,3,7.9638288614432
20,177,11,8.55287770562833
20,178,-1,-2.44052753627388
20,179,5,-3.0379464788933
20,180,-4,-12.2493277695125
20,181,-21,2.76535929523461
20,182,18,28.7697892254414
20,183,3,-9.559662687919
20,184,-11,-5.15955099067745
20,185,0,12.8977098556198
20,186,11,7.28658447436793
20,187,-7,-5.97435264286289
20,188,-7,11.4433868723571
20,189,3,10.9328791431737
20,190,0,-2.43561700508893
20,191,22,10.6691592871815
20,192,-25,-21.3125344373395
20,193,11,14.0792301646612
20,194,-8,-6.95800856016479
20,195,-3,11.5236718506334
20,196,34,12.1000255860317
20,197,-28,-39.5547453538701
20,198,-3,13.7693989403942
20,199,11,8.9634472552994
20,200,31,-2.83788986652546
20,201,-45,-42.6417973452695
20,202,18,32.4198852959058
20,203,-7,-16.288698016129
20,204,3,5.95892812733528
20,205,-14,16.8219898801894
20,206,11,12.9340016452325
20,207,-8,-3.90950914392393
20,208,-3,18.9911122222084
20,209,3,24.6971132214191
20,210,4,-2.65202164294621
20,211,-14,5.67752807183744
20,212,28,20.3186749286289
20,213,-21,-23.2402500225128
20,214,3,11.8411949183905
20,215,-3,6.08479895095
20,216,-4,3.41446769087499
20,217,7,12.4115644828127
20,218,-3,0.651456226642152
20,219,26,5.45310263364412
20,220,10,-32.4388579597092
20,221,-25,-25.2702189685322
20,222,14,3.85189179640738
20,223,-36,-20.1746122306158
20,224,14,36.202634777117
20,225,29,6.2584311805669
20,226,7,-30.00965430758
20,227,-18,-24.9057419089797
20,228,-18,8.25581205537696
20,229,-10,24.0583317478356
20,230,32,28.0580767365571
20,231,-32,-12.1063437524195
20,232,-4,24.048943654766
20,233,0,23.7361315078926
20,234,18,27.8990849941403
20,235,25,6.89393976748178
20,236,-39,-33.3760388017931
20,237,28,19.6159340115636
20,238,-25,-29.467841873341
20,239,0,28.4831533016954
20,240,4,8.71137882202148
20,241,3,-2.40541900883355
20,242,-3,0.295011450357408
20,243,-7,12.11963640637
20,244,3,20.8494099475288
20,245,-3,0.330631957669414
20,246,14,18.3650557084948
20,247,-11,-14.8846656427098
20,248,15,6.88993025157713
20,249,14,-14.6527964316959
20,250,0,-26.4607604848364
20,251,-25,-18.9146142712704
20,252,-4,11.9897844581126
20,253,25,11.4177780059597
20,254,-18,-19.5228909499339
20,255,33,18.9501553440986
20,256,50,-41.0841943225762
20,257,-63,-86.1967943005079
20,258,16,29.2534479479738
20,259,15,-21.0582998965799
20,260,-43,-38.6470884426033
20,261,0,42.0445173681604
20,262,-15,21.2057661489394
20,263,18,31.0126583371593
20,264,11,25.100043908835
20,265,-18,15.7066659797708
20,266,0,12.2249143417198
20,267,4,17.7217443279804
20,268,-15,13.8366626524622
20,269,43,20.2592760226507
20,270,-22,-42.7940574032869
20,271,-14,-1.26565746199468
20,272,0,20.6838951246726
20,273,26,11.8724969943491
20,274,3,-22.8487745094228
21,1,7,17.5915836257954
21,2,15,5.52560676609011
21,3,-11,-13.763173559003
21,4,7,7.30078295382935
21,5,-21,-7.94609444320667
21,6,0,26.1044260255389
21,7,3,18.166302157641
21,8,11,5.51792777778211
21,9,29,-7.4403792207136
21,10,-7,-39.438929369448
21,11,-33,-10.6930986090781
21,12,-3,38.4466602295584
21,13,7,18.6919572909595
21,14,0,3.86777232722231
21,15,14,8.00021370932016
21,16,0,-17.1925164150418
21,17,29,-2.59196516157694
21,18,-32,-30.8299632362437
21,19,21,25.2361703264944
21,20,15,-24.5324629536148
21,21,-26,-40.7140924629644
21,22,-7,16.4173892511664
21,23,11,10.529388213528
21,24,-11,-11.8587679430093
21,25,-3,24.6934314490277
21,26,-8,18.0278970381783
21,27,-3,19.6698422368099
21,28,14,28.7857265445498
21,29,-3,4.52376798902381
21,30,25,8.7088004392983
21,31,-28,-27.3960837434268
21,32,-8,24.5332785238551
21,33,0,24.5247785623978
21,34,7,10.7772540035939
21,35,0,2.23321383856655
21,36,11,4.67101335349325
21,37,-4,-12.9550479937501
21,38,7,6.40577478414202
21,39,0,-2.1789873433214
21,40,-25,-4.88490500861358
21,41,7,29.602576177827
21,42,22,4.98755391480342
21,43,-4,-24.3262554216163
21,44,-3,0.820753562294481
21,45,-22,1.91224082416192
21,46,0,30.1650389040903
21,47,0,25.0223490853832
21,48,0,16.5498420156764
21,49,4,10.8629180205827
21,50,-4,5.22536001830795
21,51,21,16.6156101295524
21,52,-17,-12.5327301652226
21,53,-4,17.6598454558569
21,54,4,12.7095988975948
21,55,18,-1.60005038907962
21,56,-22,-20.4453187405688
21,57,4,21.2602962895821
21,58,-7,1.52480865075552
21,59,10,14.6699678008497
21,60,0,3.51822629465824
21,61,-3,1.23681568463634
21,62,-7,4.19303935301839
21,63,3,16.7316254307908
21,64,-3,8.70319699454768
21,65,18,12.1489350025168
21,66,-11,-17.5725583124259
21,67,-4,7.22728209683916
21,68,-15,-14.1674555193998
21,69,0,14.3101495461837
21,70,11,8.6367388668669
21,71,-7,-7.88338462564379
21,72,14,12.1624387562422
21,73,-8,-14.3805237960558
21,74,-6,2.04732640444824
21,75,18,14.7661009665043
21,76,0,-18.0627155696363
21,77,7,-9.11789052994014
21,78,-21,-14.2858487500597
21,79,-5,16.3533696149466
21,80,-6,18.0211854595072
21,81,11,21.9026787983232
21,82,-11,0.904989037264514
21,83,-4,20.1510559012885
21,84,7,21.9087106583971
21,85,8,10.1109185803148
21,86,18,2.61355972389765
21,87,-11,-22.4781757982666
21,88,-15,-1.38491995763427
21,89,11,18.5189167201173
21,90,0,-6.76520244966509
21,91,-18,-1.03363136082594
21,92,11,24.9473151285932
21,93,18,-4.54018376176339
21,94,-18,-18.0525819096147
21,95,14,25.3618377483169
21,96,8,-11.580048747648
21,97,-4,-19.1555766895175
21,98,-25,2.24409836370809
21,99,11,28.9843737161698
21,100,0,-4.33781060685669
21,101,0,7.16563469441027
21,102,0,9.9296301756989
21,103,-4,3.32754767699858
21,104,18,13.4669639215654
21,105,-7,-9.3384883893231
21,106,-11,4.22411372264856
21,107,-11,15.3291152765884
21,108,-3,21.698865035325
21,109,3,21.8777377055788
21,110,-7,14.5645597839299
21,111,0,21.1039575435515
21,112,4,18.039445372001
21,113,18,12.9325077913171
21,114,0,-10.6191832496849
21,115,-11,-5.11507432317159
21,116,0,8.79128794512561
21,117,-4,1.77980268729938
21,118,29,8.418437322906
21,119,-4,-34.5992024415093
21,120,-21,-15.6651768934697
21,121,3,20.6088407157315
21,122,11,5.71814477744755
21,123,-18,-6.68614489886246
21,124,0,25.8951293640644
21,125,-7,7.96085243783594
21,126,0,18.6847341209404
21,127,4,25.0722612367363
21,128,7,11.7142597955202
21,129,0,-1.68284731922814
21,130,29,4.9467667690879
21,131,-4,-36.2087118857855
21,132,-32,-15.1214374050765
21,133,0,31.5072362928811
21,134,0,8.30135527137873
21,135,0,8.52950753574135
21,136,7,13.6433358260392
21,137,-4,-3.86234924744201
21,138,-3,10.7600665095863
21,139,10,22.2238469767236
21,140,8,-0.187022768407184
21,141,3,-11.4850371579284
21,142,-11,-11.4555641397893
21,143,-10,5.14349607507915
21,144,3,16.2509787955099
21,145,11,7.12361821794774
21,146,7,-8.4371292660829
21,147,-7,-12.1676262842517
21,148,11,4.27848208430213
21,149,-7,-10.7208333843883
21,150,3,6.44889645923616
21,151,-3,-2.0437570116414
21,152,7,-2.20544489242215
21,153,-7,-9.48635875807911
21,154,-11,7.81522564552373
21,155,0,-5.37798774542292
21,156,-10,3.38361231361159
21,157,-4,17.3528524598611
21,158,34,17.5272999084103
21,159,9,-32.6940853074842
21,160,-25,-27.49557998158
21,161,22,14.0301776332986
21,162,-33,-32.1642144224116
21,163,4,32.3715998701185
21,164,-4,15.0569917062954
21,165,7,5.2935145707446
21,166,0,5.91701652619734
21,167,7,2.18715038408455
21,168,-14,-8.07097571105731
21,169,39,19.3604704374773
21,170,-39,-44.8887597855566
21,171,36,28.7832466455162
21,172,-8,-34.7834395866713
21,173,-32,-11.930678022236
21,174,7,43.4693763052054
21,175,3,9.98199128854635
21,176,11,6.65462313905148
21,177,-1,-3.42419141532651
21,178,5,-0.774473085005449
21,179,-4,-7.34573355070189
21,180,-21,5.02406746979306
21,181,18,33.8123927552402
21,182,3,-8.77563113239513
21,183,-11,-6.6662140635574
21,184,0,17.2449536114179
21,185,11,7.46081741594138
21,186,-7,-5.77564449451705
21,187,-7,15.2023766377808
21,188,3,14.1593349353236
21,189,0,1.69438099589636
21,190,22,9.05886778560535
21,191,-25,-21.9777218066264
21,192,11,21.1585800971456
21,193,-8,-3.20009995186177
21,194,-3,10.8124780120393
21,195,34,15.5697296859267
21,196,-28,-41.119823269146
21,197,-3,17.5510990420921
21,198,11,17.0199725210334
21,199,31,-9.54154181100292
21,200,-45,-39.4488105586631
21,201,18,40.2801013597185
21,202,-7,-14.4625081021681
21,203,3,6.93844020355464
21,204,-14,13.0752812001038
21,205,11,19.507894778779
21,206,-8,-5.74655020522657
21,207,-3,21.8383775332876
21,208,3,20.7740420819533
21,209,4,6.59086820428929
21,210,-14,3.26248288747088
21,211,28,26.6442368242939
21,212,-21,-25.3831114718909
21,213,3,18.8860950563392
21,214,-3,8.801733699343
21,215,-4,4.99655938716635
21,216,7,14.4364126433466
21,217,-3,1.47549144487102
21,218,26,4.33703836881115
21,219,10,-28.0310165245316
21,220,-25,-27.6134900756533
21,221,14,17.6906458150562
21,222,-36,-17.9849479037889
21,223,14,39.2450712331445
21,224,29,6.00119464256622
21,225,7,-39.5929150259903
21,226,-18,-21.7420987693898
21,227,-18,15.3882283559419
21,228,-10,27.4965730918598
21,229,32,35.2224124370148
21,230,-32,-21.9237633928977
21,231,-4,31.6137663022446
21,232,0,25.1204727019423
21,233,18,22.3851233091652
21,234,25,5.65590624877002
21,235,-39,-29.0829603940837
21,236,28,30.9760509594625
21,237,-25,-22.6995344278784
21,238,0,24.8467610567558
21,239,4,17.4932002502546
21,240,3,-5.29883687538319
21,241,-3,-1.214894444651
21,242,-7,14.7541615332155
21,243,3,17.6287238984042
21,244,-3,10.477522634673
21,245,14,14.6373157562564
21,246,-11,-10.2454040057965
21,247,15,10.1748241691538
21,248,14,-12.9283775716025
21,249,0,-25.6684634992608
21,250,-25,-13.3451860563077
21,251,-4,21.1216236651613
21,252,25,11.4690582695181
21,253,-18,-23.1888181577365
21,254,33,18.0336916784065
21,255,50,-39.2904685924753
21,256,-63,-90.9529642699089
21,257,16,45.8701023793127
21,258,15,-13.6852802642565
21,259,-43,-41.8993596072403
21,260,0,50.4626387235986
21,261,-15,14.8083377408154
21,262,18,26.6533389686474
21,263,11,20.8217659174413
21,264,-18,4.5429547477548
21,265,0,29.2938170160967
21,266,4,22.4078560470698
21,267,-15,11.2992028893647
21,268,43,32.1341288760051
21,269,-22,-47.2131789116175
21,270,-14,5.10168279003065
21,271,0,27.5084199374767
21,272,26,9.79255057863576
21,273,3,-23.5426251084707
21,274,-25,-12.0503975651948
22,1,-21,-5.98465722551249
22,2,0,18.1223012786783
22,3,3,20.2586747128079
22,4,11,7.39470116817787
22,5,29,-1.40327158800574
22,6,-7,-34.784200235691
22,7,-33,-14.5984438056166
22,8,-3,27.1605357498303
22,9,7,18.0156733019326
22,10,0,3.05501465678018
22,11,14,15.4530271362745
22,12,0,-5.13461654629561
22,13,29,-5.83194773016456
22,14,-32,-31.0337540709256
22,15,21,11.915455237023
22,16,15,-19.2527726714027
22,17,-26,-43.6868340095438
22,18,-7,15.1929822031679
22,19,11,14.9749287497625
22,20,-11,-6.79341233376502
22,21,-3,18.7163658144446
22,22,-8,28.379361462805
22,23,-3,17.7603534141088
22,24,14,26.4159038320022
22,25,-3,7.83172381952911
22,26,25,6.65513580186819
22,27,-28,-24.1810541932638
22,28,-8,14.4985681155296
22,29,0,23.2234773106427
22,30,7,8.38528318633209
22,31,0,6.68071921793394
22,32,11,7.91529984838967
22,33,-4,-5.27671960332176
22,34,7,-2.03843668979189
22,35,0,-1.54159639254005
22,36,-25,-9.63718983786833
22,37,7,25.6820263607407
22,38,22,9.83341894587927
22,39,-4,-19.3380835773048
22,40,-3,0.26859652620093
22,41,-22,5.5768479851255
22,42,0,22.2697095266857
22,43,0,22.2768883656894
22,44,0,18.5792726734215
22,45,4,16.2079380986047
22,46,-4,8.30013118725546
22,47,21,15.5113412819971
22,48,-17,-13.4757873248716
22,49,-4,10.2641701165572
22,50,4,12.5413787852259
22,51,18,-2.42440383316112
22,52,-22,-16.8561169176687
22,53,4,17.3553605672171
22,54,-7,8.87741093395711
22,55,10,7.1149806736255
22,56,0,7.89140707985213
22,57,-3,1.2237605730192
22,58,-7,6.80338457804392
22,59,3,11.9939216044101
22,60,-3,10.5150573050589
22,61,18,8.74889198691709
22,62,-11,-10.758566315327
22,63,-4,2.8388186224378
22,64,-15,-12.7022608262987
22,65,0,14.254101148307
22,66,11,9.82820238760756
22,67,-7,-6.36324297490429
22,68,14,8.9870437022478
22,69,-8,-7.67024182987521
22,70,-6,-2.11840809343808
22,71,18,12.6847704783171
22,72,0,-14.7341769626323
22,73,7,-11.0229894646727
22,74,-21,-11.866230543152
22,75,-5,13.4527178573715
22,76,-6,16.4966684062727
22,77,11,21.1145085162503
22,78,-11,8.32586066279993
22,79,-4,19.6425455817363
22,80,7,25.9164629517716
22,81,8,6.57182729341895
22,82,18,1.86099701911099
22,83,-11,-21.8174021214131
22,84,-15,-4.98528750887775
22,85,11,13.3960972096096
22,86,0,-5.68119246351124
22,87,-18,-1.96944718247801
22,88,11,27.1028329730548
22,89,18,3.89993794535494
22,90,-18,-18.8934356821612
22,91,14,20.6349616381813
22,92,8,-5.8361249529093
22,93,-4,-24.454640520788
22,94,-25,-0.945867532263059
22,95,11,27.4764504118281
22,96,0,0.528714972725055
22,97,0,4.09264192808754
22,98,0,17.5136880073596
22,99,-4,4.52240060595599
22,100,18,11.4434158502154
22,101,-7,-9.86548994859516
22,102,-11,1.54300421516628
22,103,-11,13.1522391651002
22,104,-3,20.3961916038501
22,105,3,21.9164900546847
22,106,-7,17.3222862234143
22,107,0,24.9597544879173
22,108,4,18.6037620633617
22,109,18,11.9309560673537
22,110,0,-11.0073743272963
22,111,-11,-8.81022243527853
22,112,0,5.71614552111409
22,113,-4,-0.82343137436869
22,114,29,6.40729504482295
22,115,-4,-26.5943938600563
22,116,-21,-15.2445974179593
22,117,3,18.7833290682729
22,118,11,5.18295623677685
22,119,-18,-7.80494036690305
22,120,0,23.7698707190773
22,121,-7,17.5039221654989
22,122,0,14.8359162502669
22,123,4,25.3980614109622
22,124,7,13.7158338465311
22,125,0,-0.488250129909925
22,126,29,1.58268404282907
22,127,-4,-31.6896243449743
22,128,-32,-23.8158547250934
22,129,0,26.0322885231003
22,130,0,9.61284358885266
22,131,0,8.15342194654099
22,132,7,19.8723135746652
22,133,-4,6.52539511079176
22,134,-3,7.99656084839993
22,135,10,17.9639395105122
22,136,8,-0.654414320871004
22,137,3,-14.3891398760423
22,138,-11,-10.8462421007012
22,139,-10,3.27896565291884
22,140,3,13.5603075074586
22,141,11,8.23072830321201
22,142,7,-3.87339433102149
22,143,-7,-8.26094184070518
22,144,11,4.05095730272965
22,145,-7,-11.3266290827884
22,146,3,-0.0981389183978554
22,147,-3,-0.492556001468516
22,148,7,-1.96246096055236
22,149,-7,-5.98744313422574
22,150,-11,6.27682678921665
22,151,0,-0.621366780333107
22,152,-10,3.35974693600044
22,153,-4,18.0649418516962
22,154,34,13.9120421183558
22,155,9,-28.3370875658419
22,156,-25,-29.9714253108808
22,157,22,11.5383021133798
22,158,-33,-28.7284852580294
22,159,4,18.4502083096827
22,160,-4,22.8573268292452
22,161,7,9.86245739293349
22,162,0,5.4513580544849
22,163,7,3.50154573572582
22,164,-14,-8.37907717461628
22,165,39,13.5986171774137
22,166,-39,-34.8560618379699
22,167,36,15.9234568190953
22,168,-8,-21.2450112751575
22,169,-32,-20.9884478535661
22,170,7,41.4834345713966
22,171,3,11.8038223362988
22,172,11,6.1603086178448
22,173,-1,-0.702656022929744
22,174,5,1.61780732331199
22,175,-4,-7.00736801679031
22,176,-21,0.153914297202352
22,177,18,28.9255879806042
22,178,3,-3.73706649279567
22,179,-11,-6.38466263263279
22,180,0,18.675885229644
22,181,11,10.3134949420562
22,182,-7,-7.47384128338317
22,183,-7,10.3583513846875
22,184,3,17.5163538638335
22,185,0,0.770388158684642
22,186,22,8.02895426824822
22,187,-25,-16.3775382262135
22,188,11,15.1672946370772
22,189,-8,0.549737704018424
22,190,-3,4.61768882905644
22,191,34,17.066300567929
22,192,-28,-33.5438049438922
22,193,-3,12.0302693761992
22,194,11,17.597781470297
22,195,31,-8.31988719307354
22,196,-45,-38.5354230323292
22,197,18,32.8357846464981
22,198,-7,-1.3364190349539
22,199,3,-6.30260240568495
22,200,-14,19.2633987404316
22,201,11,19.3319593532842
22,202,-8,1.95754155697519
22,203,-3,12.8561625545496
22,204,3,27.1186925220289
22,205,4,2.64085284995903
22,206,-14,4.90600530512515
22,207,28,21.7939527363378
22,208,-21,-17.1570048014518
22,209,3,8.17288050140933
22,210,-3,13.7665247663109
22,211,-4,1.76525619262361
22,212,7,14.41962503753
22,213,-3,3.4174119044974
22,214,26,7.66144299219094
22,215,10,-26.6864077278871
22,216,-25,-27.6209268518475
22,217,14,9.4329913951898
22,218,-36,-15.3695583669872
22,219,14,28.6575150944598
22,220,29,15.9864815492885
22,221,7,-29.7120599475716
22,222,-18,-19.3052329625672
22,223,-18,11.0070783904712
22,224,-10,23.2371676320423
22,225,32,23.9731089748752
22,226,-32,-9.47640068973107
22,227,-4,29.2349802284475
22,228,0,34.5679681753305
22,229,18,17.9575511403176
22,230,25,5.51199154604245
22,231,-39,-26.9752795355999
22,232,28,24.5292320339499
22,233,-25,-21.1751964847699
22,234,0,12.9077703368216
22,235,4,21.3631312649932
22,236,3,-0.222855664986995
22,237,-3,3.66617746280732
22,238,-7,11.7461124862954
22,239,3,21.6346068850228
22,240,-3,3.60157675051284
22,241,14,15.4703382648002
22,242,-11,-7.59087013866429
22,243,15,7.31688840823177
22,244,14,-9.14025546883978
22,245,0,-27.8247657844635
22,246,-25,-14.9378230484529
22,247,-4,15.5755972923291
22,248,25,13.7727757645102
22,249,-18,-20.823486724823
22,250,33,19.2746733125514
22,251,50,-25.9133116264799
22,252,-63,-88.5112966714259
22,253,16,24.5772887964362
22,254,15,-5.46811922554515
22,255,-43,-48.3212392712755
22,256,0,43.1637995280821
22,257,-15,34.6673862948223
22,258,18,27.9891710466238
22,259,11,22.3992818210622
22,260,-18,13.3985535709822
22,261,0,22.6264604864063
22,262,4,16.9067164682473
22,263,-15,7.89096142974286
22,264,43,24.060388535104
22,265,-22,-32.5746954011642
22,266,-14,-3.9974936304487
22,267,0,28.005154697504
22,268,26,8.03603965292098
22,269,3,-21.4726910828875
22,270,-25,-12.3283601444279
22,271,14,23.374525603211
22,272,-14,-11.9189860052763
22,273,25,17.4459229961336
22,274,22,-10.1793031765874
23,1,-3,27.1055277192224
23,2,7,15.1902259011512
23,3,0,3.09874552156549
23,4,14,12.1527447492626
23,5,0,-10.605180389947
23,6,29,-6.5325816436441
23,7,-32,-35.2002222980334
23,8,21,17.7179267170037
23,9,15,-25.9245255038338
23,10,-26,-47.1940232518182
23,11,-7,13.6159183436637
23,12,11,6.47901257925363
23,13,-11,-9.23688454057111
23,14,-3,17.9456651638744
23,15,-8,24.945088044888
23,16,-3,19.5034087041089
23,17,14,25.7241659735821
23,18,-3,7.58089462982335
23,19,25,10.1302413295166
23,20,-28,-28.6204738778732
23,21,-8,18.1454502358898
23,22,0,20.7763515047693
23,23,7,7.59540016952083
23,24,0,5.90326593668449
23,25,11,4.45947354652855
23,26,-4,-8.09434722929828
23,27,7,-2.01333614041626
23,28,0,-3.33715142860177
23,29,-25,-9.09098998755852
23,30,7,25.7360156709296
23,31,22,4.1248849355203
23,32,-4,-21.8705390793616
23,33,-3,-0.68334091155749
23,34,-22,1.57547260045478
23,35,0,24.1349731508201
23,36,0,20.5966956794855
23,37,0,19.2771573922408
23,38,4,15.8168116169965
23,39,-4,5.2010561436266
23,40,21,16.4642874347092
23,41,-17,-14.906431470854
23,42,-4,14.3007496710469
23,43,4,10.3697992556076
23,44,18,-4.55480707222914
23,45,-22,-19.5341183576498
23,46,4,16.9324972288053
23,47,-7,4.24509241371128
23,48,10,7.44545102657936
23,49,0,5.56182774621445
23,50,-3,0.767289276761613
23,51,-7,5.6055840063712
23,52,3,10.1259343994912
23,53,-3,9.8766666066629
23,54,18,9.32976426628695
23,55,-11,-14.5236979879834
23,56,-4,3.3861103525764
23,57,-15,-16.0704669121014
23,58,0,12.9948690752471
23,59,11,5.54744255025983
23,60,-7,-7.84355260344318
23,61,14,9.2573600430744
23,62,-8,-12.4500354569605
23,63,-6,-1.47311502887997
23,64,18,10.0852644385137
23,65,0,-18.4250583416668
23,66,7,-10.5067246935966
23,67,-21,-17.5647922139599
23,68,-5,12.9849781613349
23,69,-6,13.5511113012483
23,70,11,20.0091356976919
23,71,-11,6.56878509351818
23,72,-4,19.32442838472
23,73,7,24.5323832927971
23,74,8,6.84216454026373
23,75,18,3.59580244729703
23,76,-11,-23.4550751006121
23,77,-15,-4.49064884653171
23,78,11,11.0369145320303
23,79,0,-9.55828701923192
23,80,-18,-2.05398821246692
23,81,11,24.4329752236578
23,82,18,-1.43795973335032
23,83,-18,-20.3076111495684
23,84,14,21.9516310255507
23,85,8,-9.8653021737592
23,86,-4,-24.1851575584004
23,87,-25,-3.24745548882017
23,88,11,26.2744350952037
23,89,0,-3.48953979013681
23,90,0,2.66528409847897
23,91,0,15.1357246709302
23,92,-4,2.94198575577235
23,93,18,11.3572732677369
23,94,-7,-12.4345656012321
23,95,-11,3.95859131201208
23,96,-11,11.5797421022573
23,97,-3,18.4638562121426
23,98,3,21.5906956490204
23,99,-7,15.8790213644458
23,100,0,25.5350753869068
23,101,4,17.6566504377453
23,102,18,12.6535543389788
23,103,0,-10.6252748511046
23,104,-11,-7.67336365323838
23,105,0,4.93702174567683
23,106,-4,-3.68637609600039
23,107,29,5.62722941017785
23,108,-4,-32.7793910947458
23,109,-21,-16.6242342341985
23,110,3,15.5646465364398
23,111,11,0.824464360037526
23,112,-18,-7.60844338789116
23,113,0,23.6420429866984
23,114,-7,13.0109205023314
23,115,0,15.0405577111126
23,116,4,24.430698376212
23,117,7,14.5434348204698
23,118,0,0.308878948139029
23,119,29,0.612969521881515
23,120,-4,-35.2789326073712
23,121,-32,-22.4861575369957
23,122,0,24.6742989324776
23,123,0,4.44609937372334
23,124,0,7.63086646049486
23,125,7,16.1337761927689
23,126,-4,2.90008507126802
23,127,-3,8.25638994108068
23,128,10,17.4502780387867
23,129,8,0.603392384349636
23,130,3,-13.7107454053
23,131,-11,-13.943884470849
23,132,-10,1.39612668836894
23,133,3,11.2614689365056
23,134,11,5.52921782154673
23,135,7,-6.15082728471043
23,136,-7,-11.3017610844722
23,137,11,2.04811666172463
23,138,-7,-14.5846896513414
23,139,3,0.903229741236914
23,140,-3,-3.32203109597856
23,141,7,-4.36162063320624
23,142,-7,-10.1335108116693
23,143,-11,3.90397795773586
23,144,0,-2.91507921162011
23,145,-10,1.52521997809421
23,146,-4,17.5941818635201
23,147,34,13.4465486934739
23,148,9,-31.7690464944709
23,149,-25,-29.6909458197777
23,150,22,9.7323535526041
23,151,-33,-36.7471361902374
23,152,4,22.3056200884417
23,153,-4,15.9951585919493
23,154,7,8.72573937810527
23,155,0,4.30543944784476
23,156,7,1.56869816456347
23,157,-14,-9.79733075568989
23,158,39,13.5533575753703
23,159,-39,-41.7247481346117
23,160,36,20.8850668510354
23,161,-8,-32.6413659941971
23,162,-32,-19.5104787502612
23,163,7,41.1704814863446
23,164,3,8.41357038192896
23,165,11,4.97074690233594
23,166,-1,-3.06286922735508
23,167,5,0.886806879268262
23,168,-4,-9.57988209769258
23,169,-21,-0.875398830249282
23,170,18,30.1218426758113
23,171,3,-8.06658360130348
23,172,-11,-6.43587228984732
23,173,0,16.252022906021
23,174,11,7.11633899656883
23,175,-7,-7.61352486966269
23,176,-7,10.6406446581085
23,177,3,16.4302619023263
23,178,0,-0.797553525565452
23,179,22,6.71303751350875
23,180,-25,-20.0698267154732
23,181,11,17.9092279711883
23,182,-8,-5.26784693928446
23,183,-3,5.74024292943627
23,184,34,16.1420628380288
23,185,-28,-40.1245739493739
23,186,-3,15.7730792652835
23,187,11,11.0167485635595
23,188,31,-9.39836275787168
23,189,-45,-40.6066445307548
23,190,18,33.9492090500689
23,191,-7,-9.44673744013503
23,192,3,-4.92293092888434
23,193,-14,16.5023372273691
23,194,11,18.688242770924
23,195,-8,-0.589520573075209
23,196,-3,12.1813121791656
23,197,3,27.2501242546491
23,198,4,3.18767992794452
23,199,-14,4.29352691720892
23,200,28,22.5270077002385
23,201,-21,-21.4479980271511
23,202,3,12.0046399272888
23,203,-3,9.00290836124678
23,204,-4,1.75171352105348
23,205,7,14.2222775964915
23,206,-3,-0.592321576061808
23,207,26,8.30451887130309
23,208,10,-31.8507975516103
23,209,-25,-28.9208370489644
23,210,14,10.1353989179371
23,211,-36,-22.5300493278888
23,212,14,32.4819174008103
23,213,29,7.96138703315637
23,214,7,-33.9027301007568
23,215,-18,-20.8090891128575
23,216,-18,7.10280905962831
23,217,-10,24.6630101818097
23,218,32,25.0312761062525
23,219,-32,-13.9481143173843
23,220,-4,32.960609641228
23,221,0,27.6850603415385
23,222,18,19.011496908307
23,223,25,7.8646336470444
23,224,-39,-28.1031764182881
23,225,28,29.738660483159
23,226,-25,-30.3276526759095
23,227,0,18.2006585760601
23,228,4,18.1516343204252
23,229,3,-4.24094635194672
23,230,-3,2.57576979953043
23,231,-7,7.74919454954624
23,232,3,23.0682133089868
23,233,-3,3.7229118722466
23,234,14,15.4720893216508
23,235,-11,-9.25774124772396
23,236,15,7.57339261868578
23,237,14,-13.5957482347427
23,238,0,-29.5724612689943
23,239,-25,-16.3863991752722
23,240,-4,13.4615737306202
23,241,25,10.0093109966506
23,242,-18,-25.4496935446917
23,243,33,19.7758841007103
23,244,50,-35.1174540736328
23,245,-63,-93.656617641063
23,246,16,30.2070950199005
23,247,15,-17.7168196126057
23,248,-43,-47.5420851766815
23,249,0,42.225296071518
23,250,-15,22.5460327116888
23,251,18,31.0982844202867
23,252,11,16.9114878123892
23,253,-18,15.2066113045288
23,254,0,29.5485384521015
23,255,4,14.513719677133
23,256,-15,11.897177183586
23,257,43,27.6724718190609
23,258,-22,-40.3180574849484
23,259,-14,-0.0717678834859612
23,260,0,22.6970478413318
23,261,26,6.73834728753716
23,262,3,-22.1025661010104
23,263,-25,-15.4099818697661
23,264,14,22.407513551368
23,265,-14,-17.9401761060833
23,266,25,19.7637143741501
23,267,22,-14.7061773859352
23,268,-7,0.952673938214872
23,269,7,6.79164999032561
23,270,0,-12.4648189260045
23,271,-11,-1.46335874447259
23,272,15,15.3262846102256
23,273,-7,-13.7652978828318
23,274,-8,0.913965098798866
24,1,15,-24.9104304018627
24,2,-26,-43.6476890268292
24,3,-7,13.5255217422744
24,4,11,7.08457371115202
24,5,-11,-6.15876015256712
24,6,-3,20.86135273552
24,7,-8,22.4401416489262
24,8,-3,25.5571680401679
24,9,14,27.830446447402
24,10,-3,6.6384580088191
24,11,25,13.3427952418465
24,12,-28,-22.6915135498385
24,13,-8,17.6532762076607
24,14,0,19.0315429965691
24,15,7,6.09816621592334
24,16,0,7.79936647530355
24,17,11,8.69533592718559
24,18,-4,-2.9556003060972
24,19,7,3.06196932818571
24,20,0,-5.72834762685856
24,21,-25,-8.36720997059867
24,22,7,24.9391195547069
24,23,22,5.02804707947507
24,24,-4,-17.7538749432977
24,25,-3,3.80496659491284
24,26,-22,3.67432125958672
24,27,0,25.1959284591465
24,28,0,18.496023566129
24,29,0,16.6770826514542
24,30,4,20.3757066852191
24,31,-4,11.4915548346769
24,32,21,18.6974484931797
24,33,-17,-12.3420153927842
24,34,-4,12.9409371065782
24,35,4,10.8575197778018
24,36,18,-3.44480527807676
24,37,-22,-16.294302280741
24,38,4,18.0469975261544
24,39,-7,6.12913462913758
24,40,10,10.5831489408939
24,41,0,4.4938878297646
24,42,-3,2.93342235997917
24,43,-7,9.53725642369296
24,44,3,12.6529980876124
24,45,-3,8.27614766710878
24,46,18,11.0155402636217
24,47,-11,-11.6653247498573
24,48,-4,7.23293071140668
24,49,-15,-12.6029087023615
24,50,0,14.8858855548309
24,51,11,7.51379705676015
24,52,-7,-6.27797533785379
24,53,14,11.0024527219614
24,54,-8,-10.3165801305292
24,55,-6,2.42316932476276
24,56,18,10.8081715150672
24,57,0,-18.2383545522884
24,58,7,-7.27309745469066
24,59,-21,-14.1040243029861
24,60,-5,12.9136599030192
24,61,-6,14.4921950886542
24,62,11,17.9899354678417
24,63,-11,8.81683704610977
24,64,-4,24.1089601731927
24,65,7,27.0176385567033
24,66,8,9.6845010682632
24,67,18,3.64806264807228
24,68,-11,-19.9682360932491
24,69,-15,-2.1952221370455
24,70,11,11.6130038652458
24,71,0,-11.0077715520746
24,72,-18,-1.15409418964185
24,73,11,25.6145881552048
24,74,18,2.76963503334525
24,75,-18,-13.9464261427823
24,76,14,21.0923763568764
24,77,8,-8.76150774332265
24,78,-4,-19.2202301637396
24,79,-25,-3.1059560706845
24,80,11,22.877184953968
24,81,0,-0.245147424922634
24,82,0,5.50114234804714
24,83,0,15.1202259326657
24,84,-4,8.35144089286688
24,85,18,14.5009378795593
24,86,-7,-11.2505661328592
24,87,-11,3.31003702150609
24,88,-11,13.7906004738499
24,89,-3,17.9876322963879
24,90,3,21.6455366297472
24,91,-7,17.0760933590066
24,92,0,28.1558679702319
24,93,4,22.6349969231298
24,94,18,14.1492918183059
24,95,0,-8.33750417018687
24,96,-11,-5.8381636881324
24,97,0,5.92898125422567
24,98,-4,-3.18741376701136
24,99,29,4.65314752958851
24,100,-4,-29.3443261578677
24,101,-21,-11.7175725129179
24,102,3,18.3895063472224
24,103,11,0.309782123117444
24,104,-18,-7.54400022084202
24,105,0,23.450313097627
24,106,-7,15.1767491930481
24,107,0,20.6632820468556
24,108,4,23.9807137479925
24,109,7,14.3457639612299
24,110,0,5.27232372385289
24,111,29,4.23258745318574
24,112,-4,-32.9687746156515
24,113,-32,-19.5290436385119
24,114,0,21.7623528934333
24,115,0,2.87629496762238
24,116,0,8.26977218257668
24,117,7,17.9653235858764
24,118,-4,8.04152658242345
24,119,-3,15.9003791960227
24,120,10,17.0424410319918
24,121,8,-1.27293790551865
24,122,3,-10.4720699112321
24,123,-11,-11.4768009072977
24,124,-10,2.68744328181798
24,125,3,11.5399491390754
24,126,11,4.90071068951634
24,127,7,-3.75053798558906
24,128,-7,-5.89197259038461
24,129,11,5.89660543624293
24,130,-7,-12.074370868094
24,131,3,-0.052891210851181
24,132,-3,-3.75939261981933
24,133,7,-2.3259475134058
24,134,-7,-6.37379526138615
24,135,-11,5.66135603046938
24,136,0,0.815259514988103
24,137,-10,5.45650479055675
24,138,-4,18.6216621929379
24,139,34,15.2000579421099
24,140,9,-29.5216515482673
24,141,-25,-25.9921927856658
24,142,22,10.9959290301009
24,143,-33,-33.4131376643465
24,144,4,19.9868725169831
24,145,-4,12.5174725874948
24,146,7,10.8493874830722
24,147,0,6.57483659679153
24,148,7,2.90577115844939
24,149,-14,-6.34036031377113
24,150,39,13.78649964919
24,151,-39,-39.2738051200001
24,152,36,22.5830693690944
24,153,-8,-29.6113243555466
24,154,-32,-17.087104364942
24,155,7,39.5141886858601
24,156,3,10.2481555862262
24,157,11,7.12021134035411
24,158,-1,-1.34994433513824
24,159,5,3.53252825971678
24,160,-4,-4.35991144565085
24,161,-21,0.131789350886744
24,162,18,26.8285016198533
24,163,3,-7.06246112098278
24,164,-11,-2.74697324282413
24,165,0,19.1573330607285
24,166,11,8.9692503722757
24,167,-7,-4.11852130299248
24,168,-7,10.348381594566
24,169,3,15.3085452765897
24,170,0,3.79337981023239
24,171,22,8.0670652141172
24,172,-25,-17.8741644078152
24,173,11,20.0310438898207
24,174,-8,-2.54331479067238
24,175,-3,5.30697175461845
24,176,34,15.7820243661331
24,177,-28,-35.3204620308102
24,178,-3,18.9359040418401
24,179,11,12.869879085418
24,180,31,-10.5439318782142
24,181,-45,-34.7501749800171
24,182,18,31.9545960513694
24,183,-7,-6.70869347792864
24,184,3,-0.399678636227197
24,185,-14,12.7192358425319
24,186,11,19.6297946361255
24,187,-8,5.53860014513332
24,188,-3,15.8240628546319
24,189,3,23.100326127002
24,190,4,8.01940424775677
24,191,-14,6.02351929486305
24,192,28,23.2487810933097
24,193,-21,-19.0405023129485
24,194,3,14.9585572896621
24,195,-3,8.46063450614641
24,196,-4,2.84683323470429
24,197,7,15.7952270889899
24,198,-3,0.959807996457648
24,199,26,10.3069548475296
24,200,10,-24.4709935992972
24,201,-25,-27.2997813418599
24,202,14,10.9124152107412
24,203,-36,-22.7042691906999
24,204,14,29.7703930735363
24,205,29,7.91174459047938
24,206,7,-28.1950390931825
24,207,-18,-10.8754342467147
24,208,-18,9.00805000579494
24,209,-10,21.238398531018
24,210,32,22.9717571177022
24,211,-32,-16.3945202838259
24,212,-4,37.9520102973381
24,213,0,33.3692369621843
24,214,18,21.2963782567045
24,215,25,8.06930528113099
24,216,-39,-25.298281731043
24,217,28,31.7224631365829
24,218,-25,-25.2423917899982
24,219,0,12.8774745792664
24,220,4,16.6739174160124
24,221,3,-1.9436701016757
24,222,-3,9.4275996441808
24,223,-7,11.1715097920479
24,224,3,20.7911710000841
24,225,-3,8.47066398059874
24,226,14,13.138263296239
24,227,-11,-5.82822406997831
24,228,15,10.3511740791559
24,229,14,-10.5086747977026
24,230,0,-26.6085707265379
24,231,-25,-14.7403249638615
24,232,-4,12.6765308633123
24,233,25,9.01947192642278
24,234,-18,-22.0496521234212
24,235,33,20.0655341412073
24,236,50,-27.4134082239975
24,237,-63,-82.3825828707921
24,238,16,28.2488919770237
24,239,15,-23.3915244200713
24,240,-43,-45.5096026455114
24,241,0,40.6379591731593
24,242,-15,19.5363303063142
24,243,18,39.7139855682205
24,244,11,23.1766522159435
24,245,-18,12.212455759786
24,246,0,36.9930811101887
24,247,4,16.2054884159136
24,248,-15,7.73675323981184
24,249,43,27.1674330646852
24,250,-22,-36.8106462230823
24,251,-14,6.34151533004084
24,252,0,22.861640833742
24,253,26,4.31931490057915
24,254,3,-18.6577576351218
24,255,-25,-12.6106995284093
24,256,14,23.4900331795185
24,257,-14,-11.1505879001466
24,258,25,15.6623494788026
24,259,22,-14.2684015634987
24,260,-7,1.50050414021406
24,261,7,8.21346387853986
24,262,0,-9.36296152349854
24,263,-11,-1.16134371842066
24,264,15,14.4554404967062
24,265,-7,-10.1345456662467
24,266,-8,5.57766088610428
24,267,8,18.2338064265214
24,268,-8,-0.552636869555594
24,269,26,14.7794478172239
24,270,-27,-19.9699703822719
24,271,27,21.4844988700978
24,272,18,-19.4593896140272
24,273,-26,-39.7262797410028
24,274,4,13.6199152277921
25,1,-8,25.8433675578607
25,2,-3,23.0466182702642
25,3,14,25.0986293306946
25,4,-3,6.73103387346197
25,5,25,9.07227948557012
25,6,-28,-26.7534973877108
25,7,-8,17.2508818752165
25,8,0,18.1168084270118
25,9,7,9.54730813659622
25,10,0,3.83678159722328
25,11,11,7.73767546863597
25,12,-4,-4.76886442697604
25,13,7,-0.914223020087645
25,14,0,-5.8589255753674
25,15,-25,-9.65920573367419
25,16,7,24.2174142084576
25,17,22,6.83998644932516
25,18,-4,-19.1921908068033
25,19,-3,-1.31812911354432
25,20,-22,4.24087729081316
25,21,0,25.0835920374528
25,22,0,18.0187019339449
25,23,0,18.3223159944693
25,24,4,16.5522618034827
25,25,-4,9.73006263814699
25,26,21,16.686528994804
25,27,-17,-15.643749454141
25,28,-4,11.662577163078
25,29,4,9.06003819069934
25,30,18,-1.72098703807519
25,31,-22,-20.314540938249
25,32,4,17.4428513344545
25,33,-7,6.51179041278085
25,34,10,9.79088460924348
25,35,0,2.5534311923095
25,36,-3,2.50240405516253
25,37,-7,6.53972470441736
25,38,3,11.9540299976539
25,39,-3,8.50754497936466
25,40,18,8.78506193275583
25,41,-11,-13.2515630050378
25,42,-4,4.80279711127475
25,43,-15,-13.3148264328681
25,44,0,13.2250134111302
25,45,11,7.97189047590762
25,46,-7,-6.65287648297146
25,47,14,7.54950254638367
25,48,-8,-10.4197409114065
25,49,-6,0.433137456085381
25,50,18,8.8523772837815
25,51,0,-16.665902592832
25,52,7,-11.2102185305537
25,53,-21,-16.0495703935353
25,54,-5,14.7700826980828
25,55,-6,13.2875825824608
25,56,11,20.570785658042
25,57,-11,6.33965179518632
25,58,-4,22.2475216447745
25,59,7,25.6636912613954
25,60,8,8.1317351064764
25,61,18,0.543529232173601
25,62,-11,-23.5064169313214
25,63,-15,-4.12060409151972
25,64,11,10.7731291990224
25,65,0,-8.47799760459026
25,66,-18,-3.42997358336028
25,67,11,25.084433968552
25,68,18,3.95108296054388
25,69,-18,-18.0849158534182
25,70,14,18.4921900276674
25,71,8,-8.16296366336643
25,72,-4,-22.0672994927238
25,73,-25,-6.4558756385428
25,74,11,26.7178973753444
25,75,0,-0.785657981951355
25,76,0,3.99215356132922
25,77,0,13.9392968928074
25,78,-4,7.29982986170883
25,79,18,11.8100850036522
25,80,-7,-12.9823222816996
25,81,-11,2.05490820542535
25,82,-11,11.2899750727952
25,83,-3,20.6100074843247
25,84,3,20.5767487313152
25,85,-7,16.3931847022356
25,86,0,26.630808838501
25,87,4,19.8464109213856
25,88,18,12.8218265995169
25,89,0,-12.3322613461844
25,90,-11,-8.72706576714818
25,91,0,4.28897055453476
25,92,-4,-2.42204809826984
25,93,29,4.41719648576457
25,94,-4,-31.2790636283844
25,95,-21,-13.7848395782874
25,96,3,16.3552387456113
25,97,11,3.81103015822503
25,98,-18,-9.5816636888928
25,99,0,21.6264847395205
25,100,-7,16.8564723031386
25,101,0,18.6368844443425
25,102,4,22.1266785824576
25,103,7,14.4415428502144
25,104,0,0.846732749338242
25,105,29,1.39967678644316
25,106,-4,-34.846362476941
25,107,-32,-23.3564924083594
25,108,0,22.001245536976
25,109,0,7.41263962001793
25,110,0,7.63419172057022
25,111,7,16.0484530398343
25,112,-4,8.38685030157419
25,113,-3,11.0760992982495
25,114,10,15.8815075003172
25,115,8,-1.52569379933999
25,116,3,-14.7660684883056
25,117,-11,-13.3388109455807
25,118,-10,2.64358010950368
25,119,3,11.6804740952645
25,120,11,5.89940244579942
25,121,7,-5.44541734422925
25,122,-7,-8.84140239852812
25,123,11,4.2506909279364
25,124,-7,-13.3770040369779
25,125,3,-0.925748656787397
25,126,-3,-4.87832935408241
25,127,7,-1.72597593395589
25,128,-7,-8.64647104253176
25,129,-11,5.57788523985733
25,130,0,-1.68212153258863
25,131,-10,3.08293591205113
25,132,-4,17.9650246225629
25,133,34,14.164720425425
25,134,9,-31.4846693185701
25,135,-25,-30.6262926430599
25,136,22,9.29474587495295
25,137,-33,-31.5403308541224
25,138,4,19.5531323545635
25,139,-4,13.2551091740637
25,140,7,14.7731013012599
25,141,0,3.25396103237044
25,142,7,3.12135437948132
25,143,-14,-8.84882750663113
25,144,39,12.5867127110004
25,145,-39,-40.1572621270364
25,146,36,20.5871769408185
25,147,-8,-31.4914191153206
25,148,-32,-15.0379835389997
25,149,7,34.7666026723757
25,150,3,11.5633735551675
25,151,11,5.84258868443103
25,152,-1,-3.564759460842
25,153,5,2.14032100012819
25,154,-4,-7.4426027102338
25,155,-21,-0.544185692964432
25,156,18,26.9778883517418
25,157,3,-6.57129417897349
25,158,-11,-4.98649797182611
25,159,0,16.0668245726962
25,160,11,10.9400469193101
25,161,-7,-7.35134713757582
25,162,-7,8.12919432064017
25,163,3,16.1686231743535
25,164,0,2.11385952724616
25,165,22,6.34455513839265
25,166,-25,-19.5132967815017
25,167,11,18.1227157756933
25,168,-8,-4.03419069481353
25,169,-3,6.92917983836801
25,170,34,12.4485218135508
25,171,-28,-35.0590033954806
25,172,-3,15.1063542530313
25,173,11,11.8938792122115
25,174,31,-6.40604630424761
25,175,-45,-43.1144079225745
25,176,18,33.2497497655119
25,177,-7,-5.6300843510628
25,178,3,-1.17885055984501
25,179,-14,9.93522850242541
25,180,11,22.6386695038756
25,181,-8,1.90795624085477
25,182,-3,13.7068899446641
25,183,3,23.8871603612658
25,184,4,5.42272108984585
25,185,-14,3.7995887865039
25,186,28,21.7052573132848
25,187,-21,-19.7954480156245
25,188,3,11.6949320701757
25,189,-3,7.44281272101015
25,190,-4,4.98724828537688
25,191,7,11.6589154515761
25,192,-3,1.73444751171696
25,193,26,8.90168215814468
25,194,10,-29.2958311500638
25,195,-25,-28.3051263953219
25,196,14,7.5063086938353
25,197,-36,-19.7812597777603
25,198,14,30.6338844509317
25,199,29,7.52534206545224
25,200,7,-26.6681769938008
25,201,-18,-20.470277451083
25,202,-18,9.80514913839429
25,203,-10,23.6890295165098
25,204,32,22.0411615366227
25,205,-32,-15.1287741503972
25,206,-4,34.4136323121377
25,207,0,32.2553339422828
25,208,18,23.2584557350096
25,209,25,1.78769685020131
25,210,-39,-27.7943251920498
25,211,28,28.4973985909405
25,212,-25,-26.8105546955697
25,213,0,15.995758847273
25,214,4,12.593132291536
25,215,3,2.99402001335226
25,216,-3,3.2400859349193
25,217,-7,10.4044958985083
25,218,3,22.0618473130648
25,219,-3,4.06141474150251
25,220,14,13.941305257715
25,221,-11,-8.9794703550982
25,222,15,8.86033424936836
25,223,14,-12.7381536261208
25,224,0,-27.8233324701723
25,225,-25,-18.5497283582086
25,226,-4,14.2921614153653
25,227,25,11.2956086666183
25,228,-18,-23.3481864816109
25,229,33,18.3464611631745
25,230,50,-29.6114792312709
25,231,-63,-86.7583959813546
25,232,16,22.4461978606153
25,233,15,-16.2497265819274
25,234,-43,-43.5528065780326
25,235,0,34.3866624053941
25,236,-15,30.5056308844753
25,237,18,37.8832553093718
25,238,11,16.5469639162407
25,239,-18,15.5919348075832
25,240,0,27.7525878346521
25,241,4,16.0426124696221
25,242,-15,8.15610009355732
25,243,43,22.8631748941378
25,244,-22,-36.6013467335347
25,245,-14,1.75732071256895
25,246,0,21.1408142892119
25,247,26,10.174056867125
25,248,3,-24.8949240934584
25,249,-25,-14.6353098212655
25,250,14,23.7994880278185
25,251,-14,-12.5360924039249
25,252,25,16.6473013777093
25,253,22,-17.1198778607117
25,254,-7,0.0253987284872448
25,255,7,7.18047130410074
25,256,0,-9.25350441825579
25,257,-11,-3.23492372520743
25,258,15,14.5157540057719
25,259,-7,-10.1686770933205
25,260,-8,2.47700850345339
25,261,8,17.8642849316506
25,262,-8,0.345527583210755
25,263,26,11.4175591446902
25,264,-27,-21.7021553317048
25,265,27,21.0454273911208
25,266,18,-23.1204627488173
25,267,-26,-39.3963647155777
25,268,4,8.44161741588653
25,269,-4,-6.98910591682735
25,270,-3,-1.70494144515635
25,271,7,5.80213471054823
25,272,-7,3.64726245882599
25,273,-7,9.08000594334256
25,274,-15,19.6154906028154
26,1,0,16.3833205574704
26,2,7,11.3303591111409
26,3,0,2.98633171072206
26,4,11,4.51632195777489
26,5,-4,-8.70853091801609
26,6,7,3.17844418536253
26,7,0,-5.63595329918964
26,8,-25,-10.7460305112705
26,9,7,21.3999901608257
26,10,22,6.17146527013453
26,11,-4,-17.1667886982378
26,12,-3,-2.65845754696806
26,13,-22,-1.05808294754097
26,14,0,25.4669531382843
26,15,0,22.2637443974976
26,16,0,16.2880039006393
26,17,4,10.9679801171527
26,18,-4,8.5829687904131
26,19,21,16.8028934859868
26,20,-17,-13.1847705616198
26,21,-4,9.78081478991806
26,22,4,5.72612813321442
26,23,18,-0.472396644587872
26,24,-22,-18.8069321110853
26,25,4,14.1566196332941
26,26,-7,1.63053680579314
26,27,10,14.4414193765197
26,28,0,3.09567946624423
26,29,-3,-1.03425377147852
26,30,-7,2.95732839193742
26,31,3,14.1326794155396
26,32,-3,8.2088518535722
26,33,18,8.37284447706593
26,34,-11,-15.28444579259
26,35,-4,3.67908074323519
26,36,-15,-13.605044456443
26,37,0,10.3555400190598
26,38,11,7.46573736127626
26,39,-7,-4.90806276169051
26,40,14,7.41300587002914
26,41,-8,-13.9995394826406
26,42,-6,-0.0739877379514811
26,43,18,9.87428056666905
26,44,0,-16.3806904939603
26,45,7,-11.90723750125
26,46,-21,-17.3679200451008
26,47,-5,11.8119770720744
26,48,-6,14.5930183987776
26,49,11,21.8869281964852
26,50,-11,3.21362137059636
26,51,-4,19.5165645573929
26,52,7,22.669551226492
26,53,8,11.1744868799844
26,54,18,1.1137465581373
26,55,-11,-25.1616318464074
26,56,-15,-7.3196546237609
26,57,11,10.5881214206406
26,58,0,-5.96266336916225
26,59,-18,-3.07389240452084
26,60,11,19.7215989367426
26,61,18,0.933939036029002
26,62,-18,-12.7017069301306
26,63,14,17.3085862641832
26,64,8,-13.375455148049
26,65,-4,-18.6119156106821
26,66,-25,-4.65253211410891
26,67,11,20.595032349953
26,68,0,-1.52528373293796
26,69,0,9.08404388410841
26,70,0,8.76142796119224
26,71,-4,3.51436983120935
26,72,18,13.4198196674625
26,73,-7,-9.70501196762051
26,74,-11,-1.01921426880254
26,75,-11,7.95121217003239
26,76,-3,20.4008857616429
26,77,3,21.5994257688953
26,78,-7,15.4584683851771
26,79,0,21.5560227181695
26,80,4,18.8747965658683
26,81,18,14.2340623734085
26,82,0,-11.4734441796818
26,83,-11,-10.5944967925864
26,84,0,1.12444383503783
26,85,-4,-1.07928374612771
26,86,29,5.86829184922212
26,87,-4,-31.7853104614163
26,88,-21,-16.8971450007893
26,89,3,13.24979211903
26,90,11,6.21081966471678
26,91,-18,-5.87422398055755
26,92,0,18.2633435589659
26,93,-7,9.24292303124976
26,94,0,21.263333859412
26,95,4,24.6982620065011
26,96,7,10.8822236448758
26,97,0,-1.72737698391562
26,98,29,2.57668497599958
26,99,-4,-34.4778668196992
26,100,-32,-22.5696365241069
26,101,0,17.9085688445132
26,102,0,7.08165015531165
26,103,0,11.163579953462
26,104,7,13.4229332530201
26,105,-4,1.39694969848728
26,106,-3,12.130187040371
26,107,10,19.0877697203915
26,108,8,-2.75278166518299
26,109,3,-15.2551703582441
26,110,-11,-14.9220147076925
26,111,-10,0.282542407676376
26,112,3,12.2524792853525
26,113,11,7.23030223800232
26,114,7,-6.6391199802159
26,115,-7,-11.4481001379733
26,116,11,2.08681791509157
26,117,-7,-11.3426226403675
26,118,3,1.02523136082319
26,119,-3,-7.18629590317007
26,120,7,-3.7792034760716
26,121,-7,-8.6258820313508
26,122,-11,5.75913099988514
26,123,0,-2.16632098206589
26,124,-10,2.58319442920877
26,125,-4,14.3394442947867
26,126,34,14.8938127901898
26,127,9,-27.9837527792631
26,128,-25,-31.0402603089095
26,129,22,2.44065888019024
26,130,-33,-30.0921427547629
26,131,4,24.7721120117258
26,132,-4,10.0256627245104
26,133,7,9.91424580154703
26,134,0,2.53181426020855
26,135,7,0.324370982288166
26,136,-14,-8.58376813710675
26,137,39,13.5671932104012
26,138,-39,-40.7324385720762
26,139,36,19.1434890619294
26,140,-8,-33.0947191811035
26,141,-32,-11.9876861235431
26,142,7,30.8373265056319
26,143,3,9.54442191181787
26,144,11,8.66671721532665
26,145,-1,-3.11835885697231
26,146,5,-2.52482487889795
26,147,-4,-8.48296356435299
26,148,-21,1.99384582486163
26,149,18,25.3974668921472
26,150,3,-7.41282893523945
26,151,-11,-4.74820950705426
26,152,0,12.6983002236906
26,153,11,8.27387166729857
26,154,-7,-3.92861179610458
26,155,-7,9.38925339767971
26,156,3,9.67962843056914
26,157,0,2.16967401087346
26,158,22,9.01037735318124
26,159,-25,-20.7227042308626
26,160,11,14.1659828218719
26,161,-8,-4.43827547478694
26,162,-3,9.744605944783
26,163,34,10.62049030522
26,164,-28,-35.5724391654472
26,165,-3,12.0262090671749
26,166,11,11.0838767570912
26,167,31,-4.80149227439641
26,168,-45,-38.9418521534912
26,169,18,27.0736336110328
26,170,-7,-12.4676521129422
26,171,3,8.7393193792002
26,172,-14,9.10341414515163
26,173,11,15.1972110456087
26,174,-8,-0.389035990559694
26,175,-3,20.2062981434278
26,176,3,18.4900243568424
26,177,4,4.37350928291621
26,178,-14,4.28380549014157
26,179,28,20.5085107257427
26,180,-21,-21.4649088453847
26,181,3,12.7908361028498
26,182,-3,4.60836291635077
26,183,-4,4.76772070846955
26,184,7,11.8004902900662
26,185,-3,1.30026870126693
26,186,26,4.75743555574843
26,187,10,-26.2865424938016
26,188,-25,-27.8994564691943
26,189,14,4.24240879068481
26,190,-36,-19.2804842857821
26,191,14,31.966397281517
26,192,29,5.95419980347699
26,193,7,-27.9596094859976
26,194,-18,-21.5537894475866
26,195,-18,7.66460789286166
26,196,-10,21.802772838976
26,197,32,28.8911866346158
26,198,-32,-16.2618004434323
26,199,-4,26.0456809932955
26,200,0,26.9841960948245
26,201,18,28.7215554532888
26,202,25,5.49504615517625
26,203,-39,-30.6915344951609
26,204,28,19.6331664757908
26,205,-25,-22.4387319244981
26,206,0,20.505317896883
26,207,4,8.50476502078039
26,208,3,-0.867152721728298
26,209,-3,2.28891445161865
26,210,-7,13.0057026716986
26,211,3,16.6817158047744
26,212,-3,6.91974738472092
26,213,14,13.5401975273337
26,214,-11,-11.3049508190914
26,215,15,7.25735010858274
26,216,14,-12.9270951526426
26,217,0,-25.3599740700657
26,218,-25,-19.7538358795476
26,219,-4,11.1188798991319
26,220,25,10.477622706352
26,221,-18,-17.7905067802963
26,222,33,14.1652322992673
26,223,50,-34.7124085065966
26,224,-63,-80.2494789209025
26,225,16,22.3692046461851
26,226,15,-21.4561613839871
26,227,-43,-36.5640506408969
26,228,0,35.3580573656321
26,229,-15,17.943777081211
26,230,18,36.5521781032242
26,231,11,26.5721389577927
26,232,-18,9.1662911255023
26,233,0,20.8604741695911
26,234,4,19.9518940715836
26,235,-15,9.91817520218919
26,236,43,21.6022246743682
26,237,-22,-40.2162552159273
26,238,-14,0.982632456190435
26,239,0,19.2155751953898
26,240,26,10.8936490653443
26,241,3,-20.9559777706186
26,242,-25,-15.8326307338634
26,243,14,12.9027929322783
26,244,-14,-7.65299693361268
26,245,25,22.2178407204897
26,246,22,-20.2513260500859
26,247,-7,-1.09040299355748
26,248,7,1.93750176376822
26,249,0,-7.19182803838015
26,250,-11,-0.428127367937632
26,251,15,11.0115224014196
26,252,-7,-13.3806108375094
26,253,-8,4.97152714497435
26,254,8,16.1631034347094
26,255,-8,-1.42906347778394
26,256,26,12.1967983549982
26,257,-27,-21.2825796694653
26,258,27,17.1727943859757
26,259,18,-23.0156383408919
26,260,-26,-34.8556237617788
26,261,4,4.63045939960685
26,262,-4,-9.60814485606853
26,263,-3,-0.0721000574102271
26,264,7,9.0545920845457
26,265,-7,-2.61294654634542
26,266,-7,6.64245351640277
26,267,-15,22.1465702879313
26,268,7,34.9565291903523
26,269,33,15.5079738257978
26,270,-33,-24.2448036868552
26,271,8,24.5527663858889
26,272,0,2.97956824278556
26,273,34,5.24028933689306
26,274,-9,-35.2719032441718
27,1,7,2.40774549537239
27,2,0,7.91416517590617
27,3,11,3.44333316055788
27,4,-4,-3.75730632651154
27,5,7,-2.09555064127971
27,6,0,-4.46638678384883
27,7,-25,-6.86045700512647
27,8,7,25.2431351476509
27,9,22,5.4650006490248
27,10,-4,-20.4242235840515
27,11,-3,0.697292778848421
27,12,-22,3.63318906681803
27,13,0,22.038025157717
27,14,0,16.9444404924892
27,15,0,12.4110861292847
27,16,4,18.5505035171182
27,17,-4,4.91814844318443
27,18,21,12.8877745172603
27,19,-17,-13.2205025677158
27,20,-4,9.86335904693994
27,21,4,14.8002666382458
27,22,18,-5.72001226098366
27,23,-22,-14.8181527737228
27,24,4,13.5559574320336
27,25,-7,9.33356262367891
27,26,10,4.0918798546544
27,27,0,4.43605669085638
27,28,-3,-0.254476374274996
27,29,-7,9.78457968197366
27,30,3,7.87416304594705
27,31,-3,7.26986833253971
27,32,18,8.44539503979388
27,33,-11,-10.8476622032404
27,34,-4,3.22551970429145
27,35,-15,-13.8737984272395
27,36,0,13.7506956754598
27,37,11,6.48324002504303
27,38,-7,-8.29097278926016
27,39,14,8.42460796225872
27,40,-8,-8.87741593541833
27,41,-6,-0.199432053703117
27,42,18,10.7277933111464
27,43,0,-17.8685673723633
27,44,7,-6.87444050696998
27,45,-21,-12.0952320621876
27,46,-5,11.1832826315507
27,47,-6,15.8215156452106
27,48,11,12.6409312996248
27,49,-11,8.32003133449863
27,50,-4,16.4021499541851
27,51,7,23.2267435007992
27,52,8,3.38906065183418
27,53,18,1.23187109663546
27,54,-11,-18.8006082534836
27,55,-15,-1.95669643123903
27,56,11,13.474672078326
27,57,0,-9.95033405890837
27,58,-18,-1.56635656735054
27,59,11,23.7968736065891
27,60,18,1.58647793158562
27,61,-18,-18.8357518787109
27,62,14,16.6048090136771
27,63,8,-4.66199963189634
27,64,-4,-20.411552914067
27,65,-25,-2.00573072439796
27,66,11,22.6519705147036
27,67,0,3.00874848621056
27,68,0,-1.79695485820187
27,69,0,13.9104834528607
27,70,-4,4.90685577792114
27,71,18,10.6300679781371
27,72,-7,-12.9792191449936
27,73,-11,2.20895885595396
27,74,-11,15.7532271546402
27,75,-3,14.8372472202709
27,76,3,19.0779700593062
27,77,-7,11.9480578240357
27,78,0,22.9760634654216
27,79,4,17.0088920388105
27,80,18,7.79952553781897
27,81,0,-9.5648819594725
27,82,-11,-6.82537850627579
27,83,0,8.20253307364566
27,84,-4,-2.13606355736186
27,85,29,4.13634677528152
27,86,-4,-26.127731130795
27,87,-21,-13.7060085402817
27,88,3,19.3263818253647
27,89,11,-0.853485447570087
27,90,-18,-7.93791441126099
27,91,0,20.5320841880863
27,92,-7,15.61179455122
27,93,0,13.4085786051241
27,94,4,18.2889879132848
27,95,7,10.0602210751456
27,96,0,3.8333155912045
27,97,29,0.0229646508774257
27,98,-4,-30.0933891989549
27,99,-32,-19.0469601842614
27,100,0,25.4961034774888
27,101,0,5.83944673723252
27,102,0,5.31850444603835
27,103,7,14.3683612604115
27,104,-4,4.08006308272892
27,105,-3,9.68961343440418
27,106,10,11.4242902786147
27,107,8,-1.30831979618008
27,108,3,-9.2959378154516
27,109,-11,-10.3398573048275
27,110,-10,3.35578450485274
27,111,3,11.7704204870664
27,112,11,3.57381978034953
27,113,7,-4.79366345086776
27,114,-7,-7.68283291157549
27,115,11,3.55123647775068
27,116,-7,-11.4799162044843
27,117,3,-1.50200501249319
27,118,-3,0.254480368373172
27,119,7,-2.69108130479789
27,120,-7,-5.24252063666081
27,121,-11,1.90368491610412
27,122,0,-0.833838856548937
27,123,-10,0.772841520697418
27,124,-4,16.3252111976465
27,125,34,12.6282737923749
27,126,9,-28.7894134206503
27,127,-25,-26.3553594278301
27,128,22,14.1348029647321
27,129,-33,-27.650505101444
27,130,4,15.2332949103008
27,131,-4,17.8512869708854
27,132,7,5.49231434930794
27,133,0,5.13787422242613
27,134,7,1.49187015388541
27,135,-14,-5.97758151369447
27,136,39,10.5852126478663
27,137,-39,-33.5508467892974
27,138,36,16.4160019159509
27,139,-8,-19.4108616479604
27,140,-32,-24.2214810975713
27,141,7,44.1011526813356
27,142,3,9.58437775103179
27,143,11,3.65765200283908
27,144,-1,-3.82420114010555
27,145,5,1.6450191283435
27,146,-4,-4.1156810419914
27,147,-21,-2.55466945952622
27,148,18,26.1467306650717
27,149,3,-4.89723156550747
27,150,-11,-6.58481823396873
27,151,0,17.289850800197
27,152,11,6.23797803078242
27,153,-7,-5.93579361768037
27,154,-7,6.57959647239102
27,155,3,16.3399365297976
27,156,0,2.45838436313432
27,157,22,3.98268077982241
27,158,-25,-17.2556489600184
27,159,11,16.3824426204386
27,160,-8,0.832752064348893
27,161,-3,-0.48079173424226
27,162,34,17.8645338905814
27,163,-28,-35.1832747918121
27,164,-3,15.0929600206227
27,165,11,14.6361555053107
27,166,31,-13.4219288881398
27,167,-45,-30.8576631222996
27,168,18,26.0441510168803
27,169,-7,2.82222410361127
27,170,3,-10.14002622
27,171,-14,14.8392037512653
27,172,11,15.178241589647
27,173,-8,7.02544182745987
27,174,-3,5.20135393547571
27,175,3,22.5763455216251
27,176,4,5.1491661652152
27,177,-14,3.34348496466965
27,178,28,18.8063844211259
27,179,-21,-16.3951663029607
27,180,3,8.7823808281787
27,181,-3,11.8745665784679
27,182,-4,-1.24433245734737
27,183,7,15.9801904685647
27,184,-3,-2.74077341521855
27,185,26,8.87602381933144
27,186,10,-24.3423185555301
27,187,-25,-28.587358649338
27,188,14,14.0822348533033
27,189,-36,-17.1576820420658
27,190,14,25.9747710481697
27,191,29,11.8934715791629
27,192,7,-33.1457867553455
27,193,-18,-11.7185721703033
27,194,-18,4.86668067365948
27,195,-10,23.2323130868387
27,196,32,20.5683466954093
27,197,-32,-15.1113563182553
27,198,-4,31.1339658968442
27,199,0,31.4570214105348
27,200,18,9.06848494580295
27,201,25,5.47427701098768
27,202,-39,-27.0495898905673
27,203,28,31.024664907606
27,204,-25,-19.9643447424982
27,205,0,5.3896727290859
27,206,4,24.1848520856239
27,207,3,-6.86635126094266
27,208,-3,8.8008278912218
27,209,-7,2.9457200101534
27,210,3,19.451361730853
27,211,-3,6.09781356992948
27,212,14,9.26552874127858
27,213,-11,-4.66867778948558
27,214,15,6.36101938491082
27,215,14,-8.3655681188555
27,216,0,-27.9013625651117
27,217,-25,-10.9047602853012
27,218,-4,13.4606900207969
27,219,25,12.0826824967928
27,220,-18,-23.3823297874926
27,221,33,15.5988284881564
27,222,50,-22.752437479824
27,223,-63,-82.4560817403524
27,224,16,26.6253594999856
27,225,15,-8.44333289360791
27,226,-43,-43.7054859019746
27,227,0,40.9206318505043
27,228,-15,20.0569340806979
27,229,18,31.3087073820205
27,230,11,12.2209923486768
27,231,-18,2.1665469090867
27,232,0,35.196416533757
27,233,4,10.3433990086695
27,234,-15,5.28191710303718
27,235,43,25.7102563973449
27,236,-22,-32.5313686951829
27,237,-14,0.248062236216903
27,238,0,25.093172672634
27,239,26,0.809941931969465
27,240,3,-15.6974882550474
27,241,-25,-16.2768131404235
27,242,14,25.577634040433
27,243,-14,-10.9481409700032
27,244,25,8.97846783740887
27,245,22,-8.75923561620636
27,246,-7,-1.69950828325997
27,247,7,10.9348070962701
27,248,0,-9.9322461439235
27,249,-11,-2.31733203765924
27,250,15,13.8007646376884
27,251,-7,-8.20751486969935
27,252,-8,0.662654551454312
27,253,8,16.7715565888959
27,254,-8,-1.62400835301314
27,255,26,11.612845207395
27,256,-27,-19.1690908988266
27,257,27,16.400377195358
27,258,18,-13.2022287435557
27,259,-26,-43.3597318618346
27,260,4,17.6852836620055
27,261,-4,-7.03260228557717
27,262,-3,-2.65791870557131
27,263,7,8.45998197541762
27,264,-7,-2.00251085367284
27,265,-7,11.4884802084311
27,266,-15,14.456173865845
27,267,7,29.931180954197
27,268,33,16.5206077023577
27,269,-33,-26.1546623165489
27,270,8,27.5708191141683
27,271,0,9.72274773459988
27,272,34,-6.70281986429484
27,273,-9,-26.892005445708
27,274,-21,-16.0458283283459
28,1,7,26.3961794108799
28,2,22,7.76134929462726
28,3,-4,-16.0728581884143
28,4,-3,4.82244841851637
28,5,-22,0.0671733532107721
28,6,0,20.3449843665958
28,7,0,19.4289018352885
28,8,0,14.8460004501706
28,9,4,15.6118776289438
28,10,-4,7.83985971459879
28,11,21,11.082049513042
28,12,-17,-18.3593303825497
28,13,-4,7.3701878728636
28,14,4,7.85069889800683
28,15,18,-2.66623073865835
28,16,-22,-13.8837589834815
28,17,4,19.5110052923237
28,18,-7,2.66475339647351
28,19,10,10.7101585354191
28,20,0,4.79356001647014
28,21,-3,-0.214313079169653
28,22,-7,5.47135114847225
28,23,3,12.0720711468701
28,24,-3,5.03614224465357
28,25,18,8.61719621501467
28,26,-11,-13.0597249360771
28,27,-4,5.3315136445807
28,28,-15,-9.2361611960654
28,29,0,15.7234479173892
28,30,11,7.78878496304546
28,31,-7,-7.05338428783501
28,32,14,11.0326651237266
28,33,-8,-11.9006368300374
28,34,-6,0.00485318876265106
28,35,18,11.954603332556
28,36,0,-18.1248804636553
28,37,7,-7.0256797479286
28,38,-21,-10.2694291538451
28,39,-5,12.650841373105
28,40,-6,16.0941531328314
28,41,11,20.3526824920875
28,42,-11,6.74223178057644
28,43,-4,21.1304993355726
28,44,7,19.608112309347
28,45,8,2.70840894894141
28,46,18,-2.82716094989515
28,47,-11,-24.3356675051435
28,48,-15,-5.25073677238808
28,49,11,12.3815712524477
28,50,0,-7.74994963960041
28,51,-18,2.43289386807273
28,52,11,28.0151528278363
28,53,18,0.590682293077463
28,54,-18,-14.423211967908
28,55,14,19.2676098747444
28,56,8,-15.0863095136505
28,57,-4,-20.2638385749982
28,58,-25,1.8356355738141
28,59,11,22.6720460659591
28,60,0,-0.33044880920591
28,61,0,11.2310963067861
28,62,0,13.5644034202372
28,63,-4,2.38761599391503
28,64,18,10.3740582020473
28,65,-7,-13.0357307604554
28,66,-11,-1.25402612406362
28,67,-11,11.874893615385
28,68,-3,18.10111267139
28,69,3,20.9897232735308
28,70,-7,16.069622586699
28,71,0,21.4280541764632
28,72,4,15.3629876017495
28,73,18,6.45464350697121
28,74,0,-15.6740690261237
28,75,-11,-10.9042163198264
28,76,0,2.80525128154591
28,77,-4,-1.98957349494699
28,78,29,7.86431710012398
28,79,-4,-24.9962073636428
28,80,-21,-9.74001537406689
28,81,3,19.1711393581322
28,82,11,1.23867608379886
28,83,-18,-6.07397190225392
28,84,0,25.8020434186804
28,85,-7,11.4845156740573
28,86,0,17.7481002940706
28,87,4,22.0673826222124
28,88,7,6.0945251048165
28,89,0,-2.99608199356126
28,90,29,1.07300004986301
28,91,-4,-36.4831809526127
28,92,-32,-19.9399331447
28,93,0,23.9640866215317
28,94,0,6.2404107338456
28,95,0,14.1905551325208
28,96,7,22.5168021832705
28,97,-4,2.91294674148121
28,98,-3,9.36115965396653
28,99,10,12.4395168554796
28,100,8,-9.5129639646207
28,101,3,-13.7908208897802
28,102,-11,-9.93515311265297
28,103,-10,3.04086185556203
28,104,3,13.5404420341104
28,105,11,7.85590527023547
28,106,7,-2.56093612262093
28,107,-7,-5.97889813784503
28,108,11,3.53091278343804
28,109,-7,-13.7700391480328
28,110,3,0.0507918401000431
28,111,-3,-2.46822800580151
28,112,7,-0.161844595236919
28,113,-7,-3.04042268180322
28,114,-11,8.4679133250783
28,115,0,0.58307558484343
28,116,-10,4.77793522220044
28,117,-4,13.2243423593181
28,118,34,10.6364993046235
28,119,9,-30.3770304351721
28,120,-25,-25.6596693356735
28,121,22,10.5203601026611
28,122,-33,-30.9779521349948
28,123,4,26.2547460902941
28,124,-4,18.7083615933392
28,125,7,10.4762250669491
28,126,0,5.15569390713661
28,127,7,-0.199626599708498
28,128,-14,-8.80285894091196
28,129,39,14.5927846465193
28,130,-39,-38.8706798506044
28,131,36,23.0264366489098
28,132,-8,-26.3682165650833
28,133,-32,-14.1723716218329
28,134,7,41.5864073844271
28,135,3,9.43132451690234
28,136,11,7.71945967472493
28,137,-1,-0.82442556510804
28,138,5,-0.610576063790769
28,139,-4,-7.63272718050332
28,140,-21,-0.109177351064972
28,141,18,25.1482929369679
28,142,3,-7.15116620186958
28,143,-11,-1.55311364023556
28,144,0,19.2781918611485
28,145,11,4.8211041514562
28,146,-7,-7.37232412118318
28,147,-7,10.5423467386323
28,148,3,10.4302877338986
28,149,0,1.27565282287716
28,150,22,9.36339708070608
28,151,-25,-19.2539306508652
28,152,11,16.0926814021643
28,153,-8,-3.35143085950185
28,154,-3,5.32211244830657
28,155,34,15.3244446311392
28,156,-28,-34.019445878103
28,157,-3,16.8523848698488
28,158,11,13.8506801375745
28,159,31,-12.7648834024302
28,160,-45,-32.0493078866546
28,161,18,34.6339967530715
28,162,-7,-11.0717092657574
28,163,3,4.07926619275752
28,164,-14,16.1330497447965
28,165,11,15.5346711473174
28,166,-8,0.677917833001604
28,167,-3,17.7742553845905
28,168,3,15.72314881587
28,169,4,0.992907866737589
28,170,-14,3.29152804460052
28,171,28,19.7742149633399
28,172,-21,-23.4492202623634
28,173,3,13.0158379050021
28,174,-3,7.61988276708705
28,175,-4,0.393760600205879
28,176,7,15.4066186744711
28,177,-3,2.0539819645238
28,178,26,5.04029343544887
28,179,10,-24.2626616559273
28,180,-25,-27.5921193455659
28,181,14,9.60323038779834
28,182,-36,-18.9650518471055
28,183,14,34.1317419685054
28,184,29,14.46755802281
28,185,7,-26.6307506023015
28,186,-18,-11.1862000094168
28,187,-18,7.93947846107332
28,188,-10,13.3989946207798
28,189,32,25.2761984105957
28,190,-32,-12.932545910451
28,191,-4,34.8907531212972
28,192,0,29.1524193511777
28,193,18,14.1097729167769
28,194,25,0.671121725172892
28,195,-39,-31.6265267954215
28,196,28,21.7791194065865
28,197,-25,-24.4074193464395
28,198,0,14.6659922335507
28,199,4,18.3949072576211
28,200,3,-0.399565993483367
28,201,-3,8.18584593734134
28,202,-7,13.0821734617098
28,203,3,11.1978213665864
28,204,-3,4.08255093097934
28,205,14,11.1366395974305
28,206,-11,-10.010861164842
28,207,15,8.31592020630837
28,208,14,-11.8600101325443
28,209,0,-26.1558104941359
28,210,-25,-13.2029503310493
28,211,-4,15.3760561468361
28,212,25,11.4135146287361
28,213,-18,-14.8096665509973
28,214,33,22.7981200409729
28,215,50,-29.2216913419621
28,216,-63,-80.8137593297423
28,217,16,31.6506277616294
28,218,15,-20.6452074329244
28,219,-43,-38.0497878926121
28,220,0,58.1174636854684
28,221,-15,24.2822854435897
28,222,18,33.4751472822161
28,223,11,27.2281572617949
28,224,-18,-0.975604194448294
28,225,0,17.5619515826554
28,226,4,9.9287100853418
28,227,-15,-1.21797201416021
28,228,43,23.0969358611237
28,229,-22,-37.9966213620837
28,230,-14,4.64805432564607
28,231,0,23.7840031359453
28,232,26,1.36332294743796
28,233,3,-17.932827631919
28,234,-25,-7.37165817919252
28,235,14,18.066569911978
28,236,-14,-10.4896313320838
28,237,25,18.63269970942
28,238,22,-14.3164040369787
28,239,-7,1.98112816019927
28,240,7,4.92493431388074
28,241,0,-9.01812717512045
28,242,-11,1.8206413263134
28,243,15,15.5427422626698
28,244,-7,-11.4949457361134
28,245,-8,7.13915468872478
28,246,8,18.1117345578676
28,247,-8,-4.6608302686053
28,248,26,13.0055717871366
28,249,-27,-19.178700166123
28,250,27,17.280007251742
28,251,18,-20.0627264930081
28,252,-26,-36.891800395967
28,253,4,14.8540571796491
28,254,-4,-7.02074660826504
28,255,-3,0.0590903325599703
28,256,7,18.3351623172836
28,257,-7,0.204953042565816
28,258,-7,9.89258191040643
28,259,-15,21.3012584736624
28,260,7,27.9318210914359
28,261,33,11.9205428690072
28,262,-33,-25.5304587735618
28,263,8,27.2609813095475
28,264,0,0.566397131665559
28,265,34,-4.55973251989645
28,266,-9,-29.7485800233648
28,267,-21,-12.7918020111775
28,268,-1,11.875679849311
28,269,11,5.2422457490461
28,270,-8,-0.899398327608845
28,271,-10,14.9063297491151
28,272,16,19.6891900372341
28,273,6,-5.94726555793894
28,274,-26,-2.10723403315598
29,1,-22,4.02154099610548
29,2,0,27.1469918895175
29,3,0,23.2303699428195
29,4,0,14.1192737606512
29,5,4,17.6220812319089
29,6,-4,13.8959880150545
29,7,21,20.9204753520978
29,8,-17,-9.36918081482813
29,9,-4,8.99793094824589
29,10,4,11.2617100356582
29,11,18,-1.63143290246922
29,12,-22,-15.3631146639658
29,13,4,14.4362400614601
29,14,-7,8.57625430192057
29,15,10,13.4881314027556
29,16,0,6.15465507644954
29,17,-3,-0.281004595920592
29,18,-7,9.55492281184961
29,19,3,15.8148529723124
29,20,-3,9.78929220395542
29,21,18,9.7758932482131
29,22,-11,-10.9634789487232
29,23,-4,5.59015291326014
29,24,-15,-12.8848526025306
29,25,0,13.8652560548851
29,26,11,10.7431907805798
29,27,-7,-4.17808168692274
29,28,14,9.48897931321666
29,29,-8,-9.75139522644597
29,30,-6,1.80711554572506
29,31,18,13.5362206348727
29,32,0,-16.6264051040493
29,33,7,-9.81712478406811
29,34,-21,-13.2483434784797
29,35,-5,11.9065103266853
29,36,-6,18.3993285592252
29,37,11,19.0018863344148
29,38,-11,7.94615572806909
29,39,-4,22.6264882028684
29,40,7,29.671016982023
29,41,8,13.278898266772
29,42,18,3.47465198908773
29,43,-11,-21.4846904015694
29,44,-15,-4.8214218791028
29,45,11,13.9106219776945
29,46,0,-7.42691519344326
29,47,-18,-3.40674900394045
29,48,11,23.048647643715
29,49,18,6.17629746775303
29,50,-18,-10.1679504881433
29,51,14,18.8483577238222
29,52,8,-8.01579556934288
29,53,-4,-18.0160133629382
29,54,-25,-2.70628203247292
29,55,11,19.8584452055656
29,56,0,3.36624303918698
29,57,0,7.34449284713909
29,58,0,13.3009501704041
29,59,-4,8.12792956088385
29,60,18,17.8215819819528
29,61,-7,-8.03987827969199
29,62,-11,-0.82821682245625
29,63,-11,13.2008726661197
29,64,-3,20.3535257207052
29,65,3,23.48321915485
29,66,-7,16.9289212994579
29,67,0,26.2626779289982
29,68,4,25.226918034306
29,69,18,16.85485960594
29,70,0,-7.7417276109347
29,71,-11,-8.66400192595168
29,72,0,5.12822579293825
29,73,-4,-0.325176810839839
29,74,29,5.0111467849147
29,75,-4,-28.7109281038795
29,76,-21,-15.4092616203799
29,77,3,19.6620124737785
29,78,11,6.02073644019199
29,79,-18,-6.54807420793179
29,80,0,19.0828237253528
29,81,-7,15.2528886159943
29,82,0,24.1298457707054
29,83,4,27.4629080765419
29,84,7,12.4499596569543
29,85,0,4.50166499579375
29,86,29,5.80823271452713
29,87,-4,-30.7572359308632
29,88,-32,-22.5034246519808
29,89,0,20.2447728319137
29,90,0,6.79847055975641
29,91,0,9.32668442509256
29,92,7,16.4614504112264
29,93,-4,7.08114493673077
29,94,-3,18.9771681810084
29,95,10,21.2733371947397
29,96,8,-1.82382141751884
29,97,3,-12.5287797363963
29,98,-11,-12.177564986579
29,99,-10,2.32779912480459
29,100,3,13.9487641604348
29,101,11,6.89317495344089
29,102,7,-4.62796819294125
29,103,-7,-6.94945312377982
29,104,11,6.58976863438782
29,105,-7,-7.93008327190645
29,106,3,-0.482563354507004
29,107,-3,-4.54576140930252
29,108,7,-3.39596824684409
29,109,-7,-4.41112369238693
29,110,-11,6.10391132295354
29,111,0,1.83617481279015
29,112,-10,5.47516264251059
29,113,-4,18.569665571612
29,114,34,17.8545195452123
29,115,9,-26.108967644949
29,116,-25,-30.3468556018163
29,117,22,7.54550823024113
29,118,-33,-26.8102467336525
29,119,4,19.1463617824844
29,120,-4,13.7358787517004
29,121,7,7.86801773020686
29,122,0,6.38786874937537
29,123,7,2.72872232424855
29,124,-14,-4.83411228098712
29,125,39,13.8571402873588
29,126,-39,-36.4272816504672
29,127,36,16.6069883370177
29,128,-8,-23.0218452125715
29,129,-32,-19.2466851683328
29,130,7,38.3825735300635
29,131,3,12.4278664477153
29,132,11,9.99526440089924
29,133,-1,-0.966583904881654
29,134,5,0.815158403128418
29,135,-4,-2.48660268089215
29,136,-21,2.43581391157655
29,137,18,25.9144161359932
29,138,3,-5.03260472178945
29,139,-11,-4.41124859031769
29,140,0,18.4057022214877
29,141,11,11.3217198967511
29,142,-7,-0.916752842101319
29,143,-7,9.49624690108557
29,144,3,13.0259548621625
29,145,0,5.76004719860278
29,146,22,10.3003873426511
29,147,-25,-17.5544573243828
29,148,11,15.8126408206135
29,149,-8,2.4890645489104
29,150,-3,5.84033508628069
29,151,34,15.3235818967453
29,152,-28,-33.9257283365426
29,153,-3,14.4039066946129
29,154,11,17.8912911572918
29,155,31,-8.07553581543179
29,156,-45,-34.1595941899295
29,157,18,24.7675227465748
29,158,-7,-1.89612059296331
29,159,3,3.40647651052675
29,160,-14,13.0574179291868
29,161,11,14.6740362228261
29,162,-8,8.9051693555739
29,163,-3,19.3106761816077
29,164,3,22.1223070349471
29,165,4,7.67290838518255
29,166,-14,7.6002452139537
29,167,28,22.3033044359603
29,168,-21,-16.4571167653494
29,169,3,12.1706587700044
29,170,-3,10.8872273876419
29,171,-4,2.73990357272813
29,172,7,16.5815595975666
29,173,-3,1.91710857540193
29,174,26,8.58521146711709
29,175,10,-20.4699526859977
29,176,-25,-28.1645050870735
29,177,14,8.10276283256518
29,178,-36,-18.0148325708231
29,179,14,27.2622601488388
29,180,29,11.1749634547801
29,181,7,-29.007740703752
29,182,-18,-12.1022136457239
29,183,-18,10.48309408833
29,184,-10,23.8895551505066
29,185,32,26.5849356187987
29,186,-32,-16.9966603604827
29,187,-4,28.8171607515588
29,188,0,38.9519669721112
29,189,18,27.6262865632678
29,190,25,9.97066134632106
29,191,-39,-29.2174433305859
29,192,28,25.0619931333427
29,193,-25,-15.1632727289005
29,194,0,11.1113747799106
29,195,4,15.4530674351919
29,196,3,-3.33690091433
29,197,-3,10.7708586624859
29,198,-7,14.3587976802806
29,199,3,19.990115924494
29,200,-3,10.8286766598831
29,201,14,13.2288159488403
29,202,-11,-6.55922503605089
29,203,15,9.00598549692784
29,204,14,-7.21044185082385
29,205,0,-25.9483202041774
29,206,-25,-16.4838163620528
29,207,-4,11.3114016905274
29,208,25,12.4155414836179
29,209,-18,-18.568091569105
29,210,33,14.7297380426691
29,211,50,-24.7055269183476
29,212,-63,-78.3206934535241
29,213,16,22.4099266900395
29,214,15,-17.4422291134516
29,215,-43,-45.0980392295828
29,216,0,36.6285211450491
29,217,-15,19.6569599226997
29,218,18,41.3575035542766
29,219,11,33.110268932942
29,220,-18,8.24205190595388
29,221,0,32.6707970238904
29,222,4,23.3646851819443
29,223,-15,8.42725861008638
29,224,43,23.2769756127145
29,225,-22,-35.2844558868678
29,226,-14,1.84109137892486
29,227,0,26.9561636247823
29,228,26,7.14539860538905
29,229,3,-17.1402596666138
29,230,-25,-16.4340061506861
29,231,14,19.5458975119904
29,232,-14,-2.61930866746135
29,233,25,17.0820704880851
29,234,22,-15.3901967551689
29,235,-7,-0.977010128309182
29,236,7,7.38201742405298
29,237,0,-5.80261846995788
29,238,-11,-0.209301970870259
29,239,15,12.2059926565367
29,240,-7,-8.9244866483822
29,241,-8,6.45807586102978
29,242,8,19.4795267231992
29,243,-8,0.302733711073624
29,244,26,14.6401303640999
29,245,-27,-17.2682692333833
29,246,27,16.753708832843
29,247,18,-13.944194428347
29,248,-26,-39.2338073914177
29,249,4,9.16821064377254
29,250,-4,-7.96143445292341
29,251,-3,-1.44195866730608
29,252,7,11.1539107486015
29,253,-7,-2.15604214406491
29,254,-7,13.1680177852815
29,255,-15,25.2821463111932
29,256,7,35.2152172212985
29,257,33,19.888199462415
29,258,-33,-21.7151045640522
29,259,8,27.6778438933647
29,260,0,11.6621242731764
29,261,34,1.67372363153639
29,262,-9,-30.5536168044561
29,263,-21,-21.4631840785523
29,264,-1,13.2152078734854
29,265,11,6.55377125735184
29,266,-8,-3.88057028179264
29,267,-10,7.3155364744859
29,268,16,21.4785700040329
29,269,6,2.63879571135451
29,270,-26,0.984087494423893
29,271,15,29.9405894876877
29,272,-4,-0.167690702836536
29,273,-14,6.71772307020665
29,274,11,28.9683766665829
30,1,-22,-15.226948338978
30,2,4,16.737754631489
30,3,-7,-2.08154615934069
30,4,10,15.1470614231008
30,5,0,4.87448494995348
30,6,-3,-1.02967893041066
30,7,-7,3.46424497312952
30,8,3,14.6206006207477
30,9,-3,6.30801882297232
30,10,18,9.62621231411438
30,11,-11,-14.9704571397585
30,12,-4,5.80818672147697
30,13,-15,-12.0989232147067
30,14,0,12.1060189370723
30,15,11,6.13162437094464
30,16,-7,-5.49492523919732
30,17,14,11.1900687720966
30,18,-8,-15.2826180792163
30,19,-6,0.479370957034922
30,20,18,11.2078581385265
30,21,0,-18.9416281424428
30,22,7,-8.803974334833
30,23,-21,-15.1581514224495
30,24,-5,9.45073417664894
30,25,-6,14.1391598110078
30,26,11,20.91317619666
30,27,-11,4.69165389157815
30,28,-4,22.1656839971086
30,29,7,21.643278611562
30,30,8,10.511325536338
30,31,18,2.13088719438071
30,32,-11,-23.9541972588428
30,33,-15,-7.22672630691588
30,34,11,9.602825021299
30,35,0,-9.17869876745975
30,36,-18,-0.0580970741415126
30,37,11,21.7223438703345
30,38,18,-2.0199450543891
30,39,-18,-8.96098935244509
30,40,14,20.9347159669024
30,41,8,-18.2566329426939
30,42,-4,-17.8508048796144
30,43,-25,-0.251271520640508
30,44,11,16.5463900546749
30,45,0,-4.16651470990946
30,46,0,13.7283627580922
30,47,0,10.3106157605584
30,48,-4,2.37869952151689
30,49,18,14.2680994793103
30,50,-7,-9.03390494717754
30,51,-11,-1.23505324834504
30,52,-11,8.16494165040925
30,53,-3,17.3554075128653
30,54,3,21.918339196018
30,55,-7,16.9582676282886
30,56,0,21.9728892385194
30,57,4,19.5152699383175
30,58,18,13.6801837486549
30,59,0,-10.497620756513
30,60,-11,-9.57180417547181
30,61,0,0.0506815488550014
30,62,-4,-3.44997334821256
30,63,29,6.34248902817738
30,64,-4,-29.7553004642439
30,65,-21,-13.7587581590394
30,66,3,14.3094751245877
30,67,11,1.45834893177375
30,68,-18,-4.50431425986787
30,69,0,22.1585103449659
30,70,-7,5.56020375635515
30,71,0,22.2368542001403
30,72,4,26.9937643333196
30,73,7,8.97804960800435
30,74,0,-0.852318238137293
30,75,29,4.59419734216108
30,76,-4,-35.5438824967862
30,77,-32,-19.9127662575838
30,78,0,16.7961076188124
30,79,0,0.810320310907713
30,80,0,13.2890742967041
30,81,7,18.4504825019294
30,82,-4,0.235036337253662
30,83,-3,14.7109762261896
30,84,10,19.3748598371429
30,85,8,-6.13373062787152
30,86,3,-13.489411350251
30,87,-11,-13.3087229324005
30,88,-10,-0.716468745018174
30,89,3,11.2033946790939
30,90,11,6.58201547691844
30,91,7,-4.69424803413676
30,92,-7,-8.34555254654562
30,93,11,2.77610558073334
30,94,-7,-12.4010874157697
30,95,3,1.39718857446155
30,96,-3,-7.36031233693012
30,97,7,-4.46909170875057
30,98,-7,-6.64645320813475
30,99,-11,7.28728857684649
30,100,0,-0.159211280586311
30,101,-10,5.64935771938678
30,102,-4,13.1822330871918
30,103,34,13.4173516533418
30,104,9,-27.7091480427374
30,105,-25,-26.1811760988963
30,106,22,2.94008965793578
30,107,-33,-35.255900502951
30,108,4,27.3407738660201
30,109,-4,9.87984065381141
30,110,7,6.6493446701951
30,111,0,5.26545487289683
30,112,7,-1.18342978129779
30,113,-14,-8.50391063067506
30,114,39,15.1853655008497
30,115,-39,-42.2564035635767
30,116,36,22.515028335551
30,117,-8,-34.1739548067618
30,118,-32,-12.1872811266621
30,119,7,34.5890360759428
30,120,3,6.69355282083885
30,121,11,9.65885915212632
30,122,-1,-0.258940770362235
30,123,5,-2.18323871186059
30,124,-4,-8.0101913968899
30,125,-21,2.12513718018159
30,126,18,24.1430155509706
30,127,3,-9.82945212893878
30,128,-11,-1.7033048779684
30,129,0,16.2692772361617
30,130,11,4.53865096176376
30,131,-7,-3.15660621713974
30,132,-7,12.5523382640415
30,133,3,6.5814627173113
30,134,0,1.44988753896059
30,135,22,11.4900939932739
30,136,-25,-20.0491875794305
30,137,11,15.2386750058567
30,138,-8,-5.76187437175306
30,139,-3,8.54434640666939
30,140,34,12.6653185754559
30,141,-28,-36.1646883353757
30,142,-3,15.7808939294482
30,143,11,10.6966052066207
30,144,31,-10.4374596996434
30,145,-45,-31.9026067982034
30,146,18,29.5648002704326
30,147,-7,-19.7325617385639
30,148,3,11.241620656428
30,149,-14,13.0878297142693
30,150,11,11.9508940773929
30,151,-8,-0.804749844693213
30,152,-3,24.918137795244
30,153,3,15.5748135419379
30,154,4,3.70864874586174
30,155,-14,5.49967041683304
30,156,28,21.5773303912071
30,157,-21,-24.0756232588089
30,158,3,16.1755173895968
30,159,-3,3.8375939567665
30,160,-4,1.55486681578299
30,161,7,14.6997584713933
30,162,-3,1.57639824774653
30,163,26,4.07795845304752
30,164,10,-22.9027828059011
30,165,-25,-26.8558804544261
30,166,14,5.49059738978766
30,167,-36,-24.2658532051937
30,168,14,32.4218758023266
30,169,29,6.89789499438066
30,170,7,-28.0313495490197
30,171,-18,-12.2282677644544
30,172,-18,7.44908323896758
30,173,-10,13.9278892791934
30,174,32,29.0247656998178
30,175,-32,-16.3813165157398
30,176,-4,30.8606672763223
30,177,0,26.0425737154816
30,178,18,25.6013219441054
30,179,25,9.27577451168366
30,180,-39,-29.4210506742401
30,181,28,19.1578570173986
30,182,-25,-24.8959309991416
30,183,0,19.2683765927106
30,184,4,10.7219112829839
30,185,3,-4.46009597429091
30,186,-3,6.88875633833208
30,187,-7,16.3562999708329
30,188,3,11.9967616834716
30,189,-3,8.43826938832337
30,190,14,12.9456052453564
30,191,-11,-10.7816446688694
30,192,15,8.49720501323181
30,193,14,-12.9527720973972
30,194,0,-24.6883455747407
30,195,-25,-16.9914312842122
30,196,-4,9.43602377722054
30,197,25,6.29230347154533
30,198,-18,-15.0694638924057
30,199,33,18.9748386720131
30,200,50,-35.3123803662594
30,201,-63,-77.2005599476962
30,202,16,30.0715322247733
30,203,15,-33.4002174295826
30,204,-43,-39.6490376977567
30,205,0,48.2013836896469
30,206,-15,9.22724484617939
30,207,18,35.649640262119
30,208,11,36.7970286914961
30,209,-18,5.66205960447238
30,210,0,22.4239471884695
30,211,4,17.836563349212
30,212,-15,5.93656050712079
30,213,43,24.3442207541705
30,214,-22,-42.522027231909
30,215,-14,5.81036100806493
30,216,0,19.8933274859128
30,217,26,3.2865816190845
30,218,3,-16.8728330751941
30,219,-25,-10.1428321580177
30,220,14,9.9791109270864
30,221,-14,-9.23738681280389
30,222,25,23.4390543989983
30,223,22,-19.0193749051794
30,224,-7,1.60679627021949
30,225,7,0.307942328220028
30,226,0,-8.97756677160699
30,227,-11,2.12092841836174
30,228,15,11.468371538249
30,229,-7,-15.5661549081626
30,230,-8,8.75326632596043
30,231,8,16.6633019453544
30,232,-8,-4.65121734496342
30,233,26,14.6878550332869
30,234,-27,-20.040013044394
30,235,27,17.2672858290078
30,236,18,-23.0321743229875
30,237,-26,-34.1841009986201
30,238,4,9.02567415859515
30,239,-4,-14.5867372354841
30,240,-3,-1.92873897626566
30,241,7,15.5150773493811
30,242,-7,-5.63603655217133
30,243,-7,9.03310997061381
30,244,-15,24.0831938483956
30,245,7,31.154524492692
30,246,33,15.1783587475077
30,247,-33,-21.9892198996036
30,248,8,28.457070992525
30,249,0,-1.14394497228356
30,250,34,2.40801392479506
30,251,-9,-29.7965377455279
30,252,-21,-17.8362811101891
30,253,-1,2.43957178022812
30,254,11,5.84868244555595
30,255,-8,-1.24820997026391
30,256,-10,10.1572401469237
30,257,16,13.2707239569193
30,258,6,-2.09664759193501
30,259,-26,4.42284207018264
30,260,15,27.0960047358046
30,261,-4,-10.6580521301701
30,262,-14,10.2831580927419
30,263,11,28.2506675786631
30,264,-4,-4.63411331609839
30,265,29,12.6421320198432
30,266,-25,-19.4045252857527
30,267,3,10.6067584078244
30,268,0,-2.15787968659467
30,269,4,0.484494404549022
30,270,7,0.138254180452403
30,271,5,-11.0653730454454
30,272,-16,-14.0365401206075
30,273,-11,15.4461098724335
30,274,-7,18.9854695951512
31,1,10,16.1426415276496
31,2,0,3.25671948626938
31,3,-3,3.29590318698753
31,4,-7,5.78636741993963
31,5,3,14.9870438985075
31,6,-3,7.56998807464375
31,7,18,12.3960540302679
31,8,-11,-12.9929299866804
31,9,-4,6.7948222126701
31,10,-15,-10.476598605748
31,11,0,12.3765599826293
31,12,11,8.58987552630536
31,13,-7,-4.20791955053064
31,14,14,10.6356347006928
31,15,-8,-12.1964650101758
31,16,-6,2.49762315218649
31,17,18,10.1720868137229
31,18,0,-15.9164222460344
31,19,7,-7.9642615753138
31,20,-21,-15.1037580662079
31,21,-5,12.0340265622711
31,22,-6,15.9398187377865
31,23,11,22.5955157690891
31,24,-11,7.69849235238641
31,25,-4,24.14838581446
31,26,7,23.2480416991394
31,27,8,12.1574273003553
31,28,18,1.90653691271982
31,29,-11,-21.4627955891139
31,30,-15,-5.4688663507028
31,31,11,11.0797075413778
31,32,0,-6.7163170974882
31,33,-18,0.762954281212842
31,34,11,23.767835443633
31,35,18,2.93061787851552
31,36,-18,-10.8250574134
31,37,14,17.778575566503
31,38,8,-11.7945801821556
31,39,-4,-16.1303182024267
31,40,-25,-4.13520088202632
31,41,11,21.6342356764911
31,42,0,1.61716911409218
31,43,0,11.396258356348
31,44,0,10.7664763610956
31,45,-4,7.78799716895365
31,46,18,13.6404033531645
31,47,-7,-9.57293270965669
31,48,-11,0.936864969422226
31,49,-11,11.6075807499492
31,50,-3,20.41898095832
31,51,3,23.5606893582515
31,52,-7,18.8523579534166
31,53,0,25.3038731827902
31,54,4,21.7504779151972
31,55,18,13.9823118824842
31,56,0,-9.57960875323836
31,57,-11,-8.15550975511485
31,58,0,2.687554716909
31,59,-4,-0.721576975115664
31,60,29,7.05042155586867
31,61,-4,-28.0535786897842
31,62,-21,-13.1069788147899
31,63,3,14.4336900031154
31,64,11,4.24121553642207
31,65,-18,-4.35754021897456
31,66,0,22.743683476571
31,67,-7,12.149287194651
31,68,0,24.0051094169378
31,69,4,24.0828036384513
31,70,7,13.3931136448233
31,71,0,2.69507919116753
31,72,29,4.0391318676877
31,73,-4,-34.7095597668491
31,74,-32,-19.9784974170367
31,75,0,17.9312986042089
31,76,0,7.49756224852143
31,77,0,14.0619159840255
31,78,7,18.1303910361107
31,79,-4,5.24989288603152
31,80,-3,14.6872819442708
31,81,10,16.7754573644417
31,82,8,-2.28209668635501
31,83,3,-10.6673078983176
31,84,-11,-12.8672444110366
31,85,-10,1.50175658876769
31,86,3,12.9793707345097
31,87,11,8.24883972438156
31,88,7,-2.84179295393153
31,89,-7,-7.33509807760808
31,90,11,3.31192840703444
31,91,-7,-11.7810763348284
31,92,3,1.26266023171933
31,93,-3,-4.87741192767558
31,94,7,-0.627414638870985
31,95,-7,-6.27818015945201
31,96,-11,7.1566766139087
31,97,0,0.889763335486828
31,98,-10,5.3907455938486
31,99,-4,15.0746743520873
31,100,34,16.2524053519988
31,101,9,-27.3423421635219
31,102,-25,-27.1714598402531
31,103,22,4.59278727541422
31,104,-33,-30.7240456570172
31,105,4,24.6107975649721
31,106,-4,11.9656779901827
31,107,7,14.7807984645042
31,108,0,5.14834121511762
31,109,7,1.75858278133187
31,110,-14,-6.56085522183128
31,111,39,14.5892769674208
31,112,-39,-39.5394792961661
31,113,36,22.8969373712861
31,114,-8,-32.6551079057779
31,115,-32,-10.6175175595939
31,116,7,32.5200835932162
31,117,3,11.3023366909958
31,118,11,10.0743010574858
31,119,-1,-0.830449753173436
31,120,5,0.6684163628326
31,121,-4,-6.08942224117077
31,122,-21,1.31655357988311
31,123,18,25.7765071127439
31,124,3,-4.56099952046236
31,125,-11,-0.836786373147287
31,126,0,15.7519440418508
31,127,11,8.69668673368312
31,128,-7,-2.60884488895018
31,129,-7,10.7576171349486
31,130,3,11.6791097669046
31,131,0,5.81743278251553
31,132,22,9.57218246009301
31,133,-25,-18.6442126539673
31,134,11,17.4659605293234
31,135,-8,-3.73491108008214
31,136,-3,9.74101195455923
31,137,34,13.2940346727263
31,138,-28,-32.1465836040079
31,139,-3,14.9228198603386
31,140,11,11.694638013043
31,141,31,-6.40989480408011
31,142,-45,-33.9600903496904
31,143,18,29.055160970217
31,144,-7,-11.2644805072218
31,145,3,10.3370376902638
31,146,-14,8.53186010696781
31,147,11,20.5869883079439
31,148,-8,2.63142520481773
31,149,-3,21.4302493199258
31,150,3,17.1839556663118
31,151,4,10.1330087701664
31,152,-14,4.80457699237028
31,153,28,22.8963014885668
31,154,-21,-20.2982369074648
31,155,3,16.1720068213585
31,156,-3,4.71985761945371
31,157,-4,6.69224987444782
31,158,7,14.3304642176522
31,159,-3,3.51882322750891
31,160,26,7.08621908351342
31,161,10,-22.8799707552744
31,162,-25,-28.7881027006644
31,163,14,6.54947141988745
31,164,-36,-20.1976023690943
31,165,14,33.523422013419
31,166,29,9.16001714585701
31,167,7,-23.7074578229725
31,168,-18,-16.3285158380747
31,169,-18,6.20081501231888
31,170,-10,18.8572867488811
31,171,32,30.660111309091
31,172,-32,-14.133421299129
31,173,-4,35.232028079354
31,174,0,28.8252702817843
31,175,18,26.9466878799515
31,176,25,6.44504355809713
31,177,-39,-26.4823094872353
31,178,28,23.0108491767028
31,179,-25,-22.5789394274981
31,180,0,17.7618524117558
31,181,4,13.3115738829608
31,182,3,2.95191111545167
31,183,-3,6.40165603139564
31,184,-7,13.9451211748061
31,185,3,15.4911384942402
31,186,-3,11.445948952191
31,187,14,12.7039241353067
31,188,-11,-6.80295907639907
31,189,15,9.68242096777135
31,190,14,-11.9616093913966
31,191,0,-24.311069688482
31,192,-25,-18.000342355859
31,193,-4,12.3643540177047
31,194,25,10.6584015953561
31,195,-18,-14.8105275104637
31,196,33,17.5681062344422
31,197,50,-30.5555822215584
31,198,-63,-79.4895933253831
31,199,16,21.3182438699623
31,200,15,-24.8386357590862
31,201,-43,-34.0107067111057
31,202,0,40.2358676691669
31,203,-15,19.4609252058616
31,204,18,42.6623393527193
31,205,11,27.8240737224789
31,206,-18,7.95503404769542
31,207,0,28.624466865576
31,208,4,17.8689651902676
31,209,-15,7.90842378273332
31,210,43,27.0971199991459
31,211,-22,-37.4507712802116
31,212,-14,5.74878433990094
31,213,0,18.2537577598603
31,214,26,9.42958105482462
31,215,3,-17.0506670946242
31,216,-25,-11.759687453653
31,217,14,14.928608685972
31,218,-14,-6.2095046877004
31,219,25,19.2142824114464
31,220,22,-15.8954537853647
31,221,-7,0.140621489453256
31,222,7,4.27157692647077
31,223,0,-6.15231605789649
31,224,-11,0.232694621451209
31,225,15,13.6013111955192
31,226,-7,-10.3835946990214
31,227,-8,7.6654834321681
31,228,8,15.9981548376271
31,229,-8,0.558447452656131
31,230,26,15.0783339351291
31,231,-27,-19.6914113362101
31,232,27,19.3994356111308
31,233,18,-21.0443316147054
31,234,-26,-34.7214284929879
31,235,4,6.94349946502286
31,236,-4,-8.73383549120826
31,237,-3,0.524763856181648
31,238,7,12.7461873594557
31,239,-7,-1.50636032722825
31,240,-7,12.4990911891901
31,241,-15,21.57799591145
31,242,7,34.2228486547302
31,243,33,19.6500991828194
31,244,-33,-21.2816075884745
31,245,8,28.0968407436513
31,246,0,3.33479019004653
31,247,34,4.57119538532034
31,248,-9,-32.7689624524434
31,249,-21,-15.5459692070541
31,250,-1,6.91342063085596
31,251,11,6.91212149368713
31,252,-8,-2.88748633532869
31,253,-10,12.9134674233018
31,254,16,18.3781098535395
31,255,6,-0.699967874904244
31,256,-26,-0.328576949484386
31,257,15,29.6697689289558
31,258,-4,-2.94744466131269
31,259,-14,9.76651656694785
31,260,11,27.0636895100056
31,261,-4,2.7881812958663
31,262,29,13.4761779467446
31,263,-25,-22.0216392397225
31,264,3,12.854984404292
31,265,0,1.48076423124256
31,266,4,1.84205029511596
31,267,7,0.20310194301685
31,268,5,-7.9127953107935
31,269,-16,-12.3213909868472
31,270,-11,14.2632360594548
31,271,-7,20.7246252511349
31,272,-3,26.6452830378298
31,273,10,28.4087078477375
31,274,0,13.3614213160568
32,1,0,7.11659825760534
32,2,-3,-1.11769801475875
32,3,-7,8.89440398659853
32,4,3,13.6127311354151
32,5,-3,9.61883400754571
32,6,18,8.47373150899192
32,7,-11,-11.9342540634259
32,8,-4,5.84089605407803
32,9,-15,-12.056845446479
32,10,0,16.1129004871089
32,11,11,8.36952464852303
32,12,-7,-3.92874384129487
32,13,14,10.358603202177
32,14,-8,-11.980437301928
32,15,-6,1.599289379576
32,16,18,12.1704770650472
32,17,0,-18.4471423343108
32,18,7,-8.46164905527317
32,19,-21,-14.8378278761363
32,20,-5,13.4285338113099
32,21,-6,16.4001522532275
32,22,11,21.575513228948
32,23,-11,9.15545257237129
32,24,-4,23.6267388299435
32,25,7,28.1989931114552
32,26,8,9.09772482914629
32,27,18,2.27069850568224
32,28,-11,-25.9477321628977
32,29,-15,-5.48940342984067
32,30,11,10.9180557468113
32,31,0,-8.39776063541526
32,32,-18,-0.216735154490605
32,33,11,25.5218217534908
32,34,18,4.63665336855565
32,35,-18,-10.5268178992872
32,36,14,20.3988127598598
32,37,8,-14.0524191043811
32,38,-4,-19.6465243648194
32,39,-25,-1.87763159129184
32,40,11,20.4130067584131
32,41,0,1.19997008661566
32,42,0,10.9691325423949
32,43,0,15.6898751522776
32,44,-4,5.05848686726359
32,45,18,16.9266749282801
32,46,-7,-11.7196160558102
32,47,-11,-0.269770305324736
32,48,-11,10.2053301294095
32,49,-3,20.3816014745769
32,50,3,24.442377474182
32,51,-7,17.9504585345629
32,52,0,27.4354252632966
32,53,4,22.031391641687
32,54,18,14.7752083778986
32,55,0,-11.9255033203703
32,56,-11,-10.9399544965441
32,57,0,2.2641894313214
32,58,-4,-2.94454046417887
32,59,29,6.97677136645616
32,60,-4,-29.4004543291125
32,61,-21,-12.3050649033682
32,62,3,18.6196741741757
32,63,11,3.1683609277143
32,64,-18,-5.09505869282228
32,65,0,21.9634672625598
32,66,-7,14.3141994942752
32,67,0,23.764928534283
32,68,4,27.9542264031509
32,69,7,10.6006182754769
32,70,0,1.71544711614909
32,71,29,3.33750900889993
32,72,-4,-34.8457558842474
32,73,-32,-23.9318986826484
32,74,0,19.9600812714317
32,75,0,4.25939898969733
32,76,0,14.3670043354023
32,77,7,20.4981253070963
32,78,-4,7.55893004073014
32,79,-3,16.9265993322976
32,80,10,18.3973374488963
32,81,8,-5.57883332474428
32,82,3,-15.2271529399559
32,83,-11,-12.8193609646738
32,84,-10,1.86645675506995
32,85,3,13.2112491400316
32,86,11,7.80193638763371
32,87,7,-2.96109806725775
32,88,-7,-6.49164397788533
32,89,11,5.77158906907853
32,90,-7,-11.9290442897239
32,91,3,-0.449530005240091
32,92,-3,-5.86163208843456
32,93,7,-2.74336971591073
32,94,-7,-3.72518097764092
32,95,-11,7.49500099560474
32,96,0,3.12151920454233
32,97,-10,5.60922244403733
32,98,-4,17.7805422547456
32,99,34,14.2131280607784
32,100,9,-28.6657967508961
32,101,-25,-29.6167186760164
32,102,22,6.66786230289757
32,103,-33,-32.9198679382619
32,104,4,24.9632125660847
32,105,-4,13.5340738587286
32,106,7,11.4956329854793
32,107,0,5.6182535581549
32,108,7,1.15682927242104
32,109,-14,-7.04583870948568
32,110,39,14.2530602511145
32,111,-39,-40.2136614772053
32,112,36,20.9634808304427
32,113,-8,-28.9705886541116
32,114,-32,-16.2238804727734
32,115,7,40.7407766543043
32,116,3,10.751725752924
32,117,11,10.893370081997
32,118,-1,-0.491174021586918
32,119,5,0.734717800637979
32,120,-4,-5.93802231854979
32,121,-21,1.25578501079874
32,122,18,26.0683534126282
32,123,3,-7.98555949019589
32,124,-11,-1.11949031109312
32,125,0,19.1971341875861
32,126,11,8.82410193981352
32,127,-7,-2.77428132886136
32,128,-7,9.8724251615435
32,129,3,11.8851270797965
32,130,0,3.07064336445597
32,131,22,11.766855456794
32,132,-25,-19.4274568944479
32,133,11,17.0394026265773
32,134,-8,-2.48883131756862
32,135,-3,7.19238794204151
32,136,34,15.5881510845667
32,137,-28,-36.9338622703172
32,138,-3,19.2347832391687
32,139,11,12.354788373946
32,140,31,-8.09871965035749
32,141,-45,-35.5015273322727
32,142,18,29.5987167146083
32,143,-7,-8.32658338921604
32,144,3,4.83157262497429
32,145,-14,16.6852404730034
32,146,11,13.4973764771149
32,147,-8,7.94582835274097
32,148,-3,19.0586837447326
32,149,3,22.9270516866993
32,150,4,2.22397606275386
32,151,-14,8.31608708753432
32,152,28,20.9965303213524
32,153,-21,-20.3213658003415
32,154,3,13.4896346958028
32,155,-3,8.22416002720048
32,156,-4,1.7172859785421
32,157,7,17.6870672643988
32,158,-3,0.718493877444837
32,159,26,10.0762251772291
32,160,10,-25.5697980563362
32,161,-25,-27.2008852734186
32,162,14,5.89698938189658
32,163,-36,-22.5610783125185
32,164,14,33.1233098824374
32,165,29,10.7675007919434
32,166,7,-25.9145456142372
32,167,-18,-10.3158061338274
32,168,-18,7.31490690919566
32,169,-10,20.4505149326302
32,170,32,24.2285286952291
32,171,-32,-13.9847932465988
32,172,-4,34.0837471354113
32,173,0,35.8068510625662
32,174,18,25.9911729828594
32,175,25,8.20039352509067
32,176,-39,-33.5594379576511
32,177,28,25.3474871619136
32,178,-25,-25.6773683589706
32,179,0,17.1402059616395
32,180,4,13.5728267457649
32,181,3,-1.92373466553124
32,182,-3,13.4452733998335
32,183,-7,12.9325373426668
32,184,3,20.2378815353625
32,185,-3,4.97420558255487
32,186,14,15.1944483056037
32,187,-11,-9.91252550704255
32,188,15,9.70922113469639
32,189,14,-10.6677745032974
32,190,0,-27.2797613994482
32,191,-25,-16.6803512961319
32,192,-4,10.5367446314937
32,193,25,12.0653536486385
32,194,-18,-17.6256611390337
32,195,33,21.7664114616724
32,196,50,-30.2698239908219
32,197,-63,-81.0380037213593
32,198,16,26.3537842675927
32,199,15,-28.0492004139156
32,200,-43,-42.1383931554507
32,201,0,46.7885363197883
32,202,-15,21.0115272378061
32,203,18,45.7402440925353
32,204,11,32.8044477507771
32,205,-18,10.0020642104101
32,206,0,25.9278203758461
32,207,4,16.056310881572
32,208,-15,6.91677585109258
32,209,43,21.3837421537391
32,210,-22,-38.6956255399793
32,211,-14,5.07404731398837
32,212,0,23.9045201867687
32,213,26,4.89805832030393
32,214,3,-17.2017018570769
32,215,-25,-14.3438057151262
32,216,14,20.5715435192406
32,217,-14,-9.73527999408973
32,218,25,22.4115913151241
32,219,22,-18.4396901929659
32,220,-7,1.21810249904868
32,221,7,4.65465168029184
32,222,0,-8.44648640154953
32,223,-11,1.643722339549
32,224,15,12.9086867904157
32,225,-7,-10.5972897867985
32,226,-8,7.98529681705495
32,227,8,19.6525521824309
32,228,-8,-2.34299904566909
32,229,26,15.5419386200308
32,230,-27,-20.116877557961
32,231,27,19.4665682878311
32,232,18,-20.5715458176767
32,233,-26,-38.6958221916066
32,234,4,11.2873313969171
32,235,-4,-13.1495377876315
32,236,-3,2.3151534876471
32,237,7,12.6669949717308
32,238,-7,0.802505295775384
32,239,-7,12.8519981588746
32,240,-15,24.665673803919
32,241,7,35.401806090901
32,242,33,16.37081126655
32,243,-33,-22.9639072796747
32,244,8,30.1490852139028
32,245,0,3.60193245546175
32,246,34,0.795298322496243
32,247,-9,-32.6592001712807
32,248,-21,-19.7945660394159
32,249,-1,11.5963345775878
32,250,11,3.41336805559811
32,251,-8,1.01124589998873
32,252,-10,8.95929673063524
32,253,16,22.9728301248643
32,254,6,-0.781191519468758
32,255,-26,2.29686003013174
32,256,15,28.931234560387
32,257,-4,-6.30090301880801
32,258,-14,8.41589577759586
32,259,11,30.296446109766
32,260,-4,-0.166484522573882
32,261,29,14.3088349562713
32,262,-25,-21.5347026003697
32,263,3,12.5661030416122
32,264,0,0.94995973790795
32,265,4,-1.72514832260102
32,266,7,2.84890500189685
32,267,5,-12.0418053916336
32,268,-16,-7.77490443318085
32,269,-11,13.3147039972351
32,270,-7,23.9988666084214
32,271,-3,22.4580431936897
32,272,10,29.9910886087031
32,273,0,13.7609077721636
32,274,29,16.3521861437703
33,1,-7,3.58045419012341
33,2,3,17.8418052425264
33,3,-3,4.3899341029299
33,4,18,10.1306671604389
33,5,-11,-17.3581713444964
33,6,-4,9.22879003603126
33,7,-15,-10.8127401472824
33,8,0,14.6243956554161
33,9,11,8.51602137555923
33,10,-7,-7.55195630022105
33,11,14,11.2387991291762
33,12,-8,-14.9995823707041
33,13,-6,3.09172824467253
33,14,18,11.6450069799913
33,15,0,-19.5742911631889
33,16,7,-9.87544011646795
33,17,-21,-13.6068256744208
33,18,-5,15.4619218801221
33,19,-6,14.0732917234913
33,20,11,22.2953057568714
33,21,-11,0.758225234920349
33,22,-4,26.0156731722223
33,23,7,21.8939595061204
33,24,8,10.0026473706012
33,25,18,-1.83282526615483
33,26,-11,-25.2020439639141
33,27,-15,-3.61065942945743
33,28,11,13.3171049062095
33,29,0,-9.81245466965959
33,30,-18,-1.86099974916491
33,31,11,26.073204548161
33,32,18,-0.957801975984926
33,33,-18,-12.660834592964
33,34,14,22.9528917919146
33,35,8,-17.3301299726426
33,36,-4,-18.363324858173
33,37,-25,-0.957129662735023
33,38,11,24.2179128489613
33,39,0,-6.0954769697787
33,40,0,13.3456628774597
33,41,0,9.32274864708706
33,42,-4,6.0582623163638
33,43,18,13.6663363186161
33,44,-7,-11.5865195866937
33,45,-11,-0.192718378668926
33,46,-11,10.8872170535355
33,47,-3,21.0872111475211
33,48,3,19.8325077535644
33,49,-7,16.3539528143836
33,50,0,22.8532513951429
33,51,4,20.1180071879665
33,52,18,12.4952477335948
33,53,0,-14.5861996146267
33,54,-11,-8.44517897335
33,55,0,3.11902106864025
33,56,-4,-1.57921573084822
33,57,29,5.75774245460728
33,58,-4,-33.460326219097
33,59,-21,-10.4035355250978
33,60,3,19.2793959683419
33,61,11,3.99751805839039
33,62,-18,-9.4897504086376
33,63,0,25.0385557646212
33,64,-7,8.44777687786578
33,65,0,23.6605126510785
33,66,4,24.1573100024183
33,67,7,9.20006464922628
33,68,0,-2.74768304950122
33,69,29,5.82227133009702
33,70,-4,-39.3122106322166
33,71,-32,-17.7968926676131
33,72,0,23.0308362353743
33,73,0,3.91942231059469
33,74,0,10.340033228415
33,75,7,17.7227502623609
33,76,-4,2.57815375180309
33,77,-3,15.3323817197227
33,78,10,19.501989545856
33,79,8,-8.15772425165643
33,80,3,-15.1866584169319
33,81,-11,-11.9856560196064
33,82,-10,3.3327562184053
33,83,3,13.3658148191678
33,84,11,6.01653366633937
33,85,7,-6.91618799329164
33,86,-7,-7.81482136954274
33,87,11,6.07816711038124
33,88,-7,-12.8900199170296
33,89,3,2.33740259485593
33,90,-3,-7.78290767734507
33,91,7,-1.28537317854351
33,92,-7,-7.92221218399081
33,93,-11,10.4622727725935
33,94,0,-2.92434356188519
33,95,-10,7.06257169937252
33,96,-4,15.5379088308527
33,97,34,14.7407125571004
33,98,9,-33.9171083154763
33,99,-25,-27.050476615222
33,100,22,9.79883334324479
33,101,-33,-34.0174636079294
33,102,4,30.3673036695349
33,103,-4,8.25215766445402
33,104,7,11.3506381348572
33,105,0,4.67197850050565
33,106,7,1.21876927654962
33,107,-14,-9.47660951127974
33,108,39,17.7573315421615
33,109,-39,-47.2749012330339
33,110,36,30.0468517280176
33,111,-8,-39.1762771751971
33,112,-32,-6.04127435002382
33,113,7,34.4600745217992
33,114,3,9.69065787001883
33,115,11,7.9518479100801
33,116,-1,-2.63617790289008
33,117,5,-0.278562423483256
33,118,-4,-7.30034592242996
33,119,-21,3.87242468830763
33,120,18,26.441731312328
33,121,3,-11.6437997733319
33,122,-11,-2.50726626973759
33,123,0,18.223529550064
33,124,11,8.17294658783325
33,125,-7,-6.67130990173498
33,126,-7,13.1149098793465
33,127,3,9.00362857757651
33,128,0,2.23217771783966
33,129,22,10.2462918100827
33,130,-25,-22.6373572466403
33,131,11,20.5984115249083
33,132,-8,-6.53228913453479
33,133,-3,11.247242070571
33,134,34,9.69621943702803
33,135,-28,-36.9455901253638
33,136,-3,19.0853955530213
33,137,11,13.6685191702501
33,138,31,-10.1503123518258
33,139,-45,-40.8583795829065
33,140,18,40.9786392803213
33,141,-7,-20.3593117817836
33,142,3,13.818009680143
33,143,-14,6.92281025695093
33,144,11,20.4302039138525
33,145,-8,-4.79765028016039
33,146,-3,27.691098879711
33,147,3,13.7228378565943
33,148,4,5.41344973549605
33,149,-14,3.05980600338335
33,150,28,24.6221344368836
33,151,-21,-27.8179695819927
33,152,3,19.8328077226102
33,153,-3,3.02174400076046
33,154,-4,5.40097699185065
33,155,7,11.4023626549908
33,156,-3,3.67621611240828
33,157,26,3.76676252377533
33,158,10,-25.4505607356385
33,159,-25,-26.7245367925222
33,160,14,10.2548618644676
33,161,-36,-22.5413028015598
33,162,14,36.5460757879656
33,163,29,3.55507996374838
33,164,7,-28.7104635696453
33,165,-18,-15.6036366098733
33,166,-18,16.7454250280402
33,167,-10,16.7058919954781
33,168,32,28.2257539834011
33,169,-32,-23.3939839867666
33,170,-4,37.0348381984582
33,171,0,28.7110175093964
33,172,18,27.1129631420577
33,173,25,-0.498790452248052
33,174,-39,-30.113593204608
33,175,28,25.9349300365613
33,176,-25,-26.042802757389
33,177,0,22.413699143876
33,178,4,6.8580658092381
33,179,3,1.52472326439142
33,180,-3,2.3154859176426
33,181,-7,20.5745666291646
33,182,3,12.1236212898246
33,183,-3,8.0798957500002
33,184,14,12.4699919339963
33,185,-11,-12.7333077328419
33,186,15,11.7129522938235
33,187,14,-14.8406252352055
33,188,0,-24.726074009322
33,189,-25,-17.4973768878498
33,190,-4,17.4629324564562
33,191,25,7.20965723838673
33,192,-18,-19.3222230181951
33,193,33,20.8766288886988
33,194,50,-36.3482160525007
33,195,-63,-81.2201865177523
33,196,16,38.6117553721616
33,197,15,-29.111875814482
33,198,-43,-41.1786409033015
33,199,0,48.8030453387691
33,200,-15,18.4408739660533
33,201,18,36.0815617059365
33,202,11,29.8479678707897
33,203,-18,5.78309761372287
33,204,0,23.129011633611
33,205,4,20.5032117471867
33,206,-15,2.26919558139625
33,207,43,24.3498805492364
33,208,-22,-46.5589735521766
33,209,-14,10.4014327317097
33,210,0,22.4576357779762
33,211,26,7.27109738672463
33,212,3,-26.6488243081226
33,213,-25,-7.3744319857503
33,214,14,16.2525427060138
33,215,-14,-8.14548177628214
33,216,25,22.7263523458269
33,217,22,-23.9679106829021
33,218,-7,3.43452765075961
33,219,7,3.20873747776924
33,220,0,-7.74398106077169
33,221,-11,0.205752986152544
33,222,15,14.4585368655931
33,223,-7,-15.9317639133339
33,224,-8,10.0274835118929
33,225,8,17.8537054551265
33,226,-8,-3.74895052165724
33,227,26,14.0853108682176
33,228,-27,-22.8683504309655
33,229,27,22.9435877807985
33,230,18,-27.05517969512
33,231,-26,-33.500917689336
33,232,4,10.3446589311193
33,233,-4,-8.21137217776082
33,234,-3,-2.52270487663236
33,235,7,14.3641051459614
33,236,-7,-3.28980598794219
33,237,-7,10.043361973656
33,238,-15,26.1000620381786
33,239,7,32.9815103841858
33,240,33,12.1281352054995
33,241,-33,-27.0239930454486
33,242,8,33.4323328285738
33,243,0,0.449730115243694
33,244,34,3.12234948302115
33,245,-9,-39.6865764131654
33,246,-21,-10.7365164019702
33,247,-1,6.81978855134938
33,248,11,10.0483011585607
33,249,-8,-7.25308861178317
33,250,-10,12.2274437527949
33,251,16,17.630332937192
33,252,6,-3.28247886727423
33,253,-26,1.60662914668209
33,254,15,31.2194506075342
33,255,-4,-10.6716108660831
33,256,-14,9.67922461127973
33,257,11,28.571415340044
33,258,-4,-2.77613975509382
33,259,29,11.2775448680123
33,260,-25,-23.3970199507698
33,261,3,16.542338958808
33,262,0,-2.72792279792345
33,263,4,3.232797520765
33,264,7,-4.63070849429465
33,265,5,-7.70655498320354
33,266,-16,-14.230494009273
33,267,-11,19.8067058845815
33,268,-7,20.7479849997309
33,269,-3,21.9132873362336
33,270,10,25.2925456324471
33,271,0,9.3872744607132
33,272,29,13.4184090580013
33,273,-18,-26.4263777733882
33,274,7,9.28510391238654
34,1,-4,7.64808045635775
34,2,-15,-8.95829836763695
34,3,0,15.039277951755
34,4,11,11.1387961994339
34,5,-7,-5.22536119199608
34,6,14,9.87107734798994
34,7,-8,-8.98826513071252
34,8,-6,3.44728455290285
34,9,18,12.4648284258116
34,10,0,-15.4049920992792
34,11,7,-7.77189219140855
34,12,-21,-9.88642983718264
34,13,-5,14.8258047599788
34,14,-6,17.4035293124707
34,15,11,19.4596835919033
34,16,-11,5.92387257800837
34,17,-4,23.422862943479
34,18,7,24.3069628285393
34,19,8,9.3963150563291
34,20,18,-0.978470713477501
34,21,-11,-20.5017412811647
34,22,-15,-2.27558153008389
34,23,11,15.1019733856248
34,24,0,-6.40451739353877
34,25,-18,-1.10967724342746
34,26,11,25.9546621350035
34,27,18,5.62125433514275
34,28,-18,-12.0106830247757
34,29,14,17.8622965569875
34,30,8,-8.23171529537985
34,31,-4,-16.2112756445156
34,32,-25,-1.61276900911017
34,33,11,23.9582375010986
34,34,0,2.92106913945894
34,35,0,8.64272527546392
34,36,0,11.596723067078
34,37,-4,9.08372254958839
34,38,18,13.934821402817
34,39,-7,-10.0902767615056
34,40,-11,-0.0466083610003372
34,41,-11,14.4652161220716
34,42,-3,20.8666665507132
34,43,3,20.7489483996194
34,44,-7,15.9270287546813
34,45,0,23.7867856828749
34,46,4,21.3052981776038
34,47,18,11.5774432720217
34,48,0,-11.4296388102631
34,49,-11,-7.704847180688
34,50,0,6.23598479373179
34,51,-4,1.24635477898897
34,52,29,6.00397704606431
34,53,-4,-26.1311375431415
34,54,-21,-10.0332703539075
34,55,3,20.9106559829583
34,56,11,6.11695876263673
34,57,-18,-7.6736357062097
34,58,0,22.0034402415446
34,59,-7,15.4393602092361
34,60,0,22.3824617885624
34,61,4,21.6889404093511
34,62,7,10.2080650668578
34,63,0,1.88500862198687
34,64,29,4.84053894366246
34,65,-4,-32.1685203733744
34,66,-32,-18.129066307853
34,67,0,23.3388202921255
34,68,0,9.58669709929228
34,69,0,10.0458781551059
34,70,7,17.4010431743602
34,71,-4,7.21687420729336
34,72,-3,15.445234519019
34,73,10,16.2357611164615
34,74,8,-4.76157789808655
34,75,3,-11.4524455373669
34,76,-11,-9.3701657376407
34,77,-10,5.16626746194526
34,78,3,14.8260285590421
34,79,11,7.27082642018456
34,80,7,-3.77695038782596
34,81,-7,-5.07897289634593
34,82,11,7.04871484232802
34,83,-7,-9.01658821128375
34,84,3,0.58504217791175
34,85,-3,-2.89868322716026
34,86,7,0.959955274521641
34,87,-7,-3.48494967697682
34,88,-11,8.54168227168788
34,89,0,0.644219002721508
34,90,-10,6.05372895569469
34,91,-4,16.7374759620394
34,92,34,15.909630975626
34,93,9,-28.1981776606715
34,94,-25,-26.5332063264424
34,95,22,11.74529734556
34,96,-33,-24.0281886644277
34,97,4,22.0129366924914
34,98,-4,14.1550202683282
34,99,7,12.6205451392647
34,100,0,5.64196131465439
34,101,7,3.38987942835575
34,102,-14,-5.31941248584825
34,103,39,14.7717597110223
34,104,-39,-36.3316702577668
34,105,36,22.2014323954334
34,106,-8,-24.4324082723888
34,107,-32,-11.8150752786258
34,108,7,36.2513268290198
34,109,3,13.3677951468294
34,110,11,8.45596946998085
34,111,-1,-1.73490279328352
34,112,5,1.84072768472144
34,113,-4,-2.69776956813632
34,114,-21,2.52248586522093
34,115,18,25.2456824225181
34,116,3,-4.63165043787684
34,117,-11,-2.56519924197169
34,118,0,18.5466300859541
34,119,11,10.9350301863705
34,120,-7,-3.93722454093697
34,121,-7,9.48954745244266
34,122,3,13.0660614874077
34,123,0,6.09395541463815
34,124,22,8.71127504831885
34,125,-25,-17.6632153608708
34,126,11,18.185590939258
34,127,-8,0.79568037781877
34,128,-3,7.31518206900606
34,129,34,13.1320499456701
34,130,-28,-30.3305332755463
34,131,-3,15.9295210003848
34,132,11,17.421768905058
34,133,31,-8.1611657707469
34,134,-45,-34.4058061766531
34,135,18,31.7392268432277
34,136,-7,-3.63577152938718
34,137,3,6.42534712676352
34,138,-14,8.67933847187086
34,139,11,20.1657344653162
34,140,-8,4.60209060776448
34,141,-3,19.3086081014585
34,142,3,16.5142336083829
34,143,4,8.15102953962283
34,144,-14,4.33127838982797
34,145,28,22.0070830223377
34,146,-21,-18.7138433483533
34,147,3,14.3275504428953
34,148,-3,8.58514566310502
34,149,-4,5.25413716972438
34,150,7,13.7966653654067
34,151,-3,3.76427728702848
34,152,26,7.09379151584739
34,153,10,-20.2505612472607
34,154,-25,-26.3595920385022
34,155,14,11.0482222782559
34,156,-36,-14.9211217396139
34,157,14,30.6134458614285
34,158,29,10.8699515143276
34,159,7,-24.9500610382414
34,160,-18,-12.5157148601876
34,161,-18,13.1563031768592
34,162,-10,20.4740787928725
34,163,32,25.6000442658979
34,164,-32,-17.5150948391444
34,165,-4,33.4733418338383
34,166,0,34.7511645098881
34,167,18,22.4486696571855
34,168,25,0.799621231736648
34,169,-39,-27.4504756638396
34,170,28,26.0004484445169
34,171,-25,-16.1177794922786
34,172,0,12.797930685692
34,173,4,14.4094942991848
34,174,3,2.87516278867997
34,175,-3,7.45179565649999
34,176,-7,15.2409521024968
34,177,3,15.2581769858325
34,178,-3,9.64948286155793
34,179,14,10.9194348482865
34,180,-11,-6.82637676833381
34,181,15,10.3764321192044
34,182,14,-8.65009337065883
34,183,0,-23.4164484711812
34,184,-25,-14.2669599978745
34,185,-4,16.8386163983856
34,186,25,12.8487070636385
34,187,-18,-16.6028396363962
34,188,33,17.0731417783606
34,189,50,-23.5448919171044
34,190,-63,-74.7403851075551
34,191,16,26.5810930615363
34,192,15,-13.913248826976
34,193,-43,-37.281652616454
34,194,0,41.2621515786684
34,195,-15,25.553010141503
34,196,18,38.5125911328132
34,197,11,24.8344173321954
34,198,-18,3.26566379787777
34,199,0,27.3703943553927
34,200,4,18.8120423388164
34,201,-15,2.65244518369034
34,202,43,22.9365502507486
34,203,-22,-34.5561711705903
34,204,-14,5.95953372840574
34,205,0,24.8565259174969
34,206,26,7.94115536764053
34,207,3,-19.9562589390077
34,208,-25,-10.4290400262509
34,209,14,21.0375187336044
34,210,-14,-2.37842827129039
34,211,25,15.1909323378622
34,212,22,-15.391219246595
34,213,-7,0.810523317633164
34,214,7,8.32740846067402
34,215,0,-4.45157320984822
34,216,-11,-0.293567084865284
34,217,15,14.5652425499189
34,218,-7,-7.90228323960244
34,219,-8,7.68877635359377
34,220,8,17.911201493756
34,221,-8,0.381214703891396
34,222,26,13.5176442464193
34,223,-27,-17.5843833109859
34,224,27,18.9997902734803
34,225,18,-15.8960243559859
34,226,-26,-34.626816346923
34,227,4,10.8120750544011
34,228,-4,-2.1977036265342
34,229,-3,-0.0746531002818165
34,230,7,13.0024236110646
34,231,-7,0.215202250905452
34,232,-7,13.3669970007006
34,233,-15,23.0299416479366
34,234,7,31.1744323894609
34,235,33,15.8262035441994
34,236,-33,-23.2599206149548
34,237,8,27.9368251207678
34,238,0,8.77418714047543
34,239,34,0.839044826570086
34,240,-9,-32.8101926371309
34,241,-21,-12.7993470666503
34,242,-1,14.9948887721808
34,243,11,9.34344303053916
34,244,-8,-5.9774411356685
34,245,-10,11.8680232232862
34,246,16,22.265468071137
34,247,6,0.411298019247219
34,248,-26,-2.31613454348317
34,249,15,29.2013090109811
34,250,-4,-1.171309138065
34,251,-14,6.54592430593451
34,252,11,26.9917774655845
34,253,-4,3.10102277898672
34,254,29,11.5474866178027
34,255,-25,-19.9447499034892
34,256,3,12.7252991385253
34,257,0,5.93469514997761
34,258,4,0.371799330210763
34,259,7,-0.355349469458608
34,260,5,-5.76870050917313
34,261,-16,-8.45337659130269
34,262,-11,16.7104834418855
34,263,-7,21.4631153439865
34,264,-3,22.883486082791
34,265,10,25.2200618216912
34,266,0,11.6426362590045
34,267,29,13.5545982292301
34,268,-18,-21.2974535311793
34,269,7,4.5035536375414
34,270,-10,-8.19111484928041
34,271,0,0.14745267379709
34,272,-4,3.24123800908952
34,273,1,9.06235447893178
34,274,6,9.13171846496646
35,1,14,8.82055397387583
35,2,-8,-8.85664103025686
35,3,-6,6.2855796328934
35,4,18,12.1399574880603
35,5,0,-14.8423856476983
35,6,7,-8.58163118459162
35,7,-21,-12.7567700887459
35,8,-5,16.2178769111887
35,9,-6,19.3614980131417
35,10,11,20.1769912487585
35,11,-11,6.70817051020184
35,12,-4,26.0113815083855
35,13,7,29.0878438582493
35,14,8,15.3616819040258
35,15,18,0.477609688062394
35,16,-11,-20.300138752272
35,17,-15,-1.66785721573997
35,18,11,16.2507905413497
35,19,0,-5.79058394057079
35,20,-18,-3.23739677711839
35,21,11,24.1476839012483
35,22,18,10.0248592815964
35,23,-18,-9.68781527167533
35,24,14,15.4198978105064
35,25,8,-5.1025357993463
35,26,-4,-13.0765213502546
35,27,-25,-6.51715359408448
35,28,11,24.0025970223547
35,29,0,7.22133568327978
35,30,0,7.72692461335177
35,31,0,9.56803330484611
35,32,-4,14.2453118358154
35,33,18,17.8150108947783
35,34,-7,-9.52542429999007
35,35,-11,0.160774656461714
35,36,-11,15.8673786339752
35,37,-3,23.9187662742564
35,38,3,23.0490535088541
35,39,-7,16.8393368591585
35,40,0,27.3350156670136
35,41,4,27.0958517530569
35,42,18,16.3170126851822
35,43,0,-9.10852762187974
35,44,-11,-7.25870065197814
35,45,0,7.42064017930296
35,46,-4,3.07769853123187
35,47,29,5.19594895736298
35,48,-4,-29.1629169200547
35,49,-21,-11.9914898312058
35,50,3,21.019449903933
35,51,11,9.52098023249541
35,52,-18,-7.73833402657781
35,53,0,18.7067543635228
35,54,-7,18.714301346495
35,55,0,28.8535683977827
35,56,4,22.3410138028888
35,57,7,13.6004663097437
35,58,0,6.41534156691642
35,59,29,6.69022229443132
35,60,-4,-31.8266420883409
35,61,-32,-19.4067258499836
35,62,0,21.0649045249989
35,63,0,12.5566805373475
35,64,0,10.000485034527
35,65,7,13.6972220560632
35,66,-4,10.5871506928199
35,67,-3,21.5502713879016
35,68,10,18.4783972609973
35,69,8,-1.62888136737569
35,70,3,-10.367949291797
35,71,-11,-11.3999442796426
35,72,-10,5.60964137737007
35,73,3,16.1228694233128
35,74,11,7.43044382911318
35,75,7,-4.52965532515875
35,76,-7,-5.61428227357943
35,77,11,8.61219863528969
35,78,-7,-6.88850170622833
35,79,3,0.272888797698152
35,80,-3,-4.70373027378721
35,81,7,1.3740350797037
35,82,-7,-4.15147699069593
35,83,-11,7.78097437915163
35,84,0,1.57765892804734
35,85,-10,6.23690731109462
35,86,-4,19.3248264710424
35,87,34,20.7045092159723
35,88,9,-27.7543893276569
35,89,-25,-30.0971350678002
35,90,22,9.72675040388094
35,91,-33,-21.1934484857838
35,92,4,20.6454218979908
35,93,-4,9.56769237025055
35,94,7,16.4153997938042
35,95,0,5.3320750744418
35,96,7,5.04002848000176
35,97,-14,-2.8865848308475
35,98,39,14.5268272053021
35,99,-39,-37.2600876807007
35,100,36,22.0845149099617
35,101,-8,-26.5160367606729
35,102,-32,-10.758631076637
35,103,7,32.8169067405829
35,104,3,16.81001444408
35,105,11,10.6474627169108
35,106,-1,-3.14899185152929
35,107,5,2.77275060857445
35,108,-4,0.108728459398301
35,109,-21,3.54361260595963
35,110,18,25.8286533267354
35,111,3,-2.78337104414863
35,112,-11,-2.51766696065559
35,113,0,17.2265644068513
35,114,11,15.264174779386
35,115,-7,-0.247540536771259
35,116,-7,7.68711086151291
35,117,3,14.5950149300933
35,118,0,10.8920310140105
35,119,22,8.63703465587976
35,120,-25,-18.5423593814355
35,121,11,19.8832756780352
35,122,-8,2.71741729699978
35,123,-3,9.49543479765616
35,124,34,11.9808706120059
35,125,-28,-30.2133578943206
35,126,-3,16.0709347309967
35,127,11,18.0794424062687
35,128,31,-4.04306260396848
35,129,-45,-37.4224521511188
35,130,18,27.079792876007
35,131,-7,1.38066999997784
35,132,3,10.3821871990325
35,133,-14,2.20855790649986
35,134,11,23.2593457375378
35,135,-8,10.0351192614866
35,136,-3,20.5740857615673
35,137,3,17.3248624772098
35,138,4,14.4291002486313
35,139,-14,5.67275730606196
35,140,28,23.6435183885287
35,141,-21,-16.2511749172489
35,142,3,15.9687936505716
35,143,-3,7.74759627164432
35,144,-4,9.49807623519582
35,145,7,14.0911225595647
35,146,-3,3.69594340757514
35,147,26,9.77210743237198
35,148,10,-19.3205980302748
35,149,-25,-28.6119089283607
35,150,14,10.1170361497667
35,151,-36,-14.4102506066962
35,152,14,30.7741841294059
35,153,29,8.05676644517678
35,154,7,-23.8089598606079
35,155,-18,-14.6925337971081
35,156,-18,12.8771584324631
35,157,-10,27.1443538785364
35,158,32,28.3834093560228
35,159,-32,-21.3118683131766
35,160,-4,34.3932491039903
35,161,0,39.7494565428189
35,162,18,31.7744765460837
35,163,25,2.13608862041672
35,164,-39,-28.1414704734621
35,165,28,29.4690546991466
35,166,-25,-12.4941337151933
35,167,0,12.7559083985695
35,168,4,11.0863094796161
35,169,3,5.31609843898176
35,170,-3,9.36271169083561
35,171,-7,15.0201149205999
35,172,3,19.3405296805039
35,173,-3,14.7369939064571
35,174,14,10.9193031408567
35,175,-11,-5.00213957726687
35,176,15,11.7977043116866
35,177,14,-7.71822241461327
35,178,0,-23.4442172753359
35,179,-25,-17.6964083386953
35,180,-4,16.0872361532333
35,181,25,15.1606361819266
35,182,-18,-17.724857328029
35,183,33,12.6957949737562
35,184,50,-22.3148197637516
35,185,-63,-74.4645428507713
35,186,16,19.3688662739067
35,187,15,-14.4405972470148
35,188,-43,-34.6615191245845
35,189,0,28.907747419943
35,190,-15,24.7560269387918
35,191,18,50.6661364632818
35,192,11,24.3802144861737
35,193,-18,5.54274385090062
35,194,0,37.1995652626127
35,195,4,24.7338290970875
35,196,-15,6.96650932687981
35,197,43,23.7767272948424
35,198,-22,-34.6189594832653
35,199,-14,7.42689928463539
35,200,0,23.7016550641519
35,201,26,13.5985196290337
35,202,3,-20.1883156053221
35,203,-25,-16.3865444647622
35,204,14,22.6872442366763
35,205,-14,3.62514892345147
35,206,25,13.891048983926
35,207,22,-18.3334659495893
35,208,-7,-1.80306436499078
35,209,7,9.6406526076889
35,210,0,-1.23872403261776
35,211,-11,-2.00945440934602
35,212,15,12.8601355857431
35,213,-7,-5.44529323218979
35,214,-8,8.71256868804821
35,215,8,16.9114987418063
35,216,-8,4.27149184539606
35,217,26,15.3997174585432
35,218,-27,-18.8680146933138
35,219,27,20.7320969649787
35,220,18,-14.7249108814505
35,221,-26,-35.469755199368
35,222,4,6.17196025994494
35,223,-4,-1.82193130680673
35,224,-3,2.13018963246218
35,225,7,8.59641650887234
35,226,-7,-0.970854508864235
35,227,-7,18.0027634719475
35,228,-15,24.1659038497978
35,229,7,35.5089828185915
35,230,33,21.0740712984231
35,231,-33,-22.4519751198649
35,232,8,28.5562981342609
35,233,0,13.3485337116818
35,234,34,6.56199748107936
35,235,-9,-37.3978832191912
35,236,-21,-16.9454490364599
35,237,-1,16.8557150743171
35,238,11,12.2845856941029
35,239,-8,-8.8493514260729
35,240,-10,9.02610006114158
35,241,16,24.7742591815827
35,242,6,6.33683639839712
35,243,-26,-3.09166770340701
35,244,15,29.8168967379896
35,245,-4,4.62348664520744
35,246,-14,9.01829161571239
35,247,11,24.672961128322
35,248,-4,7.63597694239387
35,249,29,15.8505957785925
35,250,-25,-21.9094235921339
35,251,3,14.0345688377425
35,252,0,8.92152751001637
35,253,4,2.09140887696308
35,254,7,-2.66385404124148
35,255,5,-6.9884800059719
35,256,-16,-7.53422803852734
35,257,-11,17.5024846408522
35,258,-7,22.5197144539407
35,259,-3,27.0996696010111
35,260,10,26.5380715758245
35,261,0,14.5878609683329
35,262,29,18.109973198132
35,263,-18,-18.4441694807019
35,264,7,6.01244869104941
35,265,-10,-7.61940045739877
35,266,0,1.3136941016134
35,267,-4,0.437884389804744
35,268,1,7.80343304642624
35,269,6,10.2592920389818
35,270,0,6.9531105890475
35,271,22,6.16381813222891
35,272,-10,-19.056806336575
35,273,-12,-3.70568493461601
35,274,-7,11.0923711454816
36,1,-8,-11.5769351104685
36,2,-6,1.27085033747201
36,3,18,10.7507866629953
36,4,0,-16.8043418173158
36,5,7,-10.449242663644
36,6,-21,-15.1693875444907
36,7,-5,16.7556319030646
36,8,-6,15.1229976502851
36,9,11,21.7197250654534
36,10,-11,4.59441609156088
36,11,-4,21.0896922414809
36,12,7,24.6517834597602
36,13,8,7.16537262416259
36,14,18,-0.271951187550993
36,15,-11,-25.460621294232
36,16,-15,-3.32526127143961
36,17,11,13.1482314763165
36,18,0,-6.7449822107798
36,19,-18,-2.2649155632149
36,20,11,25.3653343014013
36,21,18,2.86797931726211
36,22,-18,-17.3724026588064
36,23,14,19.6153270525487
36,24,8,-10.3700461524463
36,25,-4,-20.8427216820592
36,26,-25,-3.59988623004291
36,27,11,27.5135629144926
36,28,0,-0.700449765318539
36,29,0,6.07860093281934
36,30,0,12.9827177987872
36,31,-4,5.25965035417546
36,32,18,12.8143357646267
36,33,-7,-13.0793878696274
36,34,-11,1.80058441760332
36,35,-11,11.4203373356309
36,36,-3,22.0230437898248
36,37,3,21.2074000505244
36,38,-7,15.2191965719167
36,39,0,24.5333645276742
36,40,4,18.1617777580633
36,41,18,11.9959065717805
36,42,0,-14.0901216251654
36,43,-11,-9.40061526924033
36,44,0,4.97851774344288
36,45,-4,-0.713166729026984
36,46,29,6.48899516898931
36,47,-4,-31.8729415642816
36,48,-21,-13.0317311707319
36,49,3,18.5313664805369
36,50,11,5.62919926658627
36,51,-18,-8.22168727175482
36,52,0,21.9702108041834
36,53,-7,14.9672863516334
36,54,0,19.2810075672189
36,55,4,22.7516817430712
36,56,7,11.5646492767658
36,57,0,-1.39097524187453
36,58,29,1.54513538348989
36,59,-4,-35.5011684223121
36,60,-32,-21.8002444654857
36,61,0,25.165638816084
36,62,0,8.96909749791926
36,63,0,9.88046941817248
36,64,7,15.6149209490217
36,65,-4,5.46785367818422
36,66,-3,10.9443764178481
36,67,10,16.7909064426442
36,68,8,-3.15596069612143
36,69,3,-15.5895526844873
36,70,-11,-12.5656132020908
36,71,-10,4.16661806313662
36,72,3,13.8916822396371
36,73,11,7.12489490896331
36,74,7,-5.97256482885014
36,75,-7,-9.549075935225
36,76,11,4.85614139705376
36,77,-7,-12.4174063304358
36,78,3,1.07543186969888
36,79,-3,-4.42643219182356
36,80,7,-1.04225817483879
36,81,-7,-7.34232309592783
36,82,-11,7.09403523890375
36,83,0,-1.89852413584591
36,84,-10,2.93662938020157
36,85,-4,17.7356593545978
36,86,34,14.2239914204162
36,87,9,-31.9163400001303
36,88,-25,-30.5115311904897
36,89,22,10.6595140594778
36,90,-33,-30.0437160813127
36,91,4,25.2120706486466
36,92,-4,13.7999186692135
36,93,7,13.3839412148251
36,94,0,3.26283350858811
36,95,7,2.60467030275667
36,96,-14,-8.58903514733433
36,97,39,14.4569884612708
36,98,-39,-41.2268545073155
36,99,36,23.1452755668516
36,100,-8,-31.5699213173586
36,101,-32,-12.6203586598694
36,102,7,37.89424495681
36,103,3,11.8146563957116
36,104,11,7.04062075951204
36,105,-1,-3.8565569041252
36,106,5,0.82489780695815
36,107,-4,-7.56184907774332
36,108,-21,1.46689873716778
36,109,18,28.4985162248619
36,110,3,-7.59276645743662
36,111,-11,-4.61204446589806
36,112,0,16.3836463827569
36,113,11,10.3092376263695
36,114,-7,-6.82552636547623
36,115,-7,9.13515021924655
36,116,3,14.9248156947932
36,117,0,1.83658429548001
36,118,22,7.88635623297322
36,119,-25,-20.7958354796252
36,120,11,18.606157920494
36,121,-8,-3.6853108588321
36,122,-3,8.73463871586424
36,123,34,12.8477255632338
36,124,-28,-36.9279708474503
36,125,-3,17.0099255455359
36,126,11,12.824075878328
36,127,31,-5.78820137858608
36,128,-45,-42.7893428163054
36,129,18,35.263319801976
36,130,-7,-7.06633070269373
36,131,3,2.48812364874222
36,132,-14,11.4928804311351
36,133,11,20.004558757098
36,134,-8,1.21361194061543
36,135,-3,15.5594973002146
36,136,3,22.778967762698
36,137,4,3.00539343163769
36,138,-14,4.22887720724666
36,139,28,21.5821738727131
36,140,-21,-21.5681951107392
36,141,3,13.1019895368506
36,142,-3,7.70669391548422
36,143,-4,4.94606822722251
36,144,7,12.7632496356493
36,145,-3,1.14297897003088
36,146,26,8.20691449628413
36,147,10,-29.7740436054001
36,148,-25,-27.0490053928246
36,149,14,9.46091180502845
36,150,-36,-18.0835108304065
36,151,14,34.8138208700597
36,152,29,7.58284978208846
36,153,7,-28.5740001441666
36,154,-18,-20.1607468032473
36,155,-18,11.2986500030435
36,156,-10,25.3501579847327
36,157,32,24.4963148326022
36,158,-32,-16.5362909947627
36,159,-4,32.7325183096675
36,160,0,31.0730166254702
36,161,18,23.4401806412352
36,162,25,0.645567290268179
36,163,-39,-31.6276518896974
36,164,28,28.4226384900921
36,165,-25,-25.9757553075942
36,166,0,20.3014861482348
36,167,4,12.2561112601506
36,168,3,1.6570352646228
36,169,-3,3.75499748845338
36,170,-7,11.159166772866
36,171,3,21.1176320163873
36,172,-3,3.3551074788635
36,173,14,14.5317867079296
36,174,-11,-10.9922502372061
36,175,15,9.33906463530876
36,176,14,-12.698289340816
36,177,0,-26.9721174673739
36,178,-25,-16.8525528567256
36,179,-4,16.600256773134
36,180,25,13.3288156306184
36,181,-18,-22.1026221223314
36,182,33,19.23112780319
36,183,50,-32.4252790488042
36,184,-63,-85.8144503167646
36,185,16,29.2796802521586
36,186,15,-15.4285953015001
36,187,-43,-39.8084079378038
36,188,0,40.6813391114508
36,189,-15,28.2399446240639
36,190,18,37.4794432685621
36,191,11,17.4974392495015
36,192,-18,10.9822436947449
36,193,0,23.5441530541058
36,194,4,16.3023775518775
36,195,-15,7.97840775979475
36,196,43,22.0493390675032
36,197,-22,-39.5752214254278
36,198,-14,3.2072650712087
36,199,0,23.2266906846002
36,200,26,10.5932317450016
36,201,3,-24.5613909654631
36,202,-25,-14.4870240664368
36,203,14,23.5223886880003
36,204,-14,-11.2597511205827
36,205,25,20.6597149114195
36,206,22,-19.2687710894794
36,207,-7,1.05085458119651
36,208,7,6.85808704846796
36,209,0,-8.11293618247414
36,210,-11,-0.929320658936409
36,211,15,14.8383159715517
36,212,-7,-11.2284993042275
36,213,-8,4.28737619408183
36,214,8,18.8391977273976
36,215,-8,-0.83461911839823
36,216,26,12.274546409683
36,217,-27,-22.4821764043664
36,218,27,21.7451221989652
36,219,18,-23.5783670766735
36,220,-26,-37.7890135229915
36,221,4,11.1623946330097
36,222,-4,-6.26963951138118
36,223,-3,1.23023287298439
36,224,7,8.20738451448371
36,225,-7,2.49943080415273
36,226,-7,8.55204782242091
36,227,-15,21.2857457679844
36,228,7,36.9069358559472
36,229,33,13.6605761943707
36,230,-33,-27.8278301950128
36,231,8,29.6070359377535
36,232,0,5.01038619633078
36,233,34,1.68165034897543
36,234,-9,-38.6486646635331
36,235,-21,-13.8172236162348
36,236,-1,13.2776097440613
36,237,11,4.67773737280799
36,238,-8,-2.26448767424298
36,239,-10,8.81341200545364
36,240,16,22.5121233947049
36,241,6,-6.53680687667243
36,242,-26,-2.25322395572918
36,243,15,32.714879190603
36,244,-4,-4.42880998378403
36,245,-14,4.88260419048625
36,246,11,28.61372365041
36,247,-4,2.08537299174798
36,248,29,8.8604339678928
36,249,-25,-25.9709995234743
36,250,3,16.897915563747
36,251,0,0.75124668868785
36,252,4,0.591523909342636
36,253,7,-0.640130864842559
36,254,5,-10.7260835645996
36,255,-16,-10.2864226828316
36,256,-11,12.5944174683522
36,257,-7,26.2412009969498
36,258,-3,22.6762329476206
36,259,10,25.827115082581
36,260,0,9.47759039613884
36,261,29,11.685967516219
36,262,-18,-27.4541588046873
36,263,7,6.10417898915143
36,264,-10,-10.8592246317055
36,265,0,0.355432738532824
36,266,-4,1.9064594138106
36,267,1,6.87322642721734
36,268,6,8.41631173365941
36,269,0,-0.515448396061304
36,270,22,7.16518495885166
36,271,-10,-27.28818819732
36,272,-12,-3.08980822818226
36,273,-7,9.89440050017993
36,274,7,12.4073872931354
37,1,-6,14.7589162145534
37,2,11,17.6220661896515
37,3,-11,3.626200654083
37,4,-4,27.3817706688258
37,5,7,24.0738032281922
37,6,8,11.6761170409044
37,7,18,-1.55006952944534
37,8,-11,-20.9519450992531
37,9,-15,-2.58681446711644
37,10,11,13.4375801067249
37,11,0,-12.5364273002181
37,12,-18,-3.24278481623798
37,13,11,25.5615105463365
37,14,18,2.18070760471639
37,15,-18,-12.443087268222
37,16,14,19.0953321406806
37,17,8,-11.9692608887265
37,18,-4,-16.6346466343425
37,19,-25,-4.75163855070262
37,20,11,22.1592352325144
37,21,0,-1.55413835957191
37,22,0,8.6330108324237
37,23,0,8.60297252740258
37,24,-4,11.2379492386238
37,25,18,13.9522383723059
37,26,-7,-12.0947701351773
37,27,-11,-0.34748236874802
37,28,-11,14.5906317322297
37,29,-3,18.9596327386535
37,30,3,19.3400250332294
37,31,-7,16.0574704341187
37,32,0,25.4528376989529
37,33,4,24.2008028131756
37,34,18,12.5437390961791
37,35,0,-11.432561431485
37,36,-11,-6.78121007411579
37,37,0,5.21677867453875
37,38,-4,-1.93740057199247
37,39,29,2.77526579893493
37,40,-4,-31.9409456659494
37,41,-21,-10.836124042617
37,42,3,19.7831032817039
37,43,11,1.72460655485752
37,44,-18,-11.2269004229828
37,45,0,23.1896120753994
37,46,-7,12.3504224377317
37,47,0,25.2145028502451
37,48,4,20.8187879567821
37,49,7,11.2373342220977
37,50,0,3.48855085523889
37,51,29,6.33313458858853
37,52,-4,-37.5056067141214
37,53,-32,-17.5599250522823
37,54,0,20.6839529049486
37,55,0,3.7577521165739
37,56,0,6.98626627842058
37,57,7,16.0427469785843
37,58,-4,6.3583516232058
37,59,-3,19.039490148081
37,60,10,16.5371879627662
37,61,8,-6.38257344156525
37,62,3,-11.0615356500715
37,63,-11,-12.0210801711141
37,64,-10,3.06858177745506
37,65,3,12.289282222506
37,66,11,3.55418165373434
37,67,7,-6.38715781878892
37,68,-7,-5.8629149537033
37,69,11,6.72506234779595
37,70,-7,-12.1240259823804
37,71,3,-0.637097895523593
37,72,-3,-6.98089455366684
37,73,7,-1.10987604876498
37,74,-7,-7.50461841004851
37,75,-11,7.54416890644009
37,76,0,-1.73594193252251
37,77,-10,6.93977611003442
37,78,-4,16.2984717783068
37,79,34,16.7261267248322
37,80,9,-33.3102810424499
37,81,-25,-26.960111237163
37,82,22,10.8154111523459
37,83,-33,-31.5989752429614
37,84,4,21.9459645189299
37,85,-4,6.95994853581901
37,86,7,12.0101294133497
37,87,0,5.41575959904755
37,88,7,2.05100783486633
37,89,-14,-7.00118068904313
37,90,39,15.0313205831621
37,91,-39,-44.4821365770689
37,92,36,27.0637238065546
37,93,-8,-35.0324148473653
37,94,-32,-11.024074517167
37,95,7,33.583872829456
37,96,3,11.1992829785112
37,97,11,6.81242751289614
37,98,-1,-3.59206718240535
37,99,5,1.70993731758643
37,100,-4,-3.40835565273213
37,101,-21,1.30314540235966
37,102,18,24.2973285210388
37,103,3,-8.85090531539367
37,104,-11,-3.0988646033711
37,105,0,18.57550085271
37,106,11,9.37079968312431
37,107,-7,-5.07061524242699
37,108,-7,10.0698619427683
37,109,3,10.9943991892672
37,110,0,6.28674062740315
37,111,22,7.19711144548483
37,112,-25,-21.2831411339108
37,113,11,21.225400131927
37,114,-8,-3.46130974709062
37,115,-3,7.05136993425582
37,116,34,10.5749588730113
37,117,-28,-34.3818837234652
37,118,-3,17.9626860168234
37,119,11,15.1954704897683
37,120,31,-12.8286734129632
37,121,-45,-37.5202675791634
37,122,18,34.571779372611
37,123,-7,-12.0715441041813
37,124,3,9.40602018456256
37,125,-14,1.9044494657612
37,126,11,23.1555716701007
37,127,-8,1.37599127881552
37,128,-3,23.4683122636828
37,129,3,12.4236250259335
37,130,4,12.369847281852
37,131,-14,2.32855960710356
37,132,28,24.6523004466542
37,133,-21,-23.9825054045604
37,134,3,18.8914425681104
37,135,-3,3.73555190653441
37,136,-4,5.43995981640187
37,137,7,12.0823499443919
37,138,-3,2.72176135553219
37,139,26,5.6536695053336
37,140,10,-21.3659196739461
37,141,-25,-30.1265731754032
37,142,14,11.6340880119578
37,143,-36,-22.6440628800696
37,144,14,30.6890967178992
37,145,29,4.1396677259504
37,146,7,-28.3374994263457
37,147,-18,-12.0264864783287
37,148,-18,13.9234683762496
37,149,-10,17.2172641107357
37,150,32,26.422691573846
37,151,-32,-25.771094249243
37,152,-4,40.2825757939304
37,153,0,33.5724025123703
37,154,18,24.9417528915107
37,155,25,0.412174795970689
37,156,-39,-26.5533447783557
37,157,28,29.9415572023028
37,158,-25,-21.1742860984627
37,159,0,11.7990881417388
37,160,4,10.4748466098769
37,161,3,1.32059336865256
37,162,-3,5.80939373335485
37,163,-7,17.3038416803492
37,164,3,12.4062029589894
37,165,-3,13.3786692558629
37,166,14,8.37745629699156
37,167,-11,-7.54300016944694
37,168,15,11.560951918473
37,169,14,-12.5573995807535
37,170,0,-25.6638343797969
37,171,-25,-17.6430724072259
37,172,-4,15.672185088865
37,173,25,6.82091715621839
37,174,-18,-20.9563717225881
37,175,33,16.6763216354944
37,176,50,-28.4809916753735
37,177,-63,-79.7041741448133
37,178,16,30.1893635730513
37,179,15,-27.079499314492
37,180,-43,-43.1623394116048
37,181,0,40.0527388431767
37,182,-15,17.0050044606198
37,183,18,41.9500706879116
37,184,11,26.4706712447343
37,185,-18,2.9417065107373
37,186,0,37.1142273160928
37,187,4,20.5630488220604
37,188,-15,0.664549408588492
37,189,43,27.0713782240957
37,190,-22,-42.0731256494882
37,191,-14,10.8072018123663
37,192,0,21.710062620369
37,193,26,5.17174017380218
37,194,3,-23.9119863327327
37,195,-25,-10.4318347202833
37,196,14,19.0733945972025
37,197,-14,-3.95232322471054
37,198,25,12.693359111432
37,199,22,-20.1559044910693
37,200,-7,0.0703523718158063
37,201,7,6.51956350101168
37,202,0,-6.90603741712771
37,203,-11,-3.19524973815078
37,204,15,13.2783305115911
37,205,-7,-12.103466446744
37,206,-8,8.89612003137235
37,207,8,15.4029867023951
37,208,-8,-1.31370485322048
37,209,26,14.5049464941612
37,210,-27,-21.8956550415874
37,211,27,21.5824129684504
37,212,18,-21.3151655814561
37,213,-26,-37.4617011591935
37,214,4,9.39266990897622
37,215,-4,-7.33257586043293
37,216,-3,-4.90018342282536
37,217,7,11.6470627439695
37,218,-7,-5.49264080101898
37,219,-7,15.9004693793599
37,220,-15,22.9163145819432
37,221,7,31.1036334471854
37,222,33,17.1925554986816
37,223,-33,-25.221189271594
37,224,8,33.495239697483
37,225,0,6.00089273315747
37,226,34,0.948725282543865
37,227,-9,-38.4066634030362
37,228,-21,-12.7575411382963
37,229,-1,11.8176132188792
37,230,11,6.69226329853344
37,231,-8,-13.7691301433638
37,232,-10,13.6341559654506
37,233,16,20.1392107693701
37,234,6,0.232291205144183
37,235,-26,-3.35342903127887
37,236,15,31.5967099046316
37,237,-4,-4.07590735540663
37,238,-14,7.84214965319227
37,239,11,26.0913304162487
37,240,-4,1.19206849463993
37,241,29,13.7572434771141
37,242,-25,-23.4750727918068
37,243,3,14.7630215965111
37,244,0,3.65300569409502
37,245,4,-1.6915903643327
37,246,7,-4.46809212778002
37,247,5,-6.6580060525809
37,248,-16,-12.5631620107527
37,249,-11,18.6290686170013
37,250,-7,16.8246128292027
37,251,-3,23.8143354175581
37,252,10,24.7612370687079
37,253,0,12.2209654018616
37,254,29,16.5034946152731
37,255,-18,-22.3928311070279
37,256,7,7.4825830337659
37,257,-10,-12.4505326412132
37,258,0,-1.28321550164502
37,259,-4,-2.3704375770151
37,260,1,7.355818985953
37,261,6,5.33016176119761
37,262,0,6.23858390126607
37,263,22,2.94224631630489
37,264,-10,-21.9221455328592
37,265,-12,-3.61065830408077
37,266,-7,8.81747520420256
37,267,7,8.62396181127602
37,268,-7,-0.471334972824178
37,269,-7,16.8233392185361
37,270,3,22.5596526579554
37,271,-10,17.9558148584624
37,272,7,27.5469168811007
37,273,11,11.7855762641357
37,274,-18,-3.81637416953197
38,1,11,24.4196352547323
38,2,18,5.40059107350196
38,3,-18,-12.5909961004218
38,4,14,21.3003559879041
38,5,8,-8.7449321801433
38,6,-4,-17.8212569394626
38,7,-25,-4.97789809168091
38,8,11,24.6990746762264
38,9,0,1.55960578775888
38,10,0,6.37404444963879
38,11,0,14.4642245790134
38,12,-4,9.35533775679537
38,13,18,18.4849722827026
38,14,-7,-11.2207052187669
38,15,-11,3.78809686336352
38,16,-11,13.0046751749586
38,17,-3,22.3480814724269
38,18,3,24.1653636644967
38,19,-7,17.2034935979638
38,20,0,29.9975543731558
38,21,4,25.0218703129272
38,22,18,18.2614511342992
38,23,0,-8.73773221812586
38,24,-11,-6.83787358883403
38,25,0,6.42530999336058
38,26,-4,-1.18693807643378
38,27,29,5.921537973395
38,28,-4,-33.5053671475362
38,29,-21,-13.1538332454626
38,30,3,19.4238590534419
38,31,11,5.02589554758237
38,32,-18,-6.6106570182565
38,33,0,20.9355931375967
38,34,-7,16.7134243831934
38,35,0,25.199138686866
38,36,4,26.6168044818927
38,37,7,15.5155596006212
38,38,0,5.51111820479419
38,39,29,5.04409856326367
38,40,-4,-33.4157105670148
38,41,-32,-21.2870933187686
38,42,0,22.5556960134055
38,43,0,6.02046193280849
38,44,0,10.1179584645075
38,45,7,15.0333591598475
38,46,-4,9.061369805389
38,47,-3,19.2615835340131
38,48,10,20.7732218907011
38,49,8,0.398713771496269
38,50,3,-12.6785832288237
38,51,-11,-13.1914214434248
38,52,-10,3.91774485509473
38,53,3,13.8634377328854
38,54,11,6.45122609230736
38,55,7,-5.04146041424824
38,56,-7,-7.79217722875984
38,57,11,7.48046518515135
38,58,-7,-10.3322883845305
38,59,3,1.39099812047893
38,60,-3,-5.58547272622311
38,61,7,-2.18158251161161
38,62,-7,-6.68007288092616
38,63,-11,6.48494432095667
38,64,0,1.15520142890296
38,65,-10,5.08653457144647
38,66,-4,21.3390431316358
38,67,34,18.1261615084085
38,68,9,-29.8663121602904
38,69,-25,-30.0147336294627
38,70,22,9.74057057717306
38,71,-33,-31.7044322450843
38,72,4,24.1194816026226
38,73,-4,9.57679172184626
38,74,7,13.3482417148066
38,75,0,5.67504921674324
38,76,7,3.98559952500555
38,77,-14,-5.40700546047563
38,78,39,15.0356671517909
38,79,-39,-41.5706006830706
38,80,36,23.9610961656409
38,81,-8,-32.7521260958746
38,82,-32,-14.2572951313744
38,83,7,39.2193514591621
38,84,3,12.762601843583
38,85,11,9.768469788473
38,86,-1,-2.59075240680746
38,87,5,3.24302464971328
38,88,-4,-3.91735928779241
38,89,-21,2.66637355656464
38,90,18,29.2562077079237
38,91,3,-7.47063019070113
38,92,-11,-2.75238847846126
38,93,0,18.0609172275006
38,94,11,12.4673380008682
38,95,-7,-1.70489303491327
38,96,-7,9.88087810261043
38,97,3,16.2095313567209
38,98,0,5.35670187433429
38,99,22,9.8261505703576
38,100,-25,-19.8137989718283
38,101,11,21.3889725537445
38,102,-8,-2.02265564894375
38,103,-3,9.3432323788646
38,104,34,14.8497042719968
38,105,-28,-38.0511292483236
38,106,-3,20.8438800648671
38,107,11,12.710841242734
38,108,31,-4.91940102538167
38,109,-45,-40.1790814988555
38,110,18,31.4629704242566
38,111,-7,-4.95719492977791
38,112,3,4.10308055246701
38,113,-14,11.2546496421667
38,114,11,19.4381258739264
38,115,-8,8.34024233701273
38,116,-3,17.6509972561769
38,117,3,26.278450582324
38,118,4,7.91231332040701
38,119,-14,8.28765859902699
38,120,28,24.0808001923919
38,121,-21,-18.7163940646728
38,122,3,16.2607185806849
38,123,-3,8.31692296372734
38,124,-4,5.96850371085247
38,125,7,16.3979310140194
38,126,-3,0.330773734480085
38,127,26,12.6362713210445
38,128,10,-27.1910604662775
38,129,-25,-26.8719018498509
38,130,14,9.93234026702515
38,131,-36,-21.694711999704
38,132,14,33.8924395949553
38,133,29,5.10233899600747
38,134,7,-28.4029336108306
38,135,-18,-14.4866647629408
38,136,-18,10.4927455908437
38,137,-10,29.1060714669916
38,138,32,25.2910108957662
38,139,-32,-18.6622518231877
38,140,-4,36.1301556116851
38,141,0,36.2026124000832
38,142,18,30.3733064191654
38,143,25,8.53724863727899
38,144,-39,-30.0196330660191
38,145,28,34.066456986581
38,146,-25,-25.1397001920717
38,147,0,19.4574445596479
38,148,4,11.9041457773222
38,149,3,-0.701473536989562
38,150,-3,10.3860192895126
38,151,-7,11.4395113800859
38,152,3,26.1823456905701
38,153,-3,8.36514651641832
38,154,14,16.0482110662255
38,155,-11,-7.84692680776464
38,156,15,11.6759784389787
38,157,14,-10.5891421567628
38,158,0,-26.6597843503166
38,159,-25,-17.0487673352005
38,160,-4,13.3825247474636
38,161,25,12.6419042570038
38,162,-18,-23.2533004391999
38,163,33,18.9442732802419
38,164,50,-30.9168180298177
38,165,-63,-83.5811086888744
38,166,16,28.1551301944998
38,167,15,-23.5759467432065
38,168,-43,-42.3260107026461
38,169,0,35.1210102435533
38,170,-15,20.2869551592909
38,171,18,48.0820447230106
38,172,11,23.0793142806884
38,173,-18,15.834287774834
38,174,0,37.4697138785057
38,175,4,20.8390086924371
38,176,-15,13.0974003655168
38,177,43,25.0586510148588
38,178,-22,-39.6746380301527
38,179,-14,7.15053055646653
38,180,0,23.6028522790637
38,181,26,10.5123575488055
38,182,3,-20.5496630679223
38,183,-25,-17.7446897056979
38,184,14,25.6031402249111
38,185,-14,-8.77202498289858
38,186,25,20.9723828611888
38,187,22,-19.739288716804
38,188,-7,1.11190576817301
38,189,7,8.19231994261903
38,190,0,-7.07997753925242
38,191,-11,-0.457404374091568
38,192,15,13.5238552990777
38,193,-7,-9.80698017119715
38,194,-8,6.81879837534134
38,195,8,19.4618395661577
38,196,-8,1.2873780634776
38,197,26,16.2416748561772
38,198,-27,-22.2061359082618
38,199,27,24.2193128409265
38,200,18,-21.4422571618606
38,201,-26,-39.089556729073
38,202,4,11.5123088765052
38,203,-4,-11.3563245581979
38,204,-3,2.13805652676809
38,205,7,6.30174206324846
38,206,-7,0.318648243548832
38,207,-7,14.5697328137315
38,208,-15,23.3445688732359
38,209,7,40.7559699074714
38,210,33,19.564577353722
38,211,-33,-24.3727730521512
38,212,8,34.4952479999625
38,213,0,8.10116128243304
38,214,34,5.21860847618482
38,215,-9,-37.3398986463019
38,216,-21,-17.6783963315073
38,217,-1,15.1282125945205
38,218,11,2.41673188953704
38,219,-8,-3.01665730641235
38,220,-10,7.81449467872791
38,221,16,24.4676351797586
38,222,6,-1.04284773215679
38,223,-26,0.904859589862308
38,224,15,35.0678236860854
38,225,-4,-1.41160193003231
38,226,-14,8.37075513333659
38,227,11,29.4707432375425
38,228,-4,4.06689994991114
38,229,29,15.4781021070862
38,230,-25,-24.7755876072043
38,231,3,19.1015070004919
38,232,0,3.84115897025132
38,233,4,-0.687270646855008
38,234,7,0.896560234973752
38,235,5,-12.7263963090529
38,236,-16,-7.73447663590819
38,237,-11,13.6155729130141
38,238,-7,26.1985165881399
38,239,-3,25.3430544149292
38,240,10,28.6275559229925
38,241,0,13.9716205552587
38,242,29,19.0471004190449
38,243,-18,-21.5874469258562
38,244,7,9.67220462949851
38,245,-10,-9.95720306055176
38,246,0,-1.83324416173808
38,247,-4,0.856228289577956
38,248,1,3.52953884613738
38,249,6,11.0677795210109
38,250,0,1.68073579692455
38,251,22,10.3318903761156
38,252,-10,-24.2697068860083
38,253,-12,-2.14073993830872
38,254,-7,9.64674437351882
38,255,7,10.9838159189227
38,256,-7,2.52911586688019
38,257,-7,15.3478733327105
38,258,3,27.3238224438752
38,259,-10,18.2099376752411
38,260,7,34.3992956450097
38,261,11,15.382643103642
38,262,-18,-1.47014717358599
38,263,14,26.1358021350465
38,264,7,-2.42188580929014
38,265,11,-9.42940261534513
38,266,-18,-20.1500138617905
38,267,7,6.6123033559055
38,268,22,-6.89997206278905
38,269,0,-35.4565515351022
38,270,-33,-18.140676891782
38,271,8,24.7682243762596
38,272,0,5.41701420739138
38,273,-11,8.73341283856121
38,274,21,29.5686612572897
39,1,14,21.7385214096527
39,2,8,-11.3581644953929
39,3,-4,-18.5165154419524
39,4,-25,2.70927978845007
39,5,11,22.5183521785099
39,6,0,2.92451610543644
39,7,0,8.71530454876427
39,8,0,14.2497559064973
39,9,-4,5.35379746841318
39,10,18,15.4812876236217
39,11,-7,-10.8771283993969
39,12,-11,0.699319791664546
39,13,-11,17.0022067655444
39,14,-3,18.9022066413996
39,15,3,24.2901623274728
39,16,-7,16.5629094877945
39,17,0,24.8073221757613
39,18,4,21.4036290520929
39,19,18,11.1348131454785
39,20,0,-10.4458613169856
39,21,-11,-7.95444117177027
39,22,0,7.38845335940624
39,23,-4,-0.354997370178323
39,24,29,7.96756747742114
39,25,-4,-27.5361292725955
39,26,-21,-12.7315047485567
39,27,3,23.1181308976604
39,28,11,1.76970517462341
39,29,-18,-5.1214826618875
39,30,0,25.8370737344875
39,31,-7,12.9735131047399
39,32,0,21.6014387277647
39,33,4,25.6423554964772
39,34,7,9.05076449472479
39,35,0,3.10833191910129
39,36,29,4.34726664841769
39,37,-4,-34.8935392010529
39,38,-32,-18.5466344835283
39,39,0,27.2416313309528
39,40,0,6.33081582417104
39,41,0,12.636301410036
39,42,7,20.5553054461134
39,43,-4,2.49380333351478
39,44,-3,15.7441173392561
39,45,10,17.3178073553172
39,46,8,-4.97725577389624
39,47,3,-10.0171795644093
39,48,-11,-10.0694172347015
39,49,-10,4.14381799268743
39,50,3,15.8581163701288
39,51,11,7.34542422543332
39,52,7,-3.39021637375614
39,53,-7,-6.29359887247564
39,54,11,5.69260495976307
39,55,-7,-10.7289982181022
39,56,3,1.43640266989836
39,57,-3,-0.871065690421725
39,58,7,-1.57708477769832
39,59,-7,-2.70334009606656
39,60,-11,7.1402217230686
39,61,0,1.59084920767051
39,62,-10,5.37007542319981
39,63,-4,17.0951013635866
39,64,34,16.0370223111768
39,65,9,-29.8546139842148
39,66,-25,-26.7712597745841
39,67,22,13.3227544016732
39,68,-33,-30.7149007464211
39,69,4,25.9421371037526
39,70,-4,19.104460834605
39,71,7,6.17891699387265
39,72,0,8.13816712148968
39,73,7,1.12802139297551
39,74,-14,-5.4747263301513
39,75,39,16.3464543572805
39,76,-39,-39.4194797133608
39,77,36,23.4064441368617
39,78,-8,-24.0458904284444
39,79,-32,-19.9508382707089
39,80,7,48.9268459695408
39,81,3,11.1202962941151
39,82,11,9.2365406246255
39,83,-1,-0.69552287875775
39,84,5,0.565640187523689
39,85,-4,-3.5661695716059
39,86,-21,1.53998274705214
39,87,18,29.1736588903337
39,88,3,-6.03715377729158
39,89,-11,-2.95009257105766
39,90,0,21.6749452096814
39,91,11,6.48304565477424
39,92,-7,-3.08020011911261
39,93,-7,12.0666493772337
39,94,3,13.284019081719
39,95,0,4.84385596588838
39,96,22,10.3168283651263
39,97,-25,-19.2120888644412
39,98,11,18.8861635793076
39,99,-8,1.15444450541671
39,100,-3,4.45752362209528
39,101,34,19.8857839239441
39,102,-28,-37.714745928891
39,103,-3,19.1078092003862
39,104,11,18.5166147958142
39,105,31,-14.482015889367
39,106,-45,-29.6038489672877
39,107,18,31.7652629677005
39,108,-7,-5.62769262972113
39,109,3,2.76374471883596
39,110,-14,17.7141867343293
39,111,11,14.6904834830222
39,112,-8,6.5192631472376
39,113,-3,18.451067093849
39,114,3,19.6688176286292
39,115,4,6.6095329354486
39,116,-14,5.97544608990388
39,117,28,23.5252948645491
39,118,-21,-21.1843485915215
39,119,3,15.5228004257349
39,120,-3,11.5806436371592
39,121,-4,0.274997776155762
39,122,7,20.1882804690208
39,123,-3,0.553719551477224
39,124,26,7.74153147134492
39,125,10,-21.8900243328126
39,126,-25,-29.9940194336812
39,127,14,15.0696693384732
39,128,-36,-19.5157966489972
39,129,14,34.2074657344557
39,130,29,14.7632333985533
39,131,7,-34.099897556881
39,132,-18,-8.24472753155188
39,133,-18,8.69793283408123
39,134,-10,20.9675020083781
39,135,32,30.3703808534009
39,136,-32,-17.4340501751163
39,137,-4,35.8431045598206
39,138,0,35.0120076663934
39,139,18,17.1118337485555
39,140,25,8.50386163211252
39,141,-39,-31.5754751376648
39,142,28,29.1900123311773
39,143,-25,-19.2235115657534
39,144,0,12.0621439279943
39,145,4,24.3209666763557
39,146,3,-6.47578728134977
39,147,-3,12.616123006059
39,148,-7,12.5018676804696
39,149,3,15.7439827323941
39,150,-3,11.2482206909382
39,151,14,11.6828899379597
39,152,-11,-6.37722171979992
39,153,15,9.69492762233018
39,154,14,-8.77301950153329
39,155,0,-27.4313108652622
39,156,-25,-11.607919436364
39,157,-4,15.8166011155678
39,158,25,13.0887702517656
39,159,-18,-18.0589447152179
39,160,33,20.3432767912002
39,161,50,-28.2287801244417
39,162,-63,-85.2617680170708
39,163,16,36.0543745546188
39,164,15,-19.1159988538321
39,165,-43,-43.5773967326446
39,166,0,57.2121263815059
39,167,-15,16.0708790314414
39,168,18,38.2963704659542
39,169,11,30.6448621698276
39,170,-18,-2.45987914898067
39,171,0,33.8088746173455
39,172,4,16.4384994638605
39,173,-15,4.0089004134357
39,174,43,29.8362783425264
39,175,-22,-40.0481845144365
39,176,-14,5.73131213812038
39,177,0,29.3375840157214
39,178,26,1.00103739490382
39,179,3,-14.340381161652
39,180,-25,-12.3590000381313
39,181,14,21.3484056942344
39,182,-14,-6.29897414724273
39,183,25,17.5907827253877
39,184,22,-12.474139640635
39,185,-7,1.08544286464167
39,186,7,8.93062586250972
39,187,0,-7.88711258012745
39,188,-11,2.34181432216263
39,189,15,15.8821527808112
39,190,-7,-10.932760770509
39,191,-8,8.08432311072369
39,192,8,20.2187374805898
39,193,-8,-2.88907494540498
39,194,26,16.7389181124916
39,195,-27,-19.3043568410031
39,196,27,18.7252336199832
39,197,18,-15.0323042469581
39,198,-26,-42.1977824600146
39,199,4,19.3337461090787
39,200,-4,-8.43936437775258
39,201,-3,-0.601304876254443
39,202,7,18.4918516619031
39,203,-7,-4.84829721883032
39,204,-7,14.7895915164838
39,205,-15,23.4096264230534
39,206,7,32.0432460504462
39,207,33,18.7757665729799
39,208,-33,-26.1326134053752
39,209,8,31.7592108363493
39,210,0,7.50434455710484
39,211,34,-2.92485122786529
39,212,-9,-27.1569444452491
39,213,-21,-17.7962184574167
39,214,-1,17.8753358313247
39,215,11,4.71920225944571
39,216,-8,-3.04363257440594
39,217,-10,14.54116476185
39,218,16,20.3804528932544
39,219,6,-2.64271886293738
39,220,-26,-1.25309078447936
39,221,15,33.3269132374991
39,222,-4,-4.05632770748792
39,223,-14,7.14851365111124
39,224,11,32.8307565603278
39,225,-4,-1.90970455716381
39,226,29,13.8129195481248
39,227,-25,-20.8498884657933
39,228,3,11.4818296672696
39,229,0,9.31953482340417
39,230,4,-4.57863865244657
39,231,7,5.91666625214367
39,232,5,-9.78518008654944
39,233,-16,-9.71068359552653
39,234,-11,17.4709805624167
39,235,-7,22.2209325858991
39,236,-3,24.6983088881363
39,237,10,28.217038644151
39,238,0,10.6473521727904
39,239,29,13.3292768148886
39,240,-18,-23.3989240853953
39,241,7,4.62304411846519
39,242,-10,-5.70942252158632
39,243,0,-3.01422654069767
39,244,-4,8.7366552659742
39,245,1,5.61271148441036
39,246,6,10.2025000656355
39,247,0,3.35180459417372
39,248,22,5.41957335212266
39,249,-10,-22.3409842065385
39,250,-12,-3.51393872457687
39,251,-7,13.7821493184552
39,252,7,9.51199149481812
39,253,-7,6.17743461165
39,254,-7,17.0658162630365
39,255,3,23.4725521245441
39,256,-10,14.4942685299141
39,257,7,29.0706276175977
39,258,11,12.5178507799492
39,259,-18,-6.10042491969284
39,260,14,26.0454275379185
39,261,7,-4.3549147824323
39,262,11,-12.4095971745091
39,263,-18,-12.8735099370507
39,264,7,5.00270037773482
39,265,22,-3.85334835018727
39,266,0,-31.1555615764728
39,267,-33,-13.2465692085128
39,268,8,28.1089421577551
39,269,0,3.80621726467825
39,270,-11,10.3884750525392
39,271,21,31.6049950800513
39,272,-14,-11.4368624824395
39,273,-7,19.5773736655644
39,274,14,28.1284429148197
40,1,-11,6.02412117857939
40,2,-3,20.9691863138885
40,3,3,22.7022025907376
40,4,-7,19.4631565270027
40,5,0,24.9747019067217
40,6,4,21.8456617297291
40,7,18,16.5222135259091
40,8,0,-11.4069837461672
40,9,-11,-10.8674059765404
40,10,0,-1.86810304091568
40,11,-4,-2.97441976897972
40,12,29,5.76033720121833
40,13,-4,-31.0035775642915
40,14,-21,-14.1502039184422
40,15,3,11.715045272786
40,16,11,5.20203635448483
40,17,-18,-5.66096232071016
40,18,0,20.6633390885503
40,19,-7,9.62719691561076
40,20,0,25.1546361768043
40,21,4,27.3126518594957
40,22,7,12.8232404621598
40,23,0,-0.85055287962618
40,24,29,4.44152309967502
40,25,-4,-36.3068532581477
40,26,-32,-23.7091329440192
40,27,0,13.2281868282226
40,28,0,4.20617372652627
40,29,0,13.9536675581016
40,30,7,18.2979243669529
40,31,-4,5.61942742682509
40,32,-3,15.3229317658669
40,33,10,20.0193334943045
40,34,8,-4.68151029529706
40,35,3,-15.9472865504758
40,36,-11,-15.1475724841448
40,37,-10,-0.984792413766675
40,38,3,10.9376563726503
40,39,11,8.02968961568924
40,40,7,-4.32278861374976
40,41,-7,-8.54358782488428
40,42,11,3.07104496567527
40,43,-7,-12.7700398558052
40,44,3,0.276094320470904
40,45,-3,-9.64757966484082
40,46,7,-3.05162918043035
40,47,-7,-8.14080533846958
40,48,-11,8.18137168815893
40,49,0,0.163086734905267
40,50,-10,6.12560100277665
40,51,-4,14.4756764838684
40,52,34,14.739001871358
40,53,9,-27.7523486223589
40,54,-25,-29.6739357807312
40,55,22,-0.50345353343145
40,56,-33,-34.0256040786013
40,57,4,25.4371455757098
40,58,-4,7.72090322437622
40,59,7,14.62501794546
40,60,0,3.47145843897822
40,61,7,0.692489716369166
40,62,-14,-9.14928809220992
40,63,39,14.3358925422795
40,64,-39,-42.7033501569169
40,65,36,21.6081172075622
40,66,-8,-37.7195152250214
40,67,-32,-8.1052143261121
40,68,7,26.7265862891933
40,69,3,9.50729529422102
40,70,11,10.7053561717882
40,71,-1,-0.60364755001488
40,72,5,-1.02788984571745
40,73,-4,-8.811566234659
40,74,-21,2.09769761967391
40,75,18,23.4618890928493
40,76,3,-8.12783347035441
40,77,-11,-1.03551501766186
40,78,0,14.4104525238563
40,79,11,9.07696382312469
40,80,-7,-3.48225538858856
40,81,-7,10.9646658993047
40,82,3,8.19184390735673
40,83,0,2.86229988683062
40,84,22,11.3565626460274
40,85,-25,-20.0178178206575
40,86,11,15.2384280892512
40,87,-8,-6.90039230746585
40,88,-3,11.7855536122127
40,89,34,9.22090499794334
40,90,-28,-33.22576392223
40,91,-3,13.7413049505788
40,92,11,9.12146540460507
40,93,31,-4.3559797187773
40,94,-45,-39.0633613030106
40,95,18,29.7117810534512
40,96,-7,-18.3859638735843
40,97,3,13.8287611115195
40,98,-14,8.20513997064618
40,99,11,17.9672913235981
40,100,-8,-0.603030776604593
40,101,-3,26.1198433456484
40,102,3,17.2035058668931
40,103,4,5.64225098067756
40,104,-14,5.58189385334722
40,105,28,21.9756107711023
40,106,-21,-22.6485997729586
40,107,3,15.3972923041244
40,108,-3,1.95437111582577
40,109,-4,6.27510327259214
40,110,7,11.5608358740838
40,111,-3,4.27461132967077
40,112,26,5.46754604818101
40,113,10,-24.9786180893662
40,114,-25,-27.2605583490388
40,115,14,0.266701913262711
40,116,-36,-23.3979194713555
40,117,14,32.3993157126631
40,118,29,5.62532249176531
40,119,7,-21.3808639384929
40,120,-18,-18.472771515763
40,121,-18,8.38288387104719
40,122,-10,15.904913126114
40,123,32,28.0494614281768
40,124,-32,-14.4718913436349
40,125,-4,31.8345867710055
40,126,0,28.5325994534768
40,127,18,33.7751960045755
40,128,25,6.16314466056781
40,129,-39,-28.6079878350033
40,130,28,17.5313952033787
40,131,-25,-26.3508351537589
40,132,0,21.9669309223999
40,133,4,4.48133574723189
40,134,3,3.76177999850678
40,135,-3,4.24066136678851
40,136,-7,18.1468695128599
40,137,3,15.2713725169274
40,138,-3,7.43870357320274
40,139,14,14.8532200121918
40,140,-11,-11.373371346265
40,141,15,9.27879227572839
40,142,14,-14.1665103911004
40,143,0,-24.5302074165448
40,144,-25,-22.174742889499
40,145,-4,9.0843549835382
40,146,25,7.63415251938611
40,147,-18,-14.7868713095334
40,148,33,18.1976291465839
40,149,50,-34.8224898186713
40,150,-63,-77.879722869499
40,151,16,19.3769312882876
40,152,15,-32.8558984264807
40,153,-43,-37.4328184137831
40,154,0,36.87731525128
40,155,-15,19.9309641699174
40,156,18,42.2507429722983
40,157,11,35.1352298566575
40,158,-18,14.6705264304896
40,159,0,19.786795379768
40,160,4,20.4923283729045
40,161,-15,8.11458950870147
40,162,43,21.2696949445747
40,163,-22,-40.1923180277801
40,164,-14,4.66057415303249
40,165,0,16.3491559855217
40,166,26,10.6752121419461
40,167,3,-21.4241369979116
40,168,-25,-11.3763631342627
40,169,14,10.7218922956044
40,170,-14,-8.34376701697003
40,171,25,24.2125582157073
40,172,22,-21.9197230893701
40,173,-7,0.759015341150645
40,174,7,-0.485335002096816
40,175,0,-7.39283194214722
40,176,-11,0.016612960024224
40,177,15,11.3147873186949
40,178,-7,-13.4676295501003
40,179,-8,8.16198326002712
40,180,8,16.2767348707648
40,181,-8,-1.24298336489532
40,182,26,13.6420654395104
40,183,-27,-20.4170647964646
40,184,27,18.7774727920995
40,185,18,-26.1497522964594
40,186,-26,-32.2476724046837
40,187,4,1.09580112586827
40,188,-4,-12.3020465268271
40,189,-3,-0.560716204798747
40,190,7,11.1327208316089
40,191,-7,-0.234010829358816
40,192,-7,8.6896106405594
40,193,-15,25.0631458647766
40,194,7,35.5017506816572
40,195,33,16.2532390434375
40,196,-33,-20.3300285584009
40,197,8,27.0215364154
40,198,0,-0.303331484515038
40,199,34,6.45300177439949
40,200,-9,-36.9273843718264
40,201,-21,-17.2913851500523
40,202,-1,-0.778517707155594
40,203,11,8.30029924244643
40,204,-8,-1.45316289595901
40,205,-10,8.63667957428198
40,206,16,17.068501224503
40,207,6,0.12835440318999
40,208,-26,3.92330477289537
40,209,15,26.3895108017142
40,210,-4,-7.84858230389427
40,211,-14,10.7506832341491
40,212,11,26.3461556612888
40,213,-4,0.901369844092731
40,214,29,12.452410483197
40,215,-25,-21.0645223700201
40,216,3,12.3792542745446
40,217,0,-5.68061519175303
40,218,4,4.43265493820592
40,219,7,-3.81639238881237
40,220,5,-9.72009227181856
40,221,-16,-14.0374203908683
40,222,-11,13.729910267028
40,223,-7,21.3284335247783
40,224,-3,23.5557034302779
40,225,10,28.7136551391892
40,226,0,13.9726077649313
40,227,29,15.5634113729097
40,228,-18,-23.0973532527573
40,229,7,4.67564385719624
40,230,-10,-19.2067085506771
40,231,0,-1.46995674774749
40,232,-4,-3.22201402344304
40,233,1,7.92686816709363
40,234,6,6.05614490823784
40,235,0,5.63837718478223
40,236,22,6.67176938462315
40,237,-10,-25.8945175636503
40,238,-12,-5.40916292124418
40,239,-7,2.41661642520487
40,240,7,10.1075309714494
40,241,-7,2.71608553693705
40,242,-7,17.8713907800785
40,243,3,20.9426969934915
40,244,-10,17.8883843765524
40,245,7,32.3622489037571
40,246,11,11.5150988492508
40,247,-18,-4.42594724039661
40,248,14,20.9119714042407
40,249,7,-5.44033279107745
40,250,11,-10.5557302861427
40,251,-18,-21.7650504355482
40,252,7,2.64337509333665
40,253,22,-13.4065534126535
40,254,0,-27.3099003873226
40,255,-33,-20.6995063992652
40,256,8,17.8048712757536
40,257,0,2.1710003668825
40,258,-11,16.1685970168406
40,259,21,26.883345452131
40,260,-14,-9.97321379572887
40,261,-7,20.9455883600277
40,262,14,25.261423822606
40,263,-3,-4.39580813648559
40,264,0,1.42517044485885
40,265,10,2.85027159610937
40,266,-18,-14.4804913878364
40,267,18,15.9210268847323
40,268,0,-11.611145569866
40,269,4,-8.42051743539238
40,270,0,-11.3129682405868
40,271,-11,-7.19127043811174
40,272,-3,5.23442922549456
40,273,3,10.6030841276975
40,274,-14,5.12511674319216
41,1,0,0.772918068427376
41,2,-4,-5.71742700996454
41,3,29,1.28453868871078
41,4,-4,-32.9978344670019
41,5,-21,-10.8781604413966
41,6,3,13.4193536612592
41,7,11,0.822842159727626
41,8,-18,-11.262219494246
41,9,0,20.097780645016
41,10,-7,11.9557709484275
41,11,0,21.7508078916124
41,12,4,22.4126580691161
41,13,7,14.0666362073768
41,14,0,1.4125622295358
41,15,29,4.50483639737295
41,16,-4,-35.143118092659
41,17,-32,-21.1633896999932
41,18,0,14.5140910718839
41,19,0,-0.724930693074146
41,20,0,5.59741516003599
41,21,7,15.1954102818969
41,22,-4,9.34416666173632
41,23,-3,15.9070716853405
41,24,10,17.5564325346919
41,25,8,-4.18132892322958
41,26,3,-15.1419755583204
41,27,-11,-13.9449881014572
41,28,-10,0.196282049989714
41,29,3,7.6947440850349
41,30,11,2.82577076593093
41,31,7,-6.32299823667631
41,32,-7,-6.88979389929176
41,33,11,5.40201947374703
41,34,-7,-13.9344504819684
41,35,3,-1.61905577105941
41,36,-3,-10.3328347988318
41,37,7,-3.54529671113117
41,38,-7,-10.3511801917564
41,39,-11,6.53014425472284
41,40,0,-1.94840445953111
41,41,-10,6.08814220583344
41,42,-4,16.5607686836227
41,43,34,13.0455619276895
41,44,9,-31.2057602909575
41,45,-25,-27.0356810435265
41,46,22,5.42967125335348
41,47,-33,-35.7785995628022
41,48,4,19.0587154293893
41,49,-4,2.87128653231908
41,50,7,14.0410784919756
41,51,0,3.11478382854768
41,52,7,2.14986140864704
41,53,-14,-9.53024787221457
41,54,39,12.4341913796481
41,55,-39,-43.4725030004595
41,56,36,23.4425477811415
41,57,-8,-39.255047529707
41,58,-32,-9.01889864112581
41,59,7,25.7546960069316
41,60,3,8.2424795193554
41,61,11,5.7839450853528
41,62,-1,-2.94847481590987
41,63,5,2.39855628600782
41,64,-4,-7.2433253964856
41,65,-21,0.329275188519966
41,66,18,21.8592875552936
41,67,3,-11.2838984707752
41,68,-11,-2.76476415496437
41,69,0,15.3578512786219
41,70,11,9.83977865314972
41,71,-7,-6.51585207242891
41,72,-7,9.0496205870885
41,73,3,10.8702790466167
41,74,0,1.40873999708687
41,75,22,7.27014287679476
41,76,-25,-19.8436527469711
41,77,11,18.8508627965259
41,78,-8,-8.32319327589037
41,79,-3,8.41392142891157
41,80,34,7.06981749231633
41,81,-28,-33.6110792920389
41,82,-3,16.9459846894114
41,83,11,7.68306309827731
41,84,31,-7.44651950047511
41,85,-45,-42.2454042221457
41,86,18,33.9085209651823
41,87,-7,-16.3446765622901
41,88,3,5.75665049978807
41,89,-14,4.02591341446464
41,90,11,21.5618713424924
41,91,-8,-1.03200759218735
41,92,-3,20.787306192461
41,93,3,18.4113116057617
41,94,4,6.2329199604706
41,95,-14,3.98579889091649
41,96,28,21.9021552309514
41,97,-21,-22.4587154630584
41,98,3,15.5367324506866
41,99,-3,1.40054347053044
41,100,-4,5.20424637166328
41,101,7,8.5183137880322
41,102,-3,2.40027283746868
41,103,26,7.36856179329118
41,104,10,-26.3367995540254
41,105,-25,-25.1399860396518
41,106,14,3.84855585419415
41,107,-36,-25.9718733025656
41,108,14,27.3680729130872
41,109,29,-0.719403138051858
41,110,7,-22.2763643552186
41,111,-18,-15.2889241593471
41,112,-18,12.4638886455872
41,113,-10,16.0770613355581
41,114,32,18.11366721748
41,115,-32,-19.7549719913588
41,116,-4,36.5479934663969
41,117,0,29.4590779748105
41,118,18,28.7969199469708
41,119,25,2.18328714268356
41,120,-39,-24.060803962324
41,121,28,26.5648497072078
41,122,-25,-29.9810187588656
41,123,0,17.0203334005261
41,124,4,1.97774365527432
41,125,3,3.31769986608668
41,126,-3,2.98753421243661
41,127,-7,15.7225167736382
41,128,3,17.9164234051422
41,129,-3,4.93406382982469
41,130,14,12.7619519955946
41,131,-11,-10.4776837397919
41,132,15,10.4346793215739
41,133,14,-14.6817329497602
41,134,0,-25.0638908262831
41,135,-25,-20.5253996415122
41,136,-4,10.1483625551871
41,137,25,3.36047770007287
41,138,-18,-22.7273651420844
41,139,33,18.6707604403273
41,140,50,-31.2591479736563
41,141,-63,-76.3803335480016
41,142,16,23.4933600962808
41,143,15,-32.7679654503539
41,144,-43,-44.8210739442488
41,145,0,29.1654082733914
41,146,-15,20.5717861423621
41,147,18,39.1191225811772
41,148,11,23.7608966701835
41,149,-18,19.5252280328081
41,150,0,28.4101154751828
41,151,4,18.1686254533414
41,152,-15,5.75327140043552
41,153,43,20.1025090542444
41,154,-22,-39.2623000652661
41,155,-14,7.86498211038537
41,156,0,15.8125657296321
41,157,26,7.53716969841183
41,158,3,-26.8119742831525
41,159,-25,-10.5419557453959
41,160,14,18.2409042167927
41,161,-14,-12.6220149650812
41,162,25,17.2091882867003
41,163,22,-22.6992984035521
41,164,-7,1.61961665338822
41,165,7,2.61314825438519
41,166,0,-9.89178003226366
41,167,-11,-4.00242914554545
41,168,15,11.1526540694402
41,169,-7,-13.1785341827831
41,170,-8,5.85129802521175
41,171,8,15.075511702506
41,172,-8,-1.48242559469558
41,173,26,11.6457866086019
41,174,-27,-21.8848285916958
41,175,27,22.0843551550389
41,176,18,-27.3639738166997
41,177,-26,-33.6596328636108
41,178,4,3.82286397657962
41,179,-4,-12.7205603349774
41,180,-3,-4.84406209421532
41,181,7,4.4219308470615
41,182,-7,0.733288744533609
41,183,-7,10.0066965123797
41,184,-15,21.3901746960178
41,185,7,34.2924646483384
41,186,33,13.4981162800433
41,187,-33,-21.735339671518
41,188,8,32.390944900554
41,189,0,1.33167355680112
41,190,34,2.5501912633561
41,191,-9,-40.643553411466
41,192,-21,-11.6377849149258
41,193,-1,4.0912365796782
41,194,11,0.332844944541204
41,195,-8,-8.7170863369677
41,196,-10,8.68506164436354
41,197,16,20.2508872905781
41,198,6,-3.13651502927672
41,199,-26,0.604487869723236
41,200,15,29.8633366014457
41,201,-4,-7.41853626038379
41,202,-14,6.3682438889872
41,203,11,24.5858625252767
41,204,-4,2.21633842260518
41,205,29,10.9929573690355
41,206,-25,-23.2408914456427
41,207,3,17.5582790375613
41,208,0,-5.49285887112989
41,209,4,-0.449872456277845
41,210,7,-6.17192240974412
41,211,5,-9.23521205756231
41,212,-16,-11.7801282048164
41,213,-11,11.9003657398732
41,214,-7,18.7654195420619
41,215,-3,19.5629806126509
41,216,10,24.6105115898238
41,217,0,13.5820422769089
41,218,29,17.5505517382346
41,219,-18,-21.8491640261694
41,220,7,8.15483256111643
41,221,-10,-18.0693099226278
41,222,0,-3.72812332784725
41,223,-4,-7.03505236386061
41,224,1,5.38117357132366
41,225,6,5.45089448357124
41,226,0,3.05584635487509
41,227,22,7.02978758038703
41,228,-10,-25.0418248416833
41,229,-12,-3.57562046686646
41,230,-7,2.73199564928627
41,231,7,6.44922396013881
41,232,-7,-2.67480001126069
41,233,-7,16.0668179460952
41,234,3,22.6045652693825
41,235,-10,15.7395451204336
41,236,7,29.7921525445018
41,237,11,11.4666194519123
41,238,-18,-3.03772043273311
41,239,14,22.0258797357044
41,240,7,-5.9347125997291
41,241,11,-11.2979432892627
41,242,-18,-21.9541943141151
41,243,7,5.62330258102023
41,244,22,-14.7973548423878
41,245,0,-32.8637939665758
41,246,-33,-19.413891816706
41,247,8,21.0843742581799
41,248,0,-2.63924911839362
41,249,-11,7.52292238150237
41,250,21,25.9842209914891
41,251,-14,-6.76932057852533
41,252,-7,20.8496352851904
41,253,14,22.937489724565
41,254,-3,-4.18399192345556
41,255,0,0.857630630257244
41,256,10,2.83723176976727
41,257,-18,-12.6181402311094
41,258,18,13.9323356416586
41,259,0,-14.2493215511316
41,260,4,-7.8311206442239
41,261,0,-11.6380052034342
41,262,-11,-6.80291192354089
41,263,-3,4.3675660936672
41,264,3,6.18012350962934
41,265,-14,3.0710811907541
41,266,-7,23.2333136418471
41,267,10,28.8979052830395
41,268,0,12.0266766450415
41,269,-7,16.4347895565599
41,270,-3,21.4909462031025
41,271,7,15.4075224801176
41,272,3,2.88568906757062
41,273,-10,1.83838343787832
41,274,18,11.8333561980711
42,1,-18,-7.64015514443839
42,2,0,20.3591513374005
42,3,-7,12.8957653469376
42,4,0,24.2693722066858
42,5,4,27.1576057555299
42,6,7,10.7126417762528
42,7,0,-0.262713772689491
42,8,29,3.9135007753134
42,9,-4,-36.5315556330018
42,10,-32,-24.2170194138684
42,11,0,21.0456823427022
42,12,0,6.52686375564639
42,13,0,11.3430723786601
42,14,7,16.4838932816422
42,15,-4,4.98336065798359
42,16,-3,16.4514275010597
42,17,10,20.5730377753741
42,18,8,-5.04776337629693
42,19,3,-16.7028410893738
42,20,-11,-14.3568145663494
42,21,-10,1.92990542097768
42,22,3,13.8872940222923
42,23,11,7.1808144730569
42,24,7,-6.38020959663682
42,25,-7,-9.49268957449244
42,26,11,5.30579503093053
42,27,-7,-11.3599027210141
42,28,3,0.020647144783615
42,29,-3,-7.35172715752344
42,30,7,-3.43200086951205
42,31,-7,-6.72009056466951
42,32,-11,7.29885864805779
42,33,0,-0.395077975744561
42,34,-10,4.52631923741116
42,35,-4,17.5078428368646
42,36,34,16.0523679145395
42,37,9,-30.8528963042231
42,38,-25,-32.815832953245
42,39,22,6.3029493967171
42,40,-33,-31.461766912646
42,41,4,25.3895034406155
42,42,-4,11.4066939138636
42,43,7,10.498868686296
42,44,0,4.08729924310265
42,45,7,1.24656395093365
42,46,-14,-8.10293916145129
42,47,39,14.8688583652226
42,48,-39,-43.1699658331152
42,49,36,21.2469345850061
42,50,-8,-32.0842743062308
42,51,-32,-14.6918040276645
42,52,7,37.322054674638
42,53,3,11.4235997962556
42,54,11,9.71676962693063
42,55,-1,-2.81231367514313
42,56,5,-0.978411284808459
42,57,-4,-6.59927155081786
42,58,-21,2.39470136599914
42,59,18,26.9196391116683
42,60,3,-8.67236126948249
42,61,-11,-4.29289961138113
42,62,0,17.1165727004033
42,63,11,10.1907458607202
42,64,-7,-3.88975801333467
42,65,-7,9.73927005865541
42,66,3,11.3314585579437
42,67,0,3.15572828984212
42,68,22,10.4815319563583
42,69,-25,-21.7087062292206
42,70,11,16.8496586593182
42,71,-8,-2.58311222700727
42,72,-3,8.75329616777996
42,73,34,12.6677728545682
42,74,-28,-38.257682758975
42,75,-3,16.2484663105835
42,76,11,14.327664877002
42,77,31,-7.17404824661843
42,78,-45,-41.0724212948361
42,79,18,30.6723371525712
42,80,-7,-9.69763210142441
42,81,3,7.36679770872907
42,82,-14,11.5192971986314
42,83,11,15.6700011065505
42,84,-8,3.76388659211887
42,85,-3,21.4664584984753
42,86,3,20.8479872691737
42,87,4,3.92793910697521
42,88,-14,6.09312104032483
42,89,28,22.2100633094945
42,90,-21,-22.2695198157241
42,91,3,13.8975001255395
42,92,-3,7.115748705737
42,93,-4,3.66127006800752
42,94,7,14.5258996149209
42,95,-3,1.24957040330721
42,96,26,7.18654437271778
42,97,10,-26.6542279874495
42,98,-25,-29.080125713574
42,99,14,6.4338301987244
42,100,-36,-20.945207878258
42,101,14,33.2721364262104
42,102,29,7.76976801123702
42,103,7,-29.6136783723125
42,104,-18,-17.0648889903401
42,105,-18,10.9692418933766
42,106,-10,23.3166342450519
42,107,32,27.3336932058144
42,108,-32,-19.0577942123239
42,109,-4,30.8916708537977
42,110,0,35.1262412646114
42,111,18,29.6659814891484
42,112,25,5.1695189709637
42,113,-39,-34.3001475585285
42,114,28,24.6645568487405
42,115,-25,-22.9809530606403
42,116,0,18.666474505136
42,117,4,10.2267341949705
42,118,3,-1.40566601134
42,119,-3,7.36252059841169
42,120,-7,15.0645531678722
42,121,3,19.1280100930444
42,122,-3,6.77875961941834
42,123,14,14.3109060852283
42,124,-11,-11.6359007259309
42,125,15,9.26787982181427
42,126,14,-11.9782125524514
42,127,0,-27.6952184638942
42,128,-25,-19.3841143049032
42,129,-4,12.7933813822002
42,130,25,11.9315763834777
42,131,-18,-20.0496183209171
42,132,33,17.5134993114796
42,133,50,-33.1705264737681
42,134,-63,-84.3317865151028
42,135,16,27.0438520575231
42,136,15,-23.6286219312395
42,137,-43,-43.3264775797448
42,138,0,41.2267497367484
42,139,-15,21.4040600245335
42,140,18,42.6888904905502
42,141,11,30.9873191529491
42,142,-18,8.92772372731257
42,143,0,25.430880323834
42,144,4,21.2968620838276
42,145,-15,7.59479698857935
42,146,43,21.5922730251594
42,147,-22,-42.1893004730781
42,148,-14,3.40841669365064
42,149,0,24.4588159887557
42,150,26,8.86546827714564
42,151,3,-22.5295737726226
42,152,-25,-16.2831865581076
42,153,14,18.6585187846821
42,154,-14,-7.05084175433836
42,155,25,22.2172472093132
42,156,22,-21.8419493180946
42,157,-7,-0.25368760412892
42,158,7,4.28601762758062
42,159,0,-7.51315922200165
42,160,-11,-0.247248808466916
42,161,15,12.3758525259822
42,162,-7,-12.6517862519846
42,163,-8,6.9264531374814
42,164,8,19.0893082765165
42,165,-8,-1.89371161074966
42,166,26,14.0615447597529
42,167,-27,-21.9300149326625
42,168,27,19.4077125764337
42,169,18,-22.2366360017876
42,170,-26,-38.9030991802261
42,171,4,8.06569373677338
42,172,-4,-10.0345383016373
42,173,-3,0.164944654692881
42,174,7,10.7109669153339
42,175,-7,-1.56548988629445
42,176,-7,10.4926922545114
42,177,-15,25.7449494466244
42,178,7,36.7875182093852
42,179,33,16.0177905300906
42,180,-33,-25.9959819738904
42,181,8,29.0107379733214
42,182,0,5.51885551254362
42,183,34,3.11167540178852
42,184,-9,-37.7083308587316
42,185,-21,-20.2804628570065
42,186,-1,9.86521676519921
42,187,11,7.73770277354921
42,188,-8,-2.85377661504389
42,189,-10,6.6870750884185
42,190,16,20.7899442810299
42,191,6,-0.922100307422683
42,192,-26,1.08855753282336
42,193,15,29.873517442774
42,194,-4,-5.59438207139927
42,195,-14,7.82111510537608
42,196,11,28.9398553513921
42,197,-4,0.100843371915624
42,198,29,12.3022789166629
42,199,-25,-23.2401773187738
42,200,3,13.0293194375787
42,201,0,1.05519003819249
42,202,4,0.607043602459456
42,203,7,-1.61428879049196
42,204,5,-12.5325832491002
42,205,-16,-11.4883651369532
42,206,-11,15.0320635383835
42,207,-7,24.819545785075
42,208,-3,23.1068195204307
42,209,10,27.7624621366971
42,210,0,11.556893361023
42,211,29,14.863148805695
42,212,-18,-24.1495450360181
42,213,7,4.99028547810385
42,214,-10,-13.4315745482295
42,215,0,-2.86290193732293
42,216,-4,0.396276979304728
42,217,1,5.29184043495295
42,218,6,8.51277500568756
42,219,0,3.23840029718885
42,220,22,7.49069016063958
42,221,-10,-26.7938252433885
42,222,-12,-4.90509109095666
42,223,-7,7.82194467996
42,224,7,10.711349911063
42,225,-7,2.38478013780497
42,226,-7,15.6795508168299
42,227,3,23.6488565060813
42,228,-10,17.0560107888295
42,229,7,32.2477142985165
42,230,11,11.3259418123301
42,231,-18,-6.42070831935958
42,232,14,23.0025927031357
42,233,7,-4.18811948501082
42,234,11,-12.8313291710426
42,235,-18,-20.9191152932322
42,236,7,4.31658839790165
42,237,22,-8.79438452520324
42,238,0,-32.1596118456754
42,239,-33,-19.7847894700514
42,240,8,23.1615003121234
42,241,0,5.78073915657542
42,242,-11,11.3795092562516
42,243,21,27.9667975758827
42,244,-14,-11.311244606314
42,245,-7,21.1218946996147
42,246,14,28.1085576601416
42,247,-3,-6.26872790121052
42,248,0,1.51011814365522
42,249,10,3.3722913180445
42,250,-18,-13.8101197830577
42,251,18,17.5015707346167
42,252,0,-10.9813404002197
42,253,4,-10.5709490908047
42,254,0,-8.56705407338123
42,255,-11,-7.78594624363964
42,256,-3,9.20407865631459
42,257,3,10.5514700142331
42,258,-14,4.87077948496657
42,259,-7,24.8875796977024
42,260,10,31.9389016601236
42,261,0,12.4177810010975
42,262,-7,15.8044932546285
42,263,-3,20.3317494110049
42,264,7,15.805492334963
42,265,3,5.07621826232425
42,266,-10,1.13311416606065
42,267,18,11.3903029226004
42,268,-8,-15.5584850228993
42,269,11,3.83830594935322
42,270,-11,-12.9534445931146
42,271,18,1.3684370854151
42,272,11,-20.3702139255543
42,273,-7,-28.2096357931056
42,274,-14,-10.4409992056103
43,1,-7,13.6708707652539
43,2,0,23.9759580670643
43,3,4,26.5267694746223
43,4,7,10.6808579967922
43,5,0,0.32534896817257
43,6,29,4.4176825224852
43,7,-4,-32.8444255234055
43,8,-32,-22.0018664645906
43,9,0,23.6466394211608
43,10,0,12.3231978824345
43,11,0,12.2374791490586
43,12,7,14.7482031240438
43,13,-4,3.1567857759357
43,14,-3,15.3931106643758
43,15,10,21.1901150431886
43,16,8,-2.20722219538056
43,17,3,-14.0475292343587
43,18,-11,-12.607936196217
43,19,-10,3.79499700074464
43,20,3,16.7182907621677
43,21,11,9.3659981804288
43,22,7,-5.74038027194486
43,23,-7,-9.83783457669474
43,24,11,5.27166911245835
43,25,-7,-7.81318727000262
43,26,3,1.98720485926897
43,27,-3,-3.91434934711718
43,28,7,-1.66148196129087
43,29,-7,-4.9384292983319
43,30,-11,7.45237712293176
43,31,0,-0.129227323686452
43,32,-10,3.78359203228224
43,33,-4,17.3393678586517
43,34,34,18.2942645106978
43,35,9,-27.2885764810064
43,36,-25,-32.3040597948538
43,37,22,7.37202436450846
43,38,-33,-24.1834817708463
43,39,4,25.6429831243836
43,40,-4,15.2187177070026
43,41,7,9.71033067088203
43,42,0,4.70580596237034
43,43,7,2.40880987907567
43,44,-14,-5.6876964973618
43,45,39,15.5643386241359
43,46,-39,-38.1170991657313
43,47,36,19.0865466176509
43,48,-8,-25.4304398365424
43,49,-32,-14.520486895759
43,50,7,38.0531036754314
43,51,3,13.7304435519947
43,52,11,10.7411217387083
43,53,-1,-2.39574902885897
43,54,5,-1.39236098281923
43,55,-4,-4.55585790361767
43,56,-21,4.11461973755727
43,57,18,28.4219493242301
43,58,3,-4.42497737305093
43,59,-11,-4.96101626952833
43,60,0,16.2086417365538
43,61,11,11.4735682647829
43,62,-7,-1.78731594937917
43,63,-7,9.93695709555965
43,64,3,12.5886279666961
43,65,0,5.57101954370048
43,66,22,10.6078422196024
43,67,-25,-19.7102120334032
43,68,11,15.6278567541981
43,69,-8,1.70671934135988
43,70,-3,9.54328167247438
43,71,34,14.260144300415
43,72,-28,-35.0561849776222
43,73,-3,13.3467359680508
43,74,11,18.1099910804195
43,75,31,-4.65583627188251
43,76,-45,-37.6042352568892
43,77,18,27.384941367131
43,78,-7,-3.55802548995444
43,79,3,8.40999744873852
43,80,-14,11.7904287009517
43,81,11,15.6760626741706
43,82,-8,5.04603388271916
43,83,-3,20.6000475139944
43,84,3,20.4598950599439
43,85,4,6.31396075820689
43,86,-14,6.08603159507771
43,87,28,22.2561426108959
43,88,-21,-18.7858194372094
43,89,3,12.9158006958494
43,90,-3,9.93406804403714
43,91,-4,5.38499156210433
43,92,7,15.4055272517088
43,93,-3,2.37313436644769
43,94,26,6.59458403836597
43,95,10,-23.3308809588898
43,96,-25,-28.5151323693852
43,97,14,8.82840175277573
43,98,-36,-14.1590674041391
43,99,14,33.4105988947906
43,100,29,11.3633365672471
43,101,7,-30.1742842815029
43,102,-18,-19.1109805310127
43,103,-18,11.1321499837442
43,104,-10,27.2330501569654
43,105,32,31.8959147900727
43,106,-32,-17.1598930008904
43,107,-4,26.0260604014481
43,108,0,34.939639708734
43,109,18,29.0833744507469
43,110,25,5.8350894505207
43,111,-39,-33.0274253427265
43,112,28,22.9631609852799
43,113,-25,-14.7499250632626
43,114,0,18.140259900456
43,115,4,14.246541163752
43,116,3,-0.975262475080064
43,117,-3,6.38176335833712
43,118,-7,14.4422357661078
43,119,3,18.8388156939959
43,120,-3,10.0078925502076
43,121,14,13.9855436655879
43,122,-11,-9.21088446609626
43,123,15,8.6940300821526
43,124,14,-8.85741778104173
43,125,0,-25.2938775551375
43,126,-25,-17.0917761898333
43,127,-4,15.2394896971733
43,128,25,16.0542200928497
43,129,-18,-16.9796393470375
43,130,33,13.9303905999165
43,131,50,-29.7443642336526
43,132,-63,-81.1740617457666
43,133,16,25.2297837904843
43,134,15,-11.8735574972367
43,135,-43,-37.3434919118432
43,136,0,39.5143416196665
43,137,-15,22.5384960826474
43,138,18,39.9215719575733
43,139,11,29.1677093415638
43,140,-18,4.39590868977944
43,141,0,24.8118946521196
43,142,4,23.7869730366418
43,143,-15,9.642538057852
43,144,43,23.0166807988115
43,145,-22,-38.3800055115377
43,146,-14,0.917988672567608
43,147,0,26.7346106117218
43,148,26,12.2305470835523
43,149,3,-19.2528610086925
43,150,-25,-17.1189668054723
43,151,14,17.9141925027717
43,152,-14,-1.38596718820369
43,153,25,21.5736985004832
43,154,22,-17.9045715236249
43,155,-7,-1.05976621400897
43,156,7,6.554765985832
43,157,0,-3.99765974068394
43,158,-11,1.09672774806143
43,159,15,13.2051047367195
43,160,-7,-10.0200227155712
43,161,-8,6.59900846535111
43,162,8,19.5309354949283
43,163,-8,0.527791205970783
43,164,26,14.1574220645451
43,165,-27,-19.2071380223527
43,166,27,17.4765990497087
43,167,18,-16.6304275493532
43,168,-26,-37.0326170763684
43,169,4,8.65634582477603
43,170,-4,-4.18871222278157
43,171,-3,2.15440942937847
43,172,7,12.2496086149296
43,173,-7,-1.93179405454099
43,174,-7,10.2386750650842
43,175,-15,25.5600326525042
43,176,7,36.4305152709398
43,177,33,18.0200871282194
43,178,-33,-25.2508957245412
43,179,8,25.1472820974965
43,180,0,9.91379130183656
43,181,34,5.06528949175182
43,182,-9,-33.5838718553765
43,183,-21,-20.5994085545692
43,184,-1,12.4729351642105
43,185,11,12.6405154961048
43,186,-8,-1.28485146704019
43,187,-10,6.48923394015985
43,188,16,19.6186681025855
43,189,6,0.859049491752309
43,190,-26,0.379561827721357
43,191,15,29.5735061877009
43,192,-4,-0.905132313238594
43,193,-14,7.97129798658415
43,194,11,28.4815544482324
43,195,-4,2.0192255509732
43,196,29,11.7385581485924
43,197,-25,-20.9833853494727
43,198,3,11.3201330157042
43,199,0,6.24101913408308
43,200,4,2.82090928659803
43,201,7,0.0486229698103253
43,202,5,-11.074994992591
43,203,-16,-10.9794398842827
43,204,-11,16.208301721915
43,205,-7,26.4899247811691
43,206,-3,25.1153424637446
43,207,10,26.8146748360158
43,208,0,10.2609826229419
43,209,29,12.6596647896325
43,210,-18,-22.031590900153
43,211,7,4.80796569924626
43,212,-10,-7.35888735082283
43,213,0,0.503741062117537
43,214,-4,3.45917169388052
43,215,1,6.04218584631811
43,216,6,8.19078670075771
43,217,0,3.66401868711681
43,218,22,6.7844692619648
43,219,-10,-23.2373877488482
43,220,-12,-4.38121945989962
43,221,-7,11.3574602911032
43,222,7,13.9252024510696
43,223,-7,4.3577050138841
43,224,-7,14.3058334050941
43,225,3,22.4506188982977
43,226,-10,17.413668789804
43,227,7,30.8443994345649
43,228,11,12.7322617934326
43,229,-18,-5.64931432995735
43,230,14,22.2585225691593
43,231,7,-0.849319904087638
43,232,11,-11.1404196941186
43,233,-18,-18.4047385518789
43,234,7,5.17758510402173
43,235,22,-4.05964526960572
43,236,0,-28.6879697188246
43,237,-33,-19.3769334805174
43,238,8,24.2655575160502
43,239,0,10.257636622747
43,240,-11,11.795104952801
43,241,21,25.9990829987155
43,242,-14,-10.0294605927817
43,243,-7,18.6793301482073
43,244,14,29.1683973087618
43,245,-3,-3.41623679574477
43,246,0,2.55376792779311
43,247,10,4.42367406679762
43,248,-18,-11.7116011164886
43,249,18,18.1707707489098
43,250,0,-7.48196189483074
43,251,4,-9.61356234902366
43,252,0,-6.54456203377116
43,253,-11,-6.15627028151917
43,254,-3,11.0355121561245
43,255,3,13.1522151949854
43,256,-14,5.65902534822218
43,257,-7,24.2343705143707
43,258,10,31.1786273483515
43,259,0,12.7536020619511
43,260,-7,14.4651831936938
43,261,-3,19.910098306438
43,262,7,17.2001459510189
43,263,3,6.92980871409316
43,264,-10,1.79341788499292
43,265,18,11.9911714660138
43,266,-8,-12.2187306187161
43,267,11,3.81529802075917
43,268,-11,-9.74708242839781
43,269,18,2.5923015967098
43,270,11,-16.3282342101125
43,271,-7,-26.3406875147453
43,272,-14,-9.00759647747338
43,273,14,9.07332280220962
43,274,-7,-8.84426448529466
44,1,-4,-32.2884827204384
44,2,-32,-27.9417731167204
44,3,0,14.2278430052245
44,4,0,3.44207022300058
44,5,0,13.7649664559036
44,6,7,26.860072982901
44,7,-4,16.9861960457747
44,8,-3,16.1797640458732
44,9,10,16.6780282319424
44,10,8,-3.34232175713915
44,11,3,-14.6345069657848
44,12,-11,-12.1562368109407
44,13,-10,0.113416016259036
44,14,3,10.0861413436675
44,15,11,8.55055324799962
44,16,7,1.47893265322034
44,17,-7,-2.2438083240445
44,18,11,5.81657087019177
44,19,-7,-13.3478758100792
44,20,3,-3.96335267731714
44,21,-3,-5.08474645765374
44,22,7,-1.593269811718
44,23,-7,-3.17767528837045
44,24,-11,7.53824581020549
44,25,0,6.42679168702093
44,26,-10,8.06794575617459
44,27,-4,18.9191442235047
44,28,34,13.1321037168723
44,29,9,-25.6115089826881
44,30,-25,-28.4380233210824
44,31,22,4.45576565157952
44,32,-33,-34.1485471942261
44,33,4,15.0296475731387
44,34,-4,17.1670743703735
44,35,7,18.3530995288347
44,36,0,6.67140116948817
44,37,7,3.58568239883077
44,38,-14,-7.33001523084518
44,39,39,11.5531299523016
44,40,-39,-34.8206929075144
44,41,36,15.7493399054319
44,42,-8,-25.0931418587966
44,43,-32,-18.8027957069603
44,44,7,35.2612275869401
44,45,3,11.938995458243
44,46,11,10.5430208387747
44,47,-1,3.09402640473397
44,48,5,4.84576966133631
44,49,-4,-5.71706033222156
44,50,-21,-1.89630979218371
44,51,18,23.1966805224525
44,52,3,-3.89278983828403
44,53,-11,0.983602033279446
44,54,0,20.84161682961
44,55,11,11.6751393545948
44,56,-7,-3.96908767904159
44,57,-7,9.14766841135193
44,58,3,15.4293516558434
44,59,0,3.54534824787886
44,60,22,11.2635395889659
44,61,-25,-14.2542518629902
44,62,11,15.6866302913803
44,63,-8,-2.17184550264135
44,64,-3,5.0783660342564
44,65,34,16.0094324025159
44,66,-28,-29.3454192704248
44,67,-3,16.050366584595
44,68,11,11.5180955277382
44,69,31,-6.90179379940399
44,70,-45,-35.1198882291533
44,71,18,28.5474553410116
44,72,-7,-4.24990095905259
44,73,3,-1.68192139887578
44,74,-14,18.2657444503214
44,75,11,19.9873049996318
44,76,-8,10.2702464493757
44,77,-3,16.7825549299502
44,78,3,27.110558255524
44,79,4,4.6379242667515
44,80,-14,9.22012490716828
44,81,28,21.1089100652907
44,82,-21,-15.0917289900628
44,83,3,9.83226996705749
44,84,-3,9.6725275050317
44,85,-4,2.58455336930995
44,86,7,16.498716269945
44,87,-3,5.11057100814634
44,88,26,12.7536180682485
44,89,10,-23.7092080351263
44,90,-25,-26.9508719767075
44,91,14,0.229251110248871
44,92,-36,-23.5135077169816
44,93,14,26.1591110010048
44,94,29,15.7823241436191
44,95,7,-16.0034912958067
44,96,-18,-9.20836574961598
44,97,-18,5.7156286077992
44,98,-10,14.8998949245289
44,99,32,18.1332436075096
44,100,-32,-4.64869412792429
44,101,-4,38.6124216525022
44,102,0,40.4472265182552
44,103,18,25.8417092580359
44,104,25,9.68686990592606
44,105,-39,-25.3377580318106
44,106,28,22.5296763014403
44,107,-25,-27.569411838412
44,108,0,10.4503125219732
44,109,4,15.2924101402091
44,110,3,5.56582777128932
44,111,-3,14.3286205499462
44,112,-7,14.2682539538551
44,113,3,22.7543399813306
44,114,-3,3.64339178233994
44,115,14,16.7192814856031
44,116,-11,-5.77833143747596
44,117,15,9.78538830713659
44,118,14,-9.35267027957359
44,119,0,-27.394094273311
44,120,-25,-18.9154473011805
44,121,-4,7.08317786681802
44,122,25,10.3331266056474
44,123,-18,-15.7262218251556
44,124,33,24.5994503800836
44,125,50,-21.688689171067
44,126,-63,-80.2549035255195
44,127,16,11.056786549622
44,128,15,-27.6421441678515
44,129,-43,-47.6383382562653
44,130,0,39.6045878405537
44,131,-15,35.0960030590197
44,132,18,46.8919307899143
44,133,11,34.9948772855834
44,134,-18,22.680908759424
44,135,0,26.4214996820047
44,136,4,14.1075268686178
44,137,-15,6.03381438029331
44,138,43,20.6935905459332
44,139,-22,-28.4455932649815
44,140,-14,1.91159713745497
44,141,0,21.1344294000751
44,142,26,5.33204219249757
44,143,3,-16.8724219734989
44,144,-25,-10.1939035629719
44,145,14,22.3572516661373
44,146,-14,-12.6311462613776
44,147,25,17.482896402539
44,148,22,-11.9005760161972
44,149,-7,1.68948216259687
44,150,7,5.5699058956949
44,151,0,-9.66320230581493
44,152,-11,-0.639185192651565
44,153,15,14.6289281511628
44,154,-7,-5.99779018728478
44,155,-8,5.84192166535426
44,156,8,20.2644344607581
44,157,-8,0.89716303031957
44,158,26,14.1055029923229
44,159,-27,-15.3665134042471
44,160,27,18.2976526657243
44,161,18,-18.8064470101539
44,162,-26,-38.8927766363238
44,163,4,6.00023612521925
44,164,-4,-11.9040384699852
44,165,-3,-1.06777863003756
44,166,7,11.3253484614925
44,167,-7,9.33433485528832
44,168,-7,13.4863239754362
44,169,-15,23.7493745081944
44,170,7,36.6392625659584
44,171,33,19.4166258542789
44,172,-33,-15.9103313500801
44,173,8,29.3295646564326
44,174,0,5.68361680427861
44,175,34,-2.51642516461451
44,176,-9,-31.3417689987999
44,177,-21,-16.7783384185132
44,178,-1,8.56781230300839
44,179,11,-1.97116453814727
44,180,-8,1.13845573284586
44,181,-10,13.1752033684413
44,182,16,28.8087332944759
44,183,6,0.136525464679451
44,184,-26,1.44096067929786
44,185,15,29.205551490205
44,186,-4,-2.46530899758827
44,187,-14,5.59725719919419
44,188,11,31.288548336475
44,189,-4,6.98730386977919
44,190,29,13.375056625741
44,191,-25,-17.858563075936
44,192,3,11.9832694872728
44,193,0,-0.710487262709613
44,194,4,-3.52832170369766
44,195,7,3.39137577583743
44,196,5,-7.33906421201166
44,197,-16,-5.97752619744929
44,198,-11,8.66846167611576
44,199,-7,23.4789320156476
44,200,-3,23.0631167591815
44,201,10,34.088382562817
44,202,0,21.6309331656277
44,203,29,20.3083270338
44,204,-18,-20.0074333161492
44,205,7,-0.893827672294554
44,206,-10,-15.9033510089977
44,207,0,-8.65635862121171
44,208,-4,3.04124712200501
44,209,1,8.78321840910737
44,210,6,16.1229478068737
44,211,0,5.01894177462263
44,212,22,11.0482068181731
44,213,-10,-23.9893710908997
44,214,-12,-7.17212939944604
44,215,-7,4.20721987027091
44,216,7,7.707762877689
44,217,-7,6.39564536612581
44,218,-7,21.4209558530529
44,219,3,30.6188501321661
44,220,-10,17.7720557213313
44,221,7,31.8882336150675
44,222,11,15.5576083651221
44,223,-18,-1.40190093877129
44,224,14,21.4850719576234
44,225,7,-2.03667446032671
44,226,11,-12.4753082120044
44,227,-18,-18.2359671002399
44,228,7,2.81628541961901
44,229,22,-9.03935463921321
44,230,0,-31.8867621569104
44,231,-33,-14.6611347690109
44,232,8,19.8149966472355
44,233,0,5.19991950349706
44,234,-11,10.0694205675969
44,235,21,36.5554310285645
44,236,-14,0.0108322870422626
44,237,-7,19.4124632386333
44,238,14,25.1228114765857
44,239,-3,-3.21704913265619
44,240,0,2.30592958326361
44,241,10,6.25024967294159
44,242,-18,-9.72394923382473
44,243,18,12.2958488787903
44,244,0,-7.14540885476981
44,245,4,-8.39910660176769
44,246,0,-5.87223232659908
44,247,-11,-7.52564144964764
44,248,-3,7.3005742165371
44,249,3,8.70520378240791
44,250,-14,10.3858828757721
44,251,-7,27.0574395546819
44,252,10,36.0194336871137
44,253,0,16.6927737138632
44,254,-7,18.8915661676504
44,255,-3,23.218844018422
44,256,7,15.9371824093973
44,257,3,4.67095009255968
44,258,-10,3.93128297146979
44,259,18,13.7745027229554
44,260,-8,-12.6164487305848
44,261,11,1.82237047665828
44,262,-11,-9.63867786434321
44,263,18,-0.0548993518718639
44,264,11,-17.2848989599045
44,265,-7,-27.1277492500538
44,266,-14,-8.39624177069533
44,267,14,0.71456642598956
44,268,-7,-11.4260490272807
44,269,-7,2.98061600715327
44,270,7,20.3259634087775
44,271,3,3.20314154303382
44,272,2,6.65500720136755
44,273,-9,4.59053560611558
44,274,1,10.6507572319235
45,1,-3,17.1727115696871
45,2,10,18.2852979434281
45,3,8,-0.172018325124444
45,4,3,-12.140896217239
45,5,-11,-12.7063458675261
45,6,-10,2.37854348226972
45,7,3,11.4836818597092
45,8,11,6.26944066468757
45,9,7,-3.57822555832719
45,10,-7,-6.33134345787987
45,11,11,6.15135639668
45,12,-7,-10.9378222449891
45,13,3,0.151898259004276
45,14,-3,-6.0923807987298
45,15,7,-1.57874592224119
45,16,-7,-6.79028694893482
45,17,-11,6.43588450541147
45,18,0,1.44720884564207
45,19,-10,5.61549826490261
45,20,-4,18.8679862940092
45,21,34,16.1025062778269
45,22,9,-27.473579557363
45,23,-25,-27.6176671366652
45,24,22,6.74377838372356
45,25,-33,-30.8159723119393
45,26,4,20.4946577479262
45,27,-4,8.67933528509534
45,28,7,15.4484202085916
45,29,0,4.94735287733471
45,30,7,3.7690500223195
45,31,-14,-5.97680401378223
45,32,39,13.2574186633848
45,33,-39,-38.5483734560427
45,34,36,21.679765624943
45,35,-8,-32.0564854199932
45,36,-32,-11.8762292868497
45,37,7,32.1720322257399
45,38,3,11.7219978679307
45,39,11,9.00647229395862
45,40,-1,-1.51118245737734
45,41,5,3.46995600931087
45,42,-4,-4.62298498411191
45,43,-21,1.40087129218152
45,44,18,25.4704539513578
45,45,3,-6.25368391107223
45,46,-11,-1.51663626148556
45,47,0,16.440171927289
45,48,11,11.8045035184516
45,49,-7,-2.5285316132389
45,50,-7,9.12260976302655
45,51,3,14.5961590563759
45,52,0,4.93486085649448
45,53,22,8.95366552659509
45,54,-25,-17.672738471037
45,55,11,19.1493703943219
45,56,-8,-3.38213797450012
45,57,-3,8.96383683115328
45,58,34,12.4107290806765
45,59,-28,-32.7738167189632
45,60,-3,17.7136808059151
45,61,11,10.4818246245178
45,62,31,-4.21677833881633
45,63,-45,-37.9417796679966
45,64,18,29.5669694354535
45,65,-7,-6.78755306442857
45,66,3,4.66591773282351
45,67,-14,8.90427444548632
45,68,11,20.7702210944655
45,69,-8,6.26166958847491
45,70,-3,17.6934388914602
45,71,3,23.2170664278968
45,72,4,8.34858839825513
45,73,-14,6.99640247255679
45,74,28,22.4026626147458
45,75,-21,-17.4779803918088
45,76,3,14.78827897248
45,77,-3,6.11857712331583
45,78,-4,6.47822404278279
45,79,7,13.6516871763201
45,80,-3,2.2136929996104
45,81,26,11.1469491909357
45,82,10,-24.8790248944607
45,83,-25,-25.4836772300463
45,84,14,6.18643167544712
45,85,-36,-21.2983354830068
45,86,14,30.1590125953532
45,87,29,5.31077359511596
45,88,7,-22.3646426092723
45,89,-18,-14.4157955566937
45,90,-18,9.03858996546382
45,91,-10,23.14123688181
45,92,32,22.6835611552483
45,93,-32,-15.0520453160168
45,94,-4,35.4671309840837
45,95,0,33.1383491113133
45,96,18,29.1936931751856
45,97,25,6.94856307228114
45,98,-39,-25.491715554109
45,99,28,28.7596358508396
45,100,-25,-25.0006608098216
45,101,0,17.235957976557
45,102,4,9.50882933031968
45,103,3,2.93845692998911
45,104,-3,8.32412948335586
45,105,-7,12.2818158688389
45,106,3,22.766039715964
45,107,-3,7.62885405262407
45,108,14,14.7898779518621
45,109,-11,-6.94796215591014
45,110,15,10.7878916487109
45,111,14,-10.8489288257207
45,112,0,-24.5942928102861
45,113,-25,-17.8679440565748
45,114,-4,11.1956175614873
45,115,25,10.1282318278294
45,116,-18,-19.990822031312
45,117,33,18.3644243578578
45,118,50,-27.8863081105781
45,119,-63,-77.2730196809597
45,120,16,20.8103682475997
45,121,15,-24.6286931344804
45,122,-43,-39.4142688937837
45,123,0,30.8376001789392
45,124,-15,22.5844217153042
45,125,18,45.0866460321602
45,126,11,23.1799917540307
45,127,-18,17.7404010134536
45,128,0,32.6840561668821
45,129,4,18.6477414216934
45,130,-15,10.7317045634861
45,131,43,22.9618970117021
45,132,-22,-35.1551207115742
45,133,-14,6.30520646981782
45,134,0,19.1387848356684
45,135,26,10.2806616521024
45,136,3,-19.9930285915439
45,137,-25,-14.1599155524965
45,138,14,21.7866945921678
45,139,-14,-8.97167026825304
45,140,25,18.5180404513622
45,141,22,-17.7900142282136
45,142,-7,1.03383196675381
45,143,7,6.23999567282175
45,144,0,-6.98687084824766
45,145,-11,-1.35022837268407
45,146,15,12.7374456373628
45,147,-7,-8.78211938353332
45,148,-8,6.24076145882366
45,149,8,17.2380841668026
45,150,-8,1.69871859987933
45,151,26,14.3820174250437
45,152,-27,-19.8598657839018
45,153,27,22.0069539413088
45,154,18,-21.3776676753123
45,155,-26,-35.2062096534575
45,156,4,7.14653416676316
45,157,-4,-10.4367702632723
45,158,-3,0.601192950697336
45,159,7,6.06568555211983
45,160,-7,2.24942009916886
45,161,-7,13.1392099382487
45,162,-15,21.5052800436882
45,163,7,37.4362608544877
45,164,33,18.4856770438158
45,165,-33,-20.5593643040529
45,166,8,31.2123140684729
45,167,0,6.04479542708746
45,168,34,4.56341232403228
45,169,-9,-35.6902764912607
45,170,-21,-14.9651916512272
45,171,-1,10.3229284887097
45,172,11,1.95088406393574
45,173,-8,-3.42599399941467
45,174,-10,9.05514296778848
45,175,16,23.1142157813456
45,176,6,-0.660313935605167
45,177,-26,0.58416356931096
45,178,15,31.487343786899
45,179,-4,-1.56367548748905
45,180,-14,7.75368216903205
45,181,11,26.7737525331772
45,182,-4,5.28795914836332
45,183,29,13.840089688342
45,184,-25,-22.423054528325
45,185,3,17.0607014490099
45,186,0,0.96983524814274
45,187,4,0.0271155968366328
45,188,7,-0.520948149748636
45,189,5,-9.80000932406743
45,190,-16,-8.22809417662577
45,191,-11,11.7144144565472
45,192,-7,22.961157340441
45,193,-3,23.9045665741391
45,194,10,27.7235955134312
45,195,0,15.1109683069278
45,196,29,18.2877448838873
45,197,-18,-20.2608451440083
45,198,7,7.34729698990357
45,199,-10,-12.1253191823542
45,200,0,-2.02786101815963
45,201,-4,-0.807039833029156
45,202,1,5.33232421732712
45,203,6,9.9760932518237
45,204,0,2.76347518678229
45,205,22,9.00462587289451
45,206,-10,-22.6519021263482
45,207,-12,-3.20584200027982
45,208,-7,6.70916937645739
45,209,7,9.91473323451645
45,210,-7,2.29595114190814
45,211,-7,16.017792607272
45,212,3,25.6350273431571
45,213,-10,17.4327268540329
45,214,7,31.4828105098187
45,215,11,14.683470541465
45,216,-18,-0.734852376356933
45,217,14,23.1914426958353
45,218,7,-2.54330285799829
45,219,11,-8.99346383132862
45,220,-18,-19.6792809687355
45,221,7,5.68525338874755
45,222,22,-8.42736992660652
45,223,0,-32.1365972117472
45,224,-33,-17.7563187133455
45,225,8,21.9932208851731
45,226,0,3.88270384461688
45,227,-11,8.94214397602496
45,228,21,28.1461486040937
45,229,-14,-4.23111472444077
45,230,-7,21.2792656995298
45,231,14,24.5402946758892
45,232,-3,-0.362876233796509
45,233,0,4.30370545355544
45,234,10,3.36312432519723
45,235,-18,-9.05794744400567
45,236,18,15.3486175689928
45,237,0,-10.7988684189758
45,238,4,-6.05610785240873
45,239,0,-8.73447976993013
45,240,-11,-6.69107494085097
45,241,-3,8.88776122287463
45,242,3,8.11255353069508
45,243,-14,6.97093516110169
45,244,-7,24.9076234074296
45,245,10,31.3274925049691
45,246,0,15.0161808403643
45,247,-7,17.43444076805
45,248,-3,22.9725385046738
45,249,7,18.8580026902225
45,250,3,5.93875389110986
45,251,-10,3.36342983009169
45,252,18,14.3830516564704
45,253,-8,-13.1273390905214
45,254,11,3.83959286969436
45,255,-11,-11.6536875874868
45,256,18,3.5370138440138
45,257,11,-19.7999237825134
45,258,-7,-26.537875363538
45,259,-14,-9.11872119107895
45,260,14,3.82459628557251
45,261,-7,-13.1806382990364
45,262,-7,1.91856788900838
45,263,7,13.8795291465187
45,264,3,1.97331879652281
45,265,2,4.60928675905213
45,266,-9,3.30197358546518
45,267,1,12.863835762865
45,268,3,5.6953075420524
45,269,-7,3.47739604173009
45,270,3,13.4993273057349
45,271,-7,6.35416037903536
45,272,0,16.8292121638753
45,273,4,14.2653972470162
45,274,10,7.87599561087584
46,1,-10,3.57989178527936
46,2,3,13.4753512246019
46,3,11,6.50142177481108
46,4,7,-5.75271805538646
46,5,-7,-6.81047183472281
46,6,11,7.61904315835242
46,7,-7,-9.75372033548583
46,8,3,1.25526800728898
46,9,-3,-8.35069016418087
46,10,7,-1.21780453631214
46,11,-7,-5.69428491837559
46,12,-11,9.18280634333909
46,13,0,0.174580471499164
46,14,-10,6.52471930384636
46,15,-4,17.3805108364051
46,16,34,15.9831627964864
46,17,9,-29.4270404855891
46,18,-25,-28.314556175612
46,19,22,7.24977364398875
46,20,-33,-28.5415775776253
46,21,4,26.6736332354582
46,22,-4,5.69376678707075
46,23,7,13.2465270435023
46,24,0,4.13932156703601
46,25,7,2.41387859847379
46,26,-14,-6.49652362677084
46,27,39,15.4328760166214
46,28,-39,-42.0514088806505
46,29,36,25.180704280507
46,30,-8,-34.0717353362253
46,31,-32,-6.78845825180756
46,32,7,31.8322854151535
46,33,3,11.735514738554
46,34,11,10.1515001173226
46,35,-1,-2.6604070192138
46,36,5,0.746085379650323
46,37,-4,-4.47281677613172
46,38,-21,4.27661286722561
46,39,18,24.5183766327184
46,40,3,-9.42835488848894
46,41,-11,-1.48886649935315
46,42,0,16.6670688559379
46,43,11,11.2824260548995
46,44,-7,-2.59198255196979
46,45,-7,9.78881015463322
46,46,3,9.91993722626317
46,47,0,4.74879158132465
46,48,22,10.756679089908
46,49,-25,-20.6040632692754
46,50,11,19.1059213232368
46,51,-8,-3.52830791400265
46,52,-3,11.2717183150704
46,53,34,9.40051060176098
46,54,-28,-34.3070607437136
46,55,-3,19.0396153864395
46,56,11,12.4902130082172
46,57,31,-4.84912220221677
46,58,-45,-39.3018145427365
46,59,18,32.4362770784036
46,60,-7,-11.740230070745
46,61,3,13.0791153574694
46,62,-14,6.20614885611996
46,63,11,17.4327893657136
46,64,-8,3.56332784784565
46,65,-3,24.0813895057793
46,66,3,16.9054470432436
46,67,4,5.63156706272176
46,68,-14,6.20320941765593
46,69,28,22.0361867777266
46,70,-21,-21.8382159896743
46,71,3,17.1684264816431
46,72,-3,4.09371773981573
46,73,-4,6.44463167474178
46,74,7,12.5721836721184
46,75,-3,2.33598393583417
46,76,26,7.77067972784281
46,77,10,-23.6006376901879
46,78,-25,-24.4630776882848
46,79,14,6.97740486814359
46,80,-36,-20.0483669107696
46,81,14,33.3740982264231
46,82,29,3.09879378471188
46,83,7,-23.8777248299389
46,84,-18,-13.3604871634071
46,85,-18,14.0065516032777
46,86,-10,21.5515345378083
46,87,32,24.6866161693899
46,88,-32,-21.1854606222972
46,89,-4,32.9690175170435
46,90,0,32.9873127641013
46,91,18,31.9082327238257
46,92,25,2.06076591739979
46,93,-39,-31.0059977760956
46,94,28,26.0549032430135
46,95,-25,-22.178402272202
46,96,0,20.8715268984881
46,97,4,4.02129918747096
46,98,3,2.31672288807766
46,99,-3,7.66774482147335
46,100,-7,17.1785182356273
46,101,3,17.4598306166438
46,102,-3,7.49305702952646
46,103,14,13.3893806278134
46,104,-11,-11.1669987888393
46,105,15,11.5656803891648
46,106,14,-11.5844940279513
46,107,0,-23.2028577113889
46,108,-25,-17.82611276103
46,109,-4,13.7783247608669
46,110,25,10.2797760432593
46,111,-18,-18.0876080273148
46,112,33,17.8442488183615
46,113,50,-31.0397049908817
46,114,-63,-72.7570191624745
46,115,16,28.8099336962242
46,116,15,-27.2081561543025
46,117,-43,-36.4066543645742
46,118,0,36.811798186885
46,119,-15,18.8293613532473
46,120,18,44.8304968579055
46,121,11,28.7414342693864
46,122,-18,9.44818865607692
46,123,0,25.3639922496589
46,124,4,21.4519577325745
46,125,-15,6.16179285241203
46,126,43,19.2136510851617
46,127,-22,-40.7287255077633
46,128,-14,9.45158040742515
46,129,0,21.3053634174538
46,130,26,10.0959401356213
46,131,3,-22.8860912430375
46,132,-25,-12.6994801691399
46,133,14,18.6508483781839
46,134,-14,-4.4001228208268
46,135,25,22.0416522402875
46,136,22,-24.1900428962137
46,137,-7,1.65225864010831
46,138,7,3.99952450750064
46,139,0,-5.00330574912043
46,140,-11,0.176490195935946
46,141,15,11.5394427382757
46,142,-7,-11.3631817393713
46,143,-8,9.91691903402243
46,144,8,17.2497234175715
46,145,-8,-0.901013742219264
46,146,26,14.522557297498
46,147,-27,-21.0690622308156
46,148,27,21.846273274202
46,149,18,-22.8445322333578
46,150,-26,-31.8144082423519
46,151,4,7.04908068121905
46,152,-4,-8.93029943053383
46,153,-3,2.01611222078319
46,154,7,9.42531490164125
46,155,-7,-1.00826337685082
46,156,-7,12.6865927727181
46,157,-15,25.6531742340477
46,158,7,34.3561798181573
46,159,33,13.9120631962235
46,160,-33,-23.3525911053625
46,161,8,30.4217844576292
46,162,0,3.9245295681229
46,163,34,6.30793783397807
46,164,-9,-38.4337168740075
46,165,-21,-15.152145508659
46,166,-1,9.52954894337076
46,167,11,9.92301379733675
46,168,-8,-4.57707748471489
46,169,-10,6.79567366344216
46,170,16,20.7361186804903
46,171,6,1.99005935281751
46,172,-26,2.52309570166562
46,173,15,27.5694696117087
46,174,-4,-5.89523131201389
46,175,-14,10.4119465571146
46,176,11,25.4593746024426
46,177,-4,0.675706880501632
46,178,29,14.0818642008762
46,179,-25,-22.0203510415443
46,180,3,15.5686883325901
46,181,0,-0.725822638349655
46,182,4,3.45202829465756
46,183,7,-3.73989072485019
46,184,5,-9.67313004787294
46,185,-16,-9.03546216739878
46,186,-11,17.0300004435185
46,187,-7,22.0665399810292
46,188,-3,21.6349948856649
46,189,10,25.530099541447
46,190,0,11.6931940627155
46,191,29,16.4875162770368
46,192,-18,-21.6220173998772
46,193,7,7.93398678538314
46,194,-10,-15.0606021100953
46,195,0,-0.180067707950681
46,196,-4,-1.86295355231183
46,197,1,7.08021334310385
46,198,6,8.37826149041843
46,199,0,5.82681580890976
46,200,22,7.81898551299829
46,201,-10,-24.3287558760612
46,202,-12,-1.94411163498687
46,203,-7,6.6666373986903
46,204,7,10.8943909607802
46,205,-7,1.41984955028505
46,206,-7,16.1166433905666
46,207,3,22.8503453883057
46,208,-10,18.367535959085
46,209,7,30.8143290754912
46,210,11,9.41544349777243
46,211,-18,-4.56687136450498
46,212,14,23.1590092654891
46,213,7,-4.56968443217534
46,214,11,-9.80429628528784
46,215,-18,-19.8868151341753
46,216,7,6.52234533882152
46,217,22,-8.71221512556383
46,218,0,-27.8585431309929
46,219,-33,-18.1301292934617
46,220,8,23.8407837702499
46,221,0,5.26966728709998
46,222,-11,12.5566028268095
46,223,21,24.2600564557582
46,224,-14,-9.08545446812351
46,225,-7,24.3851939201456
46,226,14,25.2741366590051
46,227,-3,-5.94517198938494
46,228,0,2.25558760859988
46,229,10,3.42160660322798
46,230,-18,-11.4974350560877
46,231,18,18.7042486492091
46,232,0,-11.8893814488427
46,233,4,-7.26046760024218
46,234,0,-8.07379623234077
46,235,-11,-4.68459395929261
46,236,-3,9.17986658824861
46,237,3,10.2570854998249
46,238,-14,4.42421294772912
46,239,-7,24.7669965295903
46,240,10,30.2162663802867
46,241,0,12.7327284011284
46,242,-7,15.906377143921
46,243,-3,19.2607363146
46,244,7,15.7354429799794
46,245,3,5.23758866175241
46,246,-10,1.23431358985047
46,247,18,11.2700200977541
46,248,-8,-13.7570791015758
46,249,11,6.2968625841141
46,250,-11,-13.4954126227152
46,251,18,4.23493533820378
46,252,11,-20.005613418751
46,253,-7,-23.2153497280929
46,254,-14,-9.4872047005243
46,255,14,7.54725898398607
46,256,-7,-12.317145962363
46,257,-7,4.64464596865594
46,258,7,11.6610062131076
46,259,3,1.9379159885408
46,260,2,7.09055395569377
46,261,-9,2.77223632996182
46,262,1,9.78501881319283
46,263,3,5.90831456808053
46,264,-7,3.94484108859979
46,265,3,11.1040808842834
46,266,-7,5.17050764140063
46,267,0,17.2883802678219
46,268,4,13.407397239821
46,269,10,5.63354547568477
46,270,-14,-6.40707954493533
46,271,0,15.9714536440704
46,272,4,7.7432192824814
46,273,-22,2.04861533427077
46,274,0,31.3185395266903
47,1,11,4.52746030209759
47,2,-7,-12.5148715405069
47,3,3,-0.431028683736062
47,4,-3,-6.35674432232182
47,5,7,-2.36586956022561
47,6,-7,-6.15545827087906
47,7,-11,7.86638337660095
47,8,0,1.94151546584898
47,9,-10,5.14026211515503
47,10,-4,17.9444311847326
47,11,34,13.1549248298461
47,12,9,-27.1377401897126
47,13,-25,-30.5469567448716
47,14,22,3.94100570874271
47,15,-33,-32.5278445797891
47,16,4,22.3760142246986
47,17,-4,14.2188431294955
47,18,7,15.7797280278089
47,19,0,3.92688753106857
47,20,7,2.75270550354545
47,21,-14,-8.90559329152332
47,22,39,13.2637519066649
47,23,-39,-38.1809111888167
47,24,36,18.2208607939948
47,25,-8,-30.3841847237564
47,26,-32,-13.2796837355139
47,27,7,33.3628241262877
47,28,3,11.0444012051116
47,29,11,9.88378958902479
47,30,-1,0.123394752296161
47,31,5,1.54256036217501
47,32,-4,-8.62212479584172
47,33,-21,1.09958286163288
47,34,18,25.7918874766156
47,35,3,-6.59579231314939
47,36,-11,-1.76494146473477
47,37,0,16.6709352208091
47,38,11,11.2579552553302
47,39,-7,-4.94812693031457
47,40,-7,9.76687907573764
47,41,3,13.7478531475997
47,42,0,0.904728968688163
47,43,22,11.153401098473
47,44,-25,-17.5995125073668
47,45,11,15.3069574805827
47,46,-8,-4.41549433674804
47,47,-3,9.48713413891052
47,48,34,12.8345994346701
47,49,-28,-33.406074750628
47,50,-3,15.2650485611048
47,51,11,10.1637882565912
47,52,31,-2.6276554500319
47,53,-45,-41.0182576101876
47,54,18,31.2903265870929
47,55,-7,-9.07112789943228
47,56,3,2.99897054275208
47,57,-14,16.305186446106
47,58,11,17.6889800138533
47,59,-8,3.67593582260393
47,60,-3,18.0958467007992
47,61,3,26.5321753078921
47,62,4,0.693933586653752
47,63,-14,7.81727736620444
47,64,28,20.5656119460003
47,65,-21,-18.4817989694484
47,66,3,10.7237108057252
47,67,-3,7.7283207070428
47,68,-4,4.3844341081614
47,69,7,13.523725126688
47,70,-3,3.54240938646674
47,71,26,9.88342266594125
47,72,10,-28.4564906850798
47,73,-25,-24.8649116087085
47,74,14,1.27150638982123
47,75,-36,-20.6984205134146
47,76,14,31.3392229917637
47,77,29,10.1790283516671
47,78,7,-20.8080599235341
47,79,-18,-17.8935423717094
47,80,-18,8.64096352383223
47,81,-10,20.7901619035854
47,82,32,21.6871654975576
47,83,-32,-8.35864263642268
47,84,-4,31.1553000044565
47,85,0,33.2911004466996
47,86,18,29.1373561267548
47,87,25,6.54469827793411
47,88,-39,-29.5022720886776
47,89,28,21.4305844085898
47,90,-25,-28.3628092437254
47,91,0,20.8112583112805
47,92,4,9.42272497332423
47,93,3,4.00079201367502
47,94,-3,7.00934455900165
47,95,-7,13.8968384967504
47,96,3,23.2259089732568
47,97,-3,0.904030670124969
47,98,14,18.2789401512754
47,99,-11,-10.843090991738
47,100,15,8.98170509436019
47,101,14,-11.8128839063646
47,102,0,-26.2025058151382
47,103,-25,-19.4747025820278
47,104,-4,10.2036280474745
47,105,25,11.7296049554675
47,106,-18,-17.7026735320911
47,107,33,21.8651464988158
47,108,50,-30.5957789808997
47,109,-63,-81.4050204393684
47,110,16,18.8864657265763
47,111,15,-23.1179710197527
47,112,-43,-41.9118019513983
47,113,0,37.5955381944908
47,114,-15,31.589745854147
47,115,18,40.6250150333784
47,116,11,28.7753891617129
47,117,-18,21.6585172242508
47,118,0,17.7395133085026
47,119,4,16.7683836728534
47,120,-15,10.3048766342801
47,121,43,18.3221459563251
47,122,-22,-34.6655866454341
47,123,-14,0.735516731077599
47,124,0,20.7195583606171
47,125,26,10.8671979402109
47,126,3,-21.5426336206979
47,127,-25,-12.8005458336517
47,128,14,19.8398473779015
47,129,-14,-13.2922433994481
47,130,25,24.3979242559968
47,131,22,-18.0276038824734
47,132,-7,2.06522779331787
47,133,7,3.45839687695174
47,134,0,-8.80495237996703
47,135,-11,0.394114138273516
47,136,15,13.6772587600527
47,137,-7,-10.0373881906703
47,138,-8,4.91794056940258
47,139,8,20.0492039022603
47,140,-8,-0.201634359743696
47,141,26,12.5219585161082
47,142,-27,-18.8594067415952
47,143,27,19.6199039376589
47,144,18,-23.7951363446032
47,145,-26,-35.3426074634749
47,146,4,5.5195247255355
47,147,-4,-10.5741287233647
47,148,-3,1.49396286976071
47,149,7,8.64490882442635
47,150,-7,7.30182303263765
47,151,-7,7.39254448595611
47,152,-15,24.0066122914691
47,153,7,38.7512739299357
47,154,33,14.9469508073745
47,155,-33,-20.8739962866264
47,156,8,27.5293077258704
47,157,0,3.13160727616514
47,158,34,2.63689233464984
47,159,-9,-35.6791000551987
47,160,-21,-16.3993064811525
47,161,-1,6.02692098560049
47,162,11,2.98488342173884
47,163,-8,3.43512682401057
47,164,-10,7.70362331758895
47,165,16,23.7659558238921
47,166,6,-3.41381413426399
47,167,-26,3.07944619223971
47,168,15,29.2767034357717
47,169,-4,-5.56208384569168
47,170,-14,6.42674466051477
47,171,11,29.6740254178944
47,172,-4,3.76633447446649
47,173,29,10.1560722419627
47,174,-25,-21.110625519682
47,175,3,14.6264600275651
47,176,0,-3.95910650703562
47,177,4,1.74590202331272
47,178,7,0.386248881324947
47,179,5,-10.645040660398
47,180,-16,-8.98437690544078
47,181,-11,9.6134708449788
47,182,-7,27.0131526278828
47,183,-3,21.8587981368659
47,184,10,30.1751575447336
47,185,0,15.0462189249417
47,186,29,15.4370937742563
47,187,-18,-23.7375786895547
47,188,7,3.25283062124753
47,189,-10,-15.7988257774696
47,190,0,-3.53721813926895
47,191,-4,0.925427101861448
47,192,1,7.55749561242153
47,193,6,11.4400804809713
47,194,0,1.92798201313381
47,195,22,10.8226090185445
47,196,-10,-27.3563090422393
47,197,-12,-4.86595302949623
47,198,-7,4.87186946715357
47,199,7,10.7766578679375
47,200,-7,3.98486560091019
47,201,-7,18.1448381271965
47,202,3,25.6821892583981
47,203,-10,15.0288477745317
47,204,7,32.5978556496256
47,205,11,12.4635193201774
47,206,-18,-4.67234074640404
47,207,14,19.9997127351416
47,208,7,-2.9558093423963
47,209,11,-12.0879509366884
47,210,-18,-21.0066298475303
47,211,7,5.06997766630733
47,212,22,-10.4754802793462
47,213,0,-30.6428902156026
47,214,-33,-15.7373397178303
47,215,8,19.608039573443
47,216,0,5.81986799727918
47,217,-11,11.4707379425747
47,218,21,32.4762574032194
47,219,-14,-7.84010554360465
47,220,-7,17.7917926802077
47,221,14,26.0248479765855
47,222,-3,-2.1021137487829
47,223,0,-1.26519735747095
47,224,10,4.73091754870545
47,225,-18,-11.2051580597445
47,226,18,12.5052229689103
47,227,0,-7.25793587558804
47,228,4,-8.96519968789216
47,229,0,-9.79095742518079
47,230,-11,-5.830198314289
47,231,-3,7.41869506427657
47,232,3,9.49155548412782
47,233,-14,9.31558859206491
47,234,-7,23.0693836435728
47,235,10,33.6578853827398
47,236,0,13.3638586766336
47,237,-7,16.148301286513
47,238,-3,20.9349768219907
47,239,7,14.4951243079191
47,240,3,3.86738603013687
47,241,-10,3.22891191892577
47,242,18,11.4565251620912
47,243,-8,-15.5802260882065
47,244,11,3.56846225845304
47,245,-11,-11.7469757674474
47,246,18,1.47599374796138
47,247,11,-20.363138327524
47,248,-7,-25.929132558783
47,249,-14,-9.50114316543456
47,250,14,2.3958512006804
47,251,-7,-10.1721836424922
47,252,-7,2.77528241019108
47,253,7,17.1431621928224
47,254,3,-0.526003900380544
47,255,2,5.4131005912217
47,256,-9,4.01775236058739
47,257,1,10.0786130598822
47,258,3,2.82336152120661
47,259,-7,5.42097954956161
47,260,3,12.6917138116343
47,261,-7,4.98342026691715
47,262,0,16.383785227405
47,263,4,14.1591242053242
47,264,10,7.2650355165085
47,265,-14,-6.94937573634415
47,266,0,13.5618616416264
47,267,4,8.80460222943138
47,268,-22,0.255941143171159
47,269,0,33.2752420064631
47,270,0,23.0785319841025
47,271,4,21.7751891874893
47,272,0,18.236624420452
47,273,3,16.7147109246357
47,274,-3,3.81155354089737
48,1,3,-1.67496529901098
48,2,-3,-9.0765229011565
48,3,7,-4.36594095987565
48,4,-7,-6.27532756986101
48,5,-11,5.82166681277277
48,6,0,0.169869123997817
48,7,-10,3.14271739427232
48,8,-4,18.0585896458604
48,9,34,14.2563848142333
48,10,9,-31.5974888828287
48,11,-25,-33.7697745020248
48,12,22,6.22288573590843
48,13,-33,-31.4876362650319
48,14,4,23.9971550093502
48,15,-4,7.83234164112091
48,16,7,10.3804780112766
48,17,0,2.62207589514352
48,18,7,0.549287544063235
48,19,-14,-8.01391414228755
48,20,39,12.7279169671445
48,21,-39,-43.2255790668563
48,22,36,20.1592103045032
48,23,-8,-32.0926706341678
48,24,-32,-15.6753507181149
48,25,7,37.560618551824
48,26,3,10.7621446110559
48,27,11,9.17746090533379
48,28,-1,-4.60093863942537
48,29,5,-0.909952181594778
48,30,-4,-6.38453048034747
48,31,-21,1.2866705853367
48,32,18,25.0716532469534
48,33,3,-10.8170792938983
48,34,-11,-4.294225218421
48,35,0,16.2716215822421
48,36,11,10.0400005244391
48,37,-7,-3.76626014357073
48,38,-7,6.63941862347523
48,39,3,10.9253181148308
48,40,0,2.30066074926098
48,41,22,9.53018102084618
48,42,-25,-22.7533145094836
48,43,11,16.7280323605126
48,44,-8,-3.37080883132998
48,45,-3,7.25090335388512
48,46,34,11.5588879643097
48,47,-28,-40.1387212499501
48,48,-3,18.6777423524073
48,49,11,11.2429239722431
48,50,31,-6.6211100919357
48,51,-45,-42.2144547533442
48,52,18,27.9945430220754
48,53,-7,-7.13805638110813
48,54,3,4.64770783311772
48,55,-14,10.9533140287705
48,56,11,12.211493682465
48,57,-8,7.54167149448606
48,58,-3,17.1096691449974
48,59,3,22.0641063959157
48,60,4,0.661892723662005
48,61,-14,6.91044180783041
48,62,28,19.3098868998345
48,63,-21,-21.7094068422572
48,64,3,12.2666987275791
48,65,-3,6.21688980649517
48,66,-4,2.05287712214364
48,67,7,14.5482769334019
48,68,-3,-2.08161157539525
48,69,26,9.41785403404483
48,70,10,-28.7186102175965
48,71,-25,-27.8934588602859
48,72,14,5.09093505963478
48,73,-36,-22.4409157428294
48,74,14,32.1314584216653
48,75,29,4.76118555181347
48,76,7,-28.7690087753215
48,77,-18,-14.4708699204221
48,78,-18,9.03565267711185
48,79,-10,24.8903633867945
48,80,32,21.4516220751352
48,81,-32,-20.5078812910333
48,82,-4,30.238533358762
48,83,0,36.2575917288149
48,84,18,29.0275434836379
48,85,25,3.8615458647704
48,86,-39,-37.7533115963021
48,87,28,27.122240709849
48,88,-25,-25.6517503466303
48,89,0,17.9088149327274
48,90,4,6.89847160460515
48,91,3,-3.03167287490205
48,92,-3,10.8290335981025
48,93,-7,10.945422190906
48,94,3,21.8365138609867
48,95,-3,2.83842734263813
48,96,14,13.8117161503872
48,97,-11,-13.147381156792
48,98,15,8.87878090732968
48,99,14,-12.1574165185022
48,100,0,-28.6097048023709
48,101,-25,-19.369961601461
48,102,-4,10.4946118987998
48,103,25,12.1023072234165
48,104,-18,-22.4463893246717
48,105,33,17.4067759982233
48,106,50,-32.6527479058093
48,107,-63,-81.3081526062448
48,108,16,25.9204508147315
48,109,15,-26.7221551427574
48,110,-43,-42.6205943075335
48,111,0,37.2673576861359
48,112,-15,19.7651014921474
48,113,18,47.439544979415
48,114,11,26.633927102652
48,115,-18,9.5678143023759
48,116,0,25.8828253225527
48,117,4,17.9614974951008
48,118,-15,7.32759074334866
48,119,43,16.7130986093675
48,120,-22,-42.0835779061132
48,121,-14,4.3598136760146
48,122,0,23.1338476916293
48,123,26,7.22135560221402
48,124,3,-22.6325261745374
48,125,-25,-19.8982314864247
48,126,14,21.9757412111054
48,127,-14,-8.86311780108522
48,128,25,21.4138558810004
48,129,22,-24.8516785022765
48,130,-7,-1.18234022242466
48,131,7,3.99500657345203
48,132,0,-8.32620506763796
48,133,-11,-1.12287133835382
48,134,15,9.93462318051345
48,135,-7,-11.9093940858868
48,136,-8,6.30256409205358
48,137,8,17.9546885329172
48,138,-8,-2.8355484416797
48,139,26,13.5181782192501
48,140,-27,-23.6791968133729
48,141,27,19.755269204486
48,142,18,-22.9748531018222
48,143,-26,-39.630209980545
48,144,4,8.30852787503644
48,145,-4,-13.3164497182865
48,146,-3,2.50396217338443
48,147,7,6.40182601529613
48,148,-7,-1.00950097344027
48,149,-7,11.6024468023754
48,150,-15,23.8979593228486
48,151,7,36.0665598600745
48,152,33,13.6258383576319
48,153,-33,-26.8534533306645
48,154,8,29.0124577093827
48,155,0,4.43541555194482
48,156,34,2.43868094858306
48,157,-9,-39.4775967941679
48,158,-21,-22.334274852867
48,159,-1,12.7022780479705
48,160,11,4.24453471084365
48,161,-8,-2.44533040154654
48,162,-10,2.72995133582472
48,163,16,22.8001109174395
48,164,6,-0.848285581096089
48,165,-26,0.352944183000009
48,166,15,27.4943060358311
48,167,-4,-6.33452473715059
48,168,-14,6.92111533382218
48,169,11,26.5962632552204
48,170,-4,-0.730857425523425
48,171,29,13.0648087540992
48,172,-25,-25.3858957531939
48,173,3,13.4247640537439
48,174,0,-0.111536519682005
48,175,4,-1.64780590197285
48,176,7,-1.67946490605256
48,177,5,-15.5052601400738
48,178,-16,-8.17006338514287
48,179,-11,12.4494140675156
48,180,-7,24.4105730970759
48,181,-3,20.3239362881447
48,182,10,26.3433653669171
48,183,0,10.790330865603
48,184,29,15.5643929601207
48,185,-18,-24.4260997944694
48,186,7,4.10616440763947
48,187,-10,-15.0959509441144
48,188,0,-5.28544695254534
48,189,-4,-0.144619963373273
48,190,1,2.51532655242374
48,191,6,10.9580947790271
48,192,0,1.14914468222338
48,193,22,8.68879688596451
48,194,-10,-28.3921679119734
48,195,-12,-5.0103310396483
48,196,-7,6.1842434175206
48,197,7,8.94092332421454
48,198,-7,1.5612467583403
48,199,-7,13.5065750078756
48,200,3,24.8016514369346
48,201,-10,16.1515588743895
48,202,7,31.313701110015
48,203,11,8.85153642710473
48,204,-18,-6.81389243524492
48,205,14,21.8466895303557
48,206,7,-5.52507327357892
48,207,11,-13.0880181199224
48,208,-18,-22.4088767109428
48,209,7,3.35122140530055
48,210,22,-8.19201680486387
48,211,0,-34.2341872135666
48,212,-33,-19.1445073495035
48,213,8,21.3765052747355
48,214,0,6.74041892784589
48,215,-11,8.91306270837374
48,216,21,26.3105822935362
48,217,-14,-11.22257770493
48,218,-7,22.6988671625389
48,219,14,25.1677257107925
48,220,-3,-7.2133011781871
48,221,0,0.247475817329221
48,222,10,0.999227516648537
48,223,-18,-12.4111148852839
48,224,18,15.8257982426949
48,225,0,-12.3891168639092
48,226,4,-10.7862950892629
48,227,0,-9.28472460800696
48,228,-11,-8.5823771893096
48,229,-3,9.83736498669394
48,230,3,7.22489623939097
48,231,-14,5.16536567622723
48,232,-7,22.9941288591949
48,233,10,31.4925693306644
48,234,0,11.9032956746306
48,235,-7,14.5176405566054
48,236,-3,18.8484343749155
48,237,7,15.1613615277572
48,238,3,3.47572582394975
48,239,-10,-0.720025959168051
48,240,18,10.51966296288
48,241,-8,-15.9794314096044
48,242,11,3.18044900407038
48,243,-11,-14.1494145214094
48,244,18,0.43732518214606
48,245,11,-20.1141742919837
48,246,-7,-29.9224120570746
48,247,-14,-9.08697279243295
48,248,14,3.38245883708254
48,249,-7,-11.7539365698083
48,250,-7,0.237178866635415
48,251,7,13.2875054928988
48,252,3,-0.724386022240128
48,253,2,6.00088650860283
48,254,-9,0.473723359521196
48,255,1,9.40062907541058
48,256,3,4.17264830923414
48,257,-7,2.02681698266743
48,258,3,10.7075060953828
48,259,-7,3.56907155488212
48,260,0,16.3210257400319
48,261,4,12.848614184393
48,262,10,4.02802129710139
48,263,-14,-7.89189236119117
48,264,0,13.3433182807925
48,265,4,8.38487369159069
48,266,-22,-1.09624465402181
48,267,0,31.9841637720491
48,268,0,19.7931003238502
48,269,4,20.7328015608359
48,270,0,16.6559058416503
48,271,3,12.9516390661385
48,272,-3,5.61098476548251
48,273,0,7.19430860540577
48,274,0,3.89995563533807
49,1,7,-3.26989266188371
49,2,-7,-7.49843657573594
49,3,-11,6.75706353902464
49,4,0,0.0419773112340014
49,5,-10,5.82067550312524
49,6,-4,18.6664790722466
49,7,34,15.6685647752683
49,8,9,-30.9216639979867
49,9,-25,-30.6089091151801
49,10,22,7.56548921784529
49,11,-33,-33.0769439554732
49,12,4,20.2568244477064
49,13,-4,9.5888566356316
49,14,7,12.3852944215472
49,15,0,4.74105462910209
49,16,7,2.59546828499278
49,17,-14,-7.89883852742434
49,18,39,13.6596627840503
49,19,-39,-42.1950196606212
49,20,36,21.2737087659949
49,21,-8,-32.5556774887422
49,22,-32,-15.130066588339
49,23,7,34.7541947779108
49,24,3,11.1408271442497
49,25,11,8.08647016475705
49,26,-1,-2.30089820208461
49,27,5,1.86387661937256
49,28,-4,-5.47360220427748
49,29,-21,1.02106270447516
49,30,18,25.3635766480339
49,31,3,-8.662738916306
49,32,-11,-3.7253065481452
49,33,0,18.0838277485057
49,34,11,11.2082108239697
49,35,-7,-4.65499614233978
49,36,-7,9.32515972945609
49,37,3,13.1293947770966
49,38,0,3.41093969946384
49,39,22,9.0279405903068
49,40,-25,-19.936333368156
49,41,11,18.4319626001158
49,42,-8,-3.25129372067569
49,43,-3,7.21884587035138
49,44,34,12.005807176794
49,45,-28,-35.9002489474223
49,46,-3,17.0196144269864
49,47,11,13.2678532006896
49,48,31,-8.20952665829773
49,49,-45,-41.1078400358499
49,50,18,31.8012378250249
49,51,-7,-8.80695623784677
49,52,3,3.70153785387098
49,53,-14,9.61150510644922
49,54,11,19.397507637831
49,55,-8,4.41872047052247
49,56,-3,19.9362922845254
49,57,3,21.9246156310981
49,58,4,6.32744515786084
49,59,-14,5.97036292156996
49,60,28,22.8845887891059
49,61,-21,-20.6954360545611
49,62,3,14.0760129387467
49,63,-3,6.74428066785502
49,64,-4,3.96330874930594
49,65,7,13.2847709581853
49,66,-3,2.0512480478473
49,67,26,8.83197619224452
49,68,10,-25.7154329787144
49,69,-25,-28.1846610074756
49,70,14,6.36230482486086
49,71,-36,-23.0282713304914
49,72,14,29.370815078435
49,73,29,6.12016444963661
49,74,7,-26.7346652914447
49,75,-18,-14.5765287630482
49,76,-18,11.9083125174245
49,77,-10,21.235183326658
49,78,32,22.5669941492377
49,79,-32,-18.83545572916
49,80,-4,35.1483788625738
49,81,0,36.4809620067837
49,82,18,28.6061346151625
49,83,25,5.17675131736886
49,84,-39,-29.0280434927309
49,85,28,27.7554212069366
49,86,-25,-24.8738131840671
49,87,0,14.8693318133592
49,88,4,9.5896904062461
49,89,3,0.570139125788299
49,90,-3,7.56554555484785
49,91,-7,15.1081882274914
49,92,3,20.4794542888966
49,93,-3,6.94647783114416
49,94,14,13.8119640891118
49,95,-11,-9.37887513560215
49,96,15,10.2154456452913
49,97,14,-11.7823939321203
49,98,0,-27.4380212483957
49,99,-25,-19.3838762019884
49,100,-4,11.8147504620288
49,101,25,9.00045046161654
49,102,-18,-22.1364509869271
49,103,33,18.5069010616306
49,104,50,-29.3883934029007
49,105,-63,-82.6474917488166
49,106,16,24.342717426351
49,107,15,-25.7046914990011
49,108,-43,-47.3799397232281
49,109,0,35.8698677586567
49,110,-15,23.5184606381337
49,111,18,42.8497623150358
49,112,11,28.4283896710858
49,113,-18,14.6315875059169
49,114,0,31.1014280153391
49,115,4,20.4704934320416
49,116,-15,6.81128223559333
49,117,43,22.1927658863419
49,118,-22,-39.125647196059
49,119,-14,4.96236316422783
49,120,0,22.7696027293974
49,121,26,7.59856547712229
49,122,3,-23.7077077544754
49,123,-25,-14.2685244117467
49,124,14,21.3222542623656
49,125,-14,-9.00498514908073
49,126,25,18.0046391443962
49,127,22,-20.1293763975388
49,128,-7,0.411789175338901
49,129,7,5.60082433424304
49,130,0,-8.60911719012684
49,131,-11,-2.31710973388783
49,132,15,12.7137445435851
49,133,-7,-11.3120887868171
49,134,-8,6.16273102085886
49,135,8,18.456975041236
49,136,-8,-0.788004409051274
49,137,26,13.5933618417675
49,138,-27,-21.0048417624683
49,139,27,20.7735208887635
49,140,18,-22.1943151204129
49,141,-26,-39.0040554045758
49,142,4,7.45583123062644
49,143,-4,-10.5846640537605
49,144,-3,-2.72299117573635
49,145,7,8.06771357062914
49,146,-7,0.399393035100382
49,147,-7,12.1520073245345
49,148,-15,24.211404392249
49,149,7,36.6848273593583
49,150,33,16.8617524706253
49,151,-33,-23.6333674288124
49,152,8,31.7175176168668
49,153,0,6.54762648153464
49,154,34,1.39715896147964
49,155,-9,-38.2509555901396
49,156,-21,-17.0382955896204
49,157,-1,10.2057097308663
49,158,11,3.06749821067779
49,159,-8,-6.18921935326163
49,160,-10,8.63717923046665
49,161,16,23.1664200578244
49,162,6,-1.09185821059204
49,163,-26,0.0987230443068015
49,164,15,31.5892862718776
49,165,-4,-4.1905760354015
49,166,-14,6.28800285852391
49,167,11,28.4643478937585
49,168,-4,2.76515564817782
49,169,29,12.5522720910169
49,170,-25,-22.6477540767675
49,171,3,15.1639066593385
49,172,0,0.793045458160439
49,173,4,-1.65379823522138
49,174,7,-2.35865252008647
49,175,5,-10.6528872314661
49,176,-16,-10.3324479711124
49,177,-11,13.5627603311506
49,178,-7,22.8422541139104
49,179,-3,22.4014032875799
49,180,10,27.6690524892681
49,181,0,14.3229305593424
49,182,29,17.7538514860908
49,183,-18,-21.8521129964757
49,184,7,5.94693709591663
49,185,-10,-13.6862673212788
49,186,0,-4.59443400592092
49,187,-4,-1.78339257334692
49,188,1,5.17607377748143
49,189,6,8.9607461232654
49,190,0,3.47814795450628
49,191,22,8.07729299903368
49,192,-10,-25.0157511327042
49,193,-12,-4.68252741590636
49,194,-7,6.85568481992434
49,195,7,8.63345712652984
49,196,-7,0.682271037136216
49,197,-7,16.3914069243963
49,198,3,25.660371286774
49,199,-10,17.5368804744884
49,200,7,31.7686784832055
49,201,11,13.3007276368572
49,202,-18,-3.8029322714372
49,203,14,23.7481165618975
49,204,7,-3.6003704036257
49,205,11,-12.4588480670363
49,206,-18,-20.6508686482894
49,207,7,5.02867920144979
49,208,22,-10.0289042381545
49,209,0,-34.2240593062961
49,210,-33,-19.508856778923
49,211,8,23.5715820430043
49,212,0,3.01291435808265
49,213,-11,8.1346001228883
49,214,21,28.9231690579022
49,215,-14,-6.76965500087199
49,216,-7,21.4185077541084
49,217,14,27.0339796467816
49,218,-3,-4.68076296099736
49,219,0,2.18792167001068
49,220,10,4.04568487147874
49,221,-18,-12.2651189310288
49,222,18,16.0528517324877
49,223,0,-11.7011214430167
49,224,4,-9.50648256395324
49,225,0,-8.60105807718085
49,226,-11,-7.6326463700974
49,227,-3,7.93353367628168
49,228,3,8.65571862667125
49,229,-14,4.76495460903068
49,230,-7,25.422476028664
49,231,10,32.3179209433838
49,232,0,13.4935468613143
49,233,-7,16.9783413333145
49,234,-3,22.7585193311501
49,235,7,17.3337535578152
49,236,3,4.66848885835115
49,237,-10,1.90849648436652
49,238,18,13.2444688274706
49,239,-8,-14.9111402998101
49,240,11,3.00095510808869
49,241,-11,-12.6348278596059
49,242,18,1.76140322919792
49,243,11,-21.3045389443476
49,244,-7,-28.4235765896824
49,245,-14,-10.2776543402196
49,246,14,4.50706476345683
49,247,-7,-15.4841236890992
49,248,-7,1.48824370050105
49,249,7,14.1013080247121
49,250,3,0.565479778295579
49,251,2,4.50260935789226
49,252,-9,3.20162423131144
49,253,1,11.009945545304
49,254,3,5.04576775185772
49,255,-7,2.47385895733354
49,256,3,12.5080405315651
49,257,-7,5.6582431173077
49,258,0,16.3408852897372
49,259,4,14.2855661577778
49,260,10,6.2190688328505
49,261,-14,-6.10699838235156
49,262,0,15.3743660768739
49,263,4,8.7969517194248
49,264,-22,0.0462269386833087
49,265,0,32.722806511503
49,266,0,22.8266805854688
49,267,4,21.2683392257634
49,268,0,19.1140931767778
49,269,3,16.8031742007621
49,270,-3,7.6197795647203
49,271,0,9.38022159599832
49,272,0,5.15583592004568
49,273,0,0.737531459924105
49,274,0,2.64486855131491
50,1,9,-30.1498834189997
50,2,-25,-31.1007774177874
50,3,22,9.64866894497468
50,4,-33,-30.201295912316
50,5,4,23.0894576973368
50,6,-4,13.3904241490466
50,7,7,12.3434354038985
50,8,0,5.05599756032632
50,9,7,2.36232224156289
50,10,-14,-6.50886081323932
50,11,39,13.8029385726497
50,12,-39,-39.902489843433
50,13,36,20.8545911552987
50,14,-8,-27.4372138307717
50,15,-32,-16.9538122367704
50,16,7,41.4989564832712
50,17,3,12.5033912298876
50,18,11,9.74446883474773
50,19,-1,-2.23319497336062
50,20,5,1.6067060371141
50,21,-4,-4.63776658840846
50,22,-21,1.22979545659037
50,23,18,26.8158584967655
50,24,3,-7.56070004353513
50,25,-11,-2.6942060001778
50,26,0,19.271657466051
50,27,11,10.9160980059517
50,28,-7,-3.44630889560124
50,29,-7,8.28299337095012
50,30,3,14.1032407153804
50,31,0,3.93059031036088
50,32,22,10.1480441910894
50,33,-25,-19.8869795425607
50,34,11,18.2430944177072
50,35,-8,-0.926913421321544
50,36,-3,6.552420843387
50,37,34,15.1523484491833
50,38,-28,-37.183789517619
50,39,-3,19.510954364072
50,40,11,14.0427614765591
50,41,31,-7.50072801176542
50,42,-45,-38.5653779989911
50,43,18,30.2483698572242
50,44,-7,-3.25086662961271
50,45,3,2.20371133810096
50,46,-14,14.4155303855531
50,47,11,15.6173114704143
50,48,-8,9.37734171771793
50,49,-3,16.3314563008038
50,50,3,23.9989877115624
50,51,4,3.12405944217186
50,52,-14,7.67257843474808
50,53,28,21.0529475048476
50,54,-21,-19.3174379270846
50,55,3,12.7151023114993
50,56,-3,9.44238287656873
50,57,-4,2.57528423050466
50,58,7,16.8746090566615
50,59,-3,0.153025406680212
50,60,26,11.0843993808104
50,61,10,-26.4050512791183
50,62,-25,-27.5958789931276
50,63,14,7.966270936377
50,64,-36,-20.4208507671968
50,65,14,32.471718984643
50,66,29,10.0038529044946
50,67,7,-27.155577932776
50,68,-18,-11.7710035248342
50,69,-18,9.44106754262957
50,70,-10,24.4266214209753
50,71,32,22.5151179135986
50,72,-32,-16.5012029209328
50,73,-4,34.1867006915159
50,74,0,38.5794806024063
50,75,18,25.5533310465023
50,76,25,5.24294282848993
50,77,-39,-34.1699308774
50,78,28,29.0939803668212
50,79,-25,-23.8674409110459
50,80,0,15.4936604584009
50,81,4,13.5758727886817
50,82,3,-1.00793736526597
50,83,-3,12.8197491614337
50,84,-7,11.5356171409217
50,85,3,22.5189862007599
50,86,-3,4.73833583462945
50,87,14,14.4908975526302
50,88,-11,-9.58485266078059
50,89,15,10.0388112270785
50,90,14,-9.98593637439513
50,91,0,-27.8930317201606
50,92,-25,-16.5293596197598
50,93,-4,12.777320550942
50,94,25,13.8474875918028
50,95,-18,-20.5881826453498
50,96,33,20.2024964102545
50,97,50,-28.1407779082737
50,98,-63,-82.2829406760564
50,99,16,26.3606907920387
50,100,15,-22.0025649896949
50,101,-43,-43.1173675083201
50,102,0,42.4153026151537
50,103,-15,24.9051322948628
50,104,18,46.7016540966516
50,105,11,26.9312031673012
50,106,-18,9.83882234006774
50,107,0,28.9346274494972
50,108,4,16.9428763346092
50,109,-15,6.79925327738485
50,110,43,20.5471964218257
50,111,-22,-37.9858527443468
50,112,-14,4.77292788477024
50,113,0,25.6165127444375
50,114,26,6.61266246697389
50,115,3,-19.8337269458001
50,116,-25,-16.510571441342
50,117,14,24.9584124248326
50,118,-14,-8.42432008446037
50,119,25,19.7453061900503
50,120,22,-19.0213537739624
50,121,-7,0.369055635274638
50,122,7,7.20735090031133
50,123,0,-7.67100598832083
50,124,-11,0.0209662834088213
50,125,15,13.2167920202063
50,126,-7,-9.11787556023515
50,127,-8,6.78871869593959
50,128,8,19.8610194427054
50,129,-8,-1.11996707369508
50,130,26,14.780026899296
50,131,-27,-20.8654960564986
50,132,27,20.4968259888015
50,133,18,-19.4386816455635
50,134,-26,-40.2014154561878
50,135,4,11.8550994027097
50,136,-4,-10.1781626949617
50,137,-3,2.47488503149305
50,138,7,9.81276543946092
50,139,-7,1.71268841946013
50,140,-7,13.7207442750065
50,141,-15,23.9578620013076
50,142,7,36.3514807965401
50,143,33,16.16834072365
50,144,-33,-25.0041514529048
50,145,8,30.5972242081581
50,146,0,7.00374135277609
50,147,34,0.476027025106011
50,148,-9,-35.5867569010264
50,149,-21,-19.2377359751838
50,150,-1,16.1054689731065
50,151,11,3.55788617262055
50,152,-8,-1.49739356345357
50,153,-10,7.78734784346044
50,154,16,25.6466212105091
50,155,6,-0.868895804315999
50,156,-26,-0.318240101333412
50,157,15,30.3786872045867
50,158,-4,-3.54724048003792
50,159,-14,6.55647008637859
50,160,11,29.5500752905031
50,161,-4,1.8409139631152
50,162,29,13.6305334097511
50,163,-25,-23.2905323217657
50,164,3,14.0805581433465
50,165,0,3.36708430118658
50,166,4,-2.40283964273469
50,167,7,1.78430176438323
50,168,5,-12.0707380297051
50,169,-16,-6.47078599992823
50,170,-11,13.2289034699895
50,171,-7,25.2600307547565
50,172,-3,22.4607947306105
50,173,10,28.6621266440199
50,174,0,13.2101283261066
50,175,29,16.3892673646638
50,176,-18,-23.4151450984871
50,177,7,3.78632234886222
50,178,-10,-11.7082067557908
50,179,0,-4.5035803183163
50,180,-4,3.6515780191244
50,181,1,5.18463215508134
50,182,6,13.2853087946072
50,183,0,2.31190769956433
50,184,22,9.27478057479514
50,185,-10,-25.9218398763768
50,186,-12,-4.25657234719053
50,187,-7,9.04398434633674
50,188,7,10.0749296771515
50,189,-7,4.04681546347836
50,190,-7,16.2418880908163
50,191,3,27.1913364721885
50,192,-10,16.346571233299
50,193,7,31.0397953671534
50,194,11,11.3755624460117
50,195,-18,-5.16057849529434
50,196,14,23.3134791043272
50,197,7,-3.66827679677749
50,198,11,-12.4690715642043
50,199,-18,-19.132811587544
50,200,7,5.24229884731627
50,201,22,-5.74212066418591
50,202,0,-33.3940141675564
50,203,-33,-15.9468516999724
50,204,8,24.7437799577953
50,205,0,7.55168300099619
50,206,-11,8.81033013196779
50,207,21,30.2755311549859
50,208,-14,-7.8544368062871
50,209,-7,21.6502020070878
50,210,14,26.1002262940483
50,211,-3,-6.16226660131002
50,212,0,2.75546882654604
50,213,10,3.7466487196447
50,214,-18,-10.8089081004534
50,215,18,16.8132219614718
50,216,0,-10.0954058667325
50,217,4,-9.17918864166749
50,218,0,-5.90653538081019
50,219,-11,-7.48079990762188
50,220,-3,11.4313468023009
50,221,3,9.08332067846423
50,222,-14,7.12901500905196
50,223,-7,25.5896749545776
50,224,10,32.90537705607
50,225,0,12.5857205055968
50,226,-7,15.437499323431
50,227,-3,20.875058334825
50,228,7,16.2930011295031
50,229,3,4.22898316199404
50,230,-10,1.1533657153716
50,231,18,13.3407933374797
50,232,-8,-14.0111495748743
50,233,11,3.37814031276678
50,234,-11,-10.8209674803851
50,235,18,1.73817950507709
50,236,11,-17.2718241270177
50,237,-7,-28.6756484916322
50,238,-14,-5.98516023596192
50,239,14,5.45244670062846
50,240,-7,-10.6491052140288
50,241,-7,2.3093937607103
50,242,7,17.0127073257254
50,243,3,1.0064883094955
50,244,2,6.11846886347449
50,245,-9,2.31129445122408
50,246,1,11.3480532225788
50,247,3,5.92488038513676
50,248,-7,2.98509525597048
50,249,3,13.3898629230933
50,250,-7,5.97862292185897
50,251,0,16.9454869993967
50,252,4,14.5330575778864
50,253,10,5.51776005133047
50,254,-14,-5.67621459108714
50,255,0,14.6438072655468
50,256,4,10.2182856152168
50,257,-22,-0.158362543308631
50,258,0,33.9407125980552
50,259,0,22.7548576193688
50,260,4,21.2040075697153
50,261,0,18.3161330657251
50,262,3,14.2057297428161
50,263,-3,7.02949543078949
50,264,0,7.6556518709017
50,265,0,5.64885636290286
50,266,0,0.576578265532813
50,267,0,4.17775524403808
50,268,0,4.20313961996167
50,269,10,5.50204065102623
50,270,0,-7.85996374560848
50,271,-7,-3.87357275606628
50,272,0,5.9237047044504
50,273,7,2.3256744645605
50,274,-7,-5.22227704399792
