"iteration","obs_index","y_true","y_pred"
1,1,-0.048466862,0.00190918669104492
1,2,-0.018485573,-0.00187535512091555
1,3,0.006194626,0.00682758016058511
1,4,0.024479016,0.00456266730140662
1,5,0.02156801,-0.0108188050404843
1,6,0,-0.0256970474920251
1,7,-0.004152024,-0.00203238616929931
1,8,0.021481974,0.0208263793554955
1,9,0,0.0309832589234872
1,10,0,-0.00655406795791367
1,11,0.008155698,-0.0175477700788852
1,12,-0.003529424,-0.00451314447986581
1,13,-0.006128479,0.00790831997946706
1,14,-0.016145356,0.00637171443761804
1,15,-0.004745921,-0.00241874229675674
1,16,0.004942549,-0.00506614428493637
1,17,0.005760663,0.00648192580289963
1,18,0.010842768,-0.0070726435163739
1,19,0.008162585,-0.00682294192139298
1,20,-0.002038104,0.00513942026947533
1,21,0.002569101,0.00597410607192685
1,22,0.015103242,0.00716347033626871
1,23,-0.003958614,0.00111515096560425
1,24,0.014491643,-0.00344527238611121
1,25,0.005775517,-0.00332395283576358
1,26,-0.001344163,0.00250876995142483
1,27,-0.007814672,0.00308458849958004
1,28,-0.004582092,0.00401569035788126
1,29,0.013212057,0.000606445433560479
1,30,-0.003136078,0.000619449589426036
1,31,-0.000372974,2.62825660631037e-05
1,32,-0.012532107,-0.011356236624788
1,33,0.003089847,0.00556614732515608
1,34,0.004984515,0.00744921345318528
1,35,-0.006854691,0.00333742718705103
1,36,-0.006858168,-0.00877916163701416
1,37,0.003515045,-0.00768814662566183
1,38,0.018121718,0.00877242088492844
1,39,0.000300217,0.00355160146310786
1,40,0.005871807,-0.00195900921971982
1,41,0.010798081,-0.0085932127776603
1,42,0.002162527,0.00795620461144237
1,43,0,0.00946200797283188
1,44,-0.002724989,-0.00114678758013516
1,45,-0.004270951,-0.00342049076458412
1,46,0.013915415,-0.000468580852462407
1,47,-0.005139604,0.00605337098052087
1,48,-0.011307511,-0.00482634957037799
1,49,0.002517575,-0.00560274299167955
1,50,0.003426713,0.00650982865713156
1,51,-0.007219636,0.00542481628499435
1,52,-0.015763662,-0.00369220059848934
1,53,-0.004663629,-0.00673154509475813
1,54,0.003178826,-0.00118973466728464
1,55,0.000980505,0.0097147106009196
1,56,0,-0.00497412234132329
1,57,-0.007435409,-0.0109563886235081
1,58,-0.034882362,0.000994281554193588
1,59,0.002177718,0.00603682441455561
1,60,0.019639058,0.00469746970938368
1,61,-0.00661218,-0.0013494392773676
1,62,-0.00610478,-0.0149323928170507
1,63,-0.034097312,-0.0106283373055065
1,64,0.000693465,0.00740389887134515
1,65,-0.02337866,0.0153055072618013
1,66,-0.008599649,0.0050146455760864
1,67,0.04024732,-0.0276930685357583
1,68,-0.015830571,-0.00653292472050945
1,69,0.012325743,0.00359945407873249
1,70,-0.006707098,-0.0046055595194307
1,71,-0.021467283,0.0171123098519625
1,72,-0.008647641,-0.00122104446769159
1,73,-0.032741573,0.0073437724867659
1,74,-0.044516016,-0.0126601364459528
1,75,0.034904051,-0.0187535406833648
1,76,-0.005725048,0.012728168997195
1,77,-0.012275656,-0.0131761342435355
1,78,0.01685499,-0.0145743154759522
1,79,0.031110931,0.00534048304814981
1,80,-0.002337975,0.0153903440903589
1,81,0.017601299,0.00876272048788267
1,82,-0.019313905,-0.0084761061311066
1,83,0.01766298,-0.0101147133260044
1,84,-0.020334679,0.0227919555956944
1,85,0,0.0016267512971627
1,86,-0.008025503,-0.0181043396778345
1,87,0.01093973,-0.0011492375095923
1,88,-0.00611345,0.00693513055322657
1,89,0.025216549,-0.00614590363880637
1,90,0.008779882,0.00513542467137917
1,91,-0.001132628,-0.00422412411966467
1,92,0.014206139,0.00952450978300531
1,93,0.00478355,0.00025871231034921
1,94,-0.003248464,0.00916106349020868
1,95,-0.00159716,-0.0042094036462365
1,96,0.006049513,0.00180820838839255
1,97,-0.000277692,-0.00474873850287018
1,98,0.005370442,0.00643503908249657
1,99,-0.01894756,-0.00204743924666082
1,100,0.013777682,-0.00522361036413219
1,101,-0.009283362,0.00628099013134825
1,102,-0.03561306,0.00555313424097475
1,103,-0.01695535,-0.0094190628883965
1,104,0.004911119,-0.00310280821109965
1,105,0.003163063,0.00705817554614977
1,106,-0.009240018,-0.00714377533323688
1,107,0.019523926,-0.0119571368031925
1,108,0.01945031,-0.00917634099371746
1,109,0.003029349,0.0202090042702436
1,110,-0.008162278,0.00656406947887391
1,111,0,-0.00831937016495352
1,112,0.011465154,0.0030307538956574
1,113,-0.003255616,0.0105468900447863
1,114,0.00015752,-0.00331931642814871
1,115,-0.018279429,-0.0164320502734493
1,116,0.015250702,0.00294489398715896
1,117,0.018253481,0.0109872132868374
1,118,0.000217155,0.00521331644436236
1,119,0.019520681,-0.0122248351544319
1,120,0.008707493,-0.00399025310301149
1,121,0.001807692,0.0142971012950411
1,122,0.003470635,0.0059513517804244
1,123,0.002007762,0.00540853507197289
1,124,0.002182983,-0.00677226143974862
1,125,0.008343979,0.00234242914770634
1,126,0.014732094,0.00267695789309696
1,127,-0.007618303,-0.00514170751310355
1,128,0.00403614,0.00305581351677911
1,129,0.002048521,0.00300075200818257
1,130,-0.004644459,0.00642289706579048
1,131,-0.003427558,0.00116205061287039
2,1,0.024479016,0.0144034671317939
2,2,0.02156801,-0.000930348916792462
2,3,0,-0.0269555892032609
2,4,-0.004152024,-0.00559440709136124
2,5,0.021481974,0.0176786968815871
2,6,0,0.0290333369071446
2,7,0,-0.0114327151146238
2,8,0.008155698,-0.0218234693966128
2,9,-0.003529424,-0.00346689882669464
2,10,-0.006128479,0.0132431876904995
2,11,-0.016145356,0.00531593511807324
2,12,-0.004745921,-0.0053738940170637
2,13,0.004942549,-0.000100191671737931
2,14,0.005760663,0.0110398018153596
2,15,0.010842768,-0.00492917295845905
2,16,0.008162585,-0.00638879123752149
2,17,-0.002038104,0.0044861030056918
2,18,0.002569101,0.00319894668950585
2,19,0.015103242,0.00373279782121417
2,20,-0.003958614,0.00165125017699115
2,21,0.014491643,-0.00461884505262097
2,22,0.005775517,-0.00324761509775298
2,23,-0.001344163,0.00288147446294907
2,24,-0.007814672,0.00407781923342815
2,25,-0.004582092,-2.32174181792211e-05
2,26,0.013212057,0.00173144189361879
2,27,-0.003136078,0.00599603446617971
2,28,-0.000372974,-0.000112253802413236
2,29,-0.012532107,-0.0119135819642009
2,30,0.003089847,0.0044065479307418
2,31,0.004984515,0.0112160598197231
2,32,-0.006854691,0.00386431650765608
2,33,-0.006858168,-0.0102859370910839
2,34,0.003515045,-0.00901869612774387
2,35,0.018121718,0.011495876966472
2,36,0.000300217,0.00787295986070047
2,37,0.005871807,-0.00543468449333249
2,38,0.010798081,-0.0116241521086277
2,39,0.002162527,0.00854631240919143
2,40,0,0.0095837393508551
2,41,-0.002724989,-0.0053355723422499
2,42,-0.004270951,-0.00500387773159907
2,43,0.013915415,0.00218705543858988
2,44,-0.005139604,0.00943306497195004
2,45,-0.011307511,-0.0052698579429135
2,46,0.002517575,-0.00683857191348322
2,47,0.003426713,0.00753049001627953
2,48,-0.007219636,0.00968570156726848
2,49,-0.015763662,-0.00527175898670526
2,50,-0.004663629,-0.0108910257936644
2,51,0.003178826,0.00226000919616564
2,52,0.000980505,0.0142765870962147
2,53,0,-0.00523641927571686
2,54,-0.007435409,-0.0127473370104579
2,55,-0.034882362,0.000447005242961536
2,56,0.002177718,0.0022482659221463
2,57,0.019639058,0.00659567600407159
2,58,-0.00661218,0.0051440303661505
2,59,-0.00610478,-0.0145001580527793
2,60,-0.034097312,-0.0168762759962861
2,61,0.000693465,0.00409146192620111
2,62,-0.02337866,0.021569505255255
2,63,-0.008599649,0.00135401993485902
2,64,0.04024732,-0.0260652308625943
2,65,-0.015830571,0.00180371497807213
2,66,0.012325743,0.00419878361055805
2,67,-0.006707098,-0.00911994429934065
2,68,-0.021467283,0.00893048614800441
2,69,-0.008647641,-0.000301635167012447
2,70,-0.032741573,0.00181711504206398
2,71,-0.044516016,-0.0139482000661324
2,72,0.034904051,-0.0152659258624716
2,73,-0.005725048,0.0245629516359313
2,74,-0.012275656,-0.00631692005859793
2,75,0.01685499,-0.0183209098220887
2,76,0.031110931,-0.000462508020928291
2,77,-0.002337975,0.024481333560836
2,78,0.017601299,-7.74227397961212e-05
2,79,-0.019313905,-0.0209562013087674
2,80,0.01766298,-0.0132663028801598
2,81,-0.020334679,0.0288163470128488
2,82,0,-0.00519154668653029
2,83,-0.008025503,-0.0144201424835203
2,84,0.01093973,0.000644390606569219
2,85,-0.00611345,0.0150643184675288
2,86,0.025216549,-0.00714121100182263
2,87,0.008779882,0.0075859003852483
2,88,-0.001132628,-0.00479406120594759
2,89,0.014206139,0.0061586918094809
2,90,0.00478355,-0.00377012174880193
2,91,-0.003248464,0.00969838364736447
2,92,-0.00159716,-0.00594168606430889
2,93,0.006049513,-0.00137654852025326
2,94,-0.000277692,1.29204831327428e-05
2,95,0.005370442,0.00905270765996961
2,96,-0.01894756,-0.00238240997308994
2,97,0.013777682,-0.00727139978602458
2,98,-0.009283362,0.011071463226111
2,99,-0.03561306,0.00505617304887758
2,100,-0.01695535,-0.0131176421355327
2,101,0.004911119,-0.00435165203734971
2,102,0.003163063,0.0173850248722767
2,103,-0.009240018,-0.00134774962635302
2,104,0.019523926,-0.0177394240157165
2,105,0.01945031,-0.00652717870075181
2,106,0.003029349,0.0240459909453351
2,107,-0.008162278,-0.000253162415138088
2,108,0,-0.0196371832802699
2,109,0.011465154,0.0030933625544935
2,110,-0.003255616,0.0150577554769261
2,111,0.00015752,-0.00545305514503963
2,112,-0.018279429,-0.017434317920656
2,113,0.015250702,0.00345384093394916
2,114,0.018253481,0.0176952672462505
2,115,0.000217155,0.0074593195852076
2,116,0.019520681,-0.014271351123859
2,117,0.008707493,-0.00608663395238119
2,118,0.001807692,0.0146512133029929
2,119,0.003470635,0.0044342482919345
2,120,0.002007762,-0.000652413689424336
2,121,0.002182983,-0.00563358577466655
2,122,0.008343979,0.00500348529580243
2,123,0.014732094,0.00353041494661146
2,124,-0.007618303,-0.00196585284468145
2,125,0.00403614,0.00180242738070699
2,126,0.002048521,0.00204607906488322
2,127,-0.004644459,0.00715549133814815
2,128,-0.003427558,0.00233123097528634
2,129,-0.00946078,-0.00553197801155821
2,130,-0.0215476,-0.00229061936589839
2,131,0.002671607,0.000458542022628692
3,1,-0.004745921,-0.00302617760648339
3,2,0.004942549,-0.000467820930163136
3,3,0.005760663,0.00909202168101961
3,4,0.010842768,-0.00513181561714392
3,5,0.008162585,-0.00503336500443401
3,6,-0.002038104,0.00305170717178258
3,7,0.002569101,0.00169525295665374
3,8,0.015103242,0.0043957698445459
3,9,-0.003958614,0.00293305865580383
3,10,0.014491643,-0.00468072938046247
3,11,0.005775517,-0.00113201779235607
3,12,-0.001344163,0.00317864215359025
3,13,-0.007814672,0.000989380858645722
3,14,-0.004582092,0.00211432705860324
3,15,0.013212057,0.00158194113245895
3,16,-0.003136078,0.00553487942652203
3,17,-0.000372974,-0.00112846401120264
3,18,-0.012532107,-0.00965059142075079
3,19,0.003089847,0.0039785509304049
3,20,0.004984515,0.00806830612404515
3,21,-0.006854691,0.00423194962394002
3,22,-0.006858168,-0.00965689900885806
3,23,0.003515045,-0.00630945324199607
3,24,0.018121718,0.00933062936748909
3,25,0.000300217,0.00585855210567114
3,26,0.005871807,-0.00505918302302763
3,27,0.010798081,-0.00852427929014121
3,28,0.002162527,0.00805884221777379
3,29,0,0.00599695631210251
3,30,-0.002724989,-0.00268761454090481
3,31,-0.004270951,-0.00272868393230463
3,32,0.013915415,0.00120399247755753
3,33,-0.005139604,0.00857480587663052
3,34,-0.011307511,-0.00503412818122556
3,35,0.002517575,-0.00643735020556423
3,36,0.003426713,0.00819130496854285
3,37,-0.007219636,0.00623383708156972
3,38,-0.015763662,-0.00499609242584537
3,39,-0.004663629,-0.00778084266172356
3,40,0.003178826,0.00196306272786889
3,41,0.000980505,0.010704948002701
3,42,0,-0.00489362846481703
3,43,-0.007435409,-0.00982769019251087
3,44,-0.034882362,-0.000386015437225476
3,45,0.002177718,3.47522189227973e-05
3,46,0.019639058,0.00771676229574627
3,47,-0.00661218,0.00525019930935987
3,48,-0.00610478,-0.0160949541162687
3,49,-0.034097312,-0.0117496213942058
3,50,0.000693465,0.00235211485708318
3,51,-0.02337866,0.0164944760633485
3,52,-0.008599649,0.00223913505364469
3,53,0.04024732,-0.0223052518490536
3,54,-0.015830571,0.00539874350943676
3,55,0.012325743,-0.0038996973917585
3,56,-0.006707098,-0.0067668016370662
3,57,-0.021467283,0.0109928251344427
3,58,-0.008647641,-0.00555502171950486
3,59,-0.032741573,0.00676841703256987
3,60,-0.044516016,-0.0121610464275835
3,61,0.034904051,-0.0144062249925554
3,62,-0.005725048,0.0238472763600372
3,63,-0.012275656,-0.0103131842591554
3,64,0.01685499,-0.0193595416431124
3,65,0.031110931,0.00633709304845337
3,66,-0.002337975,0.0149960718124824
3,67,0.017601299,-0.00178941962232588
3,68,-0.019313905,-0.0116951224274849
3,69,0.01766298,-0.010339037212216
3,70,-0.020334679,0.0220872003012764
3,71,0,-0.0011876346204327
3,72,-0.008025503,-0.0132234765846821
3,73,0.01093973,0.00359160632119959
3,74,-0.00611345,0.00855327551314245
3,75,0.025216549,-0.00499070014200316
3,76,0.008779882,0.00584568254056105
3,77,-0.001132628,-0.00337659213033477
3,78,0.014206139,0.00221282559026077
3,79,0.00478355,0.00136234716439441
3,80,-0.003248464,0.00676523623237243
3,81,-0.00159716,-0.00498623088608874
3,82,0.006049513,0.00152570799150314
3,83,-0.000277692,-4.7769279066586e-05
3,84,0.005370442,0.00628184692844773
3,85,-0.01894756,-0.00126021989704296
3,86,0.013777682,-0.00634080941058126
3,87,-0.009283362,0.00937029992117293
3,88,-0.03561306,0.00410994270528628
3,89,-0.01695535,-0.0138471980599436
3,90,0.004911119,0.00070564168192784
3,91,0.003163063,0.0128903231272213
3,92,-0.009240018,-0.00403605568863002
3,93,0.019523926,-0.0142404360976607
3,94,0.01945031,-0.00415647119041813
3,95,0.003029349,0.0173093782373602
3,96,-0.008162278,-0.002022061340966
3,97,0,-0.0124877100751239
3,98,0.011465154,0.00365492845078665
3,99,-0.003255616,0.0123321135976673
3,100,0.00015752,-0.0045549729223884
3,101,-0.018279429,-0.0128688533686157
3,102,0.015250702,0.00223747403746883
3,103,0.018253481,0.0139834716954171
3,104,0.000217155,0.00715654801784518
3,105,0.019520681,-0.0142255105149184
3,106,0.008707493,-0.00184298641091663
3,107,0.001807692,0.0110160680325259
3,108,0.003470635,0.00202659751834615
3,109,0.002007762,0.00309786864254793
3,110,0.002182983,-0.00423765603489294
3,111,0.008343979,0.00391537283568774
3,112,0.014732094,0.00387104563685134
3,113,-0.007618303,-0.0014000847581801
3,114,0.00403614,-8.31914565490276e-06
3,115,0.002048521,0.00269164654962389
3,116,-0.004644459,0.00688711657082872
3,117,-0.003427558,0.000129232928039876
3,118,-0.00946078,-0.00255444379871939
3,119,-0.0215476,-0.00212409476423695
3,120,0.002671607,-0.0010304491929218
3,121,0.004507306,0.00796224521784333
3,122,0.006588174,-0.000733959133908104
3,123,0.013136331,-0.00538834345685238
3,124,0.000798687,-0.00181905669664805
3,125,-0.011165327,-0.000238443606950446
3,126,-0.003144563,0.00189657922778013
3,127,-0.010478088,0.00517586342462713
3,128,-0.012597583,-0.00305846253001692
3,129,-0.005432496,-0.00388022981241664
3,130,-0.014549103,-0.00257584199949164
3,131,0.026544215,-0.00263894019935102
4,1,0.005760663,0.00808453506583906
4,2,0.010842768,-0.00490951953904037
4,3,0.008162585,-0.00474271280048359
4,4,-0.002038104,-0.000307550397200314
4,5,0.002569101,0.00361526050361851
4,6,0.015103242,0.006108648874581
4,7,-0.003958614,0.000483748802944777
4,8,0.014491643,-0.00464687103410745
4,9,0.005775517,-0.0026494315817619
4,10,-0.001344163,-0.00328083364391851
4,11,-0.007814672,0.00049314972195845
4,12,-0.004582092,0.00416677120817238
4,13,0.013212057,0.000774330517410602
4,14,-0.003136078,0.0048104469743885
4,15,-0.000372974,-0.00341833435393245
4,16,-0.012532107,-0.00640561250938054
4,17,0.003089847,0.00403852854523806
4,18,0.004984515,0.00936832199963318
4,19,-0.006854691,0.00541613442795536
4,20,-0.006858168,-0.00688271299390871
4,21,0.003515045,-0.00100544415187746
4,22,0.018121718,0.00695547884667605
4,23,0.000300217,0.0047877904571692
4,24,0.005871807,-0.0045380276218227
4,25,0.010798081,-0.00684575877847779
4,26,0.002162527,0.0034608862853547
4,27,0,0.00435397942129039
4,28,-0.002724989,0.000247576328698316
4,29,-0.004270951,-0.0040156497768689
4,30,0.013915415,0.00194003113939538
4,31,-0.005139604,0.00526910737539789
4,32,-0.011307511,-0.00608815313975698
4,33,0.002517575,-0.00174815881176707
4,34,0.003426713,0.00740553676598059
4,35,-0.007219636,0.00451901949778999
4,36,-0.015763662,0.000810217156633125
4,37,-0.004663629,-0.00294676582225555
4,38,0.003178826,0.00508349773753338
4,39,0.000980505,0.0113405739615046
4,40,0,-0.00129087380843433
4,41,-0.007435409,-0.00623072774369752
4,42,-0.034882362,0.00152975916949624
4,43,0.002177718,0.0100179578451821
4,44,0.019639058,0.0150320857792091
4,45,-0.00661218,0.00239381239216975
4,46,-0.00610478,-0.011196941526979
4,47,-0.034097312,-0.00495596998212952
4,48,0.000693465,0.00609492353611282
4,49,-0.02337866,0.0253329680784072
4,50,-0.008599649,0.0101514283827974
4,51,0.04024732,-0.0100218519634297
4,52,-0.015830571,0.000976693957198618
4,53,0.012325743,-0.00777946582416642
4,54,-0.006707098,0.00509340651834296
4,55,-0.021467283,0.00620930946975653
4,56,-0.008647641,0.00561320570356647
4,57,-0.032741573,0.0173027169819863
4,58,-0.044516016,-0.00793422478601947
4,59,0.034904051,0.00603494524383996
4,60,-0.005725048,0.0191583983008935
4,61,-0.012275656,-0.0109180929211898
4,62,0.01685499,-0.00375489144590027
4,63,0.031110931,0.00533277346918567
4,64,-0.002337975,0.0066020020484711
4,65,0.017601299,0.00811248628213599
4,66,-0.019313905,-0.0119482704358013
4,67,0.01766298,-0.00926609122518424
4,68,-0.020334679,0.0197847053784411
4,69,0,-3.40361150642883e-05
4,70,-0.008025503,-0.00998731641103817
4,71,0.01093973,0.0038400315080441
4,72,-0.00611345,0.00211512608531077
4,73,0.025216549,0.000763933227622511
4,74,0.008779882,-0.000824435634912934
4,75,-0.001132628,-0.00442819191244385
4,76,0.014206139,0.00133185588548774
4,77,0.00478355,0.00231228519765253
4,78,-0.003248464,-0.000269530198852934
4,79,-0.00159716,-0.000151181252667513
4,80,0.006049513,-0.00103011226193457
4,81,-0.000277692,-0.00297441123185303
4,82,0.005370442,0.00453471368138629
4,83,-0.01894756,-0.00245501820366774
4,84,0.013777682,-0.00376162761361134
4,85,-0.009283362,0.0088166752802333
4,86,-0.03561306,0.00341802646806941
4,87,-0.01695535,-0.00185027594441135
4,88,0.004911119,0.0106834523280259
4,89,0.003163063,0.0100349212080983
4,90,-0.009240018,0.00292137135438856
4,91,0.019523926,-0.00845643199948049
4,92,0.01945031,-0.00425648813592132
4,93,0.003029349,0.0114134551537638
4,94,-0.008162278,0.00198535565564838
4,95,0,-0.00590643479058954
4,96,0.011465154,0.00280817122314348
4,97,-0.003255616,0.0104302589984812
4,98,0.00015752,-0.00452760517330284
4,99,-0.018279429,-0.0110068244282602
4,100,0.015250702,0.00168212655234291
4,101,0.018253481,0.0126190371988681
4,102,0.000217155,0.00226919718936961
4,103,0.019520681,-0.013277422083925
4,104,0.008707493,-0.00329543781606892
4,105,0.001807692,0.00109282022843383
4,106,0.003470635,0.00476859171101211
4,107,0.002007762,0.00177135844181134
4,108,0.002182983,-0.00703436671809983
4,109,0.008343979,0.00289358915157117
4,110,0.014732094,-0.00106896353455221
4,111,-0.007618303,-0.00616970967908255
4,112,0.00403614,-0.00183037608058839
4,113,0.002048521,0.00266389106016818
4,114,-0.004644459,0.00365162168006525
4,115,-0.003427558,0.00163534326886184
4,116,-0.00946078,0.000386335548560395
4,117,-0.0215476,-0.00226784657403325
4,118,0.002671607,0.00583649604924933
4,119,0.004507306,0.0101433967456522
4,120,0.006588174,-0.000681323159166106
4,121,0.013136331,-0.00287948029968036
4,122,0.000798687,-0.00272027076640204
4,123,-0.011165327,-0.00163794109795989
4,124,-0.003144563,0.00813517101855008
4,125,-0.010478088,0.00818656210831885
4,126,-0.012597583,0.00108214617561962
4,127,-0.005432496,0.00230845833437877
4,128,-0.014549103,0.000184486797699544
4,129,0.026544215,0.000820774899316193
4,130,-0.006731457,0.00810734237577664
4,131,0.029166024,-0.00415959705802948
5,1,0.010842768,-0.00711996172863429
5,2,0.008162585,-0.00872229106919723
5,3,-0.002038104,0.00176050215564317
5,4,0.002569101,0.00383474871766008
5,5,0.015103242,0.00693358788004353
5,6,-0.003958614,0.000993187253412513
5,7,0.014491643,-0.00624329827732915
5,8,0.005775517,-0.00506422733373424
5,9,-0.001344163,-1.42108016395761e-05
5,10,-0.007814672,0.00146075765747474
5,11,-0.004582092,0.00448404219777919
5,12,0.013212057,0.0031801461163656
5,13,-0.003136078,0.00582588629766005
5,14,-0.000372974,-0.00183936923201533
5,15,-0.012532107,-0.0124529508198602
5,16,0.003089847,0.00759632393512682
5,17,0.004984515,0.0130047442153689
5,18,-0.006854691,0.00646618367409733
5,19,-0.006858168,-0.0106675036174442
5,20,0.003515045,-0.00568707883690016
5,21,0.018121718,0.0127069169383565
5,22,0.000300217,0.00608794104960496
5,23,0.005871807,-0.00682645695443624
5,24,0.010798081,-0.0126542521036473
5,25,0.002162527,0.00743449462049722
5,26,0,0.00796909521750827
5,27,-0.002724989,-0.00291904448666894
5,28,-0.004270951,-0.00429995225731474
5,29,0.013915415,0.00276358710910153
5,30,-0.005139604,0.00890629337467975
5,31,-0.011307511,-0.00685057723940653
5,32,0.002517575,-0.00530377390804062
5,33,0.003426713,0.0111663058931774
5,34,-0.007219636,0.00890428290134287
5,35,-0.015763662,-0.00289082103474338
5,36,-0.004663629,-0.00617191926663133
5,37,0.003178826,0.00589223834024698
5,38,0.000980505,0.0166596827002724
5,39,0,-0.00428567048982866
5,40,-0.007435409,-0.0120893497991299
5,41,-0.034882362,0.00202048952372904
5,42,0.002177718,0.0111493712648046
5,43,0.019639058,0.0159819150658771
5,44,-0.00661218,0.00496229231422815
5,45,-0.00610478,-0.0186092696018808
5,46,-0.034097312,-0.0133086798447855
5,47,0.000693465,0.0112534006940301
5,48,-0.02337866,0.0301554286595555
5,49,-0.008599649,0.0124464562842896
5,50,0.04024732,-0.0226577807157805
5,51,-0.015830571,-0.000164509090271635
5,52,0.012325743,-0.00326034932454624
5,53,-0.006707098,-0.0060631654006585
5,54,-0.021467283,0.0147000050176784
5,55,-0.008647641,0.00267148707946062
5,56,-0.032741573,0.0159971736171014
5,57,-0.044516016,-0.00837721193435771
5,58,0.034904051,-0.0030868756963009
5,59,-0.005725048,0.0293191932820947
5,60,-0.012275656,-0.011760521824234
5,61,0.01685499,-0.0172484078745763
5,62,0.031110931,0.00597642355495484
5,63,-0.002337975,0.0156256410673168
5,64,0.017601299,0.00245450438681122
5,65,-0.019313905,-0.0200116744197311
5,66,0.01766298,-0.0126227307584037
5,67,-0.020334679,0.0286900569690494
5,68,0,0.00123722705835368
5,69,-0.008025503,-0.016533969673687
5,70,0.01093973,0.00528714719521646
5,71,-0.00611345,0.00962999740034609
5,72,0.025216549,-0.00412328855463022
5,73,0.008779882,0.00268496154282222
5,74,-0.001132628,-0.00745631022658075
5,75,0.014206139,0.00352080445941915
5,76,0.00478355,-0.000890039589879344
5,77,-0.003248464,0.00614832372104159
5,78,-0.00159716,-0.00503319193172537
5,79,0.006049513,0.000693004091339809
5,80,-0.000277692,-0.00238073955096141
5,81,0.005370442,0.00822290589987258
5,82,-0.01894756,-0.00315358324382242
5,83,0.013777682,-0.00522155204182566
5,84,-0.009283362,0.0118081138549713
5,85,-0.03561306,0.00739153886292461
5,86,-0.01695535,-0.00760991512248294
5,87,0.004911119,0.00864065091891926
5,88,0.003163063,0.0192759391242411
5,89,-0.009240018,-0.00117021358179301
5,90,0.019523926,-0.0154936682589308
5,91,0.01945031,-0.00837441868383929
5,92,0.003029349,0.0201739078010861
5,93,-0.008162278,-0.000726917486959433
5,94,0,-0.0143901016716612
5,95,0.011465154,0.00503562381264559
5,96,-0.003255616,0.0154794643363851
5,97,0.00015752,-0.00585736124613575
5,98,-0.018279429,-0.0182715881432019
5,99,0.015250702,0.00548205775549132
5,100,0.018253481,0.018215340893811
5,101,0.000217155,0.00563099687401249
5,102,0.019520681,-0.0196673205193629
5,103,0.008707493,-0.00766098926758373
5,104,0.001807692,0.00978545632096133
5,105,0.003470635,0.00372079847244521
5,106,0.002007762,0.00249635073136407
5,107,0.002182983,-0.00788578952309866
5,108,0.008343979,0.00425740385018199
5,109,0.014732094,0.00174785560098333
5,110,-0.007618303,-0.00693935027161925
5,111,0.00403614,-0.000230455178862516
5,112,0.002048521,0.00295867019574057
5,113,-0.004644459,0.00799917360265634
5,114,-0.003427558,0.00220140481269482
5,115,-0.00946078,-0.00205312423432212
5,116,-0.0215476,-0.0011715140460462
5,117,0.002671607,0.00565725734386856
5,118,0.004507306,0.0133552161058831
5,119,0.006588174,-0.000383610765295901
5,120,0.013136331,-0.00653453665193212
5,121,0.000798687,-0.00506395211359974
5,122,-0.011165327,-0.000645618184706287
5,123,-0.003144563,0.00757146656410242
5,124,-0.010478088,0.0099660672863772
5,125,-0.012597583,4.40914542154674e-06
5,126,-0.005432496,5.1200358333961e-05
5,127,-0.014549103,-0.000910306585274104
5,128,0.026544215,0.00131144694851479
5,129,-0.006731457,0.00933391423195329
5,130,0.029166024,-0.00328833138733708
5,131,-0.003958745,-0.00966202268739072
6,1,0.008162585,-0.0130444042284712
6,2,-0.002038104,-0.00499263402273265
6,3,0.002569101,0.00153908930890238
6,4,0.015103242,0.0047950111588519
6,5,-0.003958614,0.00103958353538946
6,6,0.014491643,-0.00457035049015826
6,7,0.005775517,-0.00888335175102638
6,8,-0.001344163,-0.00195664341679774
6,9,-0.007814672,-0.00124826662863343
6,10,-0.004582092,0.00322196578487432
6,11,0.013212057,0.00250486228817719
6,12,-0.003136078,0.00445428655729523
6,13,-0.000372974,-0.00565153208133793
6,14,-0.012532107,-0.0135101119400583
6,15,0.003089847,0.00402368959331309
6,16,0.004984515,0.00847572950039634
6,17,-0.006854691,0.00467605249402214
6,18,-0.006858168,-0.0113303503322863
6,19,0.003515045,-0.00599882679579227
6,20,0.018121718,0.00602736003410864
6,21,0.000300217,0.00248281408784945
6,22,0.005871807,-0.00944065250135761
6,23,0.010798081,-0.0141906608961706
6,24,0.002162527,0.00370565429122596
6,25,0,0.00519872842994933
6,26,-0.002724989,-0.00243852866584206
6,27,-0.004270951,-0.00367933556329606
6,28,0.013915415,0.00303852314921348
6,29,-0.005139604,0.0028168302443228
6,30,-0.011307511,-0.00700073916167106
6,31,0.002517575,-0.00699060552766757
6,32,0.003426713,0.00633532305674321
6,33,-0.007219636,0.00605568261935155
6,34,-0.015763662,-0.0035807987614245
6,35,-0.004663629,-0.00738365606301781
6,36,0.003178826,0.00464584177829003
6,37,0.000980505,0.0110120109689272
6,38,0,-0.00685287752162856
6,39,-0.007435409,-0.0135539204925808
6,40,-0.034882362,-0.0014888556861494
6,41,0.002177718,0.0109044727238339
6,42,0.019639058,0.0124522561549769
6,43,-0.00661218,0.00355217309647681
6,44,-0.00610478,-0.0194929034256341
6,45,-0.034097312,-0.0182268168300548
6,46,0.000693465,0.00962912123056475
6,47,-0.02337866,0.0260368142815943
6,48,-0.008599649,0.0137302169977337
6,49,0.04024732,-0.019578867005822
6,50,-0.015830571,-0.00816584069517786
6,51,0.012325743,-0.0105761221679383
6,52,-0.006707098,-0.0125138355682721
6,53,-0.021467283,0.010433012690626
6,54,-0.008647641,0.00882882417370745
6,55,-0.032741573,0.015677943982366
6,56,-0.044516016,-0.00338549637282792
6,57,0.034904051,0.00430117258184921
6,58,-0.005725048,0.011064895187668
6,59,-0.012275656,-0.0107853908463469
6,60,0.01685499,-0.0259466214202091
6,61,0.031110931,-0.00402360945721502
6,62,-0.002337975,0.0094971120896593
6,63,0.017601299,0.00220767837371128
6,64,-0.019313905,-0.0228845381259983
6,65,0.01766298,-0.000124001766015667
6,66,-0.020334679,0.0188853504318628
6,67,0,0.00664766922147192
6,68,-0.008025503,-0.0155005891721797
6,69,0.01093973,0.00555023037354293
6,70,-0.00611345,-0.00187164823415282
6,71,0.025216549,-0.00244445128389258
6,72,0.008779882,-0.0102138953275233
6,73,-0.001132628,-0.00497749955262573
6,74,0.014206139,-0.00447993482379544
6,75,0.00478355,0.000152502083935452
6,76,-0.003248464,0.00406720082658058
6,77,-0.00159716,-0.00159184673286867
6,78,0.006049513,-0.00234081996889862
6,79,-0.000277692,-0.00116830216121889
6,80,0.005370442,0.00391888102539065
6,81,-0.01894756,-0.00732561512269971
6,82,0.013777682,-0.00359960250682253
6,83,-0.009283362,0.00476145391440211
6,84,-0.03561306,0.0067453174959688
6,85,-0.01695535,-0.005880230587005
6,86,0.004911119,0.0082470447551649
6,87,0.003163063,0.0136873040570691
6,88,-0.009240018,-0.00313806512948106
6,89,0.019523926,-0.0220260863227078
6,90,0.01945031,-0.0133113878835045
6,91,0.003029349,0.0107199808155674
6,92,-0.008162278,-0.004427815957122
6,93,0,-0.0101423709223436
6,94,0.011465154,0.00648504203255764
6,95,-0.003255616,0.0141392198302181
6,96,0.00015752,-0.0062831469667965
6,97,-0.018279429,-0.0170300110321788
6,98,0.015250702,0.00312618049582829
6,99,0.018253481,0.0101851711906932
6,100,0.000217155,0.00186704929291945
6,101,0.019520681,-0.0206446104653974
6,102,0.008707493,-0.0120668060690795
6,103,0.001807692,0.00397231920794388
6,104,0.003470635,0.0038297921456733
6,105,0.002007762,0.000903410187159111
6,106,0.002182983,-0.00398909437265956
6,107,0.008343979,0.00302881598965714
6,108,0.014732094,-0.00336741502207418
6,109,-0.007618303,-0.00844240997421327
6,110,0.00403614,-0.00347952648559171
6,111,0.002048521,-0.0012467130133938
6,112,-0.004644459,0.00681837113153586
6,113,-0.003427558,0.0013877985343006
6,114,-0.00946078,-0.00274817263431811
6,115,-0.0215476,-0.00224471555591823
6,116,0.002671607,0.00570803500833191
6,117,0.004507306,0.00666285694832452
6,118,0.006588174,-0.00176342145920076
6,119,0.013136331,-0.0115735364138768
6,120,0.000798687,-0.0115329408458143
6,121,-0.011165327,-0.00435531482423112
6,122,-0.003144563,0.00643324886766924
6,123,-0.010478088,0.00868292547293532
6,124,-0.012597583,0.00480313474018116
6,125,-0.005432496,0.000156324287422714
6,126,-0.014549103,-0.00324853884062075
6,127,0.026544215,-0.000815427646276906
6,128,-0.006731457,-0.000464150755896814
6,129,0.029166024,-0.00645538426928358
6,130,-0.003958745,-0.0167457529533506
6,131,-0.001932773,0.000891755284688754
7,1,-0.002038104,0.00345446902317711
7,2,0.002569101,0.00458765841468878
7,3,0.015103242,0.00687975052236709
7,4,-0.003958614,0.0032868847707622
7,5,0.014491643,-0.00318242094658059
7,6,0.005775517,-0.00282281680402386
7,7,-0.001344163,0.00300150925605514
7,8,-0.007814672,0.00179052985677822
7,9,-0.004582092,0.00309442255587861
7,10,0.013212057,0.00224114230542585
7,11,-0.003136078,0.00115383136382321
7,12,-0.000372974,-0.00166489726258485
7,13,-0.012532107,-0.0105849236248654
7,14,0.003089847,0.00415963951370778
7,15,0.004984515,0.00671198743863015
7,16,-0.006854691,0.00262211046675462
7,17,-0.006858168,-0.00840576387657581
7,18,0.003515045,-0.00729020636492877
7,19,0.018121718,0.00771117446811209
7,20,0.000300217,0.00310110684698889
7,21,0.005871807,-0.00352739947233605
7,22,0.010798081,-0.00729519543376539
7,23,0.002162527,0.00793612094515081
7,24,0,0.00797198486625628
7,25,-0.002724989,-0.000943684910798612
7,26,-0.004270951,-0.001354886899696
7,27,0.013915415,2.33953226284633e-05
7,28,-0.005139604,0.00494117535095447
7,29,-0.011307511,-0.00474076155261306
7,30,0.002517575,-0.00630557161422588
7,31,0.003426713,0.00612237397986807
7,32,-0.007219636,0.00508324069060762
7,33,-0.015763662,-0.00518442915928577
7,34,-0.004663629,-0.00641025687939822
7,35,0.003178826,-6.9401712269053e-05
7,36,0.000980505,0.0074149874019245
7,37,0,-0.00575963848518393
7,38,-0.007435409,-0.0102989703327264
7,39,-0.034882362,4.78267444256138e-05
7,40,0.002177718,0.00354598647005266
7,41,0.019639058,0.0053039789851165
7,42,-0.00661218,0.000572100805155763
7,43,-0.00610478,-0.0165413486668668
7,44,-0.034097312,-0.0119919070689489
7,45,0.000693465,0.00675969590756513
7,46,-0.02337866,0.0137769848220841
7,47,-0.008599649,0.00342875431147472
7,48,0.04024732,-0.0239035475246811
7,49,-0.015830571,-0.00556170831649308
7,50,0.012325743,-0.00131855107272684
7,51,-0.006707098,-0.00718969036532008
7,52,-0.021467283,0.0167206310167428
7,53,-0.008647641,0.000206523113739967
7,54,-0.032741573,0.00578102967416453
7,55,-0.044516016,-0.00867640960023195
7,56,0.034904051,-0.0181999341492436
7,57,-0.005725048,0.0106056061900404
7,58,-0.012275656,-0.0134392004080744
7,59,0.01685499,-0.0203228686038374
7,60,0.031110931,0.0053438698751557
7,61,-0.002337975,0.0158779247414653
7,62,0.017601299,0.00312040997583059
7,63,-0.019313905,-0.00504093128776596
7,64,0.01766298,-0.00445255798883139
7,65,-0.020334679,0.0193783165810941
7,66,0,0.00200067468614567
7,67,-0.008025503,-0.0142736348794524
7,68,0.01093973,-0.00159319626797507
7,69,-0.00611345,0.00500140900627632
7,70,0.025216549,-0.00745201504030759
7,71,0.008779882,0.0039020570791347
7,72,-0.001132628,-0.00336789540319679
7,73,0.014206139,0.00603360467862418
7,74,0.00478355,0.00232978443985681
7,75,-0.003248464,0.00973494538215794
7,76,-0.00159716,-0.00395524346408745
7,77,0.006049513,0.0021734341009669
7,78,-0.000277692,-0.00200360421698487
7,79,0.005370442,0.0038404383611684
7,80,-0.01894756,-0.00238232836733559
7,81,0.013777682,-0.00488610381363936
7,82,-0.009283362,0.00562060834522676
7,83,-0.03561306,0.00431539722993344
7,84,-0.01695535,-0.0103471208369273
7,85,0.004911119,-0.00217443267262488
7,86,0.003163063,0.00772265365656929
7,87,-0.009240018,-0.00951026770808746
7,88,0.019523926,-0.0143494749988511
7,89,0.01945031,-0.00687881641873162
7,90,0.003029349,0.0162099993529794
7,91,-0.008162278,0.00344723661067657
7,92,0,-0.00578182180371095
7,93,0.011465154,0.00606715984199176
7,94,-0.003255616,0.010176015706877
7,95,0.00015752,-0.00377083109594969
7,96,-0.018279429,-0.013887325881966
7,97,0.015250702,0.00184782175389812
7,98,0.018253481,0.00952517287485677
7,99,0.000217155,0.00442379754531806
7,100,0.019520681,-0.0122623956703686
7,101,0.008707493,-0.00359117628729941
7,102,0.001807692,0.0133569482934845
7,103,0.003470635,0.00467881258262016
7,104,0.002007762,0.0056917764198048
7,105,0.002182983,-0.00281159801340332
7,106,0.008343979,0.00156738537963248
7,107,0.014732094,0.00212611206047036
7,108,-0.007618303,-0.00374373892530293
7,109,0.00403614,0.000767962840698863
7,110,0.002048521,0.00261927472887136
7,111,-0.004644459,0.0069185286477453
7,112,-0.003427558,0.000590053028826353
7,113,-0.00946078,-0.00346583483427373
7,114,-0.0215476,-0.00231202315659458
7,115,0.002671607,-0.00209742518705036
7,116,0.004507306,0.00400363903253006
7,117,0.006588174,-0.00386530156365512
7,118,0.013136331,-0.00806509808582688
7,119,0.000798687,-0.00317443960950951
7,120,-0.011165327,0.00244824373906986
7,121,-0.003144563,0.00548185829295647
7,122,-0.010478088,0.00775067719396542
7,123,-0.012597583,-0.00186617582221244
7,124,-0.005432496,-0.00544590716812103
7,125,-0.014549103,-0.00583601672089623
7,126,0.026544215,-0.00498481373864187
7,127,-0.006731457,0.00147115737095163
7,128,0.029166024,-0.00200186922317427
7,129,-0.003958745,-0.00645442655548359
7,130,-0.001932773,0.00670932269283965
7,131,0.001019292,0.00346899022269352
8,1,0.002569101,0.0057801708489327
8,2,0.015103242,0.0036351901173694
8,3,-0.003958614,-0.00793265172445318
8,4,0.014491643,-0.00628586681205082
8,5,0.005775517,-0.00776965732945623
8,6,-0.001344163,-0.000856127906145043
8,7,-0.007814672,0.00245643226820933
8,8,-0.004582092,0.0056510330932654
8,9,0.013212057,-0.0018418028440754
8,10,-0.003136078,-3.86597637868904e-05
8,11,-0.000372974,0.00188783852932463
8,12,-0.012532107,-0.0104338585877891
8,13,0.003089847,0.0121046947000661
8,14,0.004984515,0.00931359840405507
8,15,-0.006854691,0.00436516060592773
8,16,-0.006858168,-0.00881300791285659
8,17,0.003515045,-0.00297447973960811
8,18,0.018121718,0.0117283526640888
8,19,0.000300217,0.00180127430884595
8,20,0.005871807,-0.00248191636952355
8,21,0.010798081,-0.0125242705432631
8,22,0.002162527,0.00509270416647271
8,23,0,0.00660211588021304
8,24,-0.002724989,-0.00477015685638609
8,25,-0.004270951,-0.00790552435774926
8,26,0.013915415,0.000687007143085642
8,27,-0.005139604,0.00573681640514238
8,28,-0.011307511,-0.00471164574090444
8,29,0.002517575,-0.000967692004052281
8,30,0.003426713,0.00957948728479674
8,31,-0.007219636,0.00566074735570563
8,32,-0.015763662,0.000505043714016268
8,33,-0.004663629,-0.00258515385979806
8,34,0.003178826,0.0033786312512791
8,35,0.000980505,0.0158707006082966
8,36,0,-0.00283589994130007
8,37,-0.007435409,-0.00921320422313912
8,38,-0.034882362,0.00619264731918149
8,39,0.002177718,0.0180291949486721
8,40,0.019639058,0.00804433299010581
8,41,-0.00661218,-0.00395893815936798
8,42,-0.00610478,-0.0101924112786794
8,43,-0.034097312,-0.00321020211133911
8,44,0.000693465,0.0175877894708849
8,45,-0.02337866,0.0223893430667565
8,46,-0.008599649,0.0131377249175079
8,47,0.04024732,-0.0257543718455836
8,48,-0.015830571,-0.0038137762912438
8,49,0.012325743,0.0127265744715717
8,50,-0.006707098,-0.000487405088072523
8,51,-0.021467283,0.0154546672007908
8,52,-0.008647641,-0.00241966094090979
8,53,-0.032741573,0.0134195068737754
8,54,-0.044516016,-0.0117056805738862
8,55,0.034904051,0.00231441136985503
8,56,-0.005725048,0.0221383884055075
8,57,-0.012275656,-0.00489210292408465
8,58,0.01685499,0.00193518946756603
8,59,0.031110931,0.00828486454470972
8,60,-0.002337975,0.00623420655021037
8,61,0.017601299,0.0104822337507096
8,62,-0.019313905,-0.0263026374296581
8,63,0.01766298,-0.0169728864397159
8,64,-0.020334679,0.0213420308117947
8,65,0,0.000958969503376346
8,66,-0.008025503,-0.0235573813059137
8,67,0.01093973,0.00855972781497831
8,68,-0.00611345,0.00846424703512235
8,69,0.025216549,0.00187072914785979
8,70,0.008779882,0.000809999612484962
8,71,-0.001132628,-0.00649529585703692
8,72,0.014206139,0.00849624175403644
8,73,0.00478355,-0.00718225635477173
8,74,-0.003248464,0.000811303216053663
8,75,-0.00159716,-0.00666936794075296
8,76,0.006049513,-0.000987197905663583
8,77,-0.000277692,-0.00891549498918675
8,78,0.005370442,0.0105840768432692
8,79,-0.01894756,-0.0031391334493354
8,80,0.013777682,-0.000995063316491808
8,81,-0.009283362,0.00735338172090069
8,82,-0.03561306,0.00936161188047073
8,83,-0.01695535,-0.000856760414555939
8,84,0.004911119,0.00773377520992822
8,85,0.003163063,0.0118303750503174
8,86,-0.009240018,0.00235944957617192
8,87,0.019523926,-0.003343128777374
8,88,0.01945031,-0.00972706786014905
8,89,0.003029349,0.0222123238852209
8,90,-0.008162278,0.00290415821906025
8,91,0,-0.0155794726106052
8,92,0.011465154,-0.00361818814828178
8,93,-0.003255616,0.00762349232561298
8,94,0.00015752,-0.0057741901130149
8,95,-0.018279429,-0.0187428620204563
8,96,0.015250702,0.0108972126633053
8,97,0.018253481,0.0130576786944395
8,98,0.000217155,0.00255608278948562
8,99,0.019520681,-0.0155429523998781
8,100,0.008707493,-0.00726046537708173
8,101,0.001807692,0.00901372556804389
8,102,0.003470635,0.00216651878743779
8,103,0.002007762,-0.00135297936343227
8,104,0.002182983,-0.0161158824413133
8,105,0.008343979,0.00293587950026232
8,106,0.014732094,0.000275609556939136
8,107,-0.007618303,-0.0100784199490881
8,108,0.00403614,0.00593503798083914
8,109,0.002048521,0.00181596795243535
8,110,-0.004644459,0.00427037750527062
8,111,-0.003427558,0.000982765653516935
8,112,-0.00946078,-0.00212507440931517
8,113,-0.0215476,-0.00141820407603449
8,114,0.002671607,0.009440776595486
8,115,0.004507306,0.0111638335876192
8,116,0.006588174,-0.00233662860840362
8,117,0.013136331,-0.00212156358941657
8,118,0.000798687,-0.000955130021946173
8,119,-0.011165327,0.00237455272991252
8,120,-0.003144563,0.0102645928632522
8,121,-0.010478088,0.00443395784564821
8,122,-0.012597583,-0.00600386819402155
8,123,-0.005432496,0.000319451320687404
8,124,-0.014549103,-0.000563074812495673
8,125,0.026544215,0.00537456329474768
8,126,-0.006731457,0.00691143980909707
8,127,0.029166024,0.00488755712907508
8,128,-0.003958745,-0.0117878322731548
8,129,-0.001932773,0.00859268446574253
8,130,0.001019292,-0.00208382677328514
8,131,-0.00510688,0.0051839589121408
9,1,0.014491643,-0.0066476752181218
9,2,0.005775517,-0.00666450379268939
9,3,-0.001344163,-0.00169236088193458
9,4,-0.007814672,0.00126229350892691
9,5,-0.004582092,0.00228019912815971
9,6,0.013212057,-0.0039954784386132
9,7,-0.003136078,-0.0015183888668027
9,8,-0.000372974,0.00193501378786145
9,9,-0.012532107,-0.0105664002672717
9,10,0.003089847,0.0075727156341981
9,11,0.004984515,0.00673302552671991
9,12,-0.006854691,0.00305228002948622
9,13,-0.006858168,-0.00811020745286497
9,14,0.003515045,-0.00561400024203619
9,15,0.018121718,0.00933920401450069
9,16,0.000300217,0.00220828372924354
9,17,0.005871807,-0.001123589619437
9,18,0.010798081,-0.0113450553888456
9,19,0.002162527,0.00353670110815002
9,20,0,0.00561625770162346
9,21,-0.002724989,-0.00543151585044426
9,22,-0.004270951,-0.00894798613326849
9,23,0.013915415,-0.00243994552440191
9,24,-0.005139604,0.00514096986691894
9,25,-0.011307511,-0.00511787149502044
9,26,0.002517575,-0.00325467622259989
9,27,0.003426713,0.00617569296062562
9,28,-0.007219636,0.00420719390207285
9,29,-0.015763662,-0.000806466181885681
9,30,-0.004663629,-0.00477843813563923
9,31,0.003178826,-0.000644432240818721
9,32,0.000980505,0.0130235067711051
9,33,0,-0.00208323118982673
9,34,-0.007435409,-0.00878757590093601
9,35,-0.034882362,0.00352921039328609
9,36,0.002177718,0.0108384030388976
9,37,0.019639058,0.00441017789070605
9,38,-0.00661218,-0.0030396214715672
9,39,-0.00610478,-0.00784979786189443
9,40,-0.034097312,-0.00398656193386667
9,41,0.000693465,0.00992288695282442
9,42,-0.02337866,0.0161622893177773
9,43,-0.008599649,0.00884458691422274
9,44,0.04024732,-0.0243055026204466
9,45,-0.015830571,-0.00213697754174076
9,46,0.012325743,0.013238066851343
9,47,-0.006707098,-2.44393560049247e-05
9,48,-0.021467283,0.0122241406098158
9,49,-0.008647641,-0.00617990070826143
9,50,-0.032741573,0.00792690841011677
9,51,-0.044516016,-0.0143840464432092
9,52,0.034904051,-0.00746545828158226
9,53,-0.005725048,0.0212125634726899
9,54,-0.012275656,-0.00385412785338257
9,55,0.01685499,0.00303823339656576
9,56,0.031110931,0.00723599992008767
9,57,-0.002337975,0.00844807724600446
9,58,0.017601299,0.0105364905243332
9,59,-0.019313905,-0.0200159347885068
9,60,0.01766298,-0.0215473700416941
9,61,-0.020334679,0.0187728602373625
9,62,0,-0.00267087203353225
9,63,-0.008025503,-0.0221819789542237
9,64,0.01093973,0.0024905136416926
9,65,-0.00611345,0.00939690010655685
9,66,0.025216549,-0.00129373035209493
9,67,0.008779882,0.00471486992507769
9,68,-0.001132628,-0.0069322546249053
9,69,0.014206139,0.00915989590073164
9,70,0.00478355,-0.0080269463488126
9,71,-0.003248464,0.0008391069817645
9,72,-0.00159716,-0.00825926615862203
9,73,0.006049513,-0.00216976148086719
9,74,-0.000277692,-0.0102480743205995
9,75,0.005370442,0.00819017226283026
9,76,-0.01894756,-0.00270124140776418
9,77,0.013777682,-0.00457038473597381
9,78,-0.009283362,0.00566899636317787
9,79,-0.03561306,0.00622015513192404
9,80,-0.01695535,-0.00460227172715206
9,81,0.004911119,0.000592488340043308
9,82,0.003163063,0.00888298959944207
9,83,-0.009240018,0.00210114443504743
9,84,0.019523926,-0.00174109781906296
9,85,0.01945031,-0.00867418611730523
9,86,0.003029349,0.0214146136812427
9,87,-0.008162278,0.00500349297207989
9,88,0,-0.0157524815603545
9,89,0.011465154,-0.00635128105830005
9,90,-0.003255616,0.00532988382959277
9,91,0.00015752,-0.00501748109138409
9,92,-0.018279429,-0.018301739393048
9,93,0.015250702,0.00547088060933011
9,94,0.018253481,0.0108860437976506
9,95,0.000217155,0.00358545695461577
9,96,0.019520681,-0.0122026265981025
9,97,0.008707493,-0.00637752050796374
9,98,0.001807692,0.00844061224655949
9,99,0.003470635,0.000846326639591023
9,100,0.002007762,-0.00190440845710636
9,101,0.002182983,-0.0163887729966917
9,102,0.008343979,0.00048726177628076
9,103,0.014732094,0.000433856297146011
9,104,-0.007618303,-0.0090357387102045
9,105,0.00403614,0.0040726079456124
9,106,0.002048521,0.000388516195038982
9,107,-0.004644459,0.00176136322527297
9,108,-0.003427558,-0.000520365823328474
9,109,-0.00946078,-0.00399278594320439
9,110,-0.0215476,-0.00375617420962779
9,111,0.002671607,0.00365304414873712
9,112,0.004507306,0.0083955655359935
9,113,0.006588174,-0.0028121088801306
9,114,0.013136331,-0.000786045142648789
9,115,0.000798687,0.00038813228086701
9,116,-0.011165327,0.00206815753908424
9,117,-0.003144563,0.00659315175881706
9,118,-0.010478088,0.00188021825446951
9,119,-0.012597583,-0.00882192345182744
9,120,-0.005432496,-0.00262828487710636
9,121,-0.014549103,-0.00290761056844672
9,122,0.026544215,0.00177513436000623
9,123,-0.006731457,0.00749242211360269
9,124,0.029166024,0.00485763778090773
9,125,-0.003958745,-0.00738369339340486
9,126,-0.001932773,0.00658549997516445
9,127,0.001019292,-0.00193777683622844
9,128,-0.00510688,0.00083874504875476
9,129,0,-0.00451745457380355
9,130,0.024161011,-0.0138553650665797
9,131,-0.004995479,0.00367644741893836
10,1,0.005775517,-0.00755392358422016
10,2,-0.001344163,-0.00206453226435109
10,3,-0.007814672,-0.00190108747558248
10,4,-0.004582092,0.0017391865812632
10,5,0.013212057,-0.00120159958022974
10,6,-0.003136078,0.00286027468387092
10,7,-0.000372974,-0.00710579923583096
10,8,-0.012532107,-0.0111725953314211
10,9,0.003089847,0.00409195497160045
10,10,0.004984515,0.00731056885050035
10,11,-0.006854691,0.00349694579575629
10,12,-0.006858168,-0.0117346185294497
10,13,0.003515045,-0.0040537036674493
10,14,0.018121718,0.00612851995572075
10,15,0.000300217,0.00356073272211052
10,16,0.005871807,-0.00795067361438126
10,17,0.010798081,-0.0104686353547854
10,18,0.002162527,0.00539292212742396
10,19,0,0.00379967644796629
10,20,-0.002724989,-0.00350377386584828
10,21,-0.004270951,-0.00596471763001776
10,22,0.013915415,0.000554910265390197
10,23,-0.005139604,0.00176677892546149
10,24,-0.011307511,-0.00807392482470095
10,25,0.002517575,-0.00632343432019163
10,26,0.003426713,0.00634275716183672
10,27,-0.007219636,0.0040513106692752
10,28,-0.015763662,-0.00389761518240591
10,29,-0.004663629,-0.00749318633152324
10,30,0.003178826,0.00420415836204938
10,31,0.000980505,0.0097133938339077
10,32,0,-0.00629815956620254
10,33,-0.007435409,-0.0101349033575806
10,34,-0.034882362,0.000836808717513967
10,35,0.002177718,0.00869504856036396
10,36,0.019639058,0.0102404900815859
10,37,-0.00661218,0.00182438546652994
10,38,-0.00610478,-0.0172712388909798
10,39,-0.034097312,-0.0110806052291291
10,40,0.000693465,0.00927992245233225
10,41,-0.02337866,0.0235071233564626
10,42,-0.008599649,0.00712804970151344
10,43,0.04024732,-0.0203057649212128
10,44,-0.015830571,-0.000818493689475597
10,45,0.012325743,-0.00696316906556225
10,46,-0.006707098,-0.00215661035793345
10,47,-0.021467283,0.0114986201663901
10,48,-0.008647641,0.00481620868641097
10,49,-0.032741573,0.0119464761709343
10,50,-0.044516016,-0.0116401924287527
10,51,0.034904051,8.11291075673163e-05
10,52,-0.005725048,0.0119830193608552
10,53,-0.012275656,-0.00935901343263119
10,54,0.01685499,-0.0158157643188683
10,55,0.031110931,0.00626407638199134
10,56,-0.002337975,0.0134072005520822
10,57,0.017601299,0.00543521382901014
10,58,-0.019313905,-0.0191641852370132
10,59,0.01766298,-0.00207941963793225
10,60,-0.020334679,0.015746646394822
10,61,0,-0.000546883012991386
10,62,-0.008025503,-0.0186891979755961
10,63,0.01093973,0.00429690411351033
10,64,-0.00611345,-0.00294960887012305
10,65,0.025216549,-0.000323852461929479
10,66,0.008779882,-0.00652588114456679
10,67,-0.001132628,-0.000928538384309285
10,68,0.014206139,-0.00270720216936028
10,69,0.00478355,0.00228870287143191
10,70,-0.003248464,0.000839881410451526
10,71,-0.00159716,-0.00347720451350781
10,72,0.006049513,-0.00493402098234996
10,73,-0.000277692,-0.00338854653952664
10,74,0.005370442,0.00209004457051106
10,75,-0.01894756,-0.00723730255402898
10,76,0.013777682,-0.00466080045129542
10,77,-0.009283362,0.00524774718695104
10,78,-0.03561306,0.00418813648902867
10,79,-0.01695535,-0.00883325877063608
10,80,0.004911119,0.00665347229160697
10,81,0.003163063,0.00961275106765732
10,82,-0.009240018,-0.00219523510709539
10,83,0.019523926,-0.0167705618225041
10,84,0.01945031,-0.00470453898335844
10,85,0.003029349,0.015738401904771
10,86,-0.008162278,-0.00135665117429677
10,87,0,-0.00845381941496948
10,88,0.011465154,0.0040541212949802
10,89,-0.003255616,0.0101549957054811
10,90,0.00015752,-0.00979925529336302
10,91,-0.018279429,-0.0161982126035337
10,92,0.015250702,0.00191039498370215
10,93,0.018253481,0.00971466148865963
10,94,0.000217155,0.00162424216872523
10,95,0.019520681,-0.0185030476295616
10,96,0.008707493,-0.00568773100558378
10,97,0.001807692,0.00480701414127033
10,98,0.003470635,0.00335319610130844
10,99,0.002007762,-0.0012980332435755
10,100,0.002182983,-0.00761753352459549
10,101,0.008343979,0.000556450052298272
10,102,0.014732094,-0.00494377536661511
10,103,-0.007618303,-0.00768187707547656
10,104,0.00403614,-0.00339960585532053
10,105,0.002048521,-0.000639897796541095
10,106,-0.004644459,0.00467790972521662
10,107,-0.003427558,-0.00153433370905756
10,108,-0.00946078,-0.00394445675417566
10,109,-0.0215476,-0.00441800235609357
10,110,0.002671607,0.00326082373568064
10,111,0.004507306,0.00528441646209285
10,112,0.006588174,-0.00220764094087447
10,113,0.013136331,-0.00800825816412224
10,114,0.000798687,-0.00526724982715819
10,115,-0.011165327,-0.000668804572984882
10,116,-0.003144563,0.00725425202311616
10,117,-0.010478088,0.00602685040414015
10,118,-0.012597583,-0.000121514787239788
10,119,-0.005432496,-0.00328161818508053
10,120,-0.014549103,-0.00440831834704481
10,121,0.026544215,-0.00158746905397007
10,122,-0.006731457,0.00363745426615205
10,123,0.029166024,-0.00409859472437392
10,124,-0.003958745,-0.00880615731954971
10,125,-0.001932773,0.00431097080996287
10,126,0.001019292,-0.00176395319023605
10,127,-0.00510688,0.0112360995755322
10,128,0,-0.00484578010267232
10,129,0.024161011,-0.00410422618150284
10,130,-0.004995479,-0.0060525548692804
10,131,0.006111993,-0.0100991046689697
11,1,-0.001344163,-0.00397175696235395
11,2,-0.007814672,0.00293148473362469
11,3,-0.004582092,0.00408400756780205
11,4,0.013212057,0.001520965271929
11,5,-0.003136078,0.00407386178114657
11,6,-0.000372974,-0.001756547383415
11,7,-0.012532107,-0.0118986345105246
11,8,0.003089847,0.00570044169472779
11,9,0.004984515,0.0140924981340464
11,10,-0.006854691,0.00768146288548103
11,11,-0.006858168,-0.00769832534178765
11,12,0.003515045,-0.00531138624758271
11,13,0.018121718,0.011013707276
11,14,0.000300217,0.00759561372719945
11,15,0.005871807,-0.00326718573596675
11,16,0.010798081,-0.0114578694631171
11,17,0.002162527,0.00501225105354698
11,18,0,0.0105236101337195
11,19,-0.002724989,-0.000758803589968646
11,20,-0.004270951,-0.00628132580535548
11,21,0.013915415,0.00157023260333332
11,22,-0.005139604,0.00666112578483681
11,23,-0.011307511,-0.00692358482404297
11,24,0.002517575,-0.0038348868471421
11,25,0.003426713,0.00815735464037358
11,26,-0.007219636,0.00937963284560841
11,27,-0.015763662,0.00129320415830937
11,28,-0.004663629,-0.00536855843788721
11,29,0.003178826,0.00474990046036095
11,30,0.000980505,0.0175976310520326
11,31,0,-0.000422002076931352
11,32,-0.007435409,-0.0104131786304825
11,33,-0.034882362,0.00290571400136252
11,34,0.002177718,0.0163387873458425
11,35,0.019639058,0.0177351712804192
11,36,-0.00661218,0.00380592638850576
11,37,-0.00610478,-0.0120431226443339
11,38,-0.034097312,-0.0115328927839596
11,39,0.000693465,0.0112955184702907
11,40,-0.02337866,0.0348245780167044
11,41,-0.008599649,0.0174661286961482
11,42,0.04024732,-0.0172163182160003
11,43,-0.015830571,-0.00635606813256177
11,44,0.012325743,0.00149715332491245
11,45,-0.006707098,0.00224166348983737
11,46,-0.021467283,0.0130226853924261
11,47,-0.008647641,0.0126634398031108
11,48,-0.032741573,0.0187869154274509
11,49,-0.044516016,-0.00805721437431579
11,50,0.034904051,0.000801570564101397
11,51,-0.005725048,0.0221092242443718
11,52,-0.012275656,-0.00868356698481835
11,53,0.01685499,-0.00518402264025534
11,54,0.031110931,0.00272004893619813
11,55,-0.002337975,0.0191347395476796
11,56,0.017601299,0.0165765786981885
11,57,-0.019313905,-0.0173481239220685
11,58,0.01766298,-0.0142992273936397
11,59,-0.020334679,0.0292034530749555
11,60,0,0.00082436835409021
11,61,-0.008025503,-0.0163886391316317
11,62,0.01093973,-0.00102675716304783
11,63,-0.00611345,0.00797024052741746
11,64,0.025216549,-0.00248770946325461
11,65,0.008779882,0.00179430362591246
11,66,-0.001132628,-0.00696998081241312
11,67,0.014206139,0.00817696540107662
11,68,0.00478355,-0.00141586389378681
11,69,-0.003248464,0.00534244694404161
11,70,-0.00159716,-0.00190755487421608
11,71,0.006049513,-0.0025230931815529
11,72,-0.000277692,-0.00602517117843815
11,73,0.005370442,0.0073269010534443
11,74,-0.01894756,-0.00393474776697665
11,75,0.013777682,-0.00557937790492676
11,76,-0.009283362,0.0103333571986638
11,77,-0.03561306,0.00737426870749827
11,78,-0.01695535,-0.000915878824471078
11,79,0.004911119,0.00678426303699634
11,80,0.003163063,0.0163203442987554
11,81,-0.009240018,0.00464490293910155
11,82,0.019523926,-0.0113969976297662
11,83,0.01945031,-0.00971801157369875
11,84,0.003029349,0.0221597419428239
11,85,-0.008162278,0.00931553907375729
11,86,0,-0.0101925089269146
11,87,0.011465154,0.00345535901364551
11,88,-0.003255616,0.0151306039586
11,89,0.00015752,-0.00423484373451517
11,90,-0.018279429,-0.0199717555296186
11,91,0.015250702,0.00207528481361803
11,92,0.018253481,0.0170025795064666
11,93,0.000217155,0.00485237926720923
11,94,0.019520681,-0.0154110444143317
11,95,0.008707493,-0.009827663065775
11,96,0.001807692,0.00719240096803191
11,97,0.003470635,0.00863371514686613
11,98,0.002007762,0.00186525807021587
11,99,0.002182983,-0.0102698276336698
11,100,0.008343979,0.00250084541482391
11,101,0.014732094,-0.00143255637104621
11,102,-0.007618303,-0.00999131014301964
11,103,0.00403614,-0.000406865604874999
11,104,0.002048521,0.0022022654759634
11,105,-0.004644459,0.00557286780087425
11,106,-0.003427558,0.00431773218841723
11,107,-0.00946078,-0.00239996872926086
11,108,-0.0215476,-0.00305377135441964
11,109,0.002671607,0.00700934876124935
11,110,0.004507306,0.0124423928586228
11,111,0.006588174,-0.000505252770060048
11,112,0.013136331,-0.00313671288766974
11,113,0.000798687,-0.00467514893337104
11,114,-0.011165327,0.00155358439295325
11,115,-0.003144563,0.012920624969841
11,116,-0.010478088,0.0117194670200371
11,117,-0.012597583,0.00148226601639656
11,118,-0.005432496,0.00175396857587741
11,119,-0.014549103,-0.00279650928960295
11,120,0.026544215,0.0013488362732584
11,121,-0.006731457,0.00900069282304836
11,122,0.029166024,-0.000518927041634807
11,123,-0.003958745,-0.00536517962503197
11,124,-0.001932773,0.00273943676858698
11,125,0.001019292,0.00686922472550394
11,126,-0.00510688,0.0100503574310031
11,127,0,0.00287838580202132
11,128,0.024161011,-0.00732257227682441
11,129,-0.004995479,-0.00142360239736842
11,130,0.006111993,-0.0138904200363802
11,131,-0.006540496,0.00596657311604131
12,1,-0.007814672,0.0019495575178435
12,2,-0.004582092,0.00188017403566557
12,3,0.013212057,0.000591782825477248
12,4,-0.003136078,0.00294007037153358
12,5,-0.000372974,-0.000106939304352602
12,6,-0.012532107,-0.0123211603592691
12,7,0.003089847,0.00794633152578535
12,8,0.004984515,0.0144544268665748
12,9,-0.006854691,0.00627128970643161
12,10,-0.006858168,-0.00824943973668912
12,11,0.003515045,-0.00568978306643541
12,12,0.018121718,0.0139734589219915
12,13,0.000300217,0.00679135658332924
12,14,0.005871807,-0.00430673017323749
12,15,0.010798081,-0.0134943843475149
12,16,0.002162527,0.00455527556216427
12,17,0,0.008302993859997
12,18,-0.002724989,-0.00555185753346661
12,19,-0.004270951,-0.00840204857445998
12,20,0.013915415,0.000525734694789896
12,21,-0.005139604,0.00769731671396221
12,22,-0.011307511,-0.00707168251254188
12,23,0.002517575,-0.00371576784201031
12,24,0.003426713,0.00962801777471286
12,25,-0.007219636,0.00990049652035243
12,26,-0.015763662,-0.000292772316270516
12,27,-0.004663629,-0.00501813449526393
12,28,0.003178826,0.0057749021442535
12,29,0.000980505,0.0197995695296465
12,30,0,-0.000516664334867048
12,31,-0.007435409,-0.0102773488139319
12,32,-0.034882362,0.00470921002812927
12,33,0.002177718,0.016075393612338
12,34,0.019639058,0.0166113010986561
12,35,-0.00661218,0.00408107540740029
12,36,-0.00610478,-0.0110637151819266
12,37,-0.034097312,-0.00975132427905628
12,38,0.000693465,0.0141834172407128
12,39,-0.02337866,0.0334962398230365
12,40,-0.008599649,0.0157749373383895
12,41,0.04024732,-0.0184135990426791
12,42,-0.015830571,-0.00112288604816957
12,43,0.012325743,0.00867890934732311
12,44,-0.006707098,-0.000280072834348223
12,45,-0.021467283,0.0129549061416306
12,46,-0.008647641,0.00576714203623143
12,47,-0.032741573,0.0138848802051962
12,48,-0.044516016,-0.0081641408709552
12,49,0.034904051,0.000825790515701062
12,50,-0.005725048,0.0329807000882446
12,51,-0.012275656,-0.00357060318117519
12,52,0.01685499,-0.00117849161563039
12,53,0.031110931,0.00641364227484646
12,54,-0.002337975,0.0194609448132844
12,55,0.017601299,0.00847496511509492
12,56,-0.019313905,-0.0239451609956743
12,57,0.01766298,-0.0216169748786646
12,58,-0.020334679,0.0284421528743302
12,59,0,-0.00419134902154767
12,60,-0.008025503,-0.0180648662823732
12,61,0.01093973,0.000876107964371666
12,62,-0.00611345,0.0146307162216612
12,63,0.025216549,-0.00372147577712236
12,64,0.008779882,0.00615037557056878
12,65,-0.001132628,-0.00998142603374176
12,66,0.014206139,0.00838775347216414
12,67,0.00478355,-0.00754770312530715
12,68,-0.003248464,0.00344194640715601
12,69,-0.00159716,-0.00794518451494496
12,70,0.006049513,-0.00326873221917492
12,71,-0.000277692,-0.00724717526044655
12,72,0.005370442,0.00859092601128729
12,73,-0.01894756,-0.00359616820751033
12,74,0.013777682,-0.00581033696181305
12,75,-0.009283362,0.0117857677254141
12,76,-0.03561306,0.00743753805892306
12,77,-0.01695535,-0.00200305096341088
12,78,0.004911119,0.0071875342437543
12,79,0.003163063,0.0215908901218148
12,80,-0.009240018,0.00602565929533
12,81,0.019523926,-0.00735233544591947
12,82,0.01945031,-0.0071862456030134
12,83,0.003029349,0.0247778307110761
12,84,-0.008162278,0.00458905676860067
12,85,0,-0.018039728676857
12,86,0.011465154,-0.000336899669889701
12,87,-0.003255616,0.0121134329171996
12,88,0.00015752,-0.00644215547765783
12,89,-0.018279429,-0.0213871445830608
12,90,0.015250702,0.00518697277774217
12,91,0.018253481,0.0190106876175982
12,92,0.000217155,0.00458730491991367
12,93,0.019520681,-0.0166355787778025
12,94,0.008707493,-0.0108406779528465
12,95,0.001807692,0.00817970554000568
12,96,0.003470635,0.00291351599484897
12,97,0.002007762,-0.002658420234865
12,98,0.002182983,-0.014381313576648
12,99,0.008343979,0.00122750953223619
12,100,0.014732094,-0.000541641550594283
12,101,-0.007618303,-0.0104924108380328
12,102,0.00403614,0.000435950336940957
12,103,0.002048521,0.00135042938086518
12,104,-0.004644459,0.00434090049040819
12,105,-0.003427558,0.00256459642502615
12,106,-0.00946078,-0.00398761398220333
12,107,-0.0215476,-0.00185020378634495
12,108,0.002671607,0.00777056870672942
12,109,0.004507306,0.0151962127256044
12,110,0.006588174,0.0010094478424349
12,111,0.013136331,-0.000985067888909185
12,112,0.000798687,-0.00289825552831782
12,113,-0.011165327,0.00181928519792343
12,114,-0.003144563,0.00943032962491441
12,115,-0.010478088,0.00798009961503886
12,116,-0.012597583,-0.00262716556924693
12,117,-0.005432496,0.00118749978452853
12,118,-0.014549103,-0.000516415958609655
12,119,0.026544215,0.00515457597526032
12,120,-0.006731457,0.0128091462931877
12,121,0.029166024,0.00174124281693488
12,122,-0.003958745,-0.00624091166613074
12,123,-0.001932773,0.00142542247295356
12,124,0.001019292,0.00319480575242595
12,125,-0.00510688,0.0033699232631943
12,126,0,0.00114282156068493
12,127,0.024161011,-0.0123901744734032
12,128,-0.004995479,0.00319692458110341
12,129,0.006111993,-0.0146026315192364
12,130,-0.006540496,0.00800325419567044
12,131,-0.008519406,0.00192538898191252
13,1,-0.004582092,-0.00247602151134563
13,2,0.013212057,-0.00372908774769032
13,3,-0.003136078,-0.000104644141173512
13,4,-0.000372974,-0.00236894483329191
13,5,-0.012532107,-0.0142577251939918
13,6,0.003089847,0.00547915526045863
13,7,0.004984515,0.00913399049621618
13,8,-0.006854691,0.00516241666325625
13,9,-0.006858168,-0.00969712095330517
13,10,0.003515045,-0.00733539539699578
13,11,0.018121718,0.0110754414300284
13,12,0.000300217,0.00657516668978534
13,13,0.005871807,-0.00378245622693755
13,14,0.010798081,-0.0134070824964142
13,15,0.002162527,0.00505089695407053
13,16,0,0.00519233733624382
13,17,-0.002724989,-0.00865406947026761
13,18,-0.004270951,-0.0103747400617757
13,19,0.013915415,-0.00367550833379969
13,20,-0.005139604,0.0031010625292383
13,21,-0.011307511,-0.0072267496278941
13,22,0.002517575,-0.00845399656532138
13,23,0.003426713,0.00643343983155383
13,24,-0.007219636,0.0078670331942757
13,25,-0.015763662,-0.00342964210548764
13,26,-0.004663629,-0.00778798513146427
13,27,0.003178826,0.0030269876832724
13,28,0.000980505,0.0160647443551875
13,29,0,-0.00147657890850121
13,30,-0.007435409,-0.00905681669995716
13,31,-0.034882362,0.00400101279414126
13,32,0.002177718,0.010291123341086
13,33,0.019639058,0.00976361016348638
13,34,-0.00661218,0.00715255590950975
13,35,-0.00610478,-0.0104410262715088
13,36,-0.034097312,-0.0104908036665055
13,37,0.000693465,0.0127073391980495
13,38,-0.02337866,0.0243888521417407
13,39,-0.008599649,0.0131931647414723
13,40,0.04024732,-0.0214554174181384
13,41,-0.015830571,0.00406607063318068
13,42,0.012325743,0.0124926591285119
13,43,-0.006707098,-0.00337771454081845
13,44,-0.021467283,0.0177313096674097
13,45,-0.008647641,0.000431871793278776
13,46,-0.032741573,0.00647974546042293
13,47,-0.044516016,-0.0109502687656898
13,48,0.034904051,-0.00820532180500105
13,49,-0.005725048,0.026047903931568
13,50,-0.012275656,0.00593533903819179
13,51,0.01685499,-0.00578491700368983
13,52,0.031110931,0.0129391796425467
13,53,-0.002337975,0.0257104666736717
13,54,0.017601299,0.00834859935235003
13,55,-0.019313905,-0.0226208089592706
13,56,0.01766298,-0.0160354204343913
13,57,-0.020334679,0.0152860373230619
13,58,0,-0.00518588849960242
13,59,-0.008025503,-0.0254866774223379
13,60,0.01093973,-0.000359765245113337
13,61,-0.00611345,0.00771829429063507
13,62,0.025216549,-0.00241063280577541
13,63,0.008779882,0.00325144702931658
13,64,-0.001132628,-0.00300490370319169
13,65,0.014206139,0.00329904106774976
13,66,0.00478355,-0.00638615950606739
13,67,-0.003248464,0.00215125247541318
13,68,-0.00159716,-0.0121520306196423
13,69,0.006049513,-0.00788528944316658
13,70,-0.000277692,-0.00896521997999695
13,71,0.005370442,0.00345410791127727
13,72,-0.01894756,-0.00686608487788895
13,73,0.013777682,-0.007212949258943
13,74,-0.009283362,0.00558873233037154
13,75,-0.03561306,0.00738738184551802
13,76,-0.01695535,-0.00980254964787017
13,77,0.004911119,0.00112999847771663
13,78,0.003163063,0.0186026753104491
13,79,-0.009240018,0.00500232702179034
13,80,0.019523926,-0.00713154207129527
13,81,0.01945031,-0.00215865041114538
13,82,0.003029349,0.0278311117446976
13,83,-0.008162278,0.00416802286377311
13,84,0,-0.0166126284262453
13,85,0.011465154,-0.00245337671266251
13,86,-0.003255616,0.00764025564261231
13,87,0.00015752,-0.00982590450940593
13,88,-0.018279429,-0.022902361793856
13,89,0.015250702,0.0016092136879079
13,90,0.018253481,0.012041046235937
13,91,0.000217155,0.00637882077368088
13,92,0.019520681,-0.0162954479552688
13,93,0.008707493,-0.00984150719292538
13,94,0.001807692,0.00937833022418752
13,95,0.003470635,-0.00124781136457236
13,96,0.002007762,-0.0060794637447571
13,97,0.002182983,-0.0154582688194864
13,98,0.008343979,-0.00414685499730276
13,99,0.014732094,-0.0046474327169396
13,100,-0.007618303,-0.0103742120218432
13,101,0.00403614,-0.00249126683677658
13,102,0.002048521,-0.00346396490259854
13,103,-0.004644459,0.00301463452689829
13,104,-0.003427558,-0.00246305606323276
13,105,-0.00946078,-0.00767126267062426
13,106,-0.0215476,-0.00468726829279882
13,107,0.002671607,0.00180905089839186
13,108,0.004507306,0.00895787006581313
13,109,0.006588174,0.00237082803820673
13,110,0.013136331,-0.00177266620977072
13,111,0.000798687,-0.000332996614008951
13,112,-0.011165327,0.00389375869301075
13,113,-0.003144563,0.00602819144412
13,114,-0.010478088,0.00388660212788012
13,115,-0.012597583,-0.00475918412954336
13,116,-0.005432496,-0.00502934158590673
13,117,-0.014549103,-0.00381104297927313
13,118,0.026544215,0.00253064538976747
13,119,-0.006731457,0.0103755355570386
13,120,0.029166024,0.00617935434570277
13,121,-0.003958745,-0.00654425065665409
13,122,-0.001932773,0.00749655036670506
13,123,0.001019292,-0.00212817119998236
13,124,-0.00510688,0.00232045271177891
13,125,0,-0.00352076608979142
13,126,0.024161011,-0.0152140814250162
13,127,-0.004995479,0.000507972039148299
13,128,0.006111993,-0.0117808856893914
13,129,-0.006540496,0.00151641558338723
13,130,-0.008519406,0.00247663902063596
13,131,0.01627783,0.00228679003766868
14,1,0.013212057,-0.00114235791505546
14,2,-0.003136078,-0.000129791704260966
14,3,-0.000372974,-0.00115535687866005
14,4,-0.012532107,-0.0133274686826959
14,5,0.003089847,0.00832687623472769
14,6,0.004984515,0.00828002055129327
14,7,-0.006854691,0.00491565609819939
14,8,-0.006858168,-0.00919842971283908
14,9,0.003515045,-0.00566342047007241
14,10,0.018121718,0.0103286866390091
14,11,0.000300217,0.00341594173876136
14,12,0.005871807,-0.00394207870815046
14,13,0.010798081,-0.0132673041879269
14,14,0.002162527,0.00537379866029086
14,15,0,0.00583615017604402
14,16,-0.002724989,-0.00602062477630952
14,17,-0.004270951,-0.00709327415239796
14,18,0.013915415,-0.000916348389989358
14,19,-0.005139604,0.00288022075587306
14,20,-0.011307511,-0.0053204687004176
14,21,0.002517575,-0.00609037096561308
14,22,0.003426713,0.00747194949218384
14,23,-0.007219636,0.00700080628564431
14,24,-0.015763662,-0.00249858860739058
14,25,-0.004663629,-0.00512391255821894
14,26,0.003178826,0.00353721922947266
14,27,0.000980505,0.0143787885043428
14,28,0,-0.0031554057535671
14,29,-0.007435409,-0.00977012026174085
14,30,-0.034882362,0.0041862365433298
14,31,0.002177718,0.0139721683251394
14,32,0.019639058,0.00863550000558961
14,33,-0.00661218,0.00326449256720105
14,34,-0.00610478,-0.01240582633403
14,35,-0.034097312,-0.0101113783503489
14,36,0.000693465,0.0164075335731793
14,37,-0.02337866,0.0220163591882191
14,38,-0.008599649,0.0151333065458642
14,39,0.04024732,-0.023210826181371
14,40,-0.015830571,-0.00258166981856894
14,41,0.012325743,0.00980044894952578
14,42,-0.006707098,-0.00734729836252043
14,43,-0.021467283,0.0193670791419967
14,44,-0.008647641,0.00153300544286005
14,45,-0.032741573,0.0100326827024603
14,46,-0.044516016,-0.00656742706400143
14,47,0.034904051,-0.00312174127369114
14,48,-0.005725048,0.0186051706139164
14,49,-0.012275656,0.00115753907712185
14,50,0.01685499,-0.0103528392043521
14,51,0.031110931,0.00909383370246392
14,52,-0.002337975,0.0166428925470583
14,53,0.017601299,0.00729533191950594
14,54,-0.019313905,-0.022842184578962
14,55,0.01766298,-0.00925957727227418
14,56,-0.020334679,0.0148799410888237
14,57,0,0.00211399461366554
14,58,-0.008025503,-0.0239902982343807
14,59,0.01093973,0.00436160933219569
14,60,-0.00611345,0.0046563523149018
14,61,0.025216549,-0.000880743388930194
14,62,0.008779882,-0.00152408827708355
14,63,-0.001132628,-0.00325398961878778
14,64,0.014206139,0.00303807264560541
14,65,0.00478355,-0.00495975509412458
14,66,-0.003248464,0.00354558007746601
14,67,-0.00159716,-0.00867272824052506
14,68,0.006049513,-0.00385813045361573
14,69,-0.000277692,-0.0071041595560483
14,70,0.005370442,0.00527988826231004
14,71,-0.01894756,-0.00607870181639052
14,72,0.013777682,-0.00302746675356458
14,73,-0.009283362,0.00424557146207369
14,74,-0.03561306,0.00948758704982523
14,75,-0.01695535,-0.00584312076581942
14,76,0.004911119,0.00462008659060901
14,77,0.003163063,0.0155552974006212
14,78,-0.009240018,0.000952631581730691
14,79,0.019523926,-0.00876976260871792
14,80,0.01945031,-0.00711242329008467
14,81,0.003029349,0.0225034154723348
14,82,-0.008162278,0.00204414444233226
14,83,0,-0.013172523741313
14,84,0.011465154,0.000125793764082678
14,85,-0.003255616,0.00834963890018559
14,86,0.00015752,-0.0073394286390228
14,87,-0.018279429,-0.0203589262038848
14,88,0.015250702,0.00599760385426173
14,89,0.018253481,0.0100267054216242
14,90,0.000217155,0.00451974541229554
14,91,0.019520681,-0.0167300827114668
14,92,0.008707493,-0.0102017748432638
14,93,0.001807692,0.00971847819346788
14,94,0.003470635,0.000306345977654224
14,95,0.002007762,-0.00237365102866605
14,96,0.002182983,-0.0121408587738129
14,97,0.008343979,-0.00109766635579059
14,98,0.014732094,-0.00298038921864672
14,99,-0.007618303,-0.00999657471137298
14,100,0.00403614,0.000466616519751439
14,101,0.002048521,-0.00186527668357186
14,102,-0.004644459,0.00518468483441898
14,103,-0.003427558,-0.00072722658153497
14,104,-0.00946078,-0.00489957780787755
14,105,-0.0215476,-0.00222552557572405
14,106,0.002671607,0.00504729493128567
14,107,0.004507306,0.00818448668817424
14,108,0.006588174,0.000476071845514873
14,109,0.013136331,-0.0049567076082577
14,110,0.000798687,-0.00292242023330598
14,111,-0.011165327,0.00275800363231748
14,112,-0.003144563,0.00772481697721438
14,113,-0.010478088,0.00572141400916865
14,114,-0.012597583,-0.00202385917018946
14,115,-0.005432496,-0.00264286486835479
14,116,-0.014549103,-0.00264482224775942
14,117,0.026544215,0.0031159509213927
14,118,-0.006731457,0.00460638205246843
14,119,0.029166024,0.00504990410686128
14,120,-0.003958745,-0.0126860725306327
14,121,-0.001932773,0.00927286936466105
14,122,0.001019292,-0.00251978579618762
14,123,-0.00510688,0.00615709459047733
14,124,0,-0.00161356866148729
14,125,0.024161011,-0.0122309043191157
14,126,-0.004995479,-0.00119465269155667
14,127,0.006111993,-0.0100721513374663
14,128,-0.006540496,0.0015493522637081
14,129,-0.008519406,0.00572160857809878
14,130,0.01627783,0.00393749647869512
14,131,-0.006931136,0.00108620195725361
15,1,-0.000372974,-0.00336281977703192
15,2,-0.012532107,-0.012910529129238
15,3,0.003089847,0.00798136619971948
15,4,0.004984515,0.00749700559182823
15,5,-0.006854691,0.00519579773332597
15,6,-0.006858168,-0.00883554046661901
15,7,0.003515045,-0.00406265116463714
15,8,0.018121718,0.00750782574404474
15,9,0.000300217,0.00254169818412014
15,10,0.005871807,-0.0039337158071728
15,11,0.010798081,-0.0124139519045631
15,12,0.002162527,0.00491403906251935
15,13,0,0.00655080506585162
15,14,-0.002724989,-0.0034851632043724
15,15,-0.004270951,-0.0061622703259944
15,16,0.013915415,0.000256228176573477
15,17,-0.005139604,-0.000400239954673523
15,18,-0.011307511,-0.00513209578178775
15,19,0.002517575,-0.00527590297981726
15,20,0.003426713,0.0059475656786203
15,21,-0.007219636,0.0061521584624203
15,22,-0.015763662,-0.000927923001852673
15,23,-0.004663629,-0.00444582048183404
15,24,0.003178826,0.00409974789287293
15,25,0.000980505,0.0123747126738475
15,26,0,-0.00362290217466852
15,27,-0.007435409,-0.00949022562451099
15,28,-0.034882362,0.00421092237800118
15,29,0.002177718,0.0179291492627091
15,30,0.019639058,0.00880305320498385
15,31,-0.00661218,0.0014233995540146
15,32,-0.00610478,-0.0123274167577378
15,33,-0.034097312,-0.0105447141850689
15,34,0.000693465,0.0186560778911652
15,35,-0.02337866,0.0236273242037777
15,36,-0.008599649,0.0176802836933236
15,37,0.04024732,-0.0215383416070374
15,38,-0.015830571,-0.00872618683289928
15,39,0.012325743,0.00652522315724661
15,40,-0.006707098,-0.00569338075386743
15,41,-0.021467283,0.0198140603633673
15,42,-0.008647641,0.0096428833563412
15,43,-0.032741573,0.0133819446133427
15,44,-0.044516016,-0.00455162116971589
15,45,0.034904051,0.00331488439685631
15,46,-0.005725048,0.00578839235207795
15,47,-0.012275656,0.000241945593936256
15,48,0.01685499,-0.0115218548500755
15,49,0.031110931,0.00587835110154749
15,50,-0.002337975,0.0152492013435817
15,51,0.017601299,0.0136131396238066
15,52,-0.019313905,-0.0224445944734436
15,53,0.01766298,0.000322121503104829
15,54,-0.020334679,0.0117671267517668
15,55,0,0.00634638105219158
15,56,-0.008025503,-0.0241547182978828
15,57,0.01093973,0.00463420230325353
15,58,-0.00611345,-0.00306162014547189
15,59,0.025216549,0.00211434046043635
15,60,0.008779882,-0.00907259792907511
15,61,-0.001132628,0.000121632074349142
15,62,0.014206139,0.00134562427655697
15,63,0.00478355,-0.00154014633954447
15,64,-0.003248464,0.00321266622971615
15,65,-0.00159716,-0.00419419664888212
15,66,0.006049513,-0.00518691589151089
15,67,-0.000277692,-0.00664870687102357
15,68,0.005370442,0.00361054316984844
15,69,-0.01894756,-0.00808661078002857
15,70,0.013777682,-0.000733252622194595
15,71,-0.009283362,0.00134707273173488
15,72,-0.03561306,0.0102472436882095
15,73,-0.01695535,-0.00221353851095437
15,74,0.004911119,0.00636353247708467
15,75,0.003163063,0.0112247177220357
15,76,-0.009240018,0.000603928337053374
15,77,0.019523926,-0.011577458683526
15,78,0.01945031,-0.00886023647343921
15,79,0.003029349,0.0198756559570057
15,80,-0.008162278,0.00440330579521967
15,81,0,-0.00695188921574524
15,82,0.011465154,0.00286785326168831
15,83,-0.003255616,0.00895546170567575
15,84,0.00015752,-0.00728919141985744
15,85,-0.018279429,-0.0196643276724447
15,86,0.015250702,0.00566863805059027
15,87,0.018253481,0.00656389944541997
15,88,0.000217155,0.0024571133698498
15,89,0.019520681,-0.0165026053408737
15,90,0.008707493,-0.011051866587617
15,91,0.001807692,0.00770267064648828
15,92,0.003470635,0.00409552817465664
15,93,0.002007762,-0.00142469891415905
15,94,0.002182983,-0.00983044714134127
15,95,0.008343979,-0.000955527100752581
15,96,0.014732094,-0.00621205925876835
15,97,-0.007618303,-0.0111926050637152
15,98,0.00403614,3.2366819289572e-06
15,99,0.002048521,-0.00247134022529272
15,100,-0.004644459,0.00558952060638726
15,101,-0.003427558,0.000212232381498259
15,102,-0.00946078,-0.0041555326212911
15,103,-0.0215476,-0.0026434557957849
15,104,0.002671607,0.00702333353242693
15,105,0.004507306,0.00504316332693665
15,106,0.006588174,-0.000592652437509586
15,107,0.013136331,-0.00699890854408923
15,108,0.000798687,-0.0052514622538514
15,109,-0.011165327,0.00305174025708537
15,110,-0.003144563,0.0116270961434784
15,111,-0.010478088,0.00769549187455845
15,112,-0.012597583,0.00199153505820588
15,113,-0.005432496,-0.0016394182203106
15,114,-0.014549103,-0.00413795557141825
15,115,0.026544215,0.00231980905048011
15,116,-0.006731457,-0.000553219201751695
15,117,0.029166024,0.00438867080613018
15,118,-0.003958745,-0.014644460641249
15,119,-0.001932773,0.0113174628045642
15,120,0.001019292,-0.000402280097260021
15,121,-0.00510688,0.0111334952661316
15,122,0,-0.00195743110216143
15,123,0.024161011,-0.00778484826877344
15,124,-0.004995479,-0.00918570667690233
15,125,0.006111993,-0.00785066662343198
15,126,-0.006540496,-0.00176598643105411
15,127,-0.008519406,0.00750279584454808
15,128,0.01627783,0.0060927993110082
15,129,-0.006931136,0.000638247329181946
15,130,0.008908941,-0.00852672018387364
15,131,0.0068408,-0.0130908403959594
16,1,0.003089847,0.00843382580821571
16,2,0.004984515,0.0107022175707634
16,3,-0.006854691,0.00719943854723114
16,4,-0.006858168,-0.00483111407136595
16,5,0.003515045,0.000761399413908943
16,6,0.018121718,0.00947322656589919
16,7,0.000300217,0.00435334992232031
16,8,0.005871807,-0.00297946006204305
16,9,0.010798081,-0.00476783053050723
16,10,0.002162527,0.00737167631660622
16,11,0,0.0068764767400259
16,12,-0.002724989,0.00226603809323489
16,13,-0.004270951,9.30573860263808e-05
16,14,0.013915415,0.00230237114868993
16,15,-0.005139604,0.00148123294442457
16,16,-0.011307511,-0.00442707164682834
16,17,0.002517575,-0.00207275605422043
16,18,0.003426713,0.00975679556902913
16,19,-0.007219636,0.00680242328823778
16,20,-0.015763662,0.00065113704856689
16,21,-0.004663629,0.00154806702347866
16,22,0.003178826,0.00883890710183247
16,23,0.000980505,0.0114997407613059
16,24,0,-0.000696271136104955
16,25,-0.007435409,-0.00412743360313544
16,26,-0.034882362,0.00609591961865669
16,27,0.002177718,0.0186701427178067
16,28,0.019639058,0.0185029832143253
16,29,-0.00661218,0.00484551328406024
16,30,-0.00610478,-0.013858290889332
16,31,-0.034097312,-0.00456679670039669
16,32,0.000693465,0.0205931778767131
16,33,-0.02337866,0.0282237033334569
16,34,-0.008599649,0.0190241428641291
16,35,0.04024732,-0.00955985049013568
16,36,-0.015830571,-0.00472881111028376
16,37,0.012325743,-0.00371444332461596
16,38,-0.006707098,0.00246590085089619
16,39,-0.021467283,0.0240084732979807
16,40,-0.008647641,0.0152143783948319
16,41,-0.032741573,0.0202805452771624
16,42,-0.044516016,0.00329745845027971
16,43,0.034904051,0.00626872849215142
16,44,-0.005725048,0.010474426235709
16,45,-0.012275656,-0.00681378933922986
16,46,0.01685499,-0.0107647849960238
16,47,0.031110931,0.0156650283959662
16,48,-0.002337975,0.015708522395371
16,49,0.017601299,0.0110034674799142
16,50,-0.019313905,-0.00410133015844812
16,51,0.01766298,0.00624972339188254
16,52,-0.020334679,0.0130893584529365
16,53,0,0.00789897271153155
16,54,-0.008025503,-0.0136485227690859
16,55,0.01093973,0.00320838340978491
16,56,-0.00611345,-0.00323040110584987
16,57,0.025216549,0.00105810648454581
16,58,0.008779882,-0.00387852238654779
16,59,-0.001132628,0.0006189640568756
16,60,0.014206139,0.00221139211485625
16,61,0.00478355,0.0076133646234319
16,62,-0.003248464,0.00524380843308761
16,63,-0.00159716,-0.000653780076238129
16,64,0.006049513,0.0003653257741821
16,65,-0.000277692,-0.00239199038376698
16,66,0.005370442,0.000791084779885047
16,67,-0.01894756,-0.00426526195727392
16,68,0.013777682,0.000959425935627899
16,69,-0.009283362,0.00586112239555778
16,70,-0.03561306,0.00852423953427635
16,71,-0.01695535,0.00151461690550686
16,72,0.004911119,0.0150716834503933
16,73,0.003163063,0.0129222547436091
16,74,-0.009240018,-0.00205931206044207
16,75,0.019523926,-0.00824984641778469
16,76,0.01945031,-0.000507459398595501
16,77,0.003029349,0.0149540673429085
16,78,-0.008162278,0.00672089711721516
16,79,0,0.00512540247193665
16,80,0.011465154,0.0111271262756295
16,81,-0.003255616,0.010041489381693
16,82,0.00015752,-0.005233796645124
16,83,-0.018279429,-0.0122715164973313
16,84,0.015250702,0.00458192435611792
16,85,0.018253481,0.00906631185128528
16,86,0.000217155,0.00239869926901406
16,87,0.019520681,-0.0139182781331062
16,88,0.008707493,-0.0046715394745649
16,89,0.001807692,0.00697731029789534
16,90,0.003470635,0.00603311209700199
16,91,0.002007762,0.00551855244079696
16,92,0.002182983,-0.00293393849471281
16,93,0.008343979,-0.000897379979070497
16,94,0.014732094,-0.00390666910052203
16,95,-0.007618303,-0.00839141405618092
16,96,0.00403614,-0.00226352543487017
16,97,0.002048521,0.00265632139511553
16,98,-0.004644459,0.00796059842637865
16,99,-0.003427558,0.00182756752381596
16,100,-0.00946078,0.000547394435501491
16,101,-0.0215476,0.000786915373729399
16,102,0.002671607,0.00740236246753173
16,103,0.004507306,0.00921714702101423
16,104,0.006588174,0.00127330577340406
16,105,0.013136331,-0.00628409091569191
16,106,0.000798687,-0.00194894886904271
16,107,-0.011165327,0.00474967865241047
16,108,-0.003144563,0.0144054644568227
16,109,-0.010478088,0.0157406476628112
16,110,-0.012597583,0.00768114776453888
16,111,-0.005432496,0.00160994885434045
16,112,-0.014549103,0.000180977842174922
16,113,0.026544215,0.00242988014983835
16,114,-0.006731457,0.00227725031940191
16,115,0.029166024,0.0014265089365696
16,116,-0.003958745,-0.00639898326536104
16,117,-0.001932773,0.0105399150636531
16,118,0.001019292,0.00625416744232991
16,119,-0.00510688,0.017305855370428
16,120,0,0.00326996794630649
16,121,0.024161011,-0.00278170179591021
16,122,-0.004995479,-0.0066338430917642
16,123,0.006111993,-0.00962644600370498
16,124,-0.006540496,-0.000107356471216118
16,125,-0.008519406,0.0110884025667575
16,126,0.01627783,0.00926572745292672
16,127,-0.006931136,0.0060942317612984
16,128,0.008908941,-0.00682373776378603
16,129,0.0068408,-0.00857984167776967
16,130,-0.00873062,0.00490244426460735
16,131,0.009050364,0.00262887272817411
17,1,0.004984515,0.00812315647847251
17,2,-0.006854691,0.00402139104967596
17,3,-0.006858168,-0.00330111086021665
17,4,0.003515045,-0.00393662749666228
17,5,0.018121718,0.0111991647890644
17,6,0.000300217,0.00297398566541206
17,7,0.005871807,-0.000217057860781275
17,8,0.010798081,-0.00703155344389639
17,9,0.002162527,0.00765334572351211
17,10,0,0.00800990392338839
17,11,-0.002724989,-0.00341611014195751
17,12,-0.004270951,-0.000948314525258687
17,13,0.013915415,0.000351325819691384
17,14,-0.005139604,0.00178876872128192
17,15,-0.011307511,-0.000881620065423527
17,16,0.002517575,-0.00356672166173848
17,17,0.003426713,0.00725950190559374
17,18,-0.007219636,0.00843992600141372
17,19,-0.015763662,-0.00227738601581407
17,20,-0.004663629,-0.000414900533245906
17,21,0.003178826,0.0046788834271124
17,22,0.000980505,0.0110938746610042
17,23,0,-0.00114780682425091
17,24,-0.007435409,-0.00536518255189409
17,25,-0.034882362,0.00682709060615097
17,26,0.002177718,0.0140531980832227
17,27,0.019639058,0.00651618281817205
17,28,-0.00661218,0.00409111441126215
17,29,-0.00610478,-0.00840391324834007
17,30,-0.034097312,-0.00740339959490315
17,31,0.000693465,0.021233637479402
17,32,-0.02337866,0.015336424077938
17,33,-0.008599649,0.0136242772150622
17,34,0.04024732,-0.016508273982806
17,35,-0.015830571,-0.00583640633479276
17,36,0.012325743,0.0156413139516079
17,37,-0.006707098,-0.00898730607989383
17,38,-0.021467283,0.0254093544166419
17,39,-0.008647641,0.00657614340001095
17,40,-0.032741573,0.00368111537634093
17,41,-0.044516016,0.00420730509838695
17,42,0.034904051,-0.0074048794667673
17,43,-0.005725048,0.0103095588271318
17,44,-0.012275656,0.00506214777795001
17,45,0.01685499,-0.0110599921182421
17,46,0.031110931,0.011586973543484
17,47,-0.002337975,0.0219170962832468
17,48,0.017601299,0.00385501526939058
17,49,-0.019313905,-0.00926525768632047
17,50,0.01766298,0.00114263106437216
17,51,-0.020334679,0.00963393758237618
17,52,0,0.00470369383636606
17,53,-0.008025503,-0.0159715311081731
17,54,0.01093973,0.000464507143598535
17,55,-0.00611345,0.00726878804266988
17,56,0.025216549,-0.00356308966927487
17,57,0.008779882,0.00320423102184651
17,58,-0.001132628,-0.000506993399050198
17,59,0.014206139,0.007345850057782
17,60,0.00478355,-0.00245407252500663
17,61,-0.003248464,0.0100589199680007
17,62,-0.00159716,-0.00747837084723751
17,63,0.006049513,0.000238288050435244
17,64,-0.000277692,-0.0030023116040753
17,65,0.005370442,0.00338592033092791
17,66,-0.01894756,-0.00311622742605983
17,67,0.013777682,0.00121482330543936
17,68,-0.009283362,0.00298549177048367
17,69,-0.03561306,0.0101600775327304
17,70,-0.01695535,-0.00158972784669368
17,71,0.004911119,0.0021322918414238
17,72,0.003163063,0.0153826094674548
17,73,-0.009240018,-0.00335859774548203
17,74,0.019523926,-0.00464135866647373
17,75,0.01945031,-0.0019166809021073
17,76,0.003029349,0.0204966504372981
17,77,-0.008162278,0.00546891253102047
17,78,0,-0.00457156014145571
17,79,0.011465154,0.00600835487618161
17,80,-0.003255616,0.00604461765353018
17,81,0.00015752,-0.00371997653502995
17,82,-0.018279429,-0.0143265900402519
17,83,0.015250702,0.0076624382453705
17,84,0.018253481,0.00698138126123226
17,85,0.000217155,0.00440708548101898
17,86,0.019520681,-0.00902061482002643
17,87,0.008707493,-0.00777944717122906
17,88,0.001807692,0.015125549861702
17,89,0.003470635,0.00131385384994341
17,90,0.002007762,0.0012202336309396
17,91,0.002182983,-0.00418222944880756
17,92,0.008343979,-0.00210550357846347
17,93,0.014732094,-0.000607463649915184
17,94,-0.007618303,-0.00608387801039677
17,95,0.00403614,0.00268239284885108
17,96,0.002048521,0.000231824053707918
17,97,-0.004644459,0.00736497470686762
17,98,-0.003427558,0.00131584552753438
17,99,-0.00946078,-0.00376715462608459
17,100,-0.0215476,0.00231599793397219
17,101,0.002671607,0.00387032368044906
17,102,0.004507306,0.00593758957169958
17,103,0.006588174,0.00222945985889097
17,104,0.013136331,-0.00385102687121152
17,105,0.000798687,-0.00041421463456268
17,106,-0.011165327,0.00828607857437554
17,107,-0.003144563,0.00838501837865606
17,108,-0.010478088,0.00831972489142017
17,109,-0.012597583,0.00174837509824023
17,110,-0.005432496,-0.00250744358335965
17,111,-0.014549103,-0.00155375392500919
17,112,0.026544215,0.00425250889288405
17,113,-0.006731457,0.000914041006951981
17,114,0.029166024,0.00870798913274108
17,115,-0.003958745,-0.00906920442983382
17,116,-0.001932773,0.012811857827517
17,117,0.001019292,0.00434505801123088
17,118,-0.00510688,0.00432807674867072
17,119,0,0.00667975775580813
17,120,0.024161011,-0.0134306251640379
17,121,-0.004995479,0.00181078961143444
17,122,0.006111993,-0.00536046152990032
17,123,-0.006540496,0.00134670451535999
17,124,-0.008519406,0.00974846680975835
17,125,0.01627783,0.0061915825036301
17,126,-0.006931136,-0.00137771673345404
17,127,0.008908941,-0.000231999327611247
17,128,0.0068408,-0.0124988639652127
17,129,-0.00873062,0.0108986191724793
17,130,0.009050364,0.00361687049668606
17,131,0.005969129,0.00113144851588124
18,1,-0.006854691,0.00461394939705351
18,2,-0.006858168,-0.00359867533192202
18,3,0.003515045,-0.00429618667732424
18,4,0.018121718,0.00945765162517356
18,5,0.000300217,0.00484485630262838
18,6,0.005871807,1.07284177986444e-05
18,7,0.010798081,-0.00633841782632303
18,8,0.002162527,0.00755904235412295
18,9,0,0.00632752666853047
18,10,-0.002724989,-0.0035383386967739
18,11,-0.004270951,-0.00100557773379189
18,12,0.013915415,0.000231313575552424
18,13,-0.005139604,0.00341883049635509
18,14,-0.011307511,-0.000126287180507238
18,15,0.002517575,-0.00502104852066967
18,16,0.003426713,0.00615981380045664
18,17,-0.007219636,0.00790950340482289
18,18,-0.015763662,-0.00275753651315101
18,19,-0.004663629,-0.00272166134374375
18,20,0.003178826,0.00321639167376071
18,21,0.000980505,0.0100038687713829
18,22,0,-0.000708858056648914
18,23,-0.007435409,-0.00456599084162504
18,24,-0.034882362,0.00436190162837801
18,25,0.002177718,0.00638269246356342
18,26,0.019639058,0.00395337720714052
18,27,-0.00661218,0.0078697432827553
18,28,-0.00610478,-0.00687133036395363
18,29,-0.034097312,-0.00827106065945913
18,30,0.000693465,0.0127871445914305
18,31,-0.02337866,0.0105792200543247
18,32,-0.008599649,0.00978467104005465
18,33,0.04024732,-0.0153906210016175
18,34,-0.015830571,0.00189545447741989
18,35,0.012325743,0.0124411611397237
18,36,-0.006707098,-0.0100815979071589
18,37,-0.021467283,0.0199174856301681
18,38,-0.008647641,0.000575351084360818
18,39,-0.032741573,0.00117904535861054
18,40,-0.044516016,0.000585647630986424
18,41,0.034904051,-0.010817951688979
18,42,-0.005725048,0.0130119677447147
18,43,-0.012275656,0.00787679094983461
18,44,0.01685499,-0.0135117985717308
18,45,0.031110931,0.0101244626354176
18,46,-0.002337975,0.0210958191062087
18,47,0.017601299,0.00140954715432558
18,48,-0.019313905,-0.00900811747618302
18,49,0.01766298,-0.000191360315032353
18,50,-0.020334679,0.00772730685969485
18,51,0,0.00363962548944375
18,52,-0.008025503,-0.0142506915562116
18,53,0.01093973,0.00224782099394699
18,54,-0.00611345,0.00695656663206391
18,55,0.025216549,-0.00210452933019831
18,56,0.008779882,0.00403967382361889
18,57,-0.001132628,0.00208188849910412
18,58,0.014206139,0.00365327110385053
18,59,0.00478355,-0.00124776773430723
18,60,-0.003248464,0.00897370250443824
18,61,-0.00159716,-0.00689598753727598
18,62,0.006049513,-0.000115076883564245
18,63,-0.000277692,-0.000827286969445579
18,64,0.005370442,0.00364143000785051
18,65,-0.01894756,-0.00205122084346093
18,66,0.013777682,-0.000578188198442133
18,67,-0.009283362,0.00299014849690683
18,68,-0.03561306,0.0089491187235669
18,69,-0.01695535,-0.0068846093217627
18,70,0.004911119,-0.000766780782883826
18,71,0.003163063,0.0146355978171827
18,72,-0.009240018,-0.00091697550053781
18,73,0.019523926,-0.00536170128324986
18,74,0.01945031,-0.000161543121265664
18,75,0.003029349,0.0192406042488864
18,76,-0.008162278,0.00262651185593607
18,77,0,-0.00672104733847046
18,78,0.011465154,0.00405485331441528
18,79,-0.003255616,0.00685485732061178
18,80,0.00015752,-0.00272908817031914
18,81,-0.018279429,-0.0116497595199437
18,82,0.015250702,0.00498583110852398
18,83,0.018253481,0.00669620729760515
18,84,0.000217155,0.00746226612161549
18,85,0.019520681,-0.00761517281677406
18,86,0.008707493,-0.00496359435118657
18,87,0.001807692,0.0136417984013792
18,88,0.003470635,-8.84643110949033e-05
18,89,0.002007762,0.000637902587236428
18,90,0.002182983,-0.00270986990753941
18,91,0.008343979,-0.000767183316967365
18,92,0.014732094,0.000949758371483771
18,93,-0.007618303,-0.00231723879062551
18,94,0.00403614,0.00173132210381909
18,95,0.002048521,-0.000565581995813836
18,96,-0.004644459,0.00695975356470275
18,97,-0.003427558,0.00039667189550178
18,98,-0.00946078,-0.0034119285367288
18,99,-0.0215476,0.00130289164569632
18,100,0.002671607,0.00087008405661164
18,101,0.004507306,0.0048624002747936
18,102,0.006588174,0.00395904808548211
18,103,0.013136331,-0.00237269476327751
18,104,0.000798687,0.000892703149613323
18,105,-0.011165327,0.00619611818232369
18,106,-0.003144563,0.00380958657953637
18,107,-0.010478088,0.00504710694605381
18,108,-0.012597583,0.000739488691557408
18,109,-0.005432496,-0.00333507567339443
18,110,-0.014549103,-0.00118064292619301
18,111,0.026544215,0.0027347196474503
18,112,-0.006731457,0.00356823583781894
18,113,0.029166024,0.00783455943656267
18,114,-0.003958745,-0.00665372612429781
18,115,-0.001932773,0.0109073341321866
18,116,0.001019292,6.07440889419225e-05
18,117,-0.00510688,0.00355107925087353
18,118,0,0.00458138027375084
18,119,0.024161011,-0.0102398399524883
18,120,-0.004995479,0.00505992771410554
18,121,0.006111993,-0.00323586413157923
18,122,-0.006540496,-2.96699527130127e-05
18,123,-0.008519406,0.00748903630396661
18,124,0.01627783,0.00303526770248519
18,125,-0.006931136,0.000994874334538421
18,126,0.008908941,0.000447797122442813
18,127,0.0068408,-0.00976914676879283
18,128,-0.00873062,0.0105265558158454
18,129,0.009050364,0.00132343979767619
18,130,0.005969129,0.000996103031413856
18,131,0,0.00594162225199108
19,1,-0.006858168,-0.0125366503684137
19,2,0.003515045,-0.0128435685221505
19,3,0.018121718,0.00996109572087465
19,4,0.000300217,0.00905389406417315
19,5,0.005871807,-0.0050884983226832
19,6,0.010798081,-0.0161883395788239
19,7,0.002162527,0.00938931573686543
19,8,0,0.00835313943485629
19,9,-0.002724989,-0.00591803334860666
19,10,-0.004270951,-0.0049315082428329
19,11,0.013915415,-0.000856732712453225
19,12,-0.005139604,0.0072425155426771
19,13,-0.011307511,-0.00479226643451102
19,14,0.002517575,-0.0149434147501694
19,15,0.003426713,0.00659216262294294
19,16,-0.007219636,0.0106293040930843
19,17,-0.015763662,-0.00749899920155447
19,18,-0.004663629,-0.0136707688540308
19,19,0.003178826,6.57698083192748e-05
19,20,0.000980505,0.0146954906936404
19,21,0,-0.00520575292992472
19,22,-0.007435409,-0.0147119856460141
19,23,-0.034882362,-0.00245068234458981
19,24,0.002177718,-0.000833113513895554
19,25,0.019639058,0.00586864223952512
19,26,-0.00661218,0.0152980497910044
19,27,-0.00610478,-0.0187307666329589
19,28,-0.034097312,-0.0250167170351483
19,29,0.000693465,0.00327033583348481
19,30,-0.02337866,0.0180633550019054
19,31,-0.008599649,0.0127399084814145
19,32,0.04024732,-0.0313455461900631
19,33,-0.015830571,0.00456406908296957
19,34,0.012325743,0.00229068962592544
19,35,-0.006707098,-0.0222764158470757
19,36,-0.021467283,0.0206823277288743
19,37,-0.008647641,-0.00462996291407923
19,38,-0.032741573,0.00558946365170023
19,39,-0.044516016,-0.00973540171405191
19,40,0.034904051,-0.0239142078831642
19,41,-0.005725048,0.0228315302649925
19,42,-0.012275656,0.00307522657632431
19,43,0.01685499,-0.0373026014881539
19,44,0.031110931,0.00412725638178495
19,45,-0.002337975,0.0293515344905616
19,46,0.017601299,0.00198490238928337
19,47,-0.019313905,-0.0204545002458715
19,48,0.01766298,-0.00669731570037337
19,49,-0.020334679,0.0183311490573237
19,50,0,0.00597200884644372
19,51,-0.008025503,-0.0252915353976148
19,52,0.01093973,0.00306585060538969
19,53,-0.00611345,0.00583731635665562
19,54,0.025216549,-0.00552063414350863
19,55,0.008779882,0.000758070653298872
19,56,-0.001132628,0.000881533737408945
19,57,0.014206139,-0.00243641171010608
19,58,0.00478355,-0.000597198649917465
19,59,-0.003248464,0.0120639004161421
19,60,-0.00159716,-0.00911819503176762
19,61,0.006049513,-0.00271025051186215
19,62,-0.000277692,-0.00124659501330233
19,63,0.005370442,0.00547824586704144
19,64,-0.01894756,-0.00603196107416303
19,65,0.013777682,-0.00893909852290219
19,66,-0.009283362,0.00440782127276413
19,67,-0.03561306,0.0108347453086785
19,68,-0.01695535,-0.0221402694028062
19,69,0.004911119,-0.00594506537793673
19,70,0.003163063,0.0207142263449371
19,71,-0.009240018,-0.00189313374039302
19,72,0.019523926,-0.022177687160989
19,73,0.01945031,-0.00953099511287265
19,74,0.003029349,0.0265686124359913
19,75,-0.008162278,-0.00108082815943016
19,76,0,-0.0173873687219163
19,77,0.011465154,0.00383957333304443
19,78,-0.003255616,0.0170543401739142
19,79,0.00015752,-0.00502944144060475
19,80,-0.018279429,-0.0225373737644392
19,81,0.015250702,-0.000525152929204727
19,82,0.018253481,0.011763338466749
19,83,0.000217155,0.0143172170745967
19,84,0.019520681,-0.0191539389399328
19,85,0.008707493,-0.0105918076166315
19,86,0.001807692,0.0160712158146585
19,87,0.003470635,0.000435465732723026
19,88,0.002007762,0.00135577156427126
19,89,0.002182983,-0.00480890620219639
19,90,0.008343979,0.00109728104449002
19,91,0.014732094,0.000974924192998197
19,92,-0.007618303,-0.0037808772104775
19,93,0.00403614,-0.00286962859344421
19,94,0.002048521,-0.00382794171469238
19,95,-0.004644459,0.010010072092987
19,96,-0.003427558,-0.000979233781721861
19,97,-0.00946078,-0.00701924504334305
19,98,-0.0215476,-0.00417711989514733
19,99,0.002671607,-0.00429760240442828
19,100,0.004507306,0.00565123734495451
19,101,0.006588174,0.00344472182865649
19,102,0.013136331,-0.00915735652996033
19,103,0.000798687,-0.00533788276404395
19,104,-0.011165327,0.000340023539393019
19,105,-0.003144563,0.000344484921412415
19,106,-0.010478088,0.00581522667511671
19,107,-0.012597583,-2.6400372886066e-06
19,108,-0.005432496,-0.00769866086511728
19,109,-0.014549103,-0.0063543187886892
19,110,0.026544215,-0.00396959170721409
19,111,-0.006731457,0.0057699923309276
19,112,0.029166024,0.00271398766829161
19,113,-0.003958745,-0.0143093776537143
19,114,-0.001932773,0.00939382178524987
19,115,0.001019292,-0.00693188675470612
19,116,-0.00510688,0.00905694165921749
19,117,0,0.00365640735544579
19,118,0.024161011,-0.012157350708355
19,119,-0.004995479,0.00721907558616509
19,120,0.006111993,-0.0104987180591251
19,121,-0.006540496,-0.00526942987196938
19,122,-0.008519406,0.00637591309001356
19,123,0.01627783,0.00202029721446556
19,124,-0.006931136,0.00711668488344782
19,125,0.008908941,-0.00533544342000059
19,126,0.0068408,-0.0171779002279287
19,127,-0.00873062,0.0115854492562115
19,128,0.009050364,-0.00441834356729485
19,129,0.005969129,0.0025779355928246
19,130,0,0.00628944671757163
19,131,0.002913646,-0.00990065162321509
20,1,0.002162527,0.00631938325953234
20,2,0,0.00612559335784482
20,3,-0.002724989,-0.00508642585651355
20,4,-0.004270951,-0.00585495172853339
20,5,0.013915415,8.96318876771742e-05
20,6,-0.005139604,0.000372438788029358
20,7,-0.011307511,-0.00519876112468088
20,8,0.002517575,-0.00803841117635752
20,9,0.003426713,0.00689613245238021
20,10,-0.007219636,0.00868540254319175
20,11,-0.015763662,-0.0024811982420344
20,12,-0.004663629,-0.00580202783433558
20,13,0.003178826,0.00613425364438812
20,14,0.000980505,0.0144041600436089
20,15,0,-0.00272350011678316
20,16,-0.007435409,-0.00905791355429551
20,17,-0.034882362,0.00417018499259138
20,18,0.002177718,0.0151490414387866
20,19,0.019639058,0.0114487683417086
20,20,-0.00661218,0.00887465898015143
20,21,-0.00610478,-0.0132790836727993
20,22,-0.034097312,-0.0139049386099719
20,23,0.000693465,0.0182625270045181
20,24,-0.02337866,0.0260889905740634
20,25,-0.008599649,0.019340630220137
20,26,0.04024732,-0.0194174894479608
20,27,-0.015830571,-0.00200534645011417
20,28,0.012325743,0.0060333622003343
20,29,-0.006707098,-0.00923521866981163
20,30,-0.021467283,0.0222568433482431
20,31,-0.008647641,0.00978026526319088
20,32,-0.032741573,0.0118471347162213
20,33,-0.044516016,-0.00205335079394203
20,34,0.034904051,0.000996205462207212
20,35,-0.005725048,0.0125462709074245
20,36,-0.012275656,0.00648672086281714
20,37,0.01685499,-0.0177255313139197
20,38,0.031110931,0.00947536437794776
20,39,-0.002337975,0.0238986153254559
20,40,0.017601299,0.00933810740110249
20,41,-0.019313905,-0.0226569390651082
20,42,0.01766298,0.00190176833271375
20,43,-0.020334679,0.0103067153178422
20,44,0,0.00543239635500865
20,45,-0.008025503,-0.0241816166135317
20,46,0.01093973,0.00450412232125703
20,47,-0.00611345,-0.00157449678535205
20,48,0.025216549,0.00129814643232346
20,49,0.008779882,-0.00741033344588338
20,50,-0.001132628,0.00217329700838198
20,51,0.014206139,-0.00210228512310298
20,52,0.00478355,-0.000613322852928551
20,53,-0.003248464,0.00476658659111881
20,54,-0.00159716,-0.00664657409232805
20,55,0.006049513,-0.00654378969821419
20,56,-0.000277692,-0.00448179578495024
20,57,0.005370442,0.00212480906922623
20,58,-0.01894756,-0.0087286830298193
20,59,0.013777682,-0.0021791087446975
20,60,-0.009283362,0.00234270780764735
20,61,-0.03561306,0.0111736844517096
20,62,-0.01695535,-0.00647443538458893
20,63,0.004911119,0.0064324149741381
20,64,0.003163063,0.0180263396836294
20,65,-0.009240018,0.00246478058412326
20,66,0.019523926,-0.0135997696294044
20,67,0.01945031,-0.00458067032772431
20,68,0.003029349,0.02293034844202
20,69,-0.008162278,0.00235681269299405
20,70,0,-0.0085705380156368
20,71,0.011465154,0.00484606632588901
20,72,-0.003255616,0.0107839249700002
20,73,0.00015752,-0.00851741531296325
20,74,-0.018279429,-0.0205236097333088
20,75,0.015250702,0.00398830534398407
20,76,0.018253481,0.00814836413596333
20,77,0.000217155,0.00571917202947121
20,78,0.019520681,-0.017902837362564
20,79,0.008707493,-0.0116859527780369
20,80,0.001807692,0.00899318190968536
20,81,0.003470635,0.00180938549689932
20,82,0.002007762,-0.00280943154646125
20,83,0.002182983,-0.00811961340874842
20,84,0.008343979,-0.00237344737786218
20,85,0.014732094,-0.00665814940582241
20,86,-0.007618303,-0.0098876795815673
20,87,0.00403614,-0.00297314249267337
20,88,0.002048521,-0.00392130983779582
20,89,-0.004644459,0.00699149513635474
20,90,-0.003427558,-0.000615438903483513
20,91,-0.00946078,-0.00529743920920495
20,92,-0.0215476,-0.00216117750765697
20,93,0.002671607,0.00537956804561663
20,94,0.004507306,0.00643350480346417
20,95,0.006588174,0.00342398702089425
20,96,0.013136331,-0.00672402734883866
20,97,0.000798687,-0.00463628525398514
20,98,-0.011165327,0.00359562718376176
20,99,-0.003144563,0.0092933581615765
20,100,-0.010478088,0.00833282563799416
20,101,-0.012597583,0.0039917298412787
20,102,-0.005432496,-0.00255040480520312
20,103,-0.014549103,-0.00320540112484807
20,104,0.026544215,0.00312659205369735
20,105,-0.006731457,0.00264836924657004
20,106,0.029166024,0.00534989323203581
20,107,-0.003958745,-0.0136088941796798
20,108,-0.001932773,0.0112893342513631
20,109,0.001019292,-0.00189948264290037
20,110,-0.00510688,0.0112287876241301
20,111,0,-0.00044331628299486
20,112,0.024161011,-0.00816656084357625
20,113,-0.004995479,-0.00703445538647512
20,114,0.006111993,-0.00813195440558169
20,115,-0.006540496,-0.00549211861125953
20,116,-0.008519406,0.00806331827259048
20,117,0.01627783,0.00576037615780784
20,118,-0.006931136,0.00226879476092507
20,119,0.008908941,-0.00746764039807823
20,120,0.0068408,-0.0142134109897879
20,121,-0.00873062,0.00596832139362049
20,122,0.009050364,0.000506242086490787
20,123,0.005969129,0.0027158420105699
20,124,0,0.000964719499969657
20,125,0.002913646,-0.00695865222296983
20,126,0.01144228,-0.00279481029656858
20,127,0.002218841,-0.00287183112396244
20,128,0.012677698,0.00214756498598003
20,129,-0.010463769,-0.00664179473134256
20,130,-0.008870974,-0.00316003894683676
20,131,0.012662984,-3.24816306009283e-05
21,1,-0.002724989,-0.0124561777424371
21,2,-0.004270951,-0.0108669706927922
21,3,0.013915415,-0.00568656958580279
21,4,-0.005139604,0.00192210915029293
21,5,-0.011307511,-0.00442541178388319
21,6,0.002517575,-0.0135984730227912
21,7,0.003426713,0.00246531938175326
21,8,-0.007219636,0.00802519538311866
21,9,-0.015763662,-0.00769323172599475
21,10,-0.004663629,-0.0129729366196227
21,11,0.003178826,-0.00354876172349511
21,12,0.000980505,0.013147741055331
21,13,0,-0.00481329857210124
21,14,-0.007435409,-0.0134073559746252
21,15,-0.034882362,0.001059932665017
21,16,0.002177718,0.00293447794182024
21,17,0.019639058,-0.00433069391642779
21,18,-0.00661218,0.00721482473201126
21,19,-0.00610478,-0.0102392518964881
21,20,-0.034097312,-0.0190195493060066
21,21,0.000693465,0.00946088115317166
21,22,-0.02337866,0.00928107882825718
21,23,-0.008599649,0.00938255924904438
21,24,0.04024732,-0.0344719582072454
21,25,-0.015830571,9.22780227425532e-05
21,26,0.012325743,0.0233256938573301
21,27,-0.006707098,-0.0202896746995313
21,28,-0.021467283,0.0207924463911834
21,29,-0.008647641,-0.00878383835316078
21,30,-0.032741573,-0.00641910847941906
21,31,-0.044516016,-0.0125138574850012
21,32,0.034904051,-0.0252445614090575
21,33,-0.005725048,0.0167026166499566
21,34,-0.012275656,0.014056046135954
21,35,0.01685499,-0.0194293321118968
21,36,0.031110931,0.00533759398225971
21,37,-0.002337975,0.0293590288679044
21,38,0.017601299,0.00447216913647903
21,39,-0.019313905,-0.02822453960556
21,40,0.01766298,-0.0139656063207892
21,41,-0.020334679,0.00941257825493797
21,42,0,-0.00154267550769359
21,43,-0.008025503,-0.0324686928620273
21,44,0.01093973,-0.000885075604719727
21,45,-0.00611345,0.00893721511822101
21,46,0.025216549,-0.00548967873546195
21,47,0.008779882,0.00228563975465904
21,48,-0.001132628,-0.000591072401455899
21,49,0.014206139,0.00309021225570991
21,50,0.00478355,-0.0118257024292607
21,51,-0.003248464,0.00776761539264083
21,52,-0.00159716,-0.0161625445549256
21,53,0.006049513,-0.00824912240228015
21,54,-0.000277692,-0.00896812080353336
21,55,0.005370442,0.00474080336452966
21,56,-0.01894756,-0.00816470156296118
21,57,0.013777682,-0.00781846983973272
21,58,-0.009283362,-0.00098991904780463
21,59,-0.03561306,0.0102233064631633
21,60,-0.01695535,-0.0180637569214874
21,61,0.004911119,-0.0131915084032793
21,62,0.003163063,0.0165904815697271
21,63,-0.009240018,0.000297258894455862
21,64,0.019523926,-0.0115638993630264
21,65,0.01945031,-0.00876828500744576
21,66,0.003029349,0.0311719787378309
21,67,-0.008162278,0.00177892466386602
21,68,0,-0.0233112930838565
21,69,0.011465154,-0.00581169945990538
21,70,-0.003255616,0.006562595728539
21,71,0.00015752,-0.00813772366411936
21,72,-0.018279429,-0.0264249150238197
21,73,0.015250702,0.00215949592211177
21,74,0.018253481,0.00626020848933498
21,75,0.000217155,0.00984817368206934
21,76,0.019520681,-0.0149837974951938
21,77,0.008707493,-0.0137787000645855
21,78,0.001807692,0.0169173625102068
21,79,0.003470635,-0.00420003633877939
21,80,0.002007762,-0.0074593030660477
21,81,0.002182983,-0.0143378044610532
21,82,0.008343979,-0.00451432751014836
21,83,0.014732094,-0.00281098264693159
21,84,-0.007618303,-0.00823102422541489
21,85,0.00403614,0.000630806693645137
21,86,0.002048521,-0.00770692905808204
21,87,-0.004644459,0.00413164667467214
21,88,-0.003427558,-0.00398010760319963
21,89,-0.00946078,-0.0119514414174167
21,90,-0.0215476,-0.00557726009954561
21,91,0.002671607,-0.0041419778544854
21,92,0.004507306,0.00160428221222978
21,93,0.006588174,0.00160542434993836
21,94,0.013136331,-0.00478222510270817
21,95,0.000798687,-0.0022913072158456
21,96,-0.011165327,0.0046242678771675
21,97,-0.003144563,-0.000172734289624937
21,98,-0.010478088,-0.00249722256103682
21,99,-0.012597583,-0.0084132004248577
21,100,-0.005432496,-0.0111110259436285
21,101,-0.014549103,-0.00870460580352872
21,102,0.026544215,-0.00051785663168275
21,103,-0.006731457,0.00358263931189058
21,104,0.029166024,0.0110361855432061
21,105,-0.003958745,-0.0149869414482422
21,106,-0.001932773,0.0125629284654774
21,107,0.001019292,-0.00785690903192285
21,108,-0.00510688,-0.0035703323334416
21,109,0,-0.00156883836679424
21,110,0.024161011,-0.0224072709173097
21,111,-0.004995479,0.00461746773382712
21,112,0.006111993,-0.00757703365984081
21,113,-0.006540496,-0.00251816466123326
21,114,-0.008519406,0.00301248273551648
21,115,0.01627783,-0.00215008151595637
21,116,-0.006931136,-0.00423062758281392
21,117,0.008908941,-0.00471756353122383
21,118,0.0068408,-0.0197354085007224
21,119,-0.00873062,0.0130642995249044
21,120,0.009050364,-0.00313530426203975
21,121,0.005969129,-0.00408740178495766
21,122,0,0.00205749066616261
21,123,0.002913646,-0.0127688995717717
21,124,0.01144228,-0.0022792360773034
21,125,0.002218841,-0.0040160139969313
21,126,0.012677698,0.00226132271811515
21,127,-0.010463769,-0.00549530160805257
21,128,-0.008870974,-0.00773632045775185
21,129,0.012662984,-0.00705840104406826
21,130,0.001932913,0.00220480811994607
21,131,0.010222987,0.000268688201378634
22,1,-0.005139604,-0.00333654038320708
22,2,-0.011307511,-0.00673749253421269
22,3,0.002517575,-0.00678636215737936
22,4,0.003426713,0.00257443244867738
22,5,-0.007219636,0.00552334536932444
22,6,-0.015763662,-0.00230873047203114
22,7,-0.004663629,-0.00402870939549734
22,8,0.003178826,0.00462441662817058
22,9,0.000980505,0.00785554337398703
22,10,0,-0.00102023046175467
22,11,-0.007435409,-0.00530360233317025
22,12,-0.034882362,0.00251404357125298
22,13,0.002177718,0.0114403036507685
22,14,0.019639058,0.0129821371347577
22,15,-0.00661218,0.00631779565890179
22,16,-0.00610478,-0.0102335890759329
22,17,-0.034097312,-0.0100886730995529
22,18,0.000693465,0.0129947240172409
22,19,-0.02337866,0.0238599539014711
22,20,-0.008599649,0.0134231218177408
22,21,0.04024732,-0.00660657715227601
22,22,-0.015830571,-0.00575917760393592
22,23,0.012325743,-0.000678379451634068
22,24,-0.006707098,0.000840941591616877
22,25,-0.021467283,0.0169787245989706
22,26,-0.008647641,0.017554498401091
22,27,-0.032741573,0.00886327267093433
22,28,-0.044516016,0.000690897319925575
22,29,0.034904051,-0.00109648035818491
22,30,-0.005725048,0.00349847937287781
22,31,-0.012275656,0.000405754014406518
22,32,0.01685499,-0.0100380115206581
22,33,0.031110931,0.00931204365337359
22,34,-0.002337975,0.0249318666942204
22,35,0.017601299,0.0108987789269688
22,36,-0.019313905,-0.00502674306576766
22,37,0.01766298,0.00396248370353702
22,38,-0.020334679,0.00672530284382956
22,39,0,-0.000507426768275103
22,40,-0.008025503,-0.0137288002431512
22,41,0.01093973,-0.0073223997236283
22,42,-0.00611345,-0.00416941071210938
22,43,0.025216549,-0.00338208603197106
22,44,0.008779882,-0.00419171562412174
22,45,-0.001132628,0.00072580215460053
22,46,0.014206139,-2.11212302874163e-05
22,47,0.00478355,0.00303144539395468
22,48,-0.003248464,0.00366234585874797
22,49,-0.00159716,-0.00414942935561383
22,50,0.006049513,-0.00745566632422389
22,51,-0.000277692,-0.00474985017778412
22,52,0.005370442,-0.00485001936042643
22,53,-0.01894756,-0.00811190633482628
22,54,0.013777682,-0.00429786147759192
22,55,-0.009283362,0.00133656727792884
22,56,-0.03561306,0.00377579715652111
22,57,-0.01695535,-0.00249579966469313
22,58,0.004911119,0.00395917646575559
22,59,0.003163063,0.011165797092637
22,60,-0.009240018,-0.000155806969419527
22,61,0.019523926,-0.0105286589543372
22,62,0.01945031,0.000808297971321747
22,63,0.003029349,0.0152201073170045
22,64,-0.008162278,0.00801699913201107
22,65,0,0.00159084717701533
22,66,0.011465154,0.00727709913603903
22,67,-0.003255616,0.00626945729691557
22,68,0.00015752,-0.00824096585545595
22,69,-0.018279429,-0.0153446347242162
22,70,0.015250702,-0.00364215379503433
22,71,0.018253481,0.00474314646826852
22,72,0.000217155,0.00101718878943752
22,73,0.019520681,-0.0114774624950139
22,74,0.008707493,-0.00873576818181755
22,75,0.001807692,0.00426158474556071
22,76,0.003470635,0.00388047210419777
22,77,0.002007762,-0.00161026571280831
22,78,0.002182983,-0.00456342525452754
22,79,0.008343979,-0.00666206070993344
22,80,0.014732094,-0.00919742654735928
22,81,-0.007618303,-0.00975453836001247
22,82,0.00403614,-0.00738041194536869
22,83,0.002048521,-0.00299924682960247
22,84,-0.004644459,0.00292901585799183
22,85,-0.003427558,-0.000901059414025358
22,86,-0.00946078,-0.00561113965287933
22,87,-0.0215476,-0.00362017693176027
22,88,0.002671607,0.000914672455222152
22,89,0.004507306,0.00301676316951028
22,90,0.006588174,0.00114614718820669
22,91,0.013136331,-0.00544161185673121
22,92,0.000798687,-0.00379894471269876
22,93,-0.011165327,0.00442507173687651
22,94,-0.003144563,0.00973832586981143
22,95,-0.010478088,0.010069806412173
22,96,-0.012597583,0.00513818239844866
22,97,-0.005432496,-0.00329706528766757
22,98,-0.014549103,-0.00522692041461987
22,99,0.026544215,-0.00107610554594314
22,100,-0.006731457,0.00101737044144631
22,101,0.029166024,0.00103101977208186
22,102,-0.003958745,-0.00282150518882983
22,103,-0.001932773,0.00575016810399573
22,104,0.001019292,0.00687566440564373
22,105,-0.00510688,0.00871869282632375
22,106,0,0.00212352358164506
22,107,0.024161011,-0.0068395533133214
22,108,-0.004995479,-0.0103189394751424
22,109,0.006111993,-0.00943365967788293
22,110,-0.006540496,-0.00619580971911602
22,111,-0.008519406,0.00479556571538426
22,112,0.01627783,0.00653676133980822
22,113,-0.006931136,0.000738670293458183
22,114,0.008908941,-0.0073440080044396
22,115,0.0068408,-0.0106797672505423
22,116,-0.00873062,-0.00170673480994835
22,117,0.009050364,0.00208940835009016
22,118,0.005969129,0.00196586470808997
22,119,0,0.000878121846728361
22,120,0.002913646,-0.00450177655344624
22,121,0.01144228,-0.00508339113942134
22,122,0.002218841,-0.00159268302974441
22,123,0.012677698,-0.00121614803534036
22,124,-0.010463769,-0.00479168647776324
22,125,-0.008870974,-0.00338816349475065
22,126,0.012662984,-0.000260301148106385
22,127,0.001932913,0.00272566364440561
22,128,0.010222987,-0.0035960758782178
22,129,0,-0.0121414150405937
22,130,0.000237154,-0.00697913021594738
22,131,0.001923051,0.00191302385863503
23,1,-0.007219636,0.0101272775211271
23,2,-0.015763662,-0.0087775709193317
23,3,-0.004663629,-0.0130253249198016
23,4,0.003178826,0.00444318513269486
23,5,0.000980505,0.0125132492040096
23,6,0,-0.00514783959792572
23,7,-0.007435409,-0.0125501156044914
23,8,-0.034882362,-0.000731973416830059
23,9,0.002177718,0.00318934792918039
23,10,0.019639058,0.0080082971308203
23,11,-0.00661218,0.0152575349334134
23,12,-0.00610478,-0.0149343245481751
23,13,-0.034097312,-0.0251707404980287
23,14,0.000693465,0.0092983678399627
23,15,-0.02337866,0.0230978030594763
23,16,-0.008599649,0.011013848169023
23,17,0.04024732,-0.0178751840101399
23,18,-0.015830571,0.00219262587701506
23,19,0.012325743,0.0042198609320097
23,20,-0.006707098,-0.0198951677452854
23,21,-0.021467283,0.0145603228298101
23,22,-0.008647641,0.00861475642738322
23,23,-0.032741573,-0.0020373922727334
23,24,-0.044516016,-0.0018314024958778
23,25,0.034904051,-0.00919745692845989
23,26,-0.005725048,0.0161438090152136
23,27,-0.012275656,0.0122811682191338
23,28,0.01685499,-0.0299989574424874
23,29,0.031110931,0.00169374410513683
23,30,-0.002337975,0.0361743332443963
23,31,0.017601299,-0.0042082621668727
23,32,-0.019313905,-0.0263980072225151
23,33,0.01766298,1.55711819117919e-06
23,34,-0.020334679,0.00877662532368202
23,35,0,-0.00351928892547453
23,36,-0.008025503,-0.0201338587278218
23,37,0.01093973,-0.00309161594562645
23,38,-0.00611345,0.00355788637438169
23,39,0.025216549,-0.00696330354810536
23,40,0.008779882,-0.00445932798200592
23,41,-0.001132628,0.000180372738907678
23,42,0.014206139,-0.00752255065994067
23,43,0.00478355,-0.00546700193414344
23,44,-0.003248464,0.00677569587184604
23,45,-0.00159716,-0.0120708313064404
23,46,0.006049513,-0.0115615699292986
23,47,-0.000277692,-0.00134329196241949
23,48,0.005370442,-0.00186233538556671
23,49,-0.01894756,-0.011310755631117
23,50,0.013777682,-0.00826767098744261
23,51,-0.009283362,0.00176380996261948
23,52,-0.03561306,0.00659497317783228
23,53,-0.01695535,-0.0155390043276211
23,54,0.004911119,-0.00372113811787644
23,55,0.003163063,0.0243519708653771
23,56,-0.009240018,0.0015250744633788
23,57,0.019523926,-0.0222186889048862
23,58,0.01945031,-0.00252801667207614
23,59,0.003029349,0.0225705311883097
23,60,-0.008162278,-0.0045180843625866
23,61,0,-0.0177418285334691
23,62,0.011465154,0.0046811993468919
23,63,-0.003255616,0.0109945287962957
23,64,0.00015752,-0.0117029372103675
23,65,-0.018279429,-0.0226650420622469
23,66,0.015250702,-0.00246646309642628
23,67,0.018253481,0.00853653836248434
23,68,0.000217155,0.00648917805270221
23,69,0.019520681,-0.0188183082567638
23,70,0.008707493,-0.0161363727388434
23,71,0.001807692,0.00921888138964891
23,72,0.003470635,-0.00304014012619992
23,73,0.002007762,-0.00940788133063025
23,74,0.002182983,-0.00524803260661862
23,75,0.008343979,-0.00548717215120673
23,76,0.014732094,-0.00818491787677747
23,77,-0.007618303,-0.00765034744937421
23,78,0.00403614,-0.00892231614480306
23,79,0.002048521,-0.00848608109868376
23,80,-0.004644459,0.00515720192243423
23,81,-0.003427558,-0.00280893437507793
23,82,-0.00946078,-0.0113620034937916
23,83,-0.0215476,-0.00395278069773577
23,84,0.002671607,-0.0017675478364686
23,85,0.004507306,0.00323420855891086
23,86,0.006588174,0.00538209036126278
23,87,0.013136331,-0.00809525235462467
23,88,0.000798687,-0.00857144038879502
23,89,-0.011165327,0.00115742318986919
23,90,-0.003144563,-0.000190083625031926
23,91,-0.010478088,0.00293395572730596
23,92,-0.012597583,0.0028527552927859
23,93,-0.005432496,-0.00730171753727371
23,94,-0.014549103,-0.00643698769084694
23,95,0.026544215,0.000400027324266972
23,96,-0.006731457,0.00402494367427992
23,97,0.029166024,0.00122504362091358
23,98,-0.003958745,-0.0121688794073992
23,99,-0.001932773,0.00256107385116106
23,100,0.001019292,-0.00358717400227483
23,101,-0.00510688,0.00168136237597528
23,102,0,0.00247152526111991
23,103,0.024161011,-0.0123113301009916
23,104,-0.004995479,-0.00368378718407112
23,105,0.006111993,-0.00914767212101247
23,106,-0.006540496,-0.0127595088202373
23,107,-0.008519406,0.00250139918923209
23,108,0.01627783,0.00383295943806195
23,109,-0.006931136,-0.00053295906058004
23,110,0.008908941,-0.00652369084793873
23,111,0.0068408,-0.0166215514707864
23,112,-0.00873062,0.00188653615909314
23,113,0.009050364,-0.001431415233439
23,114,0.005969129,-0.00407672346357957
23,115,0,0.00268808603096233
23,116,0.002913646,-0.0089073719955866
23,117,0.01144228,-0.00917623682488851
23,118,0.002218841,-0.000330470288742643
23,119,0.012677698,-0.00134616226794868
23,120,-0.010463769,-0.00916104363186092
23,121,-0.008870974,-0.00760578361747918
23,122,0.012662984,-0.00537073630993789
23,123,0.001932913,0.00548137704389029
23,124,0.010222987,0.000122990921740017
23,125,0,-0.0180066225960542
23,126,0.000237154,-0.00826591784070752
23,127,0.001923051,0.000160273301611813
23,128,-0.001309502,0.00356936457572323
23,129,-0.026442219,-0.00315884026418318
23,130,0.007713788,-0.0114063583642191
23,131,-0.010752869,-0.00110091681198579
24,1,-0.015763662,-0.00951927446800608
24,2,-0.004663629,-0.0141669233257975
24,3,0.003178826,0.00937249410188152
24,4,0.000980505,0.0195798120017105
24,5,0,-0.00563261222453756
24,6,-0.007435409,-0.0158907635728493
24,7,-0.034882362,0.00460755757523318
24,8,0.002177718,0.011446578457458
24,9,0.019639058,0.00896838530660023
24,10,-0.00661218,0.0163993271038376
24,11,-0.00610478,-0.01425688147846
24,12,-0.034097312,-0.0334323185108385
24,13,0.000693465,0.0220087899892953
24,14,-0.02337866,0.0338025358993895
24,15,-0.008599649,0.0109476361039035
24,16,0.04024732,-0.0232667036353753
24,17,-0.015830571,-0.00655910316488656
24,18,0.012325743,0.0206687935074494
24,19,-0.006707098,-0.0268351433032497
24,20,-0.021467283,0.0207613643259118
24,21,-0.008647641,0.0236293875170772
24,22,-0.032741573,-0.0109357048335166
24,23,-0.044516016,0.00431960505632483
24,24,0.034904051,-0.0110705249811091
24,25,-0.005725048,0.0162611083098322
24,26,-0.012275656,0.0185334239782089
24,27,0.01685499,-0.0342522096955538
24,28,0.031110931,-0.00523054050819987
24,29,-0.002337975,0.0587591283438222
24,30,0.017601299,-0.0058977101978466
24,31,-0.019313905,-0.0356074201877763
24,32,0.01766298,0.00533163902594544
24,33,-0.020334679,0.0223120146563902
24,34,0,-0.00630560406193161
24,35,-0.008025503,-0.0177410977204854
24,36,0.01093973,-0.00715397381032565
24,37,-0.00611345,0.0183352771767136
24,38,0.025216549,-0.0125788170125044
24,39,0.008779882,0.0018052043941524
24,40,-0.001132628,-0.000613548184294899
24,41,0.014206139,0.00288568287130453
24,42,0.00478355,-0.0106436040215877
24,43,-0.003248464,0.0190646616729518
24,44,-0.00159716,-0.0126193942482619
24,45,0.006049513,-0.0114374252055719
24,46,-0.000277692,0.00368959917053157
24,47,0.005370442,0.00370496117417158
24,48,-0.01894756,-0.0109979337721078
24,49,0.013777682,-0.00521206069175764
24,50,-0.009283362,0.00710167494060099
24,51,-0.03561306,0.0112296999950787
24,52,-0.01695535,-0.011024432995989
24,53,0.004911119,-0.00914784492076422
24,54,0.003163063,0.0367705305649374
24,55,-0.009240018,0.000936037079467035
24,56,0.019523926,-0.0289203692602765
24,57,0.01945031,-0.00295573988990227
24,58,0.003029349,0.0357798758714918
24,59,-0.008162278,-0.000683349799157311
24,60,0,-0.02433763020751
24,61,0.011465154,0.0122226731582842
24,62,-0.003255616,0.0177595909074262
24,63,0.00015752,-0.0116433667951595
24,64,-0.018279429,-0.0276458549210394
24,65,0.015250702,0.00492737916810061
24,66,0.018253481,0.0168785838072
24,67,0.000217155,0.00743442144503342
24,68,0.019520681,-0.0174211614699495
24,69,0.008707493,-0.0218541867008283
24,70,0.001807692,0.0227709967029475
24,71,0.003470635,0.0031763714701508
24,72,0.002007762,-0.0112763459183985
24,73,0.002182983,-0.000711670227478654
24,74,0.008343979,-0.00214524654719736
24,75,0.014732094,-0.00582499108476354
24,76,-0.007618303,-0.00594880337984519
24,77,0.00403614,-0.00307795672620366
24,78,0.002048521,-0.00586701965329991
24,79,-0.004644459,0.0107359859857724
24,80,-0.003427558,0.00375235853935423
24,81,-0.00946078,-0.0146046187038117
24,82,-0.0215476,0.00106524792409873
24,83,0.002671607,0.0031496820020933
24,84,0.004507306,0.00550743897172896
24,85,0.006588174,0.00754068566980791
24,86,0.013136331,-0.00719681287790072
24,87,0.000798687,-0.0112178282303228
24,88,-0.011165327,0.0093047330827348
24,89,-0.003144563,0.0050044579484153
24,90,-0.010478088,0.00573577864074409
24,91,-0.012597583,0.00618120951909827
24,92,-0.005432496,-0.00667306140401492
24,93,-0.014549103,-0.007939386205941
24,94,0.026544215,0.00593013653255582
24,95,-0.006731457,0.00485162628086889
24,96,0.029166024,0.00493307753400048
24,97,-0.003958745,-0.0128667388888328
24,98,-0.001932773,0.00420674969528905
24,99,0.001019292,0.0085619978109406
24,100,-0.00510688,-0.00346191962769055
24,101,0,0.014400078586443
24,102,0.024161011,-0.0192942858113466
24,103,-0.004995479,-3.20776008750244e-05
24,104,0.006111993,-0.00594330509616088
24,105,-0.006540496,-0.00923580886963866
24,106,-0.008519406,0.00644899277536738
24,107,0.01627783,0.0146616502226656
24,108,-0.006931136,-0.0046995402083417
24,109,0.008908941,-0.0017852845575424
24,110,0.0068408,-0.0193753505577775
24,111,-0.00873062,0.00663005509466079
24,112,0.009050364,0.00834485962229549
24,113,0.005969129,-0.006283270726501
24,114,0,0.00836781354811192
24,115,0.002913646,-0.00700185808073216
24,116,0.01144228,-0.00926810997170286
24,117,0.002218841,0.00475361419215223
24,118,0.012677698,0.00372949178588653
24,119,-0.010463769,-0.00817905489688729
24,120,-0.008870974,-0.00495139628263323
24,121,0.012662984,0.00108673851293193
24,122,0.001932913,0.0068643515943366
24,123,0.010222987,0.00675109559656835
24,124,0,-0.0224817884179149
24,125,0.000237154,-0.00558817035076257
24,126,0.001923051,0.0090077373766782
24,127,-0.001309502,0.00736802258874776
24,128,-0.026442219,0.000583372632840057
24,129,0.007713788,-0.0112503583891167
24,130,-0.010752869,0.00109957929031046
24,131,-0.001753101,0.0145760165810283
25,1,0,0.00404665698978227
25,2,-0.007435409,-0.00627772591263161
25,3,-0.034882362,0.0014756395171684
25,4,0.002177718,0.0110773390654998
25,5,0.019639058,0.00602872403672901
25,6,-0.00661218,0.00976343323283409
25,7,-0.00610478,-0.000727544417156895
25,8,-0.034097312,-0.0137692092426104
25,9,0.000693465,0.00739810075339677
25,10,-0.02337866,0.015918642171766
25,11,-0.008599649,0.0225098259993283
25,12,0.04024732,-0.0125219294449618
25,13,-0.015830571,-0.0100075424782942
25,14,0.012325743,0.0138966607529809
25,15,-0.006707098,-0.00941153281955831
25,16,-0.021467283,0.0172269530675734
25,17,-0.008647641,0.0119519962051979
25,18,-0.032741573,0.0100395429846232
25,19,-0.044516016,0.00322259133606896
25,20,0.034904051,-0.00887052540985772
25,21,-0.005725048,0.00316020737015823
25,22,-0.012275656,0.00997902133503896
25,23,0.01685499,-0.0105156816955172
25,24,0.031110931,-0.00355629333915098
25,25,-0.002337975,0.0214209045817888
25,26,0.017601299,0.0214895529794682
25,27,-0.019313905,-0.0074582614191502
25,28,0.01766298,-0.00256853736290016
25,29,-0.020334679,0.0124173744470217
25,30,0,0.0126724081875673
25,31,-0.008025503,-0.0145617687925082
25,32,0.01093973,-0.00325597242057459
25,33,-0.00611345,0.00407815723764325
25,34,0.025216549,-0.000216129226762384
25,35,0.008779882,-0.000228303572563357
25,36,-0.001132628,0.00155610399902062
25,37,0.014206139,0.00785844950986343
25,38,0.00478355,-0.00144821174127306
25,39,-0.003248464,0.011838174605968
25,40,-0.00159716,0.000245057063339565
25,41,0.006049513,-0.000904812207174254
25,42,-0.000277692,-0.00384484763862515
25,43,0.005370442,0.00575988793912358
25,44,-0.01894756,-0.00226394348039358
25,45,0.013777682,-0.00169867362830921
25,46,-0.009283362,0.000110248015965826
25,47,-0.03561306,0.0124194539577295
25,48,-0.01695535,-0.000397905372513605
25,49,0.004911119,-0.00492188403156808
25,50,0.003163063,0.0119301310355674
25,51,-0.009240018,0.00644320309428556
25,52,0.019523926,-0.00585910925781623
25,53,0.01945031,-0.0119250409660194
25,54,0.003029349,0.019382734269052
25,55,-0.008162278,0.0147126461963476
25,56,0,-0.00287313211290063
25,57,0.011465154,0.00264892014264387
25,58,-0.003255616,0.0123960553783757
25,59,0.00015752,0.00460847321512431
25,60,-0.018279429,-0.0151083114552387
25,61,0.015250702,-0.000250113029538221
25,62,0.018253481,0.00530783605578348
25,63,0.000217155,0.0107447696721826
25,64,0.019520681,-0.00385606260666926
25,65,0.008707493,-0.0115178455097042
25,66,0.001807692,0.0108096735905658
25,67,0.003470635,0.0080667729752913
25,68,0.002007762,0.00455147449748045
25,69,0.002182983,-0.00269013773930777
25,70,0.008343979,0.000889100275706911
25,71,0.014732094,0.00020307958461819
25,72,-0.007618303,-0.005271191775912
25,73,0.00403614,0.00223311043813216
25,74,0.002048521,-0.00207361849562169
25,75,-0.004644459,0.00674581255428297
25,76,-0.003427558,0.00561403715812516
25,77,-0.00946078,-0.00207667997043216
25,78,-0.0215476,-0.000990846610220486
25,79,0.002671607,0.00216258432154483
25,80,0.004507306,0.00399009786194582
25,81,0.006588174,0.00411115856860377
25,82,0.013136331,-0.0012407377975369
25,83,0.000798687,-0.0030208326261636
25,84,-0.011165327,0.00489632687294403
25,85,-0.003144563,0.00920946132330818
25,86,-0.010478088,0.00935736879883548
25,87,-0.012597583,0.00593406309358542
25,88,-0.005432496,0.000679693129599015
25,89,-0.014549103,-0.00387032989416839
25,90,0.026544215,0.00050024160032833
25,91,-0.006731457,0.000221458041672739
25,92,0.029166024,0.0101664189600775
25,93,-0.003958745,-0.0082679528820012
25,94,-0.001932773,0.0107918601529684
25,95,0.001019292,0.00519105124959321
25,96,-0.00510688,0.00775861523038559
25,97,0,0.00969624215510883
25,98,0.024161011,-0.00684973574532265
25,99,-0.004995479,-0.000136960783923121
25,100,0.006111993,-0.00361832166362711
25,101,-0.006540496,-0.00173113821565472
25,102,-0.008519406,0.00585550076431364
25,103,0.01627783,0.00812265147427089
25,104,-0.006931136,0.00397250083114216
25,105,0.008908941,0.00249086524330135
25,106,0.0068408,-0.0121898477899255
25,107,-0.00873062,0.00569948997974728
25,108,0.009050364,0.00449164972936141
25,109,0.005969129,0.00289551234108764
25,110,0,0.00652456378760881
25,111,0.002913646,-0.0018202229225268
25,112,0.01144228,0.000846110245187951
25,113,0.002218841,-0.000700503805646064
25,114,0.012677698,0.00587480847981103
25,115,-0.010463769,0.00074797504640107
25,116,-0.008870974,0.000280460640977946
25,117,0.012662984,0.000990769116299542
25,118,0.001932913,0.00517402719366831
25,119,0.010222987,0.00614609883138796
25,120,0,-0.00818424752101371
25,121,0.000237154,-0.00177141445116856
25,122,0.001923051,0.00148755260375932
25,123,-0.001309502,0.0108960665701531
25,124,-0.026442219,0.00478387880160134
25,125,0.007713788,-0.00134005941974103
25,126,-0.010752869,-0.00238919180611997
25,127,-0.001753101,0.00876809703160277
25,128,0.000718856,-0.00122988125517834
25,129,0.016534014,-0.00284381926156969
25,130,-0.002420229,0.00199645329806868
25,131,0.013959278,0.00833380045636208
26,1,0.002177718,0.0104291428471479
26,2,0.019639058,0.00614908716932857
26,3,-0.00661218,0.0100584124482306
26,4,-0.00610478,-0.00126669639494595
26,5,-0.034097312,-0.0147312594581011
26,6,0.000693465,0.00737473211367559
26,7,-0.02337866,0.0183535984947018
26,8,-0.008599649,0.0201137584983801
26,9,0.04024732,-0.0128398356609541
26,10,-0.015830571,-0.00679124628958413
26,11,0.012325743,0.0145383618369604
26,12,-0.006707098,-0.00907780650316719
26,13,-0.021467283,0.0139540387734125
26,14,-0.008647641,0.0111389496985929
26,15,-0.032741573,0.00720902406165284
26,16,-0.044516016,0.000282519917948264
26,17,0.034904051,-0.00632279995629596
26,18,-0.005725048,0.00720632775678084
26,19,-0.012275656,0.0124442196407268
26,20,0.01685499,-0.00880185679588752
26,21,0.031110931,-0.00336581947351444
26,22,-0.002337975,0.0238210206601193
26,23,0.017601299,0.018171913897363
26,24,-0.019313905,-0.0146615352422165
26,25,0.01766298,-0.00554296765005924
26,26,-0.020334679,0.0120302650248768
26,27,0,0.00712144240984619
26,28,-0.008025503,-0.0163829862340273
26,29,0.01093973,-0.00327036075532636
26,30,-0.00611345,0.00499876900252136
26,31,0.025216549,-0.000437338780405136
26,32,0.008779882,-0.000922773256005363
26,33,-0.001132628,0.000686916241881449
26,34,0.014206139,0.00539378794641487
26,35,0.00478355,-0.00443244758744861
26,36,-0.003248464,0.00875338732830834
26,37,-0.00159716,-0.00264926832618535
26,38,0.006049513,-0.00471712730006934
26,39,-0.000277692,-0.00474838051749252
26,40,0.005370442,0.00490719632866278
26,41,-0.01894756,-0.00432090873209581
26,42,0.013777682,-0.0033576878884299
26,43,-0.009283362,0.000673096294775739
26,44,-0.03561306,0.0108763831492445
26,45,-0.01695535,-0.00219654400926936
26,46,0.004911119,-0.0048442367022725
26,47,0.003163063,0.0143752214092208
26,48,-0.009240018,0.0084420710371088
26,49,0.019523926,-0.00714799781566609
26,50,0.01945031,-0.00998779418992057
26,51,0.003029349,0.0210357378859353
26,52,-0.008162278,0.0113812947272094
26,53,0,-0.00818040716386602
26,54,0.011465154,0.000485075651033156
26,55,-0.003255616,0.0112687996174769
26,56,0.00015752,0.000793317440919062
26,57,-0.018279429,-0.0173482606713385
26,58,0.015250702,-0.000652619819462473
26,59,0.018253481,0.00647641215112759
26,60,0.000217155,0.00938699115759575
26,61,0.019520681,-0.00639981636769882
26,62,0.008707493,-0.0129298136608911
26,63,0.001807692,0.00898121398777181
26,64,0.003470635,0.00561533490232075
26,65,0.002007762,-0.000504702277752884
26,66,0.002182983,-0.00579056606119432
26,67,0.008343979,-0.000541603283551901
26,68,0.014732094,-0.00223043157900522
26,69,-0.007618303,-0.00657715728945312
26,70,0.00403614,0.000348368199740834
26,71,0.002048521,-0.00389452671294907
26,72,-0.004644459,0.00493467708456928
26,73,-0.003427558,0.00386254147291553
26,74,-0.00946078,-0.00437307127093319
26,75,-0.0215476,-0.00223799660803943
26,76,0.002671607,0.00239813769229943
26,77,0.004507306,0.0043421071758031
26,78,0.006588174,0.00451079326310247
26,79,0.013136331,-0.000727088812764521
26,80,0.000798687,-0.00362131900455847
26,81,-0.011165327,0.00402036305806625
26,82,-0.003144563,0.00749051296793507
26,83,-0.010478088,0.00638576347886037
26,84,-0.012597583,0.00386668090023978
26,85,-0.005432496,-0.000400996721075729
26,86,-0.014549103,-0.00420002015236383
26,87,0.026544215,0.00165117611401458
26,88,-0.006731457,0.00258116479260799
26,89,0.029166024,0.00912354612200237
26,90,-0.003958745,-0.00808133365199872
26,91,-0.001932773,0.00802651842938344
26,92,0.001019292,0.00304881859175759
26,93,-0.00510688,0.00454088274637592
26,94,0,0.00627450374701378
26,95,0.024161011,-0.00813495086015529
26,96,-0.004995479,-0.00158433087791431
26,97,0.006111993,-0.00445958785283625
26,98,-0.006540496,-0.00280669458055869
26,99,-0.008519406,0.00336579909806297
26,100,0.01627783,0.00698383166186597
26,101,-0.006931136,0.00224970600277931
26,102,0.008908941,-0.000261300162997088
26,103,0.0068408,-0.0121468400364454
26,104,-0.00873062,0.00443256319442091
26,105,0.009050364,0.00345426094253071
26,106,0.005969129,0.0013042756092521
26,107,0,0.00390207931984799
26,108,0.002913646,-0.00298448548096937
26,109,0.01144228,-0.00150274132370509
26,110,0.002218841,-0.00196984313504702
26,111,0.012677698,0.00462396498924946
26,112,-0.010463769,-0.00188039291636401
26,113,-0.008870974,-0.00262572590103011
26,114,0.012662984,-0.00039360641787842
26,115,0.001932913,0.00395919877771652
26,116,0.010222987,0.0045161218845498
26,117,0,-0.00944788142512927
26,118,0.000237154,-0.00376044415603434
26,119,0.001923051,0.00123243699095586
26,120,-0.001309502,0.00910960972087009
26,121,-0.026442219,0.00185970121528072
26,122,0.007713788,-0.00350316148762676
26,123,-0.010752869,-0.00237641336074683
26,124,-0.001753101,0.00874655329864251
26,125,0.000718856,-0.000792969019583252
26,126,0.016534014,-0.00340972283402223
26,127,-0.002420229,0.00318558436160471
26,128,0.013959278,0.00780746092355751
26,129,0.004795571,-1.08974283471816e-05
26,130,0,0.000402639658843663
26,131,0.015058842,0.00656475549203074
27,1,0.019639058,0.00612510077573014
27,2,-0.00661218,0.0134493535609539
27,3,-0.00610478,-0.0045009622241327
27,4,-0.034097312,-0.0226082548361676
27,5,0.000693465,-0.000642869903738784
27,6,-0.02337866,0.0195584092349643
27,7,-0.008599649,0.0185752473935639
27,8,0.04024732,-0.0143293759031788
27,9,-0.015830571,-0.00532282916675704
27,10,0.012325743,0.00654900086011792
27,11,-0.006707098,-0.015342064317046
27,12,-0.021467283,0.00707697046819024
27,13,-0.008647641,0.0101032386335267
27,14,-0.032741573,0.00698181972029003
27,15,-0.044516016,-0.00205322791986874
27,16,0.034904051,-0.00761044932791763
27,17,-0.005725048,0.0090821871282416
27,18,-0.012275656,0.0107640481507766
27,19,0.01685499,-0.0191255181783099
27,20,0.031110931,-0.0118886382211782
27,21,-0.002337975,0.0238688578220918
27,22,0.017601299,0.0144168825741674
27,23,-0.019313905,-0.0200985409827668
27,24,0.01766298,-0.00662829287775004
27,25,-0.020334679,0.0150622127598501
27,26,0,0.00709029963222136
27,27,-0.008025503,-0.015151652475412
27,28,0.01093973,-0.00287711202757331
27,29,-0.00611345,0.00437145604021856
27,30,0.025216549,-0.00193571758685789
27,31,0.008779882,-0.00378762622298133
27,32,-0.001132628,-0.000370455227637531
27,33,0.014206139,0.000160844498220285
27,34,0.00478355,-0.00478516430220944
27,35,-0.003248464,0.00883768660767379
27,36,-0.00159716,-0.00172433516118434
27,37,0.006049513,-0.00608842193184124
27,38,-0.000277692,-0.00241435941251846
27,39,0.005370442,0.0051947466528904
27,40,-0.01894756,-0.00560099606124957
27,41,0.013777682,-0.00661713110798341
27,42,-0.009283362,0.00103122829191111
27,43,-0.03561306,0.00967038050191873
27,44,-0.01695535,-0.00735365926106932
27,45,0.004911119,-0.00726310579851964
27,46,0.003163063,0.0162199028315893
27,47,-0.009240018,0.00910015731604716
27,48,0.019523926,-0.0154412296522839
27,49,0.01945031,-0.014097869729729
27,50,0.003029349,0.0185950294852316
27,51,-0.008162278,0.00652847483797097
27,52,0,-0.0132345841009243
27,53,0.011465154,0.000410865967177724
27,54,-0.003255616,0.0153215737440233
27,55,0.00015752,0.000725530612944326
27,56,-0.018279429,-0.0185424372706396
27,57,0.015250702,-0.00395838378154848
27,58,0.018253481,0.00781315740790375
27,59,0.000217155,0.0109163824986488
27,60,0.019520681,-0.00958577551325608
27,61,0.008707493,-0.0154511853639442
27,62,0.001807692,0.00663094457861783
27,63,0.003470635,0.0054091349582768
27,64,0.002007762,-0.00149523823228654
27,65,0.002182983,-0.00393504869610745
27,66,0.008343979,0.00137623400073503
27,67,0.014732094,-0.00208711563654239
27,68,-0.007618303,-0.00535181660791054
27,69,0.00403614,-0.00247600139032275
27,70,0.002048521,-0.00566261120490176
27,71,-0.004644459,0.00516174988037458
27,72,-0.003427558,0.00392101988801498
27,73,-0.00946078,-0.00531910804819336
27,74,-0.0215476,-0.00393343115007141
27,75,0.002671607,0.00044337028743091
27,76,0.004507306,0.00366469571732077
27,77,0.006588174,0.0047015380024845
27,78,0.013136331,-0.00320858357226569
27,79,0.000798687,-0.00805314732035512
27,80,-0.011165327,-0.000808373504588923
27,81,-0.003144563,0.00341607431967026
27,82,-0.010478088,0.00481029456203158
27,83,-0.012597583,0.0048997070404815
27,84,-0.005432496,-0.000738616722241871
27,85,-0.014549103,-0.00549048509516317
27,86,0.026544215,-0.000924801781815664
27,87,-0.006731457,0.00285061820016904
27,88,0.029166024,0.00411104842953769
27,89,-0.003958745,-0.0106242405658104
27,90,-0.001932773,0.00251014284722331
27,91,0.001019292,-0.000401073781939248
27,92,-0.00510688,0.00486707108375395
27,93,0,0.00640742815755964
27,94,0.024161011,-0.00533926027168804
27,95,-0.004995479,-0.00123132246520281
27,96,0.006111993,-0.00572066463128921
27,97,-0.006540496,-0.00681695936768929
27,98,-0.008519406,0.00055085809014326
27,99,0.01627783,0.00672164506932128
27,100,-0.006931136,0.00474149990803807
27,101,0.008908941,-0.00163205192882724
27,102,0.0068408,-0.012617032024249
27,103,-0.00873062,0.0014808167941376
27,104,0.009050364,0.00114527699668927
27,105,0.005969129,0.000592067890070914
27,106,0,0.00340390242929922
27,107,0.002913646,-0.00288489465281872
27,108,0.01144228,-0.00405231079469558
27,109,0.002218841,-0.00179342642500205
27,110,0.012677698,0.00419602226304227
27,111,-0.010463769,-0.00305704629697398
27,112,-0.008870974,-0.00487469780059889
27,113,0.012662984,-0.00194618712775201
27,114,0.001932913,0.00602276430797295
27,115,0.010222987,0.00541797535809123
27,116,0,-0.0101257713824218
27,117,0.000237154,-0.00777287972953338
27,118,0.001923051,-0.000387380962854763
27,119,-0.001309502,0.00808531593790394
27,120,-0.026442219,0.00124438770103269
27,121,0.007713788,-0.00584659082219774
27,122,-0.010752869,-0.00210191075348355
27,123,-0.001753101,0.00874379559194945
27,124,0.000718856,-0.00270285050009108
27,125,0.016534014,-0.00680837189767801
27,126,-0.002420229,0.00154849108705963
27,127,0.013959278,0.00440341870200041
27,128,0.004795571,-0.0040982607407705
27,129,0,-0.000548243347115595
27,130,0.015058842,0.00463066480726326
27,131,-0.005343309,-0.00176431292135584
28,1,0.000693465,-0.000254306557886458
28,2,-0.02337866,0.0198550473514518
28,3,-0.008599649,0.0147940392897602
28,4,0.04024732,-0.0199382836524865
28,5,-0.015830571,0.00195815444607616
28,6,0.012325743,0.00743047637679648
28,7,-0.006707098,-0.00918682291155301
28,8,-0.021467283,0.0141410376575467
28,9,-0.008647641,0.0009725297870618
28,10,-0.032741573,0.00698242691355425
28,11,-0.044516016,-0.00939006375865942
28,12,0.034904051,-0.0200624821488898
28,13,-0.005725048,0.0222269306485943
28,14,-0.012275656,0.00492315091348862
28,15,0.01685499,-0.0159401913227855
28,16,0.031110931,0.00251928142940442
28,17,-0.002337975,0.0279643381448735
28,18,0.017601299,0.0130118540095252
28,19,-0.019313905,-0.0126816794301092
28,20,0.01766298,-0.0162968651578323
28,21,-0.020334679,0.018926097871092
28,22,0,0.00122988727116504
28,23,-0.008025503,-0.0198893329446722
28,24,0.01093973,-0.00518180243260318
28,25,-0.00611345,0.0086436059173926
28,26,0.025216549,-0.00526880971594263
28,27,0.008779882,0.00580273091949714
28,28,-0.001132628,-0.00221320371465615
28,29,0.014206139,0.00428845070557029
28,30,0.00478355,-0.00311148311981642
28,31,-0.003248464,0.0087168479427072
28,32,-0.00159716,-0.00714786216942237
28,33,0.006049513,-0.00446990007598453
28,34,-0.000277692,-0.00578868021982653
28,35,0.005370442,0.00453183706394972
28,36,-0.01894756,-0.00404642498376258
28,37,0.013777682,-0.0102361118126056
28,38,-0.009283362,0.00472643356907955
28,39,-0.03561306,0.00777457499345459
28,40,-0.01695535,-0.0134917718935674
28,41,0.004911119,-0.00737087723468828
28,42,0.003163063,0.0169718836966344
28,43,-0.009240018,0.00543440809861705
28,44,0.019523926,-0.0112989863678333
28,45,0.01945031,-0.00825483735594832
28,46,0.003029349,0.0251536698202233
28,47,-0.008162278,0.00880291163645569
28,48,0,-0.013844303151946
28,49,0.011465154,-0.000790560819822652
28,50,-0.003255616,0.0134793850172838
28,51,0.00015752,-0.00209452848419748
28,52,-0.018279429,-0.0208431626574251
28,53,0.015250702,-0.00498399275688055
28,54,0.018253481,0.0114572245395896
28,55,0.000217155,0.0125586679876279
28,56,0.019520681,-0.0115231677739394
28,57,0.008707493,-0.0102848432157531
28,58,0.001807692,0.0107091210240261
28,59,0.003470635,0.00299903693027684
28,60,0.002007762,0.000387827398361607
28,61,0.002182983,-0.00863979177624288
28,62,0.008343979,-0.00122290657881547
28,63,0.014732094,-0.000139731914139014
28,64,-0.007618303,-0.00592574998670341
28,65,0.00403614,-0.00297555520643101
28,66,0.002048521,-0.00326116415733527
28,67,-0.004644459,0.0049319427984977
28,68,-0.003427558,0.000824163939918032
28,69,-0.00946078,-0.00627244868725793
28,70,-0.0215476,-0.0055738550489681
28,71,0.002671607,-0.00378255115399517
28,72,0.004507306,0.00680800317771137
28,73,0.006588174,0.00336447266537867
28,74,0.013136331,-0.00219162615755041
28,75,0.000798687,-0.00222464976736495
28,76,-0.011165327,0.00167090192674901
28,77,-0.003144563,0.00326897356660236
28,78,-0.010478088,0.00598193611066184
28,79,-0.012597583,-0.00129254238191696
28,80,-0.005432496,-0.0047650821601678
28,81,-0.014549103,-0.0059107043443819
28,82,0.026544215,-0.00315155122100414
28,83,-0.006731457,0.00901680263329709
28,84,0.029166024,0.00486508402823116
28,85,-0.003958745,-0.00478066528472883
28,86,-0.001932773,0.00542502262178237
28,87,0.001019292,-0.000130407442486784
28,88,-0.00510688,0.00430977528040293
28,89,0,0.00396855427985591
28,90,0.024161011,-0.0121359955881085
28,91,-0.004995479,0.00572448501531213
28,92,0.006111993,-0.0111712845502737
28,93,-0.006540496,-0.000787509491637298
28,94,-0.008519406,0.00128476411498536
28,95,0.01627783,0.00341187624088947
28,96,-0.006931136,0.00612953400729421
28,97,0.008908941,-0.00495121737529459
28,98,0.0068408,-0.0134205746368248
28,99,-0.00873062,0.00749294921255949
28,100,0.009050364,-0.00192458377453677
28,101,0.005969129,0.00357735496680608
28,102,0,0.0039936166767627
28,103,0.002913646,-0.0072786968239723
28,104,0.01144228,-0.000357841362926798
28,105,0.002218841,-0.00139576627806979
28,106,0.012677698,0.00319406015566888
28,107,-0.010463769,0.000268090477051355
28,108,-0.008870974,-0.00810886766922809
28,109,0.012662984,-0.00304897698133792
28,110,0.001932913,0.007865864541271
28,111,0.010222987,0.00234117615558149
28,112,0,-0.0101106638272385
28,113,0.000237154,-0.00445279767790087
28,114,0.001923051,-0.000740864897044086
28,115,-0.001309502,0.0102399438631513
28,116,-0.026442219,-0.000431234281866325
28,117,0.007713788,-0.0128005446380587
28,118,-0.010752869,0.00109394297199527
28,119,-0.001753101,0.00478171283961175
28,120,0.000718856,-0.00297595204601763
28,121,0.016534014,-0.00401014199627021
28,122,-0.002420229,0.00522585904699098
28,123,0.013959278,0.00444066625022588
28,124,0.004795571,0.00264881511242201
28,125,0,-0.00247918860062212
28,126,0.015058842,0.00540043209820331
28,127,-0.005343309,-0.000871624037012419
28,128,0.000688402,-0.00211764075091622
28,129,-0.01355192,-0.00882407577127712
28,130,-0.000572158,0.00046434357186071
28,131,-0.006203068,-0.003118430872118
29,1,-0.02337866,0.0185410826096906
29,2,-0.008599649,0.015114189876222
29,3,0.04024732,-0.0151529883259966
29,4,-0.015830571,-0.00460800768561274
29,5,0.012325743,0.00611272702158513
29,6,-0.006707098,-0.0115184198552672
29,7,-0.021467283,0.0208775051461543
29,8,-0.008647641,0.0115589637794323
29,9,-0.032741573,0.00622468447860991
29,10,-0.044516016,0.00210252066212644
29,11,0.034904051,-0.0130049273459334
29,12,-0.005725048,0.00735112140728585
29,13,-0.012275656,0.00478365061348622
29,14,0.01685499,-0.0223332317763286
29,15,0.031110931,0.0035277879377273
29,16,-0.002337975,0.0291268641983084
29,17,0.017601299,0.00954991214547766
29,18,-0.019313905,-0.00615957135243328
29,19,0.01766298,0.00400337173257755
29,20,-0.020334679,0.0132960852530701
29,21,0,0.00758686002728764
29,22,-0.008025503,-0.0137549034811942
29,23,0.01093973,-0.00307124722526552
29,24,-0.00611345,0.00388505930963233
29,25,0.025216549,-0.00413574236268961
29,26,0.008779882,0.000945116417065
29,27,-0.001132628,0.00274647166098782
29,28,0.014206139,0.00371414928268706
29,29,0.00478355,0.00260571889667385
29,30,-0.003248464,0.0133745085068714
29,31,-0.00159716,-0.00270673544020183
29,32,0.006049513,-0.00123762547221828
29,33,-0.000277692,0.000142613750049139
29,34,0.005370442,0.0024741030965152
29,35,-0.01894756,-0.00385290678886293
29,36,0.013777682,-0.00301537816320705
29,37,-0.009283362,0.0029477218656682
29,38,-0.03561306,0.00978141295330679
29,39,-0.01695535,-0.00725727036476955
29,40,0.004911119,-0.00287800966164658
29,41,0.003163063,0.0158206022551316
29,42,-0.009240018,-0.000648118817011782
29,43,0.019523926,-0.0135784383911165
29,44,0.01945031,-0.00478267773484605
29,45,0.003029349,0.0205660264405333
29,46,-0.008162278,0.00817226410173512
29,47,0,-0.0030141552896271
29,48,0.011465154,0.00882398143950238
29,49,-0.003255616,0.0132440384105301
29,50,0.00015752,-0.00119216616302477
29,51,-0.018279429,-0.0149855798317377
29,52,0.015250702,-3.12360779375934e-05
29,53,0.018253481,0.00784946286509543
29,54,0.000217155,0.00942263713479596
29,55,0.019520681,-0.00896077645962922
29,56,0.008707493,-0.0087362915470051
29,57,0.001807692,0.0139669992743332
29,58,0.003470635,0.0059686211975684
29,59,0.002007762,0.00383592515592154
29,60,0.002182983,0.000824838766752246
29,61,0.008343979,-0.00031792921617088
29,62,0.014732094,-0.000734962554922394
29,63,-0.007618303,-0.00349912599152248
29,64,0.00403614,-0.00124463259208493
29,65,0.002048521,-0.00109042550136564
29,66,-0.004644459,0.00890338521664375
29,67,-0.003427558,0.00305479592663164
29,68,-0.00946078,-0.00397461363027176
29,69,-0.0215476,-0.000513624400340904
29,70,0.002671607,-0.000307652091846797
29,71,0.004507306,0.00397654866079597
29,72,0.006588174,0.00386788191014118
29,73,0.013136331,-0.00527321457294037
29,74,0.000798687,-0.003472296244046
29,75,-0.011165327,0.00563478944654021
29,76,-0.003144563,0.00724419947792798
29,77,-0.010478088,0.0103977792535189
29,78,-0.012597583,0.00622642629619292
29,79,-0.005432496,-0.00299613875865885
29,80,-0.014549103,-0.00457807936125672
29,81,0.026544215,-0.00103414421498101
29,82,-0.006731457,0.00150111830979195
29,83,0.029166024,0.00517275806998593
29,84,-0.003958745,-0.00689857508335869
29,85,-0.001932773,0.0100208357674197
29,86,0.001019292,0.00534699461157863
29,87,-0.00510688,0.00920515752348855
29,88,0,0.00962129200467319
29,89,0.024161011,-0.00797415187166408
29,90,-0.004995479,0.00101782984945803
29,91,0.006111993,-0.00560394020102114
29,92,-0.006540496,-0.00401794205381974
29,93,-0.008519406,0.00817057340740798
29,94,0.01627783,0.00785714795830145
29,95,-0.006931136,0.00424132256200717
29,96,0.008908941,-0.000197911438605252
29,97,0.0068408,-0.0124228909386094
29,98,-0.00873062,0.00633901292263364
29,99,0.009050364,0.00322823569665555
29,100,0.005969129,0.00257685050822218
29,101,0,0.00796487383716719
29,102,0.002913646,-0.00368993063082204
29,103,0.01144228,-0.00070330507680823
29,104,0.002218841,0.0028786841205189
29,105,0.012677698,0.00381509985258683
29,106,-0.010463769,-6.2130296016822e-05
29,107,-0.008870974,-6.70540426422484e-05
29,108,0.012662984,0.000670665275916798
29,109,0.001932913,0.00797567041818498
29,110,0.010222987,0.00399093047959268
29,111,0,-0.010901364122051
29,112,0.000237154,-0.00155942402970268
29,113,0.001923051,0.00316052709334
29,114,-0.001309502,0.00967083327576508
29,115,-0.026442219,0.00412211504311546
29,116,0.007713788,-0.0047553081290648
29,117,-0.010752869,0.000413805957221783
29,118,-0.001753101,0.0075218299430384
29,119,0.000718856,-0.00601505117883676
29,120,0.016534014,-0.00327911391103838
29,121,-0.002420229,0.00474085067987446
29,122,0.013959278,0.00384492824610568
29,123,0.004795571,0.00240895664248412
29,124,0,0.00545143634091361
29,125,0.015058842,0.00677470552913326
29,126,-0.005343309,0.00186532103453748
29,127,0.000688402,0.00390401640133318
29,128,-0.01355192,-0.00552363154191853
29,129,-0.000572158,0.00409666738538847
29,130,-0.006203068,0.000720092100560392
29,131,-0.011698188,0.00291911562685071
30,1,0.04024732,-0.0293359556067191
30,2,-0.015830571,-0.0153919685344657
30,3,0.012325743,0.0350237618709766
30,4,-0.006707098,-0.0237774475443512
30,5,-0.021467283,0.00886714655174479
30,6,-0.008647641,0.00633681737932385
30,7,-0.032741573,-0.0178997929827645
30,8,-0.044516016,-0.00945566844575028
30,9,0.034904051,-0.0190154177416547
30,10,-0.005725048,-0.00339710508823238
30,11,-0.012275656,0.0259796709936128
30,12,0.01685499,-0.0113926970592553
30,13,0.031110931,-0.0157594511156599
30,14,-0.002337975,0.0362620158250098
30,15,0.017601299,0.0119657203682672
30,16,-0.019313905,-0.0403245819405905
30,17,0.01766298,-0.0130149903564296
30,18,-0.020334679,0.00444815224472869
30,19,0,-0.0069858739361956
30,20,-0.008025503,-0.0311817291906326
30,21,0.01093973,-0.0123829781736994
30,22,-0.00611345,0.00830711309788653
30,23,0.025216549,-0.00791358492612653
30,24,0.008779882,-0.00505256038455429
30,25,-0.001132628,-0.0025230452784395
30,26,0.014206139,0.00440388747314865
30,27,0.00478355,-0.0229446540319136
30,28,-0.003248464,0.00648295753557071
30,29,-0.00159716,-0.0157124907233042
30,30,0.006049513,-0.0186716994610116
30,31,-0.000277692,-0.0124446863477859
30,32,0.005370442,0.00190107757905446
30,33,-0.01894756,-0.0138896813694282
30,34,0.013777682,-0.00899385510402445
30,35,-0.009283362,-0.00822214782436622
30,36,-0.03561306,0.00805631705572485
30,37,-0.01695535,-0.0104251009130502
30,38,0.004911119,-0.0250829022401682
30,39,0.003163063,0.0139826954943861
30,40,-0.009240018,0.00665386092684998
30,41,0.019523926,-0.0142688010496459
30,42,0.01945031,-0.0159473752115575
30,43,0.003029349,0.0299837177879498
30,44,-0.008162278,0.00628967893774772
30,45,0,-0.0286381896068055
30,46,0.011465154,-0.0108299278244197
30,47,-0.003255616,0.00322665723031877
30,48,0.00015752,-0.0090502125995758
30,49,-0.018279429,-0.0315650498028915
30,50,0.015250702,-0.00236338955451867
30,51,0.018253481,0.000279559069916067
30,52,0.000217155,0.00428907680956107
30,53,0.019520681,-0.0101529811368937
30,54,0.008707493,-0.0257171358390582
30,55,0.001807692,0.0122768524339331
30,56,0.003470635,-0.00186389304790995
30,57,0.002007762,-0.0179678642213926
30,58,0.002182983,-0.0166616051394923
30,59,0.008343979,-0.00846545956889229
30,60,0.014732094,-0.010784754362417
30,61,-0.007618303,-0.0130119101729021
30,62,0.00403614,-0.000863357972875791
30,63,0.002048521,-0.0148575046997809
30,64,-0.004644459,-0.00201169432670938
30,65,-0.003427558,-0.00228354409460324
30,66,-0.00946078,-0.0185501548281496
30,67,-0.0215476,-0.00861071644597881
30,68,0.002671607,-0.0034755028610135
30,69,0.004507306,-0.00624715069395471
30,70,0.006588174,0.000449127531210506
30,71,0.013136331,-0.00322011365221761
30,72,0.000798687,-0.00963775043658829
30,73,-0.011165327,0.00471320574943826
30,74,-0.003144563,-6.7023100496716e-05
30,75,-0.010478088,-0.00891450335431041
30,76,-0.012597583,-0.00771797247112401
30,77,-0.005432496,-0.0115931695803721
30,78,-0.014549103,-0.0149578016407738
30,79,0.026544215,0.000195839164851025
30,80,-0.006731457,-0.0036072031968275
30,81,0.029166024,0.0125633438712981
30,82,-0.003958745,-0.017164056504358
30,83,-0.001932773,0.00601851217788484
30,84,0.001019292,-0.00264711428690602
30,85,-0.00510688,-0.0149832934851388
30,86,0,6.80357174897263e-05
30,87,0.024161011,-0.025320554911856
30,88,-0.004995479,-0.0072195598235272
30,89,0.006111993,-0.00372459265645067
30,90,-0.006540496,-0.00921971583272197
30,91,-0.008519406,-0.00445210104026593
30,92,0.01627783,0.00107284773340805
30,93,-0.006931136,-0.0145742874797279
30,94,0.008908941,-0.00334919057526506
30,95,0.0068408,-0.0227397611464204
30,96,-0.00873062,0.00220122347430546
30,97,0.009050364,0.00213999608238209
30,98,0.005969129,-0.0133252958796074
30,99,0,-0.00209552336923976
30,100,0.002913646,-0.0101950765050425
30,101,0.01144228,-0.0115691455401696
30,102,0.002218841,-0.00830447441450084
30,103,0.012677698,0.00124694050319579
30,104,-0.010463769,-0.012174428510745
30,105,-0.008870974,-0.00972305206955829
30,106,0.012662984,-0.00930883971561339
30,107,0.001932913,-0.00856459331171128
30,108,0.010222987,0.00219421101006776
30,109,0,-0.0202372315107384
30,110,0.000237154,-0.00778845988080987
30,111,0.001923051,-0.00164557620678761
30,112,-0.001309502,0.000510194069446731
30,113,-0.026442219,-0.00818557193472491
30,114,0.007713788,-0.0145165518691094
30,115,-0.010752869,-0.0156578887958063
30,116,-0.001753101,0.00750863941484225
30,117,0.000718856,-0.00685777700882759
30,118,0.016534014,-0.0137358809583686
30,119,-0.002420229,0.00488507892860408
30,120,0.013959278,0.00545481770928971
30,121,0.004795571,-0.00978069462017836
30,122,0,-0.00823689070672055
30,123,0.015058842,0.00220530821196377
30,124,-0.005343309,-0.0194580812152096
30,125,0.000688402,-0.0026276891403668
30,126,-0.01355192,-0.0187289099969225
30,127,-0.000572158,-0.00535240881537603
30,128,-0.006203068,-0.0105363188292272
30,129,-0.011698188,-0.00256571177560233
30,130,-0.01048581,-0.00800374511033749
30,131,0,-0.013329481173221
31,1,0.034904051,-0.00367381389509869
31,2,-0.005725048,0.00502036759746067
31,3,-0.012275656,0.00714792157887032
31,4,0.01685499,-0.0168248724989856
31,5,0.031110931,-0.0102350088319887
31,6,-0.002337975,0.00326171901974763
31,7,0.017601299,0.00550964865934402
31,8,-0.019313905,-0.020550461057793
31,9,0.01766298,-0.00604841051467934
31,10,-0.020334679,0.00274838386362077
31,11,0,0.00588319466706928
31,12,-0.008025503,-0.0143694113060658
31,13,0.01093973,0.00491321190024206
31,14,-0.00611345,-0.00428168357815819
31,15,0.025216549,0.00275733472331928
31,16,0.008779882,-0.00943748022375887
31,17,-0.001132628,0.00121637943315165
31,18,0.014206139,-0.00870979166111348
31,19,0.00478355,-0.00388501986915531
31,20,-0.003248464,-0.000780108777351896
31,21,-0.00159716,-0.00194120163228259
31,22,0.006049513,-0.00574739934449793
31,23,-0.000277692,-0.00256994692950296
31,24,0.005370442,0.00296582992130071
31,25,-0.01894756,-0.00536448494068697
31,26,0.013777682,-0.00566076614959873
31,27,-0.009283362,-0.00307292875362556
31,28,-0.03561306,0.00512395152599796
31,29,-0.01695535,-0.0110438547087569
31,30,0.004911119,-0.00482847044303371
31,31,0.003163063,0.00539060049887597
31,32,-0.009240018,0.0064643298619244
31,33,0.019523926,-0.0119491860467865
31,34,0.01945031,-0.0121676256578861
31,35,0.003029349,0.00655057323090106
31,36,-0.008162278,-0.00394068497693613
31,37,0,-0.0129532692535297
31,38,0.011465154,-0.00560945175913423
31,39,-0.003255616,0.00780602279075761
31,40,0.00015752,-0.000976496650884603
31,41,-0.018279429,-0.0112711080467871
31,42,0.015250702,-0.00384189840283468
31,43,0.018253481,0.000782895732543274
31,44,0.000217155,0.00717538140008974
31,45,0.019520681,-0.00967438998427256
31,46,0.008707493,-0.00921835056059819
31,47,0.001807692,-0.00148508029962496
31,48,0.003470635,-0.00128555455305114
31,49,0.002007762,-0.00355126604479927
31,50,0.002182983,-0.00529196993078553
31,51,0.008343979,0.00146004849174079
31,52,0.014732094,-0.00239486692495139
31,53,-0.007618303,-0.00313570104585707
31,54,0.00403614,-0.00318189571692115
31,55,0.002048521,-0.00699518699311543
31,56,-0.004644459,0.00113136301139511
31,57,-0.003427558,-0.00138637954129962
31,58,-0.00946078,-0.00344362905839428
31,59,-0.0215476,-0.00537329037093001
31,60,0.002671607,-0.00165787580481383
31,61,0.004507306,-0.000571533607841926
31,62,0.006588174,0.00197382683399611
31,63,0.013136331,-0.00409837077937291
31,64,0.000798687,-0.00648751287575672
31,65,-0.011165327,-0.00659326171909787
31,66,-0.003144563,-0.00371595025631758
31,67,-0.010478088,-0.00302726961711709
31,68,-0.012597583,-0.000104647603754731
31,69,-0.005432496,-0.00201882061702
31,70,-0.014549103,-0.00370456661680169
31,71,0.026544215,-0.00271048850437519
31,72,-0.006731457,0.000304660699566651
31,73,0.029166024,0.000326630849631171
31,74,-0.003958745,-0.012261149124839
31,75,-0.001932773,0.00023321756571701
31,76,0.001019292,-0.0119439852695475
31,77,-0.00510688,0.00369403106112436
31,78,0,-0.00432971316875962
31,79,0.024161011,0.00016410876621817
31,80,-0.004995479,-0.00246135664786822
31,81,0.006111993,-0.00278929418463125
31,82,-0.006540496,-0.00818820091241074
31,83,-0.008519406,-0.00250014768679628
31,84,0.01627783,-0.00260784422395068
31,85,-0.006931136,0.00366382779048991
31,86,0.008908941,-0.00379465187873918
31,87,0.0068408,-0.0076851519928693
31,88,-0.00873062,-0.000480677893909767
31,89,0.009050364,-0.00528513471749783
31,90,0.005969129,-0.00101100243485372
31,91,0,-0.0019765960675616
31,92,0.002913646,-0.00330671857619711
31,93,0.01144228,-0.0041137548826796
31,94,0.002218841,-0.00424680639628939
31,95,0.012677698,0.00110090111469371
31,96,-0.010463769,-0.0050046292039835
31,97,-0.008870974,-0.00489883354610084
31,98,0.012662984,-0.00580760368677176
31,99,0.001932913,0.00313125638495294
31,100,0.010222987,0.000840655314921662
31,101,0,-0.00560827790317589
31,102,0.000237154,-0.00661761816038513
31,103,0.001923051,-0.00495923053335
31,104,-0.001309502,0.00235698575696302
31,105,-0.026442219,-0.00390185650239857
31,106,0.007713788,-0.00494710370849877
31,107,-0.010752869,-0.00418478174769524
31,108,-0.001753101,0.00532798868137437
31,109,0.000718856,-0.00552732176519175
31,110,0.016534014,-0.00313938311457165
31,111,-0.002420229,-0.00506432196205996
31,112,0.013959278,0.0017830454096164
31,113,0.004795571,-0.0100595971726053
31,114,0,-0.0018722366870165
31,115,0.015058842,-0.00389090104364038
31,116,-0.005343309,-0.00159569935533436
31,117,0.000688402,-0.00362841742612349
31,118,-0.01355192,-0.00503229467566598
31,119,-0.000572158,-0.00168791169658356
31,120,-0.006203068,-0.00367402616486167
31,121,-0.011698188,0.00396788108819688
31,122,-0.01048581,-0.00675510331497598
31,123,0,-0.00357170931022675
31,124,-0.024422303,-0.00122721826092429
31,125,0.024364857,-0.000759760141328953
31,126,-0.00384198,-0.00501833386221851
31,127,-0.016513443,0.00256947639713634
31,128,-0.004671876,-0.0124088026495424
31,129,-0.002993816,-0.0044208227629772
31,130,0.023948434,-0.000499964253955612
31,131,0.0026067,0.00626844714490456
32,1,-0.005725048,-0.00558230625337953
32,2,-0.012275656,0.0175547931595031
32,3,0.01685499,-0.0149729873631345
32,4,0.031110931,-0.0143973835668338
32,5,-0.002337975,0.00872417638325535
32,6,0.017601299,0.00949807723846232
32,7,-0.019313905,-0.0234557516992634
32,8,0.01766298,0.00521179345061089
32,9,-0.020334679,-0.00159112221924965
32,10,0,0.00941033291554232
32,11,-0.008025503,-0.0119375855825049
32,12,0.01093973,0.00611932321367055
32,13,-0.00611345,-0.00565617997041756
32,14,0.025216549,0.00668108205225403
32,15,0.008779882,-0.0135666545884282
32,16,-0.001132628,0.00675508883961489
32,17,0.014206139,-0.00834674349684031
32,18,0.00478355,-0.00371475356894755
32,19,-0.003248464,0.00180161142910283
32,20,-0.00159716,0.00153877845180215
32,21,0.006049513,-0.00724975218059206
32,22,-0.000277692,0.000556369793381683
32,23,0.005370442,0.00353683699839714
32,24,-0.01894756,-0.00587103529845452
32,25,0.013777682,-0.000830930572812008
32,26,-0.009283362,-0.00523076901044633
32,27,-0.03561306,0.00852842385238
32,28,-0.01695535,-0.00526110426875036
32,29,0.004911119,-0.00523344929674122
32,30,0.003163063,0.00672257081822061
32,31,-0.009240018,0.0103862950710409
32,32,0.019523926,-0.0115262210835716
32,33,0.01945031,-0.0107695289672634
32,34,0.003029349,0.00786600701353476
32,35,-0.008162278,-0.00148166681109217
32,36,0,-0.00976727108661247
32,37,0.011465154,-0.00271658917176418
32,38,-0.003255616,0.00864670740843607
32,39,0.00015752,0.00071534779089792
32,40,-0.018279429,-0.00920828169402992
32,41,0.015250702,-0.00102385396567172
32,42,0.018253481,-0.00145007921959514
32,43,0.000217155,0.00738629826065571
32,44,0.019520681,-0.00537812349748566
32,45,0.008707493,-0.010852267690285
32,46,0.001807692,0.000100816498708359
32,47,0.003470635,0.00183043246513028
32,48,0.002007762,-0.00512541949125392
32,49,0.002182983,-0.00111065500807805
32,50,0.008343979,0.00246933965103864
32,51,0.014732094,-0.00398182676487043
32,52,-0.007618303,-0.00155822996176342
32,53,0.00403614,-0.000908395984446867
32,54,0.002048521,-0.00782187311824395
32,55,-0.004644459,0.0027609784865575
32,56,-0.003427558,0.00148679176818977
32,57,-0.00946078,-0.00301558076587755
32,58,-0.0215476,-0.00264828519163161
32,59,0.002671607,0.00225601180103318
32,60,0.004507306,-0.00278014232839538
32,61,0.006588174,0.0051587364917759
32,62,0.013136331,-0.00221233027910764
32,63,0.000798687,-0.00692816637638181
32,64,-0.011165327,-0.00293000769768939
32,65,-0.003144563,-0.000680967866208755
32,66,-0.010478088,-0.00279497376399516
32,67,-0.012597583,0.00509690404799023
32,68,-0.005432496,0.000295645946392327
32,69,-0.014549103,-0.00304009327004735
32,70,0.026544215,0.00123188355725506
32,71,-0.006731457,-0.00269382568770351
32,72,0.029166024,0.00481971064330044
32,73,-0.003958745,-0.0130547450367486
32,74,-0.001932773,0.00344583462300569
32,75,0.001019292,-0.00865816390474762
32,76,-0.00510688,0.00411778936124419
32,77,0,-0.00133113558471243
32,78,0.024161011,0.003529783614763
32,79,-0.004995479,-0.00699362116763227
32,80,0.006111993,0.00429774051397334
32,81,-0.006540496,-0.0111309104355216
32,82,-0.008519406,-0.000146856572065879
32,83,0.01627783,0.00109144770040758
32,84,-0.006931136,0.00142036219199768
32,85,0.008908941,0.000766291942267039
32,86,0.0068408,-0.00647893218113743
32,87,-0.00873062,-0.00217164849472847
32,88,0.009050364,0.000111890321648437
32,89,0.005969129,-0.00302774926229823
32,90,0,-3.97351284791452e-05
32,91,0.002913646,0.0011010886992627
32,92,0.01144228,-0.00594827073500436
32,93,0.002218841,-0.00226135996533571
32,94,0.012677698,0.00338963410609465
32,95,-0.010463769,-0.00642184630220484
32,96,-0.008870974,-0.000219803684147332
32,97,0.012662984,-0.00440219445711872
32,98,0.001932913,0.00147431632382656
32,99,0.010222987,0.00446599424652466
32,100,0,-0.00522932473839004
32,101,0.000237154,-0.00601491271401785
32,102,0.001923051,-0.00192013809888115
32,103,-0.001309502,0.00171446505308693
32,104,-0.026442219,-0.00138796527411842
32,105,0.007713788,0.000760512097739023
32,106,-0.010752869,-0.0070039932274719
32,107,-0.001753101,0.0100583248253803
32,108,0.000718856,-0.0045094375661529
32,109,0.016534014,-0.00296167491489908
32,110,-0.002420229,-0.00339076333519154
32,111,0.013959278,0.00515495744737007
32,112,0.004795571,-0.0118710762568734
32,113,0,0.00303245541829953
32,114,0.015058842,-0.00243837958332024
32,115,-0.005343309,-0.00202347532831671
32,116,0.000688402,0.000192860259639898
32,117,-0.01355192,-0.00340134988096038
32,118,-0.000572158,-0.00111521846039992
32,119,-0.006203068,-0.0012912927179949
32,120,-0.011698188,0.00497779160159896
32,121,-0.01048581,-0.00431005298609251
32,122,0,-0.00114134728485798
32,123,-0.024422303,-0.00118364341692642
32,124,0.024364857,0.00515687326928148
32,125,-0.00384198,-0.00882382226691409
32,126,-0.016513443,0.00860771116383351
32,127,-0.004671876,-0.00820026125606436
32,128,-0.002993816,-0.00552054920436919
32,129,0.023948434,0.00393629707126466
32,130,0.0026067,0.00674800747610568
32,131,0.003431619,-0.00470081164243337
33,1,-0.002337975,0.020623338110967
33,2,0.017601299,0.00295569993515438
33,3,-0.019313905,-0.0251165463736112
33,4,0.01766298,-0.00183091163277291
33,5,-0.020334679,0.0017606600506747
33,6,0,-0.00402591207913725
33,7,-0.008025503,-0.0119909361272111
33,8,0.01093973,0.00236242331127402
33,9,-0.00611345,6.83340448217229e-05
33,10,0.025216549,0.00348713174462869
33,11,0.008779882,-0.00640507663078744
33,12,-0.001132628,0.00554233167418137
33,13,0.014206139,-0.00906923059166249
33,14,0.00478355,-0.00462324412670863
33,15,-0.003248464,-0.000960206609116383
33,16,-0.00159716,-0.00433429668735868
33,17,0.006049513,-0.0117864050244938
33,18,-0.000277692,0.000147298635569092
33,19,0.005370442,0.000891410567683237
33,20,-0.01894756,-0.00703479595002212
33,21,0.013777682,-0.00538868079530127
33,22,-0.009283362,5.52663368991728e-05
33,23,-0.03561306,0.00420377807463149
33,24,-0.01695535,-0.0104059433658502
33,25,0.004911119,-0.00438513256112934
33,26,0.003163063,0.0135352255654412
33,27,-0.009240018,0.0123730719886181
33,28,0.019523926,-0.0115262964226662
33,29,0.01945031,-0.00019650819013894
33,30,0.003029349,0.0143697484608068
33,31,-0.008162278,-0.00366100629166304
33,32,0,-0.0152977095579617
33,33,0.011465154,-0.00299936316050567
33,34,-0.003255616,0.00756447685928535
33,35,0.00015752,-0.00618344567545169
33,36,-0.018279429,-0.0115746977881116
33,37,0.015250702,-0.00354696115814473
33,38,0.018253481,0.00448145530453772
33,39,0.000217155,0.00691827112619571
33,40,0.019520681,-0.00824391129717376
33,41,0.008707493,-0.00847385333238382
33,42,0.001807692,0.000189203912386638
33,43,0.003470635,-0.00144103958551474
33,44,0.002007762,-0.0109094474355645
33,45,0.002182983,-0.0048694625697179
33,46,0.008343979,-0.000986874983509451
33,47,0.014732094,-0.00619049107659871
33,48,-0.007618303,-0.00183464327581245
33,49,0.00403614,-0.00524370910656148
33,50,0.002048521,-0.0078094420037694
33,51,-0.004644459,0.000810144483219119
33,52,-0.003427558,-0.00147031833835574
33,53,-0.00946078,-0.00643058423786606
33,54,-0.0215476,-0.00425657939486968
33,55,0.002671607,0.000135908571271518
33,56,0.004507306,0.00065986715570799
33,57,0.006588174,0.00693647332868938
33,58,0.013136331,0.000585499065143148
33,59,0.000798687,-0.0036660218400411
33,60,-0.011165327,-0.00129175768432424
33,61,-0.003144563,-0.00256595087866637
33,62,-0.010478088,-0.0043822489230605
33,63,-0.012597583,0.00127095926653176
33,64,-0.005432496,-0.00261781526667365
33,65,-0.014549103,-0.00288331367909496
33,66,0.026544215,0.00219390081098359
33,67,-0.006731457,0.0066822297569659
33,68,0.029166024,0.00276076174340495
33,69,-0.003958745,-0.00444913046838488
33,70,-0.001932773,-0.000705309682080854
33,71,0.001019292,-0.00746191764169193
33,72,-0.00510688,-0.000547495264467084
33,73,0,-0.0047218092312841
33,74,0.024161011,-0.000305188410894307
33,75,-0.004995479,-0.00432112701471525
33,76,0.006111993,0.000577341296171397
33,77,-0.006540496,-0.00950880777127963
33,78,-0.008519406,-0.00315898744448967
33,79,0.01627783,1.63908395705412e-05
33,80,-0.006931136,0.00116976550765497
33,81,0.008908941,-0.00404339280779018
33,82,0.0068408,-0.00455236403207054
33,83,-0.00873062,-0.00197962955599002
33,84,0.009050364,-0.00115119213886213
33,85,0.005969129,-0.00283253879973725
33,86,0,-0.00155525013383936
33,87,0.002913646,-0.000996088183440562
33,88,0.01144228,-0.00773480059723095
33,89,0.002218841,-0.00102864278998268
33,90,0.012677698,0.00114892745201136
33,91,-0.010463769,-0.0070012349351165
33,92,-0.008870974,-0.00571169918212956
33,93,0.012662984,-0.00587957821193009
33,94,0.001932913,0.00206930836330224
33,95,0.010222987,0.00184937728353465
33,96,0,-0.00571952989819251
33,97,0.000237154,-0.00747847180111541
33,98,0.001923051,-0.000555636851915929
33,99,-0.001309502,5.8999924862937e-05
33,100,-0.026442219,-0.00425342015149283
33,101,0.007713788,-0.00603290272100906
33,102,-0.010752869,-0.00299177993947891
33,103,-0.001753101,0.00763463282323406
33,104,0.000718856,-0.00226402314504314
33,105,0.016534014,-0.00223067700277891
33,106,-0.002420229,0.00390970612877622
33,107,0.013959278,0.00370093941455642
33,108,0.004795571,-0.00896140894068943
33,109,0,0.00120720851977612
33,110,0.015058842,-0.00397229785923074
33,111,-0.005343309,-0.003692227849084
33,112,0.000688402,-0.00500464802065482
33,113,-0.01355192,-0.00543890840554087
33,114,-0.000572158,-0.00624600838939624
33,115,-0.006203068,-0.000442717743830421
33,116,-0.011698188,0.00211710077756977
33,117,-0.01048581,-0.00531782472241516
33,118,0,-0.000615325541327601
33,119,-0.024422303,0.00320004434483726
33,120,0.024364857,0.00301918367816099
33,121,-0.00384198,0.000501471478487535
33,122,-0.016513443,0.00736277543174229
33,123,-0.004671876,-0.00732181575915025
33,124,-0.002993816,-0.00422695681451081
33,125,0.023948434,0.00735485022667243
33,126,0.0026067,0.010224515880019
33,127,0.003431619,-0.00863975992777482
33,128,-0.003072111,-0.00874757991700314
33,129,-0.003081578,-0.000872693470242803
33,130,-0.016915168,0.000313898625693948
33,131,-0.00435122,-0.00249422563931425
34,1,0.017601299,0.00596710466424563
34,2,-0.019313905,-0.0203348922640009
34,3,0.01766298,-0.00522509262066871
34,4,-0.020334679,-0.00320664488904627
34,5,0,-0.0033621156659931
34,6,-0.008025503,-0.0122291051613388
34,7,0.01093973,0.00275415276856036
34,8,-0.00611345,-0.00556273623795755
34,9,0.025216549,0.00528883777049726
34,10,0.008779882,-0.00902301096405461
34,11,-0.001132628,0.00291018119765932
34,12,0.014206139,-0.00861477550281061
34,13,0.00478355,-0.00468939649076019
34,14,-0.003248464,-0.00702041563822649
34,15,-0.00159716,-0.00333308825433135
34,16,0.006049513,-0.0106190464146007
34,17,-0.000277692,-0.00434419699303583
34,18,0.005370442,-0.000702119074771971
34,19,-0.01894756,-0.00660510511509434
34,20,0.013777682,-0.00447877384834223
34,21,-0.009283362,-0.00288853045498793
34,22,-0.03561306,0.0014073308853248
34,23,-0.01695535,-0.00620427504728778
34,24,0.004911119,-0.00153001974466427
34,25,0.003163063,0.00363333837503346
34,26,-0.009240018,0.0101855920404374
34,27,0.019523926,-0.00501747464253265
34,28,0.01945031,-0.00238985244408742
34,29,0.003029349,0.00664146604510081
34,30,-0.008162278,-0.00292012466221996
34,31,0,-0.0107219430784644
34,32,0.011465154,-0.0073055152622232
34,33,-0.003255616,0.00151084099783092
34,34,0.00015752,-0.00575427436870177
34,35,-0.018279429,-0.00891145755287317
34,36,0.015250702,-0.00386614266845672
34,37,0.018253481,-0.000359354096669151
34,38,0.000217155,0.00219805802497328
34,39,0.019520681,-0.00697003911637704
34,40,0.008707493,-0.00625445508624217
34,41,0.001807692,-0.00567924501474839
34,42,0.003470635,-0.00271304449133067
34,43,0.002007762,-0.00968653348470915
34,44,0.002182983,-0.00861269213206614
34,45,0.008343979,-0.00239456796001459
34,46,0.014732094,-0.00721492121265388
34,47,-0.007618303,-0.00458706392075413
34,48,0.00403614,-0.00470490696081576
34,49,0.002048521,-0.00737766115705609
34,50,-0.004644459,-0.00301882359331587
34,51,-0.003427558,-0.00340461595676556
34,52,-0.00946078,-0.00457264869903004
34,53,-0.0215476,-0.00571728718929468
34,54,0.002671607,0.000383895223924581
34,55,0.004507306,-0.000993338132156239
34,56,0.006588174,0.00254754885478157
34,57,0.013136331,0.000407906156056932
34,58,0.000798687,-0.00270332456777456
34,59,-0.011165327,-0.00359738663444602
34,60,-0.003144563,-0.00188211143360477
34,61,-0.010478088,-0.00564607033898946
34,62,-0.012597583,-0.00194143555163812
34,63,-0.005432496,-0.00195470245653838
34,64,-0.014549103,-0.00262171883428312
34,65,0.026544215,0.000655145040414277
34,66,-0.006731457,0.00321146764843708
34,67,0.029166024,0.00142286611167004
34,68,-0.003958745,-0.00470074447319928
34,69,-0.001932773,-0.00110851579384166
34,70,0.001019292,-0.0092336777337231
34,71,-0.00510688,-0.000381711830376868
34,72,0,-0.00975358933122767
34,73,0.024161011,0.00072152344992449
34,74,-0.004995479,-0.00781143111120718
34,75,0.006111993,-0.000740608024145199
34,76,-0.006540496,-0.00698216476063804
34,77,-0.008519406,-0.00477640060828839
34,78,0.01627783,-0.00336778776082312
34,79,-0.006931136,-0.000460412330590965
34,80,0.008908941,-0.00624992609496793
34,81,0.0068408,-0.00301118922310822
34,82,-0.00873062,-0.00391123068644767
34,83,0.009050364,-0.00343738455301645
34,84,0.005969129,-0.00215526802190105
34,85,0,-0.00596616199559931
34,86,0.002913646,-0.00170493010027506
34,87,0.01144228,-0.00629809834802345
34,88,0.002218841,-0.00520490648344074
34,89,0.012677698,-0.000751350435380062
34,90,-0.010463769,-0.00718789205638818
34,91,-0.008870974,-0.00588097473960634
34,92,0.012662984,-0.00592960458206257
34,93,0.001932913,-0.00164045149999195
34,94,0.010222987,-0.00244194806800121
34,95,0,-0.00361887240632142
34,96,0.000237154,-0.00727320839877696
34,97,0.001923051,-0.00322945581614383
34,98,-0.001309502,-0.00128115071459302
34,99,-0.026442219,-0.00628542504543852
34,100,0.007713788,-0.00347299646938687
34,101,-0.010752869,-0.00471372729481203
34,102,-0.001753101,0.00328891097756932
34,103,0.000718856,-0.00154770161783238
34,104,0.016534014,-0.00075389400444645
34,105,-0.002420229,-0.00197765301175186
34,106,0.013959278,0.00408763781190124
34,107,0.004795571,-0.00902576586133948
34,108,0,-0.00151644321362972
34,109,0.015058842,-0.00578934242307235
34,110,-0.005343309,-0.00441548413863644
34,111,0.000688402,-0.00760271119846922
34,112,-0.01355192,-0.00457307923046957
34,113,-0.000572158,-0.00618232506580801
34,114,-0.006203068,-0.00365374766892108
34,115,-0.011698188,0.00123647239722187
34,116,-0.01048581,-0.00509693898114642
34,117,0,0.000530462012902816
34,118,-0.024422303,-0.000235154598617584
34,119,0.024364857,0.00353630304282704
34,120,-0.00384198,-0.00133724854079488
34,121,-0.016513443,0.00373691858540107
34,122,-0.004671876,-0.00386153509889231
34,123,-0.002993816,-0.00172017361755948
34,124,0.023948434,-0.00109347737338337
34,125,0.0026067,0.00718433554137085
34,126,0.003431619,-0.007226674187912
34,127,-0.003072111,-0.00700487600172213
34,128,-0.003081578,-0.00191669084427759
34,129,-0.016915168,-0.00413338353577985
34,130,-0.00435122,-0.00139067842031078
34,131,0.006797803,-0.00748833138569128
35,1,-0.019313905,-0.026673835819474
35,2,0.01766298,-0.00562769839849894
35,3,-0.020334679,0.00202362432577227
35,4,0,-0.0133649733168754
35,5,-0.008025503,-0.0114105449158545
35,6,0.01093973,-0.00939879229318385
35,7,-0.00611345,-0.00543448541032444
35,8,0.025216549,-0.00371869840143402
35,9,0.008779882,-0.0118060901327099
35,10,-0.001132628,-0.00204033147226669
35,11,0.014206139,-0.0128691477466251
35,12,0.00478355,-0.00748490784834251
35,13,-0.003248464,-0.00674031080918323
35,14,-0.00159716,-0.00669068179710997
35,15,0.006049513,-0.0195362764253183
35,16,-0.000277692,-0.00487581304259197
35,17,0.005370442,-0.00724722526965281
35,18,-0.01894756,-0.0135948747851052
35,19,0.013777682,-0.0118563922980361
35,20,-0.009283362,-0.00194439583452277
35,21,-0.03561306,-0.00382170225182599
35,22,-0.01695535,-0.00958057673092278
35,23,0.004911119,-0.00503327000202853
35,24,0.003163063,0.010866303013111
35,25,-0.009240018,0.00932938331987421
35,26,0.019523926,-0.0188391989311371
35,27,0.01945031,-0.00283704369867234
35,28,0.003029349,0.00828927612590493
35,29,-0.008162278,-0.0043947306310462
35,30,0,-0.0160248508784391
35,31,0.011465154,-0.00365233240338335
35,32,-0.003255616,0.00440212046860781
35,33,0.00015752,-0.0132231377529181
35,34,-0.018279429,-0.0174177646085945
35,35,0.015250702,-0.0121075786176898
35,36,0.018253481,0.00271476182429343
35,37,0.000217155,-0.00166412422671671
35,38,0.019520681,-0.0138934285075689
35,39,0.008707493,-0.0153774162231238
35,40,0.001807692,-0.00876947295154408
35,41,0.003470635,-0.00225759293089046
35,42,0.002007762,-0.0166187637622143
35,43,0.002182983,-0.00902060102983371
35,44,0.008343979,-0.00768363339356425
35,45,0.014732094,-0.0150902592543615
35,46,-0.007618303,-0.0097887853724111
35,47,0.00403614,-0.0144509449692654
35,48,0.002048521,-0.0117915041643647
35,49,-0.004644459,-0.00541072726450215
35,50,-0.003427558,-0.00456479084671452
35,51,-0.00946078,-0.011733156903261
35,52,-0.0215476,-0.0098901665971586
35,53,0.002671607,-0.00263286897491021
35,54,0.004507306,-0.00214804934243432
35,55,0.006588174,0.00166185140736727
35,56,0.013136331,-0.00412553907106391
35,57,0.000798687,-0.0110076248689467
35,58,-0.011165327,-0.00592882817249717
35,59,-0.003144563,-0.00272081096394334
35,60,-0.010478088,-0.00442961542126353
35,61,-0.012597583,0.000458207604859113
35,62,-0.005432496,-0.00518599804296874
35,63,-0.014549103,-0.00835767720654315
35,64,0.026544215,-0.0026851710205924
35,65,-0.006731457,0.00336609993832324
35,66,0.029166024,-0.00676151825855658
35,67,-0.003958745,-0.00384218280663139
35,68,-0.001932773,-0.011215075335563
35,69,0.001019292,-0.00384779646719813
35,70,-0.00510688,-0.00377726795660977
35,71,0,-0.00719359904793324
35,72,0.024161011,-0.00297634090659827
35,73,-0.004995479,-0.0154036556996819
35,74,0.006111993,-0.00809314433516064
35,75,-0.006540496,-0.0151845322976454
35,76,-0.008519406,-0.0096494752117851
35,77,0.01627783,0.000807225973140607
35,78,-0.006931136,-0.00289721807427211
35,79,0.008908941,-0.0122812341767872
35,80,0.0068408,-0.00796402045098524
35,81,-0.00873062,-0.01341692935956
35,82,0.009050364,-0.0030661028092956
35,83,0.005969129,-0.00598231052148001
35,84,0,-0.00797471083414205
35,85,0.002913646,-0.00388590935453976
35,86,0.01144228,-0.0154705084941292
35,87,0.002218841,-0.00608470984639243
35,88,0.012677698,-0.00506916230511584
35,89,-0.010463769,-0.0126721254100848
35,90,-0.008870974,-0.0123925438356854
35,91,0.012662984,-0.0077973952965246
35,92,0.001932913,-0.00305410578619447
35,93,0.010222987,-0.00464182327466989
35,94,0,-0.0115343522312412
35,95,0.000237154,-0.0178848099949625
35,96,0.001923051,-0.00322375427202803
35,97,-0.001309502,-0.00464782766222385
35,98,-0.026442219,-0.0072464844053101
35,99,0.007713788,-0.00908705985639231
35,100,-0.010752869,-0.00549502246428436
35,101,-0.001753101,0.0002671783820942
35,102,0.000718856,-0.00371841796110268
35,103,0.016534014,-0.00991524979665373
35,104,-0.002420229,0.000311342339216627
35,105,0.013959278,-0.00174942125550857
35,106,0.004795571,-0.0113915509253566
35,107,0,-0.00305526972426163
35,108,0.015058842,-0.00663999724730145
35,109,-0.005343309,-0.00781187378315582
35,110,0.000688402,-0.0122806448308796
35,111,-0.01355192,-0.0082935643669035
35,112,-0.000572158,-0.0146684709150313
35,113,-0.006203068,-0.00149612514864748
35,114,-0.011698188,-0.00502710879755255
35,115,-0.01048581,-0.00927002761996654
35,116,0,-0.00442536328224024
35,117,-0.024422303,-0.000991040932613955
35,118,0.024364857,0.00104198446623709
35,119,-0.00384198,0.000409505734491473
35,120,-0.016513443,-0.00120631347789617
35,121,-0.004671876,-0.00586715884665017
35,122,-0.002993816,-0.00686720094128459
35,123,0.023948434,0.00767054235585943
35,124,0.0026067,0.0101101233386197
35,125,0.003431619,-0.0195164475638877
35,126,-0.003072111,-0.0107733521029893
35,127,-0.003081578,-0.00833956956489708
35,128,-0.016915168,0.00096711067920064
35,129,-0.00435122,-0.00316987296018616
35,130,0.006797803,-0.009261642591055
35,131,0.011406415,-0.000731737522751988
36,1,0.01766298,-0.000274892006393395
36,2,-0.020334679,-0.00422689333917026
36,3,0,-0.000669996034565
36,4,-0.008025503,-0.00972748851979972
36,5,0.01093973,-0.00107921335363671
36,6,-0.00611345,-0.00276822047831176
36,7,0.025216549,0.00551977530824169
36,8,0.008779882,-0.00707314490054081
36,9,-0.001132628,0.00728448400219007
36,10,0.014206139,-0.0052291159541066
36,11,0.00478355,-0.00481973083758276
36,12,-0.003248464,-0.00108188641128227
36,13,-0.00159716,-0.0010621109595207
36,14,0.006049513,-0.0112040585813847
36,15,-0.000277692,-0.001956371301545
36,16,0.005370442,0.000181943535060866
36,17,-0.01894756,-0.00561300375859713
36,18,0.013777682,-0.00329947505710845
36,19,-0.009283362,-0.00435530409710689
36,20,-0.03561306,0.00432067675757726
36,21,-0.01695535,-0.00459661051418679
36,22,0.004911119,-0.0082981135533065
36,23,0.003163063,0.00589348021248033
36,24,-0.009240018,0.0142065319788928
36,25,0.019523926,-0.00440315917835847
36,26,0.01945031,-0.00203152637849501
36,27,0.003029349,0.0109829028996043
36,28,-0.008162278,0.00335455641788171
36,29,0,-0.00885131546722052
36,30,0.011465154,-0.00547860315745813
36,31,-0.003255616,0.00396173417955777
36,32,0.00015752,-0.00169753156571944
36,33,-0.018279429,-0.00837393256526042
36,34,0.015250702,-0.00510531863052275
36,35,0.018253481,-0.0012880138194416
36,36,0.000217155,0.00624067058055994
36,37,0.019520681,-0.000664200142018076
36,38,0.008707493,-0.00786125569344147
36,39,0.001807692,-0.00139248436113557
36,40,0.003470635,0.000870275278721615
36,41,0.002007762,-0.00920610359800731
36,42,0.002182983,-0.00429792960267715
36,43,0.008343979,-0.00191717288035204
36,44,0.014732094,-0.00635070613674352
36,45,-0.007618303,-0.00177041288878405
36,46,0.00403614,-0.00292849130593849
36,47,0.002048521,-0.0082081927769195
36,48,-0.004644459,-0.00131406663860781
36,49,-0.003427558,-0.000191880562607146
36,50,-0.00946078,-0.00519273999750729
36,51,-0.0215476,-0.00441387840467694
36,52,0.002671607,-0.000434338360388374
36,53,0.004507306,-0.00311625787975527
36,54,0.006588174,0.00615226107736836
36,55,0.013136331,0.0033659715566318
36,56,0.000798687,-0.001933876392341
36,57,-0.011165327,0.000442228398539925
36,58,-0.003144563,-0.000821918386696385
36,59,-0.010478088,-0.00505905888927437
36,60,-0.012597583,0.00163373553567228
36,61,-0.005432496,-0.0015943662982056
36,62,-0.014549103,-0.00372402197964897
36,63,0.026544215,0.001510974776155
36,64,-0.006731457,0.00250267182509173
36,65,0.029166024,0.00681279362528096
36,66,-0.003958745,-0.0022943659300789
36,67,-0.001932773,0.00166098386380666
36,68,0.001019292,-0.00458639803843965
36,69,-0.00510688,-0.00193504468820487
36,70,0,-0.00365128870440126
36,71,0.024161011,0.000732779481909632
36,72,-0.004995479,-0.00673389196466364
36,73,0.006111993,0.00438204458206749
36,74,-0.006540496,-0.00885376023790019
36,75,-0.008519406,-0.00384924190264325
36,76,0.01627783,-0.00042604551485275
36,77,-0.006931136,-0.00107965055868359
36,78,0.008908941,-0.000226298365019392
36,79,0.0068408,-0.00335923404374709
36,80,-0.00873062,-0.00402310640516476
36,81,0.009050364,0.00107886050285285
36,82,0.005969129,-0.00392735982419739
36,83,0,-0.00131376689598909
36,84,0.002913646,0.00167152964986371
36,85,0.01144228,-0.00719620832308798
36,86,0.002218841,-0.00201028693594949
36,87,0.012677698,0.0018471641846972
36,88,-0.010463769,-0.00565629931510327
36,89,-0.008870974,-0.00295575011677086
36,90,0.012662984,-0.00630444497381054
36,91,0.001932913,-0.00228715037296333
36,92,0.010222987,0.00332899693920517
36,93,0,-0.00277982684757188
36,94,0.000237154,-0.00639057518935502
36,95,0.001923051,-0.00132045176717049
36,96,-0.001309502,-0.00132603928636032
36,97,-0.026442219,-0.00236307736929341
36,98,0.007713788,-0.0026923291827711
36,99,-0.010752869,-0.00756154192765557
36,100,-0.001753101,0.00620892114008841
36,101,0.000718856,-0.000355145047725622
36,102,0.016534014,-0.00210519785704565
36,103,-0.002420229,0.00233382537879856
36,104,0.013959278,0.00638948234835498
36,105,0.004795571,-0.00677281464050874
36,106,0,0.00237339661235902
36,107,0.015058842,-0.00236722529303941
36,108,-0.005343309,-0.00358425532190549
36,109,0.000688402,-0.00259419183942003
36,110,-0.01355192,-0.00452612361192952
36,111,-0.000572158,-0.00681011820121753
36,112,-0.006203068,-0.00235440056732092
36,113,-0.011698188,0.00091702444703273
36,114,-0.01048581,-0.00334084006065789
36,115,0,-0.0013619330358575
36,116,-0.024422303,8.14263473116162e-05
36,117,0.024364857,0.00532758851795543
36,118,-0.00384198,-0.00240511239048367
36,119,-0.016513443,0.0094778362512256
36,120,-0.004671876,-0.00142450051576686
36,121,-0.002993816,-0.00619651765497182
36,122,0.023948434,0.00436766636376424
36,123,0.0026067,0.00963214380694334
36,124,0.003431619,-0.00188967955571474
36,125,-0.003072111,-0.00430621013439993
36,126,-0.003081578,-0.0039174550810073
36,127,-0.016915168,-0.000457792461132662
36,128,-0.00435122,-2.84774315856735e-05
36,129,0.006797803,-0.00699424590997589
36,130,0.011406415,0.00265880691354939
36,131,-0.005556013,0.00234700978888589
37,1,-0.008025503,-0.0066462549342257
37,2,0.01093973,-0.00185174694647333
37,3,-0.00611345,0.00129565336412221
37,4,0.025216549,0.00108969967717452
37,5,0.008779882,-0.0014026755059776
37,6,-0.001132628,0.000430178448927215
37,7,0.014206139,-0.00511334420061793
37,8,0.00478355,-0.00596774234959123
37,9,-0.003248464,-0.00495105028938497
37,10,-0.00159716,-0.00519774179279864
37,11,0.006049513,-0.00940092766312844
37,12,-0.000277692,-0.00320169836518456
37,13,0.005370442,-0.00124590170162567
37,14,-0.01894756,-0.0044397106171502
37,15,0.013777682,-0.00550591978080682
37,16,-0.009283362,-0.000227755517090486
37,17,-0.03561306,-0.000708759507538661
37,18,-0.01695535,-0.005583617185165
37,19,0.004911119,-0.00343949734431398
37,20,0.003163063,0.00668227023062187
37,21,-0.009240018,0.00968026438620329
37,22,0.019523926,-0.00210739654764766
37,23,0.01945031,0.00171038612709712
37,24,0.003029349,0.00718291822425144
37,25,-0.008162278,-0.00191540121739854
37,26,0,-0.0112141277620732
37,27,0.011465154,-0.00633686348313525
37,28,-0.003255616,0.000469474474162206
37,29,0.00015752,-0.00515367606152057
37,30,-0.018279429,-0.00714998932279829
37,31,0.015250702,-0.00472617414886858
37,32,0.018253481,0.00205793973461039
37,33,0.000217155,0.00221073832282658
37,34,0.019520681,-0.00383690068715405
37,35,0.008707493,-0.0050317911652357
37,36,0.001807692,-0.00383576558621391
37,37,0.003470635,-0.00363126577849545
37,38,0.002007762,-0.00977508314661525
37,39,0.002182983,-0.00720961106502853
37,40,0.008343979,-0.00337600101908126
37,41,0.014732094,-0.00521341662726133
37,42,-0.007618303,-0.00289976696246454
37,43,0.00403614,-0.00489386595421913
37,44,0.002048521,-0.0058496102180351
37,45,-0.004644459,-0.00349987350141548
37,46,-0.003427558,-0.00276300136078056
37,47,-0.00946078,-0.00506857740951454
37,48,-0.0215476,-0.00431185764974932
37,49,0.002671607,-0.00126876812539951
37,50,0.004507306,0.000699331467900325
37,51,0.006588174,0.00354702810417112
37,52,0.013136331,0.00284983589655514
37,53,0.000798687,-0.000754062108368296
37,54,-0.011165327,-0.00179876260767951
37,55,-0.003144563,-0.00340385291954194
37,56,-0.010478088,-0.00537267593281282
37,57,-0.012597583,-0.00281461295402833
37,58,-0.005432496,-0.00211465969640897
37,59,-0.014549103,-0.00166451151831848
37,60,0.026544215,0.001317697693246
37,61,-0.006731457,0.00641631349131719
37,62,0.029166024,0.00135716895792338
37,63,-0.003958745,0.000874903748766537
37,64,-0.001932773,-0.00399058836515132
37,65,0.001019292,-0.00520063521844798
37,66,-0.00510688,-0.00518400490710733
37,67,0,-0.00595927842736417
37,68,0.024161011,-0.00221093303386093
37,69,-0.004995479,-0.0026508104152193
37,70,0.006111993,-0.00156808929957977
37,71,-0.006540496,-0.00448476350812361
37,72,-0.008519406,-0.00597570001182821
37,73,0.01627783,-0.00248336073412977
37,74,-0.006931136,-0.00108259269241119
37,75,0.008908941,-0.00423160925114322
37,76,0.0068408,-0.00169988820285402
37,77,-0.00873062,-0.00301508508392272
37,78,0.009050364,-0.0023119418196207
37,79,0.005969129,-0.00275655440842268
37,80,0,-0.00377371303191534
37,81,0.002913646,-0.00181566631171144
37,82,0.01144228,-0.0054816210370679
37,83,0.002218841,-0.00287665883984144
37,84,0.012677698,-0.00144005126628213
37,85,-0.010463769,-0.00484044851812741
37,86,-0.008870974,-0.0067847959130864
37,87,0.012662984,-0.00527149211058368
37,88,0.001932913,-0.00169648731979906
37,89,0.010222987,-0.000850496665880707
37,90,0,-0.00242886201999246
37,91,0.000237154,-0.00579706582844269
37,92,0.001923051,-0.00211835394701936
37,93,-0.001309502,-0.00245142607918154
37,94,-0.026442219,-0.0046938129082869
37,95,0.007713788,-0.00587281351058832
37,96,-0.010752869,-0.00199834103068643
37,97,-0.001753101,0.00167746893359787
37,98,0.000718856,0.00133641691504671
37,99,0.016534014,-0.00112997634218849
37,100,-0.002420229,0.00306636775319516
37,101,0.013959278,0.00157564681398171
37,102,0.004795571,-0.00436040964274236
37,103,0,-0.00303463374943224
37,104,0.015058842,-0.0039740905409164
37,105,-0.005343309,-0.00478351211835111
37,106,0.000688402,-0.00640021184545166
37,107,-0.01355192,-0.00469818807627687
37,108,-0.000572158,-0.00695353314343953
37,109,-0.006203068,-0.00193384384129682
37,110,-0.011698188,-0.000581607495127174
37,111,-0.01048581,-0.00262104826608769
37,112,0,-0.000500259565097123
37,113,-0.024422303,0.00223347603424704
37,114,0.024364857,0.00156074618319756
37,115,-0.00384198,0.00328717420013207
37,116,-0.016513443,0.00270377634615017
37,117,-0.004671876,-0.00137716612432995
37,118,-0.002993816,-0.00363674402647919
37,119,0.023948434,0.00184715506113918
37,120,0.0026067,0.00658051582569817
37,121,0.003431619,-0.00445167188253885
37,122,-0.003072111,-0.00448495559079799
37,123,-0.003081578,-0.00341925870024516
37,124,-0.016915168,-0.00285545723947003
37,125,-0.00435122,-0.00467206733316205
37,126,0.006797803,-0.00500690438953686
37,127,0.011406415,0.00174474862447809
37,128,-0.005556013,0.00281223530208712
37,129,-0.012780802,-0.00230792065617575
37,130,-0.008344725,-0.00484544353750809
37,131,0.009978869,-0.000754186156716996
38,1,-0.00611345,-0.0097734115835057
38,2,0.025216549,0.00535965756268479
38,3,0.008779882,-0.0105067229265543
38,4,-0.001132628,0.00477520184910213
38,5,0.014206139,-0.00855490205325222
38,6,0.00478355,-0.00129273684601387
38,7,-0.003248464,-0.0064830236457582
38,8,-0.00159716,-0.000890095022337817
38,9,0.006049513,-0.00718650765246849
38,10,-0.000277692,-0.00238392642727548
38,11,0.005370442,-0.00249279632098667
38,12,-0.01894756,-0.0051481854640052
38,13,0.013777682,-0.00118352195241502
38,14,-0.009283362,-0.00554825466483492
38,15,-0.03561306,-0.000199184555336532
38,16,-0.01695535,-0.00437216144951458
38,17,0.004911119,-0.00162232357115717
38,18,0.003163063,-0.00391797693794433
38,19,-0.009240018,0.00375100116856094
38,20,0.019523926,-0.00344416273370017
38,21,0.01945031,-0.00110123216196866
38,22,0.003029349,-0.000288065879313685
38,23,-0.008162278,-0.00396672486071571
38,24,0,-0.003425004800194
38,25,0.011465154,-0.00497345799176744
38,26,-0.003255616,-0.0021382869606206
38,27,0.00015752,-0.00429650071870295
38,28,-0.018279429,-0.00290450309125667
38,29,0.015250702,-0.00237759882229943
38,30,0.018253481,-0.00536261443989747
38,31,0.000217155,-0.000779718511218408
38,32,0.019520681,-0.00345242948977044
38,33,0.008707493,-0.00215374058359379
38,34,0.001807692,-0.00534871077584442
38,35,0.003470635,-0.00250795036941634
38,36,0.002007762,-0.00644104143816828
38,37,0.002182983,-0.00407745445529824
38,38,0.008343979,-0.00208803800680511
38,39,0.014732094,-0.00610777222443389
38,40,-0.007618303,-0.00220466313481956
38,41,0.00403614,-0.00295768953700498
38,42,0.002048521,-0.00568887310463514
38,43,-0.004644459,-0.00283663798801993
38,44,-0.003427558,-0.0038454135573204
38,45,-0.00946078,-0.00273166720549745
38,46,-0.0215476,-0.00412543302197417
38,47,0.002671607,-0.000733623393457937
38,48,0.004507306,-0.00499318297483567
38,49,0.006588174,8.7357434775337e-06
38,50,0.013136331,-0.00134650657808327
38,51,0.000798687,-0.00193016726825658
38,52,-0.011165327,-0.00286702567039118
38,53,-0.003144563,-0.00224583219236655
38,54,-0.010478088,-0.00586808141902169
38,55,-0.012597583,-0.00150043275161785
38,56,-0.005432496,-0.00255550356873354
38,57,-0.014549103,-0.00264474381860804
38,58,0.026544215,-0.00101878463491865
38,59,-0.006731457,-0.00248866496828834
38,60,0.029166024,0.000351268575853654
38,61,-0.003958745,-0.00459053553282238
38,62,-0.001932773,0.00090298596637274
38,63,0.001019292,-0.00831074333393217
38,64,-0.00510688,0.000577330527677714
38,65,0,-0.00915730685389061
38,66,0.024161011,0.00273997882500943
38,67,-0.004995479,-0.00854704443122577
38,68,0.006111993,0.0024748416608989
38,69,-0.006540496,-0.00683733011214139
38,70,-0.008519406,-0.00257302809584933
38,71,0.01627783,-0.00472488392972713
38,72,-0.006931136,-0.00226670977411412
38,73,0.008908941,-0.00378767434335676
38,74,0.0068408,-0.00103052744118899
38,75,-0.00873062,-0.00433992260169807
38,76,0.009050364,-0.00293975663729432
38,77,0.005969129,-0.00302755280817268
38,78,0,-0.00503757424542391
38,79,0.002913646,-0.000314294427993817
38,80,0.01144228,-0.0051218403961393
38,81,0.002218841,-0.00372200343466634
38,82,0.012677698,-0.00133708431889997
38,83,-0.010463769,-0.00596985097687656
38,84,-0.008870974,-0.00161356603425921
38,85,0.012662984,-0.00523624353305541
38,86,0.001932913,-0.00339272121939376
38,87,0.010222987,-0.00299098772744693
38,88,0,-0.00166355139045192
38,89,0.000237154,-0.00419096014988691
38,90,0.001923051,-0.00303017876829144
38,91,-0.001309502,-0.00335320839049108
38,92,-0.026442219,-0.00502038290840589
38,93,0.007713788,-0.000325824205496905
38,94,-0.010752869,-0.006450246202542
38,95,-0.001753101,0.000999895530073148
38,96,0.000718856,-0.00403925794564086
38,97,0.016534014,-0.000138034881945788
38,98,-0.002420229,-0.00446446965559411
38,99,0.013959278,0.00235916960599938
38,100,0.004795571,-0.00839212693224271
38,101,0,0.00129738220620228
38,102,0.015058842,-0.00629799244103761
38,103,-0.005343309,-0.00243547657906792
38,104,0.000688402,-0.00471767211388641
38,105,-0.01355192,-0.00241025529262705
38,106,-0.000572158,-0.00479815101813014
38,107,-0.006203068,-0.00400289505214181
38,108,-0.011698188,-0.000721372291452659
38,109,-0.01048581,-0.004864294069198
38,110,0,0.000452818714920326
38,111,-0.024422303,-0.00448862273401554
38,112,0.024364857,0.00140024602420888
38,113,-0.00384198,-0.00540247321849332
38,114,-0.016513443,0.00284743352151085
38,115,-0.004671876,-0.00397768806920487
38,116,-0.002993816,-0.00138833971380359
38,117,0.023948434,-0.00508639559449794
38,118,0.0026067,0.0020182991615038
38,119,0.003431619,-0.00466216873436163
38,120,-0.003072111,-0.000897578282011524
38,121,-0.003081578,-0.00320016906860719
38,122,-0.016915168,-0.00626326423512314
38,123,-0.00435122,-0.000480457707838567
38,124,0.006797803,-0.00629876567538352
38,125,0.011406415,0.000835528106049486
38,126,-0.005556013,-0.00341765815054204
38,127,-0.012780802,-0.000569774611892772
38,128,-0.008344725,-0.00456786781721546
38,129,0.009978869,-0.00220237190449236
38,130,-0.010603079,-0.00395362630186355
38,131,0.014039307,6.5145548826746e-05
39,1,-0.00159716,-0.0010207684305694
39,2,0.006049513,-0.0128178664039666
39,3,-0.000277692,0.000315187379439019
39,4,0.005370442,-0.00794396204101857
39,5,-0.01894756,-0.00861453777882363
39,6,0.013777682,-0.00544935511480896
39,7,-0.009283362,-0.00346145634640731
39,8,-0.03561306,-0.00381961488760341
39,9,-0.01695535,-0.00651904822351339
39,10,0.004911119,0.00190825762312752
39,11,0.003163063,0.00338203069798109
39,12,-0.009240018,0.0077833809827074
39,13,0.019523926,-0.0107757662420945
39,14,0.01945031,0.0037555167111743
39,15,0.003029349,-0.00264201340588237
39,16,-0.008162278,-0.00745451237791627
39,17,0,-0.003961843590912
39,18,0.011465154,-0.00115380906189676
39,19,-0.003255616,0.000858170365350244
39,20,0.00015752,-0.00849072105399338
39,21,-0.018279429,-0.0039035121921681
39,22,0.015250702,-0.00928903531321327
39,23,0.018253481,-0.00266988839022467
39,24,0.000217155,-0.00143309456535375
39,25,0.019520681,-0.00739848318441223
39,26,0.008707493,-0.00520301166489167
39,27,0.001807692,-0.0118272242278514
39,28,0.003470635,-0.00336131819180058
39,29,0.002007762,-0.0106843114983585
39,30,0.002182983,-0.0016974374799502
39,31,0.008343979,-0.00489998594713657
39,32,0.014732094,-0.0112782602964507
39,33,-0.007618303,-0.00322845114348678
39,34,0.00403614,-0.0120453702317059
39,35,0.002048521,-0.00837056783720052
39,36,-0.004644459,-0.00405095724125515
39,37,-0.003427558,-0.0046714523465419
39,38,-0.00946078,-0.00468842169953547
39,39,-0.0215476,-0.00576279907753375
39,40,0.002671607,-0.00167674806710295
39,41,0.004507306,-0.00339051223860789
39,42,0.006588174,0.00340181281173757
39,43,0.013136331,-0.00230111591067778
39,44,0.000798687,-0.00569362580588577
39,45,-0.011165327,-0.00606301230081983
39,46,-0.003144563,-0.00412062783738642
39,47,-0.010478088,-0.00396275440586782
39,48,-0.012597583,0.00368306658135372
39,49,-0.005432496,-0.00182397265784376
39,50,-0.014549103,-0.00250589725317513
39,51,0.026544215,-0.00152262315815411
39,52,-0.006731457,0.00135344388220153
39,53,0.029166024,-0.00599623503798256
39,54,-0.003958745,-0.000707010795936692
39,55,-0.001932773,-0.00770799517936553
39,56,0.001019292,-0.00711599435845351
39,57,-0.00510688,0.00168008289504773
39,58,0,-0.0086345088899343
39,59,0.024161011,0.00712677818761243
39,60,-0.004995479,-0.0135126748170816
39,61,0.006111993,-0.00104072999518387
39,62,-0.006540496,-0.0146610266774808
39,63,-0.008519406,-0.00599194084085408
39,64,0.01627783,-0.00251864665901275
39,65,-0.006931136,0.000460926255831715
39,66,0.008908941,-0.00719980934352613
39,67,0.0068408,-0.000176745161679139
39,68,-0.00873062,-0.012645986166357
39,69,0.009050364,-0.00370623174401474
39,70,0.005969129,-0.00357454793366558
39,71,0,-0.00580862379821199
39,72,0.002913646,0.000608258197555028
39,73,0.01144228,-0.0114105279856056
39,74,0.002218841,-0.00252492580609301
39,75,0.012677698,-0.00479820517460186
39,76,-0.010463769,-0.00927874115171259
39,77,-0.008870974,-0.00540507011471961
39,78,0.012662984,-0.00695097323574392
39,79,0.001932913,-0.00166448314602098
39,80,0.010222987,-0.0037717844829326
39,81,0,-0.00355996255539022
39,82,0.000237154,-0.0121263101406924
39,83,0.001923051,-0.00358065317251697
39,84,-0.001309502,-0.00643687010413825
39,85,-0.026442219,-0.00436288833271791
39,86,0.007713788,-0.00181713358359027
39,87,-0.010752869,-0.00400513652709212
39,88,-0.001753101,0.000655290829258914
39,89,0.000718856,-0.0037124775233556
39,90,0.016534014,-0.00231206517406389
39,91,-0.002420229,-0.00230231375916963
39,92,0.013959278,-0.00151192326825932
39,93,0.004795571,-0.010277884806123
39,94,0,0.00322209608186068
39,95,0.015058842,-0.00955847702616669
39,96,-0.005343309,-0.00106577494358652
39,97,0.000688402,-0.00894471408665862
39,98,-0.01355192,-0.00259863884190168
39,99,-0.000572158,-0.01171046807082
39,100,-0.006203068,0.000100393246747988
39,101,-0.011698188,-0.00329975974282283
39,102,-0.01048581,-0.00642458065612744
39,103,0,0.00118619114475751
39,104,-0.024422303,-0.0046993797068725
39,105,0.024364857,0.00141198113473116
39,106,-0.00384198,0.000663040755771381
39,107,-0.016513443,0.00132256240896872
39,108,-0.004671876,-0.00613704750710458
39,109,-0.002993816,-0.00131277528048462
39,110,0.023948434,0.00063741075565185
39,111,0.0026067,0.00992927988414216
39,112,0.003431619,-0.0129228571089084
39,113,-0.003072111,0.000499875701945366
39,114,-0.003081578,-0.011208298549893
39,115,-0.016915168,-0.00459973816541575
39,116,-0.00435122,0.00160770863502546
39,117,0.006797803,-0.00380808002782622
39,118,0.011406415,0.00462613507622014
39,119,-0.005556013,-0.00762504603780426
39,120,-0.012780802,-0.00645947162846824
39,121,-0.008344725,-0.00863658362716144
39,122,0.009978869,0.000586319056587572
39,123,-0.010603079,0.00154846131909505
39,124,0.014039307,0.000524818906729901
39,125,0.003745816,-0.00261512987310455
39,126,0.000219047,-0.00432238441272264
39,127,-0.010022903,-0.00768568154926745
39,128,0,-0.00447114220095655
39,129,0.003504023,-0.00273118175190374
39,130,0.013300146,0.00483536384603299
39,131,0.005106443,-0.00790909903659164
40,1,-0.000277692,0.00254264459481242
40,2,0.005370442,-0.012331676124168
40,3,-0.01894756,-0.0132904826634061
40,4,0.013777682,-0.00901871012628263
40,5,-0.009283362,-0.00513540010569438
40,6,-0.03561306,-0.00256150988639158
40,7,-0.01695535,-0.0171505150673479
40,8,0.004911119,-0.00718716940757358
40,9,0.003163063,0.00525797084562012
40,10,-0.009240018,0.0117455462985374
40,11,0.019523926,-0.0196071886119727
40,12,0.01945031,0.0131682240982327
40,13,0.003029349,0.0122278507198957
40,14,-0.008162278,0.000286657921354617
40,15,0,-0.000569013276861566
40,16,0.011465154,0.00364231287186381
40,17,-0.003255616,0.00586077303124426
40,18,0.00015752,-0.0132553333289976
40,19,-0.018279429,-0.00867186308555779
40,20,0.015250702,-0.0164089551476501
40,21,0.018253481,-0.00316251052765471
40,22,0.000217155,0.00499275058847879
40,23,0.019520681,-0.00699352794371133
40,24,0.008707493,-0.00303507690192264
40,25,0.001807692,-0.00566418128432974
40,26,0.003470635,0.00215438155528697
40,27,0.002007762,-0.0136638889373932
40,28,0.002182983,0.00114468703948733
40,29,0.008343979,-0.00802412096009622
40,30,0.014732094,-0.0172706260302964
40,31,-0.007618303,-0.000712371444412092
40,32,0.00403614,-0.0163492084629196
40,33,0.002048521,-0.011804023869485
40,34,-0.004644459,-0.00166241395891682
40,35,-0.003427558,-0.00607709986681357
40,36,-0.00946078,-0.0098168223437151
40,37,-0.0215476,-0.0102844297394728
40,38,0.002671607,-0.00756691665517281
40,39,0.004507306,-0.00935797504771795
40,40,0.006588174,0.0076156658650755
40,41,0.013136331,-0.0015740805827146
40,42,0.000798687,-0.0029797184659407
40,43,-0.011165327,0.00072414112525617
40,44,-0.003144563,-0.00125279300118087
40,45,-0.010478088,-0.0035417035574895
40,46,-0.012597583,0.00649924315467952
40,47,-0.005432496,-0.00876232608385077
40,48,-0.014549103,-0.00938305443455154
40,49,0.026544215,-0.00562666256567135
40,50,-0.006731457,0.00397880746546548
40,51,0.029166024,-0.00190174344001931
40,52,-0.003958745,0.00669719405246275
40,53,-0.001932773,0.000214446035373721
40,54,0.001019292,-0.00362402742439466
40,55,-0.00510688,0.00667518228771561
40,56,0,-0.0103411181310932
40,57,0.024161011,0.00807224649224553
40,58,-0.004995479,-0.0190905714943876
40,59,0.006111993,0.00358894640585616
40,60,-0.006540496,-0.021974329008924
40,61,-0.008519406,-0.00379174672739963
40,62,0.01627783,-0.00193083014501699
40,63,-0.006931136,0.00144498764406526
40,64,0.008908941,-0.00866024870245561
40,65,0.0068408,-0.00117672757501492
40,66,-0.00873062,-0.0148275287665668
40,67,0.009050364,-0.000816634120981916
40,68,0.005969129,-0.00404104182157825
40,69,0,-0.0025619446739071
40,70,0.002913646,0.00364141018231925
40,71,0.01144228,-0.0170985750939985
40,72,0.002218841,0.00212779393790419
40,73,0.012677698,-0.00269168566644452
40,74,-0.010463769,-0.010501432916038
40,75,-0.008870974,-0.00453859900454315
40,76,0.012662984,-0.0121425150101122
40,77,0.001932913,-0.00100908845587325
40,78,0.010222987,-0.00225153435649717
40,79,0,-0.00543972852048365
40,80,0.000237154,-0.0151824180620272
40,81,0.001923051,-0.00063018743021316
40,82,-0.001309502,-0.00650146557078863
40,83,-0.026442219,-0.0036887779778053
40,84,0.007713788,-0.00696131957637744
40,85,-0.010752869,-0.0105903294480219
40,86,-0.001753101,0.00175103377815435
40,87,0.000718856,-0.00950659714561735
40,88,0.016534014,-0.00373737565309838
40,89,-0.002420229,0.00409100051935772
40,90,0.013959278,0.00432243859136924
40,91,0.004795571,-0.0092545010356835
40,92,0,0.0152131494161297
40,93,0.015058842,-0.00937160467401877
40,94,-0.005343309,0.00319333844712424
40,95,0.000688402,-0.00903671581515198
40,96,-0.01355192,-0.0046807366245031
40,97,-0.000572158,-0.0197355413707635
40,98,-0.006203068,-0.00131245446161742
40,99,-0.011698188,-0.00763188221685285
40,100,-0.01048581,-0.0137653725252083
40,101,0,-0.00237126498856031
40,102,-0.024422303,-0.00740217972254892
40,103,0.024364857,0.000457263359422429
40,104,-0.00384198,0.00153201530837781
40,105,-0.016513443,0.0104882722053062
40,106,-0.004671876,-0.00957454828206476
40,107,-0.002993816,-0.00181003683062461
40,108,0.023948434,0.0075021564016359
40,109,0.0026067,0.0198714919612855
40,110,0.003431619,-0.0146220474830581
40,111,-0.003072111,0.00576062040132265
40,112,-0.003081578,-0.0116341997382525
40,113,-0.016915168,-0.00106329589442835
40,114,-0.00435122,0.000941601591583957
40,115,0.006797803,-0.0107843510414774
40,116,0.011406415,0.00623189083997232
40,117,-0.005556013,-0.00992561799409591
40,118,-0.012780802,-0.00775513667877608
40,119,-0.008344725,-0.0118288870337298
40,120,0.009978869,0.00343058081211486
40,121,-0.010603079,0.006057876014873
40,122,0.014039307,0.00101227964928914
40,123,0.003745816,-0.00467414801978923
40,124,0.000219047,-9.18909186536786e-05
40,125,-0.010022903,-0.00640458683996444
40,126,0,-0.00463210165675577
40,127,0.003504023,-0.0011266064730367
40,128,0.013300146,0.00996306971551521
40,129,0.005106443,-0.00981018156778205
40,130,0.009435184,0.0012471762732111
40,131,0,-0.0105646504934195
41,1,-0.01894756,-0.0129003093539132
41,2,0.013777682,-0.00738257800951701
41,3,-0.009283362,-0.00630317909080353
41,4,-0.03561306,-0.000234207716887718
41,5,-0.01695535,-0.0130303494177674
41,6,0.004911119,-0.00369054266008002
41,7,0.003163063,0.00066562401295627
41,8,-0.009240018,0.0148711972481412
41,9,0.019523926,-0.0149787878877722
41,10,0.01945031,0.00427818660938163
41,11,0.003029349,0.0104531530210709
41,12,-0.008162278,-0.000434600580000377
41,13,0,-0.00512680437994561
41,14,0.011465154,-0.00382513300126625
41,15,-0.003255616,0.00462082673968967
41,16,0.00015752,-0.0115108122324269
41,17,-0.018279429,-0.0106370531372334
41,18,0.015250702,-0.0121774040543519
41,19,0.018253481,-0.00378398297155174
41,20,0.000217155,0.00368781131420332
41,21,0.019520681,-0.00906398362270005
41,22,0.008707493,-0.00476839839058875
41,23,0.001807692,-0.00951438762741426
41,24,0.003470635,0.00167547607616234
41,25,0.002007762,-0.0138391426536906
41,26,0.002182983,-0.00619884629440861
41,27,0.008343979,-0.00515823686316759
41,28,0.014732094,-0.0162367209328556
41,29,-0.007618303,-0.00420858857211974
41,30,0.00403614,-0.0120389163697477
41,31,0.002048521,-0.0118498645285099
41,32,-0.004644459,-0.00347035754217027
41,33,-0.003427558,-0.00584324123833077
41,34,-0.00946078,-0.00762247303037893
41,35,-0.0215476,-0.0112053655439073
41,36,0.002671607,-0.00279843489318218
41,37,0.004507306,-0.00754675811004692
41,38,0.006588174,0.00474914231804079
41,39,0.013136331,-0.000955015167272987
41,40,0.000798687,-0.00371430474413216
41,41,-0.011165327,-0.00284010837634866
41,42,-0.003144563,0.000253129579652407
41,43,-0.010478088,-0.00602514638154228
41,44,-0.012597583,0.0026667533574416
41,45,-0.005432496,-0.00575797843855151
41,46,-0.014549103,-0.00792007589536722
41,47,0.026544215,-0.00370143518176354
41,48,-0.006731457,0.00290286052262779
41,49,0.029166024,-0.000526596772928328
41,50,-0.003958745,-9.56048532627404e-05
41,51,-0.001932773,0.000984112081183587
41,52,0.001019292,-0.00942055117496322
41,53,-0.00510688,0.00729832758520044
41,54,0,-0.0161512813346225
41,55,0.024161011,0.00880592304746913
41,56,-0.004995479,-0.0206056088699688
41,57,0.006111993,0.00282221660363866
41,58,-0.006540496,-0.0174200703913854
41,59,-0.008519406,-0.00525754934325884
41,60,0.01627783,-0.00377043685832001
41,61,-0.006931136,0.00134009223943181
41,62,0.008908941,-0.0111720054008782
41,63,0.0068408,-0.00131628671668563
41,64,-0.00873062,-0.0127465457987873
41,65,0.009050364,-0.00292248819218668
41,66,0.005969129,-0.00225290262868065
41,67,0,-0.00790839194368869
41,68,0.002913646,0.00250187310264832
41,69,0.01144228,-0.0141732029390227
41,70,0.002218841,-0.00393205659702438
41,71,0.012677698,-0.00112623402061218
41,72,-0.010463769,-0.0115558645748664
41,73,-0.008870974,-0.00575239991803689
41,74,0.012662984,-0.0107426775259518
41,75,0.001932913,-0.0022661256852352
41,76,0.010222987,-0.00452189878298064
41,77,0,-0.00433915447696997
41,78,0.000237154,-0.0147734735280889
41,79,0.001923051,-0.00268859498244083
41,80,-0.001309502,-0.00376433333994292
41,81,-0.026442219,-0.00735570572922401
41,82,0.007713788,-0.0039364492029555
41,83,-0.010752869,-0.0111600157845059
41,84,-0.001753101,0.00278985857983062
41,85,0.000718856,-0.00703564281847009
41,86,0.016534014,-0.00215577247992239
41,87,-0.002420229,-0.00250217206848384
41,88,0.013959278,0.00808989171790578
41,89,0.004795571,-0.0133842023465473
41,90,0,0.00920282819272449
41,91,0.015058842,-0.00989266329699696
41,92,-0.005343309,9.83988404469206e-05
41,93,0.000688402,-0.0116207405365219
41,94,-0.01355192,-0.00407445763641154
41,95,-0.000572158,-0.0158993673224549
41,96,-0.006203068,-0.00421178747027563
41,97,-0.011698188,-0.00276584312895079
41,98,-0.01048581,-0.0128103151344577
41,99,0,0.000231950310082639
41,100,-0.024422303,-0.00692432715556913
41,101,0.024364857,0.00427369608624173
41,102,-0.00384198,-0.00216364434130108
41,103,-0.016513443,0.00834215112621217
41,104,-0.004671876,-0.00729491959603492
41,105,-0.002993816,-0.000417728470486055
41,106,0.023948434,-0.000122241581429011
41,107,0.0026067,0.0183347134024788
41,108,0.003431619,-0.0149291909701803
41,109,-0.003072111,-0.000460447268743079
41,110,-0.003081578,-0.00738168020571017
41,111,-0.016915168,-0.00453118329704938
41,112,-0.00435122,0.00251299306783681
41,113,0.006797803,-0.0129521522804783
41,114,0.011406415,0.00433359685173462
41,115,-0.005556013,-0.00783204453711371
41,116,-0.012780802,-0.00500845670998955
41,117,-0.008344725,-0.0111336914816292
41,118,0.009978869,0.00272096743258037
41,119,-0.010603079,0.00303548704446811
41,120,0.014039307,0.00107291736083262
41,121,0.003745816,-0.00786416289678831
41,122,0.000219047,-0.000563854447496985
41,123,-0.010022903,-0.00587222073161479
41,124,0,-0.00218867928985611
41,125,0.003504023,-0.00733865836409092
41,126,0.013300146,0.00886251141408127
41,127,0.005106443,-0.0107045675739163
41,128,0.009435184,-0.000908067824431415
41,129,0,-0.011186667887349
41,130,0.005075574,-0.00278079003517331
41,131,0.010932935,-0.00696006794822664
42,1,0.019523926,-0.0123347165737783
42,2,0.01945031,0.0128614775168837
42,3,0.003029349,0.013258418995682
42,4,-0.008162278,-0.00274404517121972
42,5,0,-0.00864987705556974
42,6,0.011465154,-0.00303656619620421
42,7,-0.003255616,0.00254201800461323
42,8,0.00015752,-0.0145367851093433
42,9,-0.018279429,-0.00942857403660696
42,10,0.015250702,-0.0111438914133859
42,11,0.018253481,-0.00110967001290678
42,12,0.000217155,0.00254392322008798
42,13,0.019520681,-0.0071377750366288
42,14,0.008707493,-0.00475278578896683
42,15,0.001807692,-0.00892064260606724
42,16,0.003470635,-0.00111022750081521
42,17,0.002007762,-0.0196817663406595
42,18,0.002182983,-0.00583454431987165
42,19,0.008343979,-0.0072345226849
42,20,0.014732094,-0.0175257574277379
42,21,-0.007618303,-0.00292102593647243
42,22,0.00403614,-0.0132571994699715
42,23,0.002048521,-0.012279991669354
42,24,-0.004644459,-0.00452753309081696
42,25,-0.003427558,-0.00608085590696101
42,26,-0.00946078,-0.00960614116800549
42,27,-0.0215476,-0.00911870388539738
42,28,0.002671607,-0.00162917363063785
42,29,0.004507306,-0.00569485958049128
42,30,0.006588174,0.00843879359223682
42,31,0.013136331,0.00295218712653328
42,32,0.000798687,-0.00171143156123698
42,33,-0.011165327,5.83256789935762e-05
42,34,-0.003144563,-0.0014094574414987
42,35,-0.010478088,-0.00814702742164318
42,36,-0.012597583,0.00265252210251646
42,37,-0.005432496,-0.00555954758596066
42,38,-0.014549103,-0.00578851152819251
42,39,0.026544215,0.00093515339986043
42,40,-0.006731457,0.00773700914500074
42,41,0.029166024,0.000860054554812172
42,42,-0.003958745,0.00522467564849398
42,43,-0.001932773,-0.00221198309608232
42,44,0.001019292,-0.0069551977551994
42,45,-0.00510688,0.000632708953845523
42,46,0,-0.0151477347223323
42,47,0.024161011,0.00690125712975169
42,48,-0.004995479,-0.0190438255823306
42,49,0.006111993,0.00467965558898152
42,50,-0.006540496,-0.0175730514125297
42,51,-0.008519406,-0.00685432799963913
42,52,0.01627783,-0.00265908277961501
42,53,-0.006931136,-0.00153124008660715
42,54,0.008908941,-0.00987873400472806
42,55,0.0068408,0.00105162896279516
42,56,-0.00873062,-0.0132555171050265
42,57,0.009050364,-0.000615580238761263
42,58,0.005969129,-0.00488630205467467
42,59,0,-0.00729980130210874
42,60,0.002913646,0.00316444575432013
42,61,0.01144228,-0.016206672553508
42,62,0.002218841,-0.00161257517006148
42,63,0.012677698,-0.00220849920984443
42,64,-0.010463769,-0.0127126851073302
42,65,-0.008870974,-0.00691400775051156
42,66,0.012662984,-0.0107427351206331
42,67,0.001932913,-0.00361008525623545
42,68,0.010222987,-0.00328764630435729
42,69,0,-0.00411312132082723
42,70,0.000237154,-0.0143384833227784
42,71,0.001923051,-0.000302629292433313
42,72,-0.001309502,-0.00686859551834484
42,73,-0.026442219,-0.00759067274881191
42,74,0.007713788,-0.00513346972780017
42,75,-0.010752869,-0.00889617492031781
42,76,-0.001753101,0.00420289716695597
42,77,0.000718856,-0.00340466461239004
42,78,0.016534014,-0.00133797357342348
42,79,-0.002420229,0.00466040215321424
42,80,0.013959278,0.0069393867544653
42,81,0.004795571,-0.0121935721805471
42,82,0,0.00872905348425109
42,83,0.015058842,-0.0104660504187418
42,84,-0.005343309,-0.00296757867019265
42,85,0.000688402,-0.0121931446336613
42,86,-0.01355192,-0.0049004478588084
42,87,-0.000572158,-0.0184648980152982
42,88,-0.006203068,-0.00146678886800287
42,89,-0.011698188,-0.00422064216469397
42,90,-0.01048581,-0.00986705908433887
42,91,0,0.00238170390310453
42,92,-0.024422303,-0.00268106338494309
42,93,0.024364857,0.00610838353495763
42,94,-0.00384198,0.00252709133134245
42,95,-0.016513443,0.0106336773538047
42,96,-0.004671876,-0.00344677734075775
42,97,-0.002993816,-0.00182291003464855
42,98,0.023948434,0.00523752460277509
42,99,0.0026067,0.0185279826946237
42,100,0.003431619,-0.0154891276296541
42,101,-0.003072111,0.00436481644406719
42,102,-0.003081578,-0.00928068087279708
42,103,-0.016915168,-0.00461187967489197
42,104,-0.00435122,-0.00154976276163035
42,105,0.006797803,-0.0116975077589427
42,106,0.011406415,0.00730991798785637
42,107,-0.005556013,-0.00454684694176646
42,108,-0.012780802,-0.00396508867964934
42,109,-0.008344725,-0.00899620346614754
42,110,0.009978869,0.00344709808676382
42,111,-0.010603079,0.00363818762195754
42,112,0.014039307,0.000656111119618354
42,113,0.003745816,-0.00392523411248422
42,114,0.000219047,0.00159626545670416
42,115,-0.010022903,-0.00355968123394927
42,116,0,-0.00567564259681419
42,117,0.003504023,-0.00513452627041258
42,118,0.013300146,0.00843797128585272
42,119,0.005106443,-0.00988358863772341
42,120,0.009435184,0.000150837452449452
42,121,0,-0.00941760962151814
42,122,0.005075574,-0.00417200242524754
42,123,0.010932935,-0.00809494786382875
42,124,-0.007228097,-0.00260402275371475
42,125,-0.007423453,-0.0120233254194813
42,126,0.000998688,-0.0103015000977648
42,127,0.00421203,-0.0100102026307955
42,128,0.017035947,0.000814382584600364
42,129,-0.012813303,-0.00458817520349645
42,130,0.003091891,-0.0107947039632393
42,131,-0.004676834,-0.00439963250177463
43,1,0.01945031,0.00918143959589495
43,2,0.003029349,0.00678016350293352
43,3,-0.008162278,0.00908825893257551
43,4,0,0.00741261172703609
43,5,0.011465154,-0.00256978551289355
43,6,-0.003255616,-0.000930702276436858
43,7,0.00015752,-0.00773102866072662
43,8,-0.018279429,-0.00628677251853268
43,9,0.015250702,-0.0172063272977234
43,10,0.018253481,-0.0100341942390377
43,11,0.000217155,0.00335582380190416
43,12,0.019520681,-0.000190202979012445
43,13,0.008707493,-0.0029162313018392
43,14,0.001807692,-0.0103938942658341
43,15,0.003470635,0.00206626454236261
43,16,0.002007762,-0.0104395444359657
43,17,0.002182983,-0.00342010038521318
43,18,0.008343979,-0.0106830013859091
43,19,0.014732094,-0.0173105926117091
43,20,-0.007618303,-0.00445364487548345
43,21,0.00403614,-0.0137085069931686
43,22,0.002048521,-0.0119973222686555
43,23,-0.004644459,-0.00555976683735893
43,24,-0.003427558,-0.00584914368596171
43,25,-0.00946078,-0.00682851627105843
43,26,-0.0215476,-0.0106424867961183
43,27,0.002671607,-0.00661294155403846
43,28,0.004507306,-0.0102492384433126
43,29,0.006588174,0.00586580736209631
43,30,0.013136331,0.00201115696059241
43,31,0.000798687,0.000416028372914597
43,32,-0.011165327,0.00126964260326671
43,33,-0.003144563,0.00185101892358009
43,34,-0.010478088,-0.00276577566889395
43,35,-0.012597583,0.00504360225146698
43,36,-0.005432496,-0.00595948709223629
43,37,-0.014549103,-0.00804950239864382
43,38,0.026544215,-0.0052208459536823
43,39,-0.006731457,8.56691989081643e-05
43,40,0.029166024,0.00408361411671703
43,41,-0.003958745,0.0071909380431803
43,42,-0.001932773,0.00381433113414997
43,43,0.001019292,-0.00281884115571726
43,44,-0.00510688,0.00606577212250015
43,45,0,-0.0113972560217551
43,46,0.024161011,0.00731770495474892
43,47,-0.004995479,-0.0214999975593312
43,48,0.006111993,0.00379784465955434
43,49,-0.006540496,-0.0186680462236868
43,50,-0.008519406,-0.00455760653568933
43,51,0.01627783,-0.00422387677316605
43,52,-0.006931136,-0.000409752856775062
43,53,0.008908941,-0.00591866345497621
43,54,0.0068408,-0.00135091936461612
43,55,-0.00873062,-0.0153975097010456
43,56,0.009050364,-0.000754018295663194
43,57,0.005969129,-0.00343399371114574
43,58,0,-0.0041722194297729
43,59,0.002913646,0.00376410901675384
43,60,0.01144228,-0.0140413990610051
43,61,0.002218841,-0.0024981465554026
43,62,0.012677698,-0.00327545321745897
43,63,-0.010463769,-0.00895197499042004
43,64,-0.008870974,-0.00304089017639062
43,65,0.012662984,-0.0124567940324924
43,66,0.001932913,-0.0060895564157322
43,67,0.010222987,-0.00314660324192469
43,68,0,-0.00249184284081845
43,69,0.000237154,-0.013252733466896
43,70,0.001923051,-0.00398264939326952
43,71,-0.001309502,-0.00647197109709983
43,72,-0.026442219,-0.0026254146343751
43,73,0.007713788,-0.00237986357854055
43,74,-0.010752869,-0.0141459542632714
43,75,-0.001753101,-0.00023537390355372
43,76,0.000718856,-0.00559574960642512
43,77,0.016534014,-0.000458371719386794
43,78,-0.002420229,-0.000415660522754701
43,79,0.013959278,0.00836674811547388
43,80,0.004795571,-0.00559195235819965
43,81,0,0.0129036424871103
43,82,0.015058842,-0.00830586146247162
43,83,-0.005343309,0.0020447243562126
43,84,0.000688402,-0.00868282732557769
43,85,-0.01355192,-0.0051085937167389
43,86,-0.000572158,-0.0180090920153234
43,87,-0.006203068,-0.0056395307566056
43,88,-0.011698188,-0.00700669811616357
43,89,-0.01048581,-0.0100139549355672
43,90,0,-0.00122102077510682
43,91,-0.024422303,-0.00884601193089797
43,92,0.024364857,0.00564954225559978
43,93,-0.00384198,0.000325236663543736
43,94,-0.016513443,0.0121359039961569
43,95,-0.004671876,-0.000838129411626315
43,96,-0.002993816,0.000898079398276988
43,97,0.023948434,0.00183305567525371
43,98,0.0026067,0.01782962207183
43,99,0.003431619,-0.00479489775351957
43,100,-0.003072111,0.00694854672369106
43,101,-0.003081578,-0.0127846875547036
43,102,-0.016915168,-0.00302383294570824
43,103,-0.00435122,0.00482090014207043
43,104,0.006797803,-0.00990236374334362
43,105,0.011406415,0.00118864670048181
43,106,-0.005556013,-0.00969117880802474
43,107,-0.012780802,-0.00116664656947013
43,108,-0.008344725,-0.0083952568769748
43,109,0.009978869,0.000363671470252835
43,110,-0.010603079,0.00291766910633145
43,111,0.014039307,0.00743614816315764
43,112,0.003745816,-0.0031872395384129
43,113,0.000219047,-0.00217200170169851
43,114,-0.010022903,-0.00504235872324118
43,115,0,0.000647506362953835
43,116,0.003504023,-0.00330323745569636
43,117,0.013300146,0.00679845269007226
43,118,0.005106443,-0.00819665430412846
43,119,0.009435184,0.00328023087453317
43,120,0,-0.0108965646506484
43,121,0.005075574,-0.0033524551114078
43,122,0.010932935,-0.00534239861772156
43,123,-0.007228097,0.0013272258645088
43,124,-0.007423453,-0.00832806943347716
43,125,0.000998688,-0.00994040820410307
43,126,0.00421203,-0.0140871421029141
43,127,0.017035947,-0.00327687781448637
43,128,-0.012813303,-0.00416176809340275
43,129,0.003091891,-0.00650899855655083
43,130,-0.004676834,-0.0075519213519651
43,131,0.004394866,-0.00661062087311622
44,1,-0.008162278,0.0102149154877706
44,2,0,0.000484932539125991
44,3,0.011465154,-0.0110699234599542
44,4,-0.003255616,-0.0113630179356744
44,5,0.00015752,-0.0233221421688669
44,6,-0.018279429,-0.0141381844721345
44,7,0.015250702,-0.027054123868374
44,8,0.018253481,-0.0103454168430177
44,9,0.000217155,-0.00746057869847518
44,10,0.019520681,-0.00393882728019568
44,11,0.008707493,-0.00493047142517892
44,12,0.001807692,-0.0214233435267381
44,13,0.003470635,-0.0020683388522162
44,14,0.002007762,-0.0276491526840767
44,15,0.002182983,-0.017830219717254
44,16,0.008343979,-0.0224795365241416
44,17,0.014732094,-0.0317719641798992
44,18,-0.007618303,-0.0137416716559171
44,19,0.00403614,-0.0240230200786396
44,20,0.002048521,-0.0179402118707154
44,21,-0.004644459,-0.0179788122405425
44,22,-0.003427558,-0.0136712294069973
44,23,-0.00946078,-0.016714336149266
44,24,-0.0215476,-0.0200528670308838
44,25,0.002671607,-0.0100265582914783
44,26,0.004507306,-0.0133983148980112
44,27,0.006588174,0.0018921375863634
44,28,0.013136331,0.00564988183645309
44,29,0.000798687,0.00103468590930996
44,30,-0.011165327,0.00136881595928525
44,31,-0.003144563,0.00159590592557218
44,32,-0.010478088,-0.0109694362856145
44,33,-0.012597583,-0.00472402514044189
44,34,-0.005432496,-0.0125534198883096
44,35,-0.014549103,-0.0144852361955851
44,36,0.026544215,-0.00686429293999376
44,37,-0.006731457,0.00647302362217151
44,38,0.029166024,-0.001188763012385
44,39,-0.003958745,0.0195429280815681
44,40,-0.001932773,-0.00662172268237256
44,41,0.001019292,0.000129929939066638
44,42,-0.00510688,-0.00598312495182013
44,43,0,-0.0258467501522169
44,44,0.024161011,0.000703707946918875
44,45,-0.004995479,-0.0348679499986856
44,46,0.006111993,-0.00267546860914743
44,47,-0.006540496,-0.0201197342780819
44,48,-0.008519406,-0.0164783963700617
44,49,0.01627783,-0.00813522922939439
44,50,-0.006931136,-0.00977967556304998
44,51,0.008908941,-0.0199952017363766
44,52,0.0068408,0.00043028056862551
44,53,-0.00873062,-0.0270099623120849
44,54,0.009050364,-0.00265331210263177
44,55,0.005969129,-0.00807762631588023
44,56,0,-0.0170199685784663
44,57,0.002913646,0.000705205953819279
44,58,0.01144228,-0.0242061191924847
44,59,0.002218841,-0.00963742021469917
44,60,0.012677698,-0.0104663289721146
44,61,-0.010463769,-0.0170965851063422
44,62,-0.008870974,-0.0150616856976732
44,63,0.012662984,-0.017909902462041
44,64,0.001932913,-0.0171552825107243
44,65,0.010222987,-0.0141552815467119
44,66,0,-0.00562155737639364
44,67,0.000237154,-0.0238389848048288
44,68,0.001923051,-0.00500069800113716
44,69,-0.001309502,-0.0149435661013482
44,70,-0.026442219,-0.0126931690380471
44,71,0.007713788,-0.0108924394552347
44,72,-0.010752869,-0.0184979252121223
44,73,-0.001753101,-0.0105317444107026
44,74,0.000718856,-0.00209950008836339
44,75,0.016534014,-0.0049395778125869
44,76,-0.002420229,0.00324559178021858
44,77,0.013959278,0.00851250787734858
44,78,0.004795571,-0.00667792876491034
44,79,0,0.00654847136399068
44,80,0.015058842,-0.0139481241242561
44,81,-0.005343309,-0.00763696306030332
44,82,0.000688402,-0.0238453177282006
44,83,-0.01355192,-0.010395750633222
44,84,-0.000572158,-0.0344965064279697
44,85,-0.006203068,-0.0102243131595186
44,86,-0.011698188,-0.0175096791845407
44,87,-0.01048581,-0.014896521942874
44,88,0,-0.00222482603493646
44,89,-0.024422303,-0.00981194708320996
44,90,0.024364857,0.00623345082746156
44,91,-0.00384198,0.00703591565313248
44,92,-0.016513443,0.0065455974516826
44,93,-0.004671876,0.00890078762866476
44,94,-0.002993816,-0.00108398497124223
44,95,0.023948434,-0.000531078046340805
44,96,0.0026067,0.021619814122336
44,97,0.003431619,-0.0167319945655871
44,98,-0.003072111,0.012212700489071
44,99,-0.003081578,-0.0193080731220878
44,100,-0.016915168,-0.00857463933446944
44,101,-0.00435122,-0.00545493312996533
44,102,0.006797803,-0.0195455817278305
44,103,0.011406415,-0.00495330015064321
44,104,-0.005556013,-0.0127648558998427
44,105,-0.012780802,-0.00275629741935369
44,106,-0.008344725,-0.00838657424911872
44,107,0.009978869,-0.00108041300246242
44,108,-0.010603079,-0.00142768828034132
44,109,0.014039307,-0.000285970518698996
44,110,0.003745816,-0.00226756194170662
44,111,0.000219047,-0.00798246639747822
44,112,-0.010022903,-0.00255680047015264
44,113,0,-0.00576750903339335
44,114,0.003504023,-0.00898973751978039
44,115,0.013300146,0.000850696611261821
44,116,0.005106443,-0.015864829237844
44,117,0.009435184,-0.0024160725889362
44,118,0,-0.0141043610985221
44,119,0.005075574,-0.0103097661173789
44,120,0.010932935,-0.012511540266539
44,121,-0.007228097,-0.0101295693567529
44,122,-0.007423453,-0.0212989417590576
44,123,0.000998688,-0.0179196765569985
44,124,0.00421203,-0.025616637555141
44,125,0.017035947,-0.0101536063590889
44,126,-0.012813303,-0.0102389891374673
44,127,0.003091891,-0.0155592252419009
44,128,-0.004676834,-0.00579066280368833
44,129,0.004394866,-0.017349736665373
44,130,-0.012229011,-0.00245032949845323
44,131,-0.007105029,-0.00976453611324373
45,1,0,-0.00179250435676835
45,2,0.011465154,-0.00593745624129758
45,3,-0.003255616,-0.00350787984135344
45,4,0.00015752,-0.0201552198361743
45,5,-0.018279429,-0.00759738382118104
45,6,0.015250702,-0.0244212231048135
45,7,0.018253481,-0.00435707728585715
45,8,0.000217155,0.00329026554927
45,9,0.019520681,-0.00859337701517054
45,10,0.008707493,0.00351906559702157
45,11,0.001807692,-0.0170534517679594
45,12,0.003470635,-0.00716164280251827
45,13,0.002007762,-0.0201519935202229
45,14,0.002182983,-0.00967999059327641
45,15,0.008343979,-0.0158350148096248
45,16,0.014732094,-0.0220414087765605
45,17,-0.007618303,-0.00373147753752716
45,18,0.00403614,-0.0243684943570944
45,19,0.002048521,-0.0144443752198959
45,20,-0.004644459,-0.0100505242974356
45,21,-0.003427558,-0.0145116043819663
45,22,-0.00946078,-0.0111446887614387
45,23,-0.0215476,-0.0159448448767384
45,24,0.002671607,-0.0127403863047469
45,25,0.004507306,-0.00702083773461683
45,26,0.006588174,0.00836627564527046
45,27,0.013136331,0.0037867184270901
45,28,0.000798687,0.00469838454330498
45,29,-0.011165327,-0.0024977838040118
45,30,-0.003144563,-0.00660459908030848
45,31,-0.010478088,-0.0087882918682945
45,32,-0.012597583,-0.00196014098675757
45,33,-0.005432496,-0.0117356590893782
45,34,-0.014549103,-0.00732945445537594
45,35,0.026544215,-0.00695077821076147
45,36,-0.006731457,0.0143234988114859
45,37,0.029166024,-0.0034526083759546
45,38,-0.003958745,0.0178903112916468
45,39,-0.001932773,-0.00465693335844518
45,40,0.001019292,-0.011467503292648
45,41,-0.00510688,0.0025924318616206
45,42,0,-0.024432490283929
45,43,0.024161011,0.00747781596781174
45,44,-0.004995479,-0.0192623202218528
45,45,0.006111993,-0.00219001575083606
45,46,-0.006540496,-0.0211397890725665
45,47,-0.008519406,-0.0112977304703633
45,48,0.01627783,-0.0123177136647571
45,49,-0.006931136,0.00242511971035723
45,50,0.008908941,-0.016729440487824
45,51,0.0068408,0.00329507296038366
45,52,-0.00873062,-0.0178422653492882
45,53,0.009050364,-0.00913070012710563
45,54,0.005969129,-0.0028200857294029
45,55,0,-0.00965119394255109
45,56,0.002913646,-0.000245578001431979
45,57,0.01144228,-0.0184493874364829
45,58,0.002218841,-0.00211740856728799
45,59,0.012677698,-0.00908578563081893
45,60,-0.010463769,-0.0120230589390936
45,61,-0.008870974,-0.0130526431426258
45,62,0.012662984,-0.0191748483654049
45,63,0.001932913,-0.00397755305042853
45,64,0.010222987,-0.0102602182471749
45,65,0,-0.00163624897856965
45,66,0.000237154,-0.0179762110733099
45,67,0.001923051,-0.00645096328837934
45,68,-0.001309502,-0.0117459793715939
45,69,-0.026442219,-0.0103425109117294
45,70,0.007713788,-0.0139387157444584
45,71,-0.010752869,-0.00902249820429951
45,72,-0.001753101,-0.00515422185013417
45,73,0.000718856,-0.00637879341619284
45,74,0.016534014,0.00280812848074623
45,75,-0.002420229,0.00527131290624057
45,76,0.013959278,0.0041548659917499
45,77,0.004795571,-0.00690721666652801
45,78,0,0.0110481003820945
45,79,0.015058842,-0.0179522907232801
45,80,-0.005343309,0.00208917192748812
45,81,0.000688402,-0.0209420632072331
45,82,-0.01355192,-0.00813553190515147
45,83,-0.000572158,-0.0288003027460669
45,84,-0.006203068,-0.00648493234883611
45,85,-0.011698188,-0.0112825227316463
45,86,-0.01048581,-0.0159696518581543
45,87,0,0.000460955370807588
45,88,-0.024422303,-0.00718270025119823
45,89,0.024364857,-0.0013491310469616
45,90,-0.00384198,0.0137870515078913
45,91,-0.016513443,0.00883226493729972
45,92,-0.004671876,-0.00819926792342875
45,93,-0.002993816,0.00397830988767034
45,94,0.023948434,-0.00120515327471259
45,95,0.0026067,0.0261887124057981
45,96,0.003431619,-0.014092095627512
45,97,-0.003072111,0.00947420979842351
45,98,-0.003081578,-0.0174468865625572
45,99,-0.016915168,-0.011803404523877
45,100,-0.00435122,-0.00593170293194291
45,101,0.006797803,-0.0131809031995974
45,102,0.011406415,0.00661267613267592
45,103,-0.005556013,-0.00894084507839185
45,104,-0.012780802,-0.00524348384857535
45,105,-0.008344725,-0.013234505633557
45,106,0.009978869,-0.00137936666959984
45,107,-0.010603079,0.00299528812860657
45,108,0.014039307,-0.00105773307388896
45,109,0.003745816,0.00365982371639278
45,110,0.000219047,-0.00176632405653774
45,111,-0.010022903,-0.010165261440882
45,112,0,-0.00653284870223144
45,113,0.003504023,-0.00656605390917123
45,114,0.013300146,0.00657781317152482
45,115,0.005106443,-0.0102513865552536
45,116,0.009435184,0.00214649181384576
45,117,0,-0.0120163837406748
45,118,0.005075574,-0.00924768705935345
45,119,0.010932935,-0.0114644432924721
45,120,-0.007228097,-0.00167546845637811
45,121,-0.007423453,-0.0200438516172609
45,122,0.000998688,-0.0150831492424127
45,123,0.00421203,-0.0161949282152144
45,124,0.017035947,-0.00529092600193278
45,125,-0.012813303,-0.00261008257193796
45,126,0.003091891,-0.0168173454855145
45,127,-0.004676834,-0.00545787390171575
45,128,0.004394866,-0.0126341028574457
45,129,-0.012229011,-0.00327845982041824
45,130,-0.007105029,-0.00685179411770118
45,131,-0.006186256,-0.0146789830617432
46,1,0.015250702,-0.0255258582812469
46,2,0.018253481,0.000314669667224942
46,3,0.000217155,0.00949413673616253
46,4,0.019520681,7.56705613397088e-05
46,5,0.008707493,0.00521116252374311
46,6,0.001807692,-0.0169784347069
46,7,0.003470635,-0.000575553366664679
46,8,0.002007762,-0.0230965601750798
46,9,0.002182983,-0.00351580961487401
46,10,0.008343979,-0.0102281045163295
46,11,0.014732094,-0.020328033708574
46,12,-0.007618303,0.00376610638300107
46,13,0.00403614,-0.0222481004318844
46,14,0.002048521,-0.0139169652674618
46,15,-0.004644459,-0.00836186531692
46,16,-0.003427558,-0.00839964322844503
46,17,-0.00946078,-0.00939559539326724
46,18,-0.0215476,-0.0137716637126043
46,19,0.002671607,-0.0092415668274475
46,20,0.004507306,-0.00593172912199996
46,21,0.006588174,0.0164392893458223
46,22,0.013136331,0.0126815041303503
46,23,0.000798687,0.0067748918279737
46,24,-0.011165327,0.000284370645893314
46,25,-0.003144563,-0.00576895665029466
46,26,-0.010478088,-0.0104781388806295
46,27,-0.012597583,0.00400891442505275
46,28,-0.005432496,-0.00669089183060941
46,29,-0.014549103,-0.00484075660477059
46,30,0.026544215,-0.00209797340248178
46,31,-0.006731457,0.0217061745369214
46,32,0.029166024,0.000122571513458897
46,33,-0.003958745,0.0270629330390843
46,34,-0.001932773,-0.00764021454091837
46,35,0.001019292,-0.00684577088885771
46,36,-0.00510688,0.00125087829711675
46,37,0,-0.0208678883691715
46,38,0.024161011,0.0171629527946269
46,39,-0.004995479,-0.0179164615271895
46,40,0.006111993,0.00781778405468431
46,41,-0.006540496,-0.0216346775185617
46,42,-0.008519406,-0.0137880191799881
46,43,0.01627783,-0.00683282453488026
46,44,-0.006931136,0.00617092426883048
46,45,0.008908941,-0.0113549107545121
46,46,0.0068408,0.0118707284020265
46,47,-0.00873062,-0.0207086155386901
46,48,0.009050364,-0.0025097650072746
46,49,0.005969129,-0.00189670307754687
46,50,0,-0.00689181829687888
46,51,0.002913646,0.00943375328999791
46,52,0.01144228,-0.0200310885061636
46,53,0.002218841,0.0032508996246329
46,54,0.012677698,-0.00353209966201346
46,55,-0.010463769,-0.00983393571150708
46,56,-0.008870974,-0.0108073001833013
46,57,0.012662984,-0.0174016338685278
46,58,0.001932913,-0.0021214991950517
46,59,0.010222987,-0.00197106975164666
46,60,0,0.00570642190727157
46,61,0.000237154,-0.019364086830989
46,62,0.001923051,-0.00140993142689905
46,63,-0.001309502,-0.0117958267009621
46,64,-0.026442219,-0.00653751510544096
46,65,0.007713788,-0.0107303763256409
46,66,-0.010752869,-0.0078830100610561
46,67,-0.001753101,0.000222214804724772
46,68,0.000718856,0.0014418754123423
46,69,0.016534014,0.00297314325171136
46,70,-0.002420229,0.0130674438603435
46,71,0.013959278,0.00916274407004708
46,72,0.004795571,-0.0066747605233788
46,73,0,0.0160757468325444
46,74,0.015058842,-0.0148006424424636
46,75,-0.005343309,0.00524132460163056
46,76,0.000688402,-0.017756985785882
46,77,-0.01355192,-0.0023348101197727
46,78,-0.000572158,-0.0323575516506669
46,79,-0.006203068,0.000343456131785066
46,80,-0.011698188,-0.00853914095498391
46,81,-0.01048581,-0.0120429465293886
46,82,0,0.00371019870049604
46,83,-0.024422303,-0.00503061435942768
46,84,0.024364857,0.00342331498826991
46,85,-0.00384198,0.0184585562806194
46,86,-0.016513443,0.0145998848484752
46,87,-0.004671876,-0.00243124759497625
46,88,-0.002993816,-0.00169317399946462
46,89,0.023948434,0.00388158650370045
46,90,0.0026067,0.039318378885865
46,91,0.003431619,-0.0128952440715259
46,92,-0.003072111,0.0178535669000085
46,93,-0.003081578,-0.0224167794833935
46,94,-0.016915168,-0.00933204165687273
46,95,-0.00435122,-0.00267661243842914
46,96,0.006797803,-0.0107113872754809
46,97,0.011406415,0.0151561519395018
46,98,-0.005556013,-0.0019593175583772
46,99,-0.012780802,-0.00187584406661497
46,100,-0.008344725,-0.0150962008278237
46,101,0.009978869,-0.00104241992467487
46,102,-0.010603079,0.00862455302814179
46,103,0.014039307,0.0062802989807827
46,104,0.003745816,0.00947986913113871
46,105,0.000219047,0.000873344255383771
46,106,-0.010022903,-0.00523596925670638
46,107,0,-0.00851775390842571
46,108,0.003504023,-0.00408170656767102
46,109,0.013300146,0.014279083473394
46,110,0.005106443,-0.00519981568108482
46,111,0.009435184,0.00884385829123925
46,112,0,-0.00977935688386711
46,113,0.005075574,-0.0081554099675473
46,114,0.010932935,-0.00900239480388733
46,115,-0.007228097,0.00299079184073808
46,116,-0.007423453,-0.016040634839064
46,117,0.000998688,-0.0128822989823617
46,118,0.00421203,-0.015952130444487
46,119,0.017035947,0.00252157618467398
46,120,-0.012813303,0.00374163906122003
46,121,0.003091891,-0.0147612813573326
46,122,-0.004676834,-0.00303223973928825
46,123,0.004394866,-0.0142567421007394
46,124,-0.012229011,0.00468110817092435
46,125,-0.007105029,-0.00440475910035305
46,126,-0.006186256,-0.0122615310264143
46,127,0.004243655,0.00493580109847614
46,128,-0.010395646,-0.00680869831691982
46,129,0,0.00987670642859462
46,130,-0.009622771,-0.00268953459783471
46,131,-0.020082457,0.00484212108035014
47,1,0.001807692,-0.0078128172410336
47,2,0.003470635,0.00413507724041806
47,3,0.002007762,-0.0115960863666754
47,4,0.002182983,0.00866999506326553
47,5,0.008343979,-0.00171485146203706
47,6,0.014732094,-0.0129448246632888
47,7,-0.007618303,0.00766120116261596
47,8,0.00403614,-0.0116950246623498
47,9,0.002048521,-0.00793732028208555
47,10,-0.004644459,-5.96544952788687e-05
47,11,-0.003427558,-0.00319721667375103
47,12,-0.00946078,-0.00359869851804862
47,13,-0.0215476,-0.00551398307769055
47,14,0.002671607,-0.00329149744263536
47,15,0.004507306,-0.0094919558015386
47,16,0.006588174,0.010781023663049
47,17,0.013136331,0.003277223317438
47,18,0.000798687,0.00103369302842177
47,19,-0.011165327,0.00122603671775156
47,20,-0.003144563,-0.00198893573308864
47,21,-0.010478088,-0.00555070516355708
47,22,-0.012597583,0.00994756703325501
47,23,-0.005432496,-0.00350755086306409
47,24,-0.014549103,-0.00348929719239653
47,25,0.026544215,-0.00148637244952791
47,26,-0.006731457,0.005357548387792
47,27,0.029166024,-0.00144241069860945
47,28,-0.003958745,0.0116201808652905
47,29,-0.001932773,8.31228544559451e-05
47,30,0.001019292,-0.00444265092834033
47,31,-0.00510688,0.00869045930191196
47,32,0,-0.0111143761928037
47,33,0.024161011,0.0199034321078886
47,34,-0.004995479,-0.0169268212321602
47,35,0.006111993,0.0137731244840693
47,36,-0.006540496,-0.0194952397961349
47,37,-0.008519406,-0.00250373129535229
47,38,0.01627783,-0.00161393944802235
47,39,-0.006931136,0.00429230594241385
47,40,0.008908941,-0.0035634065511542
47,41,0.0068408,0.00966698460136918
47,42,-0.00873062,-0.0147746853454357
47,43,0.009050364,0.00189574414249763
47,44,0.005969129,-0.00199824026977622
47,45,0,-0.00151622416414043
47,46,0.002913646,0.011314024031211
47,47,0.01144228,-0.0141316123695394
47,48,0.002218841,0.00654578651206452
47,49,0.012677698,0.000453373972066198
47,50,-0.010463769,-0.00743954732323278
47,51,-0.008870974,0.00164506332424693
47,52,0.012662984,-0.00893435410376809
47,53,0.001932913,0.000423305390908035
47,54,0.010222987,0.00117222228329319
47,55,0,0.00404652786067468
47,56,0.000237154,-0.0107581540982807
47,57,0.001923051,0.00244251535458892
47,58,-0.001309502,-0.00781800453609544
47,59,-0.026442219,-0.00135945443651707
47,60,0.007713788,0.000722960887790783
47,61,-0.010752869,-0.00798549967927376
47,62,-0.001753101,0.00418715760698037
47,63,0.000718856,-0.00539901437612297
47,64,0.016534014,0.00137880962437067
47,65,-0.002420229,0.00481032563178581
47,66,0.013959278,0.00616441554736482
47,67,0.004795571,-0.0100193387604135
47,68,0,0.0200301756817196
47,69,0.015058842,-0.0100527510041571
47,70,-0.005343309,0.00807544706202834
47,71,0.000688402,-0.00548453778022554
47,72,-0.01355192,0.00335211887205968
47,73,-0.000572158,-0.0178129799678417
47,74,-0.006203068,0.00355003065831985
47,75,-0.011698188,-0.00446889338581677
47,76,-0.01048581,-0.00941590952150856
47,77,0,0.00420096110095909
47,78,-0.024422303,-0.00885066691291068
47,79,0.024364857,0.00264698265482321
47,80,-0.00384198,0.00221253286630273
47,81,-0.016513443,0.0124660041898315
47,82,-0.004671876,-0.00655235152911279
47,83,-0.002993816,-0.000909347806490477
47,84,0.023948434,0.00268974981629116
47,85,0.0026067,0.0230294755487916
47,86,0.003431619,-0.0116743231709602
47,87,-0.003072111,0.0178946679534484
47,88,-0.003081578,-0.0141636763925032
47,89,-0.016915168,-0.00512470080015416
47,90,-0.00435122,0.00469352032550108
47,91,0.006797803,-0.00605861044260363
47,92,0.011406415,0.0140012227421237
47,93,-0.005556013,-0.00731915768105971
47,94,-0.012780802,-0.00140679965703432
47,95,-0.008344725,-0.010018633011222
47,96,0.009978869,0.00136370666022458
47,97,-0.010603079,0.00268467249554202
47,98,0.014039307,0.0067726107955379
47,99,0.003745816,0.00392409921173585
47,100,0.000219047,0.00324708759659609
47,101,-0.010022903,-0.0070154830236791
47,102,0,-0.00317881019705679
47,103,0.003504023,-0.000649128011561722
47,104,0.013300146,0.0140028650104554
47,105,0.005106443,-0.00758111611345173
47,106,0.009435184,0.010728672083279
47,107,0,-0.00724540445114565
47,108,0.005075574,-0.00155197743287947
47,109,0.010932935,-0.00457580553951664
47,110,-0.007228097,0.00741021712825837
47,111,-0.007423453,-0.00519846537531434
47,112,0.000998688,-0.00354173907264376
47,113,0.00421203,-0.00823290780585746
47,114,0.017035947,0.0034117949075911
47,115,-0.012813303,-8.82407587387097e-05
47,116,0.003091891,-0.00569352114015665
47,117,-0.004676834,-0.00125643669707771
47,118,0.004394866,-0.00717427534866144
47,119,-0.012229011,0.00255653649432354
47,120,-0.007105029,0.00168498088608095
47,121,-0.006186256,-0.0078136682892477
47,122,0.004243655,0.0064904900612285
47,123,-0.010395646,-0.0113788338591219
47,124,0,0.00861001949140148
47,125,-0.009622771,-0.00580244059954191
47,126,-0.020082457,0.00537451448928031
47,127,-0.001845836,-0.010422926999177
47,128,0.018926038,0.00675198582355305
47,129,-0.017230143,0.00986236251945357
47,130,0.001153964,0.00564648183966154
47,131,-0.0226618,-0.00963574169762457
48,1,0.014732094,-0.0194954461494066
48,2,-0.007618303,-0.00543397299543866
48,3,0.00403614,-0.01951376968126
48,4,0.002048521,-0.00911735696288603
48,5,-0.004644459,-0.00629304538002065
48,6,-0.003427558,-0.00675426590734964
48,7,-0.00946078,-0.00507031145762806
48,8,-0.0215476,-0.0106761799455836
48,9,0.002671607,-0.00564207288083118
48,10,0.004507306,-0.00996546392425229
48,11,0.006588174,0.000219791307952538
48,12,0.013136331,-0.00548420988872536
48,13,0.000798687,-0.00630905075740545
48,14,-0.011165327,-0.00529197318876575
48,15,-0.003144563,0.00148040747506728
48,16,-0.010478088,0.000843969481760625
48,17,-0.012597583,0.00832378135508273
48,18,-0.005432496,-0.00441545781711291
48,19,-0.014549103,-0.00774471847142622
48,20,0.026544215,-0.00895798112107159
48,21,-0.006731457,-0.00350503481094838
48,22,0.029166024,-0.0114593662318612
48,23,-0.003958745,0.00697934065626856
48,24,-0.001932773,-0.00679903648294045
48,25,0.001019292,-0.000446625338402156
48,26,-0.00510688,0.0109947432499497
48,27,0,-0.0119427733367593
48,28,0.024161011,0.0140832683639194
48,29,-0.004995479,-0.0274312286733909
48,30,0.006111993,-0.00209347412832665
48,31,-0.006540496,-0.0209295794097952
48,32,-0.008519406,-0.00551229559569875
48,33,0.01627783,-0.00178892923167065
48,34,-0.006931136,0.00166381691706196
48,35,0.008908941,-0.0124239128650866
48,36,0.0068408,0.00195424003072765
48,37,-0.00873062,-0.0233299245852651
48,38,0.009050364,-0.00289624938154929
48,39,0.005969129,-0.00150533267245458
48,40,0,-0.00800382409194395
48,41,0.002913646,0.00411706734703882
48,42,0.01144228,-0.0163695427679915
48,43,0.002218841,-0.00245662281038699
48,44,0.012677698,-0.00756393213822937
48,45,-0.010463769,-0.0105666234214455
48,46,-0.008870974,-0.00394771019064812
48,47,0.012662984,-0.00854137517981885
48,48,0.001932913,-0.00415970813740337
48,49,0.010222987,-0.00897851542446518
48,50,0,-0.00329054364368282
48,51,0.000237154,-0.0186016939821169
48,52,0.001923051,-0.00367418243051596
48,53,-0.001309502,-0.00867122898264325
48,54,-0.026442219,-0.00277138214959651
48,55,0.007713788,0.000568968619646949
48,56,-0.010752869,-0.00903756673775807
48,57,-0.001753101,-0.00638663135832863
48,58,0.000718856,-0.00808689069918529
48,59,0.016534014,-0.00412143338124526
48,60,-0.002420229,-0.0063500551530162
48,61,0.013959278,-0.000186226277346783
48,62,0.004795571,-0.00831790643921877
48,63,0,0.0125683158954784
48,64,0.015058842,-0.0109908910122159
48,65,-0.005343309,0.00535670290678592
48,66,0.000688402,-0.0121498969118031
48,67,-0.01355192,-0.000145154852815773
48,68,-0.000572158,-0.0196171736728085
48,69,-0.006203068,-0.000755572090193345
48,70,-0.011698188,-0.0101948648250042
48,71,-0.01048581,-0.0120767547328391
48,72,0,9.8313111453818e-05
48,73,-0.024422303,-0.0137254270021323
48,74,0.024364857,0.000963122728027116
48,75,-0.00384198,0.000857080979893699
48,76,-0.016513443,-0.000301819439156946
48,77,-0.004671876,-0.00396846362680901
48,78,-0.002993816,0.00400158088834619
48,79,0.023948434,-0.00107445097309968
48,80,0.0026067,0.0162815360898016
48,81,0.003431619,-0.0177899465525899
48,82,-0.003072111,0.0102335021074064
48,83,-0.003081578,-0.017181091140761
48,84,-0.016915168,-0.00287693297867669
48,85,-0.00435122,0.00863195205545939
48,86,0.006797803,-0.00531377010624089
48,87,0.011406415,0.00138418789387445
48,88,-0.005556013,-0.0197491600598139
48,89,-0.012780802,-0.0078858905035952
48,90,-0.008344725,-0.009168412757671
48,91,0.009978869,0.00274369659571042
48,92,-0.010603079,0.00132060060809375
48,93,0.014039307,0.003050278434333
48,94,0.003745816,-0.00176177092741277
48,95,0.000219047,-0.0100539594494763
48,96,-0.010022903,-0.0105158747701974
48,97,0,0.000466257177884982
48,98,0.003504023,-0.000211714416994628
48,99,0.013300146,0.00727908263962763
48,100,0.005106443,-0.0138710785720398
48,101,0.009435184,0.00018612841846938
48,102,0,-0.0148065534438612
48,103,0.005075574,-0.00619473361855329
48,104,0.010932935,-0.00499757671588301
48,105,-0.007228097,0.00252732324343198
48,106,-0.007423453,-0.0102816383968635
48,107,0.000998688,-0.00530954682833016
48,108,0.00421203,-0.0133727856781309
48,109,0.017035947,-0.00548584061001297
48,110,-0.012813303,-0.00874137359650333
48,111,0.003091891,-0.0128083611014484
48,112,-0.004676834,-0.00360062005793323
48,113,0.004394866,-0.0105370441154309
48,114,-0.012229011,0.00100397438983124
48,115,-0.007105029,-0.000180012292820552
48,116,-0.006186256,-0.009939758027383
48,117,0.004243655,-0.000329446117503583
48,118,-0.010395646,-0.0153530201998079
48,119,0,0.00438151519115711
48,120,-0.009622771,-0.00767796405685849
48,121,-0.020082457,0.000567552274334484
48,122,-0.001845836,-0.00700733212178959
48,123,0.018926038,0.0090147258311677
48,124,-0.017230143,-0.000230737733637814
48,125,0.001153964,-0.00196163581092631
48,126,-0.0226618,-0.00615319581336717
48,127,0.001423858,-0.000797656605469626
48,128,0.006237962,0.00479265386448938
48,129,-0.023895466,0.00458117852136944
48,130,0.00559025,-0.00346585517670955
48,131,0.018077126,0.00864384999829552
49,1,0.002048521,-0.00909914571320799
49,2,-0.004644459,-0.00869241100049544
49,3,-0.003427558,-0.00486516649371525
49,4,-0.00946078,-0.00383982131276746
49,5,-0.0215476,-0.0102046296357868
49,6,0.002671607,-0.00465145978262128
49,7,0.004507306,-0.0104957837483197
49,8,0.006588174,0.00169787667970773
49,9,0.013136331,0.00470755582410859
49,10,0.000798687,0.000324086466931996
49,11,-0.011165327,-0.0041093929544377
49,12,-0.003144563,-0.00292387210160479
49,13,-0.010478088,-0.0105657221133142
49,14,-0.012597583,-0.00132298553377655
49,15,-0.005432496,-0.00323166916042912
49,16,-0.014549103,-0.00585877628937878
49,17,0.026544215,-0.00476875011736004
49,18,-0.006731457,0.00113897413160215
49,19,0.029166024,-0.000933762508382939
49,20,-0.003958745,0.00777868098611477
49,21,-0.001932773,-0.00391054273632866
49,22,0.001019292,-0.00729453121251584
49,23,-0.00510688,6.71752692932318e-06
49,24,0,-0.0163894377004196
49,25,0.024161011,0.0117536400404496
49,26,-0.004995479,-0.0166014368180367
49,27,0.006111993,0.0069602498064323
49,28,-0.006540496,-0.0109758470123777
49,29,-0.008519406,-0.0102389399271822
49,30,0.01627783,-0.00711097858620303
49,31,-0.006931136,-0.000823832844408155
49,32,0.008908941,-0.00665232841722857
49,33,0.0068408,0.00648020237751575
49,34,-0.00873062,-0.0149720047141139
49,35,0.009050364,-0.00268638795947474
49,36,0.005969129,-0.00300673466490946
49,37,0,-0.00951485146979189
49,38,0.002913646,0.00616796590438833
49,39,0.01144228,-0.0107161275604048
49,40,0.002218841,-0.00444962836039335
49,41,0.012677698,-0.00166681560632132
49,42,-0.010463769,-0.00687251968010121
49,43,-0.008870974,-0.00409848376845424
49,44,0.012662984,-0.00991610960097228
49,45,0.001932913,-0.00776532123410341
49,46,0.010222987,-0.00362892209259427
49,47,0,0.0049506036029159
49,48,0.000237154,-0.0113328732782539
49,49,0.001923051,-0.0042422571689268
49,50,-0.001309502,-0.00829879918195938
49,51,-0.026442219,-0.0062784806710433
49,52,0.007713788,-0.00115899341703174
49,53,-0.010752869,-0.0119878716385972
49,54,-0.001753101,-0.00365580740609825
49,55,0.000718856,-0.000763160612115879
49,56,0.016534014,-0.00124863260344835
49,57,-0.002420229,-0.00388597651183902
49,58,0.013959278,0.00638371433050069
49,59,0.004795571,-0.00890073455590234
49,60,0,0.00539062179161382
49,61,0.015058842,-0.00921641117709941
49,62,-0.005343309,0.000559966441954836
49,63,0.000688402,-0.0098426573550688
49,64,-0.01355192,0.000306763282359781
49,65,-0.000572158,-0.0169379818359714
49,66,-0.006203068,-0.00488082169680822
49,67,-0.011698188,-0.00512347846182449
49,68,-0.01048581,-0.00791219348024768
49,69,0,0.000137535193953633
49,70,-0.024422303,-0.0111352160650028
49,71,0.024364857,0.00179911555702547
49,72,-0.00384198,-0.00164328739519983
49,73,-0.016513443,0.00373890067500797
49,74,-0.004671876,0.000654764067195069
49,75,-0.002993816,-0.00542611877992038
49,76,0.023948434,-0.010743093697607
49,77,0.0026067,0.0158769089546356
49,78,0.003431619,-0.00586786404952276
49,79,-0.003072111,0.00909943348083644
49,80,-0.003081578,-0.0145879796532458
49,81,-0.016915168,-0.0108806399935159
49,82,-0.00435122,0.000953709598288598
49,83,0.006797803,-0.00974880548943217
49,84,0.011406415,0.00256206552442731
49,85,-0.005556013,-0.00471978208358214
49,86,-0.012780802,0.00153942180394826
49,87,-0.008344725,-0.0100168799169307
49,88,0.009978869,-0.00731985461635368
49,89,-0.010603079,-0.0044610822992139
49,90,0.014039307,0.00515643126325886
49,91,0.003745816,0.00105425553198399
49,92,0.000219047,-0.00375030874664853
49,93,-0.010022903,-0.00523778989790536
49,94,0,-0.00345544144440696
49,95,0.003504023,-0.00975725124080946
49,96,0.013300146,0.00426543973100392
49,97,0.005106443,-0.00626373858154625
49,98,0.009435184,0.00538793118054905
49,99,0,-0.00780566596659861
49,100,0.005075574,-0.00567083127281118
49,101,0.010932935,-0.00803655690254147
49,102,-0.007228097,-0.000842338540582094
49,103,-0.007423453,-0.00654065116609267
49,104,0.000998688,-0.00498876660320388
49,105,0.00421203,-0.0136062514028984
49,106,0.017035947,-0.00279381103981879
49,107,-0.012813303,1.21317458915671e-05
49,108,0.003091891,-0.00454409875508406
49,109,-0.004676834,-0.00503762462224537
49,110,0.004394866,-0.0123033354450849
49,111,-0.012229011,-0.00230984518455344
49,112,-0.007105029,0.00114195035974327
49,113,-0.006186256,-0.0103715680617566
49,114,0.004243655,-0.00106388924955252
49,115,-0.010395646,-0.0104586007544383
49,116,0,0.00575217202168639
49,117,-0.009622771,-0.00623751079902326
49,118,-0.020082457,-0.00133671073487252
49,119,-0.001845836,-0.00828191001445244
49,120,0.018926038,0.000204679074224069
49,121,-0.017230143,-0.000821985511893327
49,122,0.001153964,0.00815749269273058
49,123,-0.0226618,-0.00502941506743709
49,124,0.001423858,-0.0091258123973059
49,125,0.006237962,-0.00312753307012028
49,126,-0.023895466,0.00281902543741881
49,127,0.00559025,-0.000996947472624612
49,128,0.018077126,0.00610008071678805
49,129,0.012122826,-0.0155930257771988
49,130,-0.003265641,0.0152973084983075
49,131,0.01837079,-0.00238196564546471
50,1,-0.00946078,-0.00415905060074803
50,2,-0.0215476,-0.00919250079377536
50,3,0.002671607,-0.00129578069708058
50,4,0.004507306,-0.0134874057991188
50,5,0.006588174,0.00427830737108743
50,6,0.013136331,-0.00662611679521591
50,7,0.000798687,-0.00597990925713242
50,8,-0.011165327,-0.00847734343921468
50,9,-0.003144563,-0.00573945556251338
50,10,-0.010478088,-0.0113275109358441
50,11,-0.012597583,0.00558551298437591
50,12,-0.005432496,-0.00558996543910666
50,13,-0.014549103,-0.00490006862651455
50,14,0.026544215,-0.00376797418572124
50,15,-0.006731457,-0.00421383912116513
50,16,0.029166024,-0.00670146688482121
50,17,-0.003958745,-0.00754850541484
50,18,-0.001932773,0.0012301923528774
50,19,0.001019292,-0.0218945360445059
50,20,-0.00510688,0.0136399640602694
50,21,0,-0.0245190004651102
50,22,0.024161011,0.0217114231272856
50,23,-0.004995479,-0.0264215398461147
50,24,0.006111993,0.0108274097945048
50,25,-0.006540496,-0.0253331528760053
50,26,-0.008519406,-0.00260515922465166
50,27,0.01627783,-0.00964334513154638
50,28,-0.006931136,0.00187431921181097
50,29,0.008908941,-0.0115023198944795
50,30,0.0068408,0.00432357443469227
50,31,-0.00873062,-0.0160692199464908
50,32,0.009050364,-0.00698795725175081
50,33,0.005969129,-0.00415497387128498
50,34,0,-0.0105852622151647
50,35,0.002913646,0.00531419170576298
50,36,0.01144228,-0.016359815862794
50,37,0.002218841,-0.00227742762839631
50,38,0.012677698,-0.00288952683279319
50,39,-0.010463769,-0.0158803180655045
50,40,-0.008870974,-5.19585009688704e-05
50,41,0.012662984,-0.0125613899194365
50,42,0.001932913,-0.00147657051484109
50,43,0.010222987,-0.00735725132479975
50,44,0,-0.00153250552331706
50,45,0.000237154,-0.013681492175215
50,46,0.001923051,-0.00428218127760327
50,47,-0.001309502,-0.00923442787061512
50,48,-0.026442219,-0.0102284000494575
50,49,0.007713788,0.0028091269202108
50,50,-0.010752869,-0.0129260336730995
50,51,-0.001753101,0.00477701011171712
50,52,0.000718856,-0.0150251657933487
50,53,0.016534014,0.00174043054057456
50,54,-0.002420229,-0.010723861584883
50,55,0.013959278,0.00459699244117119
50,56,0.004795571,-0.0251206979134958
50,57,0,0.015812317041587
50,58,0.015058842,-0.0199407302829118
50,59,-0.005343309,0.00382906620783639
50,60,0.000688402,-0.012060276181384
50,61,-0.01355192,0.000320313699722383
50,62,-0.000572158,-0.0154096037302847
50,63,-0.006203068,-0.0031857651735491
50,64,-0.011698188,-0.0018455813530659
50,65,-0.01048581,-0.0163078656156307
50,66,0,0.00570984417711651
50,67,-0.024422303,-0.0153748356291567
50,68,0.024364857,0.00183882717315881
50,69,-0.00384198,-0.0108502349952529
50,70,-0.016513443,0.00852000518269705
50,71,-0.004671876,-0.0181778374362797
50,72,-0.002993816,0.0019140374841164
50,73,0.023948434,-0.0104240447801331
50,74,0.0026067,0.014812988718628
50,75,0.003431619,-0.0214531368581058
50,76,-0.003072111,0.00746918092736
50,77,-0.003081578,-0.0119252292934184
50,78,-0.016915168,-0.0153260330026928
50,79,-0.00435122,0.00533450752718666
50,80,0.006797803,-0.0126018458076307
50,81,0.011406415,0.0121960887367777
50,82,-0.005556013,-0.0156392040389575
50,83,-0.012780802,-0.00498310597859562
50,84,-0.008344725,-0.0146562034669952
50,85,0.009978869,-0.000507132478328757
50,86,-0.010603079,-0.00676462449718187
50,87,0.014039307,0.0016662477840156
50,88,0.003745816,-0.00624297504162494
50,89,0.000219047,0.00154955709717397
50,90,-0.010022903,-0.0176909183926797
50,91,0,-0.00282009112452905
50,92,0.003504023,-0.0113384865644236
50,93,0.013300146,0.0119561308082404
50,94,0.005106443,-0.0181652563599999
50,95,0.009435184,0.00566495417776605
50,96,0,-0.0150263807787905
50,97,0.005075574,-0.00435961110088405
50,98,0.010932935,-0.0132114612673416
50,99,-0.007228097,0.0021717589354633
50,100,-0.007423453,-0.0103988182384082
50,101,0.000998688,-0.00410756817960239
50,102,0.00421203,-0.00975150578048406
50,103,0.017035947,-0.0022708452989985
50,104,-0.012813303,-0.00713878474797134
50,105,0.003091891,-0.00916496118216309
50,106,-0.004676834,-0.00702778095252569
50,107,0.004394866,-0.00654104651584124
50,108,-0.012229011,-0.00966812098235578
50,109,-0.007105029,0.00342200223919319
50,110,-0.006186256,-0.0156717499734304
50,111,0.004243655,0.00908335234970922
50,112,-0.010395646,-0.0206182896153585
50,113,0,0.00612381175425287
50,114,-0.009622771,-0.0143000468203995
50,115,-0.020082457,0.00432801717400145
50,116,-0.001845836,-0.0160530522680077
50,117,0.018926038,0.00339598695198117
50,118,-0.017230143,-0.00233503012395222
50,119,0.001153964,0.00116601962023846
50,120,-0.0226618,-0.017302189320882
50,121,0.001423858,0.00278972252904555
50,122,0.006237962,-0.0094644004374537
50,123,-0.023895466,0.00464615658141341
50,124,0.00559025,-0.0124994587889315
50,125,0.018077126,0.0113233796817602
50,126,0.012122826,-0.0180480359343655
50,127,-0.003265641,0.00654813563024743
50,128,0.01837079,-0.0163640594952849
50,129,0.001685693,-0.00320724040675217
50,130,0.005627925,0.00552396171186152
50,131,-0.011941676,-0.0238237934622905
