"iteration","obs_index","y_true","y_pred"
1,1,6,9.20311424886564
1,2,-7,-6.66767636335883
1,3,3,3.64395402884239
1,4,-5,-14.7570970154147
1,5,1,7.55180353766186
1,6,-4,-17.1079992093035
1,7,4,8.93163224487914
1,8,-1,-4.8952085400341
1,9,4,-4.03328611723455
1,10,4,-14.3345483095358
1,11,-4,-7.59628090880004
1,12,3,10.6613763190724
1,13,-6,1.70947825311304
1,14,3,18.3556756212878
1,15,-4,2.37271825321801
1,16,1,19.1764558736594
1,17,14,3.52868832204086
1,18,-11,-14.5221076777266
1,19,-2,12.8683912674391
1,20,-1,5.45833518084917
1,21,7,13.5892542430803
1,22,-8,-10.2769791466329
1,23,8,19.9646677772403
1,24,-1,-6.18525082015599
1,25,4,-1.12788361096915
1,26,-1,-15.6217969078008
1,27,-2,1.73840502977561
1,28,0,7.30933508372414
1,29,-1,3.64286888215483
1,30,7,2.60354311247947
1,31,-12,-2.50353938486337
1,32,6,24.0927826254055
1,33,-4,-6.44161076961108
1,34,-3,21.6160556448329
1,35,6,-12.7904191451961
1,36,1,-2.25595266825584
1,37,-1,-2.36642372209887
1,38,8,2.10168034562385
1,39,-21,-10.8000107988055
1,40,1,23.5243240356872
1,41,2,-4.18227773902957
1,42,7,11.2840987694552
1,43,0,-18.2596771425382
1,44,11,3.35758455667327
1,45,-18,-8.9788935061503
1,46,8,1.61422279664403
1,47,-7,-5.93695270036017
1,48,20,12.9836458937252
1,49,-10,-2.38561058050801
1,50,4,9.43770503672179
1,51,14,-3.87861621854369
1,52,11,-13.2849202243693
1,53,3,-6.53556385210312
1,54,-22,-0.988911566450924
1,55,-7,19.3125435348067
1,56,11,10.8696441031192
1,57,0,-8.18788484015584
1,58,0,3.0535765012648
1,59,-3,-1.44696929558253
1,60,21,1.00708557706269
1,61,-3,-6.65388234703904
1,62,4,-6.0837399577358
1,63,-7,-15.1122724351986
1,64,-14,15.7309208140772
1,65,8,21.186608346677
1,66,19,-11.3233203590389
1,67,-6,-8.82798160841063
1,68,2,-8.00365820700588
1,69,-22,-3.15374012693101
1,70,0,17.7523769297055
1,71,-4,-13.6524903429819
1,72,2,11.703168859449
1,73,3,0.87058154218717
1,74,2,7.01040838984602
1,75,8,3.30661369171917
1,76,-8,-14.1831299476787
1,77,0,14.6877007329648
1,78,0,-3.74381875165187
1,79,14,13.5002254902809
1,80,-14,-10.3143764600558
1,81,0,9.29033574548344
1,82,0,3.27033578037719
1,83,4,9.99730799045017
1,84,-5,-9.97423420609895
1,85,5,5.85420523350167
1,86,1,-5.23700660588676
1,87,-10,7.18415369930463
1,88,15,16.545384154519
1,89,-8,-13.5900021251437
1,90,11,19.3650291703051
1,91,-11,-12.2851537468635
1,92,-7,16.6110160654904
1,93,4,14.0755819505203
1,94,0,-4.13809334557423
1,95,0,0.789804876294434
1,96,-3,-2.30261265362888
1,97,3,6.79946879696771
1,98,15,1.38615485272689
1,99,-11,-11.2690458570473
1,100,-7,10.9229389534797
1,101,-4,20.2911646505874
1,102,-2,17.6422072643918
1,103,5,12.7267439125228
1,104,-8,-0.134502855663078
1,105,1,13.0638519661729
1,106,-3,-3.66860602736851
1,107,18,14.6484986709513
1,108,-4,-4.80987697735739
1,109,-3,4.90758024351816
1,110,2,4.53911470193209
1,111,3,5.93804282910125
1,112,6,3.53035699131172
1,113,15,-6.07448489657838
1,114,-17,-9.72234653340426
1,115,-6,15.7960012791175
1,116,-3,6.97471982163969
1,117,2,12.0292602357684
1,118,0,5.02919998288097
1,119,3,6.74263852114497
1,120,-4,7.69621499628179
1,121,0,-7.02443963515371
1,122,4,-0.604392704014303
1,123,8,-6.87493503060065
1,124,3,-8.82066025438642
1,125,-7,4.58501969240842
1,126,-6,15.7036567112209
1,127,-1,8.72941968367983
1,128,7,16.024499482433
1,129,10,-11.1028685179757
1,130,-7,0.352079686634505
1,131,4,1.40277944915101
1,132,-4,-9.31670750662111
1,133,4,18.7302142975227
1,134,-4,-8.9584918470056
1,135,4,13.0218547675602
1,136,-3,-6.46531908367872
1,137,-5,5.61316063756315
1,138,-12,11.0124035473573
1,139,5,20.3362309402815
1,140,4,-14.3382230634481
1,141,-4,1.13290817652742
1,142,15,6.56101970908569
1,143,-4,-6.88086842424376
1,144,0,13.1277569958725
1,145,-11,-12.7041952312596
1,146,1,11.0136795667389
1,147,0,-0.667891365199014
1,148,7,14.6871496095218
1,149,-1,-8.95672759068695
1,150,-6,2.70362192109407
1,151,-2,11.5861733824172
1,152,22,-2.52884422855372
1,153,2,-9.95144545581953
1,154,-15,0.22932700546616
1,155,3,9.554145765522
1,156,-11,0.623151679907816
1,157,7,23.411753963665
1,158,-3,-13.6437239135889
1,159,-2,10.0197077857535
1,160,6,2.82098941755003
2,1,1,9.31029641955047
2,2,-4,-8.62577491945886
2,3,4,7.23998444206146
2,4,-1,-1.6137091877536
2,5,4,3.99666451424201
2,6,4,-13.4108068672375
2,7,-4,-9.27874168809878
2,8,3,8.73126716407404
2,9,-6,-2.53375538450711
2,10,3,11.5041364268547
2,11,-4,-1.06556347994558
2,12,1,8.41153350492394
2,13,14,0.737900628049344
2,14,-11,-15.9769254421789
2,15,-2,16.2887876181854
2,16,-1,2.32987740405726
2,17,7,7.72737323378031
2,18,-8,-14.8404857315514
2,19,8,9.07996482637508
2,20,-1,-6.74637185535033
2,21,4,4.99538742174663
2,22,-1,-16.4949882967062
2,23,-2,7.67800713613184
2,24,0,10.7091647669784
2,25,-1,8.16574192535704
2,26,7,2.95660447941216
2,27,-12,-3.85700223395103
2,28,6,19.0415527789863
2,29,-4,-9.90787652713256
2,30,-3,14.082477197374
2,31,6,-14.3607683271064
2,32,1,-7.37925074215662
2,33,-1,-2.62328448703466
2,34,8,0.00844056397466234
2,35,-21,-6.13896792038607
2,36,1,19.3533207682278
2,37,2,-12.042931821175
2,38,7,8.79053669015515
2,39,0,-15.4956980073693
2,40,11,10.7359320593267
2,41,-18,-8.11758751416186
2,42,8,3.2859567643462
2,43,-7,-4.56253608827393
2,44,20,14.9590960301373
2,45,-10,-7.80696100409195
2,46,4,12.8695974366275
2,47,14,-9.20073407564857
2,48,11,-10.5911734881044
2,49,3,-9.51264654217608
2,50,-22,-8.93861292285241
2,51,-7,25.6535282326488
2,52,11,14.3463784932797
2,53,0,-8.34380865856211
2,54,0,-4.78372357069748
2,55,-3,-2.80526139514489
2,56,21,6.54231480625776
2,57,-3,-7.99542947135723
2,58,4,-3.95664053491675
2,59,-7,-17.070123280834
2,60,-14,20.195218403132
2,61,8,30.3350233002811
2,62,19,-15.2786337968261
2,63,-6,-9.15770234639042
2,64,2,-6.2494066549507
2,65,-22,-6.31136547668042
2,66,0,26.9510511805734
2,67,-4,-4.96174168107314
2,68,2,6.61339345085065
2,69,3,3.1114283706158
2,70,2,10.1426170594773
2,71,8,1.96721025730197
2,72,-8,-12.0943260625766
2,73,0,14.1927156717346
2,74,0,-10.331159293159
2,75,14,3.94628673566454
2,76,-14,-15.7604358055653
2,77,0,14.975933179815
2,78,0,-2.54829577094379
2,79,4,11.867098407573
2,80,-5,-9.28601311037381
2,81,5,8.75226996290059
2,82,1,-7.61937214270388
2,83,-10,2.94422453825584
2,84,15,17.7122293039106
2,85,-8,-13.5652051676949
2,86,11,20.4436318272419
2,87,-11,-12.8122453788795
2,88,-7,10.3725675782953
2,89,4,10.6516895415473
2,90,0,-3.21581490891802
2,91,0,10.6270887602889
2,92,-3,0.127690403644095
2,93,3,6.45075288805412
2,94,15,1.84176443404951
2,95,-11,-15.5364003608727
2,96,-7,7.44739111781094
2,97,-4,23.4251521424977
2,98,-2,15.3046833063684
2,99,5,11.9990537504998
2,100,-8,-2.05742604483466
2,101,1,15.9234669819796
2,102,-3,3.21231331902603
2,103,18,13.5535344207109
2,104,-4,-4.66815656856448
2,105,-3,-2.21861252070245
2,106,2,4.3989823872866
2,107,3,1.9265808338938
2,108,6,3.93236785525957
2,109,15,-5.54020597625525
2,110,-17,-8.79347040695896
2,111,-6,26.547581117199
2,112,-3,4.51583107374182
2,113,2,15.079095542102
2,114,0,-1.9302794882364
2,115,3,9.4413785374638
2,116,-4,2.51056402746945
2,117,0,7.72047818737167
2,118,4,-0.320482342373635
2,119,8,-11.395657343602
2,120,3,-10.3132466088601
2,121,-7,3.05511958831006
2,122,-6,16.8445219340996
2,123,-1,10.5466163583055
2,124,7,9.33452499739462
2,125,10,-13.6002655835648
2,126,-7,-5.51851361081024
2,127,4,15.9212306251724
2,128,-4,-8.67242362117618
2,129,4,14.7978874965441
2,130,-4,-11.900844402076
2,131,4,7.8549591665479
2,132,-3,-2.43723079052485
2,133,-5,8.30007033972007
2,134,-12,10.9785024117153
2,135,5,19.6244335798089
2,136,4,-11.1208631772436
2,137,-4,-2.25415370086698
2,138,15,4.82213977413661
2,139,-4,-2.83871728355461
2,140,0,2.50424526896143
2,141,-11,-8.97496451726307
2,142,1,9.81103022511497
2,143,0,1.38539098344018
2,144,7,14.2062238840516
2,145,-1,-6.18505364470622
2,146,-6,6.58863704766667
2,147,-2,10.8461419361457
2,148,22,13.3114843037211
2,149,2,-9.999595089143
2,150,-15,-3.09437874982721
2,151,3,12.6593543018701
2,152,-11,1.77539145479887
2,153,7,18.944412785272
2,154,-3,-18.1586011048401
2,155,-2,4.54216827095455
2,156,6,5.66316778451269
2,157,-4,-14.9959913536045
2,158,-3,9.99332657742088
2,159,7,6.35328675509819
2,160,-4,-10.3105041463671
3,1,-4,-7.5046173277018
3,2,4,9.94768407959391
3,3,-1,-4.35565475405491
3,4,4,-0.660873939465008
3,5,4,-10.5857253301366
3,6,-4,-12.9061552589068
3,7,3,11.5507815206993
3,8,-6,-1.39584288925183
3,9,3,16.6359895795416
3,10,-4,-0.626477244076102
3,11,1,10.5709524193638
3,12,14,0.771981908193638
3,13,-11,-14.4994619163539
3,14,-2,14.6187349927575
3,15,-1,-3.32692107955128
3,16,7,5.79819562063118
3,17,-8,-15.2934764344372
3,18,8,13.2012466193019
3,19,-1,-8.52963942128463
3,20,4,-0.371894647344796
3,21,-1,-13.8636374187235
3,22,-2,1.99438682676115
3,23,0,7.37658074174416
3,24,-1,4.97300892132421
3,25,7,0.0878602241954804
3,26,-12,-9.46223269216915
3,27,6,18.6561951288369
3,28,-4,-9.59079854779578
3,29,-3,9.9028735749511
3,30,6,-14.5128151052505
3,31,1,-1.19542237299129
3,32,-1,-7.08210187834829
3,33,8,-4.96289662542663
3,34,-21,-7.00528315060491
3,35,1,15.9608416261608
3,36,2,-8.05871731232029
3,37,7,7.8465430612201
3,38,0,-15.3258783290571
3,39,11,9.35743355979168
3,40,-18,-7.79890709054214
3,41,8,1.93342176784555
3,42,-7,-1.46317984187398
3,43,20,9.34785597410181
3,44,-10,-8.83663111010666
3,45,4,15.9394006307048
3,46,14,-10.715228575227
3,47,11,-13.7708185134137
3,48,3,-14.8308986946814
3,49,-22,-8.67565861739707
3,50,-7,25.7426702315933
3,51,11,17.2519055149821
3,52,0,-11.8463814384934
3,53,0,-3.34367345635845
3,54,-3,-3.56393980061185
3,55,21,4.84600413951012
3,56,-3,-8.03969977342624
3,57,4,-5.71692478807625
3,58,-7,-13.7437081969924
3,59,-14,16.2110894240495
3,60,8,30.1254855822114
3,61,19,-15.0132799931061
3,62,-6,-11.9082976012524
3,63,2,-2.13885233872815
3,64,-22,-4.41435142868317
3,65,0,18.7676381073468
3,66,-4,-10.902895811097
3,67,2,9.59246553172284
3,68,3,1.23772067707073
3,69,2,8.13355940913287
3,70,8,-0.879950181908288
3,71,-8,-13.8137798597349
3,72,0,15.2576033108603
3,73,0,-8.98322591863752
3,74,14,2.76565606037568
3,75,-14,-18.3404984286814
3,76,0,9.0674792449573
3,77,0,-2.40296919178351
3,78,4,5.0318458308399
3,79,-5,-7.11515181578221
3,80,5,11.0236796521962
3,81,1,-12.3767549386454
3,82,-10,3.40605047243574
3,83,15,20.4593367334779
3,84,-8,-15.9123739737774
3,85,11,13.7609394303313
3,86,-11,-11.8199334623313
3,87,-7,15.5620651994809
3,88,4,15.8751942347226
3,89,0,-4.51836685142437
3,90,0,4.41307897799711
3,91,-3,-3.09305538494257
3,92,3,2.70952136761725
3,93,15,5.34199429153589
3,94,-11,-17.3059322539603
3,95,-7,9.76656573490201
3,96,-4,18.0990489008622
3,97,-2,14.5811932783998
3,98,5,5.68611247875115
3,99,-8,-12.5484427557043
3,100,1,7.11504585312835
3,101,-3,2.76520221892301
3,102,18,9.96443855322903
3,103,-4,-7.75089777412713
3,104,-3,-1.22395537406048
3,105,2,3.02769675577838
3,106,3,-4.83219053821453
3,107,6,-0.257954106873556
3,108,15,-3.54404412422385
3,109,-17,-8.61001265537858
3,110,-6,19.7809510308318
3,111,-3,13.6325093484684
3,112,2,14.6777997804938
3,113,0,0.118350632370206
3,114,3,9.62973949071504
3,115,-4,1.81329611589229
3,116,0,6.26291631425454
3,117,4,-2.17676788138009
3,118,8,-11.4806240351361
3,119,3,-12.7449426268875
3,120,-7,-0.586351848596072
3,121,-6,13.9565101121378
3,122,-1,15.8141525910214
3,123,7,7.46888274999384
3,124,10,-14.9724234052886
3,125,-7,-13.0966697159362
3,126,4,9.64945022818686
3,127,-4,-5.18412635210684
3,128,4,10.8204970231161
3,129,-4,-14.2294283322269
3,130,4,7.0345817259784
3,131,-3,-4.21700266934809
3,132,-5,4.86670373706733
3,133,-12,17.4126220788804
3,134,5,18.3852480328026
3,135,4,-10.5828662805682
3,136,-4,-6.49557967664199
3,137,15,7.64593297326823
3,138,-4,-7.27771678579369
3,139,0,5.91838507704311
3,140,-11,-12.4593617893449
3,141,1,17.818218602117
3,142,0,-2.75210333976996
3,143,7,9.50575207523393
3,144,-1,-7.75908317977462
3,145,-6,1.22126503270037
3,146,-2,17.3447892477681
3,147,22,8.374482107983
3,148,2,-8.88778581756289
3,149,-15,-4.86555433034776
3,150,3,17.4850622281882
3,151,-11,2.73362937396732
3,152,7,17.9840422544527
3,153,-3,-18.1314541617444
3,154,-2,6.99776953125966
3,155,6,4.78818133836945
3,156,-4,-15.4779995013552
3,157,-3,14.5933340860076
3,158,7,2.01244712107402
3,159,-4,-12.3113267057842
3,160,0,12.439145424501
4,1,-11,-8.13182640323371
4,2,-2,12.6139416365785
4,3,-1,0.842916707193031
4,4,7,9.21177219727966
4,5,-8,-16.3948329032955
4,6,8,18.1156285913814
4,7,-1,-5.21521888985856
4,8,4,2.70884679904939
4,9,-1,-17.7071680704492
4,10,-2,12.3120021658083
4,11,0,7.01552075711183
4,12,-1,12.3777312347195
4,13,7,2.35115207932161
4,14,-12,-6.07736809426684
4,15,6,16.6444396175896
4,16,-4,-9.38095564762383
4,17,-3,11.626403234585
4,18,6,-9.04820302105673
4,19,1,-4.81941378290785
4,20,-1,5.35166365724393
4,21,8,-4.01312887889352
4,22,-21,-1.82542564757951
4,23,1,23.1028276383439
4,24,2,-10.3135061611631
4,25,7,12.5558877802868
4,26,0,-14.1967911644292
4,27,11,12.7614122946473
4,28,-18,-6.92673681716703
4,29,8,5.62576103329168
4,30,-7,-2.76551687994009
4,31,20,11.5482275551099
4,32,-10,-5.8437373230827
4,33,4,11.1301478489046
4,34,14,-9.56557318682742
4,35,11,-13.641302986027
4,36,3,-3.57859333317671
4,37,-22,-5.62056810047505
4,38,-7,19.901131789962
4,39,11,14.4285442633519
4,40,0,-7.90056186954495
4,41,0,-0.615442029911277
4,42,-3,-2.05663731422219
4,43,21,9.04800379433993
4,44,-3,-1.83829106623554
4,45,4,-6.32097889762831
4,46,-7,-19.0889037935506
4,47,-14,16.3455595460013
4,48,8,14.029632553021
4,49,19,-10.0471608250882
4,50,-6,-12.308342605692
4,51,2,9.5792171147527
4,52,-22,-3.9198177750124
4,53,0,18.3315749503927
4,54,-4,-10.0171400766523
4,55,2,15.9046089605295
4,56,3,7.62779214786208
4,57,2,10.101939560846
4,58,8,5.32651243076191
4,59,-8,-5.67381713435085
4,60,0,10.846894880946
4,61,0,-9.49252849359806
4,62,14,5.85918616187342
4,63,-14,-15.6866857605113
4,64,0,21.9368987489895
4,65,0,-0.0172993101103259
4,66,4,12.8954913719388
4,67,-5,-9.73004184985742
4,68,5,12.1303158099674
4,69,1,-3.89436722163607
4,70,-10,6.68066556478341
4,71,15,8.51002729418315
4,72,-8,-7.48245869714812
4,73,11,12.3565108250554
4,74,-11,-10.4190448794533
4,75,-7,18.2544436118238
4,76,4,16.0579713481008
4,77,0,-2.67284166973733
4,78,0,7.80527637502898
4,79,-3,5.46945280362106
4,80,3,9.28912069664326
4,81,15,7.21500550533142
4,82,-11,-19.1346631625084
4,83,-7,3.0660100156734
4,84,-4,6.5967689171098
4,85,-2,12.9297134376084
4,86,5,3.71539972663524
4,87,-8,1.82467370226866
4,88,1,14.0222578944448
4,89,-3,5.11260575315158
4,90,18,8.4267580976367
4,91,-4,-9.40665855212954
4,92,-3,10.8071859260575
4,93,2,1.61560748497852
4,94,3,6.66703296356857
4,95,6,8.7748446356071
4,96,15,-2.0611081074788
4,97,-17,-7.19867775952918
4,98,-6,8.19357154128401
4,99,-3,12.5903150343616
4,100,2,17.1599037350414
4,101,0,2.55110630069956
4,102,3,11.5852863678509
4,103,-4,9.28679601570998
4,104,0,10.4681447419821
4,105,4,1.60174029265894
4,106,8,-12.6937132293947
4,107,3,-15.2319908257533
4,108,-7,6.94682699456237
4,109,-6,12.3185927748684
4,110,-1,5.56831223845856
4,111,7,7.45310861172273
4,112,10,-13.3300036609628
4,113,-7,0.948013093802832
4,114,4,12.6449052264309
4,115,-4,-6.70462545243442
4,116,4,7.79868051107432
4,117,-4,-13.333328032618
4,118,4,19.118954642975
4,119,-3,-3.00551101443521
4,120,-5,11.7575846653406
4,121,-12,8.6700639226163
4,122,5,26.1099184106366
4,123,4,-13.8603728484046
4,124,-4,2.39910306567657
4,125,15,7.62695825390747
4,126,-4,-5.25454502778094
4,127,0,4.40925419050197
4,128,-11,-9.51406344856218
4,129,1,13.8031632983919
4,130,0,1.75371577663844
4,131,7,15.4188397801871
4,132,-1,-11.7972918839315
4,133,-6,9.90913511186851
4,134,-2,10.8363569500932
4,135,22,4.63758414766399
4,136,2,-13.1050122912153
4,137,-15,-8.83937641459796
4,138,3,12.4689306898707
4,139,-11,6.14156324636074
4,140,7,14.6426355872744
4,141,-3,-17.0716767487052
4,142,-2,14.6710399570944
4,143,6,4.46813686059618
4,144,-4,-7.33143533315567
4,145,-3,8.8047649817565
4,146,7,7.85450845580819
4,147,-4,-10.6347115372486
4,148,0,11.7971572993695
4,149,8,-3.99491785449673
4,150,-10,-2.12768002458367
4,151,-10,-0.270270394088183
4,152,-12,17.5199871379695
4,153,4,15.3304769105764
4,154,3,-2.12138687308626
4,155,13,4.15923649725838
4,156,-4,-5.97142050400685
4,157,4,-13.3705427230535
4,158,-23,1.24398753740725
4,159,4,17.9385184275486
4,160,0,-2.91643654387573
5,1,-8,-5.19434545373473
5,2,8,22.973807386215
5,3,-1,-3.87109834880442
5,4,4,-4.82155525604379
5,5,-1,-12.5147429444773
5,6,-2,9.14796575623739
5,7,0,10.9632891152152
5,8,-1,4.60327433435011
5,9,7,6.751168404194
5,10,-12,0.94825663759768
5,11,6,24.3052390485646
5,12,-4,-4.79361936479443
5,13,-3,18.3667359250387
5,14,6,-15.2701309140916
5,15,1,-6.82428080368233
5,16,-1,-2.38419997798889
5,17,8,-6.46434833016715
5,18,-21,-4.88170145836803
5,19,1,26.4501541512065
5,20,2,-8.5853567323571
5,21,7,13.9177576792182
5,22,0,-9.6838504582887
5,23,11,11.1061682775655
5,24,-18,-8.15017512436496
5,25,8,7.57672490088345
5,26,-7,-4.20659006864318
5,27,20,13.3033773774186
5,28,-10,-4.90574725625097
5,29,4,16.6469730269584
5,30,14,-2.80832237344218
5,31,11,-7.04042641605542
5,32,3,-5.02232163514416
5,33,-22,-9.92746294459718
5,34,-7,27.2895310788958
5,35,11,12.128914190958
5,36,0,-0.956148915961663
5,37,0,-5.76064740726699
5,38,-3,-5.30695383330905
5,39,21,8.16957339100926
5,40,-3,-6.30285604568004
5,41,4,-6.13643099212497
5,42,-7,-15.3389187334262
5,43,-14,13.5572063131929
5,44,8,27.4749940732211
5,45,19,-9.99089525771019
5,46,-6,-5.72987085600802
5,47,2,-4.81852144876078
5,48,-22,-6.20971048650046
5,49,0,25.1758345613381
5,50,-4,-0.538679287340302
5,51,2,18.2693664799051
5,52,3,3.00104668366381
5,53,2,9.7756237759655
5,54,8,2.04291587338625
5,55,-8,-14.2275589698765
5,56,0,17.8558222732547
5,57,0,-10.6513866770809
5,58,14,6.68744282083488
5,59,-14,-6.17058825659904
5,60,0,12.3423489174126
5,61,0,-3.14962025875481
5,62,4,9.27248450765184
5,63,-5,-6.59587356562955
5,64,5,7.65013547466823
5,65,1,-2.8374807962478
5,66,-10,5.0443124520726
5,67,15,23.545688668326
5,68,-8,-11.6683038130396
5,69,11,12.0239999266209
5,70,-11,-13.9807216921343
5,71,-7,17.3239042929913
5,72,4,17.1942983423772
5,73,0,-3.95745113740491
5,74,0,4.30510824064369
5,75,-3,-3.01365501893364
5,76,3,11.8190382792742
5,77,15,2.77381438589379
5,78,-11,-23.4931601261175
5,79,-7,9.70646563653646
5,80,-4,11.9957106785501
5,81,-2,16.0267875277118
5,82,5,13.8168834330168
5,83,-8,5.2052454689129
5,84,1,19.1050415243583
5,85,-3,0.113590855249149
5,86,18,10.4641448422382
5,87,-4,-1.10467523186894
5,88,-3,-3.11549369819666
5,89,2,5.90280154223927
5,90,3,9.46683964423002
5,91,6,5.75464901640003
5,92,15,-4.92470430588273
5,93,-17,-11.754388959026
5,94,-6,14.6066156731505
5,95,-3,6.07817700030267
5,96,2,19.7695820456326
5,97,0,2.54102591219767
5,98,3,12.5654171967398
5,99,-4,6.15693245660903
5,100,0,7.28752960621198
5,101,4,2.82207129922456
5,102,8,-6.56070485115747
5,103,3,0.145472773481467
5,104,-7,-1.36938651854152
5,105,-6,13.0034054285025
5,106,-1,13.9527934689557
5,107,7,6.91814668167611
5,108,10,-0.0555425331206687
5,109,-7,0.542253490552506
5,110,4,2.43378880334976
5,111,-4,-12.710381878553
5,112,4,10.6790648390608
5,113,-4,-6.93763603517018
5,114,4,16.9736563897711
5,115,-3,-2.99073047736601
5,116,-5,9.82946002356745
5,117,-12,9.85344491283312
5,118,5,25.3136440584257
5,119,4,-3.69903443650044
5,120,-4,0.78870837978844
5,121,15,4.34990193371335
5,122,-4,-7.4817345528713
5,123,0,-2.29299202767316
5,124,-11,-15.2443345245634
5,125,1,18.870926734863
5,126,0,7.17694163793278
5,127,7,14.6104955430655
5,128,-1,-1.25111486515403
5,129,-6,7.6468244540166
5,130,-2,8.80539073533414
5,131,22,6.78463934504533
5,132,2,-5.42760369657192
5,133,-15,-2.47666062984496
5,134,3,24.6837626936088
5,135,-11,1.90991495191377
5,136,7,21.9604117544156
5,137,-3,-9.65281690170373
5,138,-2,18.4024549272202
5,139,6,5.64571820668396
5,140,-4,-12.3145222460844
5,141,-3,11.1742658202055
5,142,7,7.28779753419166
5,143,-4,-6.70719591215558
5,144,0,12.4112945328443
5,145,8,-8.52751648565923
5,146,-10,-5.95125611388548
5,147,-10,-8.41807569042841
5,148,-12,12.2749099064596
5,149,4,18.1625196886865
5,150,3,-5.26640930567278
5,151,13,-0.522031753460107
5,152,-4,-5.17940088074082
5,153,4,-8.82533705124861
5,154,-23,-2.50090298701426
5,155,4,15.1153105389052
5,156,0,-3.37544105976304
5,157,-7,6.25023644396911
5,158,4,17.2573082664812
5,159,-4,0.523437311887091
5,160,7,14.2120968990129
6,1,8,13.1174326601112
6,2,-1,-6.49608917016542
6,3,4,12.9942773551866
6,4,-1,-16.6185873583628
6,5,-2,-3.03843271980935
6,6,0,9.57530806171268
6,7,-1,9.59361027954372
6,8,7,7.40855639022556
6,9,-12,-9.51995539560521
6,10,6,19.4198490304592
6,11,-4,-12.1148025173501
6,12,-3,22.9871614523195
6,13,6,-13.4165108651725
6,14,1,1.02811923543576
6,15,-1,1.60661713200053
6,16,8,2.64670893690448
6,17,-21,-3.6751576076059
6,18,1,18.2196103209885
6,19,2,1.2340749429312
6,20,7,3.61580920423135
6,21,0,-14.4873656899
6,22,11,11.3286030064637
6,23,-18,-8.65406993863862
6,24,8,1.18360243422591
6,25,-7,-1.04092590556455
6,26,20,15.3376710827695
6,27,-10,-6.8046370284761
6,28,4,4.33265463999748
6,29,14,-0.90297317351305
6,30,11,-14.63648847495
6,31,3,-5.2743530166223
6,32,-22,5.40366674429056
6,33,-7,13.721134717358
6,34,11,5.39804261608374
6,35,0,-5.08666455207279
6,36,0,-14.175496045025
6,37,-3,1.89280972837668
6,38,21,6.01010332580988
6,39,-3,-7.49178648797615
6,40,4,2.99767263446371
6,41,-7,-18.779824630954
6,42,-14,3.58932851207589
6,43,8,5.96749943273483
6,44,19,0.259151893884402
6,45,-6,-6.00816082526585
6,46,2,-3.69002373487262
6,47,-22,0.669097593006406
6,48,0,14.7735024622767
6,49,-4,-11.2059982209273
6,50,2,7.84076404226296
6,51,3,-8.90933135155008
6,52,2,11.6100645108046
6,53,8,8.81628283081318
6,54,-8,-12.5051027730715
6,55,0,11.0065389931076
6,56,0,-5.84909534041817
6,57,14,19.608257617243
6,58,-14,-15.530401150376
6,59,0,15.3844142507228
6,60,0,5.38100130871534
6,61,4,17.6459083052169
6,62,-5,-5.18271420351945
6,63,5,15.0484724074019
6,64,1,-2.93617440204954
6,65,-10,10.8983328221725
6,66,15,16.9432497904297
6,67,-8,-8.93495691597774
6,68,11,7.27082187496618
6,69,-11,-16.2235604991756
6,70,-7,16.4074949464204
6,71,4,9.98063997108828
6,72,0,-3.88123199204908
6,73,0,12.4944007733454
6,74,-3,-2.76636282255314
6,75,3,-0.886737114777915
6,76,15,10.5556591370211
6,77,-11,-24.4405827584881
6,78,-7,9.0998359642299
6,79,-4,8.58352158665713
6,80,-2,22.4644712695461
6,81,5,2.58224919568131
6,82,-8,5.75474419139189
6,83,1,10.9337747674333
6,84,-3,6.05616715641985
6,85,18,12.678686614282
6,86,-4,-13.9853358625884
6,87,-3,-2.3774460946476
6,88,2,8.30855906432167
6,89,3,9.08193079152959
6,90,6,4.39857711182825
6,91,15,-5.89312618982212
6,92,-17,-8.74022923628342
6,93,-6,5.36285443088017
6,94,-3,13.5535452684018
6,95,2,6.13665813350009
6,96,0,-5.21812309127068
6,97,3,13.1815197136862
6,98,-4,8.65634752176442
6,99,0,11.2106115450075
6,100,4,6.64881660854189
6,101,8,-12.451167514237
6,102,3,-9.52358935183465
6,103,-7,10.0847298829114
6,104,-6,17.9038505267195
6,105,-1,14.5288134623897
6,106,7,18.7326901970844
6,107,10,-7.8279358734184
6,108,-7,3.82845104615253
6,109,4,13.9521901184953
6,110,-4,-10.388389703802
6,111,4,16.6669785389664
6,112,-4,-16.5747000792772
6,113,4,7.80390738749701
6,114,-3,-5.15826672088945
6,115,-5,12.6319453318109
6,116,-12,15.1481754381144
6,117,5,9.50275803665196
6,118,4,-9.98167581977001
6,119,-4,7.26100985480785
6,120,15,4.21933792910223
6,121,-4,-10.0124654487943
6,122,0,16.7592874570384
6,123,-11,0.906892636338791
6,124,1,13.3934516221568
6,125,0,-2.73915286787486
6,126,7,21.2155557595363
6,127,-1,-7.94241152982148
6,128,-6,9.42528135959423
6,129,-2,14.4957693098487
6,130,22,8.37891856533576
6,131,2,-12.5798744332318
6,132,-15,-4.31026716285428
6,133,3,15.4654841321174
6,134,-11,6.23132549808556
6,135,7,10.6134207501461
6,136,-3,-18.9851373053834
6,137,-2,6.51104579246668
6,138,6,9.68765295421029
6,139,-4,-12.988406262595
6,140,-3,12.922531376945
6,141,7,-2.21547648702741
6,142,-4,-7.7765160888446
6,143,0,4.16141136123729
6,144,8,5.91628184843773
6,145,-10,-1.98470668538514
6,146,-10,-1.28634139768324
6,147,-12,12.5688205624717
6,148,4,11.7426906720152
6,149,3,-3.11426251194167
6,150,13,6.10635717376623
6,151,-4,1.15219872284584
6,152,4,-12.6848113424521
6,153,-23,1.23791072646404
6,154,4,8.31656211205543
6,155,0,-9.0317083932624
6,156,-7,15.1685243790486
6,157,4,13.8309960171801
6,158,-4,-0.985816057479585
6,159,7,20.0016370126723
6,160,8,13.9493276268863
7,1,4,9.97445674911252
7,2,-1,-13.9259936968177
7,3,-2,15.90975049602
7,4,0,8.85420682174572
7,5,-1,15.6693583686117
7,6,7,12.7035607893131
7,7,-12,2.8347093278169
7,8,6,22.5980950071082
7,9,-4,-2.96992367291326
7,10,-3,23.4496160752928
7,11,6,-9.99427860148965
7,12,1,-5.40686220963628
7,13,-1,11.9496061278415
7,14,8,12.9964445320484
7,15,-21,-6.0960143482028
7,16,1,14.6322810192424
7,17,2,8.62711465366394
7,18,7,7.44493570438604
7,19,0,-16.9245219147427
7,20,11,20.4408863872942
7,21,-18,-6.30115353853415
7,22,8,5.50680073446848
7,23,-7,-6.618077736818
7,24,20,17.5834590177055
7,25,-10,-0.298486203110771
7,26,4,10.6366938776826
7,27,14,2.63361890250528
7,28,11,-13.2525767048557
7,29,3,-4.11090598075538
7,30,-22,12.2844575004305
7,31,-7,4.47652327831878
7,32,11,11.1999981707319
7,33,0,-12.1920180004524
7,34,0,-13.2140631256615
7,35,-3,7.37846047855782
7,36,21,6.1427106330052
7,37,-3,-6.98898453163163
7,38,4,-3.47433483082045
7,39,-7,-16.7563369056746
7,40,-14,13.5863477826637
7,41,8,2.69902570206876
7,42,19,-6.56511464489223
7,43,-6,-13.7200363308515
7,44,2,-7.76248708440683
7,45,-22,16.6595455957615
7,46,0,14.0589436524211
7,47,-4,-4.81953804875894
7,48,2,12.8362989903321
7,49,3,-8.22387310054313
7,50,2,6.26942470316704
7,51,8,13.2569706805139
7,52,-8,-11.4994403053569
7,53,0,10.9605056817028
7,54,0,-1.25924140705866
7,55,14,15.6920076039179
7,56,-14,-14.5898601878913
7,57,0,12.1784214933408
7,58,0,17.3753376942407
7,59,4,12.3539061862036
7,60,-5,-8.37066502451926
7,61,5,12.8578080999923
7,62,1,-0.637248165982981
7,63,-10,7.47082006181128
7,64,15,15.5130455164463
7,65,-8,-4.17887944667907
7,66,11,0.494284776961894
7,67,-11,-14.781516146818
7,68,-7,19.3274158864054
7,69,4,10.9707542444154
7,70,0,-7.18784103201879
7,71,0,5.85678347854647
7,72,-3,4.6064523702556
7,73,3,6.57834528813043
7,74,15,3.90028184595243
7,75,-11,-18.5308569271657
7,76,-7,-0.153021881742754
7,77,-4,-0.760531913035036
7,78,-2,20.8899609437776
7,79,5,12.2635803321166
7,80,-8,7.02949557454823
7,81,1,8.46774806855544
7,82,-3,4.94363164793566
7,83,18,12.5638873600762
7,84,-4,-7.85568349454106
7,85,-3,-1.6801259570009
7,86,2,3.44502055856607
7,87,3,14.0623266320174
7,88,6,1.52346840287332
7,89,15,-9.30192497576815
7,90,-17,-10.7025614542213
7,91,-6,-3.00296265397447
7,92,-3,0.576171043257626
7,93,2,11.1199780292808
7,94,0,2.12459744190655
7,95,3,18.616856047495
7,96,-4,14.2792758127562
7,97,0,3.20675100446108
7,98,4,11.8280901067954
7,99,8,-5.33917764696157
7,100,3,-11.4025399779815
7,101,-7,4.3620403163837
7,102,-6,20.5803570188651
7,103,-1,11.3470207488713
7,104,7,20.1460551250076
7,105,10,-11.2829860506648
7,106,-7,6.33864838514442
7,107,4,8.03804669700348
7,108,-4,-8.9867437360462
7,109,4,12.5475037421257
7,110,-4,-12.4234824785485
7,111,4,13.4015003614341
7,112,-3,-2.69960848178804
7,113,-5,4.49584486353387
7,114,-12,13.7242207122144
7,115,5,13.137911833494
7,116,4,-10.6143548081392
7,117,-4,-0.716092659162328
7,118,15,12.1532311971906
7,119,-4,-6.84669682911574
7,120,0,10.211819558218
7,121,-11,0.363775537092958
7,122,1,9.76275918788171
7,123,0,6.33854008464975
7,124,7,21.1348007346382
7,125,-1,-2.69284222560361
7,126,-6,7.30303183503717
7,127,-2,21.7135274443264
7,128,22,9.57617884656552
7,129,2,-8.9391860030426
7,130,-15,-3.30672176618984
7,131,3,5.27211551853786
7,132,-11,5.84727657887741
7,133,7,10.3779998300992
7,134,-3,-16.9741098582319
7,135,-2,9.15751991947791
7,136,6,7.1791236147791
7,137,-4,-10.4483440683392
7,138,-3,11.1613087529595
7,139,7,10.8657985933326
7,140,-4,0.145271233098979
7,141,0,8.36950350568369
7,142,8,20.3717293481238
7,143,-10,7.58728565327939
7,144,-10,-12.738684503889
7,145,-12,8.32470103429367
7,146,4,8.51756503513286
7,147,3,-7.51843808721589
7,148,13,12.5615661258965
7,149,-4,13.4700459359769
7,150,4,-4.86555785545743
7,151,-23,6.37717931665538
7,152,4,11.7557698043761
7,153,0,-0.629793661577589
7,154,-7,18.6993531669304
7,155,4,20.7740327706483
7,156,-4,5.66367119211342
7,157,7,13.0925690624297
7,158,8,13.6996753680717
7,159,16,-12.333396976265
7,160,-18,-4.17449984472786
8,1,-2,-7.35002790480443
8,2,0,7.97175725951587
8,3,-1,5.2788006846673
8,4,7,9.75443159012494
8,5,-12,-5.42629099071996
8,6,6,3.3510259613443
8,7,-4,-9.26708543246334
8,8,-3,21.4886401845217
8,9,6,-12.9871663248621
8,10,1,-4.65208134823044
8,11,-1,-14.423656698092
8,12,8,-1.11977360330274
8,13,-21,-5.8723936421166
8,14,1,0.490545021654663
8,15,2,2.37418407373084
8,16,7,11.7364253625965
8,17,0,-9.24272087114208
8,18,11,-4.69098922124217
8,19,-18,-6.31259941094077
8,20,8,3.47561306600385
8,21,-7,3.11700139459641
8,22,20,-3.34767658769288
8,23,-10,-9.33733140551838
8,24,4,3.4706797763891
8,25,14,8.65113112427047
8,26,11,-7.90911300061462
8,27,3,-16.173112514057
8,28,-22,-9.64839492511729
8,29,-7,1.81079888876992
8,30,11,2.61626240723992
8,31,0,0.5330850541678
8,32,0,6.9573919773636
8,33,-3,2.70739489703929
8,34,21,-0.342796019510302
8,35,-3,-11.4817988068054
8,36,4,-5.7002962796373
8,37,-7,-11.1068787734274
8,38,-14,4.41495209529226
8,39,8,3.76371336922347
8,40,19,-3.71909272285619
8,41,-6,-12.7432321925347
8,42,2,-17.5602921999564
8,43,-22,-4.65680178760559
8,44,0,14.4717753302296
8,45,-4,5.07694962027771
8,46,2,14.7716900477731
8,47,3,7.49673238578811
8,48,2,9.39861390987529
8,49,8,-0.00314756801499421
8,50,-8,-6.57526638618043
8,51,0,-7.49113089385903
8,52,0,-4.00350024868526
8,53,14,19.204563310841
8,54,-14,0.0571291734402643
8,55,0,-7.02523645818496
8,56,0,5.5528568576809
8,57,4,17.7343949751883
8,58,-5,-1.11847029178517
8,59,5,-8.86813093417951
8,60,1,-16.0719235134665
8,61,-10,5.1225068943968
8,62,15,15.5390574184643
8,63,-8,-14.3633890029018
8,64,11,6.94089444445125
8,65,-11,-10.3236655571996
8,66,-7,16.195960608532
8,67,4,5.67896295664806
8,68,0,0.74693758868202
8,69,0,14.3443274777361
8,70,-3,-3.66194814598174
8,71,3,4.79455710948609
8,72,15,4.42472731615214
8,73,-11,-13.5111956594351
8,74,-7,-12.0637937428925
8,75,-4,1.97727983745417
8,76,-2,15.8735494409595
8,77,5,8.26154688598176
8,78,-8,-2.2991918792969
8,79,1,1.7644284452669
8,80,-3,1.54006774945802
8,81,18,13.4157055062004
8,82,-4,1.79523847223706
8,83,-3,-9.69939954485486
8,84,2,6.29558472398543
8,85,3,6.95795210887617
8,86,6,-4.37971550876839
8,87,15,-10.1547318511232
8,88,-17,-16.1655996260279
8,89,-6,-12.1422486408531
8,90,-3,0.394298212275822
8,91,2,13.345192850368
8,92,0,5.99533134278332
8,93,3,13.0638783004642
8,94,-4,2.52977984283625
8,95,0,-1.41204666998656
8,96,4,1.24640588037533
8,97,8,-1.71758992177799
8,98,3,-7.0352354654314
8,99,-7,-10.6068928823288
8,100,-6,3.65675143043805
8,101,-1,3.78963786542477
8,102,7,20.2295989913485
8,103,10,3.75928075058962
8,104,-7,-11.3703127149789
8,105,4,-10.2873888010315
8,106,-4,-12.3388839295484
8,107,4,18.0562332156961
8,108,-4,-3.92114862756581
8,109,4,9.69816627841817
8,110,-3,-1.12928169102278
8,111,-5,11.7513432445263
8,112,-12,10.8490719843629
8,113,5,12.2593310626929
8,114,4,-10.723828685973
8,115,-4,3.98846485016733
8,116,15,-9.70472411733359
8,117,-4,-8.99223955377817
8,118,0,-1.24395300292301
8,119,-11,2.20671133931096
8,120,1,10.8235740356632
8,121,0,7.32549127712938
8,122,7,22.500941555002
8,123,-1,-12.4706535790193
8,124,-6,-1.55738356190495
8,125,-2,13.5830152350488
8,126,22,4.22419823498559
8,127,2,-3.08427291775918
8,128,-15,-15.8540294613621
8,129,3,-0.966431058366465
8,130,-11,-1.64396925415829
8,131,7,16.6494242318212
8,132,-3,-11.7786417189804
8,133,-2,11.8833454991649
8,134,6,6.77642887500626
8,135,-4,-14.5694068042723
8,136,-3,-0.00877055064279545
8,137,7,0.0809224980675131
8,138,-4,-13.1369521559392
8,139,0,6.25826440848847
8,140,8,-0.119106216251002
8,141,-10,-3.93008461112507
8,142,-10,-7.1123896655093
8,143,-12,-14.0855183804913
8,144,4,3.97793538943548
8,145,3,0.67743876803539
8,146,13,8.34919335986091
8,147,-4,-0.765251321855442
8,148,4,-7.26098426884143
8,149,-23,-1.75398361040877
8,150,4,-1.56721014147715
8,151,0,-4.58264761193061
8,152,-7,16.8294762099003
8,153,4,13.2274455207973
8,154,-4,-4.09161209120749
8,155,7,12.7114269902465
8,156,8,11.4946044251635
8,157,16,-4.15304393603908
8,158,-18,-9.74726489407414
8,159,0,-9.02897818886228
8,160,4,-2.31219000710643
9,1,0,5.38633565035006
9,2,-1,9.62939816594291
9,3,7,11.8729387943078
9,4,-12,-5.92726942022818
9,5,6,15.0213515723909
9,6,-4,-5.57701667153572
9,7,-3,18.5187909616111
9,8,6,-13.4034942580664
9,9,1,-9.9222999216514
9,10,-1,-18.8470435491995
9,11,8,-6.70329611760096
9,12,-21,-4.98059701656338
9,13,1,13.3938506428985
9,14,2,-3.04490734308986
9,15,7,10.6794450670719
9,16,0,-6.70442640025217
9,17,11,-7.38578747289996
9,18,-18,-8.79211965323977
9,19,8,2.62554830339591
9,20,-7,-5.57919730454895
9,21,20,4.0628866475668
9,22,-10,-13.4276681451566
9,23,4,6.90931469024649
9,24,14,-1.78262243328728
9,25,11,-6.18582874509067
9,26,3,-17.031874979077
9,27,-22,-14.5066454235865
9,28,-7,4.76698031185187
9,29,11,2.78868077723906
9,30,0,-1.24762386737377
9,31,0,7.76026090582978
9,32,-3,-1.57526038137238
9,33,21,-0.927803271982595
9,34,-3,-10.2823269744156
9,35,4,-4.97757312437918
9,36,-7,-5.6008547781813
9,37,-14,6.378098335252
9,38,8,8.76840869465195
9,39,19,-8.39746648571187
9,40,-6,-11.986381714454
9,41,2,-15.9852150153177
9,42,-22,-5.61076926133081
9,43,0,14.001964118612
9,44,-4,4.08132690330274
9,45,2,15.0553541176112
9,46,3,4.90252398803932
9,47,2,8.36230739890791
9,48,8,-0.27740551803309
9,49,-8,-10.7147238586752
9,50,0,-0.321431382006432
9,51,0,-8.76828721526462
9,52,14,18.0102613927749
9,53,-14,-0.931142774881755
9,54,0,2.77259488900224
9,55,0,3.73127024809161
9,56,4,15.6389153326685
9,57,-5,-7.05901902247605
9,58,5,-5.86573286049121
9,59,1,-10.8046775993635
9,60,-10,3.37236361200936
9,61,15,15.9164591784804
9,62,-8,-14.1893602597646
9,63,11,9.28793734003463
9,64,-11,-6.32840738635712
9,65,-7,9.80737274605383
9,66,4,5.9421547354745
9,67,0,-6.35624598347336
9,68,0,16.5000337709583
9,69,-3,-3.51653667401645
9,70,3,4.1587356965995
9,71,15,4.20815733599485
9,72,-11,-11.2685533863171
9,73,-7,-2.49804519792228
9,74,-4,4.41431892180402
9,75,-2,16.5651532158455
9,76,5,14.1244499040913
9,77,-8,-0.168921172831757
9,78,1,11.1498334773074
9,79,-3,-0.725681577138134
9,80,18,10.5359950954293
9,81,-4,-0.645435091433878
9,82,-3,-5.95416784631781
9,83,2,5.0055125513336
9,84,3,-1.24585212293737
9,85,6,-2.55610504401486
9,86,15,-7.05896997949979
9,87,-17,-13.6500468294797
9,88,-6,-5.02154832228632
9,89,-3,-1.37830123204163
9,90,2,11.9746070241661
9,91,0,11.355920927523
9,92,3,13.3597085420076
9,93,-4,3.89469579646541
9,94,0,-2.79534242042774
9,95,4,4.3489604364357
9,96,8,-6.08590723677561
9,97,3,-4.00920916426548
9,98,-7,-15.0808973337647
9,99,-6,3.5202703505822
9,100,-1,5.0093148693976
9,101,7,20.0872994731054
9,102,10,-2.24572952668953
9,103,-7,-13.4674790315519
9,104,4,-7.41034872191295
9,105,-4,-9.34801866539583
9,106,4,11.7952907361523
9,107,-4,-4.24292608292335
9,108,4,12.0727872226712
9,109,-3,-2.93919215575388
9,110,-5,9.48778552184182
9,111,-12,9.24341780311776
9,112,5,15.0501147878726
9,113,4,-7.60574001375764
9,114,-4,-1.77231517762036
9,115,15,-9.40661564609926
9,116,-4,-8.80448016347432
9,117,0,0.965021510452499
9,118,-11,-0.664741917514575
9,119,1,10.0645225805979
9,120,0,6.9414292303427
9,121,7,20.8166485638076
9,122,-1,-10.78589477926
9,123,-6,-3.929890420215
9,124,-2,6.04878497213028
9,125,22,9.91209255428107
9,126,2,-4.6689582810009
9,127,-15,-15.3179801205948
9,128,3,0.826161475142114
9,129,-11,-1.23086747577263
9,130,7,15.6043028641382
9,131,-3,-6.93184444357533
9,132,-2,8.80868749454815
9,133,6,2.48953791219364
9,134,-4,-13.6639360272223
9,135,-3,5.41193094603529
9,136,7,-2.54446131372322
9,137,-4,-12.2694937372846
9,138,0,4.942054681018
9,139,8,-4.31204199856342
9,140,-10,-5.85036852449085
9,141,-10,-10.2270906216157
9,142,-12,-7.53980298433233
9,143,4,4.17348797808889
9,144,3,-5.20201881033661
9,145,13,14.5975174652212
9,146,-4,-5.2567758659162
9,147,4,-4.77328196556933
9,148,-23,-10.80895782518
9,149,4,1.88554468567431
9,150,0,-5.23137221036745
9,151,-7,12.485129152148
9,152,4,9.02697638939131
9,153,-4,-0.647337249381275
9,154,7,14.1913154282314
9,155,8,10.5929789640382
9,156,16,-4.45996742262247
9,157,-18,-12.0557152288018
9,158,0,-0.159707625589336
9,159,4,-3.46972822533836
9,160,16,-2.16519849901044
10,1,7,12.0767013696266
10,2,-12,-9.56951067598166
10,3,6,18.9044553807206
10,4,-4,-7.51072729313188
10,5,-3,22.8497986111968
10,6,6,-18.7703672692987
10,7,1,-3.85262297405676
10,8,-1,-5.38522860048361
10,9,8,-0.130506563464921
10,10,-21,-6.74327063429199
10,11,1,16.6352865931737
10,12,2,-0.462609144020053
10,13,7,11.3475004721399
10,14,0,-9.78022562447085
10,15,11,6.91350303772078
10,16,-18,-11.3252267699577
10,17,8,-1.1712583202417
10,18,-7,0.23325586565424
10,19,20,13.3004441715628
10,20,-10,-14.2452465113293
10,21,4,6.35946287043528
10,22,14,2.91531296573223
10,23,11,-10.240308623981
10,24,3,-15.0708252543824
10,25,-22,3.60756517885996
10,26,-7,9.01341374764533
10,27,11,5.59750577508482
10,28,0,-3.00856928216451
10,29,0,11.2543654754128
10,30,-3,4.59456220449964
10,31,21,11.6307805184426
10,32,-3,-9.06926520448243
10,33,4,2.34304988406452
10,34,-7,-14.4479786257379
10,35,-14,7.37821603839091
10,36,8,4.5616135798009
10,37,19,-3.04545232007833
10,38,-6,-6.7250645019232
10,39,2,-12.3613936483752
10,40,-22,2.15527675224847
10,41,0,17.8832055180854
10,42,-4,2.99218633892719
10,43,2,8.68432644702366
10,44,3,4.93371776670614
10,45,2,11.8154356638412
10,46,8,9.00587820181636
10,47,-8,-11.0423156936987
10,48,0,8.74964662023849
10,49,0,-10.5981668702211
10,50,14,17.2226711413068
10,51,-14,-9.86864006788764
10,52,0,0.715378028364103
10,53,0,10.2810848404809
10,54,4,17.0331066953984
10,55,-5,1.66400596215575
10,56,5,6.83785993439301
10,57,1,-13.9662448709474
10,58,-10,9.43919356944337
10,59,15,15.0315919500088
10,60,-8,-17.9397484502414
10,61,11,2.6369691632868
10,62,-11,-10.3354558554853
10,63,-7,14.9367778752079
10,64,4,7.61590213943049
10,65,0,-1.01585466861205
10,66,0,16.0379720172476
10,67,-3,0.546359231986485
10,68,3,3.48467974099892
10,69,15,11.9707711165893
10,70,-11,-15.3990115337253
10,71,-7,-6.20776159952544
10,72,-4,-3.00551106093376
10,73,-2,19.2705697312953
10,74,5,14.3665728553088
10,75,-8,-6.08121552386045
10,76,1,13.4221224989375
10,77,-3,8.26204129251659
10,78,18,14.4590238001444
10,79,-4,-3.42618286593264
10,80,-3,-3.82038877622732
10,81,2,6.34141721011734
10,82,3,-9.06767095724985
10,83,6,0.814126169743166
10,84,15,-6.62026963310789
10,85,-17,-8.13227953058383
10,86,-6,-2.35721871011802
10,87,-3,-0.507198606459015
10,88,2,16.9127166441015
10,89,0,11.4302912745775
10,90,3,12.3390411257108
10,91,-4,10.6695689482665
10,92,0,12.2502173200844
10,93,4,5.8964739588087
10,94,8,-15.6814385250722
10,95,3,-9.44361675526897
10,96,-7,-5.68990252920464
10,97,-6,14.4512418372417
10,98,-1,3.90201756245432
10,99,7,17.5438396322219
10,100,10,-5.07711802746744
10,101,-7,-10.538851808622
10,102,4,10.7164041275551
10,103,-4,-7.75925732877647
10,104,4,14.506026876208
10,105,-4,-13.6680670593463
10,106,4,16.1489041173551
10,107,-3,-8.38589007298518
10,108,-5,17.8056605418721
10,109,-12,13.0302081580255
10,110,5,15.0571551706159
10,111,4,-8.98841605731026
10,112,-4,1.90465032597183
10,113,15,8.78043771818845
10,114,-4,-9.0800993992067
10,115,0,7.21653274023932
10,116,-11,-4.1060177231686
10,117,1,12.7320105561632
10,118,0,4.33108964338255
10,119,7,14.4492280176414
10,120,-1,-11.0248797348304
10,121,-6,4.1007313565113
10,122,-2,19.4278419167296
10,123,22,8.14939543943591
10,124,2,-8.60192110959106
10,125,-15,-9.01304551923171
10,126,3,5.37988943931959
10,127,-11,3.49790736261575
10,128,7,18.3618291889872
10,129,-3,-12.8294543806419
10,130,-2,14.0187228270635
10,131,6,10.7259200085808
10,132,-4,-13.4807868383803
10,133,-3,13.2219513104032
10,134,7,-4.3032020250386
10,135,-4,-8.90461941043052
10,136,0,9.40727045322389
10,137,8,1.85700039537591
10,138,-10,-9.11182959959593
10,139,-10,1.46737594433614
10,140,-12,2.5705065525441
10,141,4,0.731692602751707
10,142,3,0.39071821577855
10,143,13,16.2756393178659
10,144,-4,-1.27533182893102
10,145,4,-9.39285339518342
10,146,-23,-7.13831273668122
10,147,4,0.196923245589593
10,148,0,-8.18970667823691
10,149,-7,13.0230847594421
10,150,4,12.3277820377403
10,151,-4,-8.51695041449356
10,152,7,17.3377285516358
10,153,8,13.1498078732938
10,154,16,-5.80087103957703
10,155,-18,-10.9260396694694
10,156,0,0.834798443803075
10,157,4,-3.41299454065434
10,158,16,-2.89189463598971
10,159,-1,-15.6588872412032
10,160,-13,-6.49950514422955
11,1,6,25.0788012245451
11,2,-4,-8.13562399409229
11,3,-3,23.7410236251032
11,4,6,-18.5529902863949
11,5,1,-5.52652910601978
11,6,-1,2.8491254097765
11,7,8,-1.09227406486868
11,8,-21,-6.0241046533312
11,9,1,18.0541920146961
11,10,2,-3.44330720348679
11,11,7,9.10582809198082
11,12,0,-7.6019157505296
11,13,11,19.1869194091737
11,14,-18,-9.99859298662358
11,15,8,-5.16645125544442
11,16,-7,-2.9938362874036
11,17,20,20.528687986405
11,18,-10,-12.6504758095254
11,19,4,14.4068484688268
11,20,14,-5.955491325183
11,21,11,-8.00546466716913
11,22,3,-15.4627326167816
11,23,-22,0.413424595638366
11,24,-7,3.97208581679213
11,25,11,3.46753265288779
11,26,0,2.51440114997597
11,27,0,7.20645667440688
11,28,-3,6.68813248152962
11,29,21,20.5949403578854
11,30,-3,-7.5905564396523
11,31,4,-6.80202891276024
11,32,-7,-5.31778303722471
11,33,-14,3.68268928539261
11,34,8,9.79123549966817
11,35,19,-6.22822842188719
11,36,-6,-8.68940899454894
11,37,2,-9.90799399933417
11,38,-22,6.45520587940721
11,39,0,13.1815446509249
11,40,-4,-2.70991061311685
11,41,2,1.69533020108732
11,42,3,3.77592648152775
11,43,2,10.1987732541789
11,44,8,-0.287177910425872
11,45,-8,-12.692997546959
11,46,0,6.98300743389896
11,47,0,-2.68897310271147
11,48,14,0.286817182440926
11,49,-14,-5.80950634282376
11,50,0,6.1387008019234
11,51,0,13.0535734886247
11,52,4,15.6184360500235
11,53,-5,-8.43020368329502
11,54,5,14.8165416174224
11,55,1,-11.353141961179
11,56,-10,1.50009703225795
11,57,15,20.4433278895223
11,58,-8,-14.5452679327916
11,59,11,0.392919432024926
11,60,-11,-13.7937141661433
11,61,-7,17.5952245925892
11,62,4,5.32478548778248
11,63,0,-4.71989196038592
11,64,0,18.2106291595569
11,65,-3,-3.32687635766046
11,66,3,6.19873889195076
11,67,15,10.2243685612952
11,68,-11,-18.3682922869345
11,69,-7,2.04954877280368
11,70,-4,-0.0948630358870403
11,71,-2,22.6286674605364
11,72,5,13.2772354900566
11,73,-8,-0.601697312170748
11,74,1,11.010308550742
11,75,-3,14.7621149657638
11,76,18,5.29275660888818
11,77,-4,-0.0675507918713428
11,78,-3,-10.5624179764009
11,79,2,-2.58264526127776
11,80,3,-8.44914025149054
11,81,6,0.53998932466626
11,82,15,-7.7554827242526
11,83,-17,-7.94018537688425
11,84,-6,0.585182820818327
11,85,-3,-2.26379978961293
11,86,2,10.5667892714907
11,87,0,8.88902944911196
11,88,3,18.0545137330303
11,89,-4,5.34990043423488
11,90,0,19.4868485809944
11,91,4,5.12889432770787
11,92,8,-12.935881860982
11,93,3,-5.91035177403333
11,94,-7,-1.89322691093279
11,95,-6,18.8211813511259
11,96,-1,9.17200494836547
11,97,7,14.6716929922099
11,98,10,-5.23809646339963
11,99,-7,-13.0097637959033
11,100,4,17.6745384937525
11,101,-4,-11.0543605022064
11,102,4,3.1484395495471
11,103,-4,-12.4572423609384
11,104,4,12.6796295415263
11,105,-3,-5.74145959432583
11,106,-5,22.9990806986037
11,107,-12,5.12073566736423
11,108,5,16.2839549318581
11,109,4,-7.31267727376073
11,110,-4,-6.26600338812759
11,111,15,14.1625055815544
11,112,-4,-8.20829332379198
11,113,0,-3.2507085965599
11,114,-11,-6.92885300064419
11,115,1,4.74272480821644
11,116,0,9.89720998304724
11,117,7,20.0526408433438
11,118,-1,-9.95112477773445
11,119,-6,7.03754394652146
11,120,-2,20.0655090006359
11,121,22,6.40276179820652
11,122,2,-0.928092506640994
11,123,-15,-15.6260484771513
11,124,3,2.41004279100988
11,125,-11,-1.51797792851705
11,126,7,24.0260989287637
11,127,-3,-14.7007061628212
11,128,-2,7.53092048708065
11,129,6,7.14857108814357
11,130,-4,-16.2835775023607
11,131,-3,3.26276280717858
11,132,7,6.09026635592268
11,133,-4,-6.15858378005751
11,134,0,14.4981548904812
11,135,8,18.1715227881494
11,136,-10,-9.7570558015447
11,137,-10,-9.13599495185009
11,138,-12,5.15562638260105
11,139,4,1.29593603489677
11,140,3,-5.74033091584882
11,141,13,9.85493804611974
11,142,-4,12.0824953015822
11,143,4,-9.56625841100691
11,144,-23,-10.3451615755325
11,145,4,2.52918268822363
11,146,0,-7.48083641023523
11,147,-7,18.644919409755
11,148,4,18.0089995919813
11,149,-4,-5.26318711035743
11,150,7,17.3868876172984
11,151,8,10.8739020529528
11,152,16,-9.40985984016482
11,153,-18,-13.8588136482304
11,154,0,-0.422906611059155
11,155,4,-6.51734027765125
11,156,16,1.29082733020552
11,157,-1,-19.0369485838598
11,158,-13,-9.40102764734108
11,159,-4,1.65787143406873
11,160,11,17.1414210086396
12,1,-4,-6.71642135105621
12,2,-3,21.0739739373341
12,3,6,-17.1305295053722
12,4,1,-2.95446768157617
12,5,-1,-9.18234122043132
12,6,8,4.05676787319646
12,7,-21,-5.88619836136932
12,8,1,17.8081848744745
12,9,2,0.407980805373918
12,10,7,1.48673149276319
12,11,0,-7.57789369549023
12,12,11,10.4838890143788
12,13,-18,-7.77959566127231
12,14,8,-1.54266983615095
12,15,-7,0.23111760457249
12,16,20,18.4072513381546
12,17,-10,-16.8470653860689
12,18,4,0.299962374906634
12,19,14,-3.75489792859463
12,20,11,-9.29643186313532
12,21,3,-15.8172642270771
12,22,-22,2.07234944434256
12,23,-7,9.1854568737088
12,24,11,7.76864008420002
12,25,0,-0.177854680979955
12,26,0,5.63218737562682
12,27,-3,2.41803382855684
12,28,21,8.84010046980423
12,29,-3,-10.0576483737852
12,30,4,2.43540905638446
12,31,-7,-7.88122416875176
12,32,-14,3.04084060496036
12,33,8,4.75529372068525
12,34,19,-5.71360513548857
12,35,-6,-3.9028424798474
12,36,2,-3.92675697437954
12,37,-22,0.587629915434226
12,38,0,16.9606661846095
12,39,-4,5.98794436656789
12,40,2,4.54054808213408
12,41,3,2.59025884691227
12,42,2,7.06334010978506
12,43,8,3.98094790709983
12,44,-8,-11.38494633681
12,45,0,11.7661652006945
12,46,0,-9.24352425909808
12,47,14,6.80371730111164
12,48,-14,-5.93299031120165
12,49,0,13.3930254338865
12,50,0,13.2991271560318
12,51,4,16.9494313849487
12,52,-5,0.875884435869894
12,53,5,8.93962456312794
12,54,1,-14.9317926522473
12,55,-10,6.35987156393363
12,56,15,22.8417329430745
12,57,-8,-16.7248257944518
12,58,11,5.95090147335992
12,59,-11,-10.9148171476092
12,60,-7,17.1316253211177
12,61,4,6.10540034900222
12,62,0,-0.809172337453033
12,63,0,10.1959075382974
12,64,-3,1.84908642504933
12,65,3,-0.691407681278537
12,66,15,5.73521089733115
12,67,-11,-16.6363991941997
12,68,-7,4.61362161765502
12,69,-4,0.10639726970433
12,70,-2,19.9736315465282
12,71,5,10.0575965151793
12,72,-8,-5.09878924896631
12,73,1,11.0587764531959
12,74,-3,5.44303727173877
12,75,18,11.430680614399
12,76,-4,-0.833752788306313
12,77,-3,-5.9929855695694
12,78,2,0.126478907788294
12,79,3,-6.33093291557797
12,80,6,-1.75285260574729
12,81,15,-6.38882277746278
12,82,-17,-7.99644417386077
12,83,-6,4.77482826219674
12,84,-3,1.24459113740955
12,85,2,0.0593547066573209
12,86,0,8.68405186857829
12,87,3,12.2098886574269
12,88,-4,9.91576341704488
12,89,0,6.22393161552767
12,90,4,9.29639807586292
12,91,8,-12.0027940282528
12,92,3,-8.4084796718346
12,93,-7,-0.990936246540419
12,94,-6,18.7532697285844
12,95,-1,6.72825587321127
12,96,7,19.4240863098434
12,97,10,-1.53424312577015
12,98,-7,-9.97855470618929
12,99,4,16.1816892097379
12,100,-4,-7.24766713991786
12,101,4,12.6353044459581
12,102,-4,-11.1201930060252
12,103,4,6.11860441500578
12,104,-3,-7.15490295036734
12,105,-5,10.8422594929375
12,106,-12,12.7909429230965
12,107,5,7.99120452155884
12,108,4,-5.87663710068533
12,109,-4,2.7786866585056
12,110,15,10.7161502476275
12,111,-4,-7.66518961665236
12,112,0,14.6805641257313
12,113,-11,-2.55221468830633
12,114,1,9.1373332417851
12,115,0,2.86917139954228
12,116,7,19.8797252793233
12,117,-1,-8.0610848220389
12,118,-6,5.38694401322376
12,119,-2,21.742728707472
12,120,22,7.30550249995334
12,121,2,-4.68313526095071
12,122,-15,-4.8675338017217
12,123,3,9.95065561701238
12,124,-11,0.765045181589729
12,125,7,20.0460055770118
12,126,-3,-11.5202444753901
12,127,-2,3.75495153145204
12,128,6,4.30066911198448
12,129,-4,-12.772224618201
12,130,-3,11.7485881691716
12,131,7,-10.272884625822
12,132,-4,-3.6907721764876
12,133,0,3.39352438504709
12,134,8,12.1806524153967
12,135,-10,-3.93589204437568
12,136,-10,-3.14403185358337
12,137,-12,14.0826899481216
12,138,4,1.91363377592054
12,139,3,-0.589531470819618
12,140,13,15.1097845783845
12,141,-4,4.14271060815618
12,142,4,-9.88638441648771
12,143,-23,-4.37705594251701
12,144,4,3.59153821821653
12,145,0,-6.96270329344585
12,146,-7,20.1845029645217
12,147,4,19.3951005944113
12,148,-4,-5.39570292367925
12,149,7,11.3402859236185
12,150,8,13.2037652636998
12,151,16,-6.70102063815503
12,152,-18,-16.2079160333666
12,153,0,9.0517785355562
12,154,4,-0.378985573654632
12,155,16,-1.44364469959597
12,156,-1,-15.8400785662315
12,157,-13,-0.486388043956531
12,158,-4,5.42610906066542
12,159,11,6.9962887112987
12,160,-6,-9.41913043850754
13,1,6,-6.81987014051242
13,2,1,-9.37118673751598
13,3,-1,-6.53232246196765
13,4,8,4.44482944498698
13,5,-21,-2.4469632263043
13,6,1,19.0744765572025
13,7,2,0.924721464044641
13,8,7,-0.487236672443391
13,9,0,-8.18969809091457
13,10,11,12.3970322363238
13,11,-18,-6.25012850983426
13,12,8,-6.85561279167427
13,13,-7,0.58847285241484
13,14,20,12.5522429321755
13,15,-10,-13.6516003233406
13,16,4,3.37490020187382
13,17,14,7.97436376719757
13,18,11,-11.2652092053324
13,19,3,-16.5162670535348
13,20,-22,4.49937403329552
13,21,-7,10.8961925866656
13,22,11,5.27036636703355
13,23,0,-10.2960708603677
13,24,0,4.98973431540952
13,25,-3,1.88233343577384
13,26,21,6.2730126047861
13,27,-3,-10.3081172803755
13,28,4,-0.490763984394001
13,29,-7,-2.86223709331635
13,30,-14,1.37193343897779
13,31,8,7.81330270474242
13,32,19,-2.38814106911942
13,33,-6,-13.0721605671941
13,34,2,-8.41593520329622
13,35,-22,-2.03574794950181
13,36,0,16.598877911901
13,37,-4,4.13137738513161
13,38,2,5.49570494815171
13,39,3,2.94509413612737
13,40,2,7.56519855502186
13,41,8,3.6536818041134
13,42,-8,-8.9356291466389
13,43,0,14.0649431791723
13,44,0,-12.4896145774025
13,45,14,0.194273590567433
13,46,-14,-6.00211936420257
13,47,0,11.8467161094306
13,48,0,11.7612265131796
13,49,4,6.75862128195514
13,50,-5,1.32585161460641
13,51,5,8.08070566218953
13,52,1,-14.2232198788447
13,53,-10,4.44618967631174
13,54,15,19.6206191456574
13,55,-8,-17.3979849252983
13,56,11,8.67404409912305
13,57,-11,-8.83491450401634
13,58,-7,13.8316590821342
13,59,4,11.5496741948549
13,60,0,-1.47368371201883
13,61,0,10.8249945573162
13,62,-3,-0.674697324399904
13,63,3,0.287083499863839
13,64,15,8.16099937186352
13,65,-11,-19.6967665027508
13,66,-7,3.52157128257571
13,67,-4,-0.291566518431026
13,68,-2,15.0303559867438
13,69,5,11.8438639628733
13,70,-8,-0.720983496802076
13,71,1,11.0802987959366
13,72,-3,8.18111802788752
13,73,18,7.96444932614361
13,74,-4,-8.95909159739902
13,75,-3,-3.1930213999926
13,76,2,2.95390890214501
13,77,3,-0.949951041904009
13,78,6,0.718617821207306
13,79,15,-5.17855936749248
13,80,-17,-11.4321613136122
13,81,-6,2.31826715356584
13,82,-3,2.73883353766132
13,83,2,-0.011008695323643
13,84,0,8.76816277958794
13,85,3,12.4587953716487
13,86,-4,10.553437699201
13,87,0,9.51823670705798
13,88,4,5.58090227487595
13,89,8,-7.90210965375653
13,90,3,-10.3539372396095
13,91,-7,4.8232676255768
13,92,-6,18.1548161229631
13,93,-1,5.48430119700293
13,94,7,12.5039313193708
13,95,10,1.93102623868792
13,96,-7,-12.6005009788711
13,97,4,6.56528279437339
13,98,-4,-1.95227772547002
13,99,4,6.05573259104207
13,100,-4,-11.525283327305
13,101,4,6.19340988811315
13,102,-3,3.53580698083062
13,103,-5,12.6827767128343
13,104,-12,11.7368379893721
13,105,5,10.6679132131682
13,106,4,-6.93080832676737
13,107,-4,8.31573332463563
13,108,15,7.32968104127037
13,109,-4,-10.2758644163238
13,110,0,12.3559182601253
13,111,-11,-1.97208658914168
13,112,1,7.13498875448078
13,113,0,5.25597159001838
13,114,7,20.3057055823496
13,115,-1,-7.56642561959991
13,116,-6,7.0413120537636
13,117,-2,13.0605803665402
13,118,22,4.91460563060049
13,119,2,-7.49179858725062
13,120,-15,-5.44302787774029
13,121,3,5.48810119287578
13,122,-11,2.03614107735653
13,123,7,23.408987251103
13,124,-3,-12.664307471773
13,125,-2,1.68855236611044
13,126,6,8.67587397559729
13,127,-4,-9.43065345142038
13,128,-3,8.38041730626542
13,129,7,-4.80246665786099
13,130,-4,-10.3249444479089
13,131,0,5.07268686463067
13,132,8,11.3409500576395
13,133,-10,-2.92510209527016
13,134,-10,-8.04274149640171
13,135,-12,14.0108855072411
13,136,4,3.6729044965767
13,137,3,-2.60651157918992
13,138,13,12.8479858631211
13,139,-4,-0.884255387028558
13,140,4,-11.0579419664873
13,141,-23,-6.49482086927363
13,142,4,0.87838678159048
13,143,0,-5.2539280542719
13,144,-7,18.3457419222642
13,145,4,11.250132332289
13,146,-4,-2.46293492788329
13,147,7,14.9325768978908
13,148,8,14.4042486850558
13,149,16,-8.11726547301577
13,150,-18,-17.2813670988229
13,151,0,3.35821415109636
13,152,4,-1.55680120449375
13,153,16,2.90304008030278
13,154,-1,-20.1539898468289
13,155,-13,0.14003357625936
13,156,-4,6.09451335783427
13,157,11,4.85348625846782
13,158,-6,-13.4877095805469
13,159,-7,9.38138802567255
13,160,13,1.79963756904781
14,1,1,-3.82862631140809
14,2,-1,-0.86194594324835
14,3,8,3.72154505768952
14,4,-21,-4.27824242104885
14,5,1,18.1329705805299
14,6,2,0.0458362136041532
14,7,7,10.5160253409557
14,8,0,-4.55352040950473
14,9,11,5.0956726256473
14,10,-18,-8.52855978453964
14,11,8,-3.79254761216412
14,12,-7,0.2038403952354
14,13,20,13.4282893452285
14,14,-10,-12.704308552847
14,15,4,6.88852639828444
14,16,14,0.496670247598259
14,17,11,-7.81557410858932
14,18,3,-15.0657086966429
14,19,-22,-7.9963659436848
14,20,-7,11.211903621674
14,21,11,4.04816603505315
14,22,0,-1.13950915605849
14,23,0,9.48598382179669
14,24,-3,6.82834244219582
14,25,21,7.10259916309925
14,26,-3,-8.51302355770678
14,27,4,-0.540778711709654
14,28,-7,-8.76065107228882
14,29,-14,4.57640066039042
14,30,8,5.62021633308516
14,31,19,-4.70073422253332
14,32,-6,-8.94283159211062
14,33,2,-10.1570796828343
14,34,-22,-6.20002808461604
14,35,0,17.3784931907216
14,36,-4,4.89915535316777
14,37,2,6.23694241675655
14,38,3,2.21161502392328
14,39,2,6.64250473213045
14,40,8,-4.65860432769826
14,41,-8,-6.97503678337624
14,42,0,7.02252021550197
14,43,0,-1.80114869749088
14,44,14,6.31327084022964
14,45,-14,-6.81436644896254
14,46,0,5.60325488295511
14,47,0,12.0507499526977
14,48,4,10.7778419060096
14,49,-5,-2.90835169538088
14,50,5,3.28909610761542
14,51,1,-10.5124794245176
14,52,-10,3.15939824281626
14,53,15,21.5638737437006
14,54,-8,-17.4888662970706
14,55,11,4.17779493085956
14,56,-11,-6.28213747624484
14,57,-7,10.5056207149633
14,58,4,9.13700654484073
14,59,0,-3.39700558195152
14,60,0,13.1769104364098
14,61,-3,1.20339704926194
14,62,3,7.38163987104071
14,63,15,0.23427418223674
14,64,-11,-18.03407487893
14,65,-7,0.809597280980618
14,66,-4,5.4696449053768
14,67,-2,16.1228342985753
14,68,5,12.5592953081437
14,69,-8,-0.482121501322641
14,70,1,12.6093960665247
14,71,-3,7.9563619876366
14,72,18,10.5519836040359
14,73,-4,0.029463462974871
14,74,-3,-4.39898992710675
14,75,2,4.48524458693503
14,76,3,-7.98335245723259
14,77,6,-2.22348320162295
14,78,15,-6.49799609293203
14,79,-17,-8.59763721219904
14,80,-6,2.20463955686639
14,81,-3,0.16805196337177
14,82,2,7.41485222987998
14,83,0,1.47508760581351
14,84,3,13.0950437025771
14,85,-4,-0.366123085801355
14,86,0,9.47368551697074
14,87,4,5.29443766419625
14,88,8,-12.7139195218763
14,89,3,-7.92248103444275
14,90,-7,-6.89610714846149
14,91,-6,15.4360557459831
14,92,-1,3.21441601132269
14,93,7,13.0452422369208
14,94,10,0.722683552757904
14,95,-7,-10.0501959297733
14,96,4,3.5276389908387
14,97,-4,-5.21706711128449
14,98,4,7.25475491391596
14,99,-4,-10.3714083779587
14,100,4,13.6651327835264
14,101,-3,-1.20219377058872
14,102,-5,13.964108575331
14,103,-12,11.4554074001444
14,104,5,15.3042625856709
14,105,4,-4.47357016609293
14,106,-4,3.19582352752755
14,107,15,7.5403192800258
14,108,-4,-5.67805331065269
14,109,0,5.95075259410301
14,110,-11,0.623056191567605
14,111,1,8.7481770251289
14,112,0,7.10887247384412
14,113,7,20.7596105416643
14,114,-1,-7.22528111876644
14,115,-6,-0.0214505465858726
14,116,-2,13.1840089714888
14,117,22,7.36045667395301
14,118,2,-8.10187336743996
14,119,-15,-11.0181764364095
14,120,3,8.75410012651149
14,121,-11,-4.33044168358782
14,122,7,15.953162189787
14,123,-3,-14.8545238547446
14,124,-2,5.81848726801877
14,125,6,9.06109699136842
14,126,-4,-9.82015716442083
14,127,-3,9.74490015334294
14,128,7,5.37956802237102
14,129,-4,-7.24947585327999
14,130,0,13.3861094448633
14,131,8,9.60490130445374
14,132,-10,-5.18186682390557
14,133,-10,-4.66260534284993
14,134,-12,10.1815070175084
14,135,4,4.84358777976942
14,136,3,-2.80718075384942
14,137,13,3.53453551926832
14,138,-4,-2.05049966100289
14,139,4,-11.2767227875794
14,140,-23,-7.69497417627568
14,141,4,2.8600055699921
14,142,0,-4.72515894844932
14,143,-7,17.6943244043751
14,144,4,11.3133922614004
14,145,-4,-3.80208844733211
14,146,7,16.5562702105826
14,147,8,14.9217426534674
14,148,16,-4.90002320708513
14,149,-18,-15.6936760707363
14,150,0,1.243432368082
14,151,4,-2.90262122515746
14,152,16,1.19363744386818
14,153,-1,-17.3271905559693
14,154,-13,-4.89329283245766
14,155,-4,10.6732514447723
14,156,11,9.10632054603319
14,157,-6,-13.7736165482791
14,158,-7,8.75382140107001
14,159,13,10.1740703502246
14,160,2,-7.55280506152681
15,1,-1,3.67867698638835
15,2,8,-0.792755288968956
15,3,-21,-9.23899272175035
15,4,1,20.5977226418528
15,5,2,-4.84692856073807
15,6,7,2.90556680930944
15,7,0,-9.68786792985257
15,8,11,18.7429660688449
15,9,-18,-9.96591691891127
15,10,8,-4.63237745877213
15,11,-7,-3.21195214257625
15,12,20,20.6209658795134
15,13,-10,-14.7850096711715
15,14,4,5.99406711787679
15,15,14,-2.70699535961851
15,16,11,-9.06802307100056
15,17,3,-13.1647786140647
15,18,-22,15.9619577679626
15,19,-7,7.46950432333695
15,20,11,2.09872365875267
15,21,0,-1.31134446167127
15,22,0,4.83823456288543
15,23,-3,12.4075104063163
15,24,21,17.1519462094052
15,25,-3,-9.65161210845703
15,26,4,-0.536399618364515
15,27,-7,-7.80714476724814
15,28,-14,4.76791206842533
15,29,8,9.71057798645257
15,30,19,3.28576234481324
15,31,-6,-4.3119404940963
15,32,2,-10.5968579660024
15,33,-22,13.6391347333542
15,34,0,15.0890943276108
15,35,-4,-3.91969996394117
15,36,2,0.868212790095768
15,37,3,2.81066461685029
15,38,2,14.1503889464622
15,39,8,4.9515587718151
15,40,-8,-15.5239318580636
15,41,0,9.85601588279584
15,42,0,-5.6171712162412
15,43,14,1.91313073210519
15,44,-14,-11.4161026263408
15,45,0,6.77506411548808
15,46,0,17.8669327137178
15,47,4,19.6823512075364
15,48,-5,0.841611916801227
15,49,5,10.9304110390218
15,50,1,-13.0854075810593
15,51,-10,6.64929864596132
15,52,15,24.0528172276345
15,53,-8,-17.8478189780023
15,54,11,-1.93184310477375
15,55,-11,-10.5048156337184
15,56,-7,12.8022843006538
15,57,4,7.16663300886309
15,58,0,-1.11843735320016
15,59,0,19.6442512309623
15,60,-3,-6.36359784407587
15,61,3,4.11749993456529
15,62,15,17.2883532153109
15,63,-11,-19.7204696076362
15,64,-7,-2.18990383524777
15,65,-4,6.71292416804094
15,66,-2,22.4484679527149
15,67,5,12.3188063331674
15,68,-8,2.21667489213819
15,69,1,14.238100079591
15,70,-3,16.4051629672103
15,71,18,7.36858799658234
15,72,-4,0.348181450158235
15,73,-3,-11.4383753104431
15,74,2,4.18239306675707
15,75,3,-11.8343878408851
15,76,6,3.38117147587246
15,77,15,-8.86691650044127
15,78,-17,-6.99357073454287
15,79,-6,-4.00534698857459
15,80,-3,-3.67368463250714
15,81,2,2.74043284766595
15,82,0,6.12715087281793
15,83,3,18.1186985008604
15,84,-4,12.3615815848823
15,85,0,19.2324294127041
15,86,4,3.84370287467844
15,87,8,-14.4957224154285
15,88,3,-8.8510016301602
15,89,-7,2.1350342254725
15,90,-6,23.4149062919068
15,91,-1,8.06347859754431
15,92,7,8.22145640367848
15,93,10,-5.40039634826403
15,94,-7,-10.6374871378302
15,95,4,19.1045212396521
15,96,-4,-6.80568803238073
15,97,4,4.64510534496383
15,98,-4,-13.8290282221368
15,99,4,11.1117762039019
15,100,-3,-6.57548782212731
15,101,-5,22.1568940332877
15,102,-12,8.74408253756526
15,103,5,13.0217090787687
15,104,4,-6.78604790637347
15,105,-4,-4.72769433733512
15,106,15,10.0514607922438
15,107,-4,-8.40770213328655
15,108,0,2.63984478647244
15,109,-11,-6.24368037917575
15,110,1,7.59663477396699
15,111,0,5.31506150756135
15,112,7,20.8818294781595
15,113,-1,-5.77788503253934
15,114,-6,6.9803579154906
15,115,-2,11.6506375529274
15,116,22,7.26605074025693
15,117,2,-3.66831307131228
15,118,-15,-10.6116251131879
15,119,3,11.8343363163057
15,120,-11,4.63995190944188
15,121,7,23.4194506230964
15,122,-3,-13.2168895077498
15,123,-2,6.64506028833542
15,124,6,5.54889288931712
15,125,-4,-15.1700414605809
15,126,-3,7.29380231620628
15,127,7,1.23504620203879
15,128,-4,-3.83995946125298
15,129,0,8.25733830540087
15,130,8,18.6577206904311
15,131,-10,-4.92355780884093
15,132,-10,-3.43729340243153
15,133,-12,3.63012615376318
15,134,4,4.08326087107614
15,135,3,-1.34247232902125
15,136,13,19.0910243800635
15,137,-4,15.7845432966835
15,138,4,-11.9731317781626
15,139,-23,-5.70065008487423
15,140,4,4.3681831149745
15,141,0,-8.07167660524274
15,142,-7,23.3929247874796
15,143,4,7.22899028879077
15,144,-4,-7.97768204325015
15,145,7,13.7034445973519
15,146,8,13.3186064632604
15,147,16,-10.416919215781
15,148,-18,-14.6313819937649
15,149,0,-1.39243719877047
15,150,4,-1.80617087909763
15,151,16,0.365188806764762
15,152,-1,-18.4281357732634
15,153,-13,-10.677733992403
15,154,-4,8.61341131865393
15,155,11,17.0520402631157
15,156,-6,-15.2086298179054
15,157,-7,9.77063944071171
15,158,13,7.73947128099126
15,159,2,-6.06663502541366
15,160,-15,15.582666489086
16,1,8,8.21652395186024
16,2,-21,-5.22298762999811
16,3,1,14.0840821761092
16,4,2,2.1214320004102
16,5,7,4.42622150862521
16,6,0,-2.22206673197772
16,7,11,11.2119734518071
16,8,-18,-2.50175630448546
16,9,8,-5.6306204628794
16,10,-7,-2.09851004188853
16,11,20,13.6915781968054
16,12,-10,-9.22279853373395
16,13,4,-1.6051913268747
16,14,14,-2.19884253172158
16,15,11,-4.26495964690327
16,16,3,-11.3382848313661
16,17,-22,7.64796639124881
16,18,-7,6.04982153409389
16,19,11,4.23583371952049
16,20,0,2.67368604039729
16,21,0,9.65508196505204
16,22,-3,3.95474434746784
16,23,21,9.75838722604051
16,24,-3,-3.93575264632302
16,25,4,2.50265288237646
16,26,-7,-5.24256424052868
16,27,-14,-0.416415918716059
16,28,8,1.11568916531567
16,29,19,-2.56689810855696
16,30,-6,-4.60783252466151
16,31,2,-8.28480454142929
16,32,-22,3.84897207236676
16,33,0,10.8395417894698
16,34,-4,0.627895017572976
16,35,2,5.66143522692838
16,36,3,3.92699355890699
16,37,2,5.62231249612821
16,38,8,8.36788289779211
16,39,-8,-10.5022873653723
16,40,0,8.52432400624008
16,41,0,-7.87445963501616
16,42,14,5.13079789817651
16,43,-14,-6.58878233307257
16,44,0,11.9476149738056
16,45,0,15.7420469716986
16,46,4,12.0916357397075
16,47,-5,-4.8073263679907
16,48,5,7.267855000343
16,49,1,-6.72276084901169
16,50,-10,4.3803445420124
16,51,15,18.568286942232
16,52,-8,-10.5773935148717
16,53,11,3.94627572126775
16,54,-11,-9.35911035706945
16,55,-7,13.6725122174233
16,56,4,6.77961725385614
16,57,0,-5.09562137576859
16,58,0,10.2542293213764
16,59,-3,-0.31902565997049
16,60,3,3.98266045724794
16,61,15,6.48171967262654
16,62,-11,-18.2914887958217
16,63,-7,-2.11670550370809
16,64,-4,-3.44589444239372
16,65,-2,17.3144308873064
16,66,5,8.95746067061409
16,67,-8,0.263457212895028
16,68,1,10.3878823321783
16,69,-3,8.41823891056905
16,70,18,10.8486750402324
16,71,-4,-0.51982218673467
16,72,-3,-8.9159790541743
16,73,2,4.25972577463204
16,74,3,-6.19751285241361
16,75,6,2.82990640448859
16,76,15,-1.42573316161594
16,77,-17,-6.78339705604755
16,78,-6,-5.7118333265644
16,79,-3,-3.5570810519625
16,80,2,2.68022088213018
16,81,0,6.16721087730717
16,82,3,10.403715619398
16,83,-4,10.6868423920428
16,84,0,10.3893164007455
16,85,4,6.28418651595051
16,86,8,-10.8796230811658
16,87,3,-3.88816919902207
16,88,-7,-2.09991155458181
16,89,-6,21.6472663719828
16,90,-1,1.54477808179353
16,91,7,14.2501622425211
16,92,10,-4.74468773859815
16,93,-7,-9.32427667940344
16,94,4,16.2428667024978
16,95,-4,-5.75464668717453
16,96,4,6.37969369653265
16,97,-4,-9.01566640336655
16,98,4,6.62917210586789
16,99,-3,-0.790328039609612
16,100,-5,10.0414135610539
16,101,-12,11.4772487999217
16,102,5,6.35700904450171
16,103,4,-2.3399475394784
16,104,-4,0.625345522403769
16,105,15,10.0764997359487
16,106,-4,-6.26540171558015
16,107,0,15.6147405038291
16,108,-11,-3.72942905368867
16,109,1,1.00644311827852
16,110,0,2.29364349474597
16,111,7,18.8614144270583
16,112,-1,-3.17301402077787
16,113,-6,4.7813868080717
16,114,-2,19.6266459302816
16,115,22,1.8610992308234
16,116,2,-1.87485086875436
16,117,-15,-9.35109832756441
16,118,3,4.21481151393545
16,119,-11,2.10533589011332
16,120,7,19.04037352788
16,121,-3,-3.66611260337896
16,122,-2,3.53216320368488
16,123,6,5.55330298177496
16,124,-4,-15.3583406568967
16,125,-3,6.37746514284025
16,126,7,-2.9764740169796
16,127,-4,-6.39738323705667
16,128,0,9.09787807802588
16,129,8,12.5680175148722
16,130,-10,-7.28547027377111
16,131,-10,-5.0352643004522
16,132,-12,11.291505552909
16,133,4,-2.86695746571381
16,134,3,-4.96727394694353
16,135,13,12.8348654599995
16,136,-4,3.41043157647141
16,137,4,-2.43755082118973
16,138,-23,-9.33564135033378
16,139,4,-1.73967051214276
16,140,0,-4.88417355493282
16,141,-7,17.3623102033362
16,142,4,12.4447345859193
16,143,-4,-5.74041342792784
16,144,7,14.1061236693783
16,145,8,14.5682881256539
16,146,16,-9.40401443165811
16,147,-18,-9.36758322246193
16,148,0,0.825836104243093
16,149,4,-2.13119279772035
16,150,16,-4.28708402988002
16,151,-1,-16.6621196485051
16,152,-13,-2.19161312369172
16,153,-4,4.79535892056966
16,154,11,6.62604717457788
16,155,-6,-7.97245024745128
16,156,-7,8.76740335261628
16,157,13,0.584742077321496
16,158,2,-6.70057164250152
16,159,-15,6.16450673337202
16,160,4,0.76364067116559
17,1,-21,2.69294275473325
17,2,1,16.8806333482774
17,3,2,2.37595206017454
17,4,7,3.13092462171632
17,5,0,-3.38290283085036
17,6,11,8.44227967637054
17,7,-18,-4.74304083747468
17,8,8,-2.2141112449606
17,9,-7,3.63045198327046
17,10,20,13.7302247803776
17,11,-10,-12.8425494976238
17,12,4,7.72449004286914
17,13,14,5.8714230009796
17,14,11,-10.0286076228858
17,15,3,-13.282356307914
17,16,-22,3.70233038570259
17,17,-7,8.01616446473884
17,18,11,6.39382262840971
17,19,0,-4.55568723121303
17,20,0,11.5112741725693
17,21,-3,5.15788066384729
17,22,21,2.7967365039204
17,23,-3,-3.70400397710101
17,24,4,1.09547278405287
17,25,-7,-0.923871748781978
17,26,-14,1.42159225473285
17,27,8,4.61690876594231
17,28,19,-0.369689308086369
17,29,-6,-6.99652278990348
17,30,2,-7.54075187845718
17,31,-22,-1.69452479677994
17,32,0,13.8009872838286
17,33,-4,4.58967944439981
17,34,2,7.77949570855014
17,35,3,4.70243060987797
17,36,2,8.07871631792552
17,37,8,3.90461036236225
17,38,-8,-6.37051753068206
17,39,0,10.4196497783453
17,40,0,-3.32158200791144
17,41,14,2.75676650140539
17,42,-14,-9.10099359607567
17,43,0,7.48503351690036
17,44,0,11.3891116182122
17,45,4,13.368649062119
17,46,-5,0.777864046612317
17,47,5,5.92867944281767
17,48,1,-10.702626928679
17,49,-10,3.35904768060282
17,50,15,19.7745207408942
17,51,-8,-16.6774676283902
17,52,11,7.8595298548754
17,53,-11,-7.65174410129678
17,54,-7,7.42017515647652
17,55,4,5.29005178719563
17,56,0,1.62832245276967
17,57,0,12.2714760094964
17,58,-3,0.874938901818047
17,59,3,4.72780940343689
17,60,15,8.54983278865908
17,61,-11,-19.940306041553
17,62,-7,3.61836932086997
17,63,-4,-1.34450499865233
17,64,-2,17.9466640681262
17,65,5,8.8186291567678
17,66,-8,-8.53326001270361
17,67,1,10.8230797604834
17,68,-3,9.4450912099376
17,69,18,11.1369217439831
17,70,-4,0.410558104120727
17,71,-3,-9.45071753017818
17,72,2,1.5183756234698
17,73,3,-1.52813289576358
17,74,6,-0.278770421074223
17,75,15,-3.30965688478147
17,76,-17,-5.91957059456324
17,77,-6,2.85871610409591
17,78,-3,-2.54478996814419
17,79,2,2.95754803626709
17,80,0,5.89445878506677
17,81,3,10.0993275244817
17,82,-4,5.12783288133844
17,83,0,10.4186190164853
17,84,4,7.92483801633694
17,85,8,-3.7690401098725
17,86,3,-10.3255176586814
17,87,-7,-4.20476696042524
17,88,-6,18.7409424509254
17,89,-1,2.71303974879472
17,90,7,17.2810709458714
17,91,10,-0.334594258490393
17,92,-7,-10.5189588504208
17,93,4,6.37829794048327
17,94,-4,3.66877760704961
17,95,4,7.77901655602756
17,96,-4,-7.80081113915608
17,97,4,12.0707358447689
17,98,-3,3.54535661144216
17,99,-5,19.8444720057892
17,100,-12,13.3176267616923
17,101,5,14.5454199846963
17,102,4,-1.671138040088
17,103,-4,6.13008665369824
17,104,15,6.15284084534624
17,105,-4,-2.6484822230393
17,106,0,11.4426668503573
17,107,-11,-4.50554471769969
17,108,1,5.36894986511543
17,109,0,5.62587305307404
17,110,7,21.6429391832958
17,111,-1,-6.04771733666938
17,112,-6,5.68021829270536
17,113,-2,14.1991099142113
17,114,22,1.88554278828
17,115,2,-6.74908776627325
17,116,-15,-11.8571247125205
17,117,3,9.43277937430934
17,118,-11,1.28278248272641
17,119,7,19.0691222653465
17,120,-3,-13.9221186606244
17,121,-2,7.93579829587908
17,122,6,6.27938127404635
17,123,-4,-8.95406144256648
17,124,-3,9.0746671098237
17,125,7,-1.75607516612634
17,126,-4,-1.93636835372668
17,127,0,11.3709775915663
17,128,8,14.6989221516933
17,129,-10,-5.92565429531394
17,130,-10,-3.75305181118449
17,131,-12,9.25387675509265
17,132,4,-0.756283789684977
17,133,3,-0.0430455659920894
17,134,13,7.84254746357182
17,135,-4,3.72208960107173
17,136,4,-8.58283142535149
17,137,-23,-6.26570396116483
17,138,4,3.14083359162213
17,139,0,1.47997565634994
17,140,-7,22.8073676993466
17,141,4,12.5310518356788
17,142,-4,-1.23791737238739
17,143,7,14.9307701023892
17,144,8,11.8082200165077
17,145,16,0.332688522784198
17,146,-18,-18.4157267472264
17,147,0,3.62767970328503
17,148,4,-3.61234799059632
17,149,16,7.4385045947342
17,150,-1,-18.3950261230617
17,151,-13,-4.85845106610877
17,152,-4,7.52120774395795
17,153,11,9.41610412901109
17,154,-6,-12.6396706029804
17,155,-7,10.5882429957716
17,156,13,2.15320622193613
17,157,2,-0.821051405214235
17,158,-15,-0.910975600563433
17,159,4,3.02247642482253
17,160,-4,-2.60992826339671
18,1,7,2.74303789492399
18,2,0,-7.63053423415217
18,3,11,8.47709131023558
18,4,-18,-8.3666397695516
18,5,8,-1.35865281937012
18,6,-7,-7.83180464494849
18,7,20,11.5405371105116
18,8,-10,-16.6533281114163
18,9,4,3.83904445445984
18,10,14,5.23782101989226
18,11,11,-6.2849793538319
18,12,3,-7.36459229565487
18,13,-22,2.64617871246058
18,14,-7,8.37672220088948
18,15,11,4.45713014309109
18,16,0,-5.98278001167753
18,17,0,7.50184069409117
18,18,-3,3.81072131411603
18,19,21,8.0733153388535
18,20,-3,-6.19974054631577
18,21,4,-0.959555840491736
18,22,-7,-13.8841386668243
18,23,-14,2.3627025719284
18,24,8,3.47263281343932
18,25,19,-0.469887212190804
18,26,-6,-12.7124653705162
18,27,2,-9.92400184212841
18,28,-22,-4.87412627586102
18,29,0,15.1387627234613
18,30,-4,-1.71746622900142
18,31,2,6.49269084211144
18,32,3,3.97836949879725
18,33,2,12.6265628117579
18,34,8,3.72390429836166
18,35,-8,-7.63487164264613
18,36,0,10.8808867486983
18,37,0,-7.86031805152726
18,38,14,9.57027401353374
18,39,-14,-10.9312021565036
18,40,0,4.68837837226864
18,41,0,8.81262557209166
18,42,4,12.770160499258
18,43,-5,-7.20006412913702
18,44,5,11.3805294683355
18,45,1,-8.45383316871847
18,46,-10,6.9667147025344
18,47,15,18.3449131332649
18,48,-8,-18.8746240752715
18,49,11,4.73431939597834
18,50,-11,-5.53296745577371
18,51,-7,11.5331897272568
18,52,4,6.30579853086346
18,53,0,-4.13988274595194
18,54,0,14.134566630345
18,55,-3,-3.27759107558479
18,56,3,2.46655416277065
18,57,15,11.4169609012859
18,58,-11,-19.1620369187513
18,59,-7,1.92368193562884
18,60,-4,1.4766111892992
18,61,-2,17.8703773339656
18,62,5,10.9851180088856
18,63,-8,2.30853461221129
18,64,1,10.1417268916559
18,65,-3,9.4580675095851
18,66,18,11.7097633147688
18,67,-4,-17.0006422070714
18,68,-3,-4.54788018831282
18,69,2,4.33599639408564
18,70,3,-10.3154749308824
18,71,6,2.06989226399613
18,72,15,-0.157943984892926
18,73,-17,-12.6428584613397
18,74,-6,-1.10840940275908
18,75,-3,3.20099722740402
18,76,2,3.64286928314352
18,77,0,6.86716681393569
18,78,3,11.2272539778803
18,79,-4,10.0358726621599
18,80,0,9.40559322389858
18,81,4,2.70044523489319
18,82,8,-12.5449511178389
18,83,3,-8.04324322581338
18,84,-7,4.70119484029873
18,85,-6,15.2473379809481
18,86,-1,5.67682083142985
18,87,7,15.9689090708396
18,88,10,-1.21371889964934
18,89,-7,-4.66571713796606
18,90,4,11.9786442695647
18,91,-4,-5.04009454510272
18,92,4,9.49579684605239
18,93,-4,-15.0795252343543
18,94,4,7.13519970223268
18,95,-3,-2.43202521619843
18,96,-5,17.542936657609
18,97,-12,11.9857302776976
18,98,5,10.2044603110198
18,99,4,-8.18500261462446
18,100,-4,6.36679880460015
18,101,15,4.99493449038926
18,102,-4,-10.216428050014
18,103,0,4.90911291586109
18,104,-11,-3.59461204814771
18,105,1,6.61604060801621
18,106,0,3.49875200938612
18,107,7,21.6020922431178
18,108,-1,-7.72829040123431
18,109,-6,5.99474068165729
18,110,-2,17.4981418445353
18,111,22,4.33823119676449
18,112,2,-16.3134603400994
18,113,-15,-6.5869299191097
18,114,3,-0.805447502956253
18,115,-11,1.44432975616788
18,116,7,17.7028644933284
18,117,-3,-15.8742383060738
18,118,-2,7.84676840554029
18,119,6,7.80815224973113
18,120,-4,-7.94149483185641
18,121,-3,10.6721286137697
18,122,7,0.540909028254271
18,123,-4,-17.1019868934266
18,124,0,6.31649954633414
18,125,8,5.88601756300601
18,126,-10,-13.3055205274275
18,127,-10,-6.23702429807481
18,128,-12,6.91222414380634
18,129,4,3.66305067958259
18,130,3,-4.48154782079232
18,131,13,13.3379056654922
18,132,-4,-2.80758358909367
18,133,4,-17.3676618660837
18,134,-23,-2.77895983728014
18,135,4,5.62156226854019
18,136,0,-5.09810784846951
18,137,-7,19.5915492932707
18,138,4,11.3344410038168
18,139,-4,-3.17189058490394
18,140,7,17.3790595128935
18,141,8,12.6587130211769
18,142,16,-11.0966446470399
18,143,-18,-18.0657576040783
18,144,0,4.46756511851844
18,145,4,-4.97358086396691
18,146,16,-3.80975458099789
18,147,-1,-11.903128036883
18,148,-13,-2.23532903623333
18,149,-4,7.13689653645623
18,150,11,4.81515424912077
18,151,-6,-20.5483767246996
18,152,-7,3.04717508713709
18,153,13,6.02688618014776
18,154,2,-6.18869604823475
18,155,-15,7.54177394833967
18,156,4,6.57183549579832
18,157,-4,-4.26434929126863
18,158,-2,7.1309931323508
18,159,10,17.4202108278147
18,160,-3,-9.09583132929945
19,1,0,-7.69591553388233
19,2,11,16.0078982437621
19,3,-18,-11.3885654698135
19,4,8,-4.06670410572426
19,5,-7,-3.5386539996008
19,6,20,20.5284908545384
19,7,-10,-10.9351379368822
19,8,4,5.78088377116492
19,9,14,-0.528781877918481
19,10,11,-8.85980319256643
19,11,3,-9.77487827353419
19,12,-22,-6.35518329774966
19,13,-7,14.0134528159034
19,14,11,5.50310113324377
19,15,0,-10.5488975199256
19,16,0,0.45107525268397
19,17,-3,4.69848113359171
19,18,21,11.7121595431101
19,19,-3,-9.46474823972137
19,20,4,4.44518455607286
19,21,-7,-9.91700859092437
19,22,-14,0.0888736919686288
19,23,8,12.2194808091543
19,24,19,-0.179971461344381
19,25,-6,-7.41651498039817
19,26,2,-9.35083315370442
19,27,-22,-5.68658932552848
19,28,0,14.3804063639683
19,29,-4,5.31464988098434
19,30,2,8.55361059261188
19,31,3,-2.81609667731382
19,32,2,4.11197209357429
19,33,8,-2.22424586852415
19,34,-8,-4.28502601187772
19,35,0,11.2527012089741
19,36,0,-8.40108797834124
19,37,14,-2.94566178075546
19,38,-14,-11.387761812453
19,39,0,11.1212810053036
19,40,0,12.8700614658539
19,41,4,11.4585569582636
19,42,-5,-10.451531511797
19,43,5,10.2536969522191
19,44,1,-13.1613326710734
19,45,-10,-3.38015500594722
19,46,15,20.5821866081685
19,47,-8,-15.1791405420782
19,48,11,6.26392252260107
19,49,-11,-2.75686178108239
19,50,-7,14.3299866625093
19,51,4,10.5576011679151
19,52,0,-6.30739981908987
19,53,0,12.9492628206468
19,54,-3,1.16485858676398
19,55,3,4.37124329271563
19,56,15,0.444164083893229
19,57,-11,-16.2965546565137
19,58,-7,2.40649427710366
19,59,-4,-1.22708258630092
19,60,-2,15.6755383931125
19,61,5,9.11730576655444
19,62,-8,-0.36049016022992
19,63,1,8.41149643738138
19,64,-3,9.59993053207406
19,65,18,12.2159879065382
19,66,-4,-4.78642687582002
19,67,-3,3.8106119736231
19,68,2,-0.822121857007105
19,69,3,-12.712811971734
19,70,6,-4.31912884526382
19,71,15,-1.30762577771869
19,72,-17,-8.69107086721219
19,73,-6,7.79045119706813
19,74,-3,-2.51837893723427
19,75,2,1.38135010835525
19,76,0,3.064615800921
19,77,3,13.6700687577916
19,78,-4,-2.01422734007947
19,79,0,14.4477675529736
19,80,4,7.75818365641462
19,81,8,-15.5692229983614
19,82,3,-8.59745715975756
19,83,-7,-3.39833843368334
19,84,-6,21.6227881585805
19,85,-1,1.96747731528133
19,86,7,15.4855415245634
19,87,10,1.04320403482354
19,88,-7,-8.52110105093602
19,89,4,8.79698086058321
19,90,-4,-6.87007234182617
19,91,4,8.35787135278343
19,92,-4,-16.4192296916362
19,93,4,10.6720717530215
19,94,-3,-5.16426613130765
19,95,-5,15.58113734726
19,96,-12,14.8034675392721
19,97,5,14.1382494720494
19,98,4,-4.9885852889912
19,99,-4,6.20200512275707
19,100,15,11.8293668521725
19,101,-4,-12.96464195919
19,102,0,12.1458949536612
19,103,-11,-8.50417504418343
19,104,1,1.73422243347617
19,105,0,3.62130876802366
19,106,7,20.0685269928223
19,107,-1,-9.54856251909138
19,108,-6,8.24796806536159
19,109,-2,19.8860032016191
19,110,22,1.60757694745175
19,111,2,-6.31526184676334
19,112,-15,-4.51470508518476
19,113,3,9.97867475264714
19,114,-11,-10.6992074082572
19,115,7,18.7254840856382
19,116,-3,-16.359679796121
19,117,-2,8.40190876258602
19,118,6,0.746321172358646
19,119,-4,-8.16219405334036
19,120,-3,13.6682610059086
19,121,7,-0.975957149742734
19,122,-4,-7.93579749972486
19,123,0,11.8792110752522
19,124,8,15.3699974504521
19,125,-10,-13.3633744666162
19,126,-10,-7.79909367723935
19,127,-12,14.8347771200777
19,128,4,4.92111802504193
19,129,3,-5.65773490979152
19,130,13,10.5562279502391
19,131,-4,7.14701830152677
19,132,4,-16.3252265282237
19,133,-23,-7.92935874486913
19,134,4,5.35729385991051
19,135,0,-7.48070602174701
19,136,-7,18.8551485705336
19,137,4,20.4123131220951
19,138,-4,-4.98084970380693
19,139,7,14.0335031133898
19,140,8,11.2826244945666
19,141,16,-7.51331451051466
19,142,-18,-17.586244887286
19,143,0,7.6078340840839
19,144,4,-8.70049718710389
19,145,16,-3.51589343021872
19,146,-1,-17.7920396512072
19,147,-13,-1.42459842752757
19,148,-4,11.6694345078415
19,149,11,11.0019377355557
19,150,-6,-11.9296750811495
19,151,-7,-0.200775406348632
19,152,13,2.04096765130654
19,153,2,-10.3891654670251
19,154,-15,-6.76041467367782
19,155,4,11.5941584442972
19,156,-4,-6.40835166162226
19,157,-2,13.3131862416391
19,158,10,21.6499013077089
19,159,-3,-5.11173983612767
19,160,14,10.9863019537715
20,1,-18,-10.9254364073446
20,2,8,4.94735574015473
20,3,-7,-7.48045347574844
20,4,20,11.882878752496
20,5,-10,-14.4577868005239
20,6,4,11.0144824675759
20,7,14,-5.27732041751762
20,8,11,-12.2088175532405
20,9,3,-14.2221751573572
20,10,-22,2.1812693878253
20,11,-7,8.70597842458028
20,12,11,5.00200226330302
20,13,0,-1.23327489478705
20,14,0,14.6079410517626
20,15,-3,0.557488799396143
20,16,21,8.99316487156376
20,17,-3,-9.49817784112914
20,18,4,5.36252220465078
20,19,-7,-12.8809020143295
20,20,-14,7.73406461310546
20,21,8,7.14801531894959
20,22,19,-9.07643901715348
20,23,-6,-9.9485954255978
20,24,2,-4.87855009589285
20,25,-22,-2.40798058005441
20,26,0,16.1249953565033
20,27,-4,0.840553729122329
20,28,2,8.31054552967933
20,29,3,4.07063982240701
20,30,2,13.7198806245418
20,31,8,-0.569350247948225
20,32,-8,-13.6873829315922
20,33,0,6.96387223896966
20,34,0,-13.3431999354874
20,35,14,9.71811183584635
20,36,-14,-9.03415544074737
20,37,0,5.17161644915685
20,38,0,1.76126957364835
20,39,4,17.9968516016102
20,40,-5,-13.8955974719633
20,41,5,8.59723271999327
20,42,1,-10.1344686798701
20,43,-10,13.418849298208
20,44,15,20.0029920989362
20,45,-8,-16.7633235806656
20,46,11,5.48665071684689
20,47,-11,-10.7446859189621
20,48,-7,13.2420172496452
20,49,4,7.76930549079235
20,50,0,-4.16457958837852
20,51,0,12.7841902672906
20,52,-3,-6.53337948700081
20,53,3,5.74043508924366
20,54,15,6.45604119333843
20,55,-11,-14.3874788669262
20,56,-7,-2.34356704008341
20,57,-4,3.52162579033348
20,58,-2,21.1064274915443
20,59,5,14.511648933375
20,60,-8,2.39166238669063
20,61,1,14.2406096795555
20,62,-3,3.99151596599795
20,63,18,12.0882376157188
20,64,-4,-7.14063757275923
20,65,-3,1.99386044859887
20,66,2,-5.1048042265323
20,67,3,-9.51279052525394
20,68,6,2.24385154165067
20,69,15,-7.13280111993455
20,70,-17,-10.3759438912791
20,71,-6,-1.05480506448702
20,72,-3,-3.44868640667346
20,73,2,14.7220998847138
20,74,0,12.8952286911336
20,75,3,15.4359355701259
20,76,-4,5.69820097900123
20,77,0,11.3197612533492
20,78,4,-1.40276212821668
20,79,8,-11.8932713102225
20,80,3,-9.43773305631425
20,81,-7,-5.32868254309062
20,82,-6,17.9315283395042
20,83,-1,3.28541005685058
20,84,7,14.2425292090957
20,85,10,-9.20268881986986
20,86,-7,-13.1845516382297
20,87,4,9.9749517916921
20,88,-4,-4.86713460873756
20,89,4,9.38394253767059
20,90,-4,-11.877119322004
20,91,4,18.3562393472438
20,92,-3,-8.26505618787935
20,93,-5,19.8735151800685
20,94,-12,9.15856302509593
20,95,5,18.255515625406
20,96,4,-6.25831309073654
20,97,-4,-4.46662400377924
20,98,15,5.65375898930268
20,99,-4,-13.4686992134822
20,100,0,13.412511360931
20,101,-11,-13.6895300598436
20,102,1,10.7096008215748
20,103,0,4.58929008016233
20,104,7,20.5426572960623
20,105,-1,-11.5318013667589
20,106,-6,10.9141962219703
20,107,-2,11.4483331091205
20,108,22,10.0295409013894
20,109,2,-10.5163580984012
20,110,-15,-4.48673690156958
20,111,3,9.37951258989822
20,112,-11,5.7607275749907
20,113,7,19.0580623578044
20,114,-3,-13.9283971659071
20,115,-2,15.3990901769547
20,116,6,-1.39494492882045
20,117,-4,-11.6169984487946
20,118,-3,9.41639480574971
20,119,7,-9.36121053852792
20,120,-4,-11.2074821294755
20,121,0,10.4122921378853
20,122,8,0.407023080516566
20,123,-10,-13.7303018334731
20,124,-10,-9.42886196689228
20,125,-12,6.44311382461048
20,126,4,4.73817076502323
20,127,3,-2.80535442174081
20,128,13,15.0068295756768
20,129,-4,-1.38279160014128
20,130,4,-11.0621892685005
20,131,-23,-9.10783167130565
20,132,4,3.15302737620895
20,133,0,-7.51468745369611
20,134,-7,21.9407258543369
20,135,4,10.6782399585433
20,136,-4,-6.12208922660148
20,137,7,17.4358636021973
20,138,8,13.9911065228734
20,139,16,-7.32168761811346
20,140,-18,-15.3323027019947
20,141,0,1.30856836076874
20,142,4,-9.01347475145633
20,143,16,-0.185875799740781
20,144,-1,-13.146159508735
20,145,-13,0.0740929518316253
20,146,-4,11.560310570517
20,147,11,10.5376146546525
20,148,-6,-9.9547113521483
20,149,-7,11.3507242592241
20,150,13,9.46902598261604
20,151,2,-11.2010511810037
20,152,-15,11.2039314816847
20,153,4,3.52324559079491
20,154,-4,-6.20469368052841
20,155,-2,8.03152944645885
20,156,10,11.0443397048545
20,157,-3,-14.6082190542856
20,158,14,10.5149020172075
20,159,-6,-8.98367975135102
20,160,-11,9.52335137143351
21,1,11,10.9886287566987
21,2,0,-8.93106991582945
21,3,0,-11.6252153050612
21,4,-3,-8.41418162840503
21,5,21,17.3589915531447
21,6,-3,-10.1359033301692
21,7,4,14.2874255787864
21,8,-7,-13.5900837628724
21,9,-14,12.485577681778
21,10,8,16.7376632697916
21,11,19,-11.1919482505744
21,12,-6,-17.5520828585356
21,13,2,5.3268614426952
21,14,-22,-11.4883905332442
21,15,0,7.42499234602471
21,16,-4,-2.65461633448646
21,17,2,11.0546541681145
21,18,3,2.71878903772491
21,19,2,10.2016794639967
21,20,8,6.89898611463667
21,21,-8,-2.92842054310978
21,22,0,13.8007653561583
21,23,0,-13.2188068052083
21,24,14,1.60667768396035
21,25,-14,-14.74400844095
21,26,0,16.2425335562899
21,27,0,-9.1770985140419
21,28,4,4.28664439075025
21,29,-5,-11.7255255286052
21,30,5,11.0628369761184
21,31,1,-7.99769957012892
21,32,-10,2.25739255487658
21,33,15,18.6354814552799
21,34,-8,-9.55273220492903
21,35,11,15.426058991344
21,36,-11,-15.3738062611573
21,37,-7,19.7035611736595
21,38,4,15.6660104952262
21,39,0,-5.75318617720741
21,40,0,-0.830578331865139
21,41,-3,1.13240254920782
21,42,3,9.42590919564154
21,43,15,0.949298586290622
21,44,-11,-6.84387197050097
21,45,-7,13.0532339307567
21,46,-4,16.3241698865929
21,47,-2,20.4245385188975
21,48,5,5.91312753892078
21,49,-8,11.9100593548714
21,50,1,16.3158124012224
21,51,-3,-1.96485082885605
21,52,18,14.901337578036
21,53,-4,-9.8525583184592
21,54,-3,9.28380993982819
21,55,2,8.86255276033329
21,56,3,13.7129854546954
21,57,6,1.87271308620389
21,58,15,0.418059952750927
21,59,-17,-10.5887376812891
21,60,-6,14.392132705891
21,61,-3,12.0931000227136
21,62,2,8.70209222687461
21,63,0,-2.90614934206877
21,64,3,13.1727793631045
21,65,-4,7.98917375578809
21,66,0,16.1236822427465
21,67,4,1.32877599698865
21,68,8,1.51904470525928
21,69,3,-15.4233710971225
21,70,-7,2.42207596675587
21,71,-6,19.3332903004372
21,72,-1,14.3097775290812
21,73,7,4.98207683610641
21,74,10,-8.70161231147169
21,75,-7,4.08209398215192
21,76,4,16.9792522452943
21,77,-4,-10.0744985843738
21,78,4,13.2596799417072
21,79,-4,-11.6807852531
21,80,4,13.0253991823189
21,81,-3,-6.35104471131189
21,82,-5,18.5168381489034
21,83,-12,15.3237382578448
21,84,5,17.8252479094045
21,85,4,-14.1371280078467
21,86,-4,11.8781275419813
21,87,15,11.4243891728511
21,88,-4,-8.16298435135515
21,89,0,18.5895152284486
21,90,-11,-10.0888616247925
21,91,1,13.7915216888921
21,92,0,-1.31246285338414
21,93,7,12.3570506571562
21,94,-1,-5.42147246474343
21,95,-6,7.1731220530661
21,96,-2,21.5716621514156
21,97,22,8.36804472285671
21,98,2,-12.0737169108021
21,99,-15,-0.571824529503538
21,100,3,15.8916193643497
21,101,-11,2.56242008903028
21,102,7,21.7590900127792
21,103,-3,-16.8211352890232
21,104,-2,13.4008320528455
21,105,6,0.122482221472509
21,106,-4,-5.13285212537085
21,107,-3,10.6595148714593
21,108,7,5.48335264870779
21,109,-4,-8.0457156148614
21,110,0,7.15799427783313
21,111,8,-8.02706805233145
21,112,-10,-4.43221705435166
21,113,-10,-14.0050768513984
21,114,-12,18.0030526531698
21,115,4,13.2082615044015
21,116,3,-5.15823043194716
21,117,13,-5.15176598015206
21,118,-4,-9.02362588311527
21,119,4,-11.8482692926494
21,120,-23,-4.44989347699692
21,121,4,12.7260491656867
21,122,0,-4.88429977256006
21,123,-7,1.58401361696572
21,124,4,20.8345461858618
21,125,-4,4.2126167779081
21,126,7,11.1895211851955
21,127,8,18.8992039820209
21,128,16,-13.1192348707914
21,129,-18,-1.97960727740787
21,130,0,14.3296880297241
21,131,4,-10.7322078913916
21,132,16,-1.3605434835517
21,133,-1,-17.7163050268851
21,134,-13,1.93630430913948
21,135,-4,15.0203307729238
21,136,11,15.0214712938162
21,137,-6,-11.1592308579862
21,138,-7,9.88094582947319
21,139,13,15.5863457155707
21,140,2,-6.98034685075835
21,141,-15,-9.9337145864453
21,142,4,11.1272170923581
21,143,-4,1.49027645671962
21,144,-2,15.1273914122369
21,145,10,18.9383604350952
21,146,-3,-10.5680664303918
21,147,14,9.62749486263139
21,148,-6,-10.8327019010085
21,149,-11,21.0778201042237
21,150,-5,16.7145905456689
21,151,11,21.5185689894385
21,152,-7,-9.54654664590121
21,153,-7,11.3108766452162
21,154,4,19.6741868373565
21,155,-9,0.122251573672972
21,156,9,15.1111059767533
21,157,6,-0.825383523735827
21,158,-12,-3.20356522713733
21,159,9,14.6909561960184
21,160,4,-9.99870275404327
22,1,-3,-0.601291010582245
22,2,21,21.5867756642572
22,3,-3,-10.8644263173147
22,4,4,13.388024325603
22,5,-7,-20.1072106306469
22,6,-14,5.83499350661967
22,7,8,6.33883931730916
22,8,19,-9.51047964953163
22,9,-6,-12.1582146998368
22,10,2,-0.422835737714914
22,11,-22,-8.37967824589802
22,12,0,16.9119163453804
22,13,-4,-1.58000167014577
22,14,2,7.61359857704555
22,15,3,-3.53951256106717
22,16,2,5.79240181927735
22,17,8,-0.970854166746135
22,18,-8,-12.3956791740268
22,19,0,11.9613583610604
22,20,0,-12.7218441922423
22,21,14,9.56854168903414
22,22,-14,-19.0910434661994
22,23,0,17.8294025841568
22,24,0,-1.71020327235179
22,25,4,5.36039853279748
22,26,-5,-7.7434957542947
22,27,5,15.4722576000649
22,28,1,-8.79775312854484
22,29,-10,4.86920673190349
22,30,15,21.2677393631327
22,31,-8,-9.93670094644545
22,32,11,9.86979131642674
22,33,-11,-16.2120816368673
22,34,-7,20.8693605555911
22,35,4,12.2932346190909
22,36,0,-8.41431538513426
22,37,0,3.43825417900515
22,38,-3,2.71616861319131
22,39,3,6.49768522497155
22,40,15,-1.98577594617321
22,41,-11,-12.6281530423053
22,42,-7,6.29612952771826
22,43,-4,8.93704442908168
22,44,-2,22.7121616441647
22,45,5,6.99630703396607
22,46,-8,12.4392540322093
22,47,1,15.154548106563
22,48,-3,-4.88013444275698
22,49,18,12.136109890327
22,50,-4,-17.7683294655187
22,51,-3,5.78819448573861
22,52,2,6.33735828547773
22,53,3,13.105899028304
22,54,6,-0.902927744017183
22,55,15,-9.57807695040779
22,56,-17,-15.2404711672152
22,57,-6,10.2290142293984
22,58,-3,3.78368410120107
22,59,2,6.60132102668344
22,60,0,-6.6802198564613
22,61,3,14.3951615090314
22,62,-4,0.475305850567719
22,63,0,19.52976667382
22,64,4,4.42360162223014
22,65,8,-4.49483148763203
22,66,3,-11.3775134811122
22,67,-7,-6.34246322591745
22,68,-6,21.5036381684109
22,69,-1,15.2226773575722
22,70,7,10.108098987576
22,71,10,-4.2595953159312
22,72,-7,0.187967788718757
22,73,4,22.0522573580487
22,74,-4,-14.3101393039971
22,75,4,13.0269608252043
22,76,-4,-15.9518787139616
22,77,4,11.9458207983755
22,78,-3,-14.5152451235302
22,79,-5,22.3559174559795
22,80,-12,14.1958216478534
22,81,5,17.4765804457196
22,82,4,-6.30874455650103
22,83,-4,3.22408472907199
22,84,15,16.3498369183207
22,85,-4,-10.8070155683618
22,86,0,17.8508803393873
22,87,-11,-11.2013978493153
22,88,1,8.71768574849114
22,89,0,-6.77045523248906
22,90,7,9.43631852711228
22,91,-1,-9.13680344687133
22,92,-6,8.77479590025029
22,93,-2,19.0619249888745
22,94,22,8.28659260899815
22,95,2,-11.7127205520258
22,96,-15,-2.12972496717603
22,97,3,18.5750815297707
22,98,-11,-1.77736645428762
22,99,7,15.7527407647826
22,100,-3,-14.4397844741082
22,101,-2,11.8224836815956
22,102,6,-1.07542988482968
22,103,-4,-8.10583832465464
22,104,-3,11.4774564279962
22,105,7,5.04658325591305
22,106,-4,-4.71486807191722
22,107,0,9.48555606480669
22,108,8,-1.10216387673527
22,109,-10,-3.69706398084883
22,110,-10,-5.38073555750507
22,111,-12,16.7454984857939
22,112,4,9.9582500124354
22,113,3,-9.43827319285099
22,114,13,-6.30109557208945
22,115,-4,-2.92283500466205
22,116,4,-10.5136522528777
22,117,-23,1.09078523089104
22,118,4,5.14167873699239
22,119,0,-8.3777632689884
22,120,-7,8.25724815710103
22,121,4,19.2473223963905
22,122,-4,4.53124120825084
22,123,7,15.9534989010585
22,124,8,16.2031282613573
22,125,16,-14.3706770810228
22,126,-18,-8.98015062377277
22,127,0,10.9610075998103
22,128,4,-7.42666554917887
22,129,16,-4.0911794637178
22,130,-1,-14.4245816368256
22,131,-13,0.0363218582705421
22,132,-4,13.1167144017081
22,133,11,18.3252104271695
22,134,-6,-9.64950112571487
22,135,-7,7.01089832008349
22,136,13,11.4349941359348
22,137,2,-5.4946617835248
22,138,-15,-15.9412702955315
22,139,4,12.3061559597893
22,140,-4,-3.12071928542178
22,141,-2,14.9853680904532
22,142,10,19.745829412579
22,143,-3,-7.11540545252644
22,144,14,10.4972883593405
22,145,-6,-14.2175548311186
22,146,-11,15.7768877908531
22,147,-5,12.2449847836385
22,148,11,19.622846364692
22,149,-7,-10.7322451169377
22,150,-7,15.006677334311
22,151,4,20.5495682576008
22,152,-9,-1.11361789599264
22,153,9,19.2334183871468
22,154,6,-7.28639322474673
22,155,-12,0.779395499085629
22,156,9,15.8311471457512
22,157,4,-14.2329035105269
22,158,11,-9.17465736392064
22,159,-15,-20.3085071943749
22,160,0,15.0971105477257
23,1,21,13.495803363163
23,2,-3,-11.188104422562
23,3,4,-1.00946952630199
23,4,-7,-18.2218791687873
23,5,-14,4.72057175251045
23,6,8,6.8992688815962
23,7,19,-8.85078563235758
23,8,-6,-11.8711540437505
23,9,2,-7.1852827747069
23,10,-22,-7.89232174901339
23,11,0,14.8959312920166
23,12,-4,-1.23169354702065
23,13,2,7.960679051867
23,14,3,-4.27509021644589
23,15,2,12.2361970452009
23,16,8,-3.61043482578596
23,17,-8,-8.57440634700014
23,18,0,8.1300551687944
23,19,0,-8.24958197045968
23,20,14,10.8927703201316
23,21,-14,-19.6929052489119
23,22,0,13.6304227163366
23,23,0,5.04386278859174
23,24,4,13.7097510209455
23,25,-5,-8.78225343148981
23,26,5,9.53014918622055
23,27,1,-7.46115457125349
23,28,-10,8.16041509291673
23,29,15,19.5229769398651
23,30,-8,-10.855561914148
23,31,11,8.79440542186023
23,32,-11,-17.582108692813
23,33,-7,15.5852607907622
23,34,4,11.5066082197709
23,35,0,-2.97675804513513
23,36,0,10.8420545710033
23,37,-3,-2.69082874343109
23,38,3,9.35833102851628
23,39,15,-2.75161628642331
23,40,-11,-10.5066070738501
23,41,-7,2.27504638652034
23,42,-4,2.82976149835451
23,43,-2,17.6724857550444
23,44,5,6.75018360362387
23,45,-8,11.5752538859471
23,46,1,13.8334562325501
23,47,-3,-1.93173155207679
23,48,18,7.19693916064212
23,49,-4,-14.237367832916
23,50,-3,-2.06965616744628
23,51,2,-1.22867606865016
23,52,3,12.3517556444455
23,53,6,2.84213057729953
23,54,15,-7.61941268784131
23,55,-17,-15.7523044167594
23,56,-6,3.27215040104581
23,57,-3,1.58624049878183
23,58,2,10.2860754944088
23,59,0,-5.37896103704427
23,60,3,15.8354683351701
23,61,-4,1.54321980764626
23,62,0,11.8984569171922
23,63,4,1.20553125278937
23,64,8,1.0315141848393
23,65,3,-15.7814181347573
23,66,-7,-5.72171347970188
23,67,-6,13.3069239229269
23,68,-1,8.94906261304218
23,69,7,13.5034108291452
23,70,10,-7.97226974148001
23,71,-7,1.86821834891115
23,72,4,9.07499607491077
23,73,-4,-16.2989000062124
23,74,4,6.98069701114772
23,75,-4,-17.6605083219446
23,76,4,14.8984495060225
23,77,-3,-17.40706585446
23,78,-5,15.8405280943057
23,79,-12,4.14967404251317
23,80,5,13.5704052294775
23,81,4,-8.50271177399973
23,82,-4,7.54998891004975
23,83,15,1.77913956900606
23,84,-4,-9.93135364460785
23,85,0,4.99142279087067
23,86,-11,-9.50669418246095
23,87,1,8.15296817930996
23,88,0,-3.01614098766221
23,89,7,19.0854323444213
23,90,-1,-8.50835427978645
23,91,-6,9.64363600154748
23,92,-2,8.43982619415627
23,93,22,8.70029092956202
23,94,2,-7.3504644500781
23,95,-15,-1.97504956439941
23,96,3,7.97009044238522
23,97,-11,-4.41382312711161
23,98,7,21.8264850547927
23,99,-3,-16.9619285713763
23,100,-2,14.1625377600597
23,101,6,2.45060589929346
23,102,-4,-10.3448292457032
23,103,-3,3.22107439607727
23,104,7,-3.19833752015212
23,105,-4,-6.31156801995065
23,106,0,6.55616530206022
23,107,8,-0.277780395809703
23,108,-10,-4.9816729936721
23,109,-10,-7.79371793209939
23,110,-12,11.3991257660455
23,111,4,7.09216685306755
23,112,3,-4.68736585828898
23,113,13,-2.70838551284263
23,114,-4,-3.33712100514353
23,115,4,-11.7140760689974
23,116,-23,0.943503336915835
23,117,4,3.75805356526446
23,118,0,-9.82001902252855
23,119,-7,16.6218562276159
23,120,4,4.84564498754206
23,121,-4,2.99657992026493
23,122,7,15.121374861991
23,123,8,16.0566947267342
23,124,16,-11.8664983789119
23,125,-18,-5.36395943106094
23,126,0,7.21095796045674
23,127,4,-0.488437496571936
23,128,16,-2.44580959415914
23,129,-1,-16.9571650364461
23,130,-13,-0.458703622844364
23,131,-4,13.5904840285628
23,132,11,10.9053740287217
23,133,-6,-8.25780410255918
23,134,-7,4.11750735954321
23,135,13,7.80855759722919
23,136,2,-10.8838601215619
23,137,-15,-12.0352437927771
23,138,4,7.63796543401707
23,139,-4,-1.45181515792928
23,140,-2,11.9210640803424
23,141,10,13.5247152163206
23,142,-3,-11.8703149854432
23,143,14,2.23910503214641
23,144,-6,-14.0450389514551
23,145,-11,4.20856419998859
23,146,-5,8.7692725822745
23,147,11,13.6443406784835
23,148,-7,-7.71950506403057
23,149,-7,7.73836669874327
23,150,4,14.3734415721204
23,151,-9,-3.78893187275294
23,152,9,14.5318400363104
23,153,6,-6.94275041960797
23,154,-12,-1.96882712984743
23,155,9,12.5724971085852
23,156,4,-14.861975881973
23,157,11,-9.65191098781877
23,158,-15,-21.003475824388
23,159,0,10.8897090451264
23,160,18,-1.99019727228643
24,1,8,8.91642041649061
24,2,19,-3.72789238450632
24,3,-6,-17.2575984861427
24,4,2,1.87353930810701
24,5,-22,-7.56665681126354
24,6,0,15.3654208871571
24,7,-4,-3.53063777900152
24,8,2,-1.9337678557179
24,9,3,-1.3993944264102
24,10,2,8.42865881785567
24,11,8,5.82259620802888
24,12,-8,-7.06928798644127
24,13,0,7.52145199622632
24,14,0,-14.1458527492307
24,15,14,-1.19629058893586
24,16,-14,-18.7781741913386
24,17,0,12.0852627632224
24,18,0,-1.42908622341775
24,19,4,5.54140566408469
24,20,-5,-9.31140696264784
24,21,5,7.82569280241071
24,22,1,-6.53754778281777
24,23,-10,7.20795355213198
24,24,15,19.7690583260961
24,25,-8,-5.97300424245924
24,26,11,5.49198045502344
24,27,-11,-16.8734247504205
24,28,-7,14.6248776925583
24,29,4,7.02118166651331
24,30,0,-5.6782450406373
24,31,0,0.479023663738641
24,32,-3,-0.26150336192696
24,33,3,10.009760736742
24,34,15,-0.101981067748346
24,35,-11,-10.9391203221659
24,36,-7,-1.70434235490159
24,37,-4,-0.263622531696941
24,38,-2,17.7980211137092
24,39,5,4.71606069357506
24,40,-8,8.7563761783569
24,41,1,10.4774131394804
24,42,-3,-2.43347648084916
24,43,18,8.80191314731988
24,44,-4,-11.1089132492187
24,45,-3,-7.23404840269591
24,46,2,1.91439624549058
24,47,3,7.92123896496506
24,48,6,6.78071420236895
24,49,15,-1.50985493521198
24,50,-17,-14.3147368891123
24,51,-6,-0.970936507194192
24,52,-3,-4.25663129634748
24,53,2,2.67301070846514
24,54,0,-4.16415844357957
24,55,3,11.9809116216157
24,56,-4,11.399827819637
24,57,0,16.2321399038834
24,58,4,-1.34782579740577
24,59,8,-3.74954032823628
24,60,3,-16.807140796779
24,61,-7,1.67187109566038
24,62,-6,16.8044275533747
24,63,-1,1.90683881968903
24,64,7,3.96073976691421
24,65,10,-9.72702728728659
24,66,-7,5.48578516306577
24,67,4,11.0336974038545
24,68,-4,-13.245781904109
24,69,4,7.41751266144694
24,70,-4,-14.7778829955257
24,71,4,0.630224742009271
24,72,-3,-14.0344520806425
24,73,-5,15.3777299900845
24,74,-12,14.3228920316722
24,75,5,6.71869528421789
24,76,4,-10.2211973079619
24,77,-4,4.28592041938668
24,78,15,9.04171923118208
24,79,-4,-5.97320589570464
24,80,0,10.7314654966351
24,81,-11,-9.84899061388446
24,82,1,-1.76562506223138
24,83,0,-4.86937217746144
24,84,7,10.474364880329
24,85,-1,-0.130667017704219
24,86,-6,7.28797372354136
24,87,-2,17.6568198794294
24,88,22,-0.112741213549129
24,89,2,-7.03288019082254
24,90,-15,3.3005052694241
24,91,3,9.91427655625522
24,92,-11,1.45349665331825
24,93,7,24.310534910386
24,94,-3,-15.5089162597508
24,95,-2,5.40094608781409
24,96,6,8.39254100040112
24,97,-4,-2.73899118618895
24,98,-3,8.33366503359387
24,99,7,-2.51892206570661
24,100,-4,0.0743821918417042
24,101,0,4.35378731262265
24,102,8,-3.5031830788736
24,103,-10,2.87198860324655
24,104,-10,-6.35587083840397
24,105,-12,12.875764571924
24,106,4,2.47122689596798
24,107,3,-7.30169412523156
24,108,13,-11.0609500679594
24,109,-4,-3.75246111131572
24,110,4,-7.07503859531747
24,111,-23,4.29474737135775
24,112,4,-5.93844476898344
24,113,0,-2.65204665355849
24,114,-7,6.10135177557761
24,115,4,15.2824896525551
24,116,-4,10.1171011345801
24,117,7,10.0562454557577
24,118,8,15.0347539230605
24,119,16,-11.705477314458
24,120,-18,-5.80353179980688
24,121,0,5.3549323864503
24,122,4,-4.65703050153682
24,123,16,-10.2267358652491
24,124,-1,-16.8850874339832
24,125,-13,-0.443223865672353
24,126,-4,14.0963514797117
24,127,11,14.6265051818563
24,128,-6,-10.9434736729135
24,129,-7,3.65234499902782
24,130,13,10.276261537961
24,131,2,-4.92530371634647
24,132,-15,-7.38031353691955
24,133,4,3.63143958904694
24,134,-4,4.53521387421152
24,135,-2,5.65619369056688
24,136,10,18.5982749223633
24,137,-3,-14.6888048352133
24,138,14,7.28535220984075
24,139,-6,-14.707198913802
24,140,-11,8.16987259577715
24,141,-5,10.2066821159246
24,142,11,8.19346167518996
24,143,-7,-8.32711903184325
24,144,-7,7.1693404821352
24,145,4,21.1056870562041
24,146,-9,-2.63491618906201
24,147,9,16.1026217108472
24,148,6,-6.48594035908818
24,149,-12,3.06303092425651
24,150,9,10.9435629628883
24,151,4,-8.46740236878472
24,152,11,-15.5241738141935
24,153,-15,-19.5257758687432
24,154,0,8.50872415419556
24,155,18,-3.27018373836399
24,156,4,-15.8128766227908
24,157,-29,-20.0408758657709
24,158,4,17.2987793289213
24,159,3,3.35940169695742
24,160,-10,-8.40591871399923
25,1,2,-5.23922055389007
25,2,-22,-4.94818174869314
25,3,0,11.5450362934237
25,4,-4,-1.18605227761617
25,5,2,4.96391340674835
25,6,3,-1.62664468200558
25,7,2,7.23122183482227
25,8,8,4.5771255710219
25,9,-8,-11.7934511060343
25,10,0,10.9147593361134
25,11,0,-8.41453799742534
25,12,14,0.674333807030514
25,13,-14,-19.7258531041694
25,14,0,19.0823550479904
25,15,0,1.09268341268558
25,16,4,8.21310295421426
25,17,-5,-14.0429352499511
25,18,5,17.1959629146154
25,19,1,-4.7709344755267
25,20,-10,6.93411295179901
25,21,15,21.5998045301812
25,22,-8,-12.5363158328055
25,23,11,15.2690279568171
25,24,-11,-17.1119216348589
25,25,-7,16.574302501571
25,26,4,8.68115732009468
25,27,0,-8.85222075615259
25,28,0,7.48748326844231
25,29,-3,2.91310641022149
25,30,3,10.4336205901088
25,31,15,-1.66666757500156
25,32,-11,-10.4916288309189
25,33,-7,9.29224030001162
25,34,-4,10.0318860625439
25,35,-2,10.557742484797
25,36,5,3.96309819591663
25,37,-8,13.3217681521857
25,38,1,21.7793712028896
25,39,-3,4.01458024102843
25,40,18,4.97637948462734
25,41,-4,-12.0524168802607
25,42,-3,3.04462264083457
25,43,2,5.16362373795489
25,44,3,9.70117945989243
25,45,6,4.24927803571585
25,46,15,-6.75764552029261
25,47,-17,-15.6611535014701
25,48,-6,15.4262974401127
25,49,-3,5.4707659397312
25,50,2,5.44605007888281
25,51,0,-2.18867741938745
25,52,3,16.8290715367825
25,53,-4,6.90439305995218
25,54,0,16.60219378554
25,55,4,2.77337069352779
25,56,8,-3.80413885908651
25,57,3,-19.8927743630438
25,58,-7,-0.37505858884855
25,59,-6,13.9813544924397
25,60,-1,12.7982487409546
25,61,7,5.25050048144088
25,62,10,-13.0861221402374
25,63,-7,2.25808684877945
25,64,4,15.5541966815473
25,65,-4,-17.4019683000112
25,66,4,5.75423907414728
25,67,-4,-18.5402621853623
25,68,4,15.8223851215448
25,69,-3,-18.1910179391095
25,70,-5,14.6710964326815
25,71,-12,11.903464959116
25,72,5,22.1428693175893
25,73,4,-14.9016271834494
25,74,-4,5.28333085182766
25,75,15,7.36166148973158
25,76,-4,-8.16268006531458
25,77,0,10.120413962167
25,78,-11,-2.65060414061365
25,79,1,7.14341625049787
25,80,0,-2.30693357869841
25,81,7,18.5940891785193
25,82,-1,-6.0678114556981
25,83,-6,10.5300260933728
25,84,-2,16.2313638127595
25,85,22,6.32206814980803
25,86,2,-10.360798531026
25,87,-15,-0.349985840582141
25,88,3,22.8842507938531
25,89,-11,-0.937875837674203
25,90,7,9.74284301649597
25,91,-3,-20.1062273969569
25,92,-2,10.3494207684817
25,93,6,4.22183351806219
25,94,-4,-7.36933155859957
25,95,-3,8.06258197320272
25,96,7,4.09045642590136
25,97,-4,-3.4119794442985
25,98,0,12.3481765702755
25,99,8,-0.675649907036256
25,100,-10,-1.01312663629403
25,101,-10,-11.6616907971021
25,102,-12,15.3997226811421
25,103,4,8.41949211607712
25,104,3,-11.3705484152727
25,105,13,-4.87511662167565
25,106,-4,-7.97504541771947
25,107,4,-12.6946219790828
25,108,-23,1.2044111341917
25,109,4,5.91660488443542
25,110,0,-6.32209141819973
25,111,-7,8.43823388338222
25,112,4,14.610966206588
25,113,-4,4.90529128065824
25,114,7,17.1178760923489
25,115,8,12.5863959409647
25,116,16,-17.371234052366
25,117,-18,-1.13676835439126
25,118,0,16.1556062718212
25,119,4,-4.67292166061544
25,120,16,-12.978426476933
25,121,-1,-17.4786917937859
25,122,-13,1.54498706512069
25,123,-4,20.3704233990047
25,124,11,10.6668985599643
25,125,-6,-9.42050763327159
25,126,-7,1.4565001994319
25,127,13,13.0139398379156
25,128,2,-6.12243358453299
25,129,-15,-4.64729879831083
25,130,4,8.19330621160931
25,131,-4,0.51392399414895
25,132,-2,17.9721889517011
25,133,10,11.8926755971928
25,134,-3,-11.8526853839808
25,135,14,2.7618864112265
25,136,-6,-15.2310568245389
25,137,-11,7.54301555844587
25,138,-5,21.2328882303111
25,139,11,14.1624737569861
25,140,-7,-11.4643295352759
25,141,-7,7.52847654121188
25,142,4,12.8671406969385
25,143,-9,-2.96087953136584
25,144,9,17.01085985871
25,145,6,-7.9495210462158
25,146,-12,0.813028112185514
25,147,9,20.777977123428
25,148,4,-11.574248688271
25,149,11,-12.6271558586694
25,150,-15,-21.1521954680546
25,151,0,9.80404544746216
25,152,18,-1.58206588398693
25,153,4,-15.5216064068956
25,154,-29,-20.8990798713956
25,155,4,24.2300439499979
25,156,3,-5.25120722728138
25,157,-10,-6.09978117091748
25,158,21,2.11396456999215
25,159,-11,-4.4666472941834
25,160,-7,7.74000705061392
26,1,2,9.30214200646662
26,2,3,-3.5046225740651
26,3,2,0.640317241210751
26,4,8,-7.23848657522886
26,5,-8,-12.8512455188741
26,6,0,12.3568792699731
26,7,0,-6.96601191250171
26,8,14,4.68434872376896
26,9,-14,-9.29309877408132
26,10,0,16.3783340648483
26,11,0,-2.50379702725351
26,12,4,2.65810685513621
26,13,-5,-1.82014752111997
26,14,5,12.4650456316284
26,15,1,-12.9648295641034
26,16,-10,3.01783855278563
26,17,15,19.1970085803938
26,18,-8,-12.2044091431601
26,19,11,9.77449189257375
26,20,-11,-8.36203077709471
26,21,-7,10.4999388217573
26,22,4,11.7465279214135
26,23,0,-1.16066856608044
26,24,0,0.555689730483541
26,25,-3,-7.92602782078691
26,26,3,10.2288358232986
26,27,15,-8.68597262435081
26,28,-11,-13.8610598672811
26,29,-7,-0.849596671120993
26,30,-4,1.3001193494246
26,31,-2,14.5866492372037
26,32,5,9.38938389588626
26,33,-8,13.2776368051084
26,34,1,10.746204379179
26,35,-3,-5.22728529208966
26,36,18,11.5607460045024
26,37,-4,-11.356362664427
26,38,-3,2.47810753391646
26,39,2,3.42822296496476
26,40,3,10.4693639055867
26,41,6,-0.592288810256942
26,42,15,-12.3211476550202
26,43,-17,-16.961635408912
26,44,-6,0.986051787427526
26,45,-3,1.12982055066204
26,46,2,4.70366473931092
26,47,0,-1.26215612680476
26,48,3,13.2377518384402
26,49,-4,-6.76077767042482
26,50,0,16.0040553019176
26,51,4,-7.25884752762913
26,52,8,-1.40520119951568
26,53,3,-6.37650327461141
26,54,-7,-9.20740395910621
26,55,-6,16.6682357346398
26,56,-1,2.58276666008355
26,57,7,11.5661239868737
26,58,10,7.59190887165215
26,59,-7,-0.760388631733996
26,60,4,18.9912749196597
26,61,-4,-15.3604951634383
26,62,4,10.9148008733802
26,63,-4,-9.46232872581571
26,64,4,18.0836913242822
26,65,-3,-8.39644716739663
26,66,-5,20.4327380793278
26,67,-12,14.1423934913298
26,68,5,13.9658885646174
26,69,4,1.3575191718483
26,70,-4,11.7170130281888
26,71,15,9.19029710036375
26,72,-4,-14.95754541791
26,73,0,15.440912390503
26,74,-11,-10.3826657088828
26,75,1,-3.79859444358977
26,76,0,-0.764020872641305
26,77,7,12.0375691181307
26,78,-1,-9.55554700457531
26,79,-6,3.96797859017346
26,80,-2,16.0135806390308
26,81,22,0.167920077442688
26,82,2,-3.08588532814357
26,83,-15,-4.9825223454846
26,84,3,10.7641487213473
26,85,-11,-4.44656331154589
26,86,7,19.2748451928592
26,87,-3,-10.5894764393756
26,88,-2,13.9018799933202
26,89,6,6.81295032385262
26,90,-4,-12.2985291698708
26,91,-3,12.2470206800557
26,92,7,11.733640573815
26,93,-4,-2.76223792418815
26,94,0,9.22390765593953
26,95,8,-6.61712051372801
26,96,-10,-2.35611847967222
26,97,-10,-5.27059142085596
26,98,-12,13.1763794220047
26,99,4,6.08451298274943
26,100,3,-1.55917379980226
26,101,13,1.32225914461873
26,102,-4,-6.34577905532811
26,103,4,-8.52231856821886
26,104,-23,-0.746465397826578
26,105,4,6.4942082618166
26,106,0,-10.5919081351059
26,107,-7,4.16534216576188
26,108,4,14.7132901079774
26,109,-4,-2.79875107308107
26,110,7,13.5656997533893
26,111,8,14.6125237099659
26,112,16,-9.24882610801145
26,113,-18,-1.31556431925476
26,114,0,1.33730279152308
26,115,4,-4.19538371276634
26,116,16,-4.67186921688074
26,117,-1,-13.4901767899665
26,118,-13,6.47382058571772
26,119,-4,10.6300579717571
26,120,11,8.83323528041837
26,121,-6,-8.31212134855399
26,122,-7,7.69923782743925
26,123,13,9.48968851066368
26,124,2,-5.68116930876907
26,125,-15,-17.1231158197311
26,126,4,9.24202189403634
26,127,-4,-1.34874003188481
26,128,-2,12.2153104236046
26,129,10,19.0046113095699
26,130,-3,-10.7303139657742
26,131,14,9.8938350627932
26,132,-6,-10.6989922087708
26,133,-11,13.0141883319644
26,134,-5,8.57030254073439
26,135,11,12.4308533948991
26,136,-7,-3.43302124915326
26,137,-7,15.7566409741771
26,138,4,13.2376763287423
26,139,-9,-2.57009270753068
26,140,9,13.8540788801391
26,141,6,-1.93589173688751
26,142,-12,-3.39607468813347
26,143,9,10.7519746716344
26,144,4,-9.34696718478233
26,145,11,-7.46745734642361
26,146,-15,-11.4971521471124
26,147,0,16.0937160284682
26,148,18,-3.11857054423591
26,149,4,-11.189802924232
26,150,-29,-20.6971620868552
26,151,4,23.1903083251629
26,152,3,-4.67860170761835
26,153,-10,-2.98851575295472
26,154,21,-0.260965950959291
26,155,-11,-0.70864159672856
26,156,-7,4.53273406694125
26,157,11,-2.74714109697148
26,158,0,0.473535385003687
26,159,-4,-4.68636278367621
26,160,7,20.4206574720431
27,1,2,7.83683376097886
27,2,8,-4.92667795610178
27,3,-8,-10.7362608180565
27,4,0,16.4559106361712
27,5,0,-8.90382075419306
27,6,14,9.23531508749512
27,7,-14,-5.56523251973499
27,8,0,17.9780109178415
27,9,0,-3.64769489549664
27,10,4,8.59672300820246
27,11,-5,-7.4988490089917
27,12,5,10.4249873095493
27,13,1,-13.7258710338152
27,14,-10,2.84888775944653
27,15,15,20.4967722127247
27,16,-8,-12.4187666391711
27,17,11,14.1060195428665
27,18,-11,-11.5429367951387
27,19,-7,18.1421636994102
27,20,4,11.3079153480613
27,21,0,-2.20496649085718
27,22,0,8.94038931159325
27,23,-3,-3.31424735121541
27,24,3,7.04243089199799
27,25,15,0.329436434747336
27,26,-11,-12.0531182892815
27,27,-7,8.53676638445621
27,28,-4,2.78393838864667
27,29,-2,11.6786370311539
27,30,5,13.9096192971549
27,31,-8,15.5085563874751
27,32,1,14.886784576403
27,33,-3,-5.70919686576025
27,34,18,11.3235182014623
27,35,-4,-10.1390765975612
27,36,-3,-0.185095816744982
27,37,2,-0.595861034091915
27,38,3,13.0110383578273
27,39,6,2.36710178107988
27,40,15,-11.9481092232514
27,41,-17,-13.7429186520753
27,42,-6,8.91493297736196
27,43,-3,2.96505632950316
27,44,2,10.7139125433961
27,45,0,1.07851888178895
27,46,3,16.6875424938737
27,47,-4,1.71687115889136
27,48,0,8.88439624176666
27,49,4,4.38732107075913
27,50,8,4.05178757581101
27,51,3,-2.08273685890204
27,52,-7,-11.176760244707
27,53,-6,10.2779368061931
27,54,-1,9.81624146365811
27,55,7,12.773647009423
27,56,10,0.723294867292367
27,57,-7,2.27217002589022
27,58,4,3.846316450027
27,59,-4,-15.3791494439426
27,60,4,12.0653825441903
27,61,-4,-15.2449391512227
27,62,4,16.5144468818972
27,63,-3,-12.382132632298
27,64,-5,12.4944338332247
27,65,-12,10.4213246055839
27,66,5,18.9292096918385
27,67,4,-0.491325612447389
27,68,-4,12.110746218885
27,69,15,8.36089494572558
27,70,-4,-14.9433920291254
27,71,0,5.88073563903036
27,72,-11,-11.0505122354789
27,73,1,12.5975897256254
27,74,0,-0.412621273101199
27,75,7,19.7204356849107
27,76,-1,-7.50677041712918
27,77,-6,10.5799022299211
27,78,-2,11.1467723839225
27,79,22,11.3182373315456
27,80,2,0.15271413505716
27,81,-15,-2.31287452272653
27,82,3,10.2577918860503
27,83,-11,-3.77179926522704
27,84,7,22.3233399409268
27,85,-3,-6.6058092664626
27,86,-2,13.4655805956899
27,87,6,0.919303126318801
27,88,-4,-15.1162431235268
27,89,-3,7.78687054329195
27,90,7,-0.383593220286855
27,91,-4,-9.09338363539803
27,92,0,9.55686131305055
27,93,8,-6.06059006063253
27,94,-10,-8.9818715369851
27,95,-10,-8.6797026825918
27,96,-12,10.2666085575003
27,97,4,10.5315087769868
27,98,3,-2.14733140583107
27,99,13,-1.14753998763067
27,100,-4,-5.9278834747401
27,101,4,-9.34029390390168
27,102,-23,-4.04284402948452
27,103,4,6.943197079072
27,104,0,-6.95895659059913
27,105,-7,12.6953250335682
27,106,4,15.924382778895
27,107,-4,2.99357717272465
27,108,7,17.0525811606774
27,109,8,16.8042637688604
27,110,16,-13.1544221246284
27,111,-18,6.16637190901924
27,112,0,8.64397442091601
27,113,4,-3.96359957048696
27,114,16,-2.97295914300882
27,115,-1,-8.65316577546923
27,116,-13,-2.6475670425402
27,117,-4,17.3830062379149
27,118,11,5.51229185870823
27,119,-6,-4.58856145796785
27,120,-7,1.47841072970944
27,121,13,7.92342422952146
27,122,2,-7.10922681576316
27,123,-15,-16.5657731812155
27,124,4,13.9400294241094
27,125,-4,-5.01584685372813
27,126,-2,13.7237520054522
27,127,10,11.1949729718359
27,128,-3,-13.3556807114778
27,129,14,0.674256837695263
27,130,-6,-13.2839852473868
27,131,-11,0.288073862074349
27,132,-5,15.3602821262336
27,133,11,14.1111385395488
27,134,-7,-3.16992673373141
27,135,-7,4.7843989921417
27,136,4,7.0174035204877
27,137,-9,0.377819719834586
27,138,9,19.5571072305497
27,139,6,-5.04696803039514
27,140,-12,-2.9473480612145
27,141,9,15.9424437103062
27,142,4,-14.2183756514265
27,143,11,-6.36133558183596
27,144,-15,-14.4457573645631
27,145,0,14.0169936731299
27,146,18,-3.72210284779323
27,147,4,-14.4149370011339
27,148,-29,-17.6774115683674
27,149,4,19.3411534379827
27,150,3,-8.72607936852962
27,151,-10,-3.70181722338563
27,152,21,11.6526938003572
27,153,-11,-5.56200347688556
27,154,-7,11.9633548759666
27,155,11,-4.14535048760174
27,156,0,-3.98560204262097
27,157,-4,-4.91192187088437
27,158,7,8.44439111083104
27,159,-14,-11.5309674049622
27,160,18,16.7226757324227
28,1,0,-11.4038886756215
28,2,14,7.28256949072876
28,3,-14,-6.76168312241756
28,4,0,20.7073187710632
28,5,0,-6.19164317454669
28,6,4,6.00262132763922
28,7,-5,-7.96300762490362
28,8,5,12.4382875000368
28,9,1,-12.9858624248249
28,10,-10,5.13253059796193
28,11,15,13.3794432706231
28,12,-8,-7.81586566146765
28,13,11,13.4422375588773
28,14,-11,-12.0940435686164
28,15,-7,14.5218036426518
28,16,4,11.6400767976299
28,17,0,-3.05735653609335
28,18,0,6.82601996147612
28,19,-3,-0.98759244503632
28,20,3,11.3711196299302
28,21,15,1.63022159031424
28,22,-11,-10.4330633712772
28,23,-7,4.77879849542623
28,24,-4,6.98481005364981
28,25,-2,10.866074932059
28,26,5,11.5383548153235
28,27,-8,15.2278612512587
28,28,1,16.4341342209493
28,29,-3,-5.54268861168909
28,30,18,10.9772418944713
28,31,-4,-6.93827409473808
28,32,-3,4.9071207457546
28,33,2,1.99494608002346
28,34,3,12.5807287911877
28,35,6,3.91825974905213
28,36,15,-6.89095403224395
28,37,-17,-12.0474953800484
28,38,-6,6.19399504833829
28,39,-3,2.645716843586
28,40,2,6.53109377448177
28,41,0,-4.86406810719839
28,42,3,16.6814341280427
28,43,-4,4.73233931500103
28,44,0,9.36710196827112
28,45,4,-2.70070046923221
28,46,8,5.7890405060908
28,47,3,-3.42804395620889
28,48,-7,-8.85083641398533
28,49,-6,16.5661286113367
28,50,-1,7.31982058285112
28,51,7,6.75729998633398
28,52,10,-0.40974076281661
28,53,-7,5.79057721392784
28,54,4,14.3659206568631
28,55,-4,-16.4509945785354
28,56,4,7.64901618241874
28,57,-4,-10.0189128967307
28,58,4,16.441046837931
28,59,-3,-5.6823109191702
28,60,-5,12.8155456149948
28,61,-12,9.24094796981593
28,62,5,20.785857524318
28,63,4,-3.27211766968498
28,64,-4,14.6345618954203
28,65,15,2.40762104921296
28,66,-4,-10.3597458506592
28,67,0,7.70010361071324
28,68,-11,-11.7985638536039
28,69,1,6.28452483405824
28,70,0,-2.71042364029316
28,71,7,21.271367842205
28,72,-1,-3.58698888172061
28,73,-6,6.22472057059075
28,74,-2,12.1487658643303
28,75,22,8.44238859428343
28,76,2,-4.73104235813388
28,77,-15,-1.25263060137323
28,78,3,11.4174740124369
28,79,-11,-1.127109691883
28,80,7,13.5750082577177
28,81,-3,-12.7516099832741
28,82,-2,14.6701844917163
28,83,6,7.36869657200799
28,84,-4,-1.11845240300052
28,85,-3,8.26772485090139
28,86,7,5.98708264637002
28,87,-4,-3.8479552030026
28,88,0,9.14881440654689
28,89,8,-3.6772180057056
28,90,-10,-3.11944553046444
28,91,-10,-8.03241833310162
28,92,-12,11.6400632104647
28,93,4,8.17787687345463
28,94,3,-4.01925936866724
28,95,13,3.14831530676651
28,96,-4,-8.17120979171771
28,97,4,-11.8015360832609
28,98,-23,-0.220756947394528
28,99,4,10.0518907147163
28,100,0,-8.91248403136694
28,101,-7,8.82017281243204
28,102,4,13.3693954629219
28,103,-4,7.96342989923553
28,104,7,13.9942354563784
28,105,8,12.3181803890565
28,106,16,-12.4925807260399
28,107,-18,3.33530831220681
28,108,0,9.42625238918473
28,109,4,-9.96151006336278
28,110,16,-3.16938460941381
28,111,-1,-10.9972604338922
28,112,-13,1.64605514258259
28,113,-4,16.9684919966785
28,114,11,5.20403043664363
28,115,-6,-5.94752966269007
28,116,-7,6.48590541343039
28,117,13,10.2877590928377
28,118,2,-8.32544102803131
28,119,-15,-12.5541732034809
28,120,4,12.9490778973148
28,121,-4,0.825849909378211
28,122,-2,13.4033425005065
28,123,10,11.4582129964109
28,124,-3,-7.88442606791315
28,125,14,4.42625758669699
28,126,-6,-13.4472380046064
28,127,-11,4.77306444116854
28,128,-5,15.4501419890307
28,129,11,10.2084772988194
28,130,-7,-6.14545630589121
28,131,-7,16.7252747059899
28,132,4,10.8751659771501
28,133,-9,3.67240537258721
28,134,9,13.6868142085377
28,135,6,-1.03592048909641
28,136,-12,0.455105192071476
28,137,9,13.5136142231882
28,138,4,-8.79688261164552
28,139,11,-5.91105119828762
28,140,-15,-14.5380248348974
28,141,0,12.3357851628368
28,142,18,-7.84888726347597
28,143,4,-12.6291573447161
28,144,-29,-17.614811339991
28,145,4,21.3878310112877
28,146,3,-2.63183897447738
28,147,-10,-3.92269460335823
28,148,21,6.47383480430478
28,149,-11,-3.57900948417873
28,150,-7,12.747279614942
28,151,11,2.39753111198211
28,152,0,-4.31308441945247
28,153,-4,-7.68440324421985
28,154,7,8.02366492533907
28,155,-14,-3.81529559743704
28,156,18,10.1856418654095
28,157,-7,-15.2935541151468
28,158,7,7.29450250266812
28,159,5,-11.1593770001552
28,160,-15,6.89073590835765
29,1,14,6.85408251106683
29,2,-14,-10.3131045830911
29,3,0,20.8155276057795
29,4,0,-2.34706178585996
29,5,4,13.0185085003713
29,6,-5,-5.41784182792222
29,7,5,13.0303979979426
29,8,1,-13.6335761636548
29,9,-10,6.91362034805698
29,10,15,20.0358595373309
29,11,-8,-14.1338991397254
29,12,11,10.1716602966044
29,13,-11,-11.0751511046774
29,14,-7,14.796651307608
29,15,4,14.9447537004768
29,16,0,-0.304536610188085
29,17,0,12.1457389787991
29,18,-3,-2.15042497749304
29,19,3,6.17437617082766
29,20,15,1.62442657941659
29,21,-11,-12.1702869499069
29,22,-7,9.32411703024672
29,23,-4,-1.03527620579433
29,24,-2,14.6101964610729
29,25,5,9.72741239763673
29,26,-8,15.62006287604
29,27,1,15.6388372484116
29,28,-3,0.782653609112768
29,29,18,9.91650887717197
29,30,-4,-15.7933349240314
29,31,-3,2.14847971143228
29,32,2,1.87375482823915
29,33,3,11.1492306200144
29,34,6,3.06165158158905
29,35,15,-7.42052124908172
29,36,-17,-12.865109839321
29,37,-6,14.0228991048876
29,38,-3,0.174492683864579
29,39,2,8.12338296802748
29,40,0,2.80246364979596
29,41,3,15.087711613584
29,42,-4,3.28157290088767
29,43,0,11.7500419471098
29,44,4,3.75315833413255
29,45,8,2.09927338283305
29,46,3,-6.92090578709428
29,47,-7,-5.68433358804494
29,48,-6,14.4004582297159
29,49,-1,10.4191657502652
29,50,7,8.57216835536934
29,51,10,-0.027877258038045
29,52,-7,4.57338024008778
29,53,4,9.88124600287231
29,54,-4,-16.9796556358808
29,55,4,8.32266369568793
29,56,-4,-13.3262753885389
29,57,4,12.6881324897655
29,58,-3,-11.5443110098389
29,59,-5,14.5485066098823
29,60,-12,8.67677731538633
29,61,5,19.7204986822756
29,62,4,-4.15032178686858
29,63,-4,12.1924486475729
29,64,15,3.96865526388491
29,65,-4,-14.4068302386338
29,66,0,11.6690859255415
29,67,-11,-10.6005653949324
29,68,1,12.452431139662
29,69,0,-0.0635821868342877
29,70,7,20.3422191740207
29,71,-1,-5.24720357763666
29,72,-6,7.590482073241
29,73,-2,9.72864706835829
29,74,22,7.69486944048784
29,75,2,-7.60161479069832
29,76,-15,3.35099675928571
29,77,3,13.3560668339153
29,78,-11,-1.55225636014707
29,79,7,17.4423107785862
29,80,-3,-11.1423889836802
29,81,-2,12.6807343511566
29,82,6,7.16694788616603
29,83,-4,-8.71794257801657
29,84,-3,6.6280563848455
29,85,7,-0.634657871943111
29,86,-4,-7.91148289697241
29,87,0,8.0697220085717
29,88,8,-1.64283625894509
29,89,-10,-2.62041470967217
29,90,-10,-7.47788508645974
29,91,-12,18.2554741894366
29,92,4,11.9712617807464
29,93,3,-1.92910915794094
29,94,13,3.68812008382263
29,95,-4,-9.13982403298762
29,96,4,-7.75871545874491
29,97,-23,4.50258378414173
29,98,4,2.10800080701012
29,99,0,-8.84187491634806
29,100,-7,15.4753894504379
29,101,4,7.50927544284549
29,102,-4,1.73264459272811
29,103,7,16.0006856393506
29,104,8,15.7430318650747
29,105,16,-16.2083815095937
29,106,-18,2.61202302180243
29,107,0,14.6177186668412
29,108,4,-8.89767858396722
29,109,16,-0.864090361323279
29,110,-1,-10.6171255405577
29,111,-13,-2.66034093469857
29,112,-4,17.5386876723651
29,113,11,9.29918854054118
29,114,-6,-9.29541956009703
29,115,-7,-2.3368780858879
29,116,13,7.00234589888683
29,117,2,-7.52625252854481
29,118,-15,-5.70363659510288
29,119,4,15.871104657014
29,120,-4,-2.80038440146216
29,121,-2,19.5191120448745
29,122,10,14.2678205801717
29,123,-3,-7.92025216481772
29,124,14,4.21419131237978
29,125,-6,-12.9120734058034
29,126,-11,5.23307816777453
29,127,-5,18.7411243953543
29,128,11,7.80724286971314
29,129,-7,-7.00645424596315
29,130,-7,6.62280526857521
29,131,4,8.21316813994173
29,132,-9,1.92270235745397
29,133,9,15.1807677960964
29,134,6,-4.19117469936456
29,135,-12,-0.423788709249183
29,136,9,18.7949324846003
29,137,4,-14.915815530853
29,138,11,-3.32493483945177
29,139,-15,-12.5549920718014
29,140,0,14.6126159946928
29,141,18,-6.08617931200631
29,142,4,-13.654575373515
29,143,-29,-15.665187997729
29,144,4,19.5587323134812
29,145,3,-7.35277416003271
29,146,-10,0.774071061886419
29,147,21,9.2470894771904
29,148,-11,-7.17428214497901
29,149,-7,13.4902894314247
29,150,11,-3.84091012190225
29,151,0,-7.45466199426457
29,152,-4,-5.85581539541688
29,153,7,10.5132602722875
29,154,-14,-8.24560835120048
29,155,18,17.0798092118395
29,156,-7,-15.090362089365
29,157,7,0.0802156677974007
29,158,5,-10.9645875201005
29,159,-15,3.55311810830997
29,160,3,11.8056712176503
30,1,0,-7.51261571887846
30,2,4,9.46891700541044
30,3,-5,-0.730444096855036
30,4,5,17.0636749374515
30,5,1,-8.55950937097354
30,6,-10,9.51293353489528
30,7,15,21.8065566566987
30,8,-8,-12.3567074753389
30,9,11,16.3184047929435
30,10,-11,-11.4763295627258
30,11,-7,18.1778938210398
30,12,4,9.58927509695546
30,13,0,1.56028825039159
30,14,0,4.59428161397142
30,15,-3,-6.88566120346184
30,16,3,15.3075085269563
30,17,15,-3.55231672872262
30,18,-11,-14.6117609574616
30,19,-7,9.1074302170625
30,20,-4,12.3527005774519
30,21,-2,15.7863411751779
30,22,5,7.87258938961566
30,23,-8,15.2144726968076
30,24,1,19.5864849728037
30,25,-3,-5.69354068886127
30,26,18,15.0122528096261
30,27,-4,-14.3543016995837
30,28,-3,2.96588718742831
30,29,2,2.36155955256266
30,30,3,16.085929552214
30,31,6,0.689379722241194
30,32,15,-7.58940682387374
30,33,-17,-15.6331300615811
30,34,-6,9.52243043683084
30,35,-3,3.13546174920537
30,36,2,13.0866153026322
30,37,0,0.407054352798721
30,38,3,14.741733943155
30,39,-4,0.60766116251464
30,40,0,16.9502567605795
30,41,4,-1.44463374220576
30,42,8,4.05461312164056
30,43,3,-12.34754728709
30,44,-7,-9.39269360308158
30,45,-6,14.8268468980666
30,46,-1,14.2955241726555
30,47,7,9.52110126670648
30,48,10,5.12364649559226
30,49,-7,-4.66684887371536
30,50,4,21.2003333819361
30,51,-4,-13.0823608718081
30,52,4,11.6846886416935
30,53,-4,-11.9203384885579
30,54,4,18.1088535581387
30,55,-3,-9.31114102373445
30,56,-5,19.0155533872699
30,57,-12,11.5227311020113
30,58,5,21.8755977220762
30,59,4,2.78459467259763
30,60,-4,15.1902291717638
30,61,15,5.18710552674232
30,62,-4,-12.8045012445681
30,63,0,13.5593003585449
30,64,-11,-10.7368481885163
30,65,1,5.34909975128572
30,66,0,0.607120786160823
30,67,7,16.6454883112352
30,68,-1,-7.47945773343627
30,69,-6,9.03997617037156
30,70,-2,14.1104451482623
30,71,22,11.3023299258959
30,72,2,-8.23556948887965
30,73,-15,0.974096663554762
30,74,3,13.6917552826379
30,75,-11,-2.61569526549757
30,76,7,16.4173576567353
30,77,-3,-12.8654010839158
30,78,-2,18.4144590913557
30,79,6,7.50530850007584
30,80,-4,-9.62122941485031
30,81,-3,10.3533909099043
30,82,7,10.4290949329849
30,83,-4,-1.79017573264785
30,84,0,15.8094938748664
30,85,8,-5.49596025467737
30,86,-10,-2.13723556044815
30,87,-10,-4.5303979554915
30,88,-12,14.9403947212885
30,89,4,5.9001802108172
30,90,3,0.645017680373149
30,91,13,1.80576928561262
30,92,-4,-9.64652258101346
30,93,4,-9.53855754633751
30,94,-23,5.68114307274958
30,95,4,7.09937373674543
30,96,0,-11.3866887337399
30,97,-7,7.90242896899869
30,98,4,14.328532773944
30,99,-4,-2.3909303031256
30,100,7,16.4049681376163
30,101,8,14.9711920811601
30,102,16,-16.330050883987
30,103,-18,5.63925773689773
30,104,0,7.02858766920906
30,105,4,-11.3515231442527
30,106,16,-2.5027670663417
30,107,-1,-12.1812274296183
30,108,-13,-0.62924691458744
30,109,-4,17.8978808984667
30,110,11,11.5390428586144
30,111,-6,-7.41113312612123
30,112,-7,5.84952000502241
30,113,13,15.9076994340336
30,114,2,-0.843236063922407
30,115,-15,-12.6668078544502
30,116,4,7.19064235193835
30,117,-4,-2.72731656180353
30,118,-2,18.2855363569103
30,119,10,12.0286004885933
30,120,-3,-11.917399107483
30,121,14,11.0302479760321
30,122,-6,-9.93793610969231
30,123,-11,13.4210358085184
30,124,-5,19.4559266408212
30,125,11,14.0779251603892
30,126,-7,-8.714685135478
30,127,-7,14.2407030558002
30,128,4,12.3771172691525
30,129,-9,5.8778914905186
30,130,9,14.1290586014067
30,131,6,-6.11297284273009
30,132,-12,3.89227047850339
30,133,9,17.1260749871243
30,134,4,-14.0851888827138
30,135,11,-3.45613657241877
30,136,-15,-10.9294227983056
30,137,0,13.9862029403152
30,138,18,-9.60276791418661
30,139,4,-5.89653420359589
30,140,-29,-17.4772097695526
30,141,4,23.0208880361391
30,142,3,-9.65579630014731
30,143,-10,-5.79937300354023
30,144,21,2.04687855012223
30,145,-11,-3.7600630238383
30,146,-7,6.26337141743413
30,147,11,-0.576862655185257
30,148,0,4.55386316795754
30,149,-4,-4.235061617834
30,150,7,14.1086918927218
30,151,-14,-11.0814010940996
30,152,18,16.7029133830781
30,153,-7,-17.0805335796903
30,154,7,1.75571119164257
30,155,5,-9.81481457755326
30,156,-15,13.2258316009661
30,157,3,10.1118338597457
30,158,3,-9.48478570773497
30,159,-18,-0.176231759575647
30,160,-1,9.89849108786941
31,1,-10,2.68947224366217
31,2,15,15.9910306284643
31,3,-8,-15.9899264491769
31,4,11,13.4286819841108
31,5,-11,-13.1366972120037
31,6,-7,10.1211654714633
31,7,4,13.2023363221119
31,8,0,-0.880317451844858
31,9,0,5.99882295181788
31,10,-3,-1.0153934321162
31,11,3,9.89641079454021
31,12,15,3.22800081481699
31,13,-11,-10.2489632220704
31,14,-7,6.54733651355812
31,15,-4,4.66147718874799
31,16,-2,15.6489342929695
31,17,5,4.65901203818565
31,18,-8,13.2352277451385
31,19,1,16.9599273817599
31,20,-3,-0.7963932030698
31,21,18,15.7608513722622
31,22,-4,-9.18082745720601
31,23,-3,4.04010926503075
31,24,2,8.00713359534097
31,25,3,14.062100836003
31,26,6,2.98535378286842
31,27,15,-11.2178977945731
31,28,-17,-14.7931016407744
31,29,-6,8.26902753508712
31,30,-3,3.6224562641645
31,31,2,9.48221656696653
31,32,0,1.48836427580571
31,33,3,15.1676265230513
31,34,-4,4.36287714432023
31,35,0,12.8958949424283
31,36,4,2.0267385779505
31,37,8,5.77157885793085
31,38,3,-6.38622057066208
31,39,-7,-6.7085807474866
31,40,-6,12.714600805809
31,41,-1,7.78142399479486
31,42,7,11.9328130932812
31,43,10,-3.31426760385163
31,44,-7,-1.25597217432182
31,45,4,9.03186711640202
31,46,-4,-20.4744826801161
31,47,4,12.6475075620199
31,48,-4,-12.547296802435
31,49,4,18.0682344481302
31,50,-3,-10.5071580036385
31,51,-5,9.01985887656795
31,52,-12,16.2036637808166
31,53,5,17.8742997457377
31,54,4,-2.44828967115815
31,55,-4,13.2277066568607
31,56,15,7.62711268442447
31,57,-4,-16.8353215633847
31,58,0,9.431632048909
31,59,-11,-7.51142508655514
31,60,1,1.29080301118831
31,61,0,1.46102799587549
31,62,7,16.7606687846937
31,63,-1,-7.00446087210506
31,64,-6,5.77575655933601
31,65,-2,18.3768223326101
31,66,22,5.04602403702019
31,67,2,-2.4058946531659
31,68,-15,3.4763212252481
31,69,3,11.5363454673892
31,70,-11,-5.44775653282823
31,71,7,17.557308109775
31,72,-3,-10.6789920804228
31,73,-2,13.8647911930832
31,74,6,1.39754238265562
31,75,-4,-13.4817040895358
31,76,-3,13.7634509215462
31,77,7,11.8428518007374
31,78,-4,-10.0446937041626
31,79,0,9.06927878128154
31,80,8,-0.614002272177561
31,81,-10,-10.6101138763444
31,82,-10,-7.93464077245973
31,83,-12,10.1082133403703
31,84,4,11.5131210595322
31,85,3,-1.05667514993086
31,86,13,1.18199023492773
31,87,-4,-10.1218164224247
31,88,4,-10.0576143730455
31,89,-23,-2.3582752631454
31,90,4,11.7764992438849
31,91,0,-7.45974068407135
31,92,-7,11.3755246696055
31,93,4,14.1015491020105
31,94,-4,4.26851661843042
31,95,7,14.8353201235142
31,96,8,15.931743037372
31,97,16,-11.651912779098
31,98,-18,-0.441525226071928
31,99,0,10.3365541987984
31,100,4,-13.9521410931879
31,101,16,-3.01315925508126
31,102,-1,-9.47328703574911
31,103,-13,-3.17254930666244
31,104,-4,16.9940349336761
31,105,11,4.94661159557206
31,106,-6,-7.72536934610836
31,107,-7,-0.0862524684519351
31,108,13,10.3341398955114
31,109,2,-9.62797003090093
31,110,-15,-14.0539821511265
31,111,4,16.6777438097585
31,112,-4,-5.21625199021912
31,113,-2,14.261866741264
31,114,10,18.4971509104002
31,115,-3,-13.4768935549567
31,116,14,8.56896492782278
31,117,-6,-12.9178510567079
31,118,-11,4.50942374608447
31,119,-5,17.8750570889236
31,120,11,12.7872872305937
31,121,-7,-4.67341384789122
31,122,-7,1.7567047306508
31,123,4,11.3765918308712
31,124,-9,0.31059471234858
31,125,9,19.3641255900488
31,126,6,-5.88955523570872
31,127,-12,-1.67821222924123
31,128,9,15.7765389843139
31,129,4,-17.120307744128
31,130,11,-7.2538050276916
31,131,-15,-14.9648364180875
31,132,0,16.6122907394062
31,133,18,-11.6684167903616
31,134,4,-15.4316729784021
31,135,-29,-18.0954212042879
31,136,4,21.2486836770968
31,137,3,-10.0384826056396
31,138,-10,-1.34520966481904
31,139,21,2.84948945989945
31,140,-11,-7.99972877539796
31,141,-7,6.54015750495315
31,142,11,4.12153748038654
31,143,0,-5.06461998098946
31,144,-4,-5.74882423877426
31,145,7,15.0518066870419
31,146,-14,-11.736596593286
31,147,18,15.3812768262603
31,148,-7,-16.4472601338949
31,149,7,2.75054271119097
31,150,5,-14.2249538512296
31,151,-15,-1.18508446343358
31,152,3,11.94164777792
31,153,3,-10.578431614884
31,154,-18,-0.829835865476663
31,155,-1,5.67106216597553
31,156,9,6.08455056298483
31,157,11,-1.68727789446022
31,158,4,-14.7394811529394
31,159,-15,-7.5637919363393
31,160,11,14.0592602940783
32,1,3,18.2524906501721
32,2,15,-0.753239917577303
32,3,-11,-12.6990609924249
32,4,-7,4.30781796635742
32,5,-4,20.04092087456
32,6,-2,18.0364860960151
32,7,5,12.0489261824501
32,8,-8,9.71491287977387
32,9,1,17.2921749824846
32,10,-3,-3.89395144316097
32,11,18,14.1800927482561
32,12,-4,-13.0417731198502
32,13,-3,0.941247021732112
32,14,2,17.6406147936519
32,15,3,10.8991282109962
32,16,6,-1.05213569270561
32,17,15,-10.5883994369508
32,18,-17,-13.1569639281653
32,19,-6,6.41540621586245
32,20,-3,11.1063789394447
32,21,2,12.5832501246042
32,22,0,0.689669997283399
32,23,3,12.7428523957303
32,24,-4,1.28268614203737
32,25,0,16.1975282114303
32,26,4,-2.83527264235872
32,27,8,4.46846856311069
32,28,3,-9.99956332152883
32,29,-7,-10.7442560938419
32,30,-6,19.1138102622448
32,31,-1,14.7134019052135
32,32,7,11.4049205192864
32,33,10,-1.14858021812432
32,34,-7,-0.289616507660906
32,35,4,16.5442622993138
32,36,-4,-15.0205917379795
32,37,4,8.98471210354404
32,38,-4,-11.2392014804481
32,39,4,20.9055488274637
32,40,-3,-5.96120634939806
32,41,-5,18.3972463391807
32,42,-12,14.9118384487055
32,43,5,21.9257875354516
32,44,4,-1.71237803966121
32,45,-4,13.0202098885052
32,46,15,7.85328890081279
32,47,-4,-15.9055804957956
32,48,0,4.5438815532386
32,49,-11,-11.7651882924041
32,50,1,1.6336779655055
32,51,0,1.44947055515766
32,52,7,19.2608037956475
32,53,-1,-5.06594057409331
32,54,-6,5.14690850910963
32,55,-2,16.1365579571545
32,56,22,13.1443994776919
32,57,2,-9.10785779779368
32,58,-15,2.20924330572801
32,59,3,20.8607412505856
32,60,-11,-0.546216566511673
32,61,7,13.5114214265104
32,62,-3,-9.54671267084652
32,63,-2,18.7075596076085
32,64,6,12.3817538814904
32,65,-4,-9.58880213107941
32,66,-3,11.33329933139
32,67,7,18.9024042164851
32,68,-4,-5.17624374976921
32,69,0,12.397401909475
32,70,8,-8.10501298781112
32,71,-10,-4.87023925821975
32,72,-10,-8.15970615917261
32,73,-12,6.66625863481325
32,74,4,9.75478399703534
32,75,3,-1.4431529751023
32,76,13,1.61027991367304
32,77,-4,-7.91781646542659
32,78,4,-9.487722085295
32,79,-23,-0.844886239065666
32,80,4,10.7390639747846
32,81,0,-9.4970189929552
32,82,-7,8.5022159963355
32,83,4,15.5746725743853
32,84,-4,1.9391548010385
32,85,7,16.613369563815
32,86,8,12.7414654258261
32,87,16,-15.2001669568314
32,88,-18,-2.95449373491784
32,89,0,3.67491640303117
32,90,4,-11.5594003960472
32,91,16,-1.95287907513322
32,92,-1,-11.2139878491372
32,93,-13,-0.214421013414262
32,94,-4,21.1087093773438
32,95,11,12.5749206704561
32,96,-6,-9.70359657338732
32,97,-7,3.72098700367634
32,98,13,20.9391996946825
32,99,2,-3.97971649911974
32,100,-15,-12.0082060442848
32,101,4,13.061009481899
32,102,-4,-2.85012633057827
32,103,-2,15.2975317451338
32,104,10,20.2231334346304
32,105,-3,-12.6763230915151
32,106,14,11.6807410610435
32,107,-6,-11.6861248192253
32,108,-11,3.23195193000091
32,109,-5,20.768945495659
32,110,11,7.5655553481918
32,111,-7,-7.9295059154789
32,112,-7,12.2079951235182
32,113,4,19.5640120158656
32,114,-9,4.17684341821434
32,115,9,13.7070246405276
32,116,6,-4.04001208421319
32,117,-12,1.1262243189634
32,118,9,15.4155896659258
32,119,4,-9.08709790608006
32,120,11,-5.58453563815214
32,121,-15,-12.9406246543581
32,122,0,5.72175932830676
32,123,18,-9.7818941743397
32,124,4,-13.1064824106124
32,125,-29,-16.6941326418901
32,126,4,22.4115727949988
32,127,3,-7.22452477652874
32,128,-10,-0.838350866056337
32,129,21,2.54776548086013
32,130,-11,-5.15599846489039
32,131,-7,2.64001850700109
32,132,11,-3.0251158324419
32,133,0,1.68344926446796
32,134,-4,-6.73562003503083
32,135,7,20.930979665168
32,136,-14,-6.72657801007151
32,137,18,12.3269245372595
32,138,-7,-10.0121109505603
32,139,7,3.07928616352021
32,140,5,-8.38432707975824
32,141,-15,3.21076698774831
32,142,3,13.3352095039828
32,143,3,-9.57346699851259
32,144,-18,-1.41628919945188
32,145,-1,5.8878080969877
32,146,9,3.47748266053383
32,147,11,-7.79175616887609
32,148,4,-14.05675636928
32,149,-15,-8.2510536235756
32,150,11,17.3004478683786
32,151,-4,-10.7881304526492
32,152,-1,12.7111627359756
32,153,-2,-13.3386819655926
32,154,0,13.6945669587381
32,155,2,1.58365879905852
32,156,1,9.24092288267783
32,157,-3,1.25394457097504
32,158,0,14.6730513254908
32,159,0,0.160438568016561
32,160,0,11.38182678901
33,1,15,3.0568052377121
33,2,-11,-9.64601258581855
33,3,-7,3.66167932260842
33,4,-4,13.1040428076516
33,5,-2,15.136336526705
33,6,5,11.0016044075497
33,7,-8,5.92914690982727
33,8,1,14.0447852734781
33,9,-3,-4.58854465100885
33,10,18,10.0770256600375
33,11,-4,-15.5045969348574
33,12,-3,1.11920905651293
33,13,2,11.1349916139267
33,14,3,12.6444377423053
33,15,6,4.26843260849254
33,16,15,-5.48714616094994
33,17,-17,-13.1896582239579
33,18,-6,5.59661606301317
33,19,-3,12.079277702916
33,20,2,12.2957385777933
33,21,0,-4.7774898463292
33,22,3,14.6117173021482
33,23,-4,7.23710124201883
33,24,0,8.47166868833816
33,25,4,3.0676212095628
33,26,8,1.58752817598918
33,27,3,-10.7069379365829
33,28,-7,-4.51688354250941
33,29,-6,12.3046908879553
33,30,-1,14.1727046735839
33,31,7,7.74120048627872
33,32,10,-1.57135291269043
33,33,-7,2.30540615207766
33,34,4,8.66473803617775
33,35,-4,-17.0644802382153
33,36,4,7.65044361753853
33,37,-4,-8.61494056904944
33,38,4,16.1840846037752
33,39,-3,-3.50806587685438
33,40,-5,5.48812335265781
33,41,-12,13.9029812104098
33,42,5,20.7857400896888
33,43,4,-13.4232589824011
33,44,-4,13.8937462978486
33,45,15,5.47955122915351
33,46,-4,-14.925607211475
33,47,0,8.24068035059114
33,48,-11,-12.235588540399
33,49,1,9.25445738321087
33,50,0,-0.331441611291704
33,51,7,19.2049637140483
33,52,-1,-5.03002024998149
33,53,-6,5.87390331144428
33,54,-2,14.7585480559038
33,55,22,9.81948729673054
33,56,2,-8.70041950914955
33,57,-15,-2.61261477002636
33,58,3,17.4544517633374
33,59,-11,0.22587965049241
33,60,7,11.5292339598174
33,61,-3,-12.3484103158679
33,62,-2,15.0679584374404
33,63,6,6.51160303734242
33,64,-4,-11.2759198941084
33,65,-3,9.46202207404662
33,66,7,10.4884337096665
33,67,-4,-9.17074049300493
33,68,0,9.6341233897827
33,69,8,-6.80718556210422
33,70,-10,-7.64716562599798
33,71,-10,-2.29438896748757
33,72,-12,6.84865851986566
33,73,4,13.3260085077328
33,74,3,-0.197286723569728
33,75,13,5.12296239413992
33,76,-4,-8.90557885994903
33,77,4,-8.91139053024192
33,78,-23,-3.85441129700795
33,79,4,11.7844956371019
33,80,0,-4.58383270910609
33,81,-7,10.5568306206827
33,82,4,15.3205047528993
33,83,-4,2.76503039477075
33,84,7,16.3529504010761
33,85,8,13.9258041949628
33,86,16,-15.1941580535762
33,87,-18,0.565743516077712
33,88,0,6.98639967515484
33,89,4,-13.8103316353355
33,90,16,-0.734598238475396
33,91,-1,-15.0212256816492
33,92,-13,0.499164805912033
33,93,-4,18.6775947959601
33,94,11,10.1326537419488
33,95,-6,-6.85691744432768
33,96,-7,-2.08139374931111
33,97,13,14.6422536010496
33,98,2,-2.81371682151478
33,99,-15,-12.0609703578871
33,100,4,13.4347610680177
33,101,-4,-1.25588784597847
33,102,-2,15.351106228874
33,103,10,14.1667843067879
33,104,-3,-12.4102521831952
33,105,14,5.03781921384942
33,106,-6,-10.9866110365963
33,107,-11,5.47195863641397
33,108,-5,21.9910864614398
33,109,11,14.9638760927698
33,110,-7,-6.1910844675829
33,111,-7,7.44144269648856
33,112,4,13.1076486643496
33,113,-9,4.28875694742276
33,114,9,16.0177441632811
33,115,6,-2.76077711915837
33,116,-12,-4.66100695664654
33,117,9,15.0330375987472
33,118,4,-12.579129588396
33,119,11,-11.5569830522407
33,120,-15,-13.2716927579894
33,121,0,10.5650494423574
33,122,18,-8.02632118698813
33,123,4,-4.21307561970882
33,124,-29,-18.7392368302773
33,125,4,19.4011287196542
33,126,3,-6.19791406722231
33,127,-10,-0.104677780963817
33,128,21,3.00333794979398
33,129,-11,-8.14933481886133
33,130,-7,7.51580403536432
33,131,11,-0.152352969788179
33,132,0,2.64418225596522
33,133,-4,-9.59811131267875
33,134,7,16.9577651945053
33,135,-14,-7.87544609729882
33,136,18,15.1777628998911
33,137,-7,-14.8730105762307
33,138,7,1.05770887504679
33,139,5,-11.7841171429934
33,140,-15,6.82748644019159
33,141,3,9.40217896733046
33,142,3,-8.87967329629873
33,143,-18,-0.263542299849255
33,144,-1,4.81806162501173
33,145,9,6.2107886677075
33,146,11,-3.96329157193212
33,147,4,-11.883756204045
33,148,-15,-10.0802771024315
33,149,11,16.4417899927815
33,150,-4,-12.001592667112
33,151,-1,13.6060291863911
33,152,-2,-12.9232853014592
33,153,0,11.2305814443801
33,154,2,3.61672667567905
33,155,1,10.4906048948014
33,156,-3,5.91907164624044
33,157,0,6.60438762902946
33,158,0,6.17349826764503
33,159,0,8.13760846570488
33,160,0,9.0694432177331
34,1,-11,-16.0668242233269
34,2,-7,11.5913244008083
34,3,-4,1.03725063600034
34,4,-2,11.2969550743774
34,5,5,12.6550770314012
34,6,-8,8.98995051689112
34,7,1,15.086432983517
34,8,-3,-0.169733817563959
34,9,18,12.8518513515817
34,10,-4,-14.3559183112211
34,11,-3,4.60980195132184
34,12,2,1.07120130997493
34,13,3,3.43158507248446
34,14,6,-1.78357813232415
34,15,15,-12.7729984476782
34,16,-17,-16.4565713754216
34,17,-6,13.5702350478578
34,18,-3,0.319096726568397
34,19,2,9.6850941984233
34,20,0,-1.51701635803377
34,21,3,14.5506620023989
34,22,-4,-4.37459586938463
34,23,0,12.7604177394312
34,24,4,8.54493252576008
34,25,8,-6.72976950192177
34,26,3,-8.62613447891387
34,27,-7,-10.4283609669663
34,28,-6,14.0154652735728
34,29,-1,10.3287016773819
34,30,7,13.9957565203574
34,31,10,-5.23210137053133
34,32,-7,-4.49592268856961
34,33,4,8.4125136394572
34,34,-4,-18.6812630757301
34,35,4,9.85228887412695
34,36,-4,-14.1524144044866
34,37,4,15.6166053962738
34,38,-3,-15.6955753632315
34,39,-5,9.24049464423702
34,40,-12,14.0819643675174
34,41,5,21.1166857573143
34,42,4,-8.80016476692656
34,43,-4,-3.03262317555633
34,44,15,11.7311631200542
34,45,-4,-16.7805706254814
34,46,0,9.65092334007764
34,47,-11,-10.3382702453287
34,48,1,15.763835050401
34,49,0,3.72074540981343
34,50,7,20.224902277523
34,51,-1,-12.6596887257947
34,52,-6,6.63923688193649
34,53,-2,16.5443741405012
34,54,22,7.85526471692876
34,55,2,-9.95321716526459
34,56,-15,-1.07166400061068
34,57,3,15.2328694094364
34,58,-11,-11.6191001694012
34,59,7,18.5234574834026
34,60,-3,-10.0386494941576
34,61,-2,12.7168644235943
34,62,6,5.43435138256419
34,63,-4,-17.0272344644335
34,64,-3,13.270957308578
34,65,7,3.42692342747546
34,66,-4,-10.1507948443154
34,67,0,8.26919132887875
34,68,8,-0.801437573180832
34,69,-10,-8.58115555766605
34,70,-10,-6.47069997991074
34,71,-12,16.5021932321535
34,72,4,15.7759591476972
34,73,3,-6.6122945529121
34,74,13,-3.95381958392179
34,75,-4,-6.93217213226221
34,76,4,-7.11254668657844
34,77,-23,-4.86301820436667
34,78,4,9.98448159847413
34,79,0,-16.033720848403
34,80,-7,11.6222645903285
34,81,4,16.6120868329609
34,82,-4,-6.87132102098965
34,83,7,16.0887282450495
34,84,8,15.6645885506015
34,85,16,-16.4521506214759
34,86,-18,-1.24421990058057
34,87,0,15.5529238094449
34,88,4,-10.7741024957501
34,89,16,-1.80071696732382
34,90,-1,-14.3633341336482
34,91,-13,3.70293154944163
34,92,-4,19.672492152841
34,93,11,9.08064603208907
34,94,-6,-12.4443534644892
34,95,-7,-2.96212567686459
34,96,13,4.98040266384987
34,97,2,-5.56351239079606
34,98,-15,-11.1398309878318
34,99,4,19.4738147930344
34,100,-4,-12.0634488802929
34,101,-2,17.9784346749659
34,102,10,16.4482142571045
34,103,-3,-13.4291739026404
34,104,14,7.24967455386025
34,105,-6,-11.7202583376682
34,106,-11,5.45842175414059
34,107,-5,18.5668297457637
34,108,11,13.5080531122127
34,109,-7,-9.28968452171303
34,110,-7,11.8526790238217
34,111,4,6.58022909097165
34,112,-9,-6.40978432066031
34,113,9,15.7326806594719
34,114,6,-1.63726044752425
34,115,-12,-4.30896697911179
34,116,9,16.7999305395786
34,117,4,-16.6399937518482
34,118,11,-9.82961823042328
34,119,-15,-12.5206601666852
34,120,0,20.2618447816422
34,121,18,-5.0518695403459
34,122,4,-14.9934641653772
34,123,-29,-19.2558443173426
34,124,4,23.4596307373589
34,125,3,-11.2843154510586
34,126,-10,4.2293612264149
34,127,21,1.69944212467909
34,128,-11,-4.19367622790373
34,129,-7,14.0916710274207
34,130,11,-5.8509748968972
34,131,0,-5.55368614040265
34,132,-4,-5.30493692867241
34,133,7,7.67587623146682
34,134,-14,-10.7799639080046
34,135,18,16.0005610094337
34,136,-7,-15.4766541686484
34,137,7,2.09456036194143
34,138,5,-12.6755541339711
34,139,-15,-6.65716910395851
34,140,3,18.128506887269
34,141,3,-11.5076291333693
34,142,-18,-3.92517284695306
34,143,-1,11.0758124984614
34,144,9,8.75796833880235
34,145,11,1.642371837907
34,146,4,-15.7789907175418
34,147,-15,-15.3414359911705
34,148,11,20.8810137127749
34,149,-4,-19.4477653057837
34,150,-1,9.12283514691262
34,151,-2,-6.17934317445068
34,152,0,9.75522750239179
34,153,2,10.7452689858916
34,154,1,-3.18375487295536
34,155,-3,7.02312888563225
34,156,0,2.94580258554903
34,157,0,9.90147944406802
34,158,0,10.386057417377
34,159,0,12.4991416837992
34,160,-4,11.2344165673161
35,1,-7,7.25669806894886
35,2,-4,6.55990079603535
35,3,-2,21.5402673153259
35,4,5,13.1448919976073
35,5,-8,-10.745052198673
35,6,1,13.9207415663888
35,7,-3,1.97607154098353
35,8,18,6.4572694671157
35,9,-4,-7.04878649694968
35,10,-3,1.7140677638344
35,11,2,-1.38834446531286
35,12,3,7.21439645553411
35,13,6,-1.99321213767383
35,14,15,-11.1890363068908
35,15,-17,-15.521225461595
35,16,-6,13.1669531137423
35,17,-3,2.57822061387321
35,18,2,12.02584347337
35,19,0,3.65952258718789
35,20,3,14.594141972704
35,21,-4,2.6990721674934
35,22,0,10.03416616454
35,23,4,2.65435817021332
35,24,8,-7.19149886154058
35,25,3,-15.6150672374762
35,26,-7,0.359282874195742
35,27,-6,17.1058878310953
35,28,-1,15.8210575091578
35,29,7,14.4784030629591
35,30,10,-11.3318186188055
35,31,-7,-11.4863134272696
35,32,4,11.5003015194654
35,33,-4,-18.8649976716203
35,34,4,7.03002262351777
35,35,-4,-12.4481652790845
35,36,4,12.231772197374
35,37,-3,-13.7321730371153
35,38,-5,11.8220322930514
35,39,-12,6.89396305863647
35,40,5,16.1918227687588
35,41,4,-8.88731353500851
35,42,-4,9.35607630576252
35,43,15,11.4316337941818
35,44,-4,-16.0317535728892
35,45,0,14.1981986683142
35,46,-11,-8.18747547334392
35,47,1,2.30730562461624
35,48,0,2.51187071390532
35,49,7,20.5338603555666
35,50,-1,-9.97261108151805
35,51,-6,4.84449466884155
35,52,-2,16.6300582172284
35,53,22,11.2796395113929
35,54,2,-5.20632017453154
35,55,-15,-1.64500397765171
35,56,3,12.0742454180938
35,57,-11,-2.59834991781608
35,58,7,18.1594395960559
35,59,-3,-18.0623042216355
35,60,-2,9.27060328730659
35,61,6,4.67026407919776
35,62,-4,-17.1588541897445
35,63,-3,5.8794243910955
35,64,7,0.319347625806078
35,65,-4,-13.4153925411891
35,66,0,7.08906293396661
35,67,8,5.3006919464159
35,68,-10,-18.0643357872999
35,69,-10,-8.98447302240466
35,70,-12,9.95192429856394
35,71,4,4.309740985302
35,72,3,-3.7882376169434
35,73,13,6.41335788863605
35,74,-4,-4.00964551904437
35,75,4,-14.6349332102434
35,76,-23,-3.03936398389164
35,77,4,2.34013238876327
35,78,0,-14.4085103455918
35,79,-7,11.6753043846707
35,80,4,7.00214130868437
35,81,-4,-13.0368394915377
35,82,7,18.3310556731112
35,83,8,11.0751082115163
35,84,16,-13.7890792423204
35,85,-18,2.10324728727912
35,86,0,10.0311554806784
35,87,4,-5.06547803583329
35,88,16,-4.71023665779079
35,89,-1,-18.4828419240298
35,90,-13,1.12406393296653
35,91,-4,11.0971935978842
35,92,11,11.163835917909
35,93,-6,-4.19814127832515
35,94,-7,2.8842592765925
35,95,13,8.49572358598287
35,96,2,-3.67803066375843
35,97,-15,-4.58711978671933
35,98,4,5.03422101642104
35,99,-4,-7.47734837852102
35,100,-2,10.3646546227019
35,101,10,16.6475843640848
35,102,-3,-12.5918782859564
35,103,14,1.24154148053169
35,104,-6,-8.97885294716501
35,105,-11,14.6051741431586
35,106,-5,14.5394291585661
35,107,11,17.1927874550576
35,108,-7,-6.21713730636158
35,109,-7,8.59988838205363
35,110,4,13.2518325644279
35,111,-9,1.88277733854866
35,112,9,7.37766996556184
35,113,6,-14.0658971546679
35,114,-12,-0.920227840660067
35,115,9,10.8615143432035
35,116,4,-11.046135430592
35,117,11,-9.83214359988149
35,118,-15,-19.462418722089
35,119,0,5.3209474348669
35,120,18,-2.18694077948085
35,121,4,-11.2799013318836
35,122,-29,-14.8924945831839
35,123,4,16.8311581566444
35,124,3,-7.8702009746423
35,125,-10,3.74052923479369
35,126,21,-0.364032054440641
35,127,-11,-4.22024338883726
35,128,-7,4.17070579488948
35,129,11,1.4320870936306
35,130,0,0.96975944178681
35,131,-4,-6.52944215533286
35,132,7,13.2088542773209
35,133,-14,-12.7580344598126
35,134,18,10.0066069925413
35,135,-7,-15.3824997620184
35,136,7,-0.554428579373407
35,137,5,-11.6221787055444
35,138,-15,2.37504813275683
35,139,3,10.8002671707982
35,140,3,-6.31189715674047
35,141,-18,2.43164114480575
35,142,-1,7.24235873586545
35,143,9,5.88210223922957
35,144,11,3.28766319166199
35,145,4,-19.9024556949906
35,146,-15,-10.8201714490004
35,147,11,11.3695437811306
35,148,-4,-13.4600350315691
35,149,-1,14.1303349534074
35,150,-2,-4.99459999362801
35,151,0,10.960047058885
35,152,2,8.46756040327794
35,153,1,8.19129644415835
35,154,-3,2.77956219595078
35,155,0,0.601637793315997
35,156,0,10.7478367544644
35,157,0,12.5059435950576
35,158,0,13.0961740030301
35,159,-4,13.3456808818765
35,160,0,18.7095137540349
36,1,-4,-2.4103158650159
36,2,-2,21.9710217020562
36,3,5,3.62521146295382
36,4,-8,-6.42515478206431
36,5,1,2.18687380118945
36,6,-3,-0.13561275152558
36,7,18,8.99046338110811
36,8,-4,-15.2334627011089
36,9,-3,-5.05931505661229
36,10,2,-6.42195122401691
36,11,3,3.29429182927822
36,12,6,-1.23082942244379
36,13,15,-9.69025867187366
36,14,-17,-16.7692602363825
36,15,-6,-3.01980776251795
36,16,-3,-4.56644683115763
36,17,2,6.09357210546668
36,18,0,4.4124199600932
36,19,3,17.0300320840706
36,20,-4,8.42997603569721
36,21,0,14.3028951199881
36,22,4,5.3439120439324
36,23,8,-8.41167426168657
36,24,3,-13.524402297217
36,25,-7,-7.25445911383296
36,26,-6,18.5211986453783
36,27,-1,0.921805134267029
36,28,7,19.1439161938605
36,29,10,-5.9016268603341
36,30,-7,-4.26110357742872
36,31,4,18.14598666298
36,32,-4,-17.5461350760392
36,33,4,15.566016679271
36,34,-4,-14.4518565569934
36,35,4,4.09736783635643
36,36,-3,-3.90045009286771
36,37,-5,18.0896180211534
36,38,-12,16.753337615282
36,39,5,0.262013607129477
36,40,4,-8.91188986287636
36,41,-4,10.4949418592663
36,42,15,17.6977719903767
36,43,-4,-18.4239128344769
36,44,0,20.3889431886683
36,45,-11,-9.25432558890762
36,46,1,-0.40753363928622
36,47,0,-2.17600985978669
36,48,7,21.0209365205999
36,49,-1,-9.71824402588242
36,50,-6,0.79772531296619
36,51,-2,20.1315780612298
36,52,22,-0.385021434867494
36,53,2,-9.36375050968615
36,54,-15,-3.65142098180926
36,55,3,13.7055401499926
36,56,-11,-1.47993874594699
36,57,7,19.1999116998219
36,58,-3,-13.1021461812346
36,59,-2,7.30637649299196
36,60,6,-3.82690546095918
36,61,-4,-13.6834727431806
36,62,-3,13.6093106651861
36,63,7,-8.75640711377209
36,64,-4,-13.3131077024667
36,65,0,-2.71827602057991
36,66,8,9.16414213839168
36,67,-10,-11.7183841177856
36,68,-10,0.736205649626643
36,69,-12,13.3281014225504
36,70,4,1.74755236225164
36,71,3,-0.31083883761206
36,72,13,9.59792316291514
36,73,-4,4.40336393050839
36,74,4,-16.6793160408311
36,75,-23,-1.98585183128518
36,76,4,-0.634725321423231
36,77,0,-8.75924373200426
36,78,-7,16.3645981974856
36,79,4,17.3201550853807
36,80,-4,-8.73912938111693
36,81,7,10.5600325590108
36,82,8,16.7443572062467
36,83,16,-13.9465239468196
36,84,-18,-3.53408737085124
36,85,0,-0.555874163176
36,86,4,-4.82746405606989
36,87,16,0.0515215474287241
36,88,-1,-13.4614572577729
36,89,-13,6.54628620335063
36,90,-4,4.98336619186691
36,91,11,12.0148410298117
36,92,-6,-2.421844978907
36,93,-7,0.0320865149952621
36,94,13,8.80947389151624
36,95,2,-3.1692403896696
36,96,-15,-7.78003137020444
36,97,4,-3.05640957951584
36,98,-4,-10.0374026988707
36,99,-2,-4.29363130252992
36,100,10,18.4593034707167
36,101,-3,-7.45603861329663
36,102,14,7.25758264876456
36,103,-6,-13.5903919206045
36,104,-11,19.5467749202249
36,105,-5,0.552640404122702
36,106,11,20.9685415748408
36,107,-7,-5.7290247540379
36,108,-7,0.110017079374297
36,109,4,17.2449870068664
36,110,-9,2.00750927125671
36,111,9,14.1951898259824
36,112,6,-16.1398560696646
36,113,-12,-6.32036440968659
36,114,9,1.18197747978407
36,115,4,-18.0116163209298
36,116,11,-5.38180793280694
36,117,-15,-12.2407594966858
36,118,0,14.6355139262677
36,119,18,-2.66840003882167
36,120,4,1.0976272219966
36,121,-29,-15.0643567813294
36,122,4,19.9014391801974
36,123,3,-5.09575537333777
36,124,-10,3.38542597831488
36,125,21,8.35324595376707
36,126,-11,-5.72976425864806
36,127,-7,3.70669482343353
36,128,11,13.9410206079104
36,129,0,-3.751044485695
36,130,-4,-1.3171535053812
36,131,7,13.192041383593
36,132,-14,-12.7001423527617
36,133,18,3.60765714488432
36,134,-7,-19.4375210623634
36,135,7,-1.48755749677797
36,136,5,-8.48325676587101
36,137,-15,0.925916058268643
36,138,3,0.842942700022716
36,139,3,-10.2659448925667
36,140,-18,4.7530199326299
36,141,-1,-2.97354728627557
36,142,9,7.1465901981494
36,143,11,1.36104314401844
36,144,4,-11.395057738952
36,145,-15,-10.5189318359827
36,146,11,-3.61518072498673
36,147,-4,-16.7589461228229
36,148,-1,3.19690080957705
36,149,-2,1.2316490444569
36,150,0,7.23958823970348
36,151,2,5.79376259651048
36,152,1,7.53677653361488
36,153,-3,-1.98076882558096
36,154,0,-5.94251079876873
36,155,0,15.8760274791823
36,156,0,4.08521706304438
36,157,0,7.44125922457071
36,158,-4,6.66570360667197
36,159,0,3.24320559636941
36,160,4,17.9556899375992
37,1,5,10.7932480554112
37,2,-8,0.532643238396451
37,3,1,7.13883620055844
37,4,-3,-9.78525851649706
37,5,18,10.90802941134
37,6,-4,-15.1530887592421
37,7,-3,4.01862585852929
37,8,2,-3.13890471502061
37,9,3,11.27115547419
37,10,6,-5.06882710367264
37,11,15,-14.1172211804763
37,12,-17,-15.9289128038154
37,13,-6,9.86869199081196
37,14,-3,1.74953091360009
37,15,2,7.2230406291436
37,16,0,3.01855257764298
37,17,3,11.9363164921492
37,18,-4,-0.516156988595966
37,19,0,16.042824824082
37,20,4,-4.90027619785219
37,21,8,-5.37142497827633
37,22,3,-15.2296080560521
37,23,-7,-13.1010065988759
37,24,-6,21.9208860292966
37,25,-1,9.5668403144368
37,26,7,15.9117797347554
37,27,10,-3.5871360633581
37,28,-7,-8.46559689510567
37,29,4,19.427789994145
37,30,-4,-18.1481703143773
37,31,4,10.2792442909597
37,32,-4,-16.3983736858454
37,33,4,8.81896965160915
37,34,-3,-15.0924247597659
37,35,-5,17.1514692544323
37,36,-12,11.4632393901753
37,37,5,9.43806100199469
37,38,4,-7.6772179231228
37,39,-4,11.0352968161011
37,40,15,12.8785802193793
37,41,-4,-17.215880945393
37,42,0,16.4253342318654
37,43,-11,-12.9998184918621
37,44,1,-3.85996257843671
37,45,0,-8.4803075130801
37,46,7,18.7581042378266
37,47,-1,-10.1747672709231
37,48,-6,0.788495346808902
37,49,-2,23.8155921220225
37,50,22,7.00413095164409
37,51,2,-6.62171057798348
37,52,-15,-4.13877127793174
37,53,3,11.8402115279018
37,54,-11,-5.14959904556048
37,55,7,22.9491382754014
37,56,-3,-15.6563442114297
37,57,-2,7.21680548229449
37,58,6,-1.94492764130017
37,59,-4,-14.7691089831647
37,60,-3,11.2932949090398
37,61,7,-3.08312787437173
37,62,-4,-6.70425831575243
37,63,0,3.44602343233406
37,64,8,-1.78171554177539
37,65,-10,-8.44470285485077
37,66,-10,-0.0866296318420899
37,67,-12,12.034090622061
37,68,4,3.26603732020697
37,69,3,-2.12278528502251
37,70,13,7.95994935166143
37,71,-4,-4.73992039109496
37,72,4,-12.2471701521514
37,73,-23,-3.99251057838481
37,74,4,2.8756586662128
37,75,0,-16.1211344812944
37,76,-7,10.9436858107266
37,77,4,15.9079466013556
37,78,-4,-10.1133172824038
37,79,7,12.4945636214417
37,80,8,8.93030284034242
37,81,16,-16.1789272818521
37,82,-18,4.49458046521183
37,83,0,8.70864414919324
37,84,4,-12.6630461993496
37,85,16,-2.88834202578538
37,86,-1,-16.6159829477825
37,87,-13,2.26501068031089
37,88,-4,9.03668764530538
37,89,11,11.6810894241705
37,90,-6,-2.47661072768145
37,91,-7,6.67746976693906
37,92,13,5.74985424923673
37,93,2,0.0809172218322762
37,94,-15,-11.3176119408845
37,95,4,8.89407737696159
37,96,-4,-8.12354290064685
37,97,-2,8.05542841241924
37,98,10,12.8569892937311
37,99,-3,-9.0322609689586
37,100,14,8.67751018454317
37,101,-6,-14.8401232031182
37,102,-11,17.8296810446956
37,103,-5,6.2656107497306
37,104,11,20.8612696683427
37,105,-7,-4.49994584306538
37,106,-7,9.69911621541439
37,107,4,18.1553625189077
37,108,-9,4.43140454956035
37,109,9,11.2445911092924
37,110,6,-10.5438575556071
37,111,-12,-4.20223710328892
37,112,9,3.96489204455416
37,113,4,-13.8731462951733
37,114,11,-8.25743544680168
37,115,-15,-16.5126420387318
37,116,0,6.45379830314936
37,117,18,-8.39425256275789
37,118,4,-2.83650152979126
37,119,-29,-16.6676784554041
37,120,4,20.8180152521776
37,121,3,-7.55126916924157
37,122,-10,1.58750635647576
37,123,21,2.94729809097407
37,124,-11,0.00912318555041613
37,125,-7,3.42721287092267
37,126,11,2.24422720392364
37,127,0,2.52345221960332
37,128,-4,-5.32197835070405
37,129,7,14.1036945137137
37,130,-14,-11.0540629400722
37,131,18,4.74931082613658
37,132,-7,-13.2162774192937
37,133,7,-0.320848448821656
37,134,5,-11.7158530355768
37,135,-15,5.19749302307313
37,136,3,12.2320642505211
37,137,3,-13.8483312537621
37,138,-18,2.32393759976783
37,139,-1,4.78285753025301
37,140,9,1.05094366450734
37,141,11,-8.1150791054067
37,142,4,-11.5927387728604
37,143,-15,-12.2380210354355
37,144,11,13.4988140645594
37,145,-4,-16.4413869933489
37,146,-1,6.45998573709807
37,147,-2,-7.29087226672819
37,148,0,7.52929184908077
37,149,2,7.66265096872083
37,150,1,-4.21096833375837
37,151,-3,-2.67240114983091
37,152,0,1.8671815045619
37,153,0,4.33205207225956
37,154,0,4.1216621574504
37,155,0,7.27791842181775
37,156,-4,6.18863284032566
37,157,0,12.8561069131951
37,158,4,7.9127437802665
37,159,-7,-1.5943759436193
37,160,0,10.4176555523233
38,1,-3,-7.64160089285554
38,2,18,12.5780943133242
38,3,-4,-15.0984851474013
38,4,-3,1.08897761298403
38,5,2,-5.64447832841034
38,6,3,6.28393070306169
38,7,6,0.530615162350599
38,8,15,-11.4433794927764
38,9,-17,-14.459955230069
38,10,-6,8.79222291247175
38,11,-3,3.2971569162547
38,12,2,9.65535614270391
38,13,0,7.00957240682898
38,14,3,15.0172526542136
38,15,-4,4.38114793814731
38,16,0,18.9494753832077
38,17,4,-3.27275286162554
38,18,8,-2.56977660572342
38,19,3,-15.101558720764
38,20,-7,-8.20025300187067
38,21,-6,20.5349063452438
38,22,-1,13.6474058635886
38,23,7,11.8539953221244
38,24,10,1.34108490836249
38,25,-7,-5.10713882428957
38,26,4,16.6744465783455
38,27,-4,-17.2731280543535
38,28,4,14.9438723865402
38,29,-4,-14.7054891854592
38,30,4,14.1494645642446
38,31,-3,-5.69227648779053
38,32,-5,16.5338254763452
38,33,-12,13.7939784635357
38,34,5,12.5804307560955
38,35,4,-9.21318733844826
38,36,-4,12.9629646802571
38,37,15,11.9073266501765
38,38,-4,-16.4185152975913
38,39,0,16.0405475709629
38,40,-11,-19.8252544221956
38,41,1,9.54245149284572
38,42,0,-1.85131611239109
38,43,7,18.4882236136174
38,44,-1,-9.30482608330231
38,45,-6,7.35473926605126
38,46,-2,17.961265825884
38,47,22,8.11239665553628
38,48,2,-5.94413528043933
38,49,-15,-4.94537140346779
38,50,3,7.66374043861436
38,51,-11,-0.58618591428917
38,52,7,19.522800019566
38,53,-3,-15.4295379387933
38,54,-2,10.4445716455206
38,55,6,-4.51800804115715
38,56,-4,-15.5907703245702
38,57,-3,11.8591544651404
38,58,7,-3.28387158546825
38,59,-4,-10.8616931783108
38,60,0,9.92931017684461
38,61,8,-8.57324713555399
38,62,-10,-9.9747580179049
38,63,-10,2.55405320232728
38,64,-12,11.4160054402902
38,65,4,6.56723634997543
38,66,3,0.0823528374529886
38,67,13,10.2349663933407
38,68,-4,-2.91321366575769
38,69,4,-14.8062639969803
38,70,-23,-2.07147593483774
38,71,4,8.0521866472035
38,72,0,-7.94738754010613
38,73,-7,10.3251356531981
38,74,4,17.9008974492439
38,75,-4,-2.91467024925439
38,76,7,16.5209107229994
38,77,8,15.7436560585134
38,78,16,-16.1153805823209
38,79,-18,-3.62676213641831
38,80,0,5.26388743147147
38,81,4,-13.3661565253566
38,82,16,0.955586718697866
38,83,-1,-13.2589037579417
38,84,-13,3.47930022224176
38,85,-4,13.0014226734339
38,86,11,17.5334726054005
38,87,-6,-4.03451492878553
38,88,-7,8.32885635265594
38,89,13,6.45155783254449
38,90,2,0.522350820460376
38,91,-15,-9.51716385804447
38,92,4,11.1959629458094
38,93,-4,-3.36324631816668
38,94,-2,12.9814573537903
38,95,10,12.0892624652937
38,96,-3,-5.99695636422207
38,97,14,7.32007654709156
38,98,-6,-14.5588241607218
38,99,-11,11.0266492637265
38,100,-5,6.92360113729002
38,101,11,20.0301713205821
38,102,-7,-6.02349597746831
38,103,-7,14.7098611077088
38,104,4,15.6350472849745
38,105,-9,3.78655752032579
38,106,9,14.758724090447
38,107,6,-13.4216596109125
38,108,-12,-7.13126944781896
38,109,9,10.5862034567889
38,110,4,-12.3626834155857
38,111,11,-5.37020980742044
38,112,-15,-14.7425443457194
38,113,0,14.4682721267129
38,114,18,-10.1942992387515
38,115,4,2.22218151847056
38,116,-29,-12.5378762997014
38,117,4,19.1062283982747
38,118,3,-2.48412984068553
38,119,-10,3.97120272811241
38,120,21,4.06187536428735
38,121,-11,-2.38718128487216
38,122,-7,1.20965334587431
38,123,11,-0.203149600689823
38,124,0,-4.53818540238968
38,125,-4,-6.92984786845246
38,126,7,15.6154130414627
38,127,-14,-13.483851766635
38,128,18,11.9268423877454
38,129,-7,-15.407029224827
38,130,7,4.80036006285431
38,131,5,-9.62095516622056
38,132,-15,0.487119941278323
38,133,3,15.0522945108463
38,134,3,-12.4617644066936
38,135,-18,4.54359808168119
38,136,-1,6.48082905988154
38,137,9,7.06229909513378
38,138,11,-7.40635244079678
38,139,4,-10.9691226764301
38,140,-15,-7.48453868292423
38,141,11,13.2713113773543
38,142,-4,-12.8272819726555
38,143,-1,13.225442325563
38,144,-2,-12.1099580058293
38,145,0,9.5279824644432
38,146,2,10.3653116438417
38,147,1,3.85013497346525
38,148,-3,2.60136435999389
38,149,0,4.76463996823836
38,150,0,2.99047532725539
38,151,0,1.89929099470383
38,152,0,3.82869782559269
38,153,-4,9.02272818286801
38,154,0,14.69022243157
38,155,4,9.46289653945984
38,156,-7,4.69337608201462
38,157,0,12.8081679780774
38,158,-4,-4.18375105019545
38,159,-5,18.2130176267742
38,160,-2,12.6692627178652
39,1,3,9.89155208169474
39,2,6,0.976513437183831
39,3,15,-8.90307856621801
39,4,-17,-11.6888776902598
39,5,-6,11.0407322743382
39,6,-3,7.56441601031853
39,7,2,8.12361091348624
39,8,0,2.22380863255349
39,9,3,13.7967412910852
39,10,-4,2.65685220068866
39,11,0,17.619368147214
39,12,4,3.44446987742873
39,13,8,1.99344983074467
39,14,3,-8.91892501275231
39,15,-7,-6.79546512345264
39,16,-6,15.2021101237221
39,17,-1,15.8814541724445
39,18,7,13.890686790343
39,19,10,-7.67274695386327
39,20,-7,0.945711967868068
39,21,4,16.7621774585533
39,22,-4,-14.1655742320063
39,23,4,17.3144734664174
39,24,-4,-12.9562044896057
39,25,4,12.4791559286852
39,26,-3,-9.00595678262031
39,27,-5,19.6209270152493
39,28,-12,14.1832808804535
39,29,5,16.468072586924
39,30,4,-8.06597940786488
39,31,-4,15.5984521117543
39,32,15,11.5538936570745
39,33,-4,-15.0446746706895
39,34,0,17.374468768478
39,35,-11,-6.23162615989624
39,36,1,3.16202438538013
39,37,0,-1.26396942223728
39,38,7,19.2074541405794
39,39,-1,-5.69195184805024
39,40,-6,7.43821687338607
39,41,-2,15.294468178031
39,42,22,8.120543297511
39,43,2,-10.7894179147202
39,44,-15,5.47010971750215
39,45,3,15.8832286694775
39,46,-11,-2.10566696911173
39,47,7,22.375504786014
39,48,-3,-14.3686218105939
39,49,-2,15.2337021322321
39,50,6,6.68632399715125
39,51,-4,-11.8340265369222
39,52,-3,13.4536379288064
39,53,7,2.37376592688649
39,54,-4,-9.66187156893004
39,55,0,5.98431970820179
39,56,8,-0.760093959930189
39,57,-10,-7.91740110691467
39,58,-10,-0.362528337675396
39,59,-12,12.3254111399968
39,60,4,7.57143141916202
39,61,3,-0.61660535884644
39,62,13,9.88949646886616
39,63,-4,-3.19815043976232
39,64,4,-11.1669482005513
39,65,-23,2.72172496965109
39,66,4,6.7717141022153
39,67,0,-6.92656807601527
39,68,-7,14.2886214038709
39,69,4,15.9287848909187
39,70,-4,4.42587459124189
39,71,7,17.2808331741127
39,72,8,15.3070135731087
39,73,16,-19.2280330045924
39,74,-18,1.38193250365042
39,75,0,7.902968861457
39,76,4,-5.65261798256147
39,77,16,8.14656905219269
39,78,-1,-11.6635893852338
39,79,-13,2.59218053067759
39,80,-4,12.7591449522662
39,81,11,10.9862065940589
39,82,-6,-6.90757471757654
39,83,-7,1.27644586821814
39,84,13,12.7983461550025
39,85,2,-4.15573881087066
39,86,-15,0.9494569769783
39,87,4,10.6009415334562
39,88,-4,-4.02421833537152
39,89,-2,13.999794029169
39,90,10,17.5399682559859
39,91,-3,-7.79892280097477
39,92,14,13.0566654271013
39,93,-6,-10.7554694863299
39,94,-11,15.279830138982
39,95,-5,16.3148178184133
39,96,11,13.786610404298
39,97,-7,-9.85535358255812
39,98,-7,13.6351491822872
39,99,4,13.1551489770693
39,100,-9,5.95430990200946
39,101,9,17.8419468736913
39,102,6,-5.83786074479652
39,103,-12,-4.4440179378913
39,104,9,16.2071428061209
39,105,4,-7.62454326684985
39,106,11,1.24426178854019
39,107,-15,-13.089264234043
39,108,0,13.5236372763895
39,109,18,-2.37293644557624
39,110,4,-0.581790842416874
39,111,-29,-9.60106686477014
39,112,4,15.5615335104768
39,113,3,-4.02722875836784
39,114,-10,11.1285149116274
39,115,21,1.49940975004878
39,116,-11,-5.53933579694459
39,117,-7,7.19021911350839
39,118,11,4.49205185022685
39,119,0,-5.31247492442518
39,120,-4,-2.64626584748121
39,121,7,17.2484295898792
39,122,-14,-10.1380674567993
39,123,18,16.1669249421387
39,124,-7,-8.99216281748257
39,125,7,2.44717686117365
39,126,5,-9.5645140553842
39,127,-15,5.83687893540573
39,128,3,14.434924448666
39,129,3,-6.4256915727583
39,130,-18,7.36565182208161
39,131,-1,4.32938676869016
39,132,9,6.72465817671493
39,133,11,1.97971777528108
39,134,4,-9.95446030465916
39,135,-15,-5.98833369359747
39,136,11,11.6724609359129
39,137,-4,-12.7504969295674
39,138,-1,17.3081557640748
39,139,-2,-8.15281209785554
39,140,0,10.4035366951008
39,141,2,11.0891577905767
39,142,1,11.5265846599266
39,143,-3,6.15106334390372
39,144,0,2.71147498726513
39,145,0,8.0298044699061
39,146,0,9.95516883909425
39,147,0,11.8164374233894
39,148,-4,11.9668393288628
39,149,0,17.0352073048925
39,150,4,14.9273674163808
39,151,-7,7.67759262134211
39,152,0,10.4685669175538
39,153,-4,2.96104897906471
39,154,-5,18.071804214502
39,155,-2,15.2023334174811
39,156,2,12.4290930812519
39,157,3,7.41433079612904
39,158,-3,9.60156206676276
39,159,3,12.3695796948516
39,160,-5,-8.24620993238694
40,1,6,5.85383434563098
40,2,15,-8.29399663193494
40,3,-17,-11.8808938830078
40,4,-6,-1.33330827939629
40,5,-3,-2.81757338224673
40,6,2,7.71805293479632
40,7,0,-5.57691479801073
40,8,3,11.08368054764
40,9,-4,9.4394728753277
40,10,0,13.0795477135211
40,11,4,6.09545481666395
40,12,8,1.61081338672469
40,13,3,-9.36104886719044
40,14,-7,-0.320300705332467
40,15,-6,17.723596246032
40,16,-1,8.92857805857592
40,17,7,14.3654337715843
40,18,10,-6.72984851311708
40,19,-7,-0.62567051358908
40,20,4,11.2027145367312
40,21,-4,-16.8349890701235
40,22,4,16.1175115608016
40,23,-4,-16.4848517344872
40,24,4,5.26523787318344
40,25,-3,-11.6164070523042
40,26,-5,12.555525473636
40,27,-12,15.6826019025807
40,28,5,8.77562834404505
40,29,4,-4.07871904045447
40,30,-4,12.7400395073482
40,31,15,10.35248792472
40,32,-4,-13.9109807296471
40,33,0,12.5498287219892
40,34,-11,-13.268412269156
40,35,1,0.904880769702421
40,36,0,0.0508569737441537
40,37,7,20.7190764100706
40,38,-1,-3.10423474716937
40,39,-6,5.28137886355419
40,40,-2,18.3394613005412
40,41,22,4.91524898298983
40,42,2,-9.11975766459324
40,43,-15,2.50898567900115
40,44,3,11.9879138191914
40,45,-11,5.33750654488518
40,46,7,21.5541519448565
40,47,-3,-17.0238806561631
40,48,-2,7.4390381626335
40,49,6,2.60352343311073
40,50,-4,-4.04231940707006
40,51,-3,11.8233208380285
40,52,7,-0.102057923812125
40,53,-4,-6.18137349963936
40,54,0,7.02227768309414
40,55,8,5.76813684981068
40,56,-10,-5.42652510128192
40,57,-10,-5.27868736302662
40,58,-12,11.4603072755569
40,59,4,0.414561043413249
40,60,3,-2.03718743669694
40,61,13,8.84455489619548
40,62,-4,-3.03766522874618
40,63,4,-10.5848085215146
40,64,-23,1.26474397759382
40,65,4,0.664591637973445
40,66,0,-6.786740841422
40,67,-7,19.2926630578146
40,68,4,17.2738339128848
40,69,-4,2.62561923820125
40,70,7,13.84373681159
40,71,8,16.5064825561952
40,72,16,-19.1437997340175
40,73,-18,-1.3000592743415
40,74,0,3.13199456382641
40,75,4,-12.2846996702447
40,76,16,-1.78787110536371
40,77,-1,-14.0976588217018
40,78,-13,-1.81632647943704
40,79,-4,8.19607473105557
40,80,11,12.5088353321169
40,81,-6,-9.85766623755242
40,82,-7,-2.07139405154322
40,83,13,7.9098354822619
40,84,2,-2.93516392251555
40,85,-15,-5.43002501503095
40,86,4,10.4206410013973
40,87,-4,-2.07989655837457
40,88,-2,4.84495376030314
40,89,10,18.2133615660972
40,90,-3,-10.2756629738002
40,91,14,10.3339514121249
40,92,-6,-12.0265468020958
40,93,-11,9.76746737552943
40,94,-5,8.00868014920595
40,95,11,19.1665961605031
40,96,-7,-9.20824987184207
40,97,-7,0.946479290863412
40,98,4,14.9767900965512
40,99,-9,7.52724937030495
40,100,9,17.457396920393
40,101,6,-4.71123526375037
40,102,-12,-0.122576672664346
40,103,9,4.39984255329937
40,104,4,-11.8737296987052
40,105,11,-7.57768977674226
40,106,-15,-16.3385416118958
40,107,0,10.0432850112714
40,108,18,-8.90683557386135
40,109,4,-7.26983905995948
40,110,-29,-18.4297674130649
40,111,4,17.0062789854501
40,112,3,-4.89037600473869
40,113,-10,8.7937296891296
40,114,21,-2.58548774049657
40,115,-11,-8.01896004702285
40,116,-7,4.77557699916872
40,117,11,11.1029412868339
40,118,0,1.44278526717275
40,119,-4,-2.96232727972049
40,120,7,14.2813771784888
40,121,-14,-9.39413075240001
40,122,18,11.9436589425319
40,123,-7,-12.7224564490137
40,124,7,-2.63056776955161
40,125,5,-14.5476579478211
40,126,-15,5.02917253625469
40,127,3,10.3327568429399
40,128,3,-4.71104849076325
40,129,-18,5.80146353056251
40,130,-1,1.04099957310175
40,131,9,8.03014132784069
40,132,11,-2.74160580418954
40,133,4,-11.1902478137174
40,134,-15,-8.49218481643964
40,135,11,8.38708298722982
40,136,-4,-9.74307169447266
40,137,-1,10.6604586363767
40,138,-2,-9.70322784872664
40,139,0,7.34889093061265
40,140,2,8.54214186259919
40,141,1,14.6791673647344
40,142,-3,4.78169492956627
40,143,0,4.7475781501271
40,144,0,11.7590716461911
40,145,0,8.64717904523747
40,146,0,9.94651180568185
40,147,-4,9.74659163130618
40,148,0,12.7486841837644
40,149,4,15.4305942932961
40,150,-7,6.36793390160186
40,151,0,6.23088591482792
40,152,-4,1.8992074539734
40,153,-5,13.7905312752706
40,154,-2,10.0906604947998
40,155,2,8.05630725608427
40,156,3,11.1329755363558
40,157,-3,14.4010633152223
40,158,3,12.0331467925824
40,159,-5,-1.25644770128672
40,160,0,8.33125569220641
41,1,8,-13.0028156190728
41,2,3,-15.7900840371503
41,3,-7,-0.78192875438729
41,4,-6,8.91494466513749
41,5,-1,10.2612909723767
41,6,7,14.9401736720201
41,7,10,-15.8862820225902
41,8,-7,-3.52312683597399
41,9,4,0.215815078498698
41,10,-4,-9.68890260366885
41,11,4,8.94870973558464
41,12,-4,-13.7645699462157
41,13,4,5.01596744893368
41,14,-3,-2.85615407665484
41,15,-5,15.8965648059321
41,16,-12,10.1474180238202
41,17,5,14.2849329636237
41,18,4,-14.0129028339053
41,19,-4,8.35359961447791
41,20,15,1.17680493663943
41,21,-4,-17.5812407240412
41,22,0,1.52841188272381
41,23,-11,0.514987151399176
41,24,1,6.29161166771677
41,25,0,-2.27698181270675
41,26,7,21.6324348166419
41,27,-1,-12.6367453876078
41,28,-6,1.70151455882184
41,29,-2,8.84486381630153
41,30,22,7.60394384535831
41,31,2,-16.0400762491062
41,32,-15,-6.13603097112251
41,33,3,6.25055164929343
41,34,-11,8.82510878964831
41,35,7,12.2668248216069
41,36,-3,-19.8288806540281
41,37,-2,3.20119940685842
41,38,6,2.23873209900317
41,39,-4,-12.6859740891045
41,40,-3,6.73528423405534
41,41,7,-2.8773690760627
41,42,-4,-18.3576141183118
41,43,0,-3.78054616042279
41,44,8,6.07514976102165
41,45,-10,-18.0172693074236
41,46,-10,-0.741228231942841
41,47,-12,7.68123069287288
41,48,4,7.38757323793785
41,49,3,-2.50575803134763
41,50,13,14.8306873556282
41,51,-4,3.46858510893074
41,52,4,-18.270594927373
41,53,-23,1.07241449815641
41,54,4,3.33347153369112
41,55,0,-13.8647573564049
41,56,-7,16.4015943474747
41,57,4,14.2980607431841
41,58,-4,-13.3107080631737
41,59,7,12.111157220717
41,60,8,15.9102381041799
41,61,16,-14.3953663252129
41,62,-18,-7.62778484522146
41,63,0,6.19790080241973
41,64,4,-4.33487773059817
41,65,16,0.0527183718089994
41,66,-1,-17.2242283920352
41,67,-13,-3.98933766638983
41,68,-4,12.7960508522744
41,69,11,11.6955776794948
41,70,-6,-2.55586960931955
41,71,-7,-2.46396303593236
41,72,13,8.8723549969451
41,73,2,-4.63198597383085
41,74,-15,-2.70760750599906
41,75,4,10.377216794004
41,76,-4,-11.9582284431779
41,77,-2,12.9729248691606
41,78,10,13.5004030315629
41,79,-3,-7.00670770552838
41,80,14,0.500565990660556
41,81,-6,-12.7681924919206
41,82,-11,-3.35945339623808
41,83,-5,12.3268395704107
41,84,11,15.2831358153019
41,85,-7,-7.86036051187858
41,86,-7,3.46894609065624
41,87,4,10.2309064085288
41,88,-9,2.93579430247558
41,89,9,15.5175421939173
41,90,6,-18.31813289435
41,91,-12,-7.65851057289379
41,92,9,13.8139274539592
41,93,4,-16.8525742531061
41,94,11,-5.42796153136022
41,95,-15,-9.4510828030781
41,96,0,7.45810256316995
41,97,18,-4.18761786764982
41,98,4,5.71987298112674
41,99,-29,-14.1318825538231
41,100,4,22.3476398726626
41,101,3,-6.05150778517195
41,102,-10,6.97553099946305
41,103,21,2.90607427553556
41,104,-11,-12.3870893669206
41,105,-7,7.9391389849385
41,106,11,0.931338357607689
41,107,0,3.58699575483869
41,108,-4,-5.8795956808182
41,109,7,9.67824469247731
41,110,-14,-15.2371699054807
41,111,18,14.6224485282489
41,112,-7,-17.800012626131
41,113,7,1.7814477306482
41,114,5,-8.32764827099065
41,115,-15,-3.81436037837679
41,116,3,11.4171032151295
41,117,3,-0.748622671893074
41,118,-18,10.0810987445047
41,119,-1,8.19903358502612
41,120,9,5.02278380458582
41,121,11,8.08210373999036
41,122,4,-15.7355560745769
41,123,-15,-11.1366240527311
41,124,11,16.4730187416933
41,125,-4,-15.1106502865027
41,126,-1,3.3605880554723
41,127,-2,-2.87515189542667
41,128,0,10.8120687407586
41,129,2,13.8431909354401
41,130,1,17.1489862341833
41,131,-3,6.81123123486297
41,132,0,-1.7759534800595
41,133,0,12.9899353633115
41,134,0,8.43597875227618
41,135,0,11.7200666802476
41,136,-4,10.6060787935189
41,137,0,14.1592396633259
41,138,4,14.6439812337671
41,139,-7,-9.02167580579231
41,140,0,7.08824188853348
41,141,-4,3.65914844227817
41,142,-5,15.077835401654
41,143,-2,11.6049942168929
41,144,2,15.6244229175687
41,145,3,9.01179859597098
41,146,-3,12.639732170088
41,147,3,6.79657349487154
41,148,-5,-0.0830572507305684
41,149,0,9.69793042042062
41,150,3,4.40925338474514
41,151,-3,2.29830083912993
41,152,2,6.97169614765971
41,153,1,12.9267898246478
41,154,-3,15.4343017365944
41,155,1,20.1937730760447
41,156,9,9.54772875348272
41,157,-10,-6.30295900378773
41,158,6,14.7789209249551
41,159,4,-16.2125216860905
41,160,4,1.95636711416506
42,1,3,-16.1148249738178
42,2,-7,-5.92376586233558
42,3,-6,15.8497443903574
42,4,-1,16.5999638015718
42,5,7,14.9067657972267
42,6,10,-11.0957788546049
42,7,-7,-2.77185315090702
42,8,4,5.63799542495387
42,9,-4,-11.5108969835161
42,10,4,9.98492631182547
42,11,-4,-14.1859198995409
42,12,4,9.3789278628525
42,13,-3,-5.94225184196435
42,14,-5,16.9685959769769
42,15,-12,13.2913154184327
42,16,5,12.6473629565291
42,17,4,-11.6100630210473
42,18,-4,11.3754505413419
42,19,15,5.35826263247034
42,20,-4,-12.7599850800264
42,21,0,10.8358722603583
42,22,-11,-2.12565900753017
42,23,1,0.452802696813789
42,24,0,1.51237021959632
42,25,7,20.5961773650483
42,26,-1,-14.0993190286676
42,27,-6,4.08151739737974
42,28,-2,15.3589171133409
42,29,22,6.82300998691425
42,30,2,-13.0310996165173
42,31,-15,-0.634053903319866
42,32,3,15.1667281231989
42,33,-11,2.63730176289763
42,34,7,17.313530047821
42,35,-3,-17.788256154946
42,36,-2,10.1787978502057
42,37,6,8.31800753038917
42,38,-4,-10.9526471791281
42,39,-3,8.34522841280826
42,40,7,3.1342537403146
42,41,-4,-12.393538132032
42,42,0,6.17592718895164
42,43,8,7.00698385762209
42,44,-10,-14.170997370609
42,45,-10,-2.06405448698798
42,46,-12,9.7198809004431
42,47,4,4.23164879532622
42,48,3,-1.22660782920089
42,49,13,7.52121983104055
42,50,-4,-2.67506375315684
42,51,4,-17.2677270263889
42,52,-23,0.241524383144123
42,53,4,2.50042586774635
42,54,0,-9.33405904446308
42,55,-7,13.8064282530501
42,56,4,15.6386168111083
42,57,-4,-7.90918812477137
42,58,7,18.7614733751083
42,59,8,13.6630730800759
42,60,16,-15.6338140499264
42,61,-18,-0.885976049459595
42,62,0,5.93750907609779
42,63,4,-2.0536849441569
42,64,16,3.25472431869675
42,65,-1,-16.3161963741315
42,66,-13,0.313981729699433
42,67,-4,9.86991657635783
42,68,11,8.77539044753038
42,69,-6,-3.61222843077153
42,70,-7,-1.24021903118381
42,71,13,13.0628134558481
42,72,2,0.0726436890326434
42,73,-15,-1.16954873581131
42,74,4,8.00349634345223
42,75,-4,-9.22116020662889
42,76,-2,6.99620870893727
42,77,10,16.2607858187078
42,78,-3,-4.62200407033633
42,79,14,8.64390211410623
42,80,-6,-13.4277069322952
42,81,-11,5.03810200769198
42,82,-5,14.3594460633999
42,83,11,13.7162583678692
42,84,-7,-10.8416238191079
42,85,-7,11.4695007129983
42,86,4,12.6700773563773
42,87,-9,3.21978556434148
42,88,9,14.0335636384435
42,89,6,-11.97295754729
42,90,-12,-1.0232701778851
42,91,9,8.78290462174364
42,92,4,-11.7047365254281
42,93,11,-5.09836053738558
42,94,-15,-14.5405441870591
42,95,0,6.40188352594146
42,96,18,-1.729351913391
42,97,4,4.05458110041655
42,98,-29,-16.5901412167666
42,99,4,18.0540883991009
42,100,3,-8.48690925494241
42,101,-10,5.54977425183259
42,102,21,-3.07406666725819
42,103,-11,-11.0582769998317
42,104,-7,10.7452130005174
42,105,11,-0.156687301923796
42,106,0,3.48102271536943
42,107,-4,-5.73572102243518
42,108,7,14.4280379597828
42,109,-14,-11.9967811169048
42,110,18,8.17157791245517
42,111,-7,-14.8294466055922
42,112,7,1.29320575789999
42,113,5,-11.861719785249
42,114,-15,-0.0230082849244044
42,115,3,13.6024808928131
42,116,3,-5.05605456199728
42,117,-18,8.52022770629845
42,118,-1,5.36374001493963
42,119,9,9.29755813613622
42,120,11,6.53798759480642
42,121,4,-12.4095246100954
42,122,-15,-12.5832149033125
42,123,11,10.8554588168846
42,124,-4,-14.1359495109485
42,125,-1,9.91842444884478
42,126,-2,-6.67860638180126
42,127,0,10.669846453076
42,128,2,11.4843068281265
42,129,1,10.5674888513977
42,130,-3,4.01561831091626
42,131,0,5.70026838018076
42,132,0,11.1262781904205
42,133,0,6.01877092480438
42,134,0,11.9157893876456
42,135,-4,9.93472465955867
42,136,0,18.77846723124
42,137,4,13.8578115403845
42,138,-7,-5.1825301412249
42,139,0,14.0891112895731
42,140,-4,7.49187663778296
42,141,-5,19.5058342219228
42,142,-2,18.3576218552258
42,143,2,16.4431190087256
42,144,3,6.76989985673143
42,145,-3,6.03313649456772
42,146,3,9.38686648768977
42,147,-5,-3.9692760223107
42,148,0,14.698187077981
42,149,3,0.893416155799614
42,150,-3,-0.764642636324167
42,151,2,13.4949078906444
42,152,1,9.56119058835971
42,153,-3,19.4814070546168
42,154,1,22.8164721291069
42,155,9,8.02093800489227
42,156,-10,-5.90920552884296
42,157,6,16.6608243156401
42,158,4,-12.9355778053146
42,159,4,0.980412428552753
42,160,3,-15.2640964235017
43,1,-7,-4.44025788144563
43,2,4,-0.935139042907381
43,3,-4,-17.3745817568212
43,4,4,13.1468963518304
43,5,-4,-9.9405381051427
43,6,4,3.59062087890934
43,7,-3,-1.96170209849089
43,8,-5,10.0773622719073
43,9,-12,6.22318926197937
43,10,5,17.338507487178
43,11,4,-10.6785677445679
43,12,-4,14.5194310737166
43,13,15,-1.0627026185372
43,14,-4,-16.7975132827739
43,15,0,-1.18494944520037
43,16,-11,-11.6391722674861
43,17,1,13.7212308868941
43,18,0,2.31695067566307
43,19,7,21.2822818844083
43,20,-1,-9.96156413059132
43,21,-6,2.56038161411171
43,22,-2,2.68752974033676
43,23,22,5.31599131843199
43,24,2,-3.65341207423321
43,25,-15,-6.93420258000932
43,26,3,11.854511281456
43,27,-11,-5.86854672974347
43,28,7,19.5950122112805
43,29,-3,-15.8057719685097
43,30,-2,7.21780193560235
43,31,6,-2.75772330222339
43,32,-4,-8.31959483526364
43,33,-3,0.829630724779353
43,34,7,-3.7862146143203
43,35,-4,-12.5042340162653
43,36,0,-3.13555592364372
43,37,8,-6.3726353469716
43,38,-10,-11.7933002300238
43,39,-10,9.61825040335685
43,40,-12,8.18992186235114
43,41,4,10.0045601459499
43,42,3,0.555712666719555
43,43,13,2.44924194330886
43,44,-4,-7.58037220226923
43,45,4,-12.9390328038533
43,46,-23,6.67605707442555
43,47,4,2.98294434458466
43,48,0,-6.25186453957192
43,49,-7,16.2862173845854
43,50,4,9.87578177892018
43,51,-4,-5.89708708328887
43,52,7,11.050310182483
43,53,8,18.9801427517642
43,54,16,-18.533635563895
43,55,-18,11.0067081617891
43,56,0,1.09058477775192
43,57,4,-10.3039281042741
43,58,16,8.29213735156042
43,59,-1,-14.8523778205625
43,60,-13,-1.57052713837052
43,61,-4,16.1562196913933
43,62,11,6.36769255665721
43,63,-6,-0.0934960687085374
43,64,-7,-3.28907681954088
43,65,13,0.592098388027281
43,66,2,5.50018928140979
43,67,-15,-7.39380623867257
43,68,4,14.2125417553599
43,69,-4,-11.0877437352037
43,70,-2,16.9042908090591
43,71,10,7.80890474607617
43,72,-3,-13.3308225075014
43,73,14,-3.43294741327488
43,74,-6,-11.5262820164246
43,75,-11,-0.947808570808002
43,76,-5,15.4343604618839
43,77,11,16.3477612642979
43,78,-7,-6.70540756984298
43,79,-7,1.9141696170294
43,80,4,5.69293864910778
43,81,-9,7.56877215626026
43,82,9,14.9938195614072
43,83,6,-10.3781133866167
43,84,-12,6.74691549600517
43,85,9,16.8762993561579
43,86,4,-15.2383666569875
43,87,11,-0.98057848868552
43,88,-15,-12.3345525686998
43,89,0,15.4051820521115
43,90,18,-5.75963623485772
43,91,4,11.0352121922841
43,92,-29,-16.8392584112016
43,93,4,22.5350328555281
43,94,3,-8.40176114225185
43,95,-10,3.70802074936131
43,96,21,15.2738152549076
43,97,-11,-8.42086365700891
43,98,-7,5.73445563648217
43,99,11,-0.497980056400589
43,100,0,9.25723433674457
43,101,-4,-6.62124496130532
43,102,7,-3.12689464779997
43,103,-14,-14.3928764274399
43,104,18,12.2188894697402
43,105,-7,-16.3328270203812
43,106,7,-1.4601641158189
43,107,5,-9.74457513450233
43,108,-15,12.6379587574553
43,109,3,13.6319027115598
43,110,3,-10.5719632206401
43,111,-18,9.56713011573681
43,112,-1,14.8813254868342
43,113,9,6.86599655709033
43,114,11,2.13330616923428
43,115,4,-12.6926716224286
43,116,-15,-13.5951127653778
43,117,11,19.9799800556021
43,118,-4,-16.0214710095982
43,119,-1,2.9530814941518
43,120,-2,-11.7738292111603
43,121,0,5.15416438514811
43,122,2,7.52098215803864
43,123,1,10.6220789582102
43,124,-3,4.06663481212202
43,125,0,3.77999026937995
43,126,0,6.08390275385855
43,127,0,7.58289962044772
43,128,0,6.49743336852248
43,129,-4,12.0016911097666
43,130,0,11.0445048129673
43,131,4,11.3442973077804
43,132,-7,1.40242784340966
43,133,0,2.14986226810858
43,134,-4,3.77521665863697
43,135,-5,12.9227176619303
43,136,-2,7.93483086718616
43,137,2,8.18591630610181
43,138,3,5.31566356929251
43,139,-3,8.19289595754725
43,140,3,7.8898443213623
43,141,-5,-1.94718470861948
43,142,0,3.35380912620819
43,143,3,2.50717710003853
43,144,-3,3.48129352306287
43,145,2,4.99184845340909
43,146,1,6.73075276551686
43,147,-3,12.3566879523638
43,148,1,20.6682620492417
43,149,9,4.94836874607137
43,150,-10,-5.81648478656015
43,151,6,17.1649613742901
43,152,4,-8.65405553093067
43,153,4,11.7396201281305
43,154,3,-12.5628250699099
43,155,-11,-10.066268948264
43,156,-6,17.723191202428
43,157,6,12.2446154714906
43,158,-2,-4.25657338360705
43,159,-4,1.03304219051694
43,160,-5,-15.518643404305
44,1,4,9.70344249047687
44,2,-3,1.36208445523191
44,3,-5,19.8471784443871
44,4,-12,8.13582449043949
44,5,5,15.1835675709468
44,6,4,-4.02791424750482
44,7,-4,13.4763520448241
44,8,15,5.59055284709274
44,9,-4,-14.6433593010188
44,10,0,8.93444640342956
44,11,-11,-13.5089814038946
44,12,1,7.5630138223635
44,13,0,3.24995819868044
44,14,7,22.7947403737262
44,15,-1,-17.484609735181
44,16,-6,9.65961449860558
44,17,-2,5.29792684444091
44,18,22,7.27751159620773
44,19,2,-4.48874956700483
44,20,-15,-2.96640226072037
44,21,3,2.7507800498246
44,22,-11,4.57902340068324
44,23,7,17.9602034547462
44,24,-3,-18.6556798776469
44,25,-2,10.2300440692237
44,26,6,-2.82466893276193
44,27,-4,-3.94038002105114
44,28,-3,4.4713687366677
44,29,7,-6.4085397066081
44,30,-4,-9.87252156675231
44,31,0,7.73751138747395
44,32,8,-1.04482828905608
44,33,-10,-9.16215507826469
44,34,-10,1.88910571102116
44,35,-12,14.1506503451928
44,36,4,5.82914280915326
44,37,3,3.9297942625891
44,38,13,8.48370312411362
44,39,-4,-2.73173586105101
44,40,4,-17.2453108239227
44,41,-23,6.97400038049167
44,42,4,-1.36024586450956
44,43,0,-0.193122258673424
44,44,-7,18.7955953319141
44,45,4,9.57151295026173
44,46,-4,0.335135186883116
44,47,7,14.7193429242529
44,48,8,12.7338974321722
44,49,16,-14.556198289793
44,50,-18,0.350515040069035
44,51,0,5.19855230964885
44,52,4,-5.11045396230006
44,53,16,5.24125747885517
44,54,-1,-18.1702353753513
44,55,-13,-3.67935697710723
44,56,-4,10.2656363651835
44,57,11,11.3960930490684
44,58,-6,-6.49151622472103
44,59,-7,3.07290657877483
44,60,13,-0.596857523065533
44,61,2,2.96537880690969
44,62,-15,-2.56650508736297
44,63,4,8.966286936796
44,64,-4,-1.84088293176674
44,65,-2,11.3192947296867
44,66,10,11.7307058629214
44,67,-3,-5.86259797403286
44,68,14,4.31982655582483
44,69,-6,-13.3757254433637
44,70,-11,6.64920896356283
44,71,-5,9.11179188695029
44,72,11,16.190988132233
44,73,-7,-7.34869607725698
44,74,-7,9.21583642720416
44,75,4,3.66464394722052
44,76,-9,11.8008524109797
44,77,9,12.8077286963096
44,78,6,-15.4669515740942
44,79,-12,0.197496846051248
44,80,9,10.632054548784
44,81,4,-9.47687515173465
44,82,11,-2.33614497322418
44,83,-15,-15.7458741518387
44,84,0,14.0343419411922
44,85,18,-4.09426616413051
44,86,4,0.55474186130452
44,87,-29,-13.429128183758
44,88,4,21.479101504146
44,89,3,3.2805716241399
44,90,-10,7.86624220556845
44,91,21,12.3871755481683
44,92,-11,-8.3938141837632
44,93,-7,9.00252415879043
44,94,11,-5.6264272115009
44,95,0,0.696239275314538
44,96,-4,0.385356644812171
44,97,7,3.57299349326842
44,98,-14,-14.3438304764389
44,99,18,14.1687612152217
44,100,-7,-17.8477105152458
44,101,7,0.18297654748802
44,102,5,-12.2822283143009
44,103,-15,5.8856887523491
44,104,3,7.8272104722731
44,105,3,-6.70376644668761
44,106,-18,4.55313984040862
44,107,-1,13.4752403961189
44,108,9,2.14263963553218
44,109,11,1.05609309786792
44,110,4,-10.1424417715173
44,111,-15,-8.69767590430916
44,112,11,12.4358940988772
44,113,-4,-10.9277504304347
44,114,-1,6.36466128978815
44,115,-2,-2.76605641326538
44,116,0,8.81768759584185
44,117,2,8.02334474775907
44,118,1,7.41558420171336
44,119,-3,1.79326007564737
44,120,0,6.78261173766003
44,121,0,7.66971215424616
44,122,0,7.57916654005157
44,123,0,6.11792768774439
44,124,-4,8.06772692571638
44,125,0,9.90278190587402
44,126,4,10.9147571766441
44,127,-7,4.0205032041423
44,128,0,5.49873586665039
44,129,-4,-1.28433126999624
44,130,-5,12.1107205828262
44,131,-2,7.53943983185824
44,132,2,8.97625070896606
44,133,3,11.5280608881852
44,134,-3,8.89768357890308
44,135,3,10.073370652743
44,136,-5,-1.53082973679971
44,137,0,5.94709563552028
44,138,3,-2.51535879214144
44,139,-3,11.0423177842925
44,140,2,8.30717983822587
44,141,1,5.38694960902103
44,142,-3,19.1018333434947
44,143,1,20.9188617626094
44,144,9,7.04121752831659
44,145,-10,-11.2131882529358
44,146,6,16.0632111635144
44,147,4,-12.4288424142119
44,148,4,7.8885622593578
44,149,3,-14.6982047112765
44,150,-11,-6.14278100928543
44,151,-6,10.5043897221656
44,152,6,10.0219953766104
44,153,-2,-10.5290483168372
44,154,-4,7.26820811730589
44,155,-5,-14.188167793218
44,156,-7,10.5464073683511
44,157,4,5.65085890239358
44,158,5,2.50907625641687
44,159,-5,-3.00092810721984
44,160,-4,12.6415140515301
45,1,-3,-2.24913159214368
45,2,-5,16.8739634859135
45,3,-12,8.15940929700889
45,4,5,12.2776879686488
45,5,4,-13.1709352474642
45,6,-4,13.4173109212853
45,7,15,2.19891189425281
45,8,-4,-13.0554402200791
45,9,0,7.38836905187661
45,10,-11,-13.3099827431976
45,11,1,-0.00376359195187796
45,12,0,7.72111652582724
45,13,7,23.2156734961847
45,14,-1,-15.7672133893334
45,15,-6,8.488511864684
45,16,-2,6.918412173089
45,17,22,7.01149756954926
45,18,2,-2.88459737943778
45,19,-15,-1.86946671370709
45,20,3,4.9610645258405
45,21,-11,3.11023023157307
45,22,7,17.6577195137137
45,23,-3,-18.6707925019231
45,24,-2,9.31063322750318
45,25,6,-2.36095242342804
45,26,-4,-11.2781075286631
45,27,-3,6.89394524508749
45,28,7,-6.55085701008369
45,29,-4,-17.0947472117884
45,30,0,7.58146860483748
45,31,8,-0.611095725271333
45,32,-10,-16.1397902877528
45,33,-10,1.48787297188476
45,34,-12,8.45615229780392
45,35,4,-0.611773839443592
45,36,3,1.41242110104381
45,37,13,15.455582055244
45,38,-4,-1.89699944402866
45,39,4,-14.2870805425759
45,40,-23,5.95850574573057
45,41,4,-0.841718263878672
45,42,0,-3.53142270514103
45,43,-7,16.6062665617899
45,44,4,10.0564849250591
45,45,-4,-1.13085855916783
45,46,7,16.2094390336292
45,47,8,14.2550790850752
45,48,16,-15.7382478252639
45,49,-18,1.28325546544102
45,50,0,-0.736035250175626
45,51,4,-6.52956482510123
45,52,16,12.7151649437393
45,53,-1,-15.9967457646044
45,54,-13,-0.355839967761593
45,55,-4,9.22354783649758
45,56,11,11.5837360107737
45,57,-6,-4.62420229611338
45,58,-7,1.73048743055611
45,59,13,3.32678815309179
45,60,2,5.50132129393357
45,61,-15,5.16511812774268
45,62,4,4.84614558974617
45,63,-4,-3.12985282563022
45,64,-2,6.1083785797787
45,65,10,10.1111026185379
45,66,-3,-7.1407175448974
45,67,14,6.70056926892854
45,68,-6,-10.6992451694757
45,69,-11,7.07214327615318
45,70,-5,9.40908709765507
45,71,11,15.1945943643047
45,72,-7,-5.96375411462125
45,73,-7,8.30012994751792
45,74,4,3.78460383289376
45,75,-9,6.18174285782244
45,76,9,13.7686419684847
45,77,6,-13.6024927418608
45,78,-12,-0.741020218746858
45,79,9,11.6357847876586
45,80,4,-12.7970394318168
45,81,11,4.07147476033326
45,82,-15,-14.6103165810431
45,83,0,10.5956037097231
45,84,18,-4.78617061378002
45,85,4,6.17652595669664
45,86,-29,-13.583040008494
45,87,4,18.764487082674
45,88,3,-1.25513133210967
45,89,-10,13.9570906286324
45,90,21,4.97131423902892
45,91,-11,-9.84702909811183
45,92,-7,2.61792835249295
45,93,11,1.86352048291673
45,94,0,4.26134167818196
45,95,-4,1.97301183282702
45,96,7,3.17224891705007
45,97,-14,-14.4835657289361
45,98,18,15.308893098067
45,99,-7,-17.8890931283321
45,100,7,-0.0666536115552025
45,101,5,-12.3495485133875
45,102,-15,4.79563078701019
45,103,3,6.70859559712973
45,104,3,-6.54359346620319
45,105,-18,12.7662621517067
45,106,-1,9.10633020518357
45,107,9,5.8656316906676
45,108,11,0.555722160600925
45,109,4,-16.1176295795251
45,110,-15,-5.17703221704974
45,111,11,8.07552047531991
45,112,-4,-16.2638604866559
45,113,-1,14.2567418311496
45,114,-2,-10.2559249807795
45,115,0,4.94349941982797
45,116,2,12.7651357567043
45,117,1,13.0297622396256
45,118,-3,6.75699981029522
45,119,0,5.81889889708746
45,120,0,10.8720469586121
45,121,0,10.168264169076
45,122,0,12.1881408682088
45,123,-4,13.5107248831449
45,124,0,16.2401585239077
45,125,4,15.0684351551932
45,126,-7,2.13380336818336
45,127,0,7.84819552424813
45,128,-4,-1.64194821994855
45,129,-5,15.6292785018155
45,130,-2,14.4791866240706
45,131,2,12.84151919675
45,132,3,10.9976970620803
45,133,-3,13.5606194269118
45,134,3,10.3537231311218
45,135,-5,1.3307040033134
45,136,0,10.7072910634669
45,137,3,0.00693910181394056
45,138,-3,7.90173523518448
45,139,2,13.3333623746617
45,140,1,7.97425987349259
45,141,-3,19.4271095935073
45,142,1,20.9267858147816
45,143,9,10.3969275623834
45,144,-10,-6.72898667442989
45,145,6,17.721406677845
45,146,4,-15.0430624744675
45,147,4,9.10955878542929
45,148,3,-10.8092756298144
45,149,-11,-10.0826990958758
45,150,-6,8.60648094367594
45,151,6,12.3781090359595
45,152,-2,-13.4114937746479
45,153,-4,10.8095909565702
45,154,-5,-14.3073328229473
45,155,-7,9.38839571331945
45,156,4,4.98864602368504
45,157,5,-3.67216115828144
45,158,-5,-4.10599519666795
45,159,-4,11.5851795295693
45,160,-3,2.8024522148091
46,1,-12,15.9682957786891
46,2,5,14.4443837516394
46,3,4,-3.25955702493651
46,4,-4,6.21411339054536
46,5,15,7.07545344539076
46,6,-4,-10.5044856338443
46,7,0,6.74155669498523
46,8,-11,-5.85340568581838
46,9,1,4.56725143265544
46,10,0,-0.173044594746147
46,11,7,15.1793237797074
46,12,-1,-15.1457219435185
46,13,-6,6.45905481380356
46,14,-2,17.3766598006198
46,15,22,6.42338680883334
46,16,2,-0.824916536520906
46,17,-15,-4.28199275536553
46,18,3,9.30074945031945
46,19,-11,-0.690516939910406
46,20,7,17.7946929733908
46,21,-3,-17.335526060223
46,22,-2,5.3057651434124
46,23,6,6.77871016277601
46,24,-4,-11.0266079095167
46,25,-3,7.34253057961236
46,26,7,0.98170815102454
46,27,-4,-6.39834226148919
46,28,0,1.30431970358674
46,29,8,0.638991717385446
46,30,-10,-4.59778600127644
46,31,-10,-2.46191077575905
46,32,-12,11.9074568480999
46,33,4,8.61510389828641
46,34,3,-0.908018235864732
46,35,13,-2.81633256221533
46,36,-4,-0.477058885573803
46,37,4,-16.5930140576316
46,38,-23,-5.85542100070323
46,39,4,1.82712078816336
46,40,0,-6.37540689760347
46,41,-7,7.62893138919548
46,42,4,16.6637564954604
46,43,-4,-3.14444579935781
46,44,7,8.75951664176288
46,45,8,17.3454385424776
46,46,16,-9.75299316145487
46,47,-18,1.57962453785005
46,48,0,5.47441538234734
46,49,4,-1.82068457827198
46,50,16,-0.82665521871059
46,51,-1,-16.2064538710728
46,52,-13,1.51774209167652
46,53,-4,12.0120261319439
46,54,11,12.1293108220309
46,55,-6,-8.26920285139281
46,56,-7,1.99956461343567
46,57,13,9.57774924192747
46,58,2,0.634867387779356
46,59,-15,-7.11259218196163
46,60,4,12.2287826944165
46,61,-4,-7.96406495992064
46,62,-2,15.9061135833347
46,63,10,15.7214519748708
46,64,-3,-2.81442261725965
46,65,14,8.97023999062092
46,66,-6,-12.4305021062
46,67,-11,4.20558779737267
46,68,-5,14.7184335832881
46,69,11,14.4915062413227
46,70,-7,-9.158270124188
46,71,-7,10.2718637888979
46,72,4,12.0123275986312
46,73,-9,0.169758539910464
46,74,9,17.1245817798195
46,75,6,-14.230372035378
46,76,-12,-4.67558314079814
46,77,9,14.3123952606875
46,78,4,-11.284849336882
46,79,11,-5.29745588077171
46,80,-15,-15.1328200257453
46,81,0,9.15453782981683
46,82,18,-4.56134360636479
46,83,4,0.113088401326177
46,84,-29,-14.6079067285876
46,85,4,21.0439251108793
46,86,3,-5.21210656993722
46,87,-10,-6.6513334595993
46,88,21,13.4984088689303
46,89,-11,-1.12393959872533
46,90,-7,9.85896659221794
46,91,11,-1.392157794285
46,92,0,-1.31250030943089
46,93,-4,-6.13568691626076
46,94,7,14.9053604262246
46,95,-14,-17.178458874491
46,96,18,13.8541925312654
46,97,-7,-16.0256334965573
46,98,7,-2.96634115019533
46,99,5,-8.52774511961757
46,100,-15,-1.26750191928057
46,101,3,10.8476327368059
46,102,3,-10.7802315528813
46,103,-18,-3.05964944726246
46,104,-1,14.9624025116311
46,105,9,6.04042698490032
46,106,11,3.83879900209922
46,107,4,-5.50672205020626
46,108,-15,-12.821243242442
46,109,11,16.7155196958533
46,110,-4,-12.226270940176
46,111,-1,4.92920623512278
46,112,-2,-1.60116304209
46,113,0,6.70856106823366
46,114,2,10.5898346434007
46,115,1,1.3064486580426
46,116,-3,-3.09916682333642
46,117,0,2.0947871219605
46,118,0,9.57797612161632
46,119,0,8.80290487514225
46,120,0,10.8457876639058
46,121,-4,10.3605163537896
46,122,0,15.0153175017868
46,123,4,13.4943256317068
46,124,-7,5.89558632126179
46,125,0,4.36006037586949
46,126,-4,1.7817870003983
46,127,-5,15.1388621203292
46,128,-2,14.3720928039942
46,129,2,11.5983249395127
46,130,3,7.72614479913576
46,131,-3,6.5500383556995
46,132,3,7.10125200378596
46,133,-5,-3.08558600353373
46,134,0,7.45359531566073
46,135,3,2.59571599358466
46,136,-3,8.33435494586372
46,137,2,5.82247672567349
46,138,1,1.56619949038872
46,139,-3,16.6263592895556
46,140,1,19.4440766696846
46,141,9,2.88982261931105
46,142,-10,-8.03269589997123
46,143,6,17.7224751914392
46,144,4,-14.4253271564012
46,145,4,-2.79315065079495
46,146,3,-13.7401440581222
46,147,-11,-13.2910894696888
46,148,-6,14.37059061589
46,149,6,14.8243198399315
46,150,-2,-13.8058355096774
46,151,-4,9.26873432257645
46,152,-5,-15.6357984667671
46,153,-7,3.8019081465171
46,154,4,15.0972008333915
46,155,5,-3.42961449535756
46,156,-5,-6.32424903800161
46,157,-4,15.2807897942908
46,158,-3,11.9380253110365
46,159,-4,8.88515482818205
46,160,3,17.3123920027482
47,1,1,10.9021367350131
47,2,0,-3.23062612412634
47,3,7,13.7966713906495
47,4,-1,-4.31454704460259
47,5,-6,4.29405243599585
47,6,-2,13.7885245331957
47,7,22,7.04436787854729
47,8,2,-4.92088163655905
47,9,-15,-5.3450314484444
47,10,3,2.04915055734908
47,11,-11,-9.12686562161429
47,12,7,20.0876501648818
47,13,-3,-7.22207721069816
47,14,-2,11.1348043102906
47,15,6,-1.08073831081385
47,16,-4,-4.60437826094916
47,17,-3,8.43531772342668
47,18,7,-5.09547388127139
47,19,-4,-5.03563082971127
47,20,0,6.02373817012481
47,21,8,0.317294168630493
47,22,-10,-4.2533746524208
47,23,-10,-2.68026952629806
47,24,-12,9.34366549464361
47,25,4,1.1278404627689
47,26,3,-2.46357840015505
47,27,13,-2.27010744473307
47,28,-4,0.450409800365178
47,29,4,-7.95500209294823
47,30,-23,0.334935124093805
47,31,4,3.35786152247603
47,32,0,-13.4813842219072
47,33,-7,9.80904011218972
47,34,4,9.17883623792015
47,35,-4,-7.19432968243463
47,36,7,14.8948470667048
47,37,8,16.1977152273362
47,38,16,-11.4571059457578
47,39,-18,-0.194889448120219
47,40,0,-2.78306795381564
47,41,4,-9.38051200789121
47,42,16,-3.30497052097864
47,43,-1,-6.6087239171477
47,44,-13,2.00784681242203
47,45,-4,1.01020818999345
47,46,11,11.8785532268022
47,47,-6,-5.51589497865123
47,48,-7,10.182615322745
47,49,13,4.26937059556608
47,50,2,2.36333652599144
47,51,-15,-9.14001417557242
47,52,4,2.8438089296786
47,53,-4,-5.85427417879442
47,54,-2,4.89886578983597
47,55,10,12.228961271351
47,56,-3,-6.2632315294672
47,57,14,6.86015569504338
47,58,-6,-12.9387255785341
47,59,-11,9.00292223032904
47,60,-5,6.94575417764513
47,61,11,14.1948006693642
47,62,-7,-6.12728726893609
47,63,-7,15.3790625835148
47,64,4,10.9462496259648
47,65,-9,2.28771413925899
47,66,9,14.6686827500402
47,67,6,-8.03134690643565
47,68,-12,-0.854089994514529
47,69,9,3.57993593431111
47,70,4,-6.56900275704292
47,71,11,-5.33491836474682
47,72,-15,-10.3447312584319
47,73,0,9.50120292369105
47,74,18,-14.1204486109734
47,75,4,-2.64497684957012
47,76,-29,-5.12758215575055
47,77,4,-3.38047769718975
47,78,3,-3.62665218728702
47,79,-10,-5.6842806835523
47,80,21,5.0815773865219
47,81,-11,0.261537969224343
47,82,-7,9.81184481518363
47,83,11,4.0556803766912
47,84,0,0.0329055722196802
47,85,-4,-6.6406456570411
47,86,7,14.0239151246228
47,87,-14,-10.753898932525
47,88,18,13.7869836397761
47,89,-7,-8.89072582327952
47,90,7,7.85437800704575
47,91,5,-4.18413778566719
47,92,-15,1.36346341104029
47,93,3,7.58239203779395
47,94,3,-14.9394743283522
47,95,-18,-0.785730758330965
47,96,-1,-2.65048357417666
47,97,9,4.09319861506175
47,98,11,-3.48366987551659
47,99,4,-7.61577421731322
47,100,-15,-6.92200431218696
47,101,11,0.500439138498201
47,102,-4,-11.7928301006792
47,103,-1,11.584459658669
47,104,-2,-3.0776205098218
47,105,0,12.3813858342971
47,106,2,5.60154993687662
47,107,1,1.93649744090846
47,108,-3,2.31737109242628
47,109,0,-1.57706684939751
47,110,0,2.92867864989777
47,111,0,6.01791558040201
47,112,0,4.93617440556517
47,113,-4,3.91241644219544
47,114,0,7.5255454293556
47,115,4,6.19867515616129
47,116,-7,5.38590578462773
47,117,0,4.13521512304934
47,118,-4,-1.10664994781874
47,119,-5,15.4787977419026
47,120,-2,4.65994117783688
47,121,2,13.4619013395527
47,122,3,8.09725799381247
47,123,-3,0.507902387954239
47,124,3,7.75209536944175
47,125,-5,-9.35860012394762
47,126,0,11.6765949532225
47,127,3,-2.46501206685757
47,128,-3,5.7439910362235
47,129,2,3.07239935129872
47,130,1,-1.96709025448712
47,131,-3,15.3828790254122
47,132,1,19.4969897640327
47,133,9,7.43259806842675
47,134,-10,-6.53485234189556
47,135,6,16.1643420127523
47,136,4,-11.1940395535967
47,137,4,-0.774227076587455
47,138,3,-8.37177235484356
47,139,-11,-11.9084759688105
47,140,-6,5.08553656525303
47,141,6,10.1631122985214
47,142,-2,-6.83847985630024
47,143,-4,10.9299459963502
47,144,-5,-10.5265680634376
47,145,-7,9.20224339889486
47,146,4,12.8007098024694
47,147,5,2.38260052757938
47,148,-5,-6.7077479501605
47,149,-4,16.385601704764
47,150,-3,8.10995757397415
47,151,-4,10.8604795702197
47,152,3,12.2205296001303
47,153,1,22.0854363040512
47,154,0,2.93953872233216
47,155,6,6.82906134359221
47,156,-6,-5.62543659745675
47,157,6,17.0098042926204
47,158,-4,-3.59708864087999
47,159,-2,8.25371904124291
47,160,6,2.78657623777301
48,1,-6,10.0510759256732
48,2,-2,6.94411658308716
48,3,22,9.53265588281124
48,4,2,-2.5347329281535
48,5,-15,-1.57727529723729
48,6,3,14.7408102370895
48,7,-11,-12.3021092489887
48,8,7,23.4437181161574
48,9,-3,-4.05212208288971
48,10,-2,6.69609792461994
48,11,6,4.7964984024549
48,12,-4,-13.3420662735426
48,13,-3,6.57369068632025
48,14,7,-9.4315579792538
48,15,-4,-9.30849268382213
48,16,0,2.10097689006898
48,17,8,9.34024914752197
48,18,-10,-8.86445853820001
48,19,-10,-0.37602662532681
48,20,-12,7.59615129965714
48,21,4,1.34962757747314
48,22,3,1.25890278706369
48,23,13,0.608882121194726
48,24,-4,4.40403919121039
48,25,4,-8.4887316843803
48,26,-23,4.36423156756698
48,27,4,1.67262930354087
48,28,0,-16.1913106921229
48,29,-7,13.2908979693379
48,30,4,5.14043131314743
48,31,-4,-13.1552678484912
48,32,7,16.5931323497906
48,33,8,9.97858536842977
48,34,16,-7.8934434385975
48,35,-18,2.49614193329041
48,36,0,-1.36384445594523
48,37,4,-4.37662210015745
48,38,16,-1.26260562349421
48,39,-1,-10.611663598718
48,40,-13,1.2677035442926
48,41,-4,-0.101932095992246
48,42,11,8.60406715979946
48,43,-6,-1.23684128383436
48,44,-7,4.0591511248431
48,45,13,7.8813011923683
48,46,2,2.55246714901805
48,47,-15,-1.2020000325728
48,48,4,4.83835650742747
48,49,-4,-10.4518741062348
48,50,-2,7.0979429293764
48,51,10,4.87283093902299
48,52,-3,-8.78303034033675
48,53,14,4.15391182950397
48,54,-6,-10.1059793973331
48,55,-11,9.59427713258268
48,56,-5,9.88433118809092
48,57,11,7.48672427853874
48,58,-7,-2.61349636710016
48,59,-7,15.4895412926711
48,60,4,9.10414555958119
48,61,-9,3.4866038642771
48,62,9,11.2038660209182
48,63,6,-5.90421066594635
48,64,-12,3.5220525663293
48,65,9,7.35019749930024
48,66,4,-15.4123955740934
48,67,11,0.301915013511859
48,68,-15,-12.2709501284597
48,69,0,9.88233352351889
48,70,18,-12.6510621361725
48,71,4,-0.318758982933577
48,72,-29,-0.832914531104883
48,73,4,-0.687552466579775
48,74,3,-13.0671011701368
48,75,-10,-3.72420230584539
48,76,21,5.01060661627401
48,77,-11,-2.59588794697791
48,78,-7,8.27178511285039
48,79,11,11.8946057623054
48,80,0,4.72479362985966
48,81,-4,4.09408979254303
48,82,7,15.1489068976692
48,83,-14,-13.9407649160189
48,84,18,8.8159868690482
48,85,-7,-5.29682945525441
48,86,7,5.604299870217
48,87,5,-8.07747899837789
48,88,-15,5.10164240236903
48,89,3,10.8445671757473
48,90,3,-15.75242949735
48,91,-18,1.43640663250642
48,92,-1,-3.64280356891137
48,93,9,1.36066940586349
48,94,11,5.15943300237162
48,95,4,-12.6468119608166
48,96,-15,-3.22500077762698
48,97,11,-1.56798159793024
48,98,-4,-17.6052675201647
48,99,-1,15.1745223025101
48,100,-2,0.403113619624779
48,101,0,6.95542594037785
48,102,2,10.080005681158
48,103,1,4.57424044319571
48,104,-3,6.23622734023855
48,105,0,-2.06347856652448
48,106,0,3.00332295614638
48,107,0,9.50132412525672
48,108,0,13.5301404549638
48,109,-4,13.5633489600595
48,110,0,14.8823560537346
48,111,4,13.8890650630745
48,112,-7,6.06800979115531
48,113,0,10.6988513910089
48,114,-4,7.7978536753976
48,115,-5,17.5177685326282
48,116,-2,14.0194974941773
48,117,2,11.4771337968543
48,118,3,9.83275182964778
48,119,-3,4.7375210766868
48,120,3,6.9209970823588
48,121,-5,-15.9527680767622
48,122,0,9.61127942065944
48,123,3,-2.64507629558485
48,124,-3,0.18951889687613
48,125,2,10.7113032918895
48,126,1,3.04628346913399
48,127,-3,18.3497811360844
48,128,1,20.2082360028517
48,129,9,7.51093349590612
48,130,-10,-2.59307302407611
48,131,6,22.6495411684292
48,132,4,-11.7299712919239
48,133,4,2.43574819712007
48,134,3,-7.37124183330615
48,135,-11,-16.9134433821258
48,136,-6,7.04833932998602
48,137,6,6.79640900454311
48,138,-2,-8.30360061934654
48,139,-4,15.7249773681457
48,140,-5,-15.4968990788244
48,141,-7,10.3979219696493
48,142,4,6.77756170925633
48,143,5,-1.81095351530982
48,144,-5,-1.4155852989999
48,145,-4,17.5583398737002
48,146,-3,5.95690419118703
48,147,-4,10.6712100360435
48,148,3,5.92121325051801
48,149,1,23.4317981139518
48,150,0,11.1486981278824
48,151,6,9.21026698874065
48,152,-6,-2.54903242408677
48,153,6,18.4070370546073
48,154,-4,-0.115644258671576
48,155,-2,4.60291548647373
48,156,6,-0.77686308046802
48,157,4,-2.88083791691268
48,158,-4,-1.05547826595927
48,159,7,12.3496754006379
48,160,-3,-17.1610715433968
49,1,2,1.10931503217307
49,2,-15,-3.81676873624865
49,3,3,5.12221558872276
49,4,-11,-11.9983499476582
49,5,7,20.5193602900082
49,6,-3,-6.25224280426108
49,7,-2,7.1637348378304
49,8,6,0.483671047574675
49,9,-4,-6.06434386247298
49,10,-3,11.0234506183517
49,11,7,-4.69807795532706
49,12,-4,-5.98987805724835
49,13,0,4.83187121337158
49,14,8,3.57380624274217
49,15,-10,-6.90961897722936
49,16,-10,0.940202968516872
49,17,-12,15.2675974208974
49,18,4,-1.23707069205864
49,19,3,2.33460306325055
49,20,13,-3.74439143354802
49,21,-4,3.96287680224376
49,22,4,-6.58762209142739
49,23,-23,2.59847679932635
49,24,4,0.323450443314917
49,25,0,-15.1291557217564
49,26,-7,10.7996369928556
49,27,4,13.7622168913309
49,28,-4,-12.6100302376189
49,29,7,15.2624454137909
49,30,8,16.9940860914665
49,31,16,-10.0813171078889
49,32,-18,4.30135890514869
49,33,0,-0.48390642372478
49,34,4,-4.83316460213087
49,35,16,1.56585722574921
49,36,-1,-4.959366811884
49,37,-13,3.12732685679897
49,38,-4,-1.00272283213084
49,39,11,15.4835270972011
49,40,-6,-2.07812325845566
49,41,-7,1.7645794558418
49,42,13,2.35999463684755
49,43,2,12.293948404256
49,44,-15,-8.69892553755778
49,45,4,4.2871088905214
49,46,-4,-13.7196340445595
49,47,-2,0.856445348111967
49,48,10,4.38349155817611
49,49,-3,-8.37947063386247
49,50,14,4.68557367441047
49,51,-6,-11.8923167580212
49,52,-11,11.9305462301544
49,53,-5,3.57074822667757
49,54,11,17.9571372835127
49,55,-7,-3.73914427378729
49,56,-7,14.2771147093434
49,57,4,5.34213708190786
49,58,-9,12.2053504621174
49,59,9,17.6708323753591
49,60,6,-6.1964345664311
49,61,-12,1.91446847168948
49,62,9,2.32065108590438
49,63,4,-5.84523672207359
49,64,11,-4.94132078311837
49,65,-15,-7.89833533044913
49,66,0,10.2897827127264
49,67,18,-6.82910608777478
49,68,4,1.54578331120282
49,69,-29,-0.245812333911339
49,70,4,-4.02909301751008
49,71,3,-4.75995287003004
49,72,-10,-4.11483846512352
49,73,21,10.2406691261057
49,74,-11,-1.24678046724196
49,75,-7,13.2699071002051
49,76,11,5.84908457518527
49,77,0,7.49280034404973
49,78,-4,-2.33177566080191
49,79,7,10.1226872335937
49,80,-14,-12.5694603621987
49,81,18,9.33499668989873
49,82,-7,-1.37843961240738
49,83,7,6.69590757114116
49,84,5,-0.776974112002394
49,85,-15,4.88825954289017
49,86,3,9.51339869860908
49,87,3,-15.2338884350375
49,88,-18,1.16088427212515
49,89,-1,-3.49861429906415
49,90,9,2.8790788784076
49,91,11,0.20419996675051
49,92,4,-7.93886459400683
49,93,-15,-5.49345199665121
49,94,11,-5.75027067491177
49,95,-4,-8.78646627051037
49,96,-1,11.3673854688114
49,97,-2,-2.36780118555086
49,98,0,11.0949475706294
49,99,2,2.94158125561679
49,100,1,5.90775860460151
49,101,-3,-1.86778474817724
49,102,0,-0.356190681051426
49,103,0,4.0984796008691
49,104,0,6.74254845992351
49,105,0,4.11955529893577
49,106,-4,6.44556093841227
49,107,0,14.0067767985681
49,108,4,7.68821912658017
49,109,-7,3.25282027191433
49,110,0,7.90503740193256
49,111,-4,1.6364355382992
49,112,-5,20.0294460570443
49,113,-2,9.64615259450685
49,114,2,11.7534109041219
49,115,3,5.15193193706963
49,116,-3,-1.14175030010055
49,117,3,9.34148195524624
49,118,-5,-11.6111428648712
49,119,0,13.7642037818491
49,120,3,-3.94716246876559
49,121,-3,3.93868535619559
49,122,2,6.04158910309364
49,123,1,-6.10973045509925
49,124,-3,14.930655259009
49,125,1,20.6751581041736
49,126,9,3.03882274795948
49,127,-10,-6.11346766129085
49,128,6,19.9182816458399
49,129,4,-11.9343223951729
49,130,4,5.50521323998568
49,131,3,-3.0546883231525
49,132,-11,-15.3775905150256
49,133,-6,6.37647598800091
49,134,6,11.0044845977336
49,135,-2,-11.6280107882897
49,136,-4,12.3973227036071
49,137,-5,-15.6617512528624
49,138,-7,9.60495843467413
49,139,4,7.9716588821404
49,140,5,-1.703815007454
49,141,-5,-2.59476040601985
49,142,-4,14.8716842788775
49,143,-3,6.97555697808265
49,144,-4,9.81758938844841
49,145,3,9.09171715507284
49,146,1,22.7416270377384
49,147,0,-1.64304024668127
49,148,6,12.3404519448401
49,149,-6,-6.89601133100296
49,150,6,17.0740883198896
49,151,-4,3.43440032727373
49,152,-2,8.6464142961196
49,153,6,2.7348950495766
49,154,4,-1.72224134494991
49,155,-4,-5.87364997184782
49,156,7,7.05220888657104
49,157,-3,-17.0778327224698
49,158,-3,-8.15221372458441
49,159,21,17.5561318357818
49,160,-14,-5.52938673323432
50,1,-4,-11.7436224355559
50,2,-3,11.9731180736516
50,3,7,3.41428202742758
50,4,-4,-7.79443958859021
50,5,0,7.5322594559673
50,6,8,-2.29867294951635
50,7,-10,-10.9652806038886
50,8,-10,-4.07049119278689
50,9,-12,13.0967061571297
50,10,4,1.21486902217535
50,11,3,-1.78789733301618
50,12,13,5.83012009672048
50,13,-4,-11.2631144435997
50,14,4,-6.45456217048667
50,15,-23,-2.70220680363682
50,16,4,0.595642975112875
50,17,0,-11.8486500663603
50,18,-7,5.75779997424994
50,19,4,17.902365101299
50,20,-4,-12.1493065586969
50,21,7,15.5813184276209
50,22,8,16.5533416262473
50,23,16,-12.8479918304567
50,24,-18,-8.40321225418937
50,25,0,-2.34594945933793
50,26,4,-13.2231730789447
50,27,16,-2.79642041271004
50,28,-1,-7.65667018917271
50,29,-13,-6.25826479091536
50,30,-4,0.657524746614868
50,31,11,16.6543578276867
50,32,-6,-6.2619771076243
50,33,-7,4.79930219476251
50,34,13,2.97046865232041
50,35,2,-3.01360144459882
50,36,-15,-5.58319506903749
50,37,4,5.7550063285588
50,38,-4,-11.4832913126667
50,39,-2,7.72418345674792
50,40,10,12.2332393814513
50,41,-3,-9.52445654342846
50,42,14,8.89224634055289
50,43,-6,-11.7762113654014
50,44,-11,9.02654682841165
50,45,-5,9.30989454938252
50,46,11,21.9101019248416
50,47,-7,-8.1993782075755
50,48,-7,14.7151349807624
50,49,4,6.51756912811176
50,50,-9,-0.687379266219508
50,51,9,18.8356497489655
50,52,6,-9.70130070977128
50,53,-12,-5.76472468296153
50,54,9,8.33611442279522
50,55,4,-14.9310360203755
50,56,11,-5.27310836647076
50,57,-15,-5.36664937597836
50,58,0,7.3902989095352
50,59,18,-12.8668027422511
50,60,4,-4.3655293151722
50,61,-29,-5.28078273078787
50,62,4,-2.0136762278972
50,63,3,-10.4037384037639
50,64,-10,1.12947163719825
50,65,21,1.69378106042939
50,66,-11,-11.6275990937006
50,67,-7,9.27445902987662
50,68,11,2.26618883655698
50,69,0,-2.64373335144227
50,70,-4,-6.74306742355686
50,71,7,15.6019662464058
50,72,-14,-11.5437334241045
50,73,18,12.0863322630289
50,74,-7,-8.69153976768733
50,75,7,5.34347775812882
50,76,5,-2.27672607649438
50,77,-15,-4.13519220677877
50,78,3,3.79304781882808
50,79,3,-12.172276485218
50,80,-18,-0.23804881009654
50,81,-1,-7.92517896441593
50,82,9,-3.61815376519816
50,83,11,0.649240933369743
50,84,4,-11.5138287408147
50,85,-15,-10.7214045568081
50,86,11,0.491870904655835
50,87,-4,-14.2252070401267
50,88,-1,17.3218295761295
50,89,-2,-3.06853394846245
50,90,0,8.01270568101631
50,91,2,6.35484864483251
50,92,1,8.24983223326858
50,93,-3,3.23114401712522
50,94,0,5.36070918620579
50,95,0,-2.92178352533023
50,96,0,6.45264515274831
50,97,0,3.32024616356646
50,98,-4,5.61989728419346
50,99,0,14.18122443497
50,100,4,6.05681079436286
50,101,-7,6.20988980427403
50,102,0,10.2552896662137
50,103,-4,-1.28665992271197
50,104,-5,19.6134176272145
50,105,-2,14.4837767925587
50,106,2,16.0715052064644
50,107,3,8.13264329945074
50,108,-3,8.03736405401808
50,109,3,12.2879965254019
50,110,-5,-7.40488996760006
50,111,0,16.9465394252015
50,112,3,-1.08319775026257
50,113,-3,3.21604727596494
50,114,2,8.38254022502311
50,115,1,4.00332746819269
50,116,-3,20.4248674202747
50,117,1,22.3926988841657
50,118,9,7.71466016466927
50,119,-10,-7.05762784370175
50,120,6,22.8251282070551
50,121,4,-8.02387257852397
50,122,4,-1.89007802338303
50,123,3,-4.79592303330706
50,124,-11,-15.7159334582949
50,125,-6,3.49982969654666
50,126,6,14.4677654206707
50,127,-2,-6.2624857985267
50,128,-4,15.0608698788041
50,129,-5,-17.0907313326696
50,130,-7,14.9361135461696
50,131,4,15.798940180264
50,132,5,-2.00417507119046
50,133,-5,0.0831790750308074
50,134,-4,19.6836609803867
50,135,-3,6.88861572478586
50,136,-4,17.4100599914524
50,137,3,19.9038195160061
50,138,1,21.7648677974209
50,139,0,4.84899857614418
50,140,6,6.8582438944991
50,141,-6,1.57353662817909
50,142,6,18.2128045824467
50,143,-4,-2.21967357432109
50,144,-2,13.5167176750878
50,145,6,7.63652260257654
50,146,4,-5.30828856809752
50,147,-4,-10.7076087277785
50,148,7,10.8708217015387
50,149,-3,-16.8841837513962
50,150,-3,-1.02626597072875
50,151,21,19.5553432430341
50,152,-14,-9.53158974020351
50,153,1,11.7298136989232
50,154,-4,-15.4485218535961
50,155,-4,12.7779951947064
50,156,11,14.0068154569913
50,157,-7,-5.6653303933486
50,158,-1,9.36268967600815
50,159,-3,0.474881479586292
50,160,3,15.4065191316016
