"iteration","obs_index","y_true","y_pred"
1,1,-0.004657935,-0.012246548517486
1,2,-0.029286272,0.0183397059933154
1,3,-0.010522409,0.0190196913038968
1,4,-0.001902969,0.0155810968837552
1,5,0.015909378,0.00606900221944442
1,6,0,-0.0601326386137947
1,7,0,0.0113094509172866
1,8,-0.007847648,-0.00299197167668272
1,9,0.002090032,-0.000791296913713034
1,10,0.026802541,-0.00687272475776288
1,11,0.002796172,-0.013635888758807
1,12,-0.020735598,0.00664459961240216
1,13,0.026983641,0.0112211560697468
1,14,-0.0046616,-0.023639896821474
1,15,-0.01491639,0.0523430534409144
1,16,-0.009543543,0.0141071856331735
1,17,0.002379872,-0.00662151689787369
1,18,0.00453541,0.0179958656916483
1,19,0.004881862,-0.0295233172214339
1,20,0.003057392,-0.0178839969447905
1,21,-0.010532058,0.0255972637857943
1,22,0.021764786,-0.0355129954705053
1,23,0.020708088,-0.0220176869415218
1,24,-0.001727368,0.0199177307818679
1,25,-0.000353026,-0.00641799510450523
1,26,0.009518242,-0.00318392233828265
1,27,0.008060293,0.0174873780261617
1,28,6.7e-05,-0.0178075731032833
1,29,-0.002819266,0.00512437665603086
1,30,0.011616042,0.00190633389919914
1,31,-0.009536449,-0.0196471287871001
1,32,0.007482156,-0.0116880841440715
1,33,-0.004682661,-0.00662702426452501
1,34,0,-0.00356952607865008
1,35,0.003787087,-0.0178753832823391
1,36,0.001277036,-0.0169298109587841
1,37,0.015351349,-0.00852218854336435
1,38,-0.000900703,-0.00875175828878894
1,39,0.010022902,0.00189038712210793
1,40,-0.000649026,-0.00414181226637276
1,41,0.013831836,-0.00849160358826863
1,42,0.003700767,-0.0107465032600071
1,43,0.004703574,-0.00372574263616263
1,44,-0.005037669,-0.0015628643717152
1,45,0.000931112,-0.0125480444893371
1,46,-0.011097557,-0.00968573906264341
1,47,0.003230749,-0.00247975789437269
1,48,0.0042358,-0.0148918580022257
1,49,-0.008090837,-0.00986522663297577
1,50,0.003905017,-0.0105949745439927
1,51,0.00612938,-0.0164915281825919
1,52,-0.015339077,-0.00230045538382214
1,53,-0.017574433,0.00296576495044086
1,54,-0.00074188,0.0217099519283831
1,55,0.017223137,-0.0177965923025043
1,56,-0.012791962,-0.0156601016222608
1,57,0.019598292,0.00948060691992874
1,58,0.004188857,-0.00685081146512113
1,59,-0.026008978,0.0332757349721628
1,60,0.012065368,-0.0094651630644003
1,61,0,0.0167840801710433
1,62,-0.033259031,0.0124589292643463
1,63,0,0.00673693073564534
1,64,0,-0.0100927539517903
1,65,0,0.0209926281766805
1,66,-0.031445668,-0.0356342118973285
1,67,0.015899612,0.0675950740216781
1,68,-0.011422256,-0.0238402744619665
1,69,-0.001640942,0.065825019768552
1,70,0.021559201,-0.0314691850360097
1,71,-0.014992412,-2.22489044956484e-05
1,72,-0.02191092,0.0384476040754326
1,73,0.000671928,0.0395342542032291
1,74,-0.02094789,-0.0131287214033806
1,75,-0.02480792,0.00212698807885149
1,76,-0.002675136,0.0520560647858763
1,77,-0.031067697,-0.0567165864267878
1,78,0.006613466,0.0430332272686784
1,79,0.012217841,-0.0454915350975838
1,80,0.012705619,-0.00683574588185466
1,81,0.000585715,-0.00343660494569359
1,82,-0.005838667,0.00886961930001938
1,83,-0.011244189,0.00881297266163628
1,84,0.031866523,0.041508684267166
1,85,-0.001312112,-0.0122012621977714
1,86,-0.039176073,-0.00841514253586458
1,87,0.00179865,0.033870479824323
1,88,-0.010413714,-0.0363601554101112
1,89,0.01090741,0.0780456519389521
1,90,0.016895752,-0.0230188308907629
1,91,0.017830353,-0.0189563578581272
1,92,0.000813447,0.0952027642108336
1,93,0.017966872,-0.109132318118303
1,94,-0.006752557,0.012254529609297
1,95,-0.000438122,0.00767436097101364
1,96,0.024020296,-0.00296394918290784
1,97,-0.012296417,0.00317425456094041
1,98,-0.018885012,0.0069938789018982
1,99,0.000467458,0.00993067853868404
1,100,-0.019410937,-0.0225687908722059
1,101,-0.004481409,0.00995611767561668
1,102,-0.012797735,0.00291686199241457
1,103,-0.01984204,-0.0238375615667004
1,104,-0.02057115,0.0123382763921032
1,105,0.00131664,0.0124407492197687
1,106,0.006829299,-0.0500904100010453
1,107,0.007660418,0.00479379232890316
1,108,-0.00627255,-0.0220246323977141
1,109,0.027223014,0.0297017327123364
1,110,0.005185917,-0.0104041730221126
1,111,-0.003889532,0.0407918286814013
1,112,-0.001140142,-0.0145321300569893
1,113,0.026693466,0.00356661769167883
1,114,-0.011263534,0.0208092785162642
1,115,-0.029034363,-0.00407760399554096
1,116,-0.011534794,0.0526132346722991
1,117,0,-0.0206310369394485
1,118,-0.0023284,0.0127010550883344
1,119,-0.006264984,-0.00497359685169517
1,120,0.022527417,-0.0151643010609428
1,121,0.007679093,0.0255755578862847
1,122,-0.000716823,-0.00704973674791378
1,123,0.026642449,-0.0118120088982912
1,124,-0.005887121,0.0107730670471145
1,125,-0.016505065,0.0253809710404488
1,126,0.003455171,0.00846993283713249
1,127,0.012842571,-0.00689669404150862
1,128,-0.021339106,0.00347497881154977
1,129,0.017194987,-0.00149205817620529
1,130,-0.001223049,-0.00551478934404372
1,131,-0.007247642,0.038359326847081
2,1,-0.001902969,0.0222481814136706
2,2,0.015909378,0.0087169055377376
2,3,0,-0.0568971674950747
2,4,0,0.0196912719323896
2,5,-0.007847648,-0.0164204766477737
2,6,0.002090032,-0.000263554479511071
2,7,0.026802541,-0.0178121077386259
2,8,0.002796172,-0.0251750341095484
2,9,-0.020735598,0.00122489689421849
2,10,0.026983641,0.0125121705281952
2,11,-0.0046616,0.019001503689398
2,12,-0.01491639,0.0103279272108376
2,13,-0.009543543,-0.000109287890610729
2,14,0.002379872,0.0102968341425242
2,15,0.00453541,0.00535753722141436
2,16,0.004881862,0.00155849764794364
2,17,0.003057392,-0.00329671775250017
2,18,-0.010532058,0.025990005210059
2,19,0.021764786,-0.0209163988875545
2,20,0.020708088,-0.0154850517735375
2,21,-0.001727368,0.00976492969946892
2,22,-0.000353026,-0.00879619318477816
2,23,0.009518242,0.0145608167609544
2,24,0.008060293,0.0267264445967123
2,25,6.7e-05,-0.0301184323450206
2,26,-0.002819266,-0.0177663787545
2,27,0.011616042,0.00664591109714801
2,28,-0.009536449,-0.0124406324049488
2,29,0.007482156,-0.00379577686491054
2,30,-0.004682661,-0.00951320551808094
2,31,0,-0.00411638528531579
2,32,0.003787087,-0.0117112848864322
2,33,0.001277036,-0.015948237686092
2,34,0.015351349,-0.0105743554898246
2,35,-0.000900703,-0.0124810438838663
2,36,0.010022902,0.000495431661445435
2,37,-0.000649026,0.00372492810226811
2,38,0.013831836,-0.0084693260465892
2,39,0.003700767,-0.00619787574760637
2,40,0.004703574,-0.0164778612803525
2,41,-0.005037669,0.00211328612462096
2,42,0.000931112,-0.0141442778163428
2,43,-0.011097557,-0.00354289027077055
2,44,0.003230749,-0.00982998706181198
2,45,0.0042358,-0.0161135804381087
2,46,-0.008090837,-0.00991880347600904
2,47,0.003905017,-0.00408596256927009
2,48,0.00612938,-0.0136335934017301
2,49,-0.015339077,-0.00411049633093188
2,50,-0.017574433,0.00533037659194979
2,51,-0.00074188,0.0101918859423865
2,52,0.017223137,-0.00955201069874967
2,53,-0.012791962,-0.0235080852305748
2,54,0.019598292,0.0253132915287607
2,55,0.004188857,0.0012412737933704
2,56,-0.026008978,0.0209780227927754
2,57,0.012065368,0.0157969678963342
2,58,0,0.0191985205105193
2,59,-0.033259031,-0.000155031781574611
2,60,0,0.042201918916385
2,61,0,-0.0229702719855735
2,62,0,0.0139914837221927
2,63,-0.031445668,0.0185735435735637
2,64,0.015899612,0.0476187281168724
2,65,-0.011422256,-0.023428821885297
2,66,-0.001640942,0.0727254645681548
2,67,0.021559201,-0.0180714720053394
2,68,-0.014992412,0.0485623951620127
2,69,-0.02191092,0.00246425728899363
2,70,0.000671928,0.0482493058049296
2,71,-0.02094789,0.00663156486053202
2,72,-0.02480792,-0.00177710602102992
2,73,-0.002675136,0.0562668591863278
2,74,-0.031067697,-0.032614242215749
2,75,0.006613466,0.0509337297442443
2,76,0.012217841,-0.057734451365696
2,77,0.012705619,0.0296149530515564
2,78,0.000585715,0.0239946631310141
2,79,-0.005838667,0.0239664203527854
2,80,-0.011244189,0.00171485316514038
2,81,0.031866523,0.0374834474614738
2,82,-0.001312112,-0.0248123693689683
2,83,-0.039176073,-0.0272457405287363
2,84,0.00179865,0.0317329628785829
2,85,-0.010413714,-0.0116548172571928
2,86,0.01090741,0.0527819522999009
2,87,0.016895752,-0.0288206250904127
2,88,0.017830353,0.0161902415338913
2,89,0.000813447,0.0658543158069602
2,90,0.017966872,-0.0536310214082944
2,91,-0.006752557,0.0275909418097631
2,92,-0.000438122,-0.0157759111123527
2,93,0.024020296,-0.00525609797832371
2,94,-0.012296417,0.0101407841705512
2,95,-0.018885012,-0.0101214965706524
2,96,0.000467458,0.0151596528672104
2,97,-0.019410937,-0.008062196821387
2,98,-0.004481409,0.0164095090964802
2,99,-0.012797735,-0.00371076184495829
2,100,-0.01984204,-0.00839498746525651
2,101,-0.02057115,0.0136833207941335
2,102,0.00131664,0.015514312878821
2,103,0.006829299,-0.0492778578051509
2,104,0.007660418,0.0199702545412193
2,105,-0.00627255,0.000309657254392028
2,106,0.027223014,0.0392022552528204
2,107,0.005185917,0.000118862354144349
2,108,-0.003889532,0.0165115350603659
2,109,-0.001140142,-0.0115621093516722
2,110,0.026693466,0.0237185068402834
2,111,-0.011263534,0.024320816812361
2,112,-0.029034363,-0.0209370464983167
2,113,-0.011534794,0.0285819101499208
2,114,0,0.00837693951551407
2,115,-0.0023284,0.0220896723220576
2,116,-0.006264984,0.00739281746608944
2,117,0.022527417,-0.00766053963459716
2,118,0.007679093,0.00217166001016817
2,119,-0.000716823,0.00685285376635462
2,120,0.026642449,0.000153580269493771
2,121,-0.005887121,0.0692933227100036
2,122,-0.016505065,-0.0117082620294431
2,123,0.003455171,0.0034148643620308
2,124,0.012842571,0.0216514971200441
2,125,-0.021339106,-0.0113914746125728
2,126,0.017194987,0.0282869751046514
2,127,-0.001223049,0.00160843796864534
2,128,-0.007247642,0.0228551891697118
2,129,-0.002242264,0.00138841142789194
2,130,-0.027405809,0.00340472516150747
2,131,-0.00867426,-0.0271053749501579
3,1,-0.01491639,0.0757361117067459
3,2,-0.009543543,0.00366098873076248
3,3,0.002379872,0.0632275170038083
3,4,0.00453541,0.00787344663439167
3,5,0.004881862,-0.029443192670851
3,6,0.003057392,-0.040977353995888
3,7,-0.010532058,0.0119393106152729
3,8,0.021764786,-0.0214546329655485
3,9,0.020708088,-0.0185891995189824
3,10,-0.001727368,0.0104827922255871
3,11,-0.000353026,0.00497597763150304
3,12,0.009518242,0.0118410786370291
3,13,0.008060293,0.0327109545344561
3,14,6.7e-05,-0.00955359710013035
3,15,-0.002819266,-0.00712356264042632
3,16,0.011616042,0.00950682011924377
3,17,-0.009536449,-0.0166980012302434
3,18,0.007482156,-0.00471473132260973
3,19,-0.004682661,-0.00623717522875734
3,20,0,0.000479436515109338
3,21,0.003787087,-0.0124746347874499
3,22,0.001277036,-0.0234307318499472
3,23,0.015351349,-0.0131765738014168
3,24,-0.000900703,-0.0160493085970107
3,25,0.010022902,-0.00942028401616371
3,26,-0.000649026,0.00227068064953866
3,27,0.013831836,-0.00898615267476821
3,28,0.003700767,-0.00161748065404788
3,29,0.004703574,-0.00915181576663459
3,30,-0.005037669,-0.00111918344983119
3,31,0.000931112,-0.0102644959761545
3,32,-0.011097557,-0.00990469566693814
3,33,0.003230749,-0.00624318612633802
3,34,0.0042358,-0.0201287096096573
3,35,-0.008090837,-0.00974281655716604
3,36,0.003905017,-0.0090622436311543
3,37,0.00612938,-0.0158282165275013
3,38,-0.015339077,-0.00198817948466672
3,39,-0.017574433,0.00223760892717858
3,40,-0.00074188,0.00480079538294189
3,41,0.017223137,0.00548092950781893
3,42,-0.012791962,-0.0159727743850425
3,43,0.019598292,0.0059642714799273
3,44,0.004188857,0.0016356008383693
3,45,-0.026008978,0.026648851280882
3,46,0.012065368,0.00401936725917598
3,47,0,0.0594610125965719
3,48,-0.033259031,0.0256986668108127
3,49,0,0.0245034170167477
3,50,0,0.00704999286114398
3,51,0,0.00716164880656343
3,52,-0.031445668,0.00816754340894393
3,53,0.015899612,0.0322298519801219
3,54,-0.011422256,-0.00822896587555414
3,55,-0.001640942,0.0774294319251056
3,56,0.021559201,-0.0746985138040047
3,57,-0.014992412,0.077544269827075
3,58,-0.02191092,0.0223152540551887
3,59,0.000671928,0.014100299026936
3,60,-0.02094789,0.0460936525068117
3,61,-0.02480792,-0.0225781114802458
3,62,-0.002675136,0.00187909464430137
3,63,-0.031067697,-0.016580644618716
3,64,0.006613466,0.0024827952501118
3,65,0.012217841,-0.0652501379979678
3,66,0.012705619,0.0134949004313168
3,67,0.000585715,-0.0114833618716137
3,68,-0.005838667,0.00102710255864246
3,69,-0.011244189,0.0253611740095424
3,70,0.031866523,0.039791910957991
3,71,-0.001312112,-0.0242408365735473
3,72,-0.039176073,0.0021537159300944
3,73,0.00179865,0.0380648548321677
3,74,-0.010413714,0.0127010331844041
3,75,0.01090741,0.10660890207748
3,76,0.016895752,-0.0159953143627177
3,77,0.017830353,-0.00930950718153718
3,78,0.000813447,0.0228897834414683
3,79,0.017966872,-0.101527894794722
3,80,-0.006752557,0.00987355116299582
3,81,-0.000438122,0.0311106340300945
3,82,0.024020296,-0.00765199827238153
3,83,-0.012296417,0.0361843929631784
3,84,-0.018885012,0.0135651053608228
3,85,0.000467458,0.018163784765907
3,86,-0.019410937,0.00517396736836866
3,87,-0.004481409,0.00267584389570311
3,88,-0.012797735,-0.0256075706793566
3,89,-0.01984204,-0.0177575990742517
3,90,-0.02057115,-0.016711664149946
3,91,0.00131664,-0.00264407946303139
3,92,0.006829299,-0.0345545992084503
3,93,0.007660418,0.0014841953915416
3,94,-0.00627255,-0.0380654481083789
3,95,0.027223014,0.0405650448837001
3,96,0.005185917,-0.00343765320885496
3,97,-0.003889532,0.0349076690037742
3,98,-0.001140142,-0.0171028083517835
3,99,0.026693466,0.0565680818908381
3,100,-0.011263534,0.0404696613480164
3,101,-0.029034363,0.00807753357601483
3,102,-0.011534794,0.0124088072624359
3,103,0,0.00369466798827191
3,104,-0.0023284,0.0447568746684653
3,105,-0.006264984,-0.00614023591808742
3,106,0.022527417,-0.0165842304321681
3,107,0.007679093,1.72547772141537e-05
3,108,-0.000716823,-0.00679218149687138
3,109,0.026642449,-0.0241407316813818
3,110,-0.005887121,0.0716171166076036
3,111,-0.016505065,0.0294164269568595
3,112,0.003455171,-0.00346999729491316
3,113,0.012842571,0.0511182427686733
3,114,-0.021339106,0.0206438657298893
3,115,0.017194987,0.0255873035074844
3,116,-0.001223049,0.00171663248680532
3,117,-0.007247642,0.0213471168970864
3,118,-0.002242264,-0.00593192813190224
3,119,-0.027405809,0.0276598330892916
3,120,-0.00867426,-0.0525955427089769
3,121,0.004426509,-0.0147871223193069
3,122,-0.006156074,-0.0243018785405544
3,123,-0.003811894,-0.0309979146919079
3,124,0.008570758,-0.0179787401086745
3,125,0.013131249,-0.00426831825729961
3,126,-0.01977191,0.00417672329262759
3,127,-0.006852865,0.0046929953571073
3,128,-0.013422368,0.0416226912062953
3,129,-0.016788012,0.023774797357931
3,130,0.006882682,-0.0135528681246037
3,131,0.009451649,-0.013879438026009
4,1,0.002379872,0.00717190938019692
4,2,0.00453541,0.0111746421123019
4,3,0.004881862,-0.0457850147351583
4,4,0.003057392,-0.0344484355428376
4,5,-0.010532058,0.0197377537673302
4,6,0.021764786,-0.0301750685208146
4,7,0.020708088,-0.000779569388782079
4,8,-0.001727368,-0.0169836291614628
4,9,-0.000353026,0.000742930120774633
4,10,0.009518242,-0.00169591426556054
4,11,0.008060293,0.0194579500249267
4,12,6.7e-05,-0.00481048572188362
4,13,-0.002819266,-0.0472751663009086
4,14,0.011616042,-0.00110936506024764
4,15,-0.009536449,0.00482931573454691
4,16,0.007482156,-0.00182214983690545
4,17,-0.004682661,-0.0261902534560547
4,18,0,-0.0099018847701474
4,19,0.003787087,-0.00307262211298864
4,20,0.001277036,-0.033084868085423
4,21,0.015351349,-0.00573072824789814
4,22,-0.000900703,-0.0207331509225719
4,23,0.010022902,-0.00793368491478955
4,24,-0.000649026,0.00648051063352704
4,25,0.013831836,-0.020422253454445
4,26,0.003700767,0.00613785495444371
4,27,0.004703574,-0.0220065701314103
4,28,-0.005037669,0.00500388902655566
4,29,0.000931112,0.00219841308042008
4,30,-0.011097557,-0.00431283352330724
4,31,0.003230749,-0.000419527778780536
4,32,0.0042358,-0.0233808643385921
4,33,-0.008090837,-0.017907341704546
4,34,0.003905017,0.00320595396512347
4,35,0.00612938,-0.0235745169198022
4,36,-0.015339077,-0.00402736006529896
4,37,-0.017574433,0.0145511771521791
4,38,-0.00074188,0.00350144310767999
4,39,0.017223137,-0.0176802392657145
4,40,-0.012791962,-0.0125945550088955
4,41,0.019598292,0.0128139433054459
4,42,0.004188857,-0.0208268519937962
4,43,-0.026008978,0.025192105566213
4,44,0.012065368,-0.00769952994314395
4,45,0,0.0394324642412854
4,46,-0.033259031,-0.0636638777994478
4,47,0,0.000958971978575805
4,48,0,-0.0412770111763155
4,49,0,-0.0447934804510466
4,50,-0.031445668,-0.0443183020439129
4,51,0.015899612,0.0667015994930209
4,52,-0.011422256,-0.0190153252669674
4,53,-0.001640942,0.0719941352757207
4,54,0.021559201,-0.0364047906392885
4,55,-0.014992412,0.0417040497886861
4,56,-0.02191092,0.0277455009791617
4,57,0.000671928,0.013292714755458
4,58,-0.02094789,0.00647936626478008
4,59,-0.02480792,-0.0451831212106924
4,60,-0.002675136,-0.0109515076801326
4,61,-0.031067697,-0.0322971857297309
4,62,0.006613466,0.00885242100452752
4,63,0.012217841,-0.100000073378543
4,64,0.012705619,0.0227944824675649
4,65,0.000585715,0.00756782231469103
4,66,-0.005838667,0.0232771849924537
4,67,-0.011244189,0.0314419430843597
4,68,0.031866523,0.088877716815453
4,69,-0.001312112,-0.00883969876939036
4,70,-0.039176073,-0.0604376285063701
4,71,0.00179865,0.028707988572731
4,72,-0.010413714,-0.0222226261673793
4,73,0.01090741,0.0265052542799227
4,74,0.016895752,-0.0735140692904535
4,75,0.017830353,-0.0627089286612123
4,76,0.000813447,0.0471819775963874
4,77,0.017966872,-0.0974470278014058
4,78,-0.006752557,0.0202397057065294
4,79,-0.000438122,0.0219583604344255
4,80,0.024020296,-0.0132599896340936
4,81,-0.012296417,-0.0336491815137068
4,82,-0.018885012,0.0499150430567255
4,83,0.000467458,-0.00839247790018654
4,84,-0.019410937,-0.0363106031521157
4,85,-0.004481409,-0.00225294386654979
4,86,-0.012797735,-0.0605441377626405
4,87,-0.01984204,-0.0240260552134408
4,88,-0.02057115,-0.0129302591492223
4,89,0.00131664,-0.0149554309554375
4,90,0.006829299,0.00118464571627322
4,91,0.007660418,0.0358801695141237
4,92,-0.00627255,-0.013648548369796
4,93,0.027223014,0.0683856694659123
4,94,0.005185917,0.032768097505747
4,95,-0.003889532,0.0397289497106135
4,96,-0.001140142,0.00184742037299292
4,97,0.026693466,0.0215073301401877
4,98,-0.011263534,0.0512448327755604
4,99,-0.029034363,0.00922328330159767
4,100,-0.011534794,0.00672837628764473
4,101,0,-0.0120314594662082
4,102,-0.0023284,0.0399489816631176
4,103,-0.006264984,-0.0264683201073347
4,104,0.022527417,-0.0170550449199063
4,105,0.007679093,0.0118440222692473
4,106,-0.000716823,-0.00153561608902561
4,107,0.026642449,0.0138879674729841
4,108,-0.005887121,0.0504172230326619
4,109,-0.016505065,0.00694654782425229
4,110,0.003455171,-0.0144680379484131
4,111,0.012842571,-0.018550947900641
4,112,-0.021339106,0.00766619135177796
4,113,0.017194987,0.018989619932419
4,114,-0.001223049,-0.0348908578517981
4,115,-0.007247642,0.0207870075777495
4,116,-0.002242264,-0.0448801771356174
4,117,-0.027405809,0.00848809009956488
4,118,-0.00867426,-0.0653122782165465
4,119,0.004426509,-0.0183449487034973
4,120,-0.006156074,-0.0204666832764924
4,121,-0.003811894,-0.0359566663548024
4,122,0.008570758,-0.0435660484005573
4,123,0.013131249,0.00469881212553008
4,124,-0.01977191,0.03771893189532
4,125,-0.006852865,0.028718891817204
4,126,-0.013422368,0.0347715557901995
4,127,-0.016788012,-0.00458802165983714
4,128,0.006882682,-0.00821366225909577
4,129,0.009451649,-0.034388444175655
4,130,-0.018748669,-0.0229463350515219
4,131,0.011600551,0.0345345671017883
5,1,0.00453541,-0.0125963555773356
5,2,0.004881862,-0.0407633182369832
5,3,0.003057392,-0.022373533933063
5,4,-0.010532058,0.0316097544349471
5,5,0.021764786,-0.018801079700776
5,6,0.020708088,0.00433973843071973
5,7,-0.001727368,0.0119662275535405
5,8,-0.000353026,-0.0188512731775115
5,9,0.009518242,-0.00137833588470193
5,10,0.008060293,0.00852205605007011
5,11,6.7e-05,-0.0241628809305622
5,12,-0.002819266,-0.0141216102736388
5,13,0.011616042,0.00613556740166862
5,14,-0.009536449,-0.00197346399078707
5,15,0.007482156,-0.0159310929564674
5,16,-0.004682661,-0.00107929259481191
5,17,0,-0.00929049912299392
5,18,0.003787087,-0.013721835293992
5,19,0.001277036,-0.0216357739391613
5,20,0.015351349,-0.0108586959655003
5,21,-0.000900703,-0.0131982119907114
5,22,0.010022902,-0.00533905925196433
5,23,-0.000649026,0.00232593121545175
5,24,0.013831836,-0.016880342693856
5,25,0.003700767,0.000916038120871131
5,26,0.004703574,-0.0150950282854837
5,27,-0.005037669,0.00687564840734259
5,28,0.000931112,-0.00398392085667241
5,29,-0.011097557,-0.00890391309344347
5,30,0.003230749,-0.00212114227153325
5,31,0.0042358,-0.0189885828345075
5,32,-0.008090837,-0.00985165482184201
5,33,0.003905017,-0.0125283492366184
5,34,0.00612938,-0.0100770589365283
5,35,-0.015339077,-0.00322359963841073
5,36,-0.017574433,0.0107066035148819
5,37,-0.00074188,0.0145833279825231
5,38,0.017223137,-0.0109681337555199
5,39,-0.012791962,-0.015887895363853
5,40,0.019598292,-0.00370534242850055
5,41,0.004188857,-0.00431046864635394
5,42,-0.026008978,0.0373502495083813
5,43,0.012065368,-0.0171048765343711
5,44,0,0.0635892171744687
5,45,-0.033259031,-0.019086027849147
5,46,0,0.0278543514000072
5,47,0,-0.0244523192561058
5,48,0,0.00257156452871723
5,49,-0.031445668,-0.0520039446419225
5,50,0.015899612,0.0353636341462392
5,51,-0.011422256,0.0150393196607798
5,52,-0.001640942,0.0723086834750478
5,53,0.021559201,-0.0534288638669332
5,54,-0.014992412,0.0567848236483048
5,55,-0.02191092,0.0277473384480784
5,56,0.000671928,0.0736051394925638
5,57,-0.02094789,-0.0302088270342383
5,58,-0.02480792,0.0232491526360181
5,59,-0.002675136,0.0243434374378904
5,60,-0.031067697,-0.024672421325889
5,61,0.006613466,0.0704957921021292
5,62,0.012217841,-0.037196591019981
5,63,0.012705619,0.0707138317631757
5,64,0.000585715,-0.00300850736844491
5,65,-0.005838667,0.0197354084282096
5,66,-0.011244189,0.037017359843124
5,67,0.031866523,0.097447445484474
5,68,-0.001312112,0.00712751562096535
5,69,-0.039176073,-0.0079784166319326
5,70,0.00179865,0.0286556232401692
5,71,-0.010413714,-0.0379635438177001
5,72,0.01090741,-0.00611921232767364
5,73,0.016895752,-0.034194526148375
5,74,0.017830353,0.00227606388633742
5,75,0.000813447,0.0561023732783048
5,76,0.017966872,-0.0728938247659568
5,77,-0.006752557,0.0227218373033735
5,78,-0.000438122,0.024408116930729
5,79,0.024020296,-0.000152759340345396
5,80,-0.012296417,0.00129559878884561
5,81,-0.018885012,0.0235258896409287
5,82,0.000467458,0.0337649372465831
5,83,-0.019410937,-0.0561939469546035
5,84,-0.004481409,-0.0104599750237911
5,85,-0.012797735,-0.0143411991743621
5,86,-0.01984204,-0.0210807594704264
5,87,-0.02057115,0.0256812524489747
5,88,0.00131664,0.0123769155054624
5,89,0.006829299,0.00265186681916277
5,90,0.007660418,0.0635243979107519
5,91,-0.00627255,-0.0151935984347467
5,92,0.027223014,0.0680054234197267
5,93,0.005185917,0.0130594454930905
5,94,-0.003889532,0.0327502539279548
5,95,-0.001140142,-0.0259904473160898
5,96,0.026693466,0.0124682779143375
5,97,-0.011263534,0.0284967843553484
5,98,-0.029034363,-0.0117395224004936
5,99,-0.011534794,0.00443262154282751
5,100,0,-0.0260338764798597
5,101,-0.0023284,-0.0312798954710277
5,102,-0.006264984,-0.0165633462537746
5,103,0.022527417,-0.0152455667478405
5,104,0.007679093,0.00165456388869851
5,105,-0.000716823,0.00454051267723991
5,106,0.026642449,-0.0111021204818409
5,107,-0.005887121,0.0354635879507655
5,108,-0.016505065,0.0154693102413474
5,109,0.003455171,0.012943455580002
5,110,0.012842571,-0.0251972207509044
5,111,-0.021339106,-0.0135442521650402
5,112,0.017194987,0.00563923429993476
5,113,-0.001223049,0.00477041137016483
5,114,-0.007247642,0.0366676327562501
5,115,-0.002242264,-0.0426833432514198
5,116,-0.027405809,0.0148358574477386
5,117,-0.00867426,-0.0301766272134464
5,118,0.004426509,0.0300720647066561
5,119,-0.006156074,-0.0421566735798265
5,120,-0.003811894,0.00433344162254439
5,121,0.008570758,-0.0255476864508299
5,122,0.013131249,0.0085963163154888
5,123,-0.01977191,0.0195651168054512
5,124,-0.006852865,0.0120087853946626
5,125,-0.013422368,0.0471201337184893
5,126,-0.016788012,0.00764817154691653
5,127,0.006882682,-0.021487607722483
5,128,0.009451649,0.00485272590353747
5,129,-0.018748669,0.00519832025048583
5,130,0.011600551,0.0278868821497159
5,131,0.015099904,-0.0149580046566113
6,1,0.004881862,-0.0376357866136103
6,2,0.003057392,-0.0381144506250742
6,3,-0.010532058,0.000226252237354455
6,4,0.021764786,-0.017912211640664
6,5,0.020708088,0.00584334312004976
6,6,-0.001727368,0.0117662089936259
6,7,-0.000353026,-0.0155644251187823
6,8,0.009518242,0.014625139413471
6,9,0.008060293,0.0184280160600109
6,10,6.7e-05,-0.0129851000474544
6,11,-0.002819266,-0.0120965717357103
6,12,0.011616042,0.00547294099854875
6,13,-0.009536449,0.00472401135012044
6,14,0.007482156,-0.00875877123063074
6,15,-0.004682661,-0.0147213301676799
6,16,0,0.00609924262622459
6,17,0.003787087,-0.00611231052679015
6,18,0.001277036,-0.0126717385108262
6,19,0.015351349,-0.00982535730328916
6,20,-0.000900703,-0.0183329899020822
6,21,0.010022902,-0.00819694748832782
6,22,-0.000649026,-0.0101745036135227
6,23,0.013831836,-0.00856670678184443
6,24,0.003700767,-0.00536517098535449
6,25,0.004703574,-0.00605400270621387
6,26,-0.005037669,-0.00156273643365716
6,27,0.000931112,0.00655018733419428
6,28,-0.011097557,-0.00524246699177026
6,29,0.003230749,0.000300398133836906
6,30,0.0042358,-0.0228364915254212
6,31,-0.008090837,-0.0125516512333067
6,32,0.003905017,-0.00857322301647075
6,33,0.00612938,-0.0078340717075029
6,34,-0.015339077,-0.000927348000132659
6,35,-0.017574433,0.0094997778722183
6,36,-0.00074188,0.00658931233586243
6,37,0.017223137,-0.00833922547941379
6,38,-0.012791962,-0.0160831470381146
6,39,0.019598292,-0.00358038633525767
6,40,0.004188857,-0.0216932766123494
6,41,-0.026008978,0.0302457744995825
6,42,0.012065368,-0.0018373812627575
6,43,0,0.0483820065264079
6,44,-0.033259031,0.0240854190449501
6,45,0,-0.00135539375995175
6,46,0,-0.0133180761813477
6,47,0,0.0150340718306912
6,48,-0.031445668,-0.0192569399480909
6,49,0.015899612,0.0324567502441835
6,50,-0.011422256,-0.0429737288664493
6,51,-0.001640942,0.0663993402698536
6,52,0.021559201,-0.0030741238158744
6,53,-0.014992412,0.0350856525577165
6,54,-0.02191092,0.0512085610454037
6,55,0.000671928,0.0470288277485768
6,56,-0.02094789,-0.00992285380674861
6,57,-0.02480792,0.0236982611743911
6,58,-0.002675136,0.00635596862422036
6,59,-0.031067697,-0.0423348300018915
6,60,0.006613466,0.0493269573072233
6,61,0.012217841,-0.011101705544555
6,62,0.012705619,0.0235590630163269
6,63,0.000585715,0.00864630035339762
6,64,-0.005838667,0.0275025103623847
6,65,-0.011244189,-0.000153455309750901
6,66,0.031866523,0.0504604556580897
6,67,-0.001312112,0.011413187789485
6,68,-0.039176073,-0.00352669874926841
6,69,0.00179865,0.0296714395047551
6,70,-0.010413714,-0.000476207068526714
6,71,0.01090741,0.0808845673267672
6,72,0.016895752,-0.0443620024711976
6,73,0.017830353,-0.0171758720087749
6,74,0.000813447,0.00282434445500855
6,75,0.017966872,-0.0567316821910767
6,76,-0.006752557,-0.00210520325831368
6,77,-0.000438122,0.00322371847379941
6,78,0.024020296,-0.00439144574671579
6,79,-0.012296417,0.000395465451312355
6,80,-0.018885012,0.048016535292262
6,81,0.000467458,0.027261647669583
6,82,-0.019410937,-0.0241537455881492
6,83,-0.004481409,0.0298019783858359
6,84,-0.012797735,-0.0243748451117404
6,85,-0.01984204,-0.0233141303131418
6,86,-0.02057115,0.0110353265102864
6,87,0.00131664,0.0102325791105452
6,88,0.006829299,0.00520594520141562
6,89,0.007660418,0.0282972835469902
6,90,-0.00627255,-0.0132728256686689
6,91,0.027223014,0.039126054750449
6,92,0.005185917,0.00933102725983058
6,93,-0.003889532,0.0361146503730619
6,94,-0.001140142,-0.0165030725708636
6,95,0.026693466,0.0144632070537547
6,96,-0.011263534,0.0282917495416055
6,97,-0.029034363,-0.00225245291442523
6,98,-0.011534794,-0.00226160555017176
6,99,0,0.0129642388680804
6,100,-0.0023284,0.0276468015822377
6,101,-0.006264984,-0.0312957201050299
6,102,0.022527417,-0.0374333174166813
6,103,0.007679093,-0.0262003291516712
6,104,-0.000716823,0.00919711838437982
6,105,0.026642449,0.00342057550324354
6,106,-0.005887121,0.021727707727725
6,107,-0.016505065,0.0333032780357429
6,108,0.003455171,-0.00207361113677285
6,109,0.012842571,-0.00324622771186321
6,110,-0.021339106,0.0100222815155782
6,111,0.017194987,-0.00336646751226335
6,112,-0.001223049,-0.013806933342441
6,113,-0.007247642,0.0490323689547837
6,114,-0.002242264,-0.00759206719916726
6,115,-0.027405809,0.0235305034452673
6,116,-0.00867426,0.00323706068116524
6,117,0.004426509,0.0032248894147051
6,118,-0.006156074,-0.032751353977544
6,119,-0.003811894,-0.0311332066271542
6,120,0.008570758,-0.011773514727503
6,121,0.013131249,-0.0108659874351377
6,122,-0.01977191,0.0250444973827177
6,123,-0.006852865,0.00740095347966998
6,124,-0.013422368,0.00933129525018403
6,125,-0.016788012,0.0234685534880252
6,126,0.006882682,-0.00309763726036562
6,127,0.009451649,-0.0228055912417624
6,128,-0.018748669,-0.0305940740218198
6,129,0.011600551,0.0278844049128004
6,130,0.015099904,-0.0128527179453038
6,131,0.00564342,0.0426486701855596
7,1,0.003057392,-0.0292020597314509
7,2,-0.010532058,-4.0204816415969e-05
7,3,0.021764786,-0.0256963254889803
7,4,0.020708088,0.0180317356568034
7,5,-0.001727368,0.0135240175213221
7,6,-0.000353026,-0.0108859628258629
7,7,0.009518242,0.00934244954816106
7,8,0.008060293,0.00701981246414989
7,9,6.7e-05,-0.0140409806252655
7,10,-0.002819266,-0.0150438437315164
7,11,0.011616042,0.0223194050177371
7,12,-0.009536449,-0.00232666612124335
7,13,0.007482156,-0.0062875796604316
7,14,-0.004682661,-0.00862028978333018
7,15,0,0.00677064512699213
7,16,0.003787087,-0.0136594572215936
7,17,0.001277036,-0.0132887339651518
7,18,0.015351349,-0.00733321177413431
7,19,-0.000900703,-0.0100448757840639
7,20,0.010022902,-0.0123348433247981
7,21,-0.000649026,0.00103067299459025
7,22,0.013831836,-0.0127932270407581
7,23,0.003700767,-0.00546816935990481
7,24,0.004703574,-0.00654994056480016
7,25,-0.005037669,-0.00262712598584905
7,26,0.000931112,0.00645191981475508
7,27,-0.011097557,-0.00900857055672727
7,28,0.003230749,0.00646997346045747
7,29,0.0042358,-0.0153316475012858
7,30,-0.008090837,-0.00364440247930275
7,31,0.003905017,-0.00972558490030058
7,32,0.00612938,-0.00578017119398185
7,33,-0.015339077,-0.00215516574407837
7,34,-0.017574433,0.0011630634000087
7,35,-0.00074188,0.00466092529462683
7,36,0.017223137,-0.00746960113625443
7,37,-0.012791962,-0.000684117422531233
7,38,0.019598292,-0.000166178645692319
7,39,0.004188857,-0.00833812806657071
7,40,-0.026008978,0.0245067845107317
7,41,0.012065368,-0.0264897332554754
7,42,0,0.0492601380033226
7,43,-0.033259031,0.00166686970276328
7,44,0,-0.0191264911685028
7,45,0,-0.0428053010194379
7,46,0,-0.0141860775736181
7,47,-0.031445668,-0.0573872024269557
7,48,0.015899612,0.020945549233825
7,49,-0.011422256,-0.0456531110295062
7,50,-0.001640942,0.0599858919868195
7,51,0.021559201,-0.0475522395863452
7,52,-0.014992412,0.0439666116749215
7,53,-0.02191092,0.0123430815841299
7,54,0.000671928,0.0420281783385862
7,55,-0.02094789,-0.0436107687598347
7,56,-0.02480792,-0.0290549988582722
7,57,-0.002675136,-0.00995183031955072
7,58,-0.031067697,-0.0533978588964085
7,59,0.006613466,-0.0223671715617885
7,60,0.012217841,-0.0368046770220695
7,61,0.012705619,0.0394059837992297
7,62,0.000585715,-0.0185388764536217
7,63,-0.005838667,0.0350960456089554
7,64,-0.011244189,-0.0110591686519508
7,65,0.031866523,0.0576027834038514
7,66,-0.001312112,0.00224585306115452
7,67,-0.039176073,0.00897132387924882
7,68,0.00179865,0.0469564983662739
7,69,-0.010413714,-0.00363038478391698
7,70,0.01090741,0.0509629658283689
7,71,0.016895752,-0.0699274874478147
7,72,0.017830353,-0.0113434528633702
7,73,0.000813447,-0.00786894516933639
7,74,0.017966872,-0.0623141664184594
7,75,-0.006752557,-0.0335906491842587
7,76,-0.000438122,0.0114810161951037
7,77,0.024020296,-0.00548974922910788
7,78,-0.012296417,0.000343582537336152
7,79,-0.018885012,0.0520704640176472
7,80,0.000467458,0.017433783281825
7,81,-0.019410937,-0.0324056172373581
7,82,-0.004481409,0.00685562130577753
7,83,-0.012797735,-0.0406874863529444
7,84,-0.01984204,-0.0217342470797531
7,85,-0.02057115,-0.0384524218322649
7,86,0.00131664,-0.0082693239907782
7,87,0.006829299,-0.0151237264123273
7,88,0.007660418,0.0287568012725903
7,89,-0.00627255,-0.00818836576206044
7,90,0.027223014,0.042354130097419
7,91,0.005185917,0.0326352298117323
7,92,-0.003889532,0.0302397078139523
7,93,-0.001140142,-0.0111154188102686
7,94,0.026693466,0.019935097374479
7,95,-0.011263534,0.016718615416496
7,96,-0.029034363,-0.000695831756538194
7,97,-0.011534794,0.0293881118821134
7,98,0,-0.00100460402685067
7,99,-0.0023284,0.0369447301226074
7,100,-0.006264984,-0.0338341688340466
7,101,0.022527417,-0.0180700307742137
7,102,0.007679093,-0.00903923735950959
7,103,-0.000716823,0.00131635547902307
7,104,0.026642449,-0.00604959267964016
7,105,-0.005887121,0.0360246533523182
7,106,-0.016505065,0.0080537299316767
7,107,0.003455171,0.0101726872290631
7,108,0.012842571,-0.0119431769416257
7,109,-0.021339106,0.0159564494339292
7,110,0.017194987,-0.00314594853192983
7,111,-0.001223049,-0.0240339835992684
7,112,-0.007247642,0.0291764025862326
7,113,-0.002242264,-0.0487256932933534
7,114,-0.027405809,0.0108966344642799
7,115,-0.00867426,-0.0261077213251348
7,116,0.004426509,0.00209844620530501
7,117,-0.006156074,-0.0260567699965185
7,118,-0.003811894,-0.0445995479058622
7,119,0.008570758,-0.0281226551862398
7,120,0.013131249,-0.00505222899994936
7,121,-0.01977191,0.0299238585537365
7,122,-0.006852865,0.00137228463536957
7,123,-0.013422368,0.0242265639027138
7,124,-0.016788012,0.00647845078169991
7,125,0.006882682,-0.00722442104137604
7,126,0.009451649,-0.0146411482850565
7,127,-0.018748669,-0.0112930327766866
7,128,0.011600551,-0.000995916334567799
7,129,0.015099904,-0.0164887018854993
7,130,0.00564342,0.0385627188029382
7,131,0.020330369,-0.0223626257316231
8,1,-0.010532058,0.0107554666805093
8,2,0.021764786,-0.0215577786329759
8,3,0.020708088,0.000396172241878518
8,4,-0.001727368,0.0166251200940781
8,5,-0.000353026,-0.0126102420573125
8,6,0.009518242,0.0127772094729522
8,7,0.008060293,0.0157925019976536
8,8,6.7e-05,-0.0127190761826042
8,9,-0.002819266,-0.00620342346612904
8,10,0.011616042,0.00933930667054888
8,11,-0.009536449,-0.00830018190777163
8,12,0.007482156,-0.010942808995244
8,13,-0.004682661,-0.0125134406796184
8,14,0,0.00122126022391964
8,15,0.003787087,-0.020110352756215
8,16,0.001277036,-0.0191678134656705
8,17,0.015351349,-0.00629772798408891
8,18,-0.000900703,-0.0222656545546438
8,19,0.010022902,-0.00210748490613678
8,20,-0.000649026,-0.00762786492534676
8,21,0.013831836,-0.0128360749767623
8,22,0.003700767,-0.00599759213778695
8,23,0.004703574,-0.0100551961136028
8,24,-0.005037669,-0.00326714676285997
8,25,0.000931112,-0.00149586514413366
8,26,-0.011097557,-0.0179520178604647
8,27,0.003230749,-0.00364774225271169
8,28,0.0042358,-0.0218136692557494
8,29,-0.008090837,-0.0133889781582292
8,30,0.003905017,-0.0137659378596162
8,31,0.00612938,-0.0111600160184674
8,32,-0.015339077,0.00518317708486863
8,33,-0.017574433,0.00705412997821594
8,34,-0.00074188,0.00795221713092811
8,35,0.017223137,0.00964804219668268
8,36,-0.012791962,-0.0175232893865741
8,37,0.019598292,0.00614392755362725
8,38,0.004188857,-0.0142118596918658
8,39,-0.026008978,0.0429099288886863
8,40,0.012065368,-0.0117632822975103
8,41,0,0.0408204345489302
8,42,-0.033259031,0.0509830966532885
8,43,0,0.012963878576455
8,44,0,-0.0185311851043562
8,45,0,0.0382332776712399
8,46,-0.031445668,-0.00211954586622611
8,47,0.015899612,0.0399326713451087
8,48,-0.011422256,-0.00248956021671712
8,49,-0.001640942,0.0729653396719769
8,50,0.021559201,-0.0151420867710166
8,51,-0.014992412,0.0291580683660679
8,52,-0.02191092,0.0313549342488026
8,53,0.000671928,0.0561656620080916
8,54,-0.02094789,0.0201002546051218
8,55,-0.02480792,0.0194153774629541
8,56,-0.002675136,0.0185366199235016
8,57,-0.031067697,-0.0091558805652211
8,58,0.006613466,0.0296619433427178
8,59,0.012217841,-0.00603166380049264
8,60,0.012705619,0.0865112421566703
8,61,0.000585715,-0.00741424707715499
8,62,-0.005838667,0.0440017986109012
8,63,-0.011244189,0.0428940892884542
8,64,0.031866523,0.0521266938377658
8,65,-0.001312112,0.0144797951453761
8,66,-0.039176073,-0.00119357619267666
8,67,0.00179865,0.00956506842855531
8,68,-0.010413714,-0.0249208647832255
8,69,0.01090741,0.0585998793203347
8,70,0.016895752,-0.0376316888057571
8,71,0.017830353,-0.00886665517095704
8,72,0.000813447,0.0211503943045216
8,73,0.017966872,-0.0187326621039074
8,74,-0.006752557,0.0145128741753138
8,75,-0.000438122,0.0196757065181698
8,76,0.024020296,-0.00357072079820518
8,77,-0.012296417,0.0116537669599365
8,78,-0.018885012,0.0254832012372392
8,79,0.000467458,0.0235723938481158
8,80,-0.019410937,-0.0366253859445624
8,81,-0.004481409,0.00756385426913907
8,82,-0.012797735,-0.0154251843517197
8,83,-0.01984204,-0.00725066601972094
8,84,-0.02057115,-0.00870759301530696
8,85,0.00131664,0.0211271432317409
8,86,0.006829299,0.0439755333222157
8,87,0.007660418,0.0288527143368446
8,88,-0.00627255,-0.000723754305090581
8,89,0.027223014,0.0614179101470147
8,90,0.005185917,0.0171960310119118
8,91,-0.003889532,0.035362187191924
8,92,-0.001140142,-0.0146324280235155
8,93,0.026693466,0.0225366805810123
8,94,-0.011263534,0.0294108328309636
8,95,-0.029034363,0.00808396052024874
8,96,-0.011534794,-0.00786356649640657
8,97,0,-0.0133898669408396
8,98,-0.0023284,0.00913593187415046
8,99,-0.006264984,-0.0222813031438475
8,100,0.022527417,-0.026363368469994
8,101,0.007679093,-0.00111617079716873
8,102,-0.000716823,0.0205950438515577
8,103,0.026642449,0.00270662800445675
8,104,-0.005887121,0.0503096530473647
8,105,-0.016505065,0.03032499051091
8,106,0.003455171,0.00418085156840034
8,107,0.012842571,0.00417400627991626
8,108,-0.021339106,0.00931715148594875
8,109,0.017194987,0.0200495345456449
8,110,-0.001223049,-0.00494878129792935
8,111,-0.007247642,0.0445156433046561
8,112,-0.002242264,-0.0146696487813732
8,113,-0.027405809,0.0125241346833974
8,114,-0.00867426,-0.018194537965052
8,115,0.004426509,0.00554420123629177
8,116,-0.006156074,-0.00654689588209458
8,117,-0.003811894,-0.031389012973159
8,118,0.008570758,-0.00603691277390952
8,119,0.013131249,0.0213782484390842
8,120,-0.01977191,0.0181532311615826
8,121,-0.006852865,0.021057188491738
8,122,-0.013422368,0.0340449607056301
8,123,-0.016788012,0.0200303442396171
8,124,0.006882682,0.000434825400772935
8,125,0.009451649,-0.0214103460806105
8,126,-0.018748669,-0.00565032859319709
8,127,0.011600551,0.03776309696853
8,128,0.015099904,-0.00783284517751758
8,129,0.00564342,0.0749163636133644
8,130,0.020330369,-0.0168780643921988
8,131,-0.00813074,0.0069602273008691
9,1,-0.001727368,-0.000933995078350302
9,2,-0.000353026,-0.0176915897239589
9,3,0.009518242,0.015273462955412
9,4,0.008060293,0.00570107179696907
9,5,6.7e-05,-0.0144914950403118
9,6,-0.002819266,-0.0144321563023766
9,7,0.011616042,-0.00871775684646206
9,8,-0.009536449,0.0186895655782005
9,9,0.007482156,-0.0105915209703086
9,10,-0.004682661,-0.0150723386886329
9,11,0,-0.00115253976030373
9,12,0.003787087,-0.0194781208984865
9,13,0.001277036,-0.0127103107220922
9,14,0.015351349,-0.0164410826906976
9,15,-0.000900703,0.00466172905473343
9,16,0.010022902,-0.0152602590183338
9,17,-0.000649026,-0.00312852885975905
9,18,0.013831836,-0.0153004927984679
9,19,0.003700767,-0.0134698899195131
9,20,0.004703574,-0.00589966892202296
9,21,-0.005037669,-0.0138469813396919
9,22,0.000931112,0.00427195285845156
9,23,-0.011097557,-0.0119932417896625
9,24,0.003230749,0.00454213317221217
9,25,0.0042358,-0.0228004327494712
9,26,-0.008090837,-0.00102850149580346
9,27,0.003905017,-0.00921156663568494
9,28,0.00612938,-0.0039262522165213
9,29,-0.015339077,-0.0086034375039579
9,30,-0.017574433,0.0121084693976608
9,31,-0.00074188,0.00579540334815554
9,32,0.017223137,-0.00493169872408061
9,33,-0.012791962,0.00646008110749786
9,34,0.019598292,0.00382387072164076
9,35,0.004188857,-0.0110906833605828
9,36,-0.026008978,0.0213555054447985
9,37,0.012065368,-0.00624691668295528
9,38,0,0.0527581663844903
9,39,-0.033259031,-0.00177009567666463
9,40,0,0.0143441881409571
9,41,0,-0.0341896864149956
9,42,0,0.0105718492023865
9,43,-0.031445668,-0.0100400446952898
9,44,0.015899612,0.0176570584877899
9,45,-0.011422256,-0.0218862228182666
9,46,-0.001640942,0.0565038966536812
9,47,0.021559201,-0.0304356294926441
9,48,-0.014992412,0.0315813295596996
9,49,-0.02191092,0.0150237681131542
9,50,0.000671928,0.0433445390752261
9,51,-0.02094789,-0.0197705906392056
9,52,-0.02480792,0.0369119430195524
9,53,-0.002675136,-0.0313509621834001
9,54,-0.031067697,-0.0432356504148079
9,55,0.006613466,0.046189957829722
9,56,0.012217841,-0.0380024871980195
9,57,0.012705619,-0.00407451093561982
9,58,0.000585715,0.0207997930076961
9,59,-0.005838667,0.0508059074802137
9,60,-0.011244189,0.0441360344898061
9,61,0.031866523,0.0901979671599407
9,62,-0.001312112,-5.36637813258797e-05
9,63,-0.039176073,-0.00941228154288606
9,64,0.00179865,0.0323685303005501
9,65,-0.010413714,-0.00893326449294224
9,66,0.01090741,0.0489584357499878
9,67,0.016895752,-0.0440952285985464
9,68,0.017830353,-0.0368223346667227
9,69,0.000813447,-0.0240098109142144
9,70,0.017966872,-0.0135681556386496
9,71,-0.006752557,0.0200022449454046
9,72,-0.000438122,0.0407533387150131
9,73,0.024020296,-0.00871473143259286
9,74,-0.012296417,-0.00508297914652664
9,75,-0.018885012,0.0320643254767219
9,76,0.000467458,0.00626754372777955
9,77,-0.019410937,-0.0255385664534788
9,78,-0.004481409,0.0224618166946008
9,79,-0.012797735,-0.0465763108793902
9,80,-0.01984204,-0.0248776522193892
9,81,-0.02057115,-0.00918499329172321
9,82,0.00131664,-0.037821865682774
9,83,0.006829299,0.00436053504990199
9,84,0.007660418,0.0539584334287165
9,85,-0.00627255,-0.0107018209090451
9,86,0.027223014,0.0571821997859758
9,87,0.005185917,0.041219445583453
9,88,-0.003889532,0.028598832388706
9,89,-0.001140142,0.016560253667551
9,90,0.026693466,0.0239708580314785
9,91,-0.011263534,0.0109341306189892
9,92,-0.029034363,0.0171738318977041
9,93,-0.011534794,0.030525205895275
9,94,0,-0.00468422562679944
9,95,-0.0023284,0.0237042582384269
9,96,-0.006264984,-0.0180098635265388
9,97,0.022527417,-0.0323875229863084
9,98,0.007679093,0.0149639905613853
9,99,-0.000716823,0.0122230634661939
9,100,0.026642449,0.0243055643750854
9,101,-0.005887121,0.0484194293574932
9,102,-0.016505065,0.0067622505781584
9,103,0.003455171,0.0102272787331337
9,104,0.012842571,-0.00801085234606025
9,105,-0.021339106,-0.000119278270621298
9,106,0.017194987,0.0213505449520555
9,107,-0.001223049,-0.00900776387357258
9,108,-0.007247642,0.0363931432584138
9,109,-0.002242264,-0.0401826793688878
9,110,-0.027405809,0.00621423221094396
9,111,-0.00867426,0.00965938410505013
9,112,0.004426509,-0.0133783966935253
9,113,-0.006156074,-0.0550720097171606
9,114,-0.003811894,-0.00535285518633373
9,115,0.008570758,-0.0159250665885844
9,116,0.013131249,-0.00784223628045497
9,117,-0.01977191,0.0394498900920461
9,118,-0.006852865,0.0174121214607341
9,119,-0.013422368,0.0554742069785889
9,120,-0.016788012,0.0188785859635302
9,121,0.006882682,-0.016088629192714
9,122,0.009451649,-0.028006902117207
9,123,-0.018748669,-0.0108915327175642
9,124,0.011600551,0.0292787173686119
9,125,0.015099904,-0.00229761801807774
9,126,0.00564342,0.0378800919253472
9,127,0.020330369,-0.0104523456344298
9,128,-0.00813074,0.0201681240227407
9,129,-0.022071403,0.00242160916935675
9,130,0.032403707,0.00129544216441149
9,131,-0.002417685,0.0108033321900783
10,1,-0.000353026,-0.0227664952170908
10,2,0.009518242,0.00911903682786023
10,3,0.008060293,-0.00530113997330871
10,4,6.7e-05,-0.0109006220864615
10,5,-0.002819266,-0.00358976930042486
10,6,0.011616042,0.00178041181000061
10,7,-0.009536449,0.00367893402534856
10,8,0.007482156,-0.023793687562674
10,9,-0.004682661,0.000247362748067613
10,10,0,-0.010540198465772
10,11,0.003787087,-0.00690092576187287
10,12,0.001277036,-0.0116724507368005
10,13,0.015351349,-0.016545494816353
10,14,-0.000900703,0.00316231274226547
10,15,0.010022902,-0.0260471809615085
10,16,-0.000649026,0.00385274090916297
10,17,0.013831836,-0.0220616222304734
10,18,0.003700767,-0.000783859279390496
10,19,0.004703574,-0.00375055437352824
10,20,-0.005037669,-0.00530886755682955
10,21,0.000931112,-0.00187819142896297
10,22,-0.011097557,-0.0159018347963696
10,23,0.003230749,-0.00419677396082354
10,24,0.0042358,-0.0170725153319617
10,25,-0.008090837,-0.00694628812044087
10,26,0.003905017,-0.00953791620915991
10,27,0.00612938,-0.000896531843172949
10,28,-0.015339077,-0.00892046597844735
10,29,-0.017574433,0.00786426815392123
10,30,-0.00074188,-0.000182425609050886
10,31,0.017223137,-0.0129535416330055
10,32,-0.012791962,-0.00957256061510811
10,33,0.019598292,-0.00434946705130199
10,34,0.004188857,-0.00055882052472428
10,35,-0.026008978,0.00838277151996801
10,36,0.012065368,-0.0105656811409437
10,37,0,0.0547359621545575
10,38,-0.033259031,-0.0200615000501326
10,39,0,0.0390409644131947
10,40,0,-0.0295032179624034
10,41,0,-0.0169875625704188
10,42,-0.031445668,-0.00166235586810579
10,43,0.015899612,0.0103804700319637
10,44,-0.011422256,-0.0170363716567407
10,45,-0.001640942,0.0732083754811835
10,46,0.021559201,-0.0335439448426528
10,47,-0.014992412,0.0170151841656827
10,48,-0.02191092,-0.000612997042176956
10,49,0.000671928,0.0630284032010811
10,50,-0.02094789,-0.00578247859778965
10,51,-0.02480792,0.0157906450032499
10,52,-0.002675136,-0.0282909068337493
10,53,-0.031067697,-0.0345710389224008
10,54,0.006613466,0.0819565419492716
10,55,0.012217841,-0.0344640474863272
10,56,0.012705619,0.0162463524804109
10,57,0.000585715,-0.00315874638581827
10,58,-0.005838667,0.0300814365410554
10,59,-0.011244189,0.014825189163638
10,60,0.031866523,0.0772975239934293
10,61,-0.001312112,0.0164224914884492
10,62,-0.039176073,-0.0150908908563689
10,63,0.00179865,0.0448403220218215
10,64,-0.010413714,-0.00735561305131937
10,65,0.01090741,0.0278693221295144
10,66,0.016895752,-0.0493906803803125
10,67,0.017830353,-0.00392300882950273
10,68,0.000813447,-0.0385439911727932
10,69,0.017966872,-0.0274402354225671
10,70,-0.006752557,0.018737393733036
10,71,-0.000438122,-0.00412072217959299
10,72,0.024020296,-0.00650456414537373
10,73,-0.012296417,0.0248619323507166
10,74,-0.018885012,0.0127697461589073
10,75,0.000467458,0.0308234389826364
10,76,-0.019410937,-0.0373033204278172
10,77,-0.004481409,0.00962140243903652
10,78,-0.012797735,-0.0474180521851142
10,79,-0.01984204,-0.0179731838037661
10,80,-0.02057115,0.0382494619345414
10,81,0.00131664,-0.00332037612383774
10,82,0.006829299,0.00725843590540823
10,83,0.007660418,0.0261293278299226
10,84,-0.00627255,-0.0157722990478723
10,85,0.027223014,0.0378216704160879
10,86,0.005185917,0.042823010983095
10,87,-0.003889532,0.0257930661963649
10,88,-0.001140142,-0.0114021888235487
10,89,0.026693466,0.0208748026667641
10,90,-0.011263534,0.0214328107947547
10,91,-0.029034363,0.00414148443312146
10,92,-0.011534794,0.00243678325824567
10,93,0,-0.0173425310815776
10,94,-0.0023284,0.00322291394615563
10,95,-0.006264984,-0.0310100546508861
10,96,0.022527417,-0.0203123519293223
10,97,0.007679093,-0.00753416133581076
10,98,-0.000716823,0.0183493988473154
10,99,0.026642449,-0.00236857782898758
10,100,-0.005887121,0.0508111851153105
10,101,-0.016505065,-0.0293180777443888
10,102,0.003455171,0.000625241225054573
10,103,0.012842571,0.00368822998912323
10,104,-0.021339106,-0.0119764165019912
10,105,0.017194987,0.00967551110764611
10,106,-0.001223049,0.0139331864042163
10,107,-0.007247642,0.00692671705435116
10,108,-0.002242264,-0.0171978354026825
10,109,-0.027405809,0.0121326378923198
10,110,-0.00867426,-0.0102193588038804
10,111,0.004426509,0.00341529022025078
10,112,-0.006156074,-0.0337568340732369
10,113,-0.003811894,-0.0119949687724162
10,114,0.008570758,-0.010214831002718
10,115,0.013131249,-0.000294899826166145
10,116,-0.01977191,0.0344723061504527
10,117,-0.006852865,-0.00468852451410218
10,118,-0.013422368,0.0416097759720822
10,119,-0.016788012,0.00129470189554461
10,120,0.006882682,-0.0156115524330134
10,121,0.009451649,-0.0279321380408248
10,122,-0.018748669,-0.0197232249116442
10,123,0.011600551,0.0484213980409648
10,124,0.015099904,0.00160624177293414
10,125,0.00564342,0.0265174503958334
10,126,0.020330369,-0.0119628649388155
10,127,-0.00813074,0.0258692711222876
10,128,-0.022071403,-0.039541805644351
10,129,0.032403707,0.00688722571372146
10,130,-0.002417685,0.0246089374565488
10,131,0.023093235,-0.00586408481291199
11,1,0.009518242,0.00849592040531223
11,2,0.008060293,0.0134346766259236
11,3,6.7e-05,-0.0241952954838181
11,4,-0.002819266,-0.0288593361282586
11,5,0.011616042,0.0188494666521711
11,6,-0.009536449,0.000741429459894719
11,7,0.007482156,-0.0128185676747328
11,8,-0.004682661,-0.0181615471998045
11,9,0,0.00779787218643895
11,10,0.003787087,-0.0225965457456806
11,11,0.001277036,-0.0112110899617447
11,12,0.015351349,-0.00446790536963933
11,13,-0.000900703,-0.0145531088612472
11,14,0.010022902,-0.0168466180802826
11,15,-0.000649026,-0.0102341810186897
11,16,0.013831836,-0.0169062793636223
11,17,0.003700767,-0.0142088657229915
11,18,0.004703574,-0.0040640114836056
11,19,-0.005037669,-0.00780007210751897
11,20,0.000931112,0.0143231137380181
11,21,-0.011097557,-0.0180668457306631
11,22,0.003230749,0.0117561193824101
11,23,0.0042358,-0.0223761309676328
11,24,-0.008090837,0.000838158955288171
11,25,0.003905017,-0.0102040790015186
11,26,0.00612938,-0.00335990702895445
11,27,-0.015339077,0.00116287171139754
11,28,-0.017574433,0.00388799283203774
11,29,-0.00074188,0.00846754167092974
11,30,0.017223137,0.013870535267469
11,31,-0.012791962,-0.00499777014305455
11,32,0.019598292,-0.00358538938698768
11,33,0.004188857,0.00425663251240124
11,34,-0.026008978,0.022140670960256
11,35,0.012065368,-0.0382120453993867
11,36,0,0.0712133712752352
11,37,-0.033259031,0.0273980053083802
11,38,0,-0.0163586798322613
11,39,0,-0.0261249165436868
11,40,0,0.0257450103444628
11,41,-0.031445668,-0.0367659350761717
11,42,0.015899612,0.0111388765967999
11,43,-0.011422256,0.0201626195245983
11,44,-0.001640942,0.0656095202710446
11,45,0.021559201,-0.0326965283905535
11,46,-0.014992412,0.0520944773917499
11,47,-0.02191092,0.0178561138386795
11,48,0.000671928,0.0542956353755303
11,49,-0.02094789,-0.00255013490109776
11,50,-0.02480792,0.0185011549171611
11,51,-0.002675136,-0.00546681343218616
11,52,-0.031067697,0.0211056503367448
11,53,0.006613466,0.0470212916545802
11,54,0.012217841,0.0187315434402896
11,55,0.012705619,0.0798649812666975
11,56,0.000585715,-0.00686024019891166
11,57,-0.005838667,0.0428356750689494
11,58,-0.011244189,0.032999622278464
11,59,0.031866523,0.0930669414804799
11,60,-0.001312112,0.0101740763746096
11,61,-0.039176073,-0.00889936652877985
11,62,0.00179865,0.0223360969017902
11,63,-0.010413714,-0.0355405719317858
11,64,0.01090741,0.0374758197296585
11,65,0.016895752,-0.0627171481694325
11,66,0.017830353,0.00654308001923486
11,67,0.000813447,0.00506873152430486
11,68,0.017966872,-0.0232572459591395
11,69,-0.006752557,0.00175294444647818
11,70,-0.000438122,0.0465297002437513
11,71,0.024020296,-0.0321197760595235
11,72,-0.012296417,-0.0170544326886675
11,73,-0.018885012,0.0524890513747351
11,74,0.000467458,0.00289126664741255
11,75,-0.019410937,-0.049168491352644
11,76,-0.004481409,0.0100162156268905
11,77,-0.012797735,-0.0280610885875082
11,78,-0.01984204,0.00296631639505898
11,79,-0.02057115,0.00513295019859634
11,80,0.00131664,0.00466234211706774
11,81,0.006829299,0.0734257872788911
11,82,0.007660418,0.0637178009323125
11,83,-0.00627255,0.00957545834957367
11,84,0.027223014,0.0534192446182512
11,85,0.005185917,0.0443585287041948
11,86,-0.003889532,0.0222511320434503
11,87,-0.001140142,-0.0221461834736867
11,88,0.026693466,0.0335571907942709
11,89,-0.011263534,0.021409887955115
11,90,-0.029034363,0.0203068029853059
11,91,-0.011534794,-0.0094179048011626
11,92,0,0.00206582495050093
11,93,-0.0023284,0.00671339826411783
11,94,-0.006264984,-0.00290009292934344
11,95,0.022527417,0.00219330521422162
11,96,0.007679093,-0.00162901096841353
11,97,-0.000716823,0.00710421371810188
11,98,0.026642449,-0.00670741547394183
11,99,-0.005887121,0.0506813056081261
11,100,-0.016505065,0.0188727378666082
11,101,0.003455171,-0.0189877450807684
11,102,0.012842571,-0.0151370297499143
11,103,-0.021339106,-0.000280854251997225
11,104,0.017194987,0.00718472552722907
11,105,-0.001223049,0.00182591539611175
11,106,-0.007247642,0.0433575641498146
11,107,-0.002242264,-0.0589565592204089
11,108,-0.027405809,0.0249929028318088
11,109,-0.00867426,0.00885318188654846
11,110,0.004426509,0.00135286886454052
11,111,-0.006156074,-0.00676994225821286
11,112,-0.003811894,-0.0155394781044283
11,113,0.008570758,-0.00444520370217756
11,114,0.013131249,0.0216637039188167
11,115,-0.01977191,0.0240982280077576
11,116,-0.006852865,-0.00483316009589436
11,117,-0.013422368,0.065778073644042
11,118,-0.016788012,0.0234689014748326
11,119,0.006882682,-0.0176951260295923
11,120,0.009451649,0.0189326619897558
11,121,-0.018748669,0.017116726130472
11,122,0.011600551,0.0267868071873869
11,123,0.015099904,0.00743459559669604
11,124,0.00564342,0.0527492974270283
11,125,0.020330369,-0.0390503968805666
11,126,-0.00813074,0.00789814091472725
11,127,-0.022071403,0.0287799215698519
11,128,0.032403707,0.00238814046815606
11,129,-0.002417685,-0.0168858818871944
11,130,0.023093235,0.0228003695486059
11,131,-0.00074214,-0.061809873484611
12,1,0.008060293,0.0217649494632658
12,2,6.7e-05,-0.0138326549189077
12,3,-0.002819266,-0.0111413431977815
12,4,0.011616042,0.00456653870048041
12,5,-0.009536449,-0.0106123601108997
12,6,0.007482156,-0.0103912019156201
12,7,-0.004682661,-0.00987802537037036
12,8,0,-0.00652596868591708
12,9,0.003787087,-0.016539539382238
12,10,0.001277036,-0.0142658229770471
12,11,0.015351349,-0.0172271070879558
12,12,-0.000900703,-0.00890023318603373
12,13,0.010022902,-0.0228672267494522
12,14,-0.000649026,-0.0033071650945452
12,15,0.013831836,-0.0189665967526379
12,16,0.003700767,-0.00561778868445552
12,17,0.004703574,-0.0101931305760635
12,18,-0.005037669,-0.00703939327237835
12,19,0.000931112,-0.0088120018515292
12,20,-0.011097557,-0.0145072650929201
12,21,0.003230749,-0.00865987800254849
12,22,0.0042358,-0.0208205086168529
12,23,-0.008090837,-0.0147604228681235
12,24,0.003905017,-0.01161667582829
12,25,0.00612938,-0.0109322335254191
12,26,-0.015339077,-0.00838941271240258
12,27,-0.017574433,-0.00261507947190898
12,28,-0.00074188,-0.0254385526768309
12,29,0.017223137,-0.00866254924028448
12,30,-0.012791962,-0.0149164305885182
12,31,0.019598292,0.0081540824584646
12,32,0.004188857,0.00506297377096978
12,33,-0.026008978,0.0193855189514604
12,34,0.012065368,-0.00883910309461224
12,35,0,0.0514539127117547
12,36,-0.033259031,0.0264507087006307
12,37,0,0.032429969901542
12,38,0,-0.0318455917470095
12,39,0,0.0295211667646317
12,40,-0.031445668,-0.00429980123491893
12,41,0.015899612,-0.0205531246597707
12,42,-0.011422256,-0.0179716133837502
12,43,-0.001640942,0.0675515420289601
12,44,0.021559201,-0.0598385781131574
12,45,-0.014992412,0.0668295381123414
12,46,-0.02191092,0.0279542972775499
12,47,0.000671928,0.0205063338449188
12,48,-0.02094789,-0.037477628762057
12,49,-0.02480792,0.00936529455318744
12,50,-0.002675136,-0.00735376143904786
12,51,-0.031067697,-0.0289878348898188
12,52,0.006613466,0.0514765401616284
12,53,0.012217841,-0.0271211762946426
12,54,0.012705619,0.035923060676275
12,55,0.000585715,0.0155671865150083
12,56,-0.005838667,0.0382207292375008
12,57,-0.011244189,-0.0213809038781473
12,58,0.031866523,0.0336124650329281
12,59,-0.001312112,0.00734265296573094
12,60,-0.039176073,-0.0240708684635306
12,61,0.00179865,0.048937012701743
12,62,-0.010413714,-0.0113350054853248
12,63,0.01090741,0.104353496127422
12,64,0.016895752,-0.0337497212223649
12,65,0.017830353,-0.00119617770906471
12,66,0.000813447,-0.0104003190273178
12,67,0.017966872,-0.0358131675079573
12,68,-0.006752557,-0.0227754630112873
12,69,-0.000438122,0.02075577510473
12,70,0.024020296,-0.00548161992013605
12,71,-0.012296417,0.00673210782570893
12,72,-0.018885012,0.0349066923390088
12,73,0.000467458,0.0231154701514954
12,74,-0.019410937,-0.0298566303232158
12,75,-0.004481409,0.0206319669831196
12,76,-0.012797735,-0.0150450338843799
12,77,-0.01984204,-0.0155386235665162
12,78,-0.02057115,-0.00474027713365245
12,79,0.00131664,-0.0308050250178986
12,80,0.006829299,-0.0199861485367537
12,81,0.007660418,0.0189227834529563
12,82,-0.00627255,-0.00789236816052727
12,83,0.027223014,0.0347145537619167
12,84,0.005185917,0.0436943611890062
12,85,-0.003889532,0.0242027490507655
12,86,-0.001140142,-0.0241282542080506
12,87,0.026693466,0.0243894679783628
12,88,-0.011263534,0.0305107962199435
12,89,-0.029034363,0.0070499750412618
12,90,-0.011534794,-0.00692079383047683
12,91,0,-0.00156781485024888
12,92,-0.0023284,0.0388760719087477
12,93,-0.006264984,-0.00657751486855973
12,94,0.022527417,-0.0144528049204454
12,95,0.007679093,-0.0051728044507883
12,96,-0.000716823,0.00876079062623042
12,97,0.026642449,-0.0216909409621731
12,98,-0.005887121,0.0691655383868754
12,99,-0.016505065,0.015566359840249
12,100,0.003455171,0.00390016545417699
12,101,0.012842571,0.000113970194021171
12,102,-0.021339106,-0.00837344141122765
12,103,0.017194987,0.0287134053053695
12,104,-0.001223049,-0.00208331521949593
12,105,-0.007247642,0.0217231952055156
12,106,-0.002242264,-0.0117811302282856
12,107,-0.027405809,0.00449848694436479
12,108,-0.00867426,0.00755243947813099
12,109,0.004426509,-0.0247229639437562
12,110,-0.006156074,-0.0251728977489173
12,111,-0.003811894,-0.017452911557897
12,112,0.008570758,-0.010023936350806
12,113,0.013131249,-0.00740662745452748
12,114,-0.01977191,0.0187845640106484
12,115,-0.006852865,-0.0206798539349541
12,116,-0.013422368,0.00342164259052159
12,117,-0.016788012,0.0121161006028224
12,118,0.006882682,-0.0126480930265827
12,119,0.009451649,-0.0118573402833405
12,120,-0.018748669,-0.00757993808286371
12,121,0.011600551,0.0262793338787839
12,122,0.015099904,-0.0226436787702865
12,123,0.00564342,0.0504298538753597
12,124,0.020330369,-0.00685123272720751
12,125,-0.00813074,0.0270666638318766
12,126,-0.022071403,0.0139964503797414
12,127,0.032403707,-0.010948963906784
12,128,-0.002417685,0.0355858747660642
12,129,0.023093235,0.00760295451371372
12,130,-0.00074214,0.0561303643390517
12,131,0.012185822,-0.0208525308751782
13,1,6.7e-05,-0.00548394173105342
13,2,-0.002819266,-0.0168914277658819
13,3,0.011616042,0.0076906882073845
13,4,-0.009536449,0.0081644513177409
13,5,0.007482156,-0.0141084542476629
13,6,-0.004682661,-0.00616513668230184
13,7,0,-0.00524012188569678
13,8,0.003787087,-0.00263081799658477
13,9,0.001277036,-0.0238415297085002
13,10,0.015351349,-0.00518725861884781
13,11,-0.000900703,-0.00732050861612764
13,12,0.010022902,-0.00864891039135721
13,13,-0.000649026,0.00506215536901928
13,14,0.013831836,-0.0188882181764979
13,15,0.003700767,0.00511839942309828
13,16,0.004703574,-0.00963868434529619
13,17,-0.005037669,0.00512151850303295
13,18,0.000931112,0.00252814301284808
13,19,-0.011097557,-0.0138940373793294
13,20,0.003230749,-0.00552490654434402
13,21,0.0042358,-0.0221601585489544
13,22,-0.008090837,-0.00905330287527721
13,23,0.003905017,-0.00632276240965308
13,24,0.00612938,-0.00880100554859626
13,25,-0.015339077,-0.00174163106987234
13,26,-0.017574433,0.0107517881509739
13,27,-0.00074188,0.00433466585421507
13,28,0.017223137,-0.0228369448764403
13,29,-0.012791962,-0.00413651028751117
13,30,0.019598292,-0.00470900523727228
13,31,0.004188857,-0.00848997462274195
13,32,-0.026008978,0.0339835565195968
13,33,0.012065368,0.00526277156993205
13,34,0,0.0587177872923582
13,35,-0.033259031,-0.00446535525287806
13,36,0,0.0125668586584408
13,37,0,-0.0472370814242296
13,38,0,0.00569018150361387
13,39,-0.031445668,-0.0255492717202586
13,40,0.015899612,0.0384251781528036
13,41,-0.011422256,-0.0306438832956369
13,42,-0.001640942,0.065850746312922
13,43,0.021559201,-0.0350097379609257
13,44,-0.014992412,0.0520195811832554
13,45,-0.02191092,0.03426912158664
13,46,0.000671928,0.0739220600869614
13,47,-0.02094789,-0.0601614293701703
13,48,-0.02480792,-0.00619856887550186
13,49,-0.002675136,0.00997410194014486
13,50,-0.031067697,-0.0300995742055951
13,51,0.006613466,0.039008967393324
13,52,0.012217841,-0.00560293166547979
13,53,0.012705619,0.0717029721036228
13,54,0.000585715,-0.0250920492050449
13,55,-0.005838667,0.0301021224313389
13,56,-0.011244189,0.0140040823675879
13,57,0.031866523,0.0749288816218748
13,58,-0.001312112,0.0058699831331566
13,59,-0.039176073,-0.00151905890145141
13,60,0.00179865,0.0294253275351105
13,61,-0.010413714,-0.062965232525194
13,62,0.01090741,0.0229350459564481
13,63,0.016895752,-0.0472179447224926
13,64,0.017830353,0.0419634163888412
13,65,0.000813447,0.0185956848914198
13,66,0.017966872,-0.0589845327376698
13,67,-0.006752557,-0.00295132961756121
13,68,-0.000438122,0.0122387528797281
13,69,0.024020296,-0.00437672180197926
13,70,-0.012296417,0.00969563581110003
13,71,-0.018885012,0.0611803096679967
13,72,0.000467458,0.0251342571724006
13,73,-0.019410937,-0.0881762862205787
13,74,-0.004481409,0.0212504725912496
13,75,-0.012797735,-0.0240098335777633
13,76,-0.01984204,-0.0146042898339338
13,77,-0.02057115,0.00400750443606089
13,78,0.00131664,0.00553394015566367
13,79,0.006829299,0.0124908803332399
13,80,0.007660418,0.0334218553918578
13,81,-0.00627255,-0.00219037706791266
13,82,0.027223014,0.062503751511947
13,83,0.005185917,0.0345735369431488
13,84,-0.003889532,0.0114500510418257
13,85,-0.001140142,-0.0189278215411407
13,86,0.026693466,0.0109436486506604
13,87,-0.011263534,0.0522299377624045
13,88,-0.029034363,-0.00397803593173792
13,89,-0.011534794,0.001849135627635
13,90,0,-0.0574354075619681
13,91,-0.0023284,0.0182354142815452
13,92,-0.006264984,-0.0396842035298279
13,93,0.022527417,0.00290504794931416
13,94,0.007679093,-0.00715700220493132
13,95,-0.000716823,-0.00267548823417135
13,96,0.026642449,-0.0075282117658959
13,97,-0.005887121,0.0671426331101911
13,98,-0.016505065,0.0231493385739629
13,99,0.003455171,0.022406192552772
13,100,0.012842571,-0.0459964658912569
13,101,-0.021339106,0.0299436849491264
13,102,0.017194987,-0.0114532368746981
13,103,-0.001223049,-0.0107132674661104
13,104,-0.007247642,0.0461761799095482
13,105,-0.002242264,-0.0153562383927443
13,106,-0.027405809,0.00895861078549017
13,107,-0.00867426,-0.0286549658296194
13,108,0.004426509,0.0291085250299337
13,109,-0.006156074,-0.0497153061434503
13,110,-0.003811894,-0.0287430112677042
13,111,0.008570758,-0.02440638141046
13,112,0.013131249,0.0103350067155896
13,113,-0.01977191,0.0251597710130814
13,114,-0.006852865,0.00251685815599725
13,115,-0.013422368,0.0271642140670186
13,116,-0.016788012,-0.00946132978233633
13,117,0.006882682,-0.00403513923991949
13,118,0.009451649,-0.0150603250296478
13,119,-0.018748669,0.0140086896341187
13,120,0.011600551,0.019869264842576
13,121,0.015099904,-0.013452810714084
13,122,0.00564342,0.0481693365901335
13,123,0.020330369,-0.033304650573234
13,124,-0.00813074,0.0303717722553443
13,125,-0.022071403,0.0374121536847876
13,126,0.032403707,0.0559645688006594
13,127,-0.002417685,-0.00238976607822235
13,128,0.023093235,0.0258930413300514
13,129,-0.00074214,-0.0278709593041997
13,130,0.012185822,-0.0109879567596391
13,131,-0.002494255,0.0510956852207037
14,1,-0.002819266,-0.0154331308651746
14,2,0.011616042,0.00377689032733164
14,3,-0.009536449,0.0122673717019804
14,4,0.007482156,-0.0184690595437481
14,5,-0.004682661,-0.00807582281162258
14,6,0,-0.0061552556912781
14,7,0.003787087,-0.00694752363838261
14,8,0.001277036,-0.0104653377550791
14,9,0.015351349,-0.0128078300976996
14,10,-0.000900703,0.00718522627986108
14,11,0.010022902,-0.0167299067068659
14,12,-0.000649026,0.0103123382059015
14,13,0.013831836,-0.016939082011025
14,14,0.003700767,0.00899760516149682
14,15,0.004703574,-0.000600485484649772
14,16,-0.005037669,0.00857449541083111
14,17,0.000931112,0.000942269965303826
14,18,-0.011097557,-0.00863033768818159
14,19,0.003230749,-0.00215906930625275
14,20,0.0042358,-0.0225380657918179
14,21,-0.008090837,-0.00661639826738558
14,22,0.003905017,-0.0107326784672924
14,23,0.00612938,-0.010134170176119
14,24,-0.015339077,-0.0114284523503401
14,25,-0.017574433,0.000710931354562749
14,26,-0.00074188,0.000578581980310842
14,27,0.017223137,-0.0223199320546299
14,28,-0.012791962,0.00423717046069277
14,29,0.019598292,-0.0107618594007512
14,30,0.004188857,-0.0191039780629652
14,31,-0.026008978,0.00697927725593601
14,32,0.012065368,-0.0197156179808257
14,33,0,0.0401636115618821
14,34,-0.033259031,0.00099360312760029
14,35,0,0.00107972702786981
14,36,0,-0.0148228225777121
14,37,0,-0.0226656303798943
14,38,-0.031445668,-0.0331307512682903
14,39,0.015899612,0.0419850611957122
14,40,-0.011422256,-0.0600267990104503
14,41,-0.001640942,0.0676942512514909
14,42,0.021559201,-0.0515415166020262
14,43,-0.014992412,0.0404434392140306
14,44,-0.02191092,0.0171659465596151
14,45,0.000671928,0.0329797735303076
14,46,-0.02094789,-0.00658927623225169
14,47,-0.02480792,0.0131292659644342
14,48,-0.002675136,-0.0224997529019129
14,49,-0.031067697,-0.0313311158959532
14,50,0.006613466,0.0329710629796671
14,51,0.012217841,-0.0405987529336194
14,52,0.012705619,0.0574334529713844
14,53,0.000585715,0.0110697481766245
14,54,-0.005838667,0.0122636880591836
14,55,-0.011244189,0.00166022548507147
14,56,0.031866523,0.076052523482993
14,57,-0.001312112,0.0293859580552437
14,58,-0.039176073,0.0159313621227431
14,59,0.00179865,0.0581170778740338
14,60,-0.010413714,-0.0194839874475902
14,61,0.01090741,0.0270456636643011
14,62,0.016895752,-0.03341094870148
14,63,0.017830353,0.0112760105922786
14,64,0.000813447,-0.0113856822030774
14,65,0.017966872,-0.047088972845001
14,66,-0.006752557,0.00167014262455467
14,67,-0.000438122,0.0326320783787422
14,68,0.024020296,-0.0103341847529919
14,69,-0.012296417,0.0206812189726624
14,70,-0.018885012,0.0433898959794617
14,71,0.000467458,0.0309887867674254
14,72,-0.019410937,-0.0334980839068695
14,73,-0.004481409,-0.00218243902741193
14,74,-0.012797735,-0.0392814653583792
14,75,-0.01984204,-0.00583411578852458
14,76,-0.02057115,-0.00236070539822631
14,77,0.00131664,0.00474276058781794
14,78,0.006829299,0.00998197875587458
14,79,0.007660418,0.0603362280329041
14,80,-0.00627255,-0.0213187142119332
14,81,0.027223014,0.0277086269508828
14,82,0.005185917,0.0169890448280242
14,83,-0.003889532,0.0415894371516631
14,84,-0.001140142,-0.0132658983374483
14,85,0.026693466,0.00136008706280498
14,86,-0.011263534,0.0366294609907473
14,87,-0.029034363,0.00172549240372027
14,88,-0.011534794,0.0245681537795921
14,89,0,-0.0299663946766803
14,90,-0.0023284,-0.0145477906116838
14,91,-0.006264984,-0.00942061996886365
14,92,0.022527417,-0.00903052321819492
14,93,0.007679093,-0.035414801961384
14,94,-0.000716823,-0.00783044755629494
14,95,0.026642449,-0.0118046888819593
14,96,-0.005887121,0.0398763639140228
14,97,-0.016505065,0.0127127939423109
14,98,0.003455171,-0.00518072429031129
14,99,0.012842571,-0.0175070952526274
14,100,-0.021339106,0.0104312110315423
14,101,0.017194987,-0.00741259134835582
14,102,-0.001223049,-0.00849479258085756
14,103,-0.007247642,0.00800608067532027
14,104,-0.002242264,-0.0371955662402638
14,105,-0.027405809,0.0142550810258695
14,106,-0.00867426,-0.0123784635028923
14,107,0.004426509,0.00105034310761273
14,108,-0.006156074,-0.0111912318240664
14,109,-0.003811894,-0.0123893911601793
14,110,0.008570758,-0.0223313259676832
14,111,0.013131249,-0.0216097471272714
14,112,-0.01977191,0.0339759222583713
14,113,-0.006852865,-0.0160216900411865
14,114,-0.013422368,0.0123878291132297
14,115,-0.016788012,0.00440552789434501
14,116,0.006882682,-0.0249008502375321
14,117,0.009451649,-0.0027383162240448
14,118,-0.018748669,-0.0213804214339183
14,119,0.011600551,0.0113034391846515
14,120,0.015099904,-0.0170089761108517
14,121,0.00564342,0.0469447317525367
14,122,0.020330369,-0.00866814434128112
14,123,-0.00813074,0.0112235311433533
14,124,-0.022071403,0.000726762106496985
14,125,0.032403707,0.013688937239555
14,126,-0.002417685,0.0236776908052801
14,127,0.023093235,0.0325295661208565
14,128,-0.00074214,0.0366432943078444
14,129,0.012185822,-0.00773091483573893
14,130,-0.002494255,0.0729562935911051
14,131,0,-0.0372960058780728
15,1,-0.009536449,-0.00399834005531564
15,2,0.007482156,-0.0225654968219753
15,3,-0.004682661,-0.00439498047606752
15,4,0,-0.00577191371822947
15,5,0.003787087,-0.0169283778502945
15,6,0.001277036,-0.0181170499956987
15,7,0.015351349,-0.0117014561859647
15,8,-0.000900703,-0.00507995652945369
15,9,0.010022902,-0.0215010945121407
15,10,-0.000649026,0.00483973767255376
15,11,0.013831836,-0.0237550302593384
15,12,0.003700767,-0.00688314181577309
15,13,0.004703574,-0.00845350527973887
15,14,-0.005037669,-0.00655523662806346
15,15,0.000931112,0.00390183312806359
15,16,-0.011097557,-0.0228218897875131
15,17,0.003230749,-0.00117135925658961
15,18,0.0042358,-0.0248509331524517
15,19,-0.008090837,-0.00712014511501936
15,20,0.003905017,-0.0172465994250531
15,21,0.00612938,-0.0100568588095941
15,22,-0.015339077,-0.00566867875403115
15,23,-0.017574433,0.00259063920879096
15,24,-0.00074188,0.00116542129829023
15,25,0.017223137,0.00513202904098397
15,26,-0.012791962,-0.00779291876474386
15,27,0.019598292,0.000517567833966942
15,28,0.004188857,-0.00158804656289838
15,29,-0.026008978,0.019088401231764
15,30,0.012065368,-0.0252102875043268
15,31,0,0.0703398522618764
15,32,-0.033259031,0.0010857139150142
15,33,0,0.0260845159284209
15,34,0,-0.0428543697828806
15,35,0,0.0168016300889045
15,36,-0.031445668,-0.0162526694438165
15,37,0.015899612,0.0310534476578444
15,38,-0.011422256,0.00667358178090231
15,39,-0.001640942,0.0739317191922318
15,40,0.021559201,-0.0396744676093664
15,41,-0.014992412,0.0447362795142427
15,42,-0.02191092,0.0261415835009954
15,43,0.000671928,0.060292502263365
15,44,-0.02094789,0.0104131506792682
15,45,-0.02480792,0.000825110774614207
15,46,-0.002675136,-0.0138303562807876
15,47,-0.031067697,-0.00379786182422076
15,48,0.006613466,0.0563727578229113
15,49,0.012217841,-0.0331099896072911
15,50,0.012705619,0.0521365894266392
15,51,0.000585715,-0.0164785646574357
15,52,-0.005838667,0.0421447290562612
15,53,-0.011244189,0.0312807383078051
15,54,0.031866523,0.0693934262698717
15,55,-0.001312112,-0.000436899122660353
15,56,-0.039176073,-0.0232602108300951
15,57,0.00179865,0.0173788154345842
15,58,-0.010413714,-0.035376470702804
15,59,0.01090741,0.0742344672679292
15,60,0.016895752,-0.0293725990739802
15,61,0.017830353,0.0255945366634053
15,62,0.000813447,-0.0185270465323431
15,63,0.017966872,-0.0371397242140993
15,64,-0.006752557,0.00459480189772097
15,65,-0.000438122,-0.00387143818105649
15,66,0.024020296,-0.0144599671666823
15,67,-0.012296417,0.0124759800611002
15,68,-0.018885012,0.0292918595445442
15,69,0.000467458,0.0190446928420799
15,70,-0.019410937,-0.0440691437840367
15,71,-0.004481409,0.0169993551756007
15,72,-0.012797735,-0.0320439626868236
15,73,-0.01984204,-0.00353413223142367
15,74,-0.02057115,0.0109641507876731
15,75,0.00131664,-0.000373348756281597
15,76,0.006829299,0.0463490327177107
15,77,0.007660418,0.0363717375933531
15,78,-0.00627255,-0.00872840182083747
15,79,0.027223014,0.046978012569769
15,80,0.005185917,0.0351159982691892
15,81,-0.003889532,0.0125033913661711
15,82,-0.001140142,-0.00190337100593422
15,83,0.026693466,0.0298922196788038
15,84,-0.011263534,0.0220034416313902
15,85,-0.029034363,0.00816050850511033
15,86,-0.011534794,-0.00979368373434484
15,87,0,-0.0129409046134132
15,88,-0.0023284,0.0464608819618245
15,89,-0.006264984,-0.00405875715799814
15,90,0.022527417,-0.000252539693365086
15,91,0.007679093,-0.0201699026961788
15,92,-0.000716823,0.0116484508714851
15,93,0.026642449,0.00199152450843718
15,94,-0.005887121,0.0662324973395058
15,95,-0.016505065,-0.0133935620212459
15,96,0.003455171,0.0070888907768764
15,97,0.012842571,-0.00258877445207006
15,98,-0.021339106,0.00562002308237726
15,99,0.017194987,0.0126232030150759
15,100,-0.001223049,-0.0040388244475714
15,101,-0.007247642,0.0230259785521415
15,102,-0.002242264,-0.049380480373748
15,103,-0.027405809,0.0221888145982236
15,104,-0.00867426,-0.0110624290027526
15,105,0.004426509,0.0149603955989228
15,106,-0.006156074,-0.00860239357476375
15,107,-0.003811894,-0.0173832375650565
15,108,0.008570758,-0.028019483514223
15,109,0.013131249,0.0095972265255
15,110,-0.01977191,0.0204757558177554
15,111,-0.006852865,0.0070034138588972
15,112,-0.013422368,0.0614897123725469
15,113,-0.016788012,0.00882450269472267
15,114,0.006882682,-0.0102926860349132
15,115,0.009451649,0.00320313473481894
15,116,-0.018748669,-0.00813486778986516
15,117,0.011600551,0.0267793566696307
15,118,0.015099904,-0.0203598433944441
15,119,0.00564342,0.0339700435418504
15,120,0.020330369,-0.0313525406929815
15,121,-0.00813074,0.0325192439953324
15,122,-0.022071403,-0.000598116014651338
15,123,0.032403707,0.010967895857538
15,124,-0.002417685,-0.00813892394033023
15,125,0.023093235,-0.0139224312605791
15,126,-0.00074214,0.0348564182813855
15,127,0.012185822,-0.0114223119810574
15,128,-0.002494255,0.0292610293347779
15,129,0,-0.0389671756326521
15,130,-0.003734269,-0.00514612937400199
15,131,-0.009943358,0.0219488388762354
16,1,-0.004682661,-0.00385691708576264
16,2,0,-0.00406708741524213
16,3,0.003787087,0.00155963748490627
16,4,0.001277036,-0.0230005667275273
16,5,0.015351349,-0.00994801796908263
16,6,-0.000900703,-0.0185957031736845
16,7,0.010022902,-0.00400212594991152
16,8,-0.000649026,0.00195915200763927
16,9,0.013831836,-0.0133026136321629
16,10,0.003700767,0.00592246383236717
16,11,0.004703574,-0.0188260011017553
16,12,-0.005037669,0.0184759793019181
16,13,0.000931112,-0.00189089472444927
16,14,-0.011097557,0.00576449480822467
16,15,0.003230749,0.00243115484791815
16,16,0.0042358,-0.0105497128218424
16,17,-0.008090837,-0.015193960849502
16,18,0.003905017,-0.00261528739095584
16,19,0.00612938,-0.0140955559298685
16,20,-0.015339077,-0.0088798911730979
16,21,-0.017574433,0.00373728058052684
16,22,-0.00074188,0.0145122023624027
16,23,0.017223137,-0.0330387117137551
16,24,-0.012791962,-0.00376859583194173
16,25,0.019598292,-0.00628739425991753
16,26,0.004188857,-0.00315259810422209
16,27,-0.026008978,0.0372753179184036
16,28,0.012065368,-0.0221922659380273
16,29,0,0.0399399170777047
16,30,-0.033259031,-0.044028425648737
16,31,0,-0.0115721090555862
16,32,0,-0.0153336807766808
16,33,0,-0.0465397595713469
16,34,-0.031445668,-0.0210724958467708
16,35,0.015899612,0.0514238367824629
16,36,-0.011422256,-0.0551277600872301
16,37,-0.001640942,0.070870325588339
16,38,0.021559201,-0.0496810721829504
16,39,-0.014992412,0.00126808422083952
16,40,-0.02191092,0.0301725694042814
16,41,0.000671928,0.0230379802075774
16,42,-0.02094789,-0.0270115214178817
16,43,-0.02480792,-0.0196234351410072
16,44,-0.002675136,-0.0362492774949674
16,45,-0.031067697,-0.0774228332571123
16,46,0.006613466,0.0142988822425068
16,47,0.012217841,-0.0418604946478708
16,48,0.012705619,0.0314912170186987
16,49,0.000585715,0.0635979466932482
16,50,-0.005838667,0.0434360456607455
16,51,-0.011244189,0.0449568356958165
16,52,0.031866523,0.0797099217114929
16,53,-0.001312112,0.00124685206605707
16,54,-0.039176073,-0.0139629574892501
16,55,0.00179865,0.0288522349105899
16,56,-0.010413714,-0.0156751063372063
16,57,0.01090741,-0.0307714900859409
16,58,0.016895752,-0.0396897072956438
16,59,0.017830353,-0.0214967029386588
16,60,0.000813447,0.0854688574950293
16,61,0.017966872,-0.0473447142806694
16,62,-0.006752557,-0.00485539939356611
16,63,-0.000438122,0.0189168447870799
16,64,0.024020296,0.010590871651891
16,65,-0.012296417,0.00608301796336283
16,66,-0.018885012,0.0457165421685651
16,67,0.000467458,-0.00108471749110016
16,68,-0.019410937,-0.0257160071869619
16,69,-0.004481409,-0.011299313329924
16,70,-0.012797735,-0.0452757065767101
16,71,-0.01984204,-0.0422436380200713
16,72,-0.02057115,-0.000782625804182282
16,73,0.00131664,0.00906446015518731
16,74,0.006829299,-0.0466859039562236
16,75,0.007660418,0.0335228949255142
16,76,-0.00627255,0.017474532620011
16,77,0.027223014,0.0959817448668255
16,78,0.005185917,0.0248946513458851
16,79,-0.003889532,0.00656695079085052
16,80,-0.001140142,-0.00599009903007005
16,81,0.026693466,0.0248487452129184
16,82,-0.011263534,0.0368155938161959
16,83,-0.029034363,-0.0150767114493461
16,84,-0.011534794,0.0262642124598034
16,85,0,-0.0208963961143889
16,86,-0.0023284,0.00153710683672175
16,87,-0.006264984,-0.027584110677012
16,88,0.022527417,-0.0222535742915311
16,89,0.007679093,0.0209896082532196
16,90,-0.000716823,0.0300476568699761
16,91,0.026642449,0.00113891568494292
16,92,-0.005887121,0.02134851108303
16,93,-0.016505065,0.00233316461199825
16,94,0.003455171,-0.0115912852846153
16,95,0.012842571,0.0202379793725476
16,96,-0.021339106,0.018258263414522
16,97,0.017194987,-0.0177462260658417
16,98,-0.001223049,-0.003039638109329
16,99,-0.007247642,0.0275189077516713
16,100,-0.002242264,-0.0314979159234024
16,101,-0.027405809,0.0155741404094878
16,102,-0.00867426,-0.04189834145244
16,103,0.004426509,-0.00228758077821333
16,104,-0.006156074,-0.0473257027593449
16,105,-0.003811894,-0.0253985543401214
16,106,0.008570758,-0.0173927500967734
16,107,0.013131249,0.00463718398198728
16,108,-0.01977191,0.0330245226163036
16,109,-0.006852865,0.00479965292388759
16,110,-0.013422368,0.0488074513917484
16,111,-0.016788012,0.000744122501743437
16,112,0.006882682,-0.0360128633327266
16,113,0.009451649,-0.0300705536344619
16,114,-0.018748669,-0.0198570872182491
16,115,0.011600551,0.0451725407051146
16,116,0.015099904,-0.00414721106220085
16,117,0.00564342,0.0243863573296003
16,118,0.020330369,-0.0248509603149911
16,119,-0.00813074,-0.0139818633302936
16,120,-0.022071403,0.033105087594036
16,121,0.032403707,0.0237579401478524
16,122,-0.002417685,0.0184511724950182
16,123,0.023093235,-0.0079908401761376
16,124,-0.00074214,0.00503848921031204
16,125,0.012185822,0.00128732327647279
16,126,-0.002494255,0.078063093973811
16,127,0,-0.0677808200087758
16,128,-0.003734269,-0.00684702935754943
16,129,-0.009943358,-0.021983174898042
16,130,0,0.0080429909403422
16,131,0.01378489,-0.0180869709535107
17,1,0,-0.0072112511739562
17,2,0.003787087,-0.0164908218828355
17,3,0.001277036,-0.0132796464149745
17,4,0.015351349,-0.0128981169901454
17,5,-0.000900703,-0.00769505066263485
17,6,0.010022902,-0.0207690368679933
17,7,-0.000649026,-0.000687941416412345
17,8,0.013831836,-0.0215311357021411
17,9,0.003700767,-0.0127763029065404
17,10,0.004703574,-0.00380449862944926
17,11,-0.005037669,-0.0157462577349872
17,12,0.000931112,0.00028322845261921
17,13,-0.011097557,-0.0275324204609637
17,14,0.003230749,-0.000436638326540528
17,15,0.0042358,-0.0295681471353468
17,16,-0.008090837,-0.0177502850979379
17,17,0.003905017,-0.0167201724946567
17,18,0.00612938,-0.00340209097777236
17,19,-0.015339077,-0.00443752226741404
17,20,-0.017574433,0.00849535290650161
17,21,-0.00074188,-0.00237200746478289
17,22,0.017223137,0.00264120435787834
17,23,-0.012791962,-0.0249212620407873
17,24,0.019598292,-0.00378260052058469
17,25,0.004188857,0.0227281546003888
17,26,-0.026008978,0.0205070898669927
17,27,0.012065368,-0.0190790018813783
17,28,0,0.103154624357988
17,29,-0.033259031,0.038506085448515
17,30,0,0.020479815554731
17,31,0,0.000721581940224643
17,32,0,0.00514815654598643
17,33,-0.031445668,0.00137864771594934
17,34,0.015899612,0.0185436635713067
17,35,-0.011422256,-0.027959684870205
17,36,-0.001640942,0.0551383526024481
17,37,0.021559201,0.00681488400121205
17,38,-0.014992412,0.0717429087085073
17,39,-0.02191092,0.0228388401361391
17,40,0.000671928,0.0628190513008704
17,41,-0.02094789,0.0344649113525073
17,42,-0.02480792,0.0332087660636071
17,43,-0.002675136,-0.0124600032748882
17,44,-0.031067697,0.0114460400261951
17,45,0.006613466,0.0327177272959788
17,46,0.012217841,0.0122295663336832
17,47,0.012705619,0.0609396110614605
17,48,0.000585715,-0.00154225733566325
17,49,-0.005838667,0.0491410696455796
17,50,-0.011244189,0.00458096456395306
17,51,0.031866523,0.0808445159428678
17,52,-0.001312112,0.0276911358930767
17,53,-0.039176073,-0.00823795057347003
17,54,0.00179865,-0.00172730568949368
17,55,-0.010413714,-0.034660511312002
17,56,0.01090741,0.0918071858108896
17,57,0.016895752,-0.061257910490002
17,58,0.017830353,0.0379180783239357
17,59,0.000813447,-0.00299520966012714
17,60,0.017966872,0.00199459138439211
17,61,-0.006752557,-0.00653060059484922
17,62,-0.000438122,0.0546406958570909
17,63,0.024020296,-0.0207809573469333
17,64,-0.012296417,0.00364671388167196
17,65,-0.018885012,0.0383800640293219
17,66,0.000467458,-0.00210389928263597
17,67,-0.019410937,-0.0550429151077021
17,68,-0.004481409,0.0396579567099459
17,69,-0.012797735,-0.0248216848663931
17,70,-0.01984204,-0.00404016117953826
17,71,-0.02057115,-0.00838725938376315
17,72,0.00131664,-0.0200304417438612
17,73,0.006829299,0.0448681679345924
17,74,0.007660418,0.00224078030485692
17,75,-0.00627255,0.0188583120165782
17,76,0.027223014,0.0549194908334813
17,77,0.005185917,0.0330197300802911
17,78,-0.003889532,0.00806236210057461
17,79,-0.001140142,-0.000122474194548964
17,80,0.026693466,0.0393204724115115
17,81,-0.011263534,0.0150377422240997
17,82,-0.029034363,0.0305134242060318
17,83,-0.011534794,-0.0372640971103742
17,84,0,-0.0197940949796527
17,85,-0.0023284,0.0401537247631048
17,86,-0.006264984,-0.0289578153434256
17,87,0.022527417,-0.00648607344784557
17,88,0.007679093,-0.0140071738298013
17,89,-0.000716823,0.00557056509618008
17,90,0.026642449,0.0093749348285946
17,91,-0.005887121,0.0640279657711584
17,92,-0.016505065,0.0311141441383543
17,93,0.003455171,-0.0023876922833911
17,94,0.012842571,0.00942696101049936
17,95,-0.021339106,-0.00793443922777527
17,96,0.017194987,0.00404583851351063
17,97,-0.001223049,0.0118551043695557
17,98,-0.007247642,0.0340974115669115
17,99,-0.002242264,-0.00398363975310591
17,100,-0.027405809,0.042026352606897
17,101,-0.00867426,-0.000200272027928921
17,102,0.004426509,0.00226444295590241
17,103,-0.006156074,0.009095204611866
17,104,-0.003811894,-0.040521687531749
17,105,0.008570758,0.000623682006680476
17,106,0.013131249,0.00484054528713859
17,107,-0.01977191,0.0156882089222843
17,108,-0.006852865,-0.0150599094669455
17,109,-0.013422368,0.0584347160428085
17,110,-0.016788012,0.0249884957215625
17,111,0.006882682,-0.00390105186265726
17,112,0.009451649,0.00387569550770228
17,113,-0.018748669,-0.0209052447918155
17,114,0.011600551,0.0421503962691794
17,115,0.015099904,0.0168198007048778
17,116,0.00564342,0.0335306044593777
17,117,0.020330369,-0.0160360530604973
17,118,-0.00813074,0.0481757885364083
17,119,-0.022071403,0.0143305118957333
17,120,0.032403707,0.0134364559665825
17,121,-0.002417685,0.0373759738543886
17,122,0.023093235,0.0365751246794737
17,123,-0.00074214,0.00983775632799543
17,124,0.012185822,-0.0392468736882311
17,125,-0.002494255,0.0335382309522155
17,126,0,-0.0278958029692142
17,127,-0.003734269,-0.00664564818735095
17,128,-0.009943358,0.0140505746771566
17,129,0,-0.0445913451846352
17,130,0.01378489,-0.0267079202353667
17,131,-0.011244745,-0.0147662747842509
18,1,0.003787087,-0.00979894674406325
18,2,0.001277036,-0.0231122894486063
18,3,0.015351349,-0.00563919968368877
18,4,-0.000900703,-0.00918226386130362
18,5,0.010022902,-0.00900684446605703
18,6,-0.000649026,-0.000976367918826103
18,7,0.013831836,-0.0119035485673026
18,8,0.003700767,-0.003971317774329
18,9,0.004703574,-0.00613113026713004
18,10,-0.005037669,0.00609046647935987
18,11,0.000931112,0.00595428538718153
18,12,-0.011097557,-0.010983162295421
18,13,0.003230749,0.00585582063412815
18,14,0.0042358,-0.0163643165824476
18,15,-0.008090837,0.00174271910375495
18,16,0.003905017,-0.00899273277813253
18,17,0.00612938,-0.0102940285304278
18,18,-0.015339077,-0.00446183627094524
18,19,-0.017574433,0.00531008688491062
18,20,-0.00074188,0.00272420044651639
18,21,0.017223137,0.00139775218006051
18,22,-0.012791962,0.0100879702255324
18,23,0.019598292,-0.00344654276658861
18,24,0.004188857,0.00802466134684007
18,25,-0.026008978,0.0102345436678614
18,26,0.012065368,-0.0431591662117149
18,27,0,0.0339987116335272
18,28,-0.033259031,-0.00518805016191697
18,29,0,0.0371121786909929
18,30,0,-0.0384981169503548
18,31,0,-0.0245420239178158
18,32,-0.031445668,-0.0145360034049406
18,33,0.015899612,0.0181905856816813
18,34,-0.011422256,-0.0202997788202885
18,35,-0.001640942,0.0612815357487386
18,36,0.021559201,-0.0343040871891144
18,37,-0.014992412,-0.00439064689712388
18,38,-0.02191092,-0.0303542723454997
18,39,0.000671928,0.0356139535114685
18,40,-0.02094789,0.0405223580536124
18,41,-0.02480792,0.00987756867319936
18,42,-0.002675136,-0.0285165984221992
18,43,-0.031067697,-0.00798534726127662
18,44,0.006613466,0.0208239980433755
18,45,0.012217841,-0.0431877653698633
18,46,0.012705619,0.0336487212171345
18,47,0.000585715,0.0120399806038028
18,48,-0.005838667,0.0271612593701024
18,49,-0.011244189,0.0390717547741857
18,50,0.031866523,0.0634672129955417
18,51,-0.001312112,0.00882640958596737
18,52,-0.039176073,0.00341319848465162
18,53,0.00179865,0.0356873798294081
18,54,-0.010413714,-0.0307717662640211
18,55,0.01090741,0.0194144035055401
18,56,0.016895752,-0.0509923566791958
18,57,0.017830353,-0.0133255798922649
18,58,0.000813447,-0.0255781080663988
18,59,0.017966872,-0.0350541634546634
18,60,-0.006752557,0.0368754802586444
18,61,-0.000438122,-0.0080943727464376
18,62,0.024020296,-0.0165872023659566
18,63,-0.012296417,-0.0104134821673802
18,64,-0.018885012,0.0566395981140858
18,65,0.000467458,0.0151870008751337
18,66,-0.019410937,-0.0292561947969137
18,67,-0.004481409,0.016471025227019
18,68,-0.012797735,-0.0595287646662654
18,69,-0.01984204,-0.00454162018333986
18,70,-0.02057115,-0.00539620342003038
18,71,0.00131664,-0.0234107658765258
18,72,0.006829299,0.0414626263062482
18,73,0.007660418,0.0511094796984283
18,74,-0.00627255,-0.00359205320801652
18,75,0.027223014,0.0596251956086764
18,76,0.005185917,0.0338807606698158
18,77,-0.003889532,0.0182803815200822
18,78,-0.001140142,-0.00225179514433141
18,79,0.026693466,0.00864065352065236
18,80,-0.011263534,0.0206518371351275
18,81,-0.029034363,0.0248669815682182
18,82,-0.011534794,0.00793438670632502
18,83,0,-0.0301471404963273
18,84,-0.0023284,0.0218399707530416
18,85,-0.006264984,-0.0216671868224609
18,86,0.022527417,0.00624857173538198
18,87,0.007679093,-0.0239687269059087
18,88,-0.000716823,-0.0154368610239976
18,89,0.026642449,0.00829183316522847
18,90,-0.005887121,0.0368222905016772
18,91,-0.016505065,-0.00665215464777834
18,92,0.003455171,-0.00905062964363418
18,93,0.012842571,0.00228603532915825
18,94,-0.021339106,0.0205199780195973
18,95,0.017194987,0.0122886949374425
18,96,-0.001223049,0.00437904914112433
18,97,-0.007247642,0.0130832081533878
18,98,-0.002242264,-0.0544895508069739
18,99,-0.027405809,-0.00222619191170312
18,100,-0.00867426,-0.0416773879560578
18,101,0.004426509,0.0070334945678214
18,102,-0.006156074,-0.013914370621911
18,103,-0.003811894,0.00593859439002815
18,104,0.008570758,-0.0291771778319942
18,105,0.013131249,0.000451645607219037
18,106,-0.01977191,0.0220190259103468
18,107,-0.006852865,-0.00387762945670478
18,108,-0.013422368,0.0547845488638946
18,109,-0.016788012,0.00673197409431835
18,110,0.006882682,-0.00910888419050157
18,111,0.009451649,-0.0213390664633629
18,112,-0.018748669,-0.00414016675568714
18,113,0.011600551,0.0362900027438694
18,114,0.015099904,-0.000908618379076324
18,115,0.00564342,0.0219205171892278
18,116,0.020330369,-0.0292484195492195
18,117,-0.00813074,-0.00321599548878368
18,118,-0.022071403,-0.00317011635605534
18,119,0.032403707,0.00312249790807215
18,120,-0.002417685,-0.000876175593954984
18,121,0.023093235,0.0279000997262116
18,122,-0.00074214,5.92119306506624e-05
18,123,0.012185822,0.0177765710979211
18,124,-0.002494255,0.00992095350214889
18,125,0,-0.0564891169806494
18,126,-0.003734269,-0.000298961305914777
18,127,-0.009943358,-0.00591204994306201
18,128,0,-0.0193360837446214
18,129,0.01378489,-0.00311612236044691
18,130,-0.011244745,-0.00938511722719519
18,131,0.006677488,0.019520100890768
19,1,0.001277036,-0.0149379377560074
19,2,0.015351349,-0.00337716872771896
19,3,-0.000900703,-0.012575687019874
19,4,0.010022902,-0.0112043579424674
19,5,-0.000649026,0.00110849712052028
19,6,0.013831836,-0.0201236225985267
19,7,0.003700767,-0.00797850445169316
19,8,0.004703574,-0.0048078184074813
19,9,-0.005037669,-0.00217707208686413
19,10,0.000931112,0.00271376984049456
19,11,-0.011097557,-0.020201986963604
19,12,0.003230749,0.0033021165046947
19,13,0.0042358,-0.0177123932419787
19,14,-0.008090837,-0.00171402594329852
19,15,0.003905017,-0.009662308776149
19,16,0.00612938,-0.00235163293312603
19,17,-0.015339077,0.000665068279419406
19,18,-0.017574433,0.00992709088377068
19,19,-0.00074188,0.00153418603029911
19,20,0.017223137,0.00859479523714822
19,21,-0.012791962,-0.0169219150750437
19,22,0.019598292,0.00246017908700006
19,23,0.004188857,0.0153554753999261
19,24,-0.026008978,0.0227265835197585
19,25,0.012065368,-0.0168561828449816
19,26,0,0.0469368870503507
19,27,-0.033259031,0.0106117305168098
19,28,0,0.0123489675745223
19,29,0,-0.0310891126821511
19,30,0,0.00410105227146494
19,31,-0.031445668,-0.0347883678314273
19,32,0.015899612,-0.00369116989862838
19,33,-0.011422256,0.0161294326561347
19,34,-0.001640942,0.065041727048389
19,35,0.021559201,-0.0273141248533292
19,36,-0.014992412,0.0205230260642803
19,37,-0.02191092,0.0286725299335807
19,38,0.000671928,0.0520455865934978
19,39,-0.02094789,-0.00489191586622543
19,40,-0.02480792,0.0203515597829406
19,41,-0.002675136,-0.023196675651965
19,42,-0.031067697,-0.0144602755011275
19,43,0.006613466,0.0402628552771433
19,44,0.012217841,-0.0140690257447407
19,45,0.012705619,0.0193308894894128
19,46,0.000585715,-0.00457967084226792
19,47,-0.005838667,0.0556671298309975
19,48,-0.011244189,0.086953017423895
19,49,0.031866523,0.0885778534274766
19,50,-0.001312112,0.0108258368066835
19,51,-0.039176073,-0.00348753271433387
19,52,0.00179865,0.0138319808900377
19,53,-0.010413714,-0.0343238908754386
19,54,0.01090741,0.0289078336982867
19,55,0.016895752,-0.0549866328751989
19,56,0.017830353,0.0117846732200057
19,57,0.000813447,-0.0172896538396565
19,58,0.017966872,-0.00747908110787564
19,59,-0.006752557,0.0333688214547554
19,60,-0.000438122,0.012713922217109
19,61,0.024020296,-0.0179257437210956
19,62,-0.012296417,0.00460474593674538
19,63,-0.018885012,0.0333269136387608
19,64,0.000467458,0.00915269844389359
19,65,-0.019410937,-0.0482297526750056
19,66,-0.004481409,0.0124331330497952
19,67,-0.012797735,-0.0321558578943753
19,68,-0.01984204,-0.0138851468713876
19,69,-0.02057115,0.00481625526481188
19,70,0.00131664,-0.0136915005731996
19,71,0.006829299,0.029660195410493
19,72,0.007660418,0.013642611503183
19,73,-0.00627255,0.00639899331734445
19,74,0.027223014,0.0672601963197658
19,75,0.005185917,0.0622063240528611
19,76,-0.003889532,0.0247525623077953
19,77,-0.001140142,0.0124553463770854
19,78,0.026693466,0.017372428659054
19,79,-0.011263534,0.00659492770261989
19,80,-0.029034363,0.0154048326067963
19,81,-0.011534794,-0.00886175863683868
19,82,0,-0.00549474403241897
19,83,-0.0023284,0.00302383762418436
19,84,-0.006264984,-0.0234793414654429
19,85,0.022527417,-0.00314251235929329
19,86,0.007679093,-0.02835432702601
19,87,-0.000716823,0.0252031937732437
19,88,0.026642449,0.0268542640858975
19,89,-0.005887121,0.0629810311446249
19,90,-0.016505065,0.00275175730505077
19,91,0.003455171,-0.00178417340242132
19,92,0.012842571,-0.0115202104358343
19,93,-0.021339106,-0.00760551071513059
19,94,0.017194987,0.0116386036842408
19,95,-0.001223049,0.0142322430277618
19,96,-0.007247642,0.0266839387200257
19,97,-0.002242264,-0.0384054936526774
19,98,-0.027405809,0.00311070213707049
19,99,-0.00867426,0.00790874868788626
19,100,0.004426509,0.00583294809015348
19,101,-0.006156074,-0.0367781552958816
19,102,-0.003811894,-0.0285763722045596
19,103,0.008570758,-0.00899502845572229
19,104,0.013131249,0.0215498092143223
19,105,-0.01977191,0.0286184437976291
19,106,-0.006852865,0.000187012214911872
19,107,-0.013422368,0.0759083867664117
19,108,-0.016788012,0.0160515290022767
19,109,0.006882682,-0.0209105553606748
19,110,0.009451649,-0.00661229680308147
19,111,-0.018748669,-0.0100648646059084
19,112,0.011600551,0.0343567613053423
19,113,0.015099904,0.0178983566145885
19,114,0.00564342,0.0465889929701435
19,115,0.020330369,-0.0214610093955218
19,116,-0.00813074,0.0295191653524387
19,117,-0.022071403,0.0157904505139581
19,118,0.032403707,0.0092097499129491
19,119,-0.002417685,-0.0031025790779397
19,120,0.023093235,0.0113299127569761
19,121,-0.00074214,-0.0212746469533777
19,122,0.012185822,-0.0173504209932785
19,123,-0.002494255,-0.011147923253953
19,124,0,-0.0603015286715138
19,125,-0.003734269,-0.00401006339121626
19,126,-0.009943358,0.00447497491568637
19,127,0,-0.0287924310965768
19,128,0.01378489,-0.00691482616682096
19,129,-0.011244745,-0.00454517526423118
19,130,0.006677488,0.0121427299573362
19,131,-0.020079148,-0.00552019317988291
20,1,0.003700767,-0.0065290169626442
20,2,0.004703574,-0.00461813329431256
20,3,-0.005037669,0.00521651080955748
20,4,0.000931112,0.00249169342634413
20,5,-0.011097557,-0.00236724131055566
20,6,0.003230749,-0.00193417518148401
20,7,0.0042358,-0.01918766651157
20,8,-0.008090837,-0.00612662971049004
20,9,0.003905017,-0.00838898144016367
20,10,0.00612938,-0.0069652238316698
20,11,-0.015339077,-0.00793439366292013
20,12,-0.017574433,-0.00774683651574333
20,13,-0.00074188,0.00812512061616636
20,14,0.017223137,-0.0171771771898558
20,15,-0.012791962,-0.0135844981952062
20,16,0.019598292,0.012971844793854
20,17,0.004188857,0.0188681803958995
20,18,-0.026008978,0.0208191129841374
20,19,0.012065368,-0.0379235118544717
20,20,0,0.0608869777130414
20,21,-0.033259031,-0.0375054152225313
20,22,0,-0.0450266412664447
20,23,0,-0.0378348260899846
20,24,0,-0.0444163089945368
20,25,-0.031445668,-0.0440995786383897
20,26,0.015899612,0.0101659473806524
20,27,-0.011422256,-0.0282499501242293
20,28,-0.001640942,0.0400594835013411
20,29,0.021559201,-0.0323285503106285
20,30,-0.014992412,0.0380254711540908
20,31,-0.02191092,0.0105175045392994
20,32,0.000671928,0.00553094096464387
20,33,-0.02094789,0.0314514723181385
20,34,-0.02480792,-0.0275082283069223
20,35,-0.002675136,-0.0491357782777747
20,36,-0.031067697,-0.0547238872172855
20,37,0.006613466,-0.00378361339707344
20,38,0.012217841,-0.0381956871459368
20,39,0.012705619,0.046369143113333
20,40,0.000585715,0.0489127319286134
20,41,-0.005838667,0.0782930796528398
20,42,-0.011244189,0.0720642303809568
20,43,0.031866523,0.0414145832426457
20,44,-0.001312112,0.0524188561979772
20,45,-0.039176073,0.0221460589109756
20,46,0.00179865,0.0175752861483517
20,47,-0.010413714,-0.0155415650619514
20,48,0.01090741,0.0214175905795937
20,49,0.016895752,-0.05311211915077
20,50,0.017830353,0.0254508371241326
20,51,0.000813447,0.0135171239534888
20,52,0.017966872,0.0157123895689913
20,53,-0.006752557,0.0642076570839197
20,54,-0.000438122,-0.00161022559643447
20,55,0.024020296,-0.00376566390739958
20,56,-0.012296417,0.00192305908312584
20,57,-0.018885012,0.0243554415988953
20,58,0.000467458,-0.00753289284356901
20,59,-0.019410937,-0.0216523068830753
20,60,-0.004481409,-0.0125519251166562
20,61,-0.012797735,-0.0475606102640468
20,62,-0.01984204,-0.0315672571957626
20,63,-0.02057115,-0.0195707564090302
20,64,0.00131664,-0.0118668110636262
20,65,0.006829299,0.00715672993986976
20,66,0.007660418,0.0432602439345135
20,67,-0.00627255,0.0332120178849777
20,68,0.027223014,0.0864677550526127
20,69,0.005185917,0.0453156974640677
20,70,-0.003889532,0.000982975785645548
20,71,-0.001140142,0.0109146954624471
20,72,0.026693466,0.0184495383038398
20,73,-0.011263534,-0.00158432768704536
20,74,-0.029034363,0.00684186798905973
20,75,-0.011534794,0.0254753675028607
20,76,0,-0.0166876387703044
20,77,-0.0023284,0.0268125088892277
20,78,-0.006264984,-0.00362185198891071
20,79,0.022527417,-0.00636355102128632
20,80,0.007679093,-0.0141058101973904
20,81,-0.000716823,0.0223964883915228
20,82,0.026642449,0.0262567351601818
20,83,-0.005887121,0.0404211949555117
20,84,-0.016505065,-0.0244398867095446
20,85,0.003455171,-0.0336712138887138
20,86,0.012842571,0.012990326132116
20,87,-0.021339106,-0.0220525842005277
20,88,0.017194987,0.00409789417387238
20,89,-0.001223049,0.00379680225526206
20,90,-0.007247642,0.0164424683640259
20,91,-0.002242264,-0.0464041188160214
20,92,-0.027405809,0.011173696663245
20,93,-0.00867426,-0.0204559209606534
20,94,0.004426509,-0.0179535923978154
20,95,-0.006156074,-0.0282603355941384
20,96,-0.003811894,-0.0282841560737164
20,97,0.008570758,-0.00662436249707068
20,98,0.013131249,0.0083889001235863
20,99,-0.01977191,0.0155113432389637
20,100,-0.006852865,-0.0026182214628092
20,101,-0.013422368,0.0663895035729507
20,102,-0.016788012,-0.00496158321494017
20,103,0.006882682,-0.0429477925196066
20,104,0.009451649,0.00262658875551477
20,105,-0.018748669,-0.0236241925568649
20,106,0.011600551,0.0495691925057172
20,107,0.015099904,0.0246587133757693
20,108,0.00564342,0.000583933078787925
20,109,0.020330369,-0.0324715990940296
20,110,-0.00813074,0.0383077201461219
20,111,-0.022071403,0.00691973131588633
20,112,0.032403707,-0.00485162050463104
20,113,-0.002417685,0.0461197064765936
20,114,0.023093235,-0.0119572748596177
20,115,-0.00074214,0.00400367399693447
20,116,0.012185822,0.00917894500890169
20,117,-0.002494255,0.0437814743094291
20,118,0,-0.0491872902850148
20,119,-0.003734269,0.0288630383908542
20,120,-0.009943358,0.00943992695077333
20,121,0,-0.00146326116940171
20,122,0.01378489,-0.0165446912258486
20,123,-0.011244745,-0.0151441437592554
20,124,0.006677488,0.0157685343539741
20,125,-0.020079148,-0.000651420420946282
20,126,0.003715865,0.00567372123739795
20,127,-0.002466825,-0.0120210505174772
20,128,0.014571825,0.013392103966677
20,129,0.017977402,-0.01744603391212
20,130,-0.000683311,0.0391434418535917
20,131,-0.009954585,0.037091414298858
21,1,-0.005037669,-0.00306467447290804
21,2,0.000931112,0.000356383326892742
21,3,-0.011097557,0.00352088234387912
21,4,0.003230749,0.0109263648743364
21,5,0.0042358,-0.0106424453886726
21,6,-0.008090837,-0.00149554625350676
21,7,0.003905017,-0.0045199418970714
21,8,0.00612938,-0.0157049654357343
21,9,-0.015339077,-0.010558353381482
21,10,-0.017574433,0.0102990449064238
21,11,-0.00074188,-0.0208156799357044
21,12,0.017223137,-0.0229490091362911
21,13,-0.012791962,-0.0181748410797207
21,14,0.019598292,0.0179961941045677
21,15,0.004188857,-0.0121104311219779
21,16,-0.026008978,-0.020085148098392
21,17,0.012065368,0.0441143910695707
21,18,0,0.0221189282158061
21,19,-0.033259031,-0.0626337007208377
21,20,0,0.0605909423646124
21,21,0,-0.0243638629909388
21,22,0,-0.0652410538135461
21,23,-0.031445668,-0.0286847174432425
21,24,0.015899612,-0.0485104467047592
21,25,-0.011422256,-0.00259477931502927
21,26,-0.001640942,0.0424209955380466
21,27,0.021559201,-0.00856085708093616
21,28,-0.014992412,0.105905278382896
21,29,-0.02191092,0.0140569782336525
21,30,0.000671928,0.0196845025399827
21,31,-0.02094789,-0.0470960388888811
21,32,-0.02480792,-0.0601025624511685
21,33,-0.002675136,-0.00480164383001499
21,34,-0.031067697,-0.0458950014748559
21,35,0.006613466,-0.00302370717037816
21,36,0.012217841,-0.0488869193368329
21,37,0.012705619,0.0494520200962892
21,38,0.000585715,0.0130363934743436
21,39,-0.005838667,0.0461993233903844
21,40,-0.011244189,0.0508506684493633
21,41,0.031866523,0.0386783695585899
21,42,-0.001312112,0.0846369246128972
21,43,-0.039176073,0.00482192220225939
21,44,0.00179865,0.0774594353173874
21,45,-0.010413714,-0.0384195444412879
21,46,0.01090741,0.00509965935498714
21,47,0.016895752,-0.0636526332003765
21,48,0.017830353,0.0584715112287987
21,49,0.000813447,-0.0339312883585884
21,50,0.017966872,-0.0441263663904877
21,51,-0.006752557,0.0309122258701582
21,52,-0.000438122,-0.00582403698098631
21,53,0.024020296,-0.0189902136793874
21,54,-0.012296417,0.0149017045430007
21,55,-0.018885012,0.0252551047078913
21,56,0.000467458,0.0344398489802121
21,57,-0.019410937,-0.0331739940941912
21,58,-0.004481409,-0.00138442247202603
21,59,-0.012797735,-0.0176892481220791
21,60,-0.01984204,-0.033702611612687
21,61,-0.02057115,-0.00991708422712227
21,62,0.00131664,-0.042468033475924
21,63,0.006829299,-0.018553418308874
21,64,0.007660418,0.00355750906341034
21,65,-0.00627255,0.00759801255491729
21,66,0.027223014,0.0448470010798998
21,67,0.005185917,0.083111227022056
21,68,-0.003889532,0.047430640130422
21,69,-0.001140142,-0.0225771868699147
21,70,0.026693466,-0.00488386430444387
21,71,-0.011263534,0.0361705230983002
21,72,-0.029034363,0.0633581769670301
21,73,-0.011534794,0.00920838691947777
21,74,0,0.0104918145243811
21,75,-0.0023284,0.0221211592712235
21,76,-0.006264984,0.0112569582159675
21,77,0.022527417,-0.0362156549151849
21,78,0.007679093,-0.0795992142012026
21,79,-0.000716823,0.0249959847024175
21,80,0.026642449,0.0135508747020417
21,81,-0.005887121,0.0669817738419539
21,82,-0.016505065,-0.026658069317567
21,83,0.003455171,-0.00473679804659731
21,84,0.012842571,-0.0202522862238588
21,85,-0.021339106,-0.0437905211510915
21,86,0.017194987,0.0825511947680648
21,87,-0.001223049,-0.0117453833851725
21,88,-0.007247642,-0.0287809818286597
21,89,-0.002242264,0.0298257433231092
21,90,-0.027405809,0.0066631637559988
21,91,-0.00867426,-0.0157875033415907
21,92,0.004426509,-0.0291591528948867
21,93,-0.006156074,-0.00817873588600605
21,94,-0.003811894,-0.0694766607421279
21,95,0.008570758,-0.0306387703047281
21,96,0.013131249,-0.0121193494707165
21,97,-0.01977191,0.0354548658113036
21,98,-0.006852865,-0.0126430642924657
21,99,-0.013422368,0.0144093279651741
21,100,-0.016788012,-0.0158619331967636
21,101,0.006882682,-0.0148351863228706
21,102,0.009451649,0.0102076507359583
21,103,-0.018748669,-0.0546840451123745
21,104,0.011600551,0.0227820922742265
21,105,0.015099904,-0.0173030589267743
21,106,0.00564342,0.0386615567410695
21,107,0.020330369,0.0168974514192624
21,108,-0.00813074,0.0360564421410232
21,109,-0.022071403,-0.0168251131287715
21,110,0.032403707,0.0261478571231624
21,111,-0.002417685,0.0553147633158778
21,112,0.023093235,-0.0576545088005297
21,113,-0.00074214,-0.0331730192281556
21,114,0.012185822,-0.0761957400500184
21,115,-0.002494255,0.0945221322702524
21,116,0,-0.018652824146556
21,117,-0.003734269,-0.0440894639658806
21,118,-0.009943358,0.0346674032074125
21,119,0,0.0153276806578885
21,120,0.01378489,-0.00948355978846094
21,121,-0.011244745,0.00340498062480676
21,122,0.006677488,0.0126369574063434
21,123,-0.020079148,-0.0178697736187655
21,124,0.003715865,-0.0221254800848186
21,125,-0.002466825,0.00369894621770541
21,126,0.014571825,0.0413875236559385
21,127,0.017977402,-0.0327692115036106
21,128,-0.000683311,0.0279728570737437
21,129,-0.009954585,-0.00262999154774917
21,130,-0.021103646,0.0136082433050774
21,131,0,-0.0571900612422949
22,1,0.003230749,0.00195751894900486
22,2,0.0042358,-0.0212939645021722
22,3,-0.008090837,0.0109844815616204
22,4,0.003905017,-0.012844244523198
22,5,0.00612938,-0.00246602479346483
22,6,-0.015339077,-0.016173444341234
22,7,-0.017574433,0.00755554301229086
22,8,-0.00074188,-0.0219213549379436
22,9,0.017223137,-0.0309701305151883
22,10,-0.012791962,0.0139097865498612
22,11,0.019598292,0.0214959775347309
22,12,0.004188857,0.018337609863605
22,13,-0.026008978,-0.013306870235744
22,14,0.012065368,0.0276325051590322
22,15,0,0.0223087129576114
22,16,-0.033259031,-0.0527507869455142
22,17,0,-0.00378443134714274
22,18,0,-0.0032678799888373
22,19,0,-0.0401600973079508
22,20,-0.031445668,-0.00781670228803083
22,21,0.015899612,-0.0147607987170979
22,22,-0.011422256,-0.0237807375383009
22,23,-0.001640942,0.0490787503515284
22,24,0.021559201,-0.0117312464240241
22,25,-0.014992412,0.0248039318830216
22,26,-0.02191092,0.0110225127251204
22,27,0.000671928,0.00842068025247397
22,28,-0.02094789,-0.026531859157766
22,29,-0.02480792,-0.0752615664800387
22,30,-0.002675136,-0.0679018435310758
22,31,-0.031067697,0.00742061034858199
22,32,0.006613466,0.0217396574272253
22,33,0.012217841,-0.0368999317639567
22,34,0.012705619,0.052318599063223
22,35,0.000585715,0.0361106892059086
22,36,-0.005838667,0.0717596195556499
22,37,-0.011244189,-0.0180181921231414
22,38,0.031866523,-0.0115448978617782
22,39,-0.001312112,0.0355662047969159
22,40,-0.039176073,-0.0571992619704924
22,41,0.00179865,0.0254871946102035
22,42,-0.010413714,0.00471818971038652
22,43,0.01090741,0.0291057480532239
22,44,0.016895752,-0.0426591859859401
22,45,0.017830353,0.11104941801389
22,46,0.000813447,0.0396418961615485
22,47,0.017966872,-0.0314806015096421
22,48,-0.006752557,-0.0185687869625276
22,49,-0.000438122,-0.136558118221566
22,50,0.024020296,-0.0164914570273617
22,51,-0.012296417,0.00117238769942587
22,52,-0.018885012,0.0722353281788741
22,53,0.000467458,-0.0123505534396208
22,54,-0.019410937,-0.0435332021984861
22,55,-0.004481409,0.0359315929124334
22,56,-0.012797735,-0.0590027670356156
22,57,-0.01984204,0.0161990678218422
22,58,-0.02057115,-0.0130991361104537
22,59,0.00131664,-0.0691347546984661
22,60,0.006829299,0.0131738431941158
22,61,0.007660418,0.0160552676052734
22,62,-0.00627255,0.0250452436488287
22,63,0.027223014,0.0554305909262444
22,64,0.005185917,0.0329838952742699
22,65,-0.003889532,0.0134781755504133
22,66,-0.001140142,-0.051554660566187
22,67,0.026693466,-0.0448363288118539
22,68,-0.011263534,0.00389887889650346
22,69,-0.029034363,0.0599531601570202
22,70,-0.011534794,-0.0013452439146807
22,71,0,-0.0227854510990039
22,72,-0.0023284,0.0154645070518776
22,73,-0.006264984,-0.0111288693369068
22,74,0.022527417,0.0491135182833862
22,75,0.007679093,0.00604302485383455
22,76,-0.000716823,-0.0304185873921365
22,77,0.026642449,-0.000533077582836806
22,78,-0.005887121,-0.0261333275086892
22,79,-0.016505065,-0.014220660816328
22,80,0.003455171,-0.0172409682514938
22,81,0.012842571,-0.00664183730861926
22,82,-0.021339106,-0.00203545829920047
22,83,0.017194987,0.0203314922102641
22,84,-0.001223049,0.00785838606793674
22,85,-0.007247642,0.00659634507004841
22,86,-0.002242264,-0.0280171424297198
22,87,-0.027405809,0.00225712039145773
22,88,-0.00867426,-0.0239309448019656
22,89,0.004426509,-0.0176863443589783
22,90,-0.006156074,-0.00252464571506375
22,91,-0.003811894,-0.0340249866360072
22,92,0.008570758,-0.0238017726587457
22,93,0.013131249,-0.0145614544345014
22,94,-0.01977191,0.0367864049780139
22,95,-0.006852865,-0.012159867884593
22,96,-0.013422368,-0.0323645888009662
22,97,-0.016788012,-0.0297319690769576
22,98,0.006882682,0.00433293484603566
22,99,0.009451649,0.00288256095007508
22,100,-0.018748669,0.0147375449729637
22,101,0.011600551,0.033156887570858
22,102,0.015099904,-0.00896258532841657
22,103,0.00564342,-0.0147630191875973
22,104,0.020330369,0.0138310424155121
22,105,-0.00813074,0.00660543454748256
22,106,-0.022071403,-0.0296901471822669
22,107,0.032403707,0.0269533092837099
22,108,-0.002417685,0.0592815232306034
22,109,0.023093235,-0.0059659966051682
22,110,-0.00074214,-0.0423979852996643
22,111,0.012185822,-0.01893374257159
22,112,-0.002494255,0.0283837789419243
22,113,0,-0.012565662420262
22,114,-0.003734269,-0.0283140070973333
22,115,-0.009943358,-0.0654516451960011
22,116,0,-0.0547600404280501
22,117,0.01378489,-0.0185860307439457
22,118,-0.011244745,-0.0254565800043867
22,119,0.006677488,0.0282844145610436
22,120,-0.020079148,-0.0212861493922082
22,121,0.003715865,-0.0254626171256664
22,122,-0.002466825,0.00225123240101619
22,123,0.014571825,0.0165685611521731
22,124,0.017977402,-0.0170016375699658
22,125,-0.000683311,0.0597138604397921
22,126,-0.009954585,-0.0320775224170912
22,127,-0.021103646,0.0088308206892379
22,128,0,-0.0549273644077934
22,129,0.001582576,-0.0494451083365299
22,130,0.018960889,0.0183707312181226
22,131,-0.008725799,-0.00283686060293322
23,1,0.00612938,-0.013566509885032
23,2,-0.015339077,-0.00586012451356134
23,3,-0.017574433,0.000934423595544475
23,4,-0.00074188,-0.0170806643638288
23,5,0.017223137,-0.00741446353950497
23,6,-0.012791962,-0.0166213433044483
23,7,0.019598292,0.0196233146773034
23,8,0.004188857,-0.0218489454817801
23,9,-0.026008978,0.0162643177100224
23,10,0.012065368,0.0706873703589743
23,11,0,0.000735442606023476
23,12,-0.033259031,0.027922221307138
23,13,0,0.0362371893063791
23,14,0,-0.032367396163199
23,15,0,0.0313151492290375
23,16,-0.031445668,-0.00991210254872358
23,17,0.015899612,0.00910658206072736
23,18,-0.011422256,0.058266691577591
23,19,-0.001640942,0.0249324988397477
23,20,0.021559201,-0.000427995519324282
23,21,-0.014992412,0.129622628648028
23,22,-0.02191092,0.0493800310294273
23,23,0.000671928,0.038422827623772
23,24,-0.02094789,-0.0317104359450534
23,25,-0.02480792,-0.0381044405243263
23,26,-0.002675136,0.00858499758471943
23,27,-0.031067697,-0.00369509826146499
23,28,0.006613466,0.0573963375771528
23,29,0.012217841,-0.028988689352524
23,30,0.012705619,0.139357893046609
23,31,0.000585715,0.115443309901878
23,32,-0.005838667,0.0801803203061935
23,33,-0.011244189,0.0767182537850198
23,34,0.031866523,-0.0171296467632734
23,35,-0.001312112,0.0346671584543391
23,36,-0.039176073,0.0567382019818779
23,37,0.00179865,0.0990582730706971
23,38,-0.010413714,-0.0111366553124231
23,39,0.01090741,0.0168927657957208
23,40,0.016895752,-0.0411906085939935
23,41,0.017830353,0.0267811166566345
23,42,0.000813447,-0.0148047236862806
23,43,0.017966872,0.032635350777369
23,44,-0.006752557,0.00491041841212857
23,45,-0.000438122,-0.0269988368984789
23,46,0.024020296,-0.0120679906074377
23,47,-0.012296417,0.112699296216304
23,48,-0.018885012,0.0460421674092642
23,49,0.000467458,0.0767630888467208
23,50,-0.019410937,-0.0168418042281412
23,51,-0.004481409,-0.0236091413887076
23,52,-0.012797735,-0.018814992505515
23,53,-0.01984204,0.00659952486820115
23,54,-0.02057115,0.0133658813296108
23,55,0.00131664,0.0160981604678478
23,56,0.006829299,0.0689412429453223
23,57,0.007660418,0.0599830037236605
23,58,-0.00627255,0.0106539415085489
23,59,0.027223014,0.0950444382542557
23,60,0.005185917,0.0882994728030032
23,61,-0.003889532,0.0482162987697454
23,62,-0.001140142,-0.0521374509610242
23,63,0.026693466,-0.00273208370104865
23,64,-0.011263534,0.0493172294167795
23,65,-0.029034363,0.0681432901942272
23,66,-0.011534794,0.0339862769999572
23,67,0,-0.021100482618162
23,68,-0.0023284,-0.00835029337829768
23,69,-0.006264984,-0.00013564740246385
23,70,0.022527417,-0.034163114336136
23,71,0.007679093,-0.0557452492852146
23,72,-0.000716823,0.0308292264182607
23,73,0.026642449,-0.000379614555641523
23,74,-0.005887121,0.101224577635097
23,75,-0.016505065,-0.0190581809459773
23,76,0.003455171,-0.00473085599925167
23,77,0.012842571,0.00031963852502644
23,78,-0.021339106,0.0077687491734389
23,79,0.017194987,0.0931848963381435
23,80,-0.001223049,-0.0279166598242778
23,81,-0.007247642,-0.00655533612365825
23,82,-0.002242264,0.057067398367906
23,83,-0.027405809,-0.0235279646191677
23,84,-0.00867426,0.00645050378243484
23,85,0.004426509,-0.0336550467912699
23,86,-0.006156074,-0.0284485376557174
23,87,-0.003811894,-0.0127353906272549
23,88,0.008570758,-0.00709684263830093
23,89,0.013131249,0.0184704662108995
23,90,-0.01977191,0.0488245488637746
23,91,-0.006852865,-0.00878063929135446
23,92,-0.013422368,-0.00366517739560251
23,93,-0.016788012,-0.028515634535849
23,94,0.006882682,-0.00687884973362861
23,95,0.009451649,-0.00355421113215272
23,96,-0.018748669,-0.0148456897350898
23,97,0.011600551,0.0585903901711697
23,98,0.015099904,-0.0111848886066207
23,99,0.00564342,0.113003914978989
23,100,0.020330369,0.00694008004809649
23,101,-0.00813074,0.0162421027799397
23,102,-0.022071403,-0.00561840867389242
23,103,0.032403707,0.0202907125595478
23,104,-0.002417685,0.0465889975715312
23,105,0.023093235,0.0383398836049187
23,106,-0.00074214,0.0343651624769855
23,107,0.012185822,0.0034039832887405
23,108,-0.002494255,0.0462610307057607
23,109,0,-0.0546301722274558
23,110,-0.003734269,-0.039009108896449
23,111,-0.009943358,0.00643547465197071
23,112,0,0.0285199275532807
23,113,0.01378489,-0.0123096916509066
23,114,-0.011244745,-0.019623829911141
23,115,0.006677488,0.0126496787265888
23,116,-0.020079148,-0.014829573842043
23,117,0.003715865,-0.0105145411606824
23,118,-0.002466825,-0.00136738274108881
23,119,0.014571825,0.0145030184256179
23,120,0.017977402,-0.0104024083347129
23,121,-0.000683311,0.0420589960333422
23,122,-0.009954585,-0.0041126886097937
23,123,-0.021103646,-0.00499743646945618
23,124,0,-0.0495544961539197
23,125,0.001582576,-0.0287298284783768
23,126,0.018960889,0.0219652606499531
23,127,-0.008725799,-0.0342992837176138
23,128,-0.000185275,0.0187371325160045
23,129,0.004302993,0.0293187718193852
23,130,-0.016685508,-0.00403445910804832
23,131,-0.000545898,-0.028792891489034
24,1,-0.015339077,-0.0140432945527445
24,2,-0.017574433,0.0068952512057889
24,3,-0.00074188,-0.0283808247629759
24,4,0.017223137,-0.0245823669211094
24,5,-0.012791962,-0.00336799145740555
24,6,0.019598292,0.0234655024060693
24,7,0.004188857,-0.00785530623965644
24,8,-0.026008978,0.0171571259959572
24,9,0.012065368,0.0167473046831016
24,10,0,0.0182750283831151
24,11,-0.033259031,-0.0755447276856397
24,12,0,0.0373681167220015
24,13,0,-0.0813807108953766
24,14,0,-0.0337888669757141
24,15,-0.031445668,-0.0117244838364188
24,16,0.015899612,-0.00610724185691109
24,17,-0.011422256,0.00388762326547095
24,18,-0.001640942,0.048039923216605
24,19,0.021559201,-0.0377092473089018
24,20,-0.014992412,0.0414912383287242
24,21,-0.02191092,-0.00729876827892313
24,22,0.000671928,-0.00065662525259615
24,23,-0.02094789,-0.0452307614990435
24,24,-0.02480792,-0.103685452689784
24,25,-0.002675136,-0.0336068347423006
24,26,-0.031067697,-0.0329248567298308
24,27,0.006613466,0.000711288555037009
24,28,0.012217841,-0.121746853376063
24,29,0.012705619,0.0724110560167663
24,30,0.000585715,0.0483098261419616
24,31,-0.005838667,0.0436870922283959
24,32,-0.011244189,0.0129610949232251
24,33,0.031866523,0.0278838069443231
24,34,-0.001312112,0.0268307856805405
24,35,-0.039176073,-0.0518946530821338
24,36,0.00179865,0.0561721533969028
24,37,-0.010413714,-0.0106554382547671
24,38,0.01090741,0.0345866528457523
24,39,0.016895752,-0.074008535481242
24,40,0.017830353,0.0303298926860434
24,41,0.000813447,0.0384469117452416
24,42,0.017966872,-0.0594333512682413
24,43,-0.006752557,0.0117813231256572
24,44,-0.000438122,-0.0405461064169878
24,45,0.024020296,0.00670452381191873
24,46,-0.012296417,-0.00758463760242905
24,47,-0.018885012,0.02337862469257
24,48,0.000467458,0.00926384570125323
24,49,-0.019410937,-0.0429869289505383
24,50,-0.004481409,0.00574988994147529
24,51,-0.012797735,-0.0653303496886395
24,52,-0.01984204,-0.0186933646882386
24,53,-0.02057115,-0.00636392165439046
24,54,0.00131664,-0.0747402960130304
24,55,0.006829299,-0.00565866329052306
24,56,0.007660418,0.00829072634288458
24,57,-0.00627255,-0.00391892920952139
24,58,0.027223014,0.0588148044217424
24,59,0.005185917,0.0480783589490457
24,60,-0.003889532,0.0295883810352686
24,61,-0.001140142,-0.00513124697520204
24,62,0.026693466,0.0126975857608254
24,63,-0.011263534,0.0273915716167983
24,64,-0.029034363,0.0601035361153831
24,65,-0.011534794,0.0167278336902542
24,66,0,-0.00597729762256783
24,67,-0.0023284,0.079730360657725
24,68,-0.006264984,-0.0220236417107754
24,69,0.022527417,-0.00128169220670406
24,70,0.007679093,0.0135311218987971
24,71,-0.000716823,-0.0140523239595313
24,72,0.026642449,6.19211152259047e-05
24,73,-0.005887121,0.0596483001015309
24,74,-0.016505065,-0.0395102487652441
24,75,0.003455171,0.00916006024882847
24,76,0.012842571,-0.00583323431232729
24,77,-0.021339106,-0.0207492492492333
24,78,0.017194987,0.0709935055063488
24,79,-0.001223049,-0.025393286987894
24,80,-0.007247642,-0.00156204876498817
24,81,-0.002242264,-0.00273208994548724
24,82,-0.027405809,-0.00758773029303367
24,83,-0.00867426,-0.0739742215422148
24,84,0.004426509,-0.0387636803531394
24,85,-0.006156074,-0.0251971568498063
24,86,-0.003811894,-0.0230314618338885
24,87,0.008570758,-0.0626196311392055
24,88,0.013131249,0.00319636446282242
24,89,-0.01977191,0.026316126960315
24,90,-0.006852865,0.00370436882799225
24,91,-0.013422368,0.0129986626172172
24,92,-0.016788012,-0.032868313678456
24,93,0.006882682,0.00684214837971938
24,94,0.009451649,-0.0323504925206554
24,95,-0.018748669,0.00780689182115473
24,96,0.011600551,0.036232063002931
24,97,0.015099904,-0.0756307507961093
24,98,0.00564342,0.0292896952596933
24,99,0.020330369,-0.00239592718167118
24,100,-0.00813074,0.0124526240065908
24,101,-0.022071403,-0.0278225928067048
24,102,0.032403707,0.034447515821199
24,103,-0.002417685,0.0156467166358282
24,104,0.023093235,-0.083296868201351
24,105,-0.00074214,-0.0615528807742768
24,106,0.012185822,-0.0188999250273416
24,107,-0.002494255,0.0759584660719299
24,108,0,0.0263786942223482
24,109,-0.003734269,-0.0111868481929647
24,110,-0.009943358,-0.0592899778566105
24,111,0,-0.0175978516528565
24,112,0.01378489,-0.0283670549605597
24,113,-0.011244745,-0.0285846860879471
24,114,0.006677488,0.0165252574822398
24,115,-0.020079148,-0.0510910158904947
24,116,0.003715865,-0.0217945363644459
24,117,-0.002466825,0.0015567699560085
24,118,0.014571825,0.0065551388312482
24,119,0.017977402,0.00430975741120464
24,120,-0.000683311,0.00318936140636676
24,121,-0.009954585,-0.0318996276863896
24,122,-0.021103646,0.0334739254017293
24,123,0,-0.0603160199376013
24,124,0.001582576,-0.0244697223598028
24,125,0.018960889,0.00483061930878088
24,126,-0.008725799,-0.00933676341816394
24,127,-0.000185275,0.0383341749099981
24,128,0.004302993,-0.0349638998457346
24,129,-0.016685508,0.00571283776216775
24,130,-0.000545898,-0.0290260817706243
24,131,0.005342723,-0.0249801387076026
25,1,-0.012791962,-0.0321626550049948
25,2,0.019598292,0.00923501453369699
25,3,0.004188857,0.00886770099707352
25,4,-0.026008978,-0.0191963926834217
25,5,0.012065368,0.0112259717512664
25,6,0,0.0241346456036583
25,7,-0.033259031,-0.0655175797595764
25,8,0,0.0743710133739087
25,9,0,-0.0144917222431011
25,10,0,-0.069685002155778
25,11,-0.031445668,0.0528907416906089
25,12,0.015899612,0.0406713990260978
25,13,-0.011422256,0.00522902248526033
25,14,-0.001640942,0.0792058381063018
25,15,0.021559201,-0.0347909501667269
25,16,-0.014992412,0.022844030943877
25,17,-0.02191092,-0.0225099140323668
25,18,0.000671928,0.016359434855404
25,19,-0.02094789,0.0458828370468922
25,20,-0.02480792,-0.0496321497247522
25,21,-0.002675136,-0.0209891155817979
25,22,-0.031067697,-0.00658427429628625
25,23,0.006613466,0.0493376437993447
25,24,0.012217841,-0.0164650499193827
25,25,0.012705619,0.05029585530474
25,26,0.000585715,0.0712327873330856
25,27,-0.005838667,0.060923277014286
25,28,-0.011244189,0.00680507506730202
25,29,0.031866523,0.0509535158216055
25,30,-0.001312112,0.0417664514345525
25,31,-0.039176073,-0.024017168758457
25,32,0.00179865,0.0690148223653741
25,33,-0.010413714,-0.0374881762307908
25,34,0.01090741,-0.0558125890550143
25,35,0.016895752,-0.0282512436099842
25,36,0.017830353,0.0119399809447396
25,37,0.000813447,0.0442723319756012
25,38,0.017966872,0.0402475442165095
25,39,-0.006752557,0.0262797621434544
25,40,-0.000438122,0.0233834469175809
25,41,0.024020296,0.015839616899455
25,42,-0.012296417,0.0109915431077281
25,43,-0.018885012,0.0113403527086023
25,44,0.000467458,0.0255660238894681
25,45,-0.019410937,-0.017342994734128
25,46,-0.004481409,-0.00982829851655976
25,47,-0.012797735,-0.0556842472074266
25,48,-0.01984204,-0.0202012604965875
25,49,-0.02057115,0.0411267845576185
25,50,0.00131664,0.0157820142095672
25,51,0.006829299,0.0205549294091274
25,52,0.007660418,0.0309712282731744
25,53,-0.00627255,0.0351973927087262
25,54,0.027223014,0.055841981889503
25,55,0.005185917,0.0479576601589374
25,56,-0.003889532,0.0496354389731824
25,57,-0.001140142,-0.019564347857281
25,58,0.026693466,0.00305903204796046
25,59,-0.011263534,0.0170247403655501
25,60,-0.029034363,0.079510636710381
25,61,-0.011534794,0.0347626745817053
25,62,0,-0.0500961785904945
25,63,-0.0023284,-0.0365739801242847
25,64,-0.006264984,-0.0240077354254479
25,65,0.022527417,-0.00657919399835525
25,66,0.007679093,0.0333374105013254
25,67,-0.000716823,0.0278524038360669
25,68,0.026642449,-0.00591175916515898
25,69,-0.005887121,0.0630016360000894
25,70,-0.016505065,-0.0215681217894058
25,71,0.003455171,0.00291395924138252
25,72,0.012842571,0.0349449784825135
25,73,-0.021339106,-0.0356376103322173
25,74,0.017194987,0.0720076379979381
25,75,-0.001223049,0.0133981924694274
25,76,-0.007247642,-0.0392812754653375
25,77,-0.002242264,0.0276305388396061
25,78,-0.027405809,0.00800590518474741
25,79,-0.00867426,-0.0363214394407388
25,80,0.004426509,-0.0311529551291613
25,81,-0.006156074,-0.0441843765536112
25,82,-0.003811894,-0.0241184518347009
25,83,0.008570758,0.00382228087573575
25,84,0.013131249,0.016714265163133
25,85,-0.01977191,0.0510189176357555
25,86,-0.006852865,0.0194438265790999
25,87,-0.013422368,0.0229137251642844
25,88,-0.016788012,-0.01524893336054
25,89,0.006882682,-0.0185112736049543
25,90,0.009451649,-0.038612910742856
25,91,-0.018748669,-0.0257437665591631
25,92,0.011600551,0.113119789494676
25,93,0.015099904,-0.00279288370084986
25,94,0.00564342,0.0226571928302284
25,95,0.020330369,0.00676336994707352
25,96,-0.00813074,0.00908873543750124
25,97,-0.022071403,-0.0356859879393319
25,98,0.032403707,0.0405635028103427
25,99,-0.002417685,0.0412694980662851
25,100,0.023093235,-0.071713622811675
25,101,-0.00074214,-0.000150620431432725
25,102,0.012185822,-0.0457527790341544
25,103,-0.002494255,0.043276372246853
25,104,0,0.0319941759248182
25,105,-0.003734269,0.0323208933984758
25,106,-0.009943358,-0.0348395625458086
25,107,0,-0.00672873411456113
25,108,0.01378489,-0.0303135997613585
25,109,-0.011244745,-0.040276422326158
25,110,0.006677488,0.0252325829456375
25,111,-0.020079148,-0.0163234649923862
25,112,0.003715865,-0.00789948317256284
25,113,-0.002466825,-0.00347995410156091
25,114,0.014571825,0.00257647809888741
25,115,0.017977402,-0.00695160436876354
25,116,-0.000683311,0.00841468784246752
25,117,-0.009954585,-0.0173208379654525
25,118,-0.021103646,0.0022147240036585
25,119,0,-0.00248333438986624
25,120,0.001582576,-0.00342243044211504
25,121,0.018960889,-0.043779117303802
25,122,-0.008725799,-0.0125106410579064
25,123,-0.000185275,0.0527933756515995
25,124,0.004302993,0.016518619832654
25,125,-0.016685508,0.00966201190767967
25,126,-0.000545898,-0.0147538573708381
25,127,0.005342723,-0.0156065862315186
25,128,-0.002714063,-0.0336766251208388
25,129,-0.00253268,0.0203181921450807
25,130,0.001028543,-0.0262596970387674
25,131,-0.025059356,-0.00477047778490068
26,1,-0.026008978,-0.0274505376758567
26,2,0.012065368,-0.0274389941510221
26,3,0,0.0529700108520531
26,4,-0.033259031,-0.0241568734061375
26,5,0,-0.0133163977227505
26,6,0,-0.0222672803941825
26,7,0,-0.0334115530284959
26,8,-0.031445668,0.0247468674562719
26,9,0.015899612,0.0388762894753349
26,10,-0.011422256,-0.00375480096536813
26,11,-0.001640942,0.0797329248238086
26,12,0.021559201,-0.027141563042183
26,13,-0.014992412,0.0311725917634949
26,14,-0.02191092,-0.00484833304868626
26,15,0.000671928,0.0137338517572985
26,16,-0.02094789,0.0554015119563163
26,17,-0.02480792,-0.0621551438338339
26,18,-0.002675136,0.0106027651443713
26,19,-0.031067697,0.0116827257945379
26,20,0.006613466,0.0421948821277025
26,21,0.012217841,0.0149315656207171
26,22,0.012705619,0.0722726612211266
26,23,0.000585715,0.0497798159660429
26,24,-0.005838667,0.0800477696418051
26,25,-0.011244189,0.0260674124528207
26,26,0.031866523,0.029813186561195
26,27,-0.001312112,0.0402020250257018
26,28,-0.039176073,-0.0212889410256283
26,29,0.00179865,0.0496037377496905
26,30,-0.010413714,-0.0317946503458063
26,31,0.01090741,-0.0463668674575595
26,32,0.016895752,-0.0236540790320337
26,33,0.017830353,0.0196136684159394
26,34,0.000813447,0.0823136941262163
26,35,0.017966872,0.0402613627100446
26,36,-0.006752557,0.0178423516904747
26,37,-0.000438122,0.0146800733458626
26,38,0.024020296,0.0151308890540822
26,39,-0.012296417,0.0113341770984599
26,40,-0.018885012,0.0140175800547625
26,41,0.000467458,0.0330352998450275
26,42,-0.019410937,-0.0075583812693849
26,43,-0.004481409,-0.0354740432781193
26,44,-0.012797735,-0.0250131225783839
26,45,-0.01984204,-0.00510490224924047
26,46,-0.02057115,0.0117697106702835
26,47,0.00131664,0.0358507676678905
26,48,0.006829299,0.0564520228770928
26,49,0.007660418,0.0648540626181518
26,50,-0.00627255,0.038644523116352
26,51,0.027223014,0.0558799267528561
26,52,0.005185917,0.000435582894582064
26,53,-0.003889532,0.047797814135888
26,54,-0.001140142,-0.0142302827713804
26,55,0.026693466,0.00660053279642602
26,56,-0.011263534,0.0226394894922417
26,57,-0.029034363,0.0733880334475279
26,58,-0.011534794,0.0479403687400693
26,59,0,-0.0425480070901307
26,60,-0.0023284,-0.0683701081405427
26,61,-0.006264984,0.00110365611819669
26,62,0.022527417,0.00843141238805644
26,63,0.007679093,0.0264546367237631
26,64,-0.000716823,-0.00939281434689492
26,65,0.026642449,-0.00529527987696077
26,66,-0.005887121,0.0337746053848389
26,67,-0.016505065,-0.0174684306365308
26,68,0.003455171,-0.00674730098782386
26,69,0.012842571,0.0292601783205285
26,70,-0.021339106,-0.0244240587934837
26,71,0.017194987,0.0798018525305014
26,72,-0.001223049,0.0129682777370419
26,73,-0.007247642,-0.0233333442362934
26,74,-0.002242264,-0.00744834617391833
26,75,-0.027405809,0.0204705003054518
26,76,-0.00867426,0.00444168933036763
26,77,0.004426509,-0.025954981578376
26,78,-0.006156074,-0.0516569905985311
26,79,-0.003811894,-0.0360549053185262
26,80,0.008570758,0.0204010682210989
26,81,0.013131249,0.00269669680617485
26,82,-0.01977191,0.0247875794521814
26,83,-0.006852865,0.0220120517374212
26,84,-0.013422368,0.0412986781616617
26,85,-0.016788012,-0.00549563492295769
26,86,0.006882682,-0.0337753139023975
26,87,0.009451649,0.00312156216086615
26,88,-0.018748669,0.000277642663825816
26,89,0.011600551,0.0922965492506218
26,90,0.015099904,-0.0203564170544264
26,91,0.00564342,0.0184388028639853
26,92,0.020330369,-0.0133992888380851
26,93,-0.00813074,0.0144538870704002
26,94,-0.022071403,0.00229264095940644
26,95,0.032403707,-0.00246023072511768
26,96,-0.002417685,0.0339064671370153
26,97,0.023093235,-0.0563447601190014
26,98,-0.00074214,0.02453051130529
26,99,0.012185822,-0.0166358209083265
26,100,-0.002494255,0.0471459851505898
26,101,0,0.0542294875569993
26,102,-0.003734269,0.0669894878158826
26,103,-0.009943358,-0.041299261086225
26,104,0,-0.003803788381859
26,105,0.01378489,-0.0293513386288677
26,106,-0.011244745,-0.050914626518204
26,107,0.006677488,0.013755822825287
26,108,-0.020079148,-0.0156358353873282
26,109,0.003715865,-0.0020546881616801
26,110,-0.002466825,-0.0222894377753729
26,111,0.014571825,0.0208737162026409
26,112,0.017977402,-0.00936159838439181
26,113,-0.000683311,0.0479811959579547
26,114,-0.009954585,-0.000268079609842161
26,115,-0.021103646,-0.0102349366984519
26,116,0,0.014605616666736
26,117,0.001582576,0.0116508606890544
26,118,0.018960889,-0.0431964889286036
26,119,-0.008725799,-0.00121048985093927
26,120,-0.000185275,0.0804313652584035
26,121,0.004302993,0.00230952668911492
26,122,-0.016685508,0.00208596007008662
26,123,-0.000545898,-0.0162042065462837
26,124,0.005342723,0.00558379071781263
26,125,-0.002714063,-0.0219762707573546
26,126,-0.00253268,-0.00827618866668237
26,127,0.001028543,-0.0177429626353593
26,128,-0.025059356,-0.000394977942891024
26,129,0.000574402,0.0152836079521695
26,130,0.021470945,-0.00115242922679413
26,131,0,0.00491156720177222
27,1,0.012065368,0.00706755547810975
27,2,0,0.00575983828732458
27,3,-0.033259031,-0.0100408889944047
27,4,0,-0.0337894380082543
27,5,0,-0.0359255162652194
27,6,0,-0.0185416246822629
27,7,-0.031445668,-0.002029380803457
27,8,0.015899612,0.0475570883278582
27,9,-0.011422256,-0.0117488934214003
27,10,-0.001640942,0.0261508771637372
27,11,0.021559201,-0.000786596419742196
27,12,-0.014992412,0.0209464491045352
27,13,-0.02191092,0.0142415281903053
27,14,0.000671928,0.0447051778604943
27,15,-0.02094789,-0.00987691931667342
27,16,-0.02480792,-0.0447082723233409
27,17,-0.002675136,0.0057420147185586
27,18,-0.031067697,-0.0310468300742244
27,19,0.006613466,-0.00678390276732674
27,20,0.012217841,-0.0128040705190322
27,21,0.012705619,0.0687159678053777
27,22,0.000585715,0.0487475526188764
27,23,-0.005838667,0.110276850241599
27,24,-0.011244189,0.0534738154435834
27,25,0.031866523,0.0136077949172845
27,26,-0.001312112,-0.00780628167463841
27,27,-0.039176073,-0.0123749442260159
27,28,0.00179865,0.0362437778212257
27,29,-0.010413714,-0.0215812819574752
27,30,0.01090741,0.0119406708886086
27,31,0.016895752,-0.0357919315594738
27,32,0.017830353,-0.0059087012552195
27,33,0.000813447,-0.027639095837948
27,34,0.017966872,0.0824674860382866
27,35,-0.006752557,0.00903834179678889
27,36,-0.000438122,-0.038647176385459
27,37,0.024020296,-0.00166117216570523
27,38,-0.012296417,0.0201770124592815
27,39,-0.018885012,0.0275106741144046
27,40,0.000467458,0.0265916715825154
27,41,-0.019410937,-0.0405574233297141
27,42,-0.004481409,-0.0142462922296769
27,43,-0.012797735,-0.0202381717698693
27,44,-0.01984204,-0.0179897769465915
27,45,-0.02057115,-0.0373839076022829
27,46,0.00131664,0.040522775679903
27,47,0.006829299,0.0385828461430593
27,48,0.007660418,0.0129266018935709
27,49,-0.00627255,0.0373689825487724
27,50,0.027223014,0.0784230050190702
27,51,0.005185917,0.027648143503556
27,52,-0.003889532,0.00609217896866798
27,53,-0.001140142,-0.0174219556796078
27,54,0.026693466,-0.00279402420056382
27,55,-0.011263534,0.040739800411913
27,56,-0.029034363,0.0223618556323358
27,57,-0.011534794,0.0253057647216536
27,58,0,-0.0196280233387561
27,59,-0.0023284,0.00768659471958499
27,60,-0.006264984,-0.0109751979984993
27,61,0.022527417,-0.0306039924867224
27,62,0.007679093,-0.0702928922639738
27,63,-0.000716823,0.061878300757537
27,64,0.026642449,0.0205504213476133
27,65,-0.005887121,0.0293172126447243
27,66,-0.016505065,-0.0263096799293163
27,67,0.003455171,0.000727415551218899
27,68,0.012842571,-0.0195043911849288
27,69,-0.021339106,0.0345371252680315
27,70,0.017194987,0.047884235013408
27,71,-0.001223049,-0.036056088102676
27,72,-0.007247642,-0.0255460731366852
27,73,-0.002242264,0.0283616765083916
27,74,-0.027405809,-0.0118386349718314
27,75,-0.00867426,-0.0340203661167792
27,76,0.004426509,-0.0305861662951629
27,77,-0.006156074,-0.0127247518916542
27,78,-0.003811894,-0.0408969223427561
27,79,0.008570758,-0.00184955580099116
27,80,0.013131249,-0.00672926084388296
27,81,-0.01977191,0.0265188244393165
27,82,-0.006852865,0.0193812671171263
27,83,-0.013422368,0.0256562070201658
27,84,-0.016788012,-0.0111446775544193
27,85,0.006882682,-0.012122510099482
27,86,0.009451649,-0.0224794124248995
27,87,-0.018748669,-0.0156564433348523
27,88,0.011600551,0.0451743752046885
27,89,0.015099904,-0.000993738172728007
27,90,0.00564342,0.0213895555445642
27,91,0.020330369,-0.00563420338065747
27,92,-0.00813074,-0.00907510355524603
27,93,-0.022071403,-0.0176673609818501
27,94,0.032403707,0.00513828751397392
27,95,-0.002417685,-0.0231163572652145
27,96,0.023093235,0.00547180790711103
27,97,-0.00074214,0.0293980489482262
27,98,0.012185822,-0.0191809669948695
27,99,-0.002494255,0.0660507941660591
27,100,0,-0.0525566858439595
27,101,-0.003734269,-0.0360910009172154
27,102,-0.009943358,-0.00824381016072512
27,103,0,0.00552396379553004
27,104,0.01378489,-0.0199761302531615
27,105,-0.011244745,-0.0200921923781835
27,106,0.006677488,0.00570293855929502
27,107,-0.020079148,-0.0144004561025657
27,108,0.003715865,-0.000926465053287698
27,109,-0.002466825,-0.000661511255301972
27,110,0.014571825,-0.00412115883583886
27,111,0.017977402,-0.0121552806578158
27,112,-0.000683311,0.0169803436144315
27,113,-0.009954585,0.0205944863778345
27,114,-0.021103646,0.0266110975667448
27,115,0,-0.0178178992474569
27,116,0.001582576,0.0053874093939845
27,117,0.018960889,0.012705700525178
27,118,-0.008725799,-0.0178403924006004
27,119,-0.000185275,0.0380012607071936
27,120,0.004302993,0.0187894449102519
27,121,-0.016685508,-0.0109414433888166
27,122,-0.000545898,-0.0279485020075044
27,123,0.005342723,-0.00949616738277639
27,124,-0.002714063,-0.023774565620342
27,125,-0.00253268,-0.0173857720846176
27,126,0.001028543,-0.00817776889807986
27,127,-0.025059356,-0.010683952676286
27,128,0.000574402,0.00529189649030286
27,129,0.021470945,-0.00527073710153725
27,130,0,0.000966448043684805
27,131,0.028151792,0.0152728299864688
28,1,0,-0.0496049814392002
28,2,0,-0.0451118962829047
28,3,-0.031445668,0.0102546936131684
28,4,0.015899612,0.000228645901309877
28,5,-0.011422256,-0.0101017981408409
28,6,-0.001640942,0.0525989529466411
28,7,0.021559201,-0.0165362343387692
28,8,-0.014992412,0.0316019683509768
28,9,-0.02191092,-0.0114725362023085
28,10,0.000671928,0.0167012327091209
28,11,-0.02094789,0.00683293038845676
28,12,-0.02480792,-0.0317089595359368
28,13,-0.002675136,-0.0446288357086415
28,14,-0.031067697,-0.00383464059408688
28,15,0.006613466,0.0041090172931889
28,16,0.012217841,-0.0229682041248733
28,17,0.012705619,0.0552677619932911
28,18,0.000585715,0.00925883816803097
28,19,-0.005838667,0.0730848245751315
28,20,-0.011244189,-0.00296257090922233
28,21,0.031866523,0.0198637188947117
28,22,-0.001312112,0.0469038952586182
28,23,-0.039176073,-0.0179534124862301
28,24,0.00179865,0.0239048772066138
28,25,-0.010413714,-0.0150867871798468
28,26,0.01090741,0.00221521117733694
28,27,0.016895752,-0.0731065182695942
28,28,0.017830353,0.044483271608534
28,29,0.000813447,-0.0111806997561872
28,30,0.017966872,0.076500606892695
28,31,-0.006752557,-0.00129038302809282
28,32,-0.000438122,-0.0350714489541924
28,33,0.024020296,-0.00270891189762548
28,34,-0.012296417,0.00344657399734982
28,35,-0.018885012,0.00725392286623237
28,36,0.000467458,0.0153565891795431
28,37,-0.019410937,-0.0482852621980223
28,38,-0.004481409,-0.00324198448730187
28,39,-0.012797735,-0.0508670724688428
28,40,-0.01984204,-0.00752438132360716
28,41,-0.02057115,-0.022176930186864
28,42,0.00131664,0.00589281001398578
28,43,0.006829299,0.042346716097324
28,44,0.007660418,0.00706200576492373
28,45,-0.00627255,0.0375119291151198
28,46,0.027223014,0.0373195732038524
28,47,0.005185917,0.0025233277478684
28,48,-0.003889532,0.0098637478413229
28,49,-0.001140142,-0.0285639532769922
28,50,0.026693466,0.0168693445995372
28,51,-0.011263534,-0.0142256443554403
28,52,-0.029034363,0.0364628928472047
28,53,-0.011534794,-0.0215959146239962
28,54,0,0.00061127393254651
28,55,-0.0023284,0.00429830994406385
28,56,-0.006264984,-0.0317525731079654
28,57,0.022527417,-0.00127395798509538
28,58,0.007679093,-0.0316082498340643
28,59,-0.000716823,0.038977510669944
28,60,0.026642449,0.00169348918307313
28,61,-0.005887121,0.0475685197636114
28,62,-0.016505065,-0.0475094975428158
28,63,0.003455171,-0.00147105718060152
28,64,0.012842571,0.00260948520382274
28,65,-0.021339106,-0.0502639775765457
28,66,0.017194987,0.0410817743797849
28,67,-0.001223049,-0.00143344721216919
28,68,-0.007247642,-0.0231797231252282
28,69,-0.002242264,0.0462853765511229
28,70,-0.027405809,0.0136313231145378
28,71,-0.00867426,-0.0148607736860185
28,72,0.004426509,-0.0293451658415382
28,73,-0.006156074,-0.0150712668085766
28,74,-0.003811894,-0.0419439878552498
28,75,0.008570758,0.0011472548175407
28,76,0.013131249,-0.0127125508280648
28,77,-0.01977191,0.00475833651388307
28,78,-0.006852865,0.00956151760692043
28,79,-0.013422368,0.0302913607779873
28,80,-0.016788012,-0.00645931802841012
28,81,0.006882682,-0.00271563328782724
28,82,0.009451649,-0.00910453014618763
28,83,-0.018748669,-0.0165663056958031
28,84,0.011600551,0.0634713188189319
28,85,0.015099904,-0.00931876471939328
28,86,0.00564342,-0.0180780636757675
28,87,0.020330369,-0.00451127002686771
28,88,-0.00813074,0.0374823649221338
28,89,-0.022071403,-0.0379815140453867
28,90,0.032403707,0.0370562077408065
28,91,-0.002417685,0.0208885806992909
28,92,0.023093235,-0.0520939099314373
28,93,-0.00074214,-0.00247933905307843
28,94,0.012185822,-0.0271743745516538
28,95,-0.002494255,0.0374509297860509
28,96,0,-0.0172023402348505
28,97,-0.003734269,-0.0110329146452224
28,98,-0.009943358,-0.0174885010923227
28,99,0,-0.0207616905861843
28,100,0.01378489,-0.02710873197775
28,101,-0.011244745,-0.0345044258849916
28,102,0.006677488,0.0184535196422753
28,103,-0.020079148,-0.00632328827994664
28,104,0.003715865,-0.00309698032649582
28,105,-0.002466825,0.000459875823583263
28,106,0.014571825,0.0167505652201616
28,107,0.017977402,-0.00568727851104816
28,108,-0.000683311,0.0389550178852934
28,109,-0.009954585,-0.00434711770169128
28,110,-0.021103646,0.017634425823899
28,111,0,-0.020768765152405
28,112,0.001582576,-0.000155400544441299
28,113,0.018960889,-0.0171402152956938
28,114,-0.008725799,-0.0135877921199112
28,115,-0.000185275,0.0749670033226848
28,116,0.004302993,0.0119637003907038
28,117,-0.016685508,-0.0121648580274083
28,118,-0.000545898,-0.00976515379659618
28,119,0.005342723,-0.000519112835039959
28,120,-0.002714063,-0.025712519881734
28,121,-0.00253268,-0.0157495254002581
28,122,0.001028543,-0.00840813519789553
28,123,-0.025059356,-0.0108577243233241
28,124,0.000574402,0.0307463924626442
28,125,0.021470945,0.00463731234811806
28,126,0,-0.0138442859720586
28,127,0.028151792,0.0115240841791165
28,128,0.011047222,0.0298261327143066
28,129,-0.003956271,-0.0307424008078507
28,130,0.013934149,0.00274398451166469
28,131,0.003142399,-0.00823461889164812
29,1,0,-0.0273152816227426
29,2,-0.031445668,-0.00786960890934642
29,3,0.015899612,0.052005255493798
29,4,-0.011422256,0.0297503786488595
29,5,-0.001640942,0.039447016798405
29,6,0.021559201,0.00221889790353102
29,7,-0.014992412,0.0100158188243359
29,8,-0.02191092,-0.0195699558007988
29,9,0.000671928,0.0372898572269781
29,10,-0.02094789,0.0224902343865253
29,11,-0.02480792,-0.0244630535680371
29,12,-0.002675136,0.0129231006545336
29,13,-0.031067697,0.0174594852812432
29,14,0.006613466,0.0209402201566407
29,15,0.012217841,-0.00306704431169948
29,16,0.012705619,0.0521479863640345
29,17,0.000585715,0.0394876311031381
29,18,-0.005838667,0.0917050599477699
29,19,-0.011244189,-0.00252811237739173
29,20,0.031866523,-0.0278205517410774
29,21,-0.001312112,0.0572595131706729
29,22,-0.039176073,-0.0367724452522513
29,23,0.00179865,0.0535395452455498
29,24,-0.010413714,-0.0227425582018433
29,25,0.01090741,0.0150993846070162
29,26,0.016895752,-0.0719109371483173
29,27,0.017830353,0.011778434872746
29,28,0.000813447,-0.0236756643578503
29,29,0.017966872,0.0635050135987536
29,30,-0.006752557,0.0104022252919971
29,31,-0.000438122,-0.0888433628752592
29,32,0.024020296,-0.00802079701215733
29,33,-0.012296417,0.0351279900382681
29,34,-0.018885012,0.0269047957425362
29,35,0.000467458,0.0234539693241388
29,36,-0.019410937,-0.0262137886620572
29,37,-0.004481409,0.026266191615229
29,38,-0.012797735,-0.0286529341983757
29,39,-0.01984204,-0.000378593078163677
29,40,-0.02057115,-0.00719802512199873
29,41,0.00131664,0.0273915701089145
29,42,0.006829299,0.0740870295970985
29,43,0.007660418,0.0294958097450633
29,44,-0.00627255,0.0356535768577876
29,45,0.027223014,0.0550116561303846
29,46,0.005185917,0.0526009715012225
29,47,-0.003889532,0.00761131099236293
29,48,-0.001140142,-0.0458286764439021
29,49,0.026693466,-0.0139915694073271
29,50,-0.011263534,0.0379265895016097
29,51,-0.029034363,0.0546158589802978
29,52,-0.011534794,0.0429778895345727
29,53,0,-0.0267438231192748
29,54,-0.0023284,0.0169515035639917
29,55,-0.006264984,-0.0315309754339835
29,56,0.022527417,-0.003102260641593
29,57,0.007679093,-0.0256553794444571
29,58,-0.000716823,0.0199785472817522
29,59,0.026642449,0.00880589141863809
29,60,-0.005887121,0.0334639028853051
29,61,-0.016505065,-0.0419145995661389
29,62,0.003455171,-0.00301777204698159
29,63,0.012842571,0.00965815401414765
29,64,-0.021339106,0.03862904003541
29,65,0.017194987,0.0516098948704372
29,66,-0.001223049,0.000361274966877356
29,67,-0.007247642,-0.0211190443249954
29,68,-0.002242264,0.00241239484563035
29,69,-0.027405809,-0.00241760948307592
29,70,-0.00867426,-0.0242668360474992
29,71,0.004426509,-0.0170652585778032
29,72,-0.006156074,0.00730487356469532
29,73,-0.003811894,-0.0335146288094566
29,74,0.008570758,-0.00126645004414551
29,75,0.013131249,0.00438531351784351
29,76,-0.01977191,0.0380632628792827
29,77,-0.006852865,0.023565901870798
29,78,-0.013422368,0.0102428453868834
29,79,-0.016788012,-0.0301981220059285
29,80,0.006882682,0.00717108809424616
29,81,0.009451649,-0.00841649124777492
29,82,-0.018748669,-0.0156409498783213
29,83,0.011600551,0.0598654009994641
29,84,0.015099904,0.0150719029322009
29,85,0.00564342,-0.00499748773185461
29,86,0.020330369,-0.00664522621278555
29,87,-0.00813074,0.0117531101381065
29,88,-0.022071403,-0.0542613515044677
29,89,0.032403707,0.0203441849494107
29,90,-0.002417685,0.0351628679781323
29,91,0.023093235,-0.00570418649054522
29,92,-0.00074214,-0.0611704730330495
29,93,0.012185822,0.0054914095778651
29,94,-0.002494255,0.00978863315941504
29,95,0,-0.0015525335253289
29,96,-0.003734269,-0.0174248265023569
29,97,-0.009943358,-0.00454010703027851
29,98,0,-0.0105998043419318
29,99,0.01378489,-0.0156174572397877
29,100,-0.011244745,-0.0349705424360675
29,101,0.006677488,0.0158162708838272
29,102,-0.020079148,-0.0140904506336621
29,103,0.003715865,-0.00550899166083409
29,104,-0.002466825,-0.000309023375877297
29,105,0.014571825,-0.00344636536111828
29,106,0.017977402,-0.00963439748047368
29,107,-0.000683311,0.0334514339366417
29,108,-0.009954585,-0.0226819699707516
29,109,-0.021103646,0.0122324469326299
29,110,0,-0.0174732073755306
29,111,0.001582576,-0.00664737925151642
29,112,0.018960889,-0.0030694779424403
29,113,-0.008725799,-0.0430652518518389
29,114,-0.000185275,0.038976464208895
29,115,0.004302993,-0.00641295834907129
29,116,-0.016685508,-0.024012565822492
29,117,-0.000545898,-0.0216322016108898
29,118,0.005342723,-0.020921215370711
29,119,-0.002714063,-0.0122631770923931
29,120,-0.00253268,-0.00746887397294797
29,121,0.001028543,-0.00741052736864867
29,122,-0.025059356,-0.00995681840045705
29,123,0.000574402,0.0330622005475242
29,124,0.021470945,0.0178997452064784
29,125,0,0.0135856321932752
29,126,0.028151792,-0.00874540719965026
29,127,0.011047222,0.00694475598063785
29,128,-0.003956271,-0.0308054981760226
29,129,0.013934149,0.0019981471117368
29,130,0.003142399,-0.023780827894468
29,131,-0.013953879,-0.0455819035774539
30,1,0.015899612,0.0245665095163711
30,2,-0.011422256,0.0312140676168472
30,3,-0.001640942,0.0376695832614305
30,4,0.021559201,-0.0011440689922635
30,5,-0.014992412,0.0100791259561244
30,6,-0.02191092,0.00682241659289719
30,7,0.000671928,-0.0196853184366601
30,8,-0.02094789,0.0520493309761724
30,9,-0.02480792,-0.0354295102682525
30,10,-0.002675136,-0.026407118629555
30,11,-0.031067697,0.00120253208413007
30,12,0.006613466,0.0115720536672709
30,13,0.012217841,-0.0273573062990234
30,14,0.012705619,0.0850474169250949
30,15,0.000585715,0.00554624155407101
30,16,-0.005838667,0.0594634999686112
30,17,-0.011244189,0.060528047849076
30,18,0.031866523,0.00191296550155086
30,19,-0.001312112,0.0383388807725179
30,20,-0.039176073,-0.00209744247146496
30,21,0.00179865,0.0321159848582085
30,22,-0.010413714,-0.022223903004786
30,23,0.01090741,-0.0166152767248234
30,24,0.016895752,-0.0355707616216578
30,25,0.017830353,0.0284790381935811
30,26,0.000813447,-0.0344803339899928
30,27,0.017966872,0.0118857144933133
30,28,-0.006752557,0.010480569369756
30,29,-0.000438122,-0.0197775474217804
30,30,0.024020296,0.000496483595045079
30,31,-0.012296417,0.0164830793666138
30,32,-0.018885012,0.0139660676625172
30,33,0.000467458,0.0129241766459477
30,34,-0.019410937,-0.0119368772613063
30,35,-0.004481409,-0.0106952554713905
30,36,-0.012797735,-0.0167564183708886
30,37,-0.01984204,-0.00411329164348838
30,38,-0.02057115,-0.0117620016546118
30,39,0.00131664,0.0125695463581863
30,40,0.006829299,0.0532453776736578
30,41,0.007660418,-0.00491817522074778
30,42,-0.00627255,0.0293908653599722
30,43,0.027223014,0.078958222683418
30,44,0.005185917,0.0276227576736792
30,45,-0.003889532,0.0169816143711692
30,46,-0.001140142,-0.03142559288158
30,47,0.026693466,-0.00205235095498889
30,48,-0.011263534,0.00257475484754874
30,49,-0.029034363,0.0586594110553967
30,50,-0.011534794,-0.00441505572187901
30,51,0,-0.0202616316336539
30,52,-0.0023284,-0.0265384484671604
30,53,-0.006264984,-0.0125493484946086
30,54,0.022527417,-0.00926756539624531
30,55,0.007679093,-0.0477122486332837
30,56,-0.000716823,0.00977015211162068
30,57,0.026642449,0.0093102894672656
30,58,-0.005887121,0.0302041256573816
30,59,-0.016505065,-0.0136012480414805
30,60,0.003455171,-0.0205069817243635
30,61,0.012842571,0.0151739802874953
30,62,-0.021339106,-0.0251348628596963
30,63,0.017194987,0.052106375498353
30,64,-0.001223049,0.0106310691348756
30,65,-0.007247642,-0.00275163420737261
30,66,-0.002242264,0.0109827173471749
30,67,-0.027405809,0.00379707839846607
30,68,-0.00867426,0.00769311291488867
30,69,0.004426509,-0.0564497413228526
30,70,-0.006156074,-0.00381747760053205
30,71,-0.003811894,-0.0598325377829101
30,72,0.008570758,-0.0103222059301706
30,73,0.013131249,0.0204485696007817
30,74,-0.01977191,0.0227472581245789
30,75,-0.006852865,0.0195623164421877
30,76,-0.013422368,0.0200120072720113
30,77,-0.016788012,0.0103503722102781
30,78,0.006882682,-0.0253890192196439
30,79,0.009451649,-0.0185845726173976
30,80,-0.018748669,-0.0426600498302452
30,81,0.011600551,0.0496846956564907
30,82,0.015099904,0.0272887281011119
30,83,0.00564342,0.0201807908015948
30,84,0.020330369,-0.00240557035988866
30,85,-0.00813074,0.00675788528169546
30,86,-0.022071403,0.00124773182410767
30,87,0.032403707,0.0138038214471755
30,88,-0.002417685,0.0475610811637804
30,89,0.023093235,-0.0270727224626558
30,90,-0.00074214,0.0193392503477768
30,91,0.012185822,-0.020746322458927
30,92,-0.002494255,0.0551939254406513
30,93,0,-0.0301934194066705
30,94,-0.003734269,-0.0258707334253196
30,95,-0.009943358,-0.0193127633045803
30,96,0,-0.0134405258800071
30,97,0.01378489,-0.0314075634853516
30,98,-0.011244745,-0.0300530229835897
30,99,0.006677488,0.0203311564319463
30,100,-0.020079148,-0.00210232168262616
30,101,0.003715865,0.0338114426509255
30,102,-0.002466825,-0.00262115042084245
30,103,0.014571825,0.0136003955736667
30,104,0.017977402,-0.0295913129360089
30,105,-0.000683311,0.00201043224205405
30,106,-0.009954585,-0.0150750349740631
30,107,-0.021103646,0.0100826208676832
30,108,0,0.00526651512740024
30,109,0.001582576,-0.0325505853450964
30,110,0.018960889,-0.00511040012804587
30,111,-0.008725799,-0.048370491910018
30,112,-0.000185275,0.0328963122795756
30,113,0.004302993,0.0204048502928441
30,114,-0.016685508,-0.00253171057274997
30,115,-0.000545898,-0.0194316847818749
30,116,0.005342723,-0.0395955834487663
30,117,-0.002714063,-0.0210213394642533
30,118,-0.00253268,-0.0129431348282913
30,119,0.001028543,-0.00410072221831598
30,120,-0.025059356,0.012623916003109
30,121,0.000574402,0.040788425752105
30,122,0.021470945,0.0135943131135571
30,123,0,-0.0102368189877744
30,124,0.028151792,-0.00036646575173709
30,125,0.011047222,-0.0100345832141123
30,126,-0.003956271,-0.0291760673653474
30,127,0.013934149,0.017788660764841
30,128,0.003142399,-0.0117851943569619
30,129,-0.013953879,-0.0377202122096397
30,130,0.010505244,0.0226059419087418
30,131,0.028852659,0.0200510579649979
31,1,-0.02480792,-0.00907399870447866
31,2,-0.002675136,-0.0336094473524273
31,3,-0.031067697,-0.00281110406946422
31,4,0.006613466,0.00917099931064506
31,5,0.012217841,0.00697008906762049
31,6,0.012705619,0.0671534827838576
31,7,0.000585715,-0.00246570113350001
31,8,-0.005838667,0.0713369137609578
31,9,-0.011244189,0.0444257253016888
31,10,0.031866523,0.0147747632926578
31,11,-0.001312112,0.0316011677943826
31,12,-0.039176073,0.0299255192884669
31,13,0.00179865,0.0099487931729245
31,14,-0.010413714,0.0206915784383874
31,15,0.01090741,-0.0374084103990184
31,16,0.016895752,-0.0692047112390348
31,17,0.017830353,-0.0333116654482762
31,18,0.000813447,-0.0428969480534987
31,19,0.017966872,0.0562672561810557
31,20,-0.006752557,0.0460352936992679
31,21,-0.000438122,-0.00412909151491147
31,22,0.024020296,0.00713478267482537
31,23,-0.012296417,0.0193095470058616
31,24,-0.018885012,0.0424029732434551
31,25,0.000467458,0.0247549820877957
31,26,-0.019410937,-0.0442462811014257
31,27,-0.004481409,-0.0191016148200014
31,28,-0.012797735,-0.0332986226680184
31,29,-0.01984204,-0.017539721212434
31,30,-0.02057115,-0.0270737133459347
31,31,0.00131664,0.0166117642577607
31,32,0.006829299,0.0506273165532925
31,33,0.007660418,0.0310209197055372
31,34,-0.00627255,0.0439647330398737
31,35,0.027223014,0.0794982059153272
31,36,0.005185917,0.0739194414340683
31,37,-0.003889532,0.0158021752104098
31,38,-0.001140142,-0.00391087833475204
31,39,0.026693466,0.0042239082764428
31,40,-0.011263534,0.0267118436999099
31,41,-0.029034363,0.052856043140232
31,42,-0.011534794,-0.0101601321967079
31,43,0,0.00713616362024867
31,44,-0.0023284,-0.0211649303722399
31,45,-0.006264984,-0.0230418874850149
31,46,0.022527417,-0.0296051876569213
31,47,0.007679093,-0.0263913581868714
31,48,-0.000716823,0.0598262403535669
31,49,0.026642449,0.0328284072109243
31,50,-0.005887121,0.0207699711135734
31,51,-0.016505065,-0.0286728759329454
31,52,0.003455171,0.00904623452810806
31,53,0.012842571,-0.029453522192162
31,54,-0.021339106,0.0203927699326092
31,55,0.017194987,0.0470569479771397
31,56,-0.001223049,-0.00560420482086627
31,57,-0.007247642,-0.0219422978838959
31,58,-0.002242264,0.0141824329675585
31,59,-0.027405809,-0.0199333021964942
31,60,-0.00867426,-0.0335420825263633
31,61,0.004426509,-0.0306950278384262
31,62,-0.006156074,-0.0302579935054024
31,63,-0.003811894,-0.0278082903684722
31,64,0.008570758,0.00399974665042771
31,65,0.013131249,0.0249627380950774
31,66,-0.01977191,0.0204446287673526
31,67,-0.006852865,0.017685584094885
31,68,-0.013422368,0.0249606736763222
31,69,-0.016788012,-0.0270853763901024
31,70,0.006882682,-0.0397918432064839
31,71,0.009451649,-0.0182112624652334
31,72,-0.018748669,-0.0206412351052889
31,73,0.011600551,0.0363449369851781
31,74,0.015099904,0.063827722837403
31,75,0.00564342,0.00302542846947167
31,76,0.020330369,0.011489355347922
31,77,-0.00813074,-0.0180032190446906
31,78,-0.022071403,-0.0295843563571009
31,79,0.032403707,0.0137759194550931
31,80,-0.002417685,0.0185038742664393
31,81,0.023093235,0.0242025072506037
31,82,-0.00074214,-0.0112749579719319
31,83,0.012185822,-0.0348947543150777
31,84,-0.002494255,0.0122586749488442
31,85,0,-0.0349839132462946
31,86,-0.003734269,-0.0357373575785011
31,87,-0.009943358,0.0236987389154228
31,88,0,-0.0106183571414733
31,89,0.01378489,-0.0113412827919332
31,90,-0.011244745,-0.0156870551425015
31,91,0.006677488,0.0185224494918658
31,92,-0.020079148,0.00528499304745902
31,93,0.003715865,-0.0112448764436247
31,94,-0.002466825,-0.00619851961351895
31,95,0.014571825,-0.012628734321236
31,96,0.017977402,-0.0300523200605919
31,97,-0.000683311,0.00675577797095562
31,98,-0.009954585,0.0217669901681776
31,99,-0.021103646,0.0347798765330214
31,100,0,-0.0542567282050733
31,101,0.001582576,-0.0130467984822242
31,102,0.018960889,-0.0162861223074203
31,103,-0.008725799,-0.040246750460971
31,104,-0.000185275,0.0325050226863377
31,105,0.004302993,0.050548842312961
31,106,-0.016685508,-0.0153427462364729
31,107,-0.000545898,-0.0293001743225063
31,108,0.005342723,-0.00986904990015776
31,109,-0.002714063,-0.0298322147517108
31,110,-0.00253268,-0.0150476924102434
31,111,0.001028543,-0.00312086213000597
31,112,-0.025059356,-0.00473147359976556
31,113,0.000574402,0.00692695478419698
31,114,0.021470945,0.00178103345130511
31,115,0,0.000975005638220905
31,116,0.028151792,0.00831094288763938
31,117,0.011047222,-0.00308903587625326
31,118,-0.003956271,-0.0264638969757486
31,119,0.013934149,0.0249435183473763
31,120,0.003142399,-0.0252838835184306
31,121,-0.013953879,-0.0294259582551989
31,122,0.010505244,0.0506145541004505
31,123,0.028852659,0.00467941787524866
31,124,-0.008446685,0.0387955731575205
31,125,0,0.0912589571554195
31,126,0.004937884,0.00671712933197807
31,127,-0.003996164,-0.0279615836898328
31,128,0.008572097,-0.01415933730207
31,129,-0.018836196,-0.0164876057155615
31,130,0.005120189,-0.0173764389308806
31,131,0.017907295,-0.0290106999803686
32,1,-0.002675136,-0.0302703477303876
32,2,-0.031067697,-0.00334769772353119
32,3,0.006613466,-0.00336774683100476
32,4,0.012217841,-0.0745269212922372
32,5,0.012705619,0.0607594623288129
32,6,0.000585715,0.0012599958445735
32,7,-0.005838667,0.0654042913642331
32,8,-0.011244189,0.027926139011961
32,9,0.031866523,-0.0206443118492907
32,10,-0.001312112,0.0224863845695122
32,11,-0.039176073,-0.0151843237353564
32,12,0.00179865,0.0148255342949037
32,13,-0.010413714,-0.0337571664122915
32,14,0.01090741,-0.0513236099705711
32,15,0.016895752,-0.1093410279884
32,16,0.017830353,-0.0369278076838859
32,17,0.000813447,-0.00931785235407734
32,18,0.017966872,0.0620714704545978
32,19,-0.006752557,0.0121137924789438
32,20,-0.000438122,-0.0239981876336453
32,21,0.024020296,0.0112305281196785
32,22,-0.012296417,0.0311662908638459
32,23,-0.018885012,-0.0341690185402501
32,24,0.000467458,0.0204304514241352
32,25,-0.019410937,-0.0128249703434394
32,26,-0.004481409,-0.0288186011683723
32,27,-0.012797735,-0.0490545601973207
32,28,-0.01984204,-0.00296275868402376
32,29,-0.02057115,-0.0189700195409753
32,30,0.00131664,-0.00179384431536343
32,31,0.006829299,0.0405045116971609
32,32,0.007660418,-0.000869664583833446
32,33,-0.00627255,0.0264380589023558
32,34,0.027223014,0.0524425132115796
32,35,0.005185917,0.0385171871479518
32,36,-0.003889532,0.00631269245628291
32,37,-0.001140142,-0.0108956383851574
32,38,0.026693466,0.00416729888229907
32,39,-0.011263534,0.0404460349034293
32,40,-0.029034363,-0.000582916597704242
32,41,-0.011534794,-0.0145999175456149
32,42,0,-0.0216738994886444
32,43,-0.0023284,0.00962136696291415
32,44,-0.006264984,-0.0549316021276923
32,45,0.022527417,-0.026796853792352
32,46,0.007679093,-0.0635665255894956
32,47,-0.000716823,0.043669208852791
32,48,0.026642449,0.023871451226203
32,49,-0.005887121,0.0118383983186646
32,50,-0.016505065,-0.0584584626477952
32,51,0.003455171,-0.000901635573234067
32,52,0.012842571,0.0103823268249339
32,53,-0.021339106,0.0120766289274948
32,54,0.017194987,0.00780195801264299
32,55,-0.001223049,-0.0174188201987969
32,56,-0.007247642,-0.0542937316741388
32,57,-0.002242264,0.0409791828502321
32,58,-0.027405809,-0.00836449922887105
32,59,-0.00867426,-0.0137095595686962
32,60,0.004426509,-0.045072678323975
32,61,-0.006156074,-0.0017213369824562
32,62,-0.003811894,-0.0217071394238386
32,63,0.008570758,-0.0191337064297907
32,64,0.013131249,0.00977241114734758
32,65,-0.01977191,0.0186023137684616
32,66,-0.006852865,0.0059058281667206
32,67,-0.013422368,0.0127685015694514
32,68,-0.016788012,-0.0250592291993225
32,69,0.006882682,-0.00919942845145422
32,70,0.009451649,-0.0259572376032815
32,71,-0.018748669,-0.00912828511385386
32,72,0.011600551,0.048537587369392
32,73,0.015099904,0.00829382749679909
32,74,0.00564342,0.00185689005957634
32,75,0.020330369,0.00537313460772556
32,76,-0.00813074,-0.021901609354059
32,77,-0.022071403,-0.0238046082329232
32,78,0.032403707,0.0190158009070909
32,79,-0.002417685,0.033593771011914
32,80,0.023093235,-0.0731520715205731
32,81,-0.00074214,-0.0288102679067181
32,82,0.012185822,-0.0397768163391302
32,83,-0.002494255,0.0722848973950595
32,84,0,-0.00378879234591768
32,85,-0.003734269,-0.0271377188264956
32,86,-0.009943358,0.0266130703245655
32,87,0,-0.00953441401618063
32,88,0.01378489,-0.00958068506773102
32,89,-0.011244745,-0.0118865538585309
32,90,0.006677488,0.0124661421743245
32,91,-0.020079148,0.00182202954889617
32,92,0.003715865,-0.0211267036239745
32,93,-0.002466825,0.0224983644485124
32,94,0.014571825,0.010962492354526
32,95,0.017977402,0.00986912183325432
32,96,-0.000683311,-0.00024340820019825
32,97,-0.009954585,0.0108075582076114
32,98,-0.021103646,0.0216312763862297
32,99,0,-0.0417825987464358
32,100,0.001582576,0.0166056022714012
32,101,0.018960889,-0.00818245635424105
32,102,-0.008725799,-0.0400181563323758
32,103,-0.000185275,0.0299372522105424
32,104,0.004302993,0.0442869765140366
32,105,-0.016685508,-0.00928133958582485
32,106,-0.000545898,-0.0295242138933168
32,107,0.005342723,-0.017480513600834
32,108,-0.002714063,-0.0100450746256498
32,109,-0.00253268,-0.00712299488879573
32,110,0.001028543,-0.00511545205924298
32,111,-0.025059356,0.00742146389602879
32,112,0.000574402,0.00203854593363772
32,113,0.021470945,0.00849236497227193
32,114,0,0.0150309813204721
32,115,0.028151792,-0.0031287740008
32,116,0.011047222,-0.0381130616219326
32,117,-0.003956271,-0.0239891220963959
32,118,0.013934149,0.0412761937147137
32,119,0.003142399,-0.00692603567513517
32,120,-0.013953879,-0.0329561706857008
32,121,0.010505244,0.0198883807036686
32,122,0.028852659,0.0243616116372063
32,123,-0.008446685,0.00931459645721098
32,124,0,0.028894935820545
32,125,0.004937884,0.00116332810734003
32,126,-0.003996164,-0.0413178070382292
32,127,0.008572097,-0.011548853483184
32,128,-0.018836196,-0.0229114176161748
32,129,0.005120189,-0.00890866355492839
32,130,0.017907295,-0.0099994227070153
32,131,0.000963295,-0.0133377422001412
33,1,0.012705619,0.0489398804113919
33,2,0.000585715,0.081348435095853
33,3,-0.005838667,0.0577856060057166
33,4,-0.011244189,0.0593445153185213
33,5,0.031866523,0.0245449290475255
33,6,-0.001312112,-0.0233720670650597
33,7,-0.039176073,-0.0166907258016504
33,8,0.00179865,0.0299647547474317
33,9,-0.010413714,0.0190873437043869
33,10,0.01090741,0.00705408859453556
33,11,0.016895752,-0.0826237080785562
33,12,0.017830353,0.00161755488015648
33,13,0.000813447,-0.0119941747383833
33,14,0.017966872,0.0244252294570757
33,15,-0.006752557,-0.0369776931160545
33,16,-0.000438122,-0.0134109741725847
33,17,0.024020296,-0.010399976095204
33,18,-0.012296417,0.0121986306444615
33,19,-0.018885012,0.00715171790354176
33,20,0.000467458,0.0427876639254015
33,21,-0.019410937,-0.0185652024460526
33,22,-0.004481409,-0.022887680348304
33,23,-0.012797735,-0.0256806454467772
33,24,-0.01984204,-0.0288008812617093
33,25,-0.02057115,-0.0240485628779103
33,26,0.00131664,0.0142940309454222
33,27,0.006829299,0.0435275763428132
33,28,0.007660418,0.012119756691009
33,29,-0.00627255,0.0307789700857694
33,30,0.027223014,0.0715196833035117
33,31,0.005185917,0.0223160941753708
33,32,-0.003889532,0.0281773622901952
33,33,-0.001140142,-0.0212643107478737
33,34,0.026693466,0.0144563218070197
33,35,-0.011263534,0.0102826554398206
33,36,-0.029034363,0.00189138412503171
33,37,-0.011534794,0.00537459478485534
33,38,0,0.023456117089902
33,39,-0.0023284,-0.0127646498265553
33,40,-0.006264984,-0.0476560926628703
33,41,0.022527417,-0.0247637677636968
33,42,0.007679093,-0.0427654476466039
33,43,-0.000716823,-0.00518888740652702
33,44,0.026642449,0.0140792205772834
33,45,-0.005887121,0.0179378334833595
33,46,-0.016505065,-0.0145271731326883
33,47,0.003455171,-0.00891566527395503
33,48,0.012842571,0.00760093331404853
33,49,-0.021339106,0.00732212978915125
33,50,0.017194987,-0.00815125399238634
33,51,-0.001223049,-0.00449064804124813
33,52,-0.007247642,-0.00685378011461673
33,53,-0.002242264,0.0180439954589019
33,54,-0.027405809,0.00333676927978229
33,55,-0.00867426,-0.0244922055696039
33,56,0.004426509,-0.0265620795478693
33,57,-0.006156074,-0.0268127154223409
33,58,-0.003811894,-0.0477463245016404
33,59,0.008570758,-0.0033086435688594
33,60,0.013131249,0.0074124390975338
33,61,-0.01977191,0.0367354875128491
33,62,-0.006852865,0.00496639284461672
33,63,-0.013422368,0.0205403512248249
33,64,-0.016788012,0.0157294240512661
33,65,0.006882682,-0.018209399053617
33,66,0.009451649,-0.0207378819470723
33,67,-0.018748669,-0.0366462663970348
33,68,0.011600551,0.0517090520526188
33,69,0.015099904,-0.00969088182560071
33,70,0.00564342,0.0325303978685043
33,71,0.020330369,0.0168171620123812
33,72,-0.00813074,-0.0280652751288935
33,73,-0.022071403,-0.00963482183825762
33,74,0.032403707,0.0254829492367922
33,75,-0.002417685,-0.0274230515881065
33,76,0.023093235,-0.0455034191514442
33,77,-0.00074214,-0.0179974562445904
33,78,0.012185822,-0.0292783194071244
33,79,-0.002494255,0.0433352659946704
33,80,0,-0.0572143130575788
33,81,-0.003734269,-0.0159973487947616
33,82,-0.009943358,-0.004032809216558
33,83,0,-0.0250963497873615
33,84,0.01378489,-0.00826110452539242
33,85,-0.011244745,-0.04735485803622
33,86,0.006677488,0.00947204367557253
33,87,-0.020079148,-0.00756695788981047
33,88,0.003715865,0.00731944877357262
33,89,-0.002466825,0.00424301364364635
33,90,0.014571825,0.0169109116083962
33,91,0.017977402,-0.00780145528957868
33,92,-0.000683311,0.000798235139935382
33,93,-0.009954585,-0.00462449434670505
33,94,-0.021103646,0.0199535483709615
33,95,0,-0.0377768804912791
33,96,0.001582576,0.0130700882292069
33,97,0.018960889,-0.0206976438478708
33,98,-0.008725799,-0.0381170051440877
33,99,-0.000185275,0.037701884502579
33,100,0.004302993,0.0219931683167593
33,101,-0.016685508,0.0165318096806999
33,102,-0.000545898,-0.0149498612019492
33,103,0.005342723,-0.0229169141601142
33,104,-0.002714063,-0.02103529417548
33,105,-0.00253268,-0.00807786524693782
33,106,0.001028543,-0.0211352159471217
33,107,-0.025059356,0.0116050387255065
33,108,0.000574402,0.00945867839770244
33,109,0.021470945,0.000978967445622802
33,110,0,-0.00324867372495977
33,111,0.028151792,0.00679678902117312
33,112,0.011047222,-0.0355468029094826
33,113,-0.003956271,-0.0267123357336679
33,114,0.013934149,0.0433096668469573
33,115,0.003142399,-0.0620624293237082
33,116,-0.013953879,-0.0154067971400863
33,117,0.010505244,0.0298616337149293
33,118,0.028852659,-0.00263837281986461
33,119,-0.008446685,0.00612294775717905
33,120,0,0.0222357712429138
33,121,0.004937884,-0.00607545500662666
33,122,-0.003996164,0.00769252030678265
33,123,0.008572097,0.000182692785140328
33,124,-0.018836196,-0.03512552461104
33,125,0.005120189,-0.0292289957225494
33,126,0.017907295,-0.00552086283155873
33,127,0.000963295,-0.0685702065704182
33,128,-0.001090165,0.00120235471942132
33,129,-0.00257333,0.0121590179197137
33,130,0.008955842,-0.0120579692665502
33,131,0.005219765,0.0121689287698806
34,1,0.000585715,0.063433515003079
34,2,-0.005838667,0.0522521512255627
34,3,-0.011244189,-0.00649138027446182
34,4,0.031866523,0.0787934755216088
34,5,-0.001312112,-0.028661833562752
34,6,-0.039176073,0.00955679062201116
34,7,0.00179865,-0.000703020222172973
34,8,-0.010413714,0.00993104449266722
34,9,0.01090741,0.0352136216705821
34,10,0.016895752,-0.0710844557534956
34,11,0.017830353,0.0135118030909238
34,12,0.000813447,-0.045357275828441
34,13,0.017966872,-0.0541176863906323
34,14,-0.006752557,-0.0413477078385188
34,15,-0.000438122,0.0353080525384366
34,16,0.024020296,-0.0103502673978591
34,17,-0.012296417,-0.00400064297752396
34,18,-0.018885012,-0.0190695705948466
34,19,0.000467458,0.0253507194647508
34,20,-0.019410937,-0.00813892806562929
34,21,-0.004481409,-0.0232204194994839
34,22,-0.012797735,-0.0534137499689255
34,23,-0.01984204,-0.0244122748899611
34,24,-0.02057115,-0.0290222327562012
34,25,0.00131664,-0.0204609070559953
34,26,0.006829299,0.0349316589073219
34,27,0.007660418,0.0383225166163073
34,28,-0.00627255,0.0358883610770394
34,29,0.027223014,0.0738248598971435
34,30,0.005185917,0.0496246313127703
34,31,-0.003889532,0.0448050405826354
34,32,-0.001140142,-0.00963490555037595
34,33,0.026693466,0.0182410745440679
34,34,-0.011263534,0.0259969921543386
34,35,-0.029034363,0.0272484240822424
34,36,-0.011534794,-0.00637017852953101
34,37,0,-0.0110813187126069
34,38,-0.0023284,0.0419777098810644
34,39,-0.006264984,-0.034641209150244
34,40,0.022527417,-0.0108960315715758
34,41,0.007679093,-0.0266152287604293
34,42,-0.000716823,-0.0461698119086125
34,43,0.026642449,0.0228770049571502
34,44,-0.005887121,0.00285231005778229
34,45,-0.016505065,-0.0333047100662551
34,46,0.003455171,0.00886119117760182
34,47,0.012842571,-0.0201651016413892
34,48,-0.021339106,0.00279463011492981
34,49,0.017194987,0.00407278675597829
34,50,-0.001223049,0.0057775417894442
34,51,-0.007247642,-0.0310785446518218
34,52,-0.002242264,-0.0230949892308402
34,53,-0.027405809,0.0075827845635972
34,54,-0.00867426,-0.0541343938126026
34,55,0.004426509,-0.0375744405123753
34,56,-0.006156074,-0.0206088611812545
34,57,-0.003811894,-0.0342791372016852
34,58,0.008570758,-0.0184183296246546
34,59,0.013131249,0.00570741053859372
34,60,-0.01977191,0.0499452957340424
34,61,-0.006852865,0.0248316238477835
34,62,-0.013422368,0.00120950041811226
34,63,-0.016788012,0.00588756836820381
34,64,0.006882682,-0.0262384889551505
34,65,0.009451649,-0.0470386799964096
34,66,-0.018748669,-0.0290975107863586
34,67,0.011600551,0.0087054738532392
34,68,0.015099904,0.000558093224252747
34,69,0.00564342,0.0226611162085239
34,70,0.020330369,0.0149634932384065
34,71,-0.00813074,-0.0107546354234105
34,72,-0.022071403,-0.0569647668612934
34,73,0.032403707,0.0143097611241863
34,74,-0.002417685,-0.043874445583703
34,75,0.023093235,-0.0339858448657615
34,76,-0.00074214,0.0039085853872144
34,77,0.012185822,-0.0374556686189233
34,78,-0.002494255,0.0451690727788154
34,79,0,-0.000590696360103786
34,80,-0.003734269,-0.0538598783561678
34,81,-0.009943358,0.0376841327819867
34,82,0,-0.0142480924558095
34,83,0.01378489,-0.0134500320932187
34,84,-0.011244745,-0.0280838978291291
34,85,0.006677488,0.00178849755359091
34,86,-0.020079148,-0.00677920992166959
34,87,0.003715865,0.00334050017011877
34,88,-0.002466825,0.0091390506724297
34,89,0.014571825,0.0186635284117355
34,90,0.017977402,-0.0124609403068014
34,91,-0.000683311,-0.00330047075640558
34,92,-0.009954585,-0.0433504244337351
34,93,-0.021103646,0.0544068876923131
34,94,0,-0.0361711388872521
34,95,0.001582576,-0.01945280071817
34,96,0.018960889,-0.0268747750713357
34,97,-0.008725799,-0.0311892735557119
34,98,-0.000185275,-0.00612548718548074
34,99,0.004302993,0.0101501710657136
34,100,-0.016685508,0.0325624339883605
34,101,-0.000545898,-0.0102497217839105
34,102,0.005342723,-0.0140879875559006
34,103,-0.002714063,-0.0238015506001298
34,104,-0.00253268,-0.0160698753955286
34,105,0.001028543,-0.0297614681059385
34,106,-0.025059356,-0.0035088925698918
34,107,0.000574402,0.0140051368972886
34,108,0.021470945,-0.0202370023868753
34,109,0,-0.0118092688144105
34,110,0.028151792,-0.0112938665555642
34,111,0.011047222,-0.0284649597014306
34,112,-0.003956271,-0.0698898769078472
34,113,0.013934149,0.016675094660359
34,114,0.003142399,-0.0449461956992894
34,115,-0.013953879,-0.0564377105076858
34,116,0.010505244,0.0337252442067518
34,117,0.028852659,-0.00208230660649778
34,118,-0.008446685,0.0072784579117231
34,119,0,-0.0144471831647332
34,120,0.004937884,0.010685890219468
34,121,-0.003996164,-0.00751846619859783
34,122,0.008572097,-0.000694668962827729
34,123,-0.018836196,-0.028166496641754
34,124,0.005120189,-0.0474275925999
34,125,0.017907295,0.00389609967675365
34,126,0.000963295,-0.0537728138209249
34,127,-0.001090165,-0.014740171809807
34,128,-0.00257333,0.0245005813504282
34,129,0.008955842,-0.0230587798878148
34,130,0.005219765,0.0256051770479987
34,131,-0.007213478,-0.0288383924045884
35,1,-0.005838667,0.0314977479678625
35,2,-0.011244189,0.0506667525876973
35,3,0.031866523,0.00760483660460628
35,4,-0.001312112,-0.0279873697936067
35,5,-0.039176073,0.0217942465397285
35,6,0.00179865,0.0503221554434492
35,7,-0.010413714,0.0402483802807983
35,8,0.01090741,-0.0185026533234475
35,9,0.016895752,-0.102725795041487
35,10,0.017830353,-0.032899363607762
35,11,0.000813447,-0.0546374683755604
35,12,0.017966872,-0.0149511654471872
35,13,-0.006752557,0.0180991617467604
35,14,-0.000438122,-0.0146707219703791
35,15,0.024020296,-0.0180459958192848
35,16,-0.012296417,0.00609114448819319
35,17,-0.018885012,-0.0268855032693408
35,18,0.000467458,0.0351263060835812
35,19,-0.019410937,-0.0281080822848514
35,20,-0.004481409,-0.0447502338595649
35,21,-0.012797735,-0.0333001159054482
35,22,-0.01984204,-0.0252778159584803
35,23,-0.02057115,-0.0207169847685989
35,24,0.00131664,-0.00410955338763187
35,25,0.006829299,0.0224941639523042
35,26,0.007660418,0.0148671883563728
35,27,-0.00627255,0.0093462136792477
35,28,0.027223014,0.0693779928821865
35,29,0.005185917,0.0505459539831937
35,30,-0.003889532,0.0410813791561022
35,31,-0.001140142,-0.0323926318219388
35,32,0.026693466,0.00593601507461858
35,33,-0.011263534,0.0135777405724685
35,34,-0.029034363,0.0185222998421272
35,35,-0.011534794,0.0261497099538782
35,36,0,-0.00156311838559067
35,37,-0.0023284,-0.0234680686708039
35,38,-0.006264984,-0.0365844285881071
35,39,0.022527417,-0.027837154550952
35,40,0.007679093,-0.0211489985691428
35,41,-0.000716823,0.0118093411983306
35,42,0.026642449,0.00729043946559004
35,43,-0.005887121,0.0195472405729674
35,44,-0.016505065,-0.0297844211985215
35,45,0.003455171,-0.00980108501614794
35,46,0.012842571,-0.021103156974933
35,47,-0.021339106,0.00166920755284435
35,48,0.017194987,0.00939769202956515
35,49,-0.001223049,-0.00462646738460018
35,50,-0.007247642,-0.038227730976085
35,51,-0.002242264,0.0228773293392166
35,52,-0.027405809,-0.00506670150251949
35,53,-0.00867426,-0.0306844583999992
35,54,0.004426509,-0.0121527089287348
35,55,-0.006156074,-0.0457494846199292
35,56,-0.003811894,-0.0422165331253548
35,57,0.008570758,-0.00988477683254427
35,58,0.013131249,0.0185261390734889
35,59,-0.01977191,0.0331699827225508
35,60,-0.006852865,0.00831874589088312
35,61,-0.013422368,0.01234133833932
35,62,-0.016788012,-0.00882822946683603
35,63,0.006882682,-0.024645577508953
35,64,0.009451649,-0.0380689391082538
35,65,-0.018748669,-0.0412285846262925
35,66,0.011600551,0.01783721176799
35,67,0.015099904,0.0145327204095804
35,68,0.00564342,0.0465389394170529
35,69,0.020330369,-0.0068817977732344
35,70,-0.00813074,-0.0281025951835883
35,71,-0.022071403,-0.0407922612670569
35,72,0.032403707,-0.00239386133441797
35,73,-0.002417685,-0.0254364056412966
35,74,0.023093235,-0.00940363553349791
35,75,-0.00074214,0.00134537949351675
35,76,0.012185822,-0.0458304679730885
35,77,-0.002494255,0.0344801861332355
35,78,0,-0.0388178555087778
35,79,-0.003734269,-0.026043081051342
35,80,-0.009943358,0.0258107881176551
35,81,0,-0.0339820891597182
35,82,0.01378489,-0.0025964372796304
35,83,-0.011244745,-0.0407702350938096
35,84,0.006677488,0.00293900659735741
35,85,-0.020079148,0.00590073560572404
35,86,0.003715865,-0.0167757077628781
35,87,-0.002466825,0.0103920456769135
35,88,0.014571825,0.0234856694822539
35,89,0.017977402,-0.0288189899801279
35,90,-0.000683311,0.0168084205683478
35,91,-0.009954585,0.00649283346861729
35,92,-0.021103646,0.0124547601157745
35,93,0,-0.0470572414727449
35,94,0.001582576,-0.00457598400418481
35,95,0.018960889,-0.0274599949372769
35,96,-0.008725799,-0.054260520597507
35,97,-0.000185275,-0.00764169986153404
35,98,0.004302993,0.0461961151763892
35,99,-0.016685508,0.0184070807383735
35,100,-0.000545898,-0.0164509480862723
35,101,0.005342723,-0.0152522618446517
35,102,-0.002714063,-0.0342427647445922
35,103,-0.00253268,-0.0160625175090273
35,104,0.001028543,-0.0212379410368034
35,105,-0.025059356,0.00788485068841836
35,106,0.000574402,-0.00742114911859512
35,107,0.021470945,-0.00879589302007228
35,108,0,0.00333124640633745
35,109,0.028151792,-0.00614112744015458
35,110,0.011047222,-0.029049107132834
35,111,-0.003956271,-0.0311567758007805
35,112,0.013934149,0.0143027363989204
35,113,0.003142399,-0.0535892608481379
35,114,-0.013953879,-0.036307684470886
35,115,0.010505244,0.0276720614910143
35,116,0.028852659,-0.016609099994623
35,117,-0.008446685,0.0117975124148854
35,118,0,0.019205734171236
35,119,0.004937884,0.00795671901804623
35,120,-0.003996164,-0.0257875359295665
35,121,0.008572097,-0.0163464146703742
35,122,-0.018836196,-0.0477215513287305
35,123,0.005120189,-0.0338852501625304
35,124,0.017907295,0.00787476194403515
35,125,0.000963295,-0.0299402548276945
35,126,-0.001090165,-0.00889504129962659
35,127,-0.00257333,0.0123491806546361
35,128,0.008955842,-0.0182168647378647
35,129,0.005219765,0.0136915048689844
35,130,-0.007213478,-0.0321563636742819
35,131,0.007991912,-0.00426637999654135
36,1,-0.011244189,0.0579913098533278
36,2,0.031866523,0.0390391929889527
36,3,-0.001312112,-0.0120706489828517
36,4,-0.039176073,-0.0101308285685563
36,5,0.00179865,0.00808077381831197
36,6,-0.010413714,0.00295131937237109
36,7,0.01090741,-0.0229677682552018
36,8,0.016895752,-0.0816672086028496
36,9,0.017830353,-0.0598230612246537
36,10,0.000813447,-0.0254274649345664
36,11,0.017966872,-0.0111989449576281
36,12,-0.006752557,-0.00490917219494695
36,13,-0.000438122,0.0115680442239015
36,14,0.024020296,-0.00917478246823833
36,15,-0.012296417,-0.00200708516123977
36,16,-0.018885012,-0.00332283994281984
36,17,0.000467458,0.00946126166483641
36,18,-0.019410937,-0.0229429152688746
36,19,-0.004481409,-0.0307500049740028
36,20,-0.012797735,-0.0588724072509519
36,21,-0.01984204,-0.0213577212312295
36,22,-0.02057115,-0.0173078668514054
36,23,0.00131664,-0.0379094402800333
36,24,0.006829299,0.0448205945663598
36,25,0.007660418,0.0291384422563444
36,26,-0.00627255,0.0430923718132932
36,27,0.027223014,0.0734485241535941
36,28,0.005185917,0.042789326248751
36,29,-0.003889532,0.0397396691704845
36,30,-0.001140142,0.00538300620447334
36,31,0.026693466,0.0170366504461783
36,32,-0.011263534,0.0216628883146206
36,33,-0.029034363,0.0107640314911218
36,34,-0.011534794,0.0017747010781625
36,35,0,0.0143994598877284
36,36,-0.0023284,-0.00194556345081986
36,37,-0.006264984,-0.0389153818714781
36,38,0.022527417,-0.0265246095403129
36,39,0.007679093,-0.0213338209453912
36,40,-0.000716823,-0.0347346594297516
36,41,0.026642449,0.0456544712018529
36,42,-0.005887121,0.00890759815662024
36,43,-0.016505065,-0.0316765766513163
36,44,0.003455171,-0.0135616608394353
36,45,0.012842571,-0.00392608087478753
36,46,-0.021339106,0.0240723119130189
36,47,0.017194987,-0.0254389441975492
36,48,-0.001223049,-0.0586882433346701
36,49,-0.007247642,-0.00205290850479816
36,50,-0.002242264,-0.0360878930560428
36,51,-0.027405809,0.0016397046576939
36,52,-0.00867426,-0.0464778944509334
36,53,0.004426509,-0.0260659680396177
36,54,-0.006156074,-0.0339239910939486
36,55,-0.003811894,-0.0180588039745839
36,56,0.008570758,-0.00993038592898922
36,57,0.013131249,-0.00403754666115423
36,58,-0.01977191,0.0192057604297243
36,59,-0.006852865,0.0195002912165171
36,60,-0.013422368,0.0415407727514151
36,61,-0.016788012,-0.00152086307735413
36,62,0.006882682,-0.039987908954108
36,63,0.009451649,-0.0315918572716764
36,64,-0.018748669,-0.0211734459523024
36,65,0.011600551,0.0274209567449433
36,66,0.015099904,-0.00437818742276504
36,67,0.00564342,0.00924917182170214
36,68,0.020330369,-0.00174520081695146
36,69,-0.00813074,-0.0425498930819616
36,70,-0.022071403,-0.0406497355945688
36,71,0.032403707,-0.00504224063501683
36,72,-0.002417685,-0.020386372105627
36,73,0.023093235,-0.0228913848546512
36,74,-0.00074214,-0.0477205020479543
36,75,0.012185822,-0.036170312225628
36,76,-0.002494255,0.0486965753481323
36,77,0,0.00984916784649939
36,78,-0.003734269,-0.0274821712929067
36,79,-0.009943358,0.0173970822841062
36,80,0,-0.0160390489991898
36,81,0.01378489,-0.00409140540360206
36,82,-0.011244745,-0.0282040438656147
36,83,0.006677488,0.00745710769838597
36,84,-0.020079148,-0.0101960827443048
36,85,0.003715865,-0.0179922766692392
36,86,-0.002466825,0.0032540890162421
36,87,0.014571825,0.0177977073064663
36,88,0.017977402,-0.0202549776691281
36,89,-0.000683311,0.00947681379862923
36,90,-0.009954585,-0.00969503849394643
36,91,-0.021103646,0.0432037917943318
36,92,0,-0.0411865322605278
36,93,0.001582576,0.00883246170299787
36,94,0.018960889,-0.0130419473557246
36,95,-0.008725799,-0.0429886550740485
36,96,-0.000185275,0.0392598640232112
36,97,0.004302993,0.0237702518414978
36,98,-0.016685508,0.0165130410734601
36,99,-0.000545898,-0.021292984116447
36,100,0.005342723,-0.00952162537615958
36,101,-0.002714063,-0.0299737894616441
36,102,-0.00253268,-0.00995347190227638
36,103,0.001028543,-0.0308012203406376
36,104,-0.025059356,-0.0018207163982536
36,105,0.000574402,-0.0194576518369632
36,106,0.021470945,-0.00639678129883687
36,107,0,-0.00570188161141577
36,108,0.028151792,-0.002188575759413
36,109,0.011047222,-0.0477123908788865
36,110,-0.003956271,-0.0458894533268962
36,111,0.013934149,0.0157448506136249
36,112,0.003142399,-0.0155693354681332
36,113,-0.013953879,-0.0391505693496538
36,114,0.010505244,0.000896767076181154
36,115,0.028852659,-0.00793599508380757
36,116,-0.008446685,0.0313149782137571
36,117,0,0.0173318810451942
36,118,0.004937884,-0.019842013496996
36,119,-0.003996164,-0.00444209926163711
36,120,0.008572097,-0.0272803372192897
36,121,-0.018836196,-0.0378940689555127
36,122,0.005120189,-0.0435679111908416
36,123,0.017907295,0.0143492388454766
36,124,0.000963295,-0.0376739945869092
36,125,-0.001090165,-0.0174944557551592
36,126,-0.00257333,0.00708568349768828
36,127,0.008955842,-0.0258721269319905
36,128,0.005219765,0.0125490633889223
36,129,-0.007213478,-0.0266105277990184
36,130,0.007991912,-0.0161069563188673
36,131,0.002220211,0.0130072513087322
37,1,-0.039176073,-0.00783482057079394
37,2,0.00179865,-0.00082197242624942
37,3,-0.010413714,0.0086101517619734
37,4,0.01090741,-0.0428895378107147
37,5,0.016895752,-0.102998528643256
37,6,0.017830353,0.0120397482234374
37,7,0.000813447,0.0348873413817179
37,8,0.017966872,0.0451499875276153
37,9,-0.006752557,0.0301067764009366
37,10,-0.000438122,0.0159908600746571
37,11,0.024020296,0.000547138025743179
37,12,-0.012296417,0.000230415699437326
37,13,-0.018885012,-0.0232355564731793
37,14,0.000467458,0.00422118490025907
37,15,-0.019410937,0.000600418727347161
37,16,-0.004481409,-0.00753066017799514
37,17,-0.012797735,-0.0495266295043052
37,18,-0.01984204,-0.0218867823757648
37,19,-0.02057115,0.00215514410267727
37,20,0.00131664,0.0168173301077837
37,21,0.006829299,0.00833833180320652
37,22,0.007660418,-0.0150063295266464
37,23,-0.00627255,0.0323443807190553
37,24,0.027223014,0.0341220016991085
37,25,0.005185917,-0.00220040577887009
37,26,-0.003889532,0.0147365946457771
37,27,-0.001140142,-0.0313894626292062
37,28,0.026693466,0.0167442595755527
37,29,-0.011263534,0.00587038090213096
37,30,-0.029034363,0.0300106547047974
37,31,-0.011534794,-0.0356961822335491
37,32,0,0.0323612423070646
37,33,-0.0023284,-0.0347414180317302
37,34,-0.006264984,-0.0295816096148366
37,35,0.022527417,-0.0408585206121386
37,36,0.007679093,-0.0580655542900993
37,37,-0.000716823,0.0116409233211086
37,38,0.026642449,0.00491355897373987
37,39,-0.005887121,0.0199471040314734
37,40,-0.016505065,-0.0238029745718111
37,41,0.003455171,-0.000828242660206915
37,42,0.012842571,0.0145437669477012
37,43,-0.021339106,0.000622539605809771
37,44,0.017194987,0.0311073764504982
37,45,-0.001223049,-0.00868310967548685
37,46,-0.007247642,-0.017096492652959
37,47,-0.002242264,0.00691355825619331
37,48,-0.027405809,0.0130675012677533
37,49,-0.00867426,0.00501213380841685
37,50,0.004426509,-0.0598861803991667
37,51,-0.006156074,0.0063260718790497
37,52,-0.003811894,-0.0169014953750781
37,53,0.008570758,-0.0262222660937759
37,54,0.013131249,-0.00400820233520395
37,55,-0.01977191,0.0111942218662374
37,56,-0.006852865,0.0300804333237718
37,57,-0.013422368,0.000561768521690247
37,58,-0.016788012,0.00822476023662788
37,59,0.006882682,-0.0311931231213553
37,60,0.009451649,-0.0367287899047201
37,61,-0.018748669,-0.00991523856802495
37,62,0.011600551,0.05920019395466
37,63,0.015099904,0.000425401575613067
37,64,0.00564342,0.0025890168078864
37,65,0.020330369,0.00642983982833979
37,66,-0.00813074,0.00215036233931897
37,67,-0.022071403,0.00271964027306158
37,68,0.032403707,0.0459636732800372
37,69,-0.002417685,0.00254913472717603
37,70,0.023093235,-0.0640283421042412
37,71,-0.00074214,-0.049131570684491
37,72,0.012185822,-0.0847485691144749
37,73,-0.002494255,0.0406088293397624
37,74,0,0.0259196301015353
37,75,-0.003734269,-0.0264547827147191
37,76,-0.009943358,0.016621489968413
37,77,0,-0.0289398996649705
37,78,0.01378489,-0.016512505928708
37,79,-0.011244745,-0.0223625425684576
37,80,0.006677488,0.0252769393889848
37,81,-0.020079148,-0.0125097699870567
37,82,0.003715865,0.00927087196402729
37,83,-0.002466825,-0.0143366045782591
37,84,0.014571825,0.0149015958605468
37,85,0.017977402,-0.0110527143870054
37,86,-0.000683311,0.000285272810457854
37,87,-0.009954585,0.00361538031633592
37,88,-0.021103646,0.0410983511194795
37,89,0,0.00752678345575757
37,90,0.001582576,-0.017477921695468
37,91,0.018960889,-0.0245469023555824
37,92,-0.008725799,-0.0274599542003909
37,93,-0.000185275,0.0220791014917543
37,94,0.004302993,0.00518793768194482
37,95,-0.016685508,0.0034732569083294
37,96,-0.000545898,-0.0245588391520226
37,97,0.005342723,-0.0315581542997128
37,98,-0.002714063,-0.0150683635230372
37,99,-0.00253268,0.00522771624670623
37,100,0.001028543,0.000600178748768782
37,101,-0.025059356,0.00912707011265005
37,102,0.000574402,0.0367639536883055
37,103,0.021470945,-0.00183329501814656
37,104,0,-0.00608275685345907
37,105,0.028151792,0.0232158310059336
37,106,0.011047222,-0.0341789886772524
37,107,-0.003956271,-0.0292867762866464
37,108,0.013934149,0.0362900656651458
37,109,0.003142399,0.0140599862809143
37,110,-0.013953879,-0.0355630086961113
37,111,0.010505244,0.0167030761021442
37,112,0.028852659,0.00798285379891918
37,113,-0.008446685,-0.00545157984877793
37,114,0,0.055223749395514
37,115,0.004937884,-0.0117613185106398
37,116,-0.003996164,0.00294959419441494
37,117,0.008572097,-0.00545769730575112
37,118,-0.018836196,-0.00507011744982048
37,119,0.005120189,-0.0276147486436299
37,120,0.017907295,-0.0168727949787214
37,121,0.000963295,-0.0396252025447336
37,122,-0.001090165,0.00182743117653688
37,123,-0.00257333,-0.00692919642786833
37,124,0.008955842,-0.00358007802634067
37,125,0.005219765,0.00163528516041936
37,126,-0.007213478,-0.000463953026572353
37,127,0.007991912,-0.00902726013357075
37,128,0.002220211,-0.00106278379539832
37,129,-0.000677767,-0.0172363442664892
37,130,0.000146452,0.000708496548936554
37,131,-0.000723741,-0.00133664638502054
38,1,-0.010413714,0.00387358703289359
38,2,0.01090741,-0.00314764061307176
38,3,0.016895752,-0.0305451705320837
38,4,0.017830353,0.0209885773313283
38,5,0.000813447,-0.0611453414319186
38,6,0.017966872,-0.091635180601846
38,7,-0.006752557,0.0175727492142577
38,8,-0.000438122,-0.00610180414984266
38,9,0.024020296,-0.0106054352688193
38,10,-0.012296417,-0.0185208759578175
38,11,-0.018885012,-0.0373359392026355
38,12,0.000467458,0.0125044849805938
38,13,-0.019410937,-0.0278022217435974
38,14,-0.004481409,-0.0357980838832386
38,15,-0.012797735,-0.0242306327540159
38,16,-0.01984204,-0.02502913444943
38,17,-0.02057115,-0.00185014828882504
38,18,0.00131664,-0.00940846500253144
38,19,0.006829299,0.0108318070685295
38,20,0.007660418,-0.011877653613315
38,21,-0.00627255,0.0326449161841693
38,22,0.027223014,0.0570137770347381
38,23,0.005185917,-0.00525400019763631
38,24,-0.003889532,0.043511694652414
38,25,-0.001140142,-0.00171834818543149
38,26,0.026693466,-8.75481818733157e-05
38,27,-0.011263534,-0.0182592170402048
38,28,-0.029034363,0.00102705189730216
38,29,-0.011534794,-0.0784989634925953
38,30,0,0.0294626388639823
38,31,-0.0023284,-0.0358573782335187
38,32,-0.006264984,-0.0405861668612254
38,33,0.022527417,-0.018644456114217
38,34,0.007679093,-0.0338120107893717
38,35,-0.000716823,-0.0565104307332422
38,36,0.026642449,0.017945052503153
38,37,-0.005887121,-0.0127534982017248
38,38,-0.016505065,0.00656656570560838
38,39,0.003455171,-0.00759898436159359
38,40,0.012842571,-0.0214419162677221
38,41,-0.021339106,-0.0469879903840289
38,42,0.017194987,-0.0310495213538632
38,43,-0.001223049,-0.00707630990488957
38,44,-0.007247642,-0.0461437363962177
38,45,-0.002242264,-0.00711648451723319
38,46,-0.027405809,0.00927157167192958
38,47,-0.00867426,-0.00871985547193279
38,48,0.004426509,0.00344840286826854
38,49,-0.006156074,-0.0129525118961332
38,50,-0.003811894,-0.0274758624716954
38,51,0.008570758,-0.0193480928974936
38,52,0.013131249,0.000621512315736101
38,53,-0.01977191,-0.00697616833438176
38,54,-0.006852865,0.0359877006028519
38,55,-0.013422368,-0.0292275277513925
38,56,-0.016788012,0.0127784966336908
38,57,0.006882682,-0.0421791738546287
38,58,0.009451649,-0.0149057870306375
38,59,-0.018748669,-0.0549473846330901
38,60,0.011600551,0.0129727016948919
38,61,0.015099904,-0.0202258979617422
38,62,0.00564342,-0.00928530180484314
38,63,0.020330369,0.0292483667745479
38,64,-0.00813074,0.0134714148608829
38,65,-0.022071403,0.00230112614072626
38,66,0.032403707,0.0082080783353346
38,67,-0.002417685,0.0100301972039356
38,68,0.023093235,-0.0988380570625753
38,69,-0.00074214,0.0905119017796351
38,70,0.012185822,-0.0372118205804677
38,71,-0.002494255,0.0179451643665306
38,72,0,-0.0254578011513391
38,73,-0.003734269,-0.0376946178508626
38,74,-0.009943358,0.0344820527336318
38,75,0,-0.0432771095659464
38,76,0.01378489,0.0101522462858643
38,77,-0.011244745,-0.0359195341961907
38,78,0.006677488,0.000317902211571207
38,79,-0.020079148,-0.00941110600754625
38,80,0.003715865,0.0195098390246183
38,81,-0.002466825,-0.00954386347988757
38,82,0.014571825,0.00564075792569958
38,83,0.017977402,-0.0177200984020095
38,84,-0.000683311,-0.00216364472136167
38,85,-0.009954585,0.00701229732979416
38,86,-0.021103646,0.0287673499817426
38,87,0,-0.0259777191499945
38,88,0.001582576,-0.027298547465181
38,89,0.018960889,-0.0550789227523379
38,90,-0.008725799,-0.0206634770043445
38,91,-0.000185275,-0.0283102547206858
38,92,0.004302993,-0.0180236797609371
38,93,-0.016685508,0.00853692174409672
38,94,-0.000545898,0.0121204385403569
38,95,0.005342723,0.00362977591045202
38,96,-0.002714063,-0.0366395751101079
38,97,-0.00253268,-0.0148998360891751
38,98,0.001028543,-0.0208037413169801
38,99,-0.025059356,-0.00161325424920491
38,100,0.000574402,0.0203792613817742
38,101,0.021470945,-0.020844625792212
38,102,0,-0.060813606336787
38,103,0.028151792,-0.017034487399947
38,104,0.011047222,0.015537297141525
38,105,-0.003956271,-0.00352704359173679
38,106,0.013934149,0.0398854423703085
38,107,0.003142399,-0.0136705812885407
38,108,-0.013953879,-0.0368500424036402
38,109,0.010505244,0.0462194888593553
38,110,0.028852659,0.00270544290697257
38,111,-0.008446685,-0.0585275728788302
38,112,0,-0.00851855279145167
38,113,0.004937884,-0.0276363777210845
38,114,-0.003996164,-0.015472732233884
38,115,0.008572097,-0.0111765010010967
38,116,-0.018836196,0.00832591580916506
38,117,0.005120189,-0.0324482865325542
38,118,0.017907295,0.0185527476617056
38,119,0.000963295,-0.0421714538916024
38,120,-0.001090165,0.00134909234447868
38,121,-0.00257333,0.0227908865125565
38,122,0.008955842,-0.01327784188811
38,123,0.005219765,-0.00780237385937869
38,124,-0.007213478,0.00398808236420443
38,125,0.007991912,-0.000341929684888845
38,126,0.002220211,0.00742919385092737
38,127,-0.000677767,-0.026533614340087
38,128,0.000146452,0.00723624459959485
38,129,-0.000723741,-0.00174438109641502
38,130,-0.00852042,-0.00929701971003514
38,131,0.014972879,-0.00500263981748318
39,1,-0.000438122,0.020123393739087
39,2,0.024020296,-0.0220167316131095
39,3,-0.012296417,-0.000314426988659167
39,4,-0.018885012,0.00829373012211079
39,5,0.000467458,0.0290359135434403
39,6,-0.019410937,-0.0183263633545371
39,7,-0.004481409,-0.0210381001521506
39,8,-0.012797735,0.0102338734360042
39,9,-0.01984204,-0.0493944411093096
39,10,-0.02057115,-0.00306405979827613
39,11,0.00131664,0.0292261095570015
39,12,0.006829299,0.0335523636413396
39,13,0.007660418,0.0260194507027656
39,14,-0.00627255,0.0118757709830255
39,15,0.027223014,0.0632342963774625
39,16,0.005185917,0.00968984750847133
39,17,-0.003889532,0.0730677961210606
39,18,-0.001140142,-0.0545052329034051
39,19,0.026693466,-0.00388990722432463
39,20,-0.011263534,0.0112594153979492
39,21,-0.029034363,0.0241476249018901
39,22,-0.011534794,-0.0346481211587207
39,23,0,-0.014667078941863
39,24,-0.0023284,-0.024238302880422
39,25,-0.006264984,0.00716616378319803
39,26,0.022527417,-0.0414807922322799
39,27,0.007679093,-0.0287372368629964
39,28,-0.000716823,0.0103732115426491
39,29,0.026642449,0.00657084684263528
39,30,-0.005887121,0.00572536769143698
39,31,-0.016505065,0.0362675114125771
39,32,0.003455171,-0.0304325958471062
39,33,0.012842571,0.000307850530933082
39,34,-0.021339106,-0.0149868822304797
39,35,0.017194987,0.0475107613258584
39,36,-0.001223049,0.000549624016055064
39,37,-0.007247642,-0.0553755608144728
39,38,-0.002242264,-0.00606572906533506
39,39,-0.027405809,0.00890164210567973
39,40,-0.00867426,0.00217740910752543
39,41,0.004426509,-0.0151526391552872
39,42,-0.006156074,-0.0210723213360928
39,43,-0.003811894,-0.0248315777614924
39,44,0.008570758,0.0044329966005799
39,45,0.013131249,-0.00148372494373059
39,46,-0.01977191,0.0244907655713592
39,47,-0.006852865,0.0538504781039117
39,48,-0.013422368,-0.0185958515173018
39,49,-0.016788012,-0.0134219066714807
39,50,0.006882682,-0.0111337564799137
39,51,0.009451649,0.00923361520972386
39,52,-0.018748669,-0.0453996915948398
39,53,0.011600551,0.0334790275257695
39,54,0.015099904,-0.00941277773873229
39,55,0.00564342,0.0274419305823099
39,56,0.020330369,0.00987481373094493
39,57,-0.00813074,-0.00393462717329722
39,58,-0.022071403,0.0325071176288268
39,59,0.032403707,-0.000863423084279148
39,60,-0.002417685,0.00304053074590159
39,61,0.023093235,-0.0622379845070036
39,62,-0.00074214,0.0497178173231631
39,63,0.012185822,-0.0250508367967436
39,64,-0.002494255,0.0438782271165395
39,65,0,-0.00296155685596545
39,66,-0.003734269,-0.0485115445718558
39,67,-0.009943358,-0.0127393948291103
39,68,0,0.014301988772502
39,69,0.01378489,-0.00521514868882275
39,70,-0.011244745,-0.034342037671581
39,71,0.006677488,0.00274493222617309
39,72,-0.020079148,-0.00231024352219963
39,73,0.003715865,0.00736791906668368
39,74,-0.002466825,0.00212902435293673
39,75,0.014571825,-0.00446215452113358
39,76,0.017977402,-0.027406912166596
39,77,-0.000683311,-0.00940421564856669
39,78,-0.009954585,0.0326142326521096
39,79,-0.021103646,0.0201305497789751
39,80,0,0.0149323052918227
39,81,0.001582576,0.00219969854318679
39,82,0.018960889,-0.034928971210361
39,83,-0.008725799,-0.0164113191573517
39,84,-0.000185275,0.00983351820047511
39,85,0.004302993,0.0112512227487073
39,86,-0.016685508,-0.00717735734881213
39,87,-0.000545898,0.00938514755511049
39,88,0.005342723,0.0061302223103468
39,89,-0.002714063,-0.0385288618069935
39,90,-0.00253268,-0.0103060838924324
39,91,0.001028543,0.00470221088567393
39,92,-0.025059356,-7.98503599213963e-05
39,93,0.000574402,0.0246331859581037
39,94,0.021470945,-0.000574476457043426
39,95,0,-0.0238739530472023
39,96,0.028151792,-0.0165553717269302
39,97,0.011047222,0.00839009150388413
39,98,-0.003956271,0.0140577422840097
39,99,0.013934149,0.0405912940786448
39,100,0.003142399,-0.0147807562277691
39,101,-0.013953879,-0.0134335618422614
39,102,0.010505244,0.0148994947422809
39,103,0.028852659,0.0284049661000281
39,104,-0.008446685,-0.0141773486933289
39,105,0,0.0414071174282244
39,106,0.004937884,0.00111153188142321
39,107,-0.003996164,-0.0232438959447676
39,108,0.008572097,-0.0141092245838058
39,109,-0.018836196,0.0107710285479898
39,110,0.005120189,-0.031860324301318
39,111,0.017907295,0.0079935684531975
39,112,0.000963295,-0.0570972752785678
39,113,-0.001090165,-0.0147598090182941
39,114,-0.00257333,0.019896953135487
39,115,0.008955842,0.00080334661493568
39,116,0.005219765,-0.00684700300695142
39,117,-0.007213478,-0.00332315439489112
39,118,0.007991912,-0.0214360961555943
39,119,0.002220211,0.0030466269098058
39,120,-0.000677767,-0.0210721551779549
39,121,0.000146452,-0.00511142603266726
39,122,-0.000723741,-0.00494938449780112
39,123,-0.00852042,-0.00199500371314922
39,124,0.014972879,-0.00577292521951728
39,125,-0.002321765,-0.0078923247454932
39,126,-0.006524902,-0.016946638652976
39,127,0,0.00134349167807472
39,128,0.007443633,-0.0104720085319958
39,129,-0.006136991,-0.00193439674691166
39,130,0.005030739,0.00379638766070369
39,131,-0.011239842,-0.0152341040930042
40,1,-0.012296417,0.00704763336438209
40,2,-0.018885012,-0.0102556403431559
40,3,0.000467458,0.0263375797333926
40,4,-0.019410937,-0.0205533275414227
40,5,-0.004481409,-0.0213279080517436
40,6,-0.012797735,-0.0434098661330839
40,7,-0.01984204,-0.038172163365127
40,8,-0.02057115,-0.023808439860135
40,9,0.00131664,0.00102802354257897
40,10,0.006829299,0.0392954608739992
40,11,0.007660418,0.0272181526128758
40,12,-0.00627255,0.0572217697070242
40,13,0.027223014,0.0961637931810158
40,14,0.005185917,0.0355298525022699
40,15,-0.003889532,0.0136391108384238
40,16,-0.001140142,-0.0255932009214636
40,17,0.026693466,0.0238751899137456
40,18,-0.011263534,-0.00339413675122762
40,19,-0.029034363,0.0318328574993805
40,20,-0.011534794,-0.0345499697756713
40,21,0,0.0650084843300895
40,22,-0.0023284,-0.0418071721267702
40,23,-0.006264984,-0.00969673500557295
40,24,0.022527417,-0.0309447071388153
40,25,0.007679093,-0.0469071455778413
40,26,-0.000716823,-0.0116720160733063
40,27,0.026642449,0.00361018967811022
40,28,-0.005887121,0.0133740716168932
40,29,-0.016505065,-0.0147891638658641
40,30,0.003455171,0.00678427250361995
40,31,0.012842571,-0.00032072041427509
40,32,-0.021339106,-0.0105438662363582
40,33,0.017194987,0.0415882929295608
40,34,-0.001223049,-0.0025028868727816
40,35,-0.007247642,-0.0354146158667058
40,36,-0.002242264,-0.00677152376316306
40,37,-0.027405809,-0.0271842488438079
40,38,-0.00867426,-0.0038471126425896
40,39,0.004426509,-0.0265934089690282
40,40,-0.006156074,-0.0696917182138294
40,41,-0.003811894,-0.0489027458900695
40,42,0.008570758,0.00826355816258071
40,43,0.013131249,0.0338103660222346
40,44,-0.01977191,0.0123960542130938
40,45,-0.006852865,0.0114319721462094
40,46,-0.013422368,0.0187632977843405
40,47,-0.016788012,0.0146747505320169
40,48,0.006882682,-0.0539947887134769
40,49,0.009451649,-0.0426093152568147
40,50,-0.018748669,-0.048374461693893
40,51,0.011600551,0.0361399881552843
40,52,0.015099904,0.0254606721339543
40,53,0.00564342,0.0316878898698284
40,54,0.020330369,-0.0016175071380481
40,55,-0.00813074,-0.00508498079043632
40,56,-0.022071403,-0.00883565727610842
40,57,0.032403707,0.0314193390188394
40,58,-0.002417685,-0.00441044674993259
40,59,0.023093235,-0.0625146175288385
40,60,-0.00074214,0.0291402763710786
40,61,0.012185822,-0.0496084991153227
40,62,-0.002494255,-0.0503293170115654
40,63,0,-0.0345999003892646
40,64,-0.003734269,0.00240089079283469
40,65,-0.009943358,0.0459115292081757
40,66,0,-0.0203943155583298
40,67,0.01378489,0.00353718060402033
40,68,-0.011244745,-0.0394493930138367
40,69,0.006677488,0.000521231612300593
40,70,-0.020079148,-0.00252768822351509
40,71,0.003715865,0.0195857925545612
40,72,-0.002466825,-0.00853769498589366
40,73,0.014571825,-0.0339879508049125
40,74,0.017977402,-0.0275098626041261
40,75,-0.000683311,-0.0153589128814645
40,76,-0.009954585,-0.00638415372861268
40,77,-0.021103646,0.0378533987257964
40,78,0,-0.0107535674700767
40,79,0.001582576,0.0140082016739528
40,80,0.018960889,-0.04768635481934
40,81,-0.008725799,-0.041752036281341
40,82,-0.000185275,0.00517429310118373
40,83,0.004302993,0.0107953450712284
40,84,-0.016685508,0.00759052215328263
40,85,-0.000545898,-0.0136267430569446
40,86,0.005342723,-0.00984166306252663
40,87,-0.002714063,-0.0334727923400225
40,88,-0.00253268,-0.0294268980294384
40,89,0.001028543,-0.0071119073887511
40,90,-0.025059356,0.0161181248830981
40,91,0.000574402,0.0229137552905055
40,92,0.021470945,-0.0177248003446171
40,93,0,-0.0166706084099641
40,94,0.028151792,-0.022669596407697
40,95,0.011047222,-0.00795707202216053
40,96,-0.003956271,-0.0517083094452408
40,97,0.013934149,-0.00336547155284565
40,98,0.003142399,-0.0329139082529038
40,99,-0.013953879,0.00315489535728715
40,100,0.010505244,0.0480260713750148
40,101,0.028852659,0.00130421039821212
40,102,-0.008446685,-0.0350961301446429
40,103,0,0.0600125135528791
40,104,0.004937884,6.81831493440611e-05
40,105,-0.003996164,0.0130019590218449
40,106,0.008572097,-0.0114811474860891
40,107,-0.018836196,-0.0114711495621884
40,108,0.005120189,-0.0260180059151938
40,109,0.017907295,-0.0195170411091626
40,110,0.000963295,-0.066534898154979
40,111,-0.001090165,-0.0237078957445535
40,112,-0.00257333,0.0121357018459649
40,113,0.008955842,-0.00142674876231439
40,114,0.005219765,-0.0089792791347053
40,115,-0.007213478,-0.0172520746045283
40,116,0.007991912,-0.0119641097197412
40,117,0.002220211,0.00139490165973828
40,118,-0.000677767,-0.0271367404459756
40,119,0.000146452,-0.00317472564238957
40,120,-0.000723741,-0.0047291562896174
40,121,-0.00852042,-0.00295651931056825
40,122,0.014972879,-0.00198129675506716
40,123,-0.002321765,-0.00753943300610197
40,124,-0.006524902,-0.0120769486832382
40,125,0,-0.00480144014846233
40,126,0.007443633,0.00361506930809094
40,127,-0.006136991,-0.00712920104331325
40,128,0.005030739,-0.000529583571559094
40,129,-0.011239842,-0.00547376508114672
40,130,0.016404095,0.0164793147291434
40,131,0,-0.0166525997283051
41,1,0.000467458,0.0278889579866056
41,2,-0.019410937,-0.0319444545750828
41,3,-0.004481409,-0.041153301907267
41,4,-0.012797735,-0.0190269500759751
41,5,-0.01984204,-0.0339691950899377
41,6,-0.02057115,-0.0277875884141606
41,7,0.00131664,-0.00432097687427879
41,8,0.006829299,0.00994815666386856
41,9,0.007660418,0.0143554515665027
41,10,-0.00627255,0.0124587459625068
41,11,0.027223014,0.0376301258170841
41,12,0.005185917,0.0229329581423937
41,13,-0.003889532,0.0780276367101662
41,14,-0.001140142,-0.026889909740421
41,15,0.026693466,0.0106372310160887
41,16,-0.011263534,0.00549142691785722
41,17,-0.029034363,-0.00717922945820858
41,18,-0.011534794,-0.044749274362238
41,19,0,-0.00747070040414164
41,20,-0.0023284,-0.0379739341246509
41,21,-0.006264984,-0.0100867839714915
41,22,0.022527417,-0.0251800945078218
41,23,0.007679093,-0.0264705181032182
41,24,-0.000716823,0.0363284466549135
41,25,0.026642449,-0.0249384515453931
41,26,-0.005887121,-0.0145027615166416
41,27,-0.016505065,0.0129421422783833
41,28,0.003455171,0.0110210987048273
41,29,0.012842571,-0.0135682872719332
41,30,-0.021339106,-0.0344168380408721
41,31,0.017194987,-0.0142099213783413
41,32,-0.001223049,0.015352590501657
41,33,-0.007247642,-0.0973238942402395
41,34,-0.002242264,-0.0161356590007232
41,35,-0.027405809,-0.0151274726215349
41,36,-0.00867426,-0.00861982452664455
41,37,0.004426509,0.00751161331131602
41,38,-0.006156074,-0.0499700827175576
41,39,-0.003811894,-0.0387373127860078
41,40,0.008570758,0.00157085070707447
41,41,0.013131249,0.00760867351073854
41,42,-0.01977191,0.0260261638773522
41,43,-0.006852865,0.0156145771365648
41,44,-0.013422368,-0.0313878887854254
41,45,-0.016788012,-0.01802466695936
41,46,0.006882682,-0.0160277582998746
41,47,0.009451649,0.00519175296571134
41,48,-0.018748669,-0.0463412847484469
41,49,0.011600551,0.0280099484572733
41,50,0.015099904,-0.0225030340397048
41,51,0.00564342,0.00643763440915471
41,52,0.020330369,0.0212888565086889
41,53,-0.00813074,-0.0139285832744407
41,54,-0.022071403,-0.0117914634979765
41,55,0.032403707,0.0165881168663803
41,56,-0.002417685,-0.0170672230972206
41,57,0.023093235,-0.0814286715224676
41,58,-0.00074214,0.0358482043562266
41,59,0.012185822,-0.0405266311239591
41,60,-0.002494255,0.0202462839504918
41,61,0,-0.0601813494147392
41,62,-0.003734269,-0.0163903119167987
41,63,-0.009943358,0.0312321732516148
41,64,0,-0.0268786536388201
41,65,0.01378489,0.00556422054811715
41,66,-0.011244745,-0.0376554056126211
41,67,0.006677488,-0.00504772623091492
41,68,-0.020079148,-0.00173994902660214
41,69,0.003715865,0.0118836479310212
41,70,-0.002466825,0.018686347859294
41,71,0.014571825,-0.0187972385768791
41,72,0.017977402,-0.00604804895688528
41,73,-0.000683311,-0.0157611753326077
41,74,-0.009954585,0.0265989473350027
41,75,-0.021103646,0.0275852346740481
41,76,0,-0.0157990734616709
41,77,0.001582576,0.0357020002883679
41,78,0.018960889,-0.0447683412882557
41,79,-0.008725799,-0.00900690992058804
41,80,-0.000185275,0.0138866306699555
41,81,0.004302993,0.0152255043200149
41,82,-0.016685508,0.00387468871591632
41,83,-0.000545898,0.0182295359140215
41,84,0.005342723,0.0337801105651991
41,85,-0.002714063,-0.0398195389821006
41,86,-0.00253268,-0.0250899736019948
41,87,0.001028543,-0.0155581438967318
41,88,-0.025059356,-0.00281930121800554
41,89,0.000574402,0.0141637084403903
41,90,0.021470945,-0.0131366762731524
41,91,0,-0.0414510300506059
41,92,0.028151792,-0.0174719359118326
41,93,0.011047222,-0.00410091737562132
41,94,-0.003956271,0.000103001229075373
41,95,0.013934149,0.0351266334147069
41,96,0.003142399,-0.0302800642337339
41,97,-0.013953879,-0.0236408392690304
41,98,0.010505244,0.0425726842500623
41,99,0.028852659,0.00810957398342871
41,100,-0.008446685,-0.0725670151251814
41,101,0,-0.00559722708344721
41,102,0.004937884,-0.012181855776977
41,103,-0.003996164,-0.0428455299312614
41,104,0.008572097,-0.00993410710130446
41,105,-0.018836196,-0.00843124175211406
41,106,0.005120189,-0.032411886269913
41,107,0.017907295,0.0111906584899699
41,108,0.000963295,-0.0853012149065611
41,109,-0.001090165,-0.00934070293014084
41,110,-0.00257333,0.0204994520263065
41,111,0.008955842,0.00017706542637104
41,112,0.005219765,-0.000583442714947758
41,113,-0.007213478,-0.023962442447176
41,114,0.007991912,-0.00599129903176103
41,115,0.002220211,0.00563322515708714
41,116,-0.000677767,-0.0270364157948193
41,117,0.000146452,0.00464520889305664
41,118,-0.000723741,-0.00256224086168323
41,119,-0.00852042,-0.00670352437121318
41,120,0.014972879,-0.00770579011660582
41,121,-0.002321765,-0.00115135880239916
41,122,-0.006524902,-0.0234204049293688
41,123,0,-0.00100211202981086
41,124,0.007443633,-0.00579000160370999
41,125,-0.006136991,0.00364553381314993
41,126,0.005030739,0.00383508122342936
41,127,-0.011239842,-0.0102981929497123
41,128,0.016404095,-0.0138202523476569
41,129,0,0.00765582984793212
41,130,0,-0.0072446171506586
41,131,-0.001668041,-0.00659734999124658
42,1,0.007660418,0.0215816430927805
42,2,-0.00627255,0.0548341389610461
42,3,0.027223014,0.0561705007216501
42,4,0.005185917,0.0122566368433174
42,5,-0.003889532,0.0459520870861796
42,6,-0.001140142,0.00194669419134734
42,7,0.026693466,0.0126715156827412
42,8,-0.011263534,-0.0409563120994627
42,9,-0.029034363,0.00813896811309948
42,10,-0.011534794,-0.0414497760818998
42,11,0,-0.00423733643531055
42,12,-0.0023284,-0.0427335276187524
42,13,-0.006264984,-0.0160086335372793
42,14,0.022527417,-0.0245408192982516
42,15,0.007679093,-0.0616120543171198
42,16,-0.000716823,-0.0297701933083416
42,17,0.026642449,0.0347105797267704
42,18,-0.005887121,-0.0124002759254215
42,19,-0.016505065,0.0302231069849099
42,20,0.003455171,-0.00902048966650224
42,21,0.012842571,0.0341576617347579
42,22,-0.021339106,-0.0528164872218445
42,23,0.017194987,-0.0159875089055307
42,24,-0.001223049,0.025548161778571
42,25,-0.007247642,-0.0378787887852471
42,26,-0.002242264,-0.0213074684414235
42,27,-0.027405809,-0.00820225238885584
42,28,-0.00867426,-0.00882190131756869
42,29,0.004426509,-0.0195173168711392
42,30,-0.006156074,-0.010070596311383
42,31,-0.003811894,-0.0462345697069483
42,32,0.008570758,-0.00903081982825768
42,33,0.013131249,-0.0253075125290003
42,34,-0.01977191,0.0215190962338861
42,35,-0.006852865,0.0181037346446549
42,36,-0.013422368,-0.0315685539082628
42,37,-0.016788012,0.00529872488074841
42,38,0.006882682,-0.0385793800575389
42,39,0.009451649,0.00355338899389519
42,40,-0.018748669,-0.0709260786026117
42,41,0.011600551,0.0571931621713343
42,42,0.015099904,0.00115864588177807
42,43,0.00564342,-0.0209697428935396
42,44,0.020330369,0.0181258651351365
42,45,-0.00813074,0.00366768001386796
42,46,-0.022071403,0.013299412626528
42,47,0.032403707,0.0406832440881826
42,48,-0.002417685,0.0287914259744944
42,49,0.023093235,-0.0608887432081383
42,50,-0.00074214,-0.0104371590067429
42,51,0.012185822,0.00624849019222912
42,52,-0.002494255,-0.00147785329803248
42,53,0,-0.0223558548874951
42,54,-0.003734269,0.0191660616619965
42,55,-0.009943358,-0.0199112022946033
42,56,0,-0.0194898353494509
42,57,0.01378489,-0.0148175764719357
42,58,-0.011244745,-0.0477269226007387
42,59,0.006677488,0.00705382659991149
42,60,-0.020079148,0.0025078309807486
42,61,0.003715865,0.0302354709425536
42,62,-0.002466825,0.0179427134713002
42,63,0.014571825,0.0113340605826954
42,64,0.017977402,-0.013713914102493
42,65,-0.000683311,-0.0192632351277114
42,66,-0.009954585,0.00983142536182461
42,67,-0.021103646,0.0270675954595856
42,68,0,-0.00500365906363392
42,69,0.001582576,0.0273299501464309
42,70,0.018960889,-0.0165861170097892
42,71,-0.008725799,-0.0485888184635554
42,72,-0.000185275,0.0247257984082633
42,73,0.004302993,0.0224077664150603
42,74,-0.016685508,0.000494785668969615
42,75,-0.000545898,0.00350410980186616
42,76,0.005342723,-0.0149868207109778
42,77,-0.002714063,-0.0343932975618674
42,78,-0.00253268,-0.0213735947346614
42,79,0.001028543,-0.0150015856864856
42,80,-0.025059356,-0.0107104936075727
42,81,0.000574402,0.0257943108525677
42,82,0.021470945,-0.000336370780404821
42,83,0,-0.0341677072113802
42,84,0.028151792,-0.0196938347635048
42,85,0.011047222,-0.000407387366458488
42,86,-0.003956271,-0.0561243750752043
42,87,0.013934149,0.0477097058745981
42,88,0.003142399,0.00522708934393769
42,89,-0.013953879,0.00748163973979598
42,90,0.010505244,0.0215945711738761
42,91,0.028852659,0.040436386462719
42,92,-0.008446685,-0.0916679920168272
42,93,0,0.00934586309249533
42,94,0.004937884,-0.000201077107391331
42,95,-0.003996164,-0.0192428772669857
42,96,0.008572097,-0.0152847933733516
42,97,-0.018836196,0.00410944148821548
42,98,0.005120189,-0.00380156511685129
42,99,0.017907295,0.00428326849647294
42,100,0.000963295,-0.0742561647326338
42,101,-0.001090165,-0.0172524103048546
42,102,-0.00257333,0.00110334611346514
42,103,0.008955842,-0.0102828309914494
42,104,0.005219765,0.000596911835510102
42,105,-0.007213478,-0.0141925203292441
42,106,0.007991912,-0.0122891637178154
42,107,0.002220211,-0.00183661711248964
42,108,-0.000677767,-0.0273485310415222
42,109,0.000146452,-0.00400029658181894
42,110,-0.000723741,0.00369099690336588
42,111,-0.00852042,-0.00617515905733276
42,112,0.014972879,-0.00267365984533746
42,113,-0.002321765,0.00345019582039247
42,114,-0.006524902,-0.00879478853179667
42,115,0,-0.00151740282769899
42,116,0.007443633,0.000313492207294641
42,117,-0.006136991,-0.0150601948457697
42,118,0.005030739,-0.00448450962553543
42,119,-0.011239842,0.00166973482561803
42,120,0.016404095,0.00754907797750252
42,121,0,-0.00175499622297587
42,122,0,0.0048343306122315
42,123,-0.001668041,-0.00146144767523903
42,124,0.014250478,0.00905305048490073
42,125,0.001070676,-0.0171280783206448
42,126,-0.002884327,0.00251979196619706
42,127,0,-0.00141745612591578
42,128,0.000201679,-0.00061109660646079
42,129,0.007293934,-0.0139611486015805
42,130,-0.008603672,-0.00563092970067385
42,131,0.000363777,-0.0031920693464234
43,1,-0.00627255,0.0532879529452895
43,2,0.027223014,0.0623775814234027
43,3,0.005185917,0.00798148402766329
43,4,-0.003889532,0.0184728040849722
43,5,-0.001140142,-0.0217575395013465
43,6,0.026693466,0.0180657182809934
43,7,-0.011263534,-0.0174897026374395
43,8,-0.029034363,0.00726673908135696
43,9,-0.011534794,-0.0453911284337984
43,10,0,0.0160689465968937
43,11,-0.0023284,0.00425933872343215
43,12,-0.006264984,-0.024061637453626
43,13,0.022527417,-0.017169375080659
43,14,0.007679093,-0.0552909694645932
43,15,-0.000716823,-0.0349259996018609
43,16,0.026642449,0.0177462260591074
43,17,-0.005887121,-0.00562312884751133
43,18,-0.016505065,-0.00773034369001917
43,19,0.003455171,0.00866274119446377
43,20,0.012842571,0.0195382344027006
43,21,-0.021339106,-0.0279603807093692
43,22,0.017194987,-0.00452943016682042
43,23,-0.001223049,-0.00524455090594272
43,24,-0.007247642,-0.0295849213396844
43,25,-0.002242264,-0.0148497179064345
43,26,-0.027405809,-0.011843505938076
43,27,-0.00867426,-0.00264764789153631
43,28,0.004426509,-0.026652471191957
43,29,-0.006156074,-0.0105673327459295
43,30,-0.003811894,-0.0105739806904801
43,31,0.008570758,-0.0272916968072441
43,32,0.013131249,-0.0116634353313163
43,33,-0.01977191,0.0167194706098117
43,34,-0.006852865,0.0197601547255051
43,35,-0.013422368,-0.0235297972042571
43,36,-0.016788012,0.00318006588454793
43,37,0.006882682,-0.0306152977641516
43,38,0.009451649,-0.0254108074185432
43,39,-0.018748669,-0.0296692584279962
43,40,0.011600551,0.0357931513601496
43,41,0.015099904,-0.00820602612531713
43,42,0.00564342,-0.0181222052107156
43,43,0.020330369,0.0134095796930344
43,44,-0.00813074,0.00324291216556883
43,45,-0.022071403,0.00208953631432077
43,46,0.032403707,0.0605893198816609
43,47,-0.002417685,0.0327962158951244
43,48,0.023093235,-0.0747462559705948
43,49,-0.00074214,-0.0185022338695136
43,50,0.012185822,-0.0244779127456662
43,51,-0.002494255,0.0168252749165754
43,52,0,-0.00876494755311722
43,53,-0.003734269,-0.0190749568525931
43,54,-0.009943358,0.0251082357744662
43,55,0,-0.00990415789684652
43,56,0.01378489,-0.00650485314609245
43,57,-0.011244745,-0.0353597213460286
43,58,0.006677488,0.0125679887639537
43,59,-0.020079148,-0.0147040291404785
43,60,0.003715865,0.0256283408116079
43,61,-0.002466825,0.0131496641663064
43,62,0.014571825,-0.0196931032189028
43,63,0.017977402,-0.00687345295479296
43,64,-0.000683311,-0.00340062108776283
43,65,-0.009954585,-0.0152821865784242
43,66,-0.021103646,0.0528811542142675
43,67,0,0.0181817355221461
43,68,0.001582576,0.0108553072920698
43,69,0.018960889,-0.0303305360410478
43,70,-0.008725799,-0.0229663374573603
43,71,-0.000185275,0.00998956065757602
43,72,0.004302993,0.00619289683959004
43,73,-0.016685508,-0.00411323861484939
43,74,-0.000545898,-0.0123496770336071
43,75,0.005342723,-0.01311981421666
43,76,-0.002714063,-0.0245527829843631
43,77,-0.00253268,-0.0116069361292361
43,78,0.001028543,-0.0211984483026559
43,79,-0.025059356,-0.00513643302947695
43,80,0.000574402,0.0223552921697833
43,81,0.021470945,-0.00134785649043481
43,82,0,-0.0358002482470985
43,83,0.028151792,-0.00269888481826281
43,84,0.011047222,-0.01386110151791
43,85,-0.003956271,-0.0505291402531713
43,86,0.013934149,0.0513681836712797
43,87,0.003142399,0.0130028814469545
43,88,-0.013953879,-0.0365667936429162
43,89,0.010505244,0.0276518689690393
43,90,0.028852659,0.017883391671405
43,91,-0.008446685,-0.0691205313501427
43,92,0,-0.00607420287732828
43,93,0.004937884,-0.0214937835002966
43,94,-0.003996164,-0.00293231715652608
43,95,0.008572097,-0.00493305407695299
43,96,-0.018836196,-0.00775188167896554
43,97,0.005120189,-0.00952972932856891
43,98,0.017907295,-0.00650928673189766
43,99,0.000963295,-0.0628141625521418
43,100,-0.001090165,-0.0102147108739717
43,101,-0.00257333,0.00240918422274918
43,102,0.008955842,-0.00333633696981086
43,103,0.005219765,0.00626973429515449
43,104,-0.007213478,-0.0192166561784044
43,105,0.007991912,-0.012633508102039
43,106,0.002220211,-0.00257597200276926
43,107,-0.000677767,-0.0249149260962181
43,108,0.000146452,-0.00478871423097749
43,109,-0.000723741,-0.00448927438901687
43,110,-0.00852042,-0.000276800605908604
43,111,0.014972879,-0.00250159904578838
43,112,-0.002321765,-0.00382110584177736
43,113,-0.006524902,-0.00266852206117684
43,114,0,-0.0105221016921266
43,115,0.007443633,-0.0057777697543579
43,116,-0.006136991,-0.00744084398625971
43,117,0.005030739,-0.00460121003671779
43,118,-0.011239842,-0.00955129946401595
43,119,0.016404095,0.0182524182901647
43,120,0,-0.000706505236570266
43,121,0,-0.00558463781713152
43,122,-0.001668041,-0.00849443436153764
43,123,0.014250478,0.00673472625073704
43,124,0.001070676,-0.00745965447614091
43,125,-0.002884327,0.00660561030950236
43,126,0,-0.0169108917095083
43,127,0.000201679,0.0145009415018806
43,128,0.007293934,-0.00681154269640616
43,129,-0.008603672,-0.00769186330826758
43,130,0.000363777,-0.0101339824936687
43,131,0.001533643,-0.00073530191994691
44,1,0.005185917,0.0190610563677275
44,2,-0.003889532,0.0400539279332291
44,3,-0.001140142,0.0460453697609942
44,4,0.026693466,0.01063614442744
44,5,-0.011263534,0.00708359094149062
44,6,-0.029034363,0.00433421785998567
44,7,-0.011534794,-0.0051697131172942
44,8,0,-0.0217448970735008
44,9,-0.0023284,-0.0253125541283467
44,10,-0.006264984,-0.0190138032618446
44,11,0.022527417,-0.00807876703517277
44,12,0.007679093,-0.0732311169241258
44,13,-0.000716823,-0.0503184272225066
44,14,0.026642449,0.0437582175218275
44,15,-0.005887121,0.00087233094252036
44,16,-0.016505065,0.0206266176690947
44,17,0.003455171,0.0262868147123952
44,18,0.012842571,0.0155688595309489
44,19,-0.021339106,-0.0265718102298757
44,20,0.017194987,-0.00853410217459905
44,21,-0.001223049,0.0182038994397889
44,22,-0.007247642,-0.0389682286526252
44,23,-0.002242264,-0.0269400654211178
44,24,-0.027405809,0.0267745729272907
44,25,-0.00867426,0.0232589816889998
44,26,0.004426509,-0.020696428548915
44,27,-0.006156074,-0.00961757846084112
44,28,-0.003811894,-0.00683810051857999
44,29,0.008570758,-0.0271910845587981
44,30,0.013131249,-0.0254867679005628
44,31,-0.01977191,0.0289291797278047
44,32,-0.006852865,-0.0024374965538811
44,33,-0.013422368,0.00316158785177259
44,34,-0.016788012,0.0139503865248976
44,35,0.006882682,-0.0386879690018283
44,36,0.009451649,-7.26750585065021e-05
44,37,-0.018748669,-0.0472908111607299
44,38,0.011600551,0.0045118497663518
44,39,0.015099904,-0.0191669626910067
44,40,0.00564342,0.0117018137520255
44,41,0.020330369,0.04820254300593
44,42,-0.00813074,0.0394495680037898
44,43,-0.022071403,0.010648250326354
44,44,0.032403707,0.026236758147014
44,45,-0.002417685,0.00468369424731956
44,46,0.023093235,-0.0808847482694647
44,47,-0.00074214,0.12469721050399
44,48,0.012185822,0.00232386662576381
44,49,-0.002494255,0.0966803993385524
44,50,0,0.0271184173268176
44,51,-0.003734269,-0.00445354700605834
44,52,-0.009943358,-0.0216642773233267
44,53,0,-0.0563246910823742
44,54,0.01378489,-0.0140521484739702
44,55,-0.011244745,-0.0468590044045593
44,56,0.006677488,0.00205010011358375
44,57,-0.020079148,0.00277648945093017
44,58,0.003715865,0.0119016030613366
44,59,-0.002466825,0.0209237763265349
44,60,0.014571825,0.0178862140093776
44,61,0.017977402,0.0285264094492092
44,62,-0.000683311,0.00936164071644947
44,63,-0.009954585,-0.00103006721834738
44,64,-0.021103646,0.0285969636759918
44,65,0,-0.00835607100455934
44,66,0.001582576,-0.0169401769074583
44,67,0.018960889,-0.0345476771833872
44,68,-0.008725799,-0.00290187817155344
44,69,-0.000185275,-0.0295406555903684
44,70,0.004302993,-0.0119009614722782
44,71,-0.016685508,0.0163609421961897
44,72,-0.000545898,-0.0174124015893589
44,73,0.005342723,0.00428524272725368
44,74,-0.002714063,-0.0250567438458184
44,75,-0.00253268,-0.0125805651398333
44,76,0.001028543,-0.0149205462102363
44,77,-0.025059356,0.000750470843165648
44,78,0.000574402,0.0143653242207709
44,79,0.021470945,0.00189865569763611
44,80,0,-0.0316951735172616
44,81,0.028151792,-0.00518085967873411
44,82,0.011047222,0.0479467077873954
44,83,-0.003956271,-0.0164277832198414
44,84,0.013934149,0.113118499659227
44,85,0.003142399,0.0151472266636708
44,86,-0.013953879,-0.0222963136494872
44,87,0.010505244,0.0306612758674885
44,88,0.028852659,0.0203348078460322
44,89,-0.008446685,-0.0240056026536153
44,90,0,-0.00267512932190505
44,91,0.004937884,0.0399654335142688
44,92,-0.003996164,-0.00724595519901081
44,93,0.008572097,-0.0279973637064835
44,94,-0.018836196,0.0115957272033642
44,95,0.005120189,-0.00404983346512428
44,96,0.017907295,-0.0126584530553533
44,97,0.000963295,-0.0354084612492751
44,98,-0.001090165,0.01917267683845
44,99,-0.00257333,0.0377817840300221
44,100,0.008955842,-0.0130461905486136
44,101,0.005219765,0.00613867954256418
44,102,-0.007213478,-0.0248355063838514
44,103,0.007991912,0.0191812079329087
44,104,0.002220211,-0.00133844794657858
44,105,-0.000677767,-0.0338587194985806
44,106,0.000146452,0.0114988370228459
44,107,-0.000723741,0.0137131431905438
44,108,-0.00852042,0.00427735880631874
44,109,0.014972879,-0.00868842994856442
44,110,-0.002321765,-0.000373472571597945
44,111,-0.006524902,-0.00483284339377686
44,112,0,0.0103647843000474
44,113,0.007443633,0.00172034065291292
44,114,-0.006136991,-0.000542639969560416
44,115,0.005030739,0.000744998485843376
44,116,-0.011239842,0.0113342945134833
44,117,0.016404095,-0.000873784613631716
44,118,0,0.000417673127344498
44,119,0,0.00194221349334002
44,120,-0.001668041,0.0443645014467593
44,121,0.014250478,0.00967671930997886
44,122,0.001070676,0.00388029792864753
44,123,-0.002884327,0.0145589204400939
44,124,0,0.0106654315470035
44,125,0.000201679,0.00118959046791532
44,126,0.007293934,-0.0240863453488026
44,127,-0.008603672,0.0031093373761409
44,128,0.000363777,-0.0013019509530745
44,129,0.001533643,0.00571685967998785
44,130,0.003617375,-0.0222812413168349
44,131,-0.011411733,-0.00172524970684836
45,1,-0.003889532,0.0401861300044884
45,2,-0.001140142,0.00464970253107343
45,3,0.026693466,0.00952536369596266
45,4,-0.011263534,0.0253353833887564
45,5,-0.029034363,0.00231713749604573
45,6,-0.011534794,0.00682882139001081
45,7,0,-0.0385419025229494
45,8,-0.0023284,-0.0384038371075532
45,9,-0.006264984,-0.0673784581011453
45,10,0.022527417,-0.0252317084943075
45,11,0.007679093,-0.041031522343947
45,12,-0.000716823,-0.0286552454337459
45,13,0.026642449,0.0291814215183315
45,14,-0.005887121,-0.013335240834116
45,15,-0.016505065,0.00284874944811643
45,16,0.003455171,0.00747665140705971
45,17,0.012842571,0.0129983555082031
45,18,-0.021339106,-0.0106075529912412
45,19,0.017194987,-0.0352746472709097
45,20,-0.001223049,0.0228816937542194
45,21,-0.007247642,-0.0235500985596443
45,22,-0.002242264,9.29139544542195e-05
45,23,-0.027405809,0.0211604236919494
45,24,-0.00867426,0.00330872892832346
45,25,0.004426509,-0.0360477334012532
45,26,-0.006156074,-0.0322216740799891
45,27,-0.003811894,-0.0420772736768076
45,28,0.008570758,-0.00900838276913137
45,29,0.013131249,-0.0194793499918704
45,30,-0.01977191,0.028222393570577
45,31,-0.006852865,0.00978616793422006
45,32,-0.013422368,0.00753768024068617
45,33,-0.016788012,-0.00157553440013584
45,34,0.006882682,-0.0321672152208243
45,35,0.009451649,-0.00828604182577872
45,36,-0.018748669,-0.0410974270845256
45,37,0.011600551,0.0147689645727614
45,38,0.015099904,-0.00381841351864483
45,39,0.00564342,-0.000107619951113353
45,40,0.020330369,0.00340179984390261
45,41,-0.00813074,0.0241040576386238
45,42,-0.022071403,-0.00701045577566117
45,43,0.032403707,-0.00674209611621651
45,44,-0.002417685,0.0251147713573963
45,45,0.023093235,-0.0550956951285566
45,46,-0.00074214,0.0378915215619938
45,47,0.012185822,-0.063699241158868
45,48,-0.002494255,0.064636779127256
45,49,0,0.00496796963405769
45,50,-0.003734269,-0.00935231184056569
45,51,-0.009943358,0.015000258305615
45,52,0,-0.0720930433603463
45,53,0.01378489,-0.009837270263849
45,54,-0.011244745,-0.0441834693090547
45,55,0.006677488,-0.00170372970219622
45,56,-0.020079148,0.0149573121915626
45,57,0.003715865,-0.00873773019098735
45,58,-0.002466825,0.0314644542036204
45,59,0.014571825,0.0145029633912509
45,60,0.017977402,-0.000850543575091674
45,61,-0.000683311,0.00859958341098882
45,62,-0.009954585,-0.0165661052883348
45,63,-0.021103646,0.0265488505091419
45,64,0,-0.0570632244655123
45,65,0.001582576,-0.0101461680045619
45,66,0.018960889,-0.0307741115785484
45,67,-0.008725799,-0.0337549145578786
45,68,-0.000185275,-0.026461332321209
45,69,0.004302993,0.00938932431001861
45,70,-0.016685508,0.00820663624134382
45,71,-0.000545898,-0.0219162055562451
45,72,0.005342723,-0.00535127829358228
45,73,-0.002714063,-0.0213704925801235
45,74,-0.00253268,-0.0179077834554699
45,75,0.001028543,-0.00918265807390085
45,76,-0.025059356,0.00350456312850497
45,77,0.000574402,0.00738036782597542
45,78,0.021470945,0.0111723852318779
45,79,0,-0.0345668512134916
45,80,0.028151792,-0.0338070605090899
45,81,0.011047222,0.0263072985241016
45,82,-0.003956271,-0.0353461068938239
45,83,0.013934149,0.0690216348743588
45,84,0.003142399,0.0134465742856654
45,85,-0.013953879,-0.0220190003749718
45,86,0.010505244,0.0023711939133665
45,87,0.028852659,0.0247920231632555
45,88,-0.008446685,-0.00668166272884297
45,89,0,-0.0325374725049776
45,90,0.004937884,0.0310406190901867
45,91,-0.003996164,-0.0197603490554922
45,92,0.008572097,-0.0270872974454542
45,93,-0.018836196,0.00939691639986409
45,94,0.005120189,-0.00543297858646173
45,95,0.017907295,-0.0236229410865544
45,96,0.000963295,-0.0722310880113677
45,97,-0.001090165,-0.0230627386829246
45,98,-0.00257333,0.0293407270213154
45,99,0.008955842,-0.0310972468957245
45,100,0.005219765,0.00762567728698232
45,101,-0.007213478,-0.0213649284999234
45,102,0.007991912,0.00126850001173941
45,103,0.002220211,-0.00356343203246623
45,104,-0.000677767,-0.0385368468523572
45,105,0.000146452,0.0064238587418601
45,106,-0.000723741,0.0129477136227763
45,107,-0.00852042,0.0042544006721024
45,108,0.014972879,-0.00869440951610893
45,109,-0.002321765,0.0106794390073439
45,110,-0.006524902,0.0014663683555863
45,111,0,0.0113595651773224
45,112,0.007443633,-0.00320441198300357
45,113,-0.006136991,0.00721504647566086
45,114,0.005030739,0.000555541458392839
45,115,-0.011239842,0.0134202672215321
45,116,0.016404095,0.004471553466311
45,117,0,0.021784898573753
45,118,0,0.00691367874900751
45,119,-0.001668041,0.0206843230955138
45,120,0.014250478,0.0085464061463617
45,121,0.001070676,0.0156191438776253
45,122,-0.002884327,0.0172587242510534
45,123,0,0.00640437751115742
45,124,0.000201679,0.00524870407071547
45,125,0.007293934,-0.0224080992791691
45,126,-0.008603672,0.0034132223841036
45,127,0.000363777,-0.00661379845571592
45,128,0.001533643,0.0041590603004509
45,129,0.003617375,-0.0255214358900632
45,130,-0.011411733,0.00210194258448972
45,131,-0.015719842,0.0148697036844494
46,1,-0.011534794,-0.00693469005144024
46,2,0,0.00869285015870779
46,3,-0.0023284,-0.0134177183716004
46,4,-0.006264984,-0.0254954331794701
46,5,0.022527417,-0.0293934190656593
46,6,0.007679093,-0.07608363682731
46,7,-0.000716823,-0.0117649128929972
46,8,0.026642449,0.0330321205975706
46,9,-0.005887121,0.0284930929885433
46,10,-0.016505065,-0.0135809600039343
46,11,0.003455171,0.00536147054978506
46,12,0.012842571,0.00251837249722837
46,13,-0.021339106,-0.0463873391156526
46,14,0.017194987,-0.0320728788443202
46,15,-0.001223049,-0.02322547977693
46,16,-0.007247642,-0.0368302600811212
46,17,-0.002242264,-0.0216809503268555
46,18,-0.027405809,-0.00037666567831995
46,19,-0.00867426,-0.0349640937231448
46,20,0.004426509,-0.00702671228136413
46,21,-0.006156074,-0.030890577219501
46,22,-0.003811894,-0.053012683791875
46,23,0.008570758,-0.0120702497115838
46,24,0.013131249,-0.0118426188062703
46,25,-0.01977191,0.0250605577636171
46,26,-0.006852865,0.00247931312028844
46,27,-0.013422368,-0.00786013826892117
46,28,-0.016788012,-0.0192402160304928
46,29,0.006882682,-0.0186017681609298
46,30,0.009451649,-0.0332750687737875
46,31,-0.018748669,-0.0482169869627173
46,32,0.011600551,0.00896110848281625
46,33,0.015099904,-0.013320443834204
46,34,0.00564342,0.00483922228848193
46,35,0.020330369,0.0437119076096226
46,36,-0.00813074,0.0356579965873652
46,37,-0.022071403,-0.0149145690702
46,38,0.032403707,0.00369421599598667
46,39,-0.002417685,-0.0123285129483262
46,40,0.023093235,-0.0775403414819822
46,41,-0.00074214,-0.0530444191708454
46,42,0.012185822,0.0561647987728837
46,43,-0.002494255,-0.0172398257410573
46,44,0,-0.026099146664766
46,45,-0.003734269,-0.0131024397786667
46,46,-0.009943358,-0.000455792783478236
46,47,0,-0.0197483002214976
46,48,0.01378489,-0.0255194458398296
46,49,-0.011244745,-0.0375714505236609
46,50,0.006677488,-0.0129635160371425
46,51,-0.020079148,-0.00416335857681483
46,52,0.003715865,-0.00487228899130832
46,53,-0.002466825,0.0097939155947761
46,54,0.014571825,-0.019253189403424
46,55,0.017977402,-0.0510968782844976
46,56,-0.000683311,0.00174066829133549
46,57,-0.009954585,0.0149541329557407
46,58,-0.021103646,0.0477218034966841
46,59,0,-0.025013025486852
46,60,0.001582576,-0.00687389123225371
46,61,0.018960889,-0.0520602635242091
46,62,-0.008725799,-0.09099217651484
46,63,-0.000185275,0.0280932227328972
46,64,0.004302993,-0.00144035524406601
46,65,-0.016685508,-0.0004562702080656
46,66,-0.000545898,-0.0152401045891755
46,67,0.005342723,-0.0142147108102582
46,68,-0.002714063,-0.0337606261612902
46,69,-0.00253268,-0.0470662007748071
46,70,0.001028543,-0.00251933754533968
46,71,-0.025059356,-0.00701427499852858
46,72,0.000574402,-0.00652168944110821
46,73,0.021470945,-0.00449998083254323
46,74,0,-0.0370366827056147
46,75,0.028151792,-0.0287274826579515
46,76,0.011047222,-0.00418025202949457
46,77,-0.003956271,-0.00343094710719804
46,78,0.013934149,0.0504704378846011
46,79,0.003142399,0.0374633206141132
46,80,-0.013953879,-0.0389762265824548
46,81,0.010505244,-0.0209210725036168
46,82,0.028852659,0.0132142585292311
46,83,-0.008446685,-0.0734402519768422
46,84,0,-0.0257331364792612
46,85,0.004937884,0.0330161785355901
46,86,-0.003996164,-0.0132742216217293
46,87,0.008572097,-0.0225807004795958
46,88,-0.018836196,-0.00950025204746549
46,89,0.005120189,-0.0355959180850437
46,90,0.017907295,-0.0374307824329624
46,91,0.000963295,-0.05376126796744
46,92,-0.001090165,-0.0282541039923547
46,93,-0.00257333,0.0310506827743869
46,94,0.008955842,0.000804363748744407
46,95,0.005219765,0.00484779845998708
46,96,-0.007213478,-0.0144797130395943
46,97,0.007991912,-0.0333918353435093
46,98,0.002220211,-0.00985662001556954
46,99,-0.000677767,-0.0207315131699087
46,100,0.000146452,-0.00253244524838101
46,101,-0.000723741,0.00720100973820853
46,102,-0.00852042,-0.0166257483181855
46,103,0.014972879,-0.0101320199176023
46,104,-0.002321765,-0.0105260083291541
46,105,-0.006524902,-0.0152489812710114
46,106,0,-0.00769735369485501
46,107,0.007443633,0.00582413364857652
46,108,-0.006136991,-0.00935647826140621
46,109,0.005030739,-0.0043397467676598
46,110,-0.011239842,-0.00633618938469154
46,111,0.016404095,-0.0057349643362019
46,112,0,-0.00954586438330738
46,113,0,0.000693531791842348
46,114,-0.001668041,-0.0200191236568851
46,115,0.014250478,0.0212184559757759
46,116,0.001070676,0.00036442853896667
46,117,-0.002884327,0.00640503720750328
46,118,0,0.00227756236936076
46,119,0.000201679,0.00471889597039998
46,120,0.007293934,-0.0148497740355969
46,121,-0.008603672,-0.00648949672594496
46,122,0.000363777,-0.00995815524503652
46,123,0.001533643,-0.0150133239638879
46,124,0.003617375,-0.0178000859207455
46,125,-0.011411733,-0.0096866316672755
46,126,-0.015719842,0.00492031770663847
46,127,0.0068469,-0.0062779238145107
46,128,0.011466987,-0.0224109879809224
46,129,-0.00599245,-0.0227393497147174
46,130,0.007352326,-0.00968516182310315
46,131,-0.011355753,0.00473033893907172
47,1,0.007679093,-0.0135661415437052
47,2,-0.000716823,-0.0358287474766756
47,3,0.026642449,-0.00140632156005695
47,4,-0.005887121,0.0491902667708111
47,5,-0.016505065,-0.0128789215232801
47,6,0.003455171,0.00802906155991544
47,7,0.012842571,0.0219773148131638
47,8,-0.021339106,-0.0661498633067672
47,9,0.017194987,0.0074585549259119
47,10,-0.001223049,0.00138933063233971
47,11,-0.007247642,-0.0540053603110771
47,12,-0.002242264,0.0104669363133216
47,13,-0.027405809,0.0017576307762831
47,14,-0.00867426,-0.00881955292559993
47,15,0.004426509,-0.000253317217171064
47,16,-0.006156074,-0.0532942880760296
47,17,-0.003811894,-0.0392186161571636
47,18,0.008570758,-0.0213623844334976
47,19,0.013131249,0.00884851777426696
47,20,-0.01977191,0.0174973231503754
47,21,-0.006852865,0.0146247627943009
47,22,-0.013422368,-0.0266525268328519
47,23,-0.016788012,0.0188353036898669
47,24,0.006882682,0.000514700210514586
47,25,0.009451649,-0.0201141591427628
47,26,-0.018748669,-0.0222363064727754
47,27,0.011600551,0.033427051604653
47,28,0.015099904,-0.0206985744233061
47,29,0.00564342,0.0149209874084753
47,30,0.020330369,-0.00209601671829248
47,31,-0.00813074,0.021031209004882
47,32,-0.022071403,0.0183371400148922
47,33,0.032403707,0.0198404298691912
47,34,-0.002417685,0.0142704704432573
47,35,0.023093235,-0.112791433406694
47,36,-0.00074214,0.00104185775712928
47,37,0.012185822,0.0265298082590869
47,38,-0.002494255,-9.49171648042223e-06
47,39,0,-0.0131316127005253
47,40,-0.003734269,-0.0217926293907831
47,41,-0.009943358,-0.0472039274785399
47,42,0,-0.00921527212259069
47,43,0.01378489,-0.0257261810172041
47,44,-0.011244745,-0.0414979077954999
47,45,0.006677488,0.00677523957990609
47,46,-0.020079148,0.00160173446945619
47,47,0.003715865,0.0331666756084693
47,48,-0.002466825,0.0270319571340207
47,49,0.014571825,0.00353661213263303
47,50,0.017977402,-0.00792156329508333
47,51,-0.000683311,-0.0244534258465943
47,52,-0.009954585,0.0244497725199564
47,53,-0.021103646,0.0146876079109197
47,54,0,0.00711943808486079
47,55,0.001582576,0.0205886484523691
47,56,0.018960889,-0.0393537305843264
47,57,-0.008725799,-0.0300168103250063
47,58,-0.000185275,0.0301398953904287
47,59,0.004302993,0.0153542104605723
47,60,-0.016685508,0.0178724168776916
47,61,-0.000545898,-0.00427116609016813
47,62,0.005342723,-0.00802642222345877
47,63,-0.002714063,-0.0130377592634618
47,64,-0.00253268,-0.0310640357360572
47,65,0.001028543,-0.00918995350254263
47,66,-0.025059356,0.0163402401745358
47,67,0.000574402,0.0347613232213703
47,68,0.021470945,-0.000344497462268896
47,69,0,-0.00851354747731204
47,70,0.028151792,-0.0330019820268739
47,71,0.011047222,0.014435906288222
47,72,-0.003956271,0.00936102737717098
47,73,0.013934149,0.0349246369839304
47,74,0.003142399,0.0167517410055885
47,75,-0.013953879,-0.0280817559604955
47,76,0.010505244,-0.016575522058146
47,77,0.028852659,0.00829870074733921
47,78,-0.008446685,-0.0779445808458473
47,79,0,-0.0239647802718133
47,80,0.004937884,-0.00402004924721958
47,81,-0.003996164,-0.00506777182374045
47,82,0.008572097,-0.0317287775753982
47,83,-0.018836196,-0.00151595253163155
47,84,0.005120189,0.0144618326100593
47,85,0.017907295,-0.0173618832253546
47,86,0.000963295,-0.0825523710621299
47,87,-0.001090165,-0.0241668960617988
47,88,-0.00257333,0.00644734591035792
47,89,0.008955842,0.00883689127652118
47,90,0.005219765,-0.00694725086706153
47,91,-0.007213478,-0.023973516541066
47,92,0.007991912,-0.000662876990161134
47,93,0.002220211,-0.00576327112719698
47,94,-0.000677767,-0.0236070768587477
47,95,0.000146452,-8.07007309835401e-05
47,96,-0.000723741,0.0121507524614814
47,97,-0.00852042,0.00291340266851623
47,98,0.014972879,0.00292536522103956
47,99,-0.002321765,0.00282556733964783
47,100,-0.006524902,-0.00558334691286791
47,101,0,0.00685572236519474
47,102,0.007443633,0.00703157886517114
47,103,-0.006136991,-0.00229995332181894
47,104,0.005030739,-0.00123344896078262
47,105,-0.011239842,0.00319297830509484
47,106,0.016404095,0.00877239595853927
47,107,0,0.0128085124196595
47,108,0,0.00181738460655332
47,109,-0.001668041,0.00103600011024714
47,110,0.014250478,0.00723259036247692
47,111,0.001070676,0.00100557012123659
47,112,-0.002884327,-0.0141687200697739
47,113,0,0.00251045799425699
47,114,0.000201679,0.000953291994354526
47,115,0.007293934,-0.00912045235497747
47,116,-0.008603672,-0.00793185564898058
47,117,0.000363777,0.0117200356786952
47,118,0.001533643,-0.00223305589160848
47,119,0.003617375,-0.0122631830717107
47,120,-0.011411733,-0.00431037215618754
47,121,-0.015719842,0.0148075617530798
47,122,0.0068469,-0.00343578564181503
47,123,0.011466987,0.00483050638030684
47,124,-0.00599245,-0.04595925925734
47,125,0.007352326,-0.00149085318824577
47,126,-0.011355753,0.00804994041193024
47,127,-0.011886581,0.020973178192979
47,128,0.003566623,0.0202266981951581
47,129,0.017640939,0.0108066382907949
47,130,-0.002489383,-0.0229325037495204
47,131,0.0106948,-0.00930354757155323
48,1,0.003455171,0.0270512460503117
48,2,0.012842571,0.0143158519477508
48,3,-0.021339106,-0.0213774001138868
48,4,0.017194987,-0.0374378653650089
48,5,-0.001223049,0.00135452807981669
48,6,-0.007247642,-0.0299921812034192
48,7,-0.002242264,-0.0105266497716017
48,8,-0.027405809,0.0466804859183649
48,9,-0.00867426,-0.0398802001837685
48,10,0.004426509,-0.0231505610022501
48,11,-0.006156074,0.0218964936040008
48,12,-0.003811894,-0.0282094614725257
48,13,0.008570758,-0.0130617989310448
48,14,0.013131249,-0.00743201530206835
48,15,-0.01977191,0.0111237913633168
48,16,-0.006852865,-0.0105839428041252
48,17,-0.013422368,-0.0156909963257803
48,18,-0.016788012,-0.0002373920919902
48,19,0.006882682,-0.02299542707733
48,20,0.009451649,0.0188752043495667
48,21,-0.018748669,-0.013274065458834
48,22,0.011600551,-0.0118461670361829
48,23,0.015099904,-0.00582471247461967
48,24,0.00564342,-0.00605051365753681
48,25,0.020330369,0.00662073747974007
48,26,-0.00813074,0.0266883192898936
48,27,-0.022071403,0.012475199187408
48,28,0.032403707,0.0490273188659038
48,29,-0.002417685,-0.0344032598970902
48,30,0.023093235,-0.059868754843117
48,31,-0.00074214,0.0480091295651604
48,32,0.012185822,0.016031131003452
48,33,-0.002494255,0.0542428839540767
48,34,0,-0.0191872995960161
48,35,-0.003734269,-0.0334363498846285
48,36,-0.009943358,-0.00232696098861332
48,37,0,-0.034907779658882
48,38,0.01378489,-0.0083120877744553
48,39,-0.011244745,-0.0116367256631628
48,40,0.006677488,0.000379968876342858
48,41,-0.020079148,0.00597715774488637
48,42,0.003715865,0.0069205918826182
48,43,-0.002466825,0.000192288678491592
48,44,0.014571825,0.0331233340056643
48,45,0.017977402,-0.000599546590116075
48,46,-0.000683311,0.0113404658898743
48,47,-0.009954585,0.00528686721515596
48,48,-0.021103646,0.0393660694743409
48,49,0,0.00325594808516431
48,50,0.001582576,-0.0331766738087568
48,51,0.018960889,0.00298953459692731
48,52,-0.008725799,0.0182996135287862
48,53,-0.000185275,-0.0137137877350008
48,54,0.004302993,-0.00567906918114819
48,55,-0.016685508,0.0166409133350454
48,56,-0.000545898,-0.0295248158500721
48,57,0.005342723,-0.00191604409625034
48,58,-0.002714063,-0.0090364981546652
48,59,-0.00253268,-0.00313592845895728
48,60,0.001028543,0.00895657832580271
48,61,-0.025059356,-0.00166149532415445
48,62,0.000574402,0.0109899554123683
48,63,0.021470945,0.00953722366420311
48,64,0,-0.0151042415409717
48,65,0.028151792,-0.0176169677422958
48,66,0.011047222,0.0240189346193064
48,67,-0.003956271,-0.00399505307053856
48,68,0.013934149,0.0699901895443233
48,69,0.003142399,0.000381601258190744
48,70,-0.013953879,-0.0326291488414293
48,71,0.010505244,0.0333862582932217
48,72,0.028852659,0.0236053027337624
48,73,-0.008446685,-0.0134252401720315
48,74,0,-0.041651616854231
48,75,0.004937884,0.0217828468396816
48,76,-0.003996164,-0.00996726349924966
48,77,0.008572097,-0.00804429541022176
48,78,-0.018836196,0.0342601028806631
48,79,0.005120189,-0.00901735335027288
48,80,0.017907295,-0.0256457528972493
48,81,0.000963295,-0.0294156488614852
48,82,-0.001090165,-0.0091449255145178
48,83,-0.00257333,0.0263946496518169
48,84,0.008955842,-0.00749270158256215
48,85,0.005219765,0.00998738347077299
48,86,-0.007213478,0.00639940685558055
48,87,0.007991912,0.0037123119460029
48,88,0.002220211,0.000169214704065666
48,89,-0.000677767,-0.0155974355530654
48,90,0.000146452,0.0172782272812654
48,91,-0.000723741,0.0274684508842297
48,92,-0.00852042,-0.00016013408764515
48,93,0.014972879,0.00783582637617313
48,94,-0.002321765,0.0132138083078575
48,95,-0.006524902,0.00417461830443749
48,96,0,0.0114312001954496
48,97,0.007443633,0.0131017634675138
48,98,-0.006136991,-0.00978192106118182
48,99,0.005030739,0.00910343843862471
48,100,-0.011239842,0.0230395688896515
48,101,0.016404095,0.00405884492798731
48,102,0,0.000273247276315396
48,103,0,0.0145857737945247
48,104,-0.001668041,0.015323109103583
48,105,0.014250478,0.0203683370777108
48,106,0.001070676,-0.00659652895545479
48,107,-0.002884327,0.0144014054299687
48,108,0,0.0169952121955588
48,109,0.000201679,0.00848359190738707
48,110,0.007293934,-0.0115605054811346
48,111,-0.008603672,0.0182302947835005
48,112,0.000363777,0.00984513847057316
48,113,0.001533643,0.000116638913953895
48,114,0.003617375,-0.00396516283009134
48,115,-0.011411733,0.00615789410184224
48,116,-0.015719842,0.0186459168537699
48,117,0.0068469,-0.0146827045965273
48,118,0.011466987,-0.0219682418683291
48,119,-0.00599245,-0.00702826410941084
48,120,0.007352326,0.00910860789623143
48,121,-0.011355753,0.0117893158865933
48,122,-0.011886581,0.000180645217440454
48,123,0.003566623,0.0169832361024189
48,124,0.017640939,0.0269962305167601
48,125,-0.002489383,-0.0146167958231213
48,126,0.0106948,0.00302554085473361
48,127,0.004591322,0.0218238704048128
48,128,0.004139817,0.0130982860083069
48,129,-0.001707929,0.0176518365505744
48,130,-0.001147786,0.0265031124296631
48,131,0.011240935,-0.000303899926970867
49,1,0.017194987,-0.000865120831734166
49,2,-0.001223049,0.00989032342802442
49,3,-0.007247642,-0.0463338677702729
49,4,-0.002242264,-0.00909431987180219
49,5,-0.027405809,0.0134695966331374
49,6,-0.00867426,-0.033012966920148
49,7,0.004426509,0.0134220923795791
49,8,-0.006156074,-0.0328639590469718
49,9,-0.003811894,-0.0205113845710609
49,10,0.008570758,-0.00363969221173247
49,11,0.013131249,0.00526292546851331
49,12,-0.01977191,0.0169896005889734
49,13,-0.006852865,0.000117873803610807
49,14,-0.013422368,0.014326318671875
49,15,-0.016788012,-0.00555573594670254
49,16,0.006882682,-0.0048998350245099
49,17,0.009451649,0.00903805124771574
49,18,-0.018748669,0.00371937894572681
49,19,0.011600551,0.0120865529063567
49,20,0.015099904,-0.0128623825490749
49,21,0.00564342,-0.0110534512396878
49,22,0.020330369,0.00802197482403372
49,23,-0.00813074,0.00322959082863155
49,24,-0.022071403,0.00759895041887591
49,25,0.032403707,0.0191498683222569
49,26,-0.002417685,-0.0195867111079443
49,27,0.023093235,-0.113612878231902
49,28,-0.00074214,-0.0729987175181128
49,29,0.012185822,0.0160706643718235
49,30,-0.002494255,0.0135386771138589
49,31,0,-0.0336000715161699
49,32,-0.003734269,-0.00479113449181849
49,33,-0.009943358,-0.0280624092202653
49,34,0,0.00682593204623856
49,35,0.01378489,-0.0151921543876355
49,36,-0.011244745,-0.0229249719057946
49,37,0.006677488,0.00431211475913658
49,38,-0.020079148,0.0104067437027946
49,39,0.003715865,-0.00195921240436476
49,40,-0.002466825,0.0145670954083721
49,41,0.014571825,0.0104585992159112
49,42,0.017977402,-0.0110762199055003
49,43,-0.000683311,-0.0153027663591272
49,44,-0.009954585,0.0314506560231199
49,45,-0.021103646,0.0239158847653102
49,46,0,0.00216238133071055
49,47,0.001582576,0.0229046618008565
49,48,0.018960889,-0.0261606414499351
49,49,-0.008725799,-0.0205585786730105
49,50,-0.000185275,0.0401912645943094
49,51,0.004302993,0.0290326909136379
49,52,-0.016685508,-0.000658719233964729
49,53,-0.000545898,-0.00857233931686162
49,54,0.005342723,0.0317706029814347
49,55,-0.002714063,-0.0129657807943103
49,56,-0.00253268,-0.0190503134159986
49,57,0.001028543,-0.00354434649636121
49,58,-0.025059356,0.0094886121151809
49,59,0.000574402,0.00368268812879338
49,60,0.021470945,0.0155470484372094
49,61,0,-0.0198860372115339
49,62,0.028151792,-0.0215261594542656
49,63,0.011047222,-0.0175938659623642
49,64,-0.003956271,-0.00333078581135313
49,65,0.013934149,0.0349872530778631
49,66,0.003142399,0.00155312727485803
49,67,-0.013953879,-0.0325063902276857
49,68,0.010505244,-0.00909474635032214
49,69,0.028852659,0.00460945890360496
49,70,-0.008446685,-0.0587435475079785
49,71,0,-0.0133669579989804
49,72,0.004937884,0.0162273547641222
49,73,-0.003996164,-0.0186498558834915
49,74,0.008572097,-0.0241497081878271
49,75,-0.018836196,-0.0113638912862793
49,76,0.005120189,0.0110027228305717
49,77,0.017907295,-0.0118363204871633
49,78,0.000963295,-0.0690552055223195
49,79,-0.001090165,-0.0171515558115977
49,80,-0.00257333,0.0168427666832238
49,81,0.008955842,0.0127502658083537
49,82,0.005219765,-0.0036815556571476
49,83,-0.007213478,-0.0264497679613819
49,84,0.007991912,0.0172193037042591
49,85,0.002220211,0.00142515675959997
49,86,-0.000677767,-0.0117022829879642
49,87,0.000146452,0.0034897575463995
49,88,-0.000723741,0.0145538537464962
49,89,-0.00852042,0.00177008655464126
49,90,0.014972879,0.00513946106456737
49,91,-0.002321765,-0.00246882830815473
49,92,-0.006524902,-0.00858492058989846
49,93,0,0.00721265283112029
49,94,0.007443633,0.00599361988160338
49,95,-0.006136991,-0.00221864567419973
49,96,0.005030739,0.00757485362335335
49,97,-0.011239842,0.0122426242000365
49,98,0.016404095,-0.00446294541730327
49,99,0,0.00352214949148843
49,100,0,-0.00195927114056974
49,101,-0.001668041,0.00646598657394244
49,102,0.014250478,0.00600818010971761
49,103,0.001070676,0.00409390393787739
49,104,-0.002884327,-0.00418197961804555
49,105,0,0.0110579797279428
49,106,0.000201679,-0.00201999769031803
49,107,0.007293934,-0.00139844493373386
49,108,-0.008603672,-0.00476524116756518
49,109,0.000363777,0.0114929924141171
49,110,0.001533643,0.0046814984366506
49,111,0.003617375,-0.0061952892639729
49,112,-0.011411733,-0.0012997211237462
49,113,-0.015719842,0.0197838396625662
49,114,0.0068469,-0.000736594037524061
49,115,0.011466987,0.00177839066382131
49,116,-0.00599245,-0.0262624241176635
49,117,0.007352326,0.0160781931140662
49,118,-0.011355753,0.0183325247753568
49,119,-0.011886581,-0.00164147295417533
49,120,0.003566623,0.0172653795993109
49,121,0.017640939,0.0212440787214105
49,122,-0.002489383,-0.0237780368136645
49,123,0.0106948,0.00377749300586779
49,124,0.004591322,0.0209812394497419
49,125,0.004139817,-0.0072982517677156
49,126,-0.001707929,0.0132522396558026
49,127,-0.001147786,0.0301711997780181
49,128,0.011240935,0.00673727672330448
49,129,0,-0.0254390287764366
49,130,0.001968126,-0.0143782959721808
49,131,0.005717493,0.00889367673159201
50,1,-0.002242264,-0.00808355490027519
50,2,-0.027405809,0.0418252885507957
50,3,-0.00867426,-0.0408674750621794
50,4,0.004426509,0.0157658045039199
50,5,-0.006156074,-0.0385361820027201
50,6,-0.003811894,-0.0158817836514029
50,7,0.008570758,0.00130549589646433
50,8,0.013131249,-0.00159877649685491
50,9,-0.01977191,0.0148332560625108
50,10,-0.006852865,0.0056750163221895
50,11,-0.013422368,0.0210432963668568
50,12,-0.016788012,-0.00805316455093698
50,13,0.006882682,-0.012678939299546
50,14,0.009451649,0.00713026216433383
50,15,-0.018748669,-0.0177733547037109
50,16,0.011600551,0.0311218159318495
50,17,0.015099904,0.00249106444073457
50,18,0.00564342,-0.00906430095232199
50,19,0.020330369,0.0253010915779712
50,20,-0.00813074,0.051261042853098
50,21,-0.022071403,-0.0252058987216109
50,22,0.032403707,0.0247789275051178
50,23,-0.002417685,0.00202074122492294
50,24,0.023093235,-0.0681846177861077
50,25,-0.00074214,0.0349525084324252
50,26,0.012185822,-0.0356786944073406
50,27,-0.002494255,0.0267056701910373
50,28,0,-0.0297635831896836
50,29,-0.003734269,0.00116439880937785
50,30,-0.009943358,-0.000555547426748213
50,31,0,-0.027207465828547
50,32,0.01378489,0.00883272881141162
50,33,-0.011244745,-0.036854581182605
50,34,0.006677488,0.0120620409497347
50,35,-0.020079148,0.00952523606448841
50,36,0.003715865,-0.0109634836392196
50,37,-0.002466825,0.0136435592544838
50,38,0.014571825,0.00542916995573975
50,39,0.017977402,-0.00376570551817752
50,40,-0.000683311,0.00828265570192071
50,41,-0.009954585,0.0107074173712847
50,42,-0.021103646,0.029758912991298
50,43,0,-0.0143683184685131
50,44,0.001582576,0.0264665358827332
50,45,0.018960889,-0.0341107680535081
50,46,-0.008725799,-0.00451082596682742
50,47,-0.000185275,0.0408283816696189
50,48,0.004302993,0.0131661124389
50,49,-0.016685508,0.00658878956353927
50,50,-0.000545898,-0.00862795586641071
50,51,0.005342723,0.0449109080938045
50,52,-0.002714063,-0.0233529768856023
50,53,-0.00253268,0.0061289330194571
50,54,0.001028543,-0.00617051401748052
50,55,-0.025059356,-0.000353100701165698
50,56,0.000574402,0.00331354216241934
50,57,0.021470945,0.0117740163315369
50,58,0,-0.021047320021072
50,59,0.028151792,0.00518710208102701
50,60,0.011047222,0.0166294041000513
50,61,-0.003956271,-0.0402899334922155
50,62,0.013934149,0.0448382876540021
50,63,0.003142399,0.0351851202279658
50,64,-0.013953879,-0.0250216022780528
50,65,0.010505244,0.0110315841567933
50,66,0.028852659,-0.00556483077779931
50,67,-0.008446685,-0.0446378693994327
50,68,0,-0.00530293746379305
50,69,0.004937884,0.0228200736056985
50,70,-0.003996164,-0.0312524846126111
50,71,0.008572097,-0.00500622350543874
50,72,-0.018836196,0.013229094373909
50,73,0.005120189,-0.0163072222552068
50,74,0.017907295,0.011521231133049
50,75,0.000963295,-0.0673767375960025
50,76,-0.001090165,0.000592098706447718
50,77,-0.00257333,0.0419855011834238
50,78,0.008955842,-0.00873422514229379
50,79,0.005219765,0.00611790789535352
50,80,-0.007213478,-0.0182266997112416
50,81,0.007991912,0.00866822486810524
50,82,0.002220211,0.00485897929944179
50,83,-0.000677767,-0.0228919272291444
50,84,0.000146452,0.0126283929493542
50,85,-0.000723741,0.0127074712556257
50,86,-0.00852042,-0.0012446321263006
50,87,0.014972879,0.00250122547387886
50,88,-0.002321765,-0.00107404668249813
50,89,-0.006524902,-0.00662983083151776
50,90,0,0.0127574996874103
50,91,0.007443633,0.00332999330619815
50,92,-0.006136991,-0.00483254564781355
50,93,0.005030739,0.011186826063186
50,94,-0.011239842,0.0132180028685213
50,95,0.016404095,-0.00276405720906618
50,96,0,-0.00407101578744345
50,97,0,-0.00193764382038475
50,98,-0.001668041,0.0143017023428104
50,99,0.014250478,0.00998380883675635
50,100,0.001070676,-0.000469432418062796
50,101,-0.002884327,0.0140623278420263
50,102,0,0.0043552652225019
50,103,0.000201679,0.0024113907596925
50,104,0.007293934,-0.011790267391979
50,105,-0.008603672,0.00922774118831422
50,106,0.000363777,-0.00304672737881876
50,107,0.001533643,0.0128043733562991
50,108,0.003617375,-0.0180609908197974
50,109,-0.011411733,0.00153697007058275
50,110,-0.015719842,0.0159944293030497
50,111,0.0068469,-0.00675145984615441
50,112,0.011466987,-0.00613674213978454
50,113,-0.00599245,-0.0252462068229558
50,114,0.007352326,0.0238883174955036
50,115,-0.011355753,0.0148894424825208
50,116,-0.011886581,-0.0086625003471226
50,117,0.003566623,0.0105168653914261
50,118,0.017640939,0.0302871879378936
50,119,-0.002489383,-0.0207238330235739
50,120,0.0106948,0.025483463714509
50,121,0.004591322,0.0139406771702337
50,122,0.004139817,-0.0171487380068316
50,123,-0.001707929,0.0162199844545243
50,124,-0.001147786,0.0321744904223887
50,125,0.011240935,0.00483429034457683
50,126,0,-0.00279846096683928
50,127,0.001968126,-0.0257770878021086
50,128,0.005717493,0.0224111805277054
50,129,0.002619553,-0.00776518400601369
50,130,0.00056828,0.00210418491072925
50,131,0.001357583,0.0122226422565679
