"iteration","obs_index","y_true","y_pred"
1,1,-0.031635816,0.00495474855141957
1,2,0.002892972,-0.00894705351189332
1,3,-0.008902849,0.0181857015519437
1,4,0.012955814,0.00308846745616721
1,5,0.007398858,-0.0268412226505878
1,6,0,-0.0138561509230206
1,7,-0.002748402,0.00196292261468133
1,8,0.017840667,0.000926100196317619
1,9,0,-0.00404477924175358
1,10,0.004228991,0.0248579555162091
1,11,0.006563167,-0.00749157801550216
1,12,0.002184195,0.00551423473536305
1,13,-0.001046374,-0.00668295633278544
1,14,-0.012176614,0.00339242464874888
1,15,0.009673506,-0.00797879829965855
1,16,-0.002083164,-0.00847967175600933
1,17,0.001404348,-0.00905200739342786
1,18,0.010107284,-0.0117038398184056
1,19,0.002327644,-0.00373577314514692
1,20,0.000429127,-0.00183250436760371
1,21,0.003729217,0.00629982767321616
1,22,0.0139103,-0.00247665655397699
1,23,-0.000175654,0.00430859806520468
1,24,0.001711315,0.00299717368080158
1,25,0.004514325,-0.00476702630131958
1,26,0.00403337,0.00355111605693666
1,27,-0.00021737,-0.00385602298296726
1,28,0.000452076,0.00240625367593132
1,29,0.007749057,-0.00671580143816733
1,30,0.005804795,-0.000718613687461164
1,31,-0.000325895,-0.00575373231092379
1,32,-0.005099485,0.000541554669878966
1,33,0.00508233,-0.00142605325620047
1,34,0.007145391,-0.00410746092557469
1,35,-0.005508385,0.00169935849271845
1,36,-0.001705629,-0.00192714482727632
1,37,0.000737463,-0.00767856786308064
1,38,0.005667142,-0.00433861253269023
1,39,4.26e-05,-0.00298897095012933
1,40,-0.003278272,-0.0011151513104472
1,41,0.007386521,-0.00636564836069735
1,42,0.007896758,-0.00174188441196702
1,43,0,0.000301523085249628
1,44,0.001682879,0.00309303613754196
1,45,-0.005894051,-0.00168452460233456
1,46,0.00336867,0.000973304580146161
1,47,0.006661623,-0.00483887293543284
1,48,0.001765063,-0.00082297515570426
1,49,0.000685109,-0.00393034677826914
1,50,0.011088384,-0.00348455894355459
1,51,0.000842168,-0.00408712149044982
1,52,-0.01625795,0.00886369260348218
1,53,0.004511129,-0.00178678430571145
1,54,0.008026026,-0.00996495634898339
1,55,-0.001019431,-0.000315105894008075
1,56,0.002261236,-0.00429640015450904
1,57,0.002792559,-0.0124562394718048
1,58,-0.023659567,-0.00211983739243617
1,59,0.006441938,-0.00100895553833013
1,60,0.012860144,-0.00153146027486353
1,61,-0.016787736,0.000182715793385991
1,62,0.0130352,-0.00427034345045614
1,63,-0.024127171,-0.0209872789128411
1,64,-0.006608358,0.00890083809267847
1,65,-0.032888466,0.00114830232975175
1,66,-0.015426629,-0.00798376413835745
1,67,0.043034725,-0.00991305685905901
1,68,-0.003403127,-0.0187694733699885
1,69,0.013645989,-0.0110455946073983
1,70,-0.012219412,-0.0107555301239439
1,71,-0.018979079,-0.00611667281210906
1,72,0.001108852,0.0152849861152846
1,73,-0.014297727,0.0162891422743571
1,74,-0.044899189,-0.038963117517657
1,75,0.014912655,-0.0173881001644044
1,76,-0.012992123,0.0414905477180863
1,77,0.00035387,0.00250948728375688
1,78,-0.005677006,-0.0349608877092438
1,79,0.032347213,-0.0191990090193195
1,80,-0.012451871,0.0333337461924946
1,81,-0.017314285,0.0275223249171717
1,82,0,-0.0235341442019374
1,83,0.025514387,0.00722892930880646
1,84,0.004043236,-0.00306310388251809
1,85,-0.035017487,0.0155919959534413
1,86,-0.013624434,-0.0236435602321592
1,87,0.01091624,0.0235933746938133
1,88,-0.005959341,-0.00953085291960446
1,89,0.029079822,-0.00251926875692264
1,90,0.004370107,-0.041372171787646
1,91,-0.001806321,0.0316984778146549
1,92,0.023222473,-0.0207070455862919
1,93,-0.000556094,0.005288871953568
1,94,0.001282138,0.0193329256519434
1,95,0.00131629,0.00901476849296615
1,96,-0.003864245,-0.0038579874339195
1,97,-0.016201322,-0.00035408523371212
1,98,-0.002989922,-0.0126700270909196
1,99,-0.016946193,-0.0217126162281334
1,100,0.002855218,-0.00558587071311531
1,101,-0.002035951,-0.0229823108876506
1,102,-0.031508271,-0.010096568671388
1,103,-0.010164425,-0.0142455728290174
1,104,-0.003245746,0.00836352225792761
1,105,-0.004673293,-0.0126681148429638
1,106,0.005344686,-0.00498692236220181
1,107,0,-0.0259968950983226
1,108,0.030850062,0.0110328973450506
1,109,0.009368673,0.00135593785140649
1,110,0.0071781,0.0237865924978835
1,111,0.000732597,0.0100991738947119
1,112,0.015261854,0.00920210826228362
1,113,-0.000155215,0.0164853314294494
1,114,0.001195446,0.0191686527686528
1,115,-0.029242932,-0.0120228032121637
1,116,0.005964074,0.00270921214960025
1,117,0.011351892,0.00033318546011298
1,118,-0.012902686,0.000887733719537735
1,119,0.022263616,-0.016058356654776
1,120,0.008186429,-0.0216962787722817
1,121,0.011137931,0.00961298754445145
1,122,-0.001049869,0.00864721705482278
1,123,-0.006946068,0.00998578671296307
1,124,-0.004167314,-0.00650172865560521
1,125,6.35e-05,0.0062491212697882
1,126,0.02178352,-0.0142340107565708
1,127,-0.004807873,-0.00569650268011229
1,128,0.006032852,-0.0176230884408371
1,129,-0.001269391,-0.0102253766103994
1,130,-0.003710877,0.00584715756346475
1,131,0.005468066,-0.00243860090155954
2,1,0.012955814,0.0206957055530761
2,2,0.007398858,-0.00564172727730308
2,3,0,0.000370453560918214
2,4,-0.002748402,-0.0175861347035344
2,5,0.017840667,-0.00538946298887101
2,6,0,0.00884000950898865
2,7,0.004228991,0.012945333452574
2,8,0.006563167,-0.0134759036341809
2,9,0.002184195,0.00451235016954201
2,10,-0.001046374,-0.00622134714681784
2,11,-0.012176614,0.00189263804023227
2,12,0.009673506,0.0037337910573446
2,13,-0.002083164,0.00302220692311835
2,14,0.001404348,0.00937752751228347
2,15,0.010107284,-0.0203659056028093
2,16,0.002327644,0.00578901604851123
2,17,0.000429127,-0.00394305560785485
2,18,0.003729217,-0.0109313245035531
2,19,0.0139103,0.00582476026817701
2,20,-0.000175654,0.00161563028403101
2,21,0.001711315,0.0021116729782008
2,22,0.004514325,-0.0110178566884255
2,23,0.00403337,0.00458738271825608
2,24,-0.00021737,0.00150348501827471
2,25,0.000452076,0.00269710804913575
2,26,0.007749057,-0.00057998805007383
2,27,0.005804795,0.00210984768816676
2,28,-0.000325895,0.00441299987055668
2,29,-0.005099485,-0.0067564023158086
2,30,0.00508233,-0.00213190473512702
2,31,0.007145391,0.00440797859463072
2,32,-0.005508385,0.012693630274556
2,33,-0.001705629,-0.00436019031199387
2,34,0.000737463,-0.00573876455015586
2,35,0.005667142,0.00631130626769721
2,36,4.26e-05,0.00773227259229987
2,37,-0.003278272,0.00575056628312041
2,38,0.007386521,-0.0076685719413784
2,39,0.007896758,0.00237606411688573
2,40,0,0.0103933041121589
2,41,0.001682879,-0.00796553308867102
2,42,-0.005894051,-0.00331029964307412
2,43,0.00336867,0.00263819749285375
2,44,0.006661623,0.00342511933426768
2,45,0.001765063,0.0121504638698479
2,46,0.000685109,-0.00562417764605386
2,47,0.011088384,-0.00645351015076357
2,48,0.000842168,0.000516358930369176
2,49,-0.01625795,0.00362665403685728
2,50,0.004511129,-0.00902168730650108
2,51,0.008026026,0.00515935095638733
2,52,-0.001019431,0.00531538081775946
2,53,0.002261236,-0.00790416643294811
2,54,0.002792559,-0.00401304623860155
2,55,-0.023659567,0.00362443463252478
2,56,0.006441938,8.19019323478583e-05
2,57,0.012860144,0.00692528623258348
2,58,-0.016787736,-0.00069700998379185
2,59,0.0130352,-0.0224402000514329
2,60,-0.024127171,-0.00904618084670428
2,61,-0.006608358,0.0118238084817931
2,62,-0.032888466,-0.0402805132269187
2,63,-0.015426629,0.0120095488050938
2,64,0.043034725,0.00579114420521594
2,65,-0.003403127,0.0206852580648064
2,66,0.013645989,0.0127519426288301
2,67,-0.012219412,-0.0393888716627626
2,68,-0.018979079,-0.0104868404629794
2,69,0.001108852,-0.033800716663925
2,70,-0.014297727,0.0376429797910363
2,71,-0.044899189,-0.0128473726027599
2,72,0.014912655,-0.00861956300139229
2,73,-0.012992123,-0.000541159287808308
2,74,0.00035387,0.0149581956879428
2,75,-0.005677006,-0.0738739078553874
2,76,0.032347213,0.0100000130278729
2,77,-0.012451871,0.0245464014447199
2,78,-0.017314285,0.0400863515675022
2,79,0,0.00332556621347413
2,80,0.025514387,0.00493002045154538
2,81,0.004043236,0.00770745823488483
2,82,-0.035017487,0.0119852455399017
2,83,-0.013624434,0.0026368060361969
2,84,0.01091624,0.000799858382899029
2,85,-0.005959341,0.0223614211131534
2,86,0.029079822,0.021847123292412
2,87,0.004370107,-0.0172734949340713
2,88,-0.001806321,0.0194818579895586
2,89,0.023222473,-0.0327767901169224
2,90,-0.000556094,0.0212372210379028
2,91,0.001282138,0.00705148254090699
2,92,0.00131629,-0.00859877082144815
2,93,-0.003864245,0.0113774833191982
2,94,-0.016201322,-0.00610817271701974
2,95,-0.002989922,0.00969586046527353
2,96,-0.016946193,0.00730695533395733
2,97,0.002855218,0.00277897365199824
2,98,-0.002035951,0.007776349721392
2,99,-0.031508271,0.00479312019677465
2,100,-0.010164425,-0.00881081902839709
2,101,-0.003245746,0.0077018107182552
2,102,-0.004673293,0.010744824616031
2,103,0.005344686,0.0150752212472461
2,104,0,0.0109875079468405
2,105,0.030850062,0.0227384651038669
2,106,0.009368673,-0.0177009860648251
2,107,0.0071781,0.0106425980591805
2,108,0.000732597,-0.00132227615759472
2,109,0.015261854,0.013808159627008
2,110,-0.000155215,-0.000117048058579208
2,111,0.001195446,0.015029654259974
2,112,-0.029242932,-0.00462093767477066
2,113,0.005964074,0.00268844745196466
2,114,0.011351892,-0.000278961805504551
2,115,-0.012902686,0.00839018944667977
2,116,0.022263616,-0.0210588085553216
2,117,0.008186429,-0.0127412213907665
2,118,0.011137931,0.019007550073965
2,119,-0.001049869,-0.0434143415304667
2,120,-0.006946068,0.0182292182763562
2,121,-0.004167314,-0.00879571063749372
2,122,6.35e-05,0.0135647763272518
2,123,0.02178352,0.0112144860455535
2,124,-0.004807873,0.00817504512789267
2,125,0.006032852,-5.0205639453944e-05
2,126,-0.001269391,-0.0199642870177855
2,127,-0.003710877,0.00927205898173288
2,128,0.005468066,-0.00817461408297611
2,129,-0.005985299,0.0158783569895012
2,130,-0.028583327,0.0051747581500971
2,131,-0.00539328,-0.0107698031736958
3,1,0.009673506,-0.00531695004476114
3,2,-0.002083164,-0.000287530501053969
3,3,0.001404348,2.92741414233166e-07
3,4,0.010107284,-0.0117012440777698
3,5,0.002327644,0.00410415165424635
3,6,0.000429127,-0.00451590565162392
3,7,0.003729217,-0.00190472386515501
3,8,0.0139103,-0.00225271017039529
3,9,-0.000175654,-0.0016395405197306
3,10,0.001711315,-0.00409064064830374
3,11,0.004514325,-0.00784865646757272
3,12,0.00403337,0.00310240410955987
3,13,-0.00021737,-0.00478899308621408
3,14,0.000452076,-0.00391348544705278
3,15,0.007749057,-0.00512289233024764
3,16,0.005804795,1.18711344364581e-05
3,17,-0.000325895,-0.00349367717793495
3,18,-0.005099485,-0.00565007956269289
3,19,0.00508233,-0.00198938980791368
3,20,0.007145391,-0.000548590579335223
3,21,-0.005508385,-0.00168587534656344
3,22,-0.001705629,-0.00771489046218693
3,23,0.000737463,-0.00313473222842067
3,24,0.005667142,0.00252540067529781
3,25,4.26e-05,-0.0037494991865251
3,26,-0.003278272,-0.00402040557660538
3,27,0.007386521,-0.0051244207851394
3,28,0.007896758,0.00173076596264116
3,29,0,-0.00223108929540748
3,30,0.001682879,-0.00620637150818645
3,31,-0.005894051,-0.0028043517813975
3,32,0.00336867,0.000289970606276769
3,33,0.006661623,-0.00316884691277664
3,34,0.001765063,-0.00187543592956037
3,35,0.000685109,-0.00741026190443623
3,36,0.011088384,-0.00215449454493712
3,37,0.000842168,-0.00108466043708392
3,38,-0.01625795,-0.00123285943412762
3,39,0.004511129,-0.00654397723128429
3,40,0.008026026,0.000445410078289315
3,41,-0.001019431,0.00304415930923122
3,42,0.002261236,-0.0104110227912067
3,43,0.002792559,-0.00344680935942608
3,44,-0.023659567,0.00146044696959076
3,45,0.006441938,-0.000709017260616154
3,46,0.012860144,-0.00415819329120184
3,47,-0.016787736,0.00581202122427558
3,48,0.0130352,-0.0137426991877108
3,49,-0.024127171,-0.00542913007301824
3,50,-0.006608358,0.00732706531818807
3,51,-0.032888466,-0.00960556492451764
3,52,-0.015426629,0.00404603139367632
3,53,0.043034725,-0.0135231197126236
3,54,-0.003403127,0.0133956774054378
3,55,0.013645989,-0.0163322788927356
3,56,-0.012219412,-0.0339719133580001
3,57,-0.018979079,-0.0646166693104865
3,58,0.001108852,-0.00611383017294524
3,59,-0.014297727,0.00447474766627569
3,60,-0.044899189,-0.055498943759251
3,61,0.014912655,-0.0044783227382191
3,62,-0.012992123,0.00153305158047416
3,63,0.00035387,0.0122153148667822
3,64,-0.005677006,-0.0178319190604551
3,65,0.032347213,-0.0244238999846975
3,66,-0.012451871,0.0231511740730329
3,67,-0.017314285,0.00995918213872405
3,68,0,0.0399387936027885
3,69,0.025514387,0.0446625411636392
3,70,0.004043236,-0.00941862793716232
3,71,-0.035017487,-0.00606768799475626
3,72,-0.013624434,0.0184291433204594
3,73,0.01091624,0.0110238046605972
3,74,-0.005959341,0.00597195673666084
3,75,0.029079822,-0.0160320923834723
3,76,0.004370107,-0.0157401196161124
3,77,-0.001806321,0.00859635572024262
3,78,0.023222473,-0.00834061692260539
3,79,-0.000556094,0.0164245284550244
3,80,0.001282138,-0.00794280766844267
3,81,0.00131629,-0.0113661846343235
3,82,-0.003864245,0.0254909684004117
3,83,-0.016201322,-0.00505312154873511
3,84,-0.002989922,-0.00139580498524835
3,85,-0.016946193,0.0051205399430093
3,86,0.002855218,0.00707562258663044
3,87,-0.002035951,-0.00755301619196696
3,88,-0.031508271,0.00434438954925335
3,89,-0.010164425,-0.00854762976412855
3,90,-0.003245746,0.00522976005929759
3,91,-0.004673293,0.00118211200975399
3,92,0.005344686,-0.00776670795373493
3,93,0,-0.0188811633418627
3,94,0.030850062,0.000216522163991797
3,95,0.009368673,0.00182649395599996
3,96,0.0071781,0.000160123216964881
3,97,0.000732597,-0.010197051108278
3,98,0.015261854,0.0222543052000478
3,99,-0.000155215,-0.00652586453892895
3,100,0.001195446,-0.000565753596440557
3,101,-0.029242932,0.0145156676897116
3,102,0.005964074,0.00420609666654887
3,103,0.011351892,-0.00584036564110632
3,104,-0.012902686,0.0102723764916166
3,105,0.022263616,-0.0195275798198406
3,106,0.008186429,-0.0120931658082028
3,107,0.011137931,0.00529988353524345
3,108,-0.001049869,-0.0096214355759656
3,109,-0.006946068,0.00409356241797556
3,110,-0.004167314,-0.0085632277821276
3,111,6.35e-05,0.00542070566927872
3,112,0.02178352,1.29344851165954e-06
3,113,-0.004807873,-0.0026334739215848
3,114,0.006032852,-0.0048940445772167
3,115,-0.001269391,-0.00998612994064641
3,116,-0.003710877,0.00939013440500309
3,117,0.005468066,-0.00840818129562746
3,118,-0.005985299,0.000765995190016358
3,119,-0.028583327,0.000504713205632688
3,120,-0.00539328,-0.00355545616279614
3,121,-0.004031704,0.000262507730358856
3,122,0.000120447,0.00643359859402676
3,123,0.012118458,-0.0103270469496656
3,124,0.001481685,-0.0121006474465577
3,125,-0.017080409,-0.00132234436490442
3,126,-0.003669695,0.00119837873115605
3,127,-0.004048532,0.00124419853466303
3,128,-0.014618777,0.00179603508008807
3,129,0.003283982,-0.00857466996879225
3,130,-0.00771448,-0.00284827246260678
3,131,0.016450715,0.00381923265446117
4,1,0.001404348,-0.000883933166816928
4,2,0.010107284,-0.0134272550567454
4,3,0.002327644,-0.00243557126809384
4,4,0.000429127,0.00144172208593509
4,5,0.003729217,0.000918080870228087
4,6,0.0139103,8.03973241773025e-05
4,7,-0.000175654,0.00632602640426105
4,8,0.001711315,-0.00273943218823235
4,9,0.004514325,-0.00740033061838563
4,10,0.00403337,0.00548219029286504
4,11,-0.00021737,0.00266012997883112
4,12,0.000452076,-0.00358220419183474
4,13,0.007749057,-0.00524750707039964
4,14,0.005804795,0.00223219869019014
4,15,-0.000325895,-0.00197924087268524
4,16,-0.005099485,-0.00522919525960776
4,17,0.00508233,-0.000996291699603235
4,18,0.007145391,0.00418889779668004
4,19,-0.005508385,0.00216969388571042
4,20,-0.001705629,-0.00881033785878609
4,21,0.000737463,-0.00540340395861435
4,22,0.005667142,0.00489998967057874
4,23,4.26e-05,0.00237468913259568
4,24,-0.003278272,-0.00646590914391756
4,25,0.007386521,-0.00565950293624372
4,26,0.007896758,0.0031793673552204
4,27,0,0.00233900549392422
4,28,0.001682879,-0.00417571197926455
4,29,-0.005894051,-0.00347160643449376
4,30,0.00336867,0.00514292401180882
4,31,0.006661623,0.00260362546624888
4,32,0.001765063,-0.00167249935632919
4,33,0.000685109,-0.00760584505300043
4,34,0.011088384,-0.00481987717851869
4,35,0.000842168,0.00103029196326656
4,36,-0.01625795,0.00487764509082736
4,37,0.004511129,-0.00505245089632308
4,38,0.008026026,0.00228169673107956
4,39,-0.001019431,0.00766888592507835
4,40,0.002261236,-0.00976926851244387
4,41,0.002792559,-0.0126883128353389
4,42,-0.023659567,0.00408612837481787
4,43,0.006441938,0.0077257249607406
4,44,0.012860144,-0.00329964092388711
4,45,-0.016787736,0.00694270240317174
4,46,0.0130352,-0.0109874324330706
4,47,-0.024127171,-0.0135053214724423
4,48,-0.006608358,0.0113708606197994
4,49,-0.032888466,0.0101428358706611
4,50,-0.015426629,0.00295518908030062
4,51,0.043034725,-0.0111121430707998
4,52,-0.003403127,0.0056153297792947
4,53,0.013645989,-0.0260098437749985
4,54,-0.012219412,-0.00687421104768182
4,55,-0.018979079,-0.00710447175161149
4,56,0.001108852,0.0218882028332285
4,57,-0.014297727,0.0118956064743117
4,58,-0.044899189,-0.01844987582774
4,59,0.014912655,-0.00935536509154489
4,60,-0.012992123,-0.0188456472474428
4,61,0.00035387,0.0162853808250806
4,62,-0.005677006,-0.00944758950703285
4,63,0.032347213,-0.00764284524050799
4,64,-0.012451871,0.0376735719763965
4,65,-0.017314285,0.00827086961229456
4,66,0,0.0176454972834329
4,67,0.025514387,0.0180423734699977
4,68,0.004043236,0.00871164446265775
4,69,-0.035017487,-0.00716955042485367
4,70,-0.013624434,-0.0308015628967017
4,71,0.01091624,0.00995685167094155
4,72,-0.005959341,-0.0119660928019077
4,73,0.029079822,-0.00769284833350786
4,74,0.004370107,-0.0387000147765271
4,75,-0.001806321,-0.00134378328785903
4,76,0.023222473,0.00421992876934312
4,77,-0.000556094,0.0115503636191328
4,78,0.001282138,0.0125650670627316
4,79,0.00131629,-0.00241475013420837
4,80,-0.003864245,0.00298839901348311
4,81,-0.016201322,0.00641722110354639
4,82,-0.002989922,-0.0106160781558862
4,83,-0.016946193,-0.00958424962046885
4,84,0.002855218,0.00356675096316669
4,85,-0.002035951,-0.0117380556339349
4,86,-0.031508271,-0.00397009769868395
4,87,-0.010164425,-0.00716468218737751
4,88,-0.003245746,0.000844311793377068
4,89,-0.004673293,0.0110614552682875
4,90,0.005344686,0.00648673818252656
4,91,0,-0.0179822002660375
4,92,0.030850062,-0.00173438525928829
4,93,0.009368673,0.00857253241998469
4,94,0.0071781,0.00359053836059378
4,95,0.000732597,-0.00291561241678711
4,96,0.015261854,0.00993885345755988
4,97,-0.000155215,0.0106364870353566
4,98,0.001195446,0.00608667834039771
4,99,-0.029242932,-0.0171348006447576
4,100,0.005964074,0.0033347982803792
4,101,0.011351892,-0.0254251824212552
4,102,-0.012902686,0.00705550585990288
4,103,0.022263616,-0.0286071536132409
4,104,0.008186429,-0.013688767131315
4,105,0.011137931,0.00783727139743597
4,106,-0.001049869,0.0095748653627066
4,107,-0.006946068,-0.000560369735962581
4,108,-0.004167314,0.00747565159621921
4,109,6.35e-05,0.0103835507768063
4,110,0.02178352,-0.00683990541619822
4,111,-0.004807873,-0.00593807830069084
4,112,0.006032852,-0.0139301348454791
4,113,-0.001269391,-0.00971060277222662
4,114,-0.003710877,0.0090596723577249
4,115,0.005468066,0.00640202784875742
4,116,-0.005985299,0.000822656777180431
4,117,-0.028583327,-0.00793434914307065
4,118,-0.00539328,-0.00206475828139075
4,119,-0.004031704,-0.00328227143342698
4,120,0.000120447,0.00894889766699142
4,121,0.012118458,-0.0105599158173689
4,122,0.001481685,-0.016085010075454
4,123,-0.017080409,-0.00110324130514484
4,124,-0.003669695,0.00586415633421115
4,125,-0.004048532,0.00586238956607706
4,126,-0.014618777,0.0150331820986052
4,127,0.003283982,-0.00548479286545671
4,128,-0.00771448,-0.013784530853147
4,129,0.016450715,-0.000290936174346038
4,130,-0.014437883,0.000812141460592596
4,131,0.029077658,-0.00168009867957856
5,1,0.010107284,-0.0127701821417007
5,2,0.002327644,-0.00167495060914441
5,3,0.000429127,-0.006337830319364
5,4,0.003729217,-0.00117565119718903
5,5,0.0139103,-0.00662161372558275
5,6,-0.000175654,0.00378879611558624
5,7,0.001711315,-0.00567301580762783
5,8,0.004514325,-0.00919044244549965
5,9,0.00403337,0.00232762945645719
5,10,-0.00021737,-0.00343427960817688
5,11,0.000452076,-0.00375321021822252
5,12,0.007749057,-0.00741274560121775
5,13,0.005804795,0.000335244767203815
5,14,-0.000325895,-0.00641080784991955
5,15,-0.005099485,-0.00660191219126188
5,16,0.00508233,-0.00379247942569875
5,17,0.007145391,-0.000809243895263717
5,18,-0.005508385,-0.000708907275131876
5,19,-0.001705629,-0.00918916080554568
5,20,0.000737463,-0.00515856167197013
5,21,0.005667142,-0.000730663356228223
5,22,4.26e-05,-0.00150590696845678
5,23,-0.003278272,-0.00781559223524994
5,24,0.007386521,-0.00692751043735036
5,25,0.007896758,-6.75258733025489e-05
5,26,0,-0.00336936765791157
5,27,0.001682879,-0.00527521298268367
5,28,-0.005894051,-0.00576124029170661
5,29,0.00336867,-1.96928209832362e-05
5,30,0.006661623,-0.00131181858595523
5,31,0.001765063,-0.00333482019106093
5,32,0.000685109,-0.00756421373218089
5,33,0.011088384,-0.00491495873704321
5,34,0.000842168,-0.00531784982319419
5,35,-0.01625795,0.0010328713716925
5,36,0.004511129,-0.00835580243962995
5,37,0.008026026,0.000341522936697827
5,38,-0.001019431,0.00301341250698403
5,39,0.002261236,-0.00930611633522891
5,40,0.002792559,-0.0131620744112482
5,41,-0.023659567,-0.00189462686181427
5,42,0.006441938,0.00176666364130619
5,43,0.012860144,-0.00855398471005662
5,44,-0.016787736,0.00694892447915803
5,45,0.0130352,-0.0106916993620673
5,46,-0.024127171,-0.0178400446264928
5,47,-0.006608358,0.00187727288351328
5,48,-0.032888466,0.00492113533973075
5,49,-0.015426629,-0.00698934476541054
5,50,0.043034725,-0.0125298285174358
5,51,-0.003403127,0.00989537859567002
5,52,0.013645989,-0.0343590000815432
5,53,-0.012219412,-0.0103689319506317
5,54,-0.018979079,-0.0327533646247808
5,55,0.001108852,-0.000527580119418492
5,56,-0.014297727,0.0146826403571253
5,57,-0.044899189,-0.0155135798379233
5,58,0.014912655,0.0147251622491063
5,59,-0.012992123,0.0182018139011275
5,60,0.00035387,0.0136229282168731
5,61,-0.005677006,-0.0154199852492144
5,62,0.032347213,-0.0269021618807509
5,63,-0.012451871,0.0375642388743872
5,64,-0.017314285,0.0015573022472036
5,65,0,0.0199524166819561
5,66,0.025514387,0.0237541462521765
5,67,0.004043236,-0.0031425124957864
5,68,-0.035017487,0.00204512165852746
5,69,-0.013624434,-0.0350255722815967
5,70,0.01091624,0.00928795770474137
5,71,-0.005959341,0.0385713549461897
5,72,0.029079822,-0.00396725627784882
5,73,0.004370107,-0.0375313291517807
5,74,-0.001806321,0.00180493210768565
5,75,0.023222473,0.00356277513621096
5,76,-0.000556094,0.00753247882984847
5,77,0.001282138,0.00779301254544432
5,78,0.00131629,0.00290246963865786
5,79,-0.003864245,-0.00344537934619643
5,80,-0.016201322,-0.00338660937251813
5,81,-0.002989922,0.0150764726715888
5,82,-0.016946193,-0.0123175695716145
5,83,0.002855218,0.00662042188222562
5,84,-0.002035951,-0.00502825532596572
5,85,-0.031508271,-0.00432252329720388
5,86,-0.010164425,-0.0111826463565149
5,87,-0.003245746,-0.00392183769876067
5,88,-0.004673293,0.00184006505581972
5,89,0.005344686,0.00691618767730057
5,90,0,-0.028906670479125
5,91,0.030850062,-0.00537968717777288
5,92,0.009368673,6.35221606569121e-05
5,93,0.0071781,-0.00797510946010509
5,94,0.000732597,-0.00542862603932205
5,95,0.015261854,0.00542310530464204
5,96,-0.000155215,-0.000964063376212753
5,97,0.001195446,0.00799651623510714
5,98,-0.029242932,-0.0183898029805509
5,99,0.005964074,0.0076547131541954
5,100,0.011351892,0.0112817606291988
5,101,-0.012902686,0.0081327466787439
5,102,0.022263616,-0.0275267652616915
5,103,0.008186429,-0.0117393126258117
5,104,0.011137931,-0.00508806624336015
5,105,-0.001049869,0.00224931538585109
5,106,-0.006946068,-0.0135359549058217
5,107,-0.004167314,0.000357023846658998
5,108,6.35e-05,0.0092718462277476
5,109,0.02178352,-0.0109374267134993
5,110,-0.004807873,0.00249746872188524
5,111,0.006032852,-0.00612429905157729
5,112,-0.001269391,-0.0111344800246331
5,113,-0.003710877,0.0013444806623048
5,114,0.005468066,-3.62364490692976e-05
5,115,-0.005985299,0.00235479826787332
5,116,-0.028583327,-0.0106903306176094
5,117,-0.00539328,0.00215820566466019
5,118,-0.004031704,-0.00260178434047845
5,119,0.000120447,0.00666403314102918
5,120,0.012118458,-0.00977691001797795
5,121,0.001481685,-0.0217369345717396
5,122,-0.017080409,-0.00647277567289506
5,123,-0.003669695,-0.00314319070665555
5,124,-0.004048532,-0.00537083680371647
5,125,-0.014618777,0.0128876038469633
5,126,0.003283982,-0.00455669490019116
5,127,-0.00771448,-0.0125899288200483
5,128,0.016450715,-0.00159699702764286
5,129,-0.014437883,-0.00333542087431995
5,130,0.029077658,-0.0110963015765789
5,131,0.009039912,-0.00804803062771852
6,1,0.002327644,0.000496570288604902
6,2,0.000429127,-0.00175327134467664
6,3,0.003729217,0.00966337286924654
6,4,0.0139103,0.00611445486558273
6,5,-0.000175654,0.00673584269978384
6,6,0.001711315,0.00272657927766063
6,7,0.004514325,-0.00131918874324759
6,8,0.00403337,0.00502182883123922
6,9,-0.00021737,0.00464662743797335
6,10,0.000452076,0.00318914273292773
6,11,0.007749057,-0.00440226201639099
6,12,0.005804795,0.0022808923239842
6,13,-0.000325895,0.00205828431800815
6,14,-0.005099485,-0.00081746979628526
6,15,0.00508233,-0.000786547418781758
6,16,0.007145391,0.00512804397408081
6,17,-0.005508385,0.00579471506222817
6,18,-0.001705629,-0.0061599484666963
6,19,0.000737463,-0.00418155490655758
6,20,0.005667142,0.00064022435387337
6,21,4.26e-05,0.006064085621227
6,22,-0.003278272,-0.00129023006719962
6,23,0.007386521,-0.00702290179445255
6,24,0.007896758,0.00428250043036511
6,25,0,0.006253166029944
6,26,0.001682879,0.00166463247774352
6,27,-0.005894051,0.000945442146974373
6,28,0.00336867,0.00115107829595747
6,29,0.006661623,0.00701160810629636
6,30,0.001765063,0.00246888410059528
6,31,0.000685109,-0.00736322995871018
6,32,0.011088384,-0.00191086136514673
6,33,0.000842168,0.00402149984097222
6,34,-0.01625795,0.00699907296008972
6,35,0.004511129,-0.00220715072292259
6,36,0.008026026,0.00474651944940042
6,37,-0.001019431,0.00341872294368939
6,38,0.002261236,-0.004232645366005
6,39,0.002792559,-0.00652469362414133
6,40,-0.023659567,-0.00530090547634511
6,41,0.006441938,0.00416606800935966
6,42,0.012860144,0.00586046506949017
6,43,-0.016787736,0.00159883292843975
6,44,0.0130352,-0.013937327271808
6,45,-0.024127171,-0.00166076229694086
6,46,-0.006608358,-0.00869564418391914
6,47,-0.032888466,0.0157664940531968
6,48,-0.015426629,-0.0013873897169309
6,49,0.043034725,-0.027373520762889
6,50,-0.003403127,-0.0139766340607703
6,51,0.013645989,-0.027114565177967
6,52,-0.012219412,0.00152117469746151
6,53,-0.018979079,0.0047112205406787
6,54,0.001108852,0.0129021743115095
6,55,-0.014297727,0.0280190535450552
6,56,-0.044899189,-0.0276883534612841
6,57,0.014912655,-0.0115142501821609
6,58,-0.012992123,0.00684228930272945
6,59,0.00035387,-0.0123393761166487
6,60,-0.005677006,0.00490717070773555
6,61,0.032347213,-0.00069671138711826
6,62,-0.012451871,0.0288128552052231
6,63,-0.017314285,0.0112324996381158
6,64,0,0.0130688229122689
6,65,0.025514387,0.0129497036195906
6,66,0.004043236,-0.00287460912631997
6,67,-0.035017487,0.0074823499723979
6,68,-0.013624434,-0.0324054825476377
6,69,0.01091624,-0.0113398212946796
6,70,-0.005959341,0.0213770752454988
6,71,0.029079822,-0.00673604260520302
6,72,0.004370107,-0.0387641287906917
6,73,-0.001806321,-0.0297137746219823
6,74,0.023222473,0.00648430159756288
6,75,-0.000556094,0.0250802261613993
6,76,0.001282138,0.0127428767408127
6,77,0.00131629,0.0170710472197071
6,78,-0.003864245,0.00698648236250425
6,79,-0.016201322,-0.00370299705334525
6,80,-0.002989922,0.000719857342011061
6,81,-0.016946193,-0.011271058256744
6,82,0.002855218,-0.0106495493480006
6,83,-0.002035951,-0.00954725408439902
6,84,-0.031508271,-0.0078728459872393
6,85,-0.010164425,-0.0187039862984014
6,86,-0.003245746,0.00219275463299762
6,87,-0.004673293,0.00573167247964337
6,88,0.005344686,0.00761062329694695
6,89,0,-0.00735731929924968
6,90,0.030850062,-0.0116689849174825
6,91,0.009368673,0.000286598787500793
6,92,0.0071781,0.0248253178562723
6,93,0.000732597,0.0122555981109753
6,94,0.015261854,0.0168832059396598
6,95,-0.000155215,0.012161869225218
6,96,0.001195446,0.016903740798065
6,97,-0.029242932,-0.0105264371793759
6,98,0.005964074,-0.00493761223602742
6,99,0.011351892,-0.00359926934034826
6,100,-0.012902686,0.00702313923560952
6,101,0.022263616,-0.0311924047758584
6,102,0.008186429,-0.0125621210505855
6,103,0.011137931,-0.00171542490969647
6,104,-0.001049869,0.0212969455618409
6,105,-0.006946068,0.0186111060697488
6,106,-0.004167314,0.000632885035120616
6,107,6.35e-05,0.0171339768398241
6,108,0.02178352,-0.00579196594191354
6,109,-0.004807873,-0.00870451060167983
6,110,0.006032852,-0.0166338562505354
6,111,-0.001269391,-0.00566335558424797
6,112,-0.003710877,0.0078919952185666
6,113,0.005468066,0.00831963380962313
6,114,-0.005985299,0.0104885384507399
6,115,-0.028583327,-0.0128077757626791
6,116,-0.00539328,-0.0090665377677898
6,117,-0.004031704,-0.00407980844293416
6,118,0.000120447,-0.00317238599061571
6,119,0.012118458,-0.00758778692831127
6,120,0.001481685,-0.00982358011079039
6,121,-0.017080409,-0.0104767069653111
6,122,-0.003669695,0.00718527036977196
6,123,-0.004048532,0.0204214894316239
6,124,-0.014618777,0.0106956515275382
6,125,0.003283982,-0.00544414697400761
6,126,-0.00771448,-0.0107657269140355
6,127,0.016450715,-0.0168938233922346
6,128,-0.014437883,0.00387067013799526
6,129,0.029077658,5.9782977196668e-05
6,130,0.009039912,-0.00761810981451189
6,131,0.013132363,0.0138843568074077
7,1,0.000429127,-0.00782833337794544
7,2,0.003729217,0.00304897620189906
7,3,0.0139103,0.0039553677425927
7,4,-0.000175654,0.0019093062131754
7,5,0.001711315,-0.00186206976533532
7,6,0.004514325,-0.00213157470540877
7,7,0.00403337,0.00535792178688117
7,8,-0.00021737,-0.00525837051458672
7,9,0.000452076,0.00149620881512886
7,10,0.007749057,-5.75416034671542e-05
7,11,0.005804795,0.000132529929838051
7,12,-0.000325895,-0.00382624215383458
7,13,-0.005099485,-0.00185592345954731
7,14,0.00508233,0.00103173891500281
7,15,0.007145391,-0.000152061752339908
7,16,-0.005508385,0.000684419985752898
7,17,-0.001705629,-0.00414761298805038
7,18,0.000737463,-0.00163317170847855
7,19,0.005667142,0.000481141374532999
7,20,4.26e-05,-0.00295486875376018
7,21,-0.003278272,-0.00181668706128022
7,22,0.007386521,-0.00198204901214486
7,23,0.007896758,0.000292539330147085
7,24,0,-0.00184335857423212
7,25,0.001682879,-0.00157516127568367
7,26,-0.005894051,0.00152384791687173
7,27,0.00336867,0.000810573673051785
7,28,0.006661623,-0.00178750114030734
7,29,0.001765063,0.0035798195702409
7,30,0.000685109,-0.0051147216453089
7,31,0.011088384,-0.00416662475925285
7,32,0.000842168,-0.00174818590047642
7,33,-0.01625795,7.0440486505223e-06
7,34,0.004511129,-0.00288904173314958
7,35,0.008026026,0.0068356480162257
7,36,-0.001019431,0.00203096758845567
7,37,0.002261236,-0.00848853635603027
7,38,0.002792559,-0.0115247871725552
7,39,-0.023659567,-0.00117631279607171
7,40,0.006441938,0.00213022359963472
7,41,0.012860144,0.00143955797134584
7,42,-0.016787736,0.0110219292703612
7,43,0.0130352,-0.0134656855422449
7,44,-0.024127171,-0.0192295002699125
7,45,-0.006608358,0.00449255985665398
7,46,-0.032888466,0.00495257922769029
7,47,-0.015426629,0.00515945280265123
7,48,0.043034725,-0.0167825770744065
7,49,-0.003403127,-1.42907401720974e-05
7,50,0.013645989,-0.0306469382755865
7,51,-0.012219412,-0.0242304314258566
7,52,-0.018979079,-0.0234042098961027
7,53,0.001108852,0.000389868077727304
7,54,-0.014297727,0.0297573347417919
7,55,-0.044899189,-0.00916456147521806
7,56,0.014912655,-0.00801984803793037
7,57,-0.012992123,0.00808368047553118
7,58,0.00035387,0.00199953275871913
7,59,-0.005677006,-0.0127635704743744
7,60,0.032347213,-0.0241456058846575
7,61,-0.012451871,0.0304976817868009
7,62,-0.017314285,0.00772428489811312
7,63,0,0.035470890863143
7,64,0.025514387,0.022602462920783
7,65,0.004043236,-0.0119209614826592
7,66,-0.035017487,-0.00259918697574628
7,67,-0.013624434,-0.0251976738011114
7,68,0.01091624,0.00548879286606556
7,69,-0.005959341,0.0236914896671163
7,70,0.029079822,-0.00384297660252439
7,71,0.004370107,-0.0394682676748322
7,72,-0.001806321,-0.0095347575215135
7,73,0.023222473,0.00135030586189763
7,74,-0.000556094,0.0228456888627845
7,75,0.001282138,0.00347586991912752
7,76,0.00131629,0.00156328877119979
7,77,-0.003864245,0.0191097828013139
7,78,-0.016201322,-0.004909393633094
7,79,-0.002989922,0.0132434832615897
7,80,-0.016946193,-0.00143610696965183
7,81,0.002855218,0.00338706855802789
7,82,-0.002035951,-0.00433184196388218
7,83,-0.031508271,-0.007946812216644
7,84,-0.010164425,-0.0107690336352341
7,85,-0.003245746,-0.00494231881676709
7,86,-0.004673293,0.0051515404631036
7,87,0.005344686,0.0104768287095111
7,88,0,-0.0276147664901854
7,89,0.030850062,-0.00871579566563104
7,90,0.009368673,0.00629303301105351
7,91,0.0071781,0.00431932132893733
7,92,0.000732597,-0.00403007605520554
7,93,0.015261854,0.011938470209918
7,94,-0.000155215,-0.0030725214080454
7,95,0.001195446,0.0089989308662018
7,96,-0.029242932,-0.00740852760965128
7,97,0.005964074,0.00989220991002405
7,98,0.011351892,0.00521396816655695
7,99,-0.012902686,0.0102951871437776
7,100,0.022263616,-0.0269152959989337
7,101,0.008186429,-0.0223219154897844
7,102,0.011137931,-0.00272630406846987
7,103,-0.001049869,0.00307943710771614
7,104,-0.006946068,0.00368551963802282
7,105,-0.004167314,0.00040860819815351
7,106,6.35e-05,0.00884130997555051
7,107,0.02178352,-0.004062205459656
7,108,-0.004807873,0.00187060517331016
7,109,0.006032852,-0.00513514834899556
7,110,-0.001269391,-0.0108875595961471
7,111,-0.003710877,0.00534334929875895
7,112,0.005468066,-0.0075695902598353
7,113,-0.005985299,0.00837347980526197
7,114,-0.028583327,-0.00346106368647663
7,115,-0.00539328,-0.00132639465907234
7,116,-0.004031704,0.00515232604074162
7,117,0.000120447,0.00513201887200296
7,118,0.012118458,-0.0113724161302624
7,119,0.001481685,-0.024365230949437
7,120,-0.017080409,-0.00839468279114802
7,121,-0.003669695,0.00405235036901243
7,122,-0.004048532,0.00432381375366819
7,123,-0.014618777,0.0102357025522883
7,124,0.003283982,-0.00315706861531048
7,125,-0.00771448,-0.012525049502441
7,126,0.016450715,-0.00197766362579509
7,127,-0.014437883,-0.000342783190428356
7,128,0.029077658,-0.00688809756452271
7,129,0.009039912,-0.00778357551175208
7,130,0.013132363,0.0106121849125694
7,131,-0.011537451,-0.0208125779123707
8,1,0.003729217,0.00218326814497631
8,2,0.0139103,0.00197795540088868
8,3,-0.000175654,0.00155762527019006
8,4,0.001711315,-0.0024305789353304
8,5,0.004514325,-0.00398885608458862
8,6,0.00403337,0.00396215183348295
8,7,-0.00021737,-0.00340153404437929
8,8,0.000452076,-0.000184550052668056
8,9,0.007749057,-0.00157488438070164
8,10,0.005804795,-0.000400743590890235
8,11,-0.000325895,-0.00365757519980792
8,12,-0.005099485,-0.00345910742659124
8,13,0.00508233,-0.000675340877954603
8,14,0.007145391,-7.18097979448863e-05
8,15,-0.005508385,0.00052636124913311
8,16,-0.001705629,-0.00544081502568557
8,17,0.000737463,-0.00213604144058785
8,18,0.005667142,0.000293384641091793
8,19,4.26e-05,-0.00248218193513611
8,20,-0.003278272,-0.00173706167855023
8,21,0.007386521,-0.0040481274048503
8,22,0.007896758,-0.000798788913638292
8,23,0,-0.00171177173467041
8,24,0.001682879,-0.0032805970639758
8,25,-0.005894051,-0.000778939889850007
8,26,0.00336867,0.000538864357361404
8,27,0.006661623,-0.0014331095539124
8,28,0.001765063,0.00187334156729324
8,29,0.000685109,-0.00605025753298154
8,30,0.011088384,-0.00373001713373842
8,31,0.000842168,-0.00227264975141339
8,32,-0.01625795,-0.000211073804955161
8,33,0.004511129,-0.00404702252620852
8,34,0.008026026,0.00437107604665045
8,35,-0.001019431,0.0029240608318546
8,36,0.002261236,-0.00869683742742635
8,37,0.002792559,-0.0111661481165676
8,38,-0.023659567,-0.0017991812931229
8,39,0.006441938,0.00471209108502934
8,40,0.012860144,-0.000431902131615499
8,41,-0.016787736,0.00881194597140212
8,42,0.0130352,-0.0129904047941614
8,43,-0.024127171,-0.0181067196769963
8,44,-0.006608358,0.00396115941243043
8,45,-0.032888466,0.00909948961772249
8,46,-0.015426629,0.00494035215636223
8,47,0.043034725,-0.0149535475151392
8,48,-0.003403127,0.00321836747121853
8,49,0.013645989,-0.0265209547639705
8,50,-0.012219412,-0.0203302370887219
8,51,-0.018979079,-0.0236122232134405
8,52,0.001108852,0.0121637823495796
8,53,-0.014297727,0.0282968502697495
8,54,-0.044899189,-0.00823284150557677
8,55,0.014912655,-0.0079778626854179
8,56,-0.012992123,0.00220972459009621
8,57,0.00035387,0.000232432055490032
8,58,-0.005677006,-0.00896641500957017
8,59,0.032347213,-0.0233492065471811
8,60,-0.012451871,0.0306832193323894
8,61,-0.017314285,0.0174648953705747
8,62,0,0.0322187485573079
8,63,0.025514387,0.0205100667461269
8,64,0.004043236,-0.00538060550912428
8,65,-0.035017487,-0.00288490601876217
8,66,-0.013624434,-0.0244160959335098
8,67,0.01091624,0.00465215288017712
8,68,-0.005959341,0.0141346435720322
8,69,0.029079822,-0.00398873943745635
8,70,0.004370107,-0.0376273394890598
8,71,-0.001806321,-0.00901800438254775
8,72,0.023222473,-0.00029166248194647
8,73,-0.000556094,0.0234973356310037
8,74,0.001282138,0.00517719882342177
8,75,0.00131629,-0.000330529529004687
8,76,-0.003864245,0.014929789033233
8,77,-0.016201322,-0.00216629566614734
8,78,-0.002989922,-0.00174926095443752
8,79,-0.016946193,-0.00258068442145569
8,80,0.002855218,0.00229058332208114
8,81,-0.002035951,-0.0115696433464236
8,82,-0.031508271,-0.0070682106795565
8,83,-0.010164425,-0.0116293870095816
8,84,-0.003245746,-0.00230732791074596
8,85,-0.004673293,0.00448016696955707
8,86,0.005344686,0.00973286302580791
8,87,0,-0.0257752919518995
8,88,0.030850062,-0.00868382238250801
8,89,0.009368673,0.0106893199949705
8,90,0.0071781,0.00418528954800697
8,91,0.000732597,-0.00634471825042577
8,92,0.015261854,0.00863813401806338
8,93,-0.000155215,0.000652429091408275
8,94,0.001195446,0.00818453555081021
8,95,-0.029242932,-0.00753930151264101
8,96,0.005964074,0.00731737651597205
8,97,0.011351892,-0.00814077622568305
8,98,-0.012902686,0.00913043550435972
8,99,0.022263616,-0.0251443613212163
8,100,0.008186429,-0.0212821840858807
8,101,0.011137931,-0.00207728317969509
8,102,-0.001049869,0.0088465124488306
8,103,-0.006946068,0.00259156608128755
8,104,-0.004167314,0.000963674841261262
8,105,6.35e-05,0.00997103838712288
8,106,0.02178352,-0.00274931554915621
8,107,-0.004807873,-0.000323957757193025
8,108,0.006032852,-0.0104911407733202
8,109,-0.001269391,-0.0112060850614024
8,110,-0.003710877,0.00405445135507295
8,111,0.005468066,-0.00463332216113718
8,112,-0.005985299,0.00682402729506529
8,113,-0.028583327,-0.00386740937914175
8,114,-0.00539328,-0.00293710463401328
8,115,-0.004031704,-0.00188949736425243
8,116,0.000120447,0.00484604420941348
8,117,0.012118458,-0.00974731570891735
8,118,0.001481685,-0.0227361029939301
8,119,-0.017080409,-0.00787292806001593
8,120,-0.003669695,0.00837216518192883
8,121,-0.004048532,0.00221780479167391
8,122,-0.014618777,0.00932559750376175
8,123,0.003283982,-0.00399840962887025
8,124,-0.00771448,-0.0118543548514261
8,125,0.016450715,-0.00279783919164094
8,126,-0.014437883,0.00150477019203622
8,127,0.029077658,-0.00622586843675275
8,128,0.009039912,-0.00907989802083914
8,129,0.013132363,0.0118942824382824
8,130,-0.011537451,-0.0183734164447874
8,131,0,0.00405089562761136
9,1,0.001711315,-0.000480334159585987
9,2,0.004514325,-0.00679180572730036
9,3,0.00403337,0.000846395986494636
9,4,-0.00021737,0.00337078244301613
9,5,0.000452076,-0.000346984592140862
9,6,0.007749057,-0.00571053901423281
9,7,0.005804795,0.00340034185297214
9,8,-0.000325895,-0.00109351383938177
9,9,-0.005099485,-0.00402045981181674
9,10,0.00508233,-0.000827799862734064
9,11,0.007145391,0.00479902228079136
9,12,-0.005508385,0.00334568782228005
9,13,-0.001705629,-0.00726042201904458
9,14,0.000737463,-0.00523931995204138
9,15,0.005667142,0.0043795820132697
9,16,4.26e-05,0.00198238234420738
9,17,-0.003278272,-0.00519985659027898
9,18,0.007386521,-0.00696654835109576
9,19,0.007896758,0.00363072233991882
9,20,0,0.00161068891734928
9,21,0.001682879,-0.00268002986226474
9,22,-0.005894051,-0.00317519730345582
9,23,0.00336867,0.00489161947334488
9,24,0.006661623,0.00390804794849795
9,25,0.001765063,-0.000817996435318628
9,26,0.000685109,-0.00748073859021512
9,27,0.011088384,-0.00405710576954495
9,28,0.000842168,0.000229354975969124
9,29,-0.01625795,0.00605487333907072
9,30,0.004511129,-0.00270762138620407
9,31,0.008026026,-0.00108089015321429
9,32,-0.001019431,0.00794576457458996
9,33,0.002261236,-0.00846439540128909
9,34,0.002792559,-0.0123415974421121
9,35,-0.023659567,0.00116093144759337
9,36,0.006441938,0.00612363147796802
9,37,0.012860144,-0.00175356487498824
9,38,-0.016787736,0.00480184796751546
9,39,0.0130352,-0.0126874241523572
9,40,-0.024127171,-0.0117218520482153
9,41,-0.006608358,0.00140794137946032
9,42,-0.032888466,0.00443050657409942
9,43,-0.015426629,-0.0063623363938939
9,44,0.043034725,-0.0154226487364126
9,45,-0.003403127,0.00480796372365511
9,46,0.013645989,-0.0294718902389806
9,47,-0.012219412,-0.0182888521100689
9,48,-0.018979079,-0.0254127615927745
9,49,0.001108852,0.0172992123401934
9,50,-0.014297727,0.0216236488090977
9,51,-0.044899189,-0.0346469970138743
9,52,0.014912655,-0.00646775124757499
9,53,-0.012992123,-0.00424804409807147
9,54,0.00035387,0.00576171628327735
9,55,-0.005677006,-0.0270476393607187
9,56,0.032347213,-0.0196646666202729
9,57,-0.012451871,0.0445182722235382
9,58,-0.017314285,0.00840469018322526
9,59,0,0.0251485112757034
9,60,0.025514387,0.0158284907875394
9,61,0.004043236,0.000735873171596579
9,62,-0.035017487,-0.00189071215017257
9,63,-0.013624434,-0.0312672135390584
9,64,0.01091624,-0.00125080853669269
9,65,-0.005959341,0.0111879096531626
9,66,0.029079822,-0.00835148046148505
9,67,0.004370107,-0.038795074553286
9,68,-0.001806321,-0.00970619084707646
9,69,0.023222473,-0.0102764310348065
9,70,-0.000556094,0.00939057155989885
9,71,0.001282138,0.00542091179468223
9,72,0.00131629,0.00467559178480835
9,73,-0.003864245,0.00371742086092328
9,74,-0.016201322,0.0066910043612888
9,75,-0.002989922,0.000174385028801139
9,76,-0.016946193,-0.00955651575935917
9,77,0.002855218,0.0064800856319346
9,78,-0.002035951,-0.012914820157707
9,79,-0.031508271,-0.00577258088626264
9,80,-0.010164425,-0.0127778771370124
9,81,-0.003245746,0.000746545647106398
9,82,-0.004673293,0.000405982890202945
9,83,0.005344686,-0.0002058787728337
9,84,0,-0.02018101146596
9,85,0.030850062,-0.00787664880272855
9,86,0.009368673,0.00230555639548742
9,87,0.0071781,0.00462165908550957
9,88,0.000732597,0.00216963820342545
9,89,0.015261854,-0.00354898328737031
9,90,-0.000155215,0.0078671208223766
9,91,0.001195446,0.0134754215277504
9,92,-0.029242932,-0.0129928528230917
9,93,0.005964074,-0.00185448360457137
9,94,0.011351892,0.000195057300439533
9,95,-0.012902686,0.00976484771265921
9,96,0.022263616,-0.0231070337647208
9,97,0.008186429,-0.0129727165802006
9,98,0.011137931,-0.00202346215980223
9,99,-0.001049869,0.00453405113798356
9,100,-0.006946068,-0.0103315421228529
9,101,-0.004167314,1.65238822808257e-05
9,102,6.35e-05,0.0143250429480342
9,103,0.02178352,-0.0038880195176681
9,104,-0.004807873,-0.00312793609714795
9,105,0.006032852,-0.010979309603334
9,106,-0.001269391,-0.0116043553661389
9,107,-0.003710877,-0.00212533073213172
9,108,0.005468066,0.00624027134306955
9,109,-0.005985299,0.00576113522228229
9,110,-0.028583327,-0.0102710380485551
9,111,-0.00539328,-0.00103722493915992
9,112,-0.004031704,-0.00329356714628236
9,113,0.000120447,0.00724825317968478
9,114,0.012118458,-0.0141592599178432
9,115,0.001481685,-0.0179680055174158
9,116,-0.017080409,-0.00709901832254993
9,117,-0.003669695,0.00279897875636388
9,118,-0.004048532,0.0027121360446115
9,119,-0.014618777,0.0154994985744578
9,120,0.003283982,-0.00471923790900938
9,121,-0.00771448,-0.0140507541423282
9,122,0.016450715,-0.00313699713981396
9,123,-0.014437883,-0.00735081277956158
9,124,0.029077658,-0.00432149649353789
9,125,0.009039912,-0.00480677321624786
9,126,0.013132363,0.0078710561158145
9,127,-0.011537451,-0.00852916835907142
9,128,0,-0.00342331268849114
9,129,0.006418033,-0.000126066595451989
9,130,0.020741297,0.0246322243870287
9,131,-0.00071333,-0.0101805631839183
10,1,0.004514325,-0.00975516762228483
10,2,0.00403337,0.00523937642700477
10,3,-0.00021737,0.00266584778277959
10,4,0.000452076,-0.00266738267633343
10,5,0.007749057,-0.00708718515355547
10,6,0.005804795,0.00349570081012379
10,7,-0.000325895,-0.00106974703217342
10,8,-0.005099485,-0.00614541829973215
10,9,0.00508233,-0.00220296445649511
10,10,0.007145391,0.00352918840337657
10,11,-0.005508385,0.0021452725147092
10,12,-0.001705629,-0.00893874552660892
10,13,0.000737463,-0.00602736075600226
10,14,0.005667142,0.00430431707397209
10,15,4.26e-05,0.00109862581568714
10,16,-0.003278272,-0.00747620601340662
10,17,0.007386521,-0.00847684803735924
10,18,0.007896758,0.00312447345807965
10,19,0,0.000426203895318064
10,20,0.001682879,-0.00611982378226667
10,21,-0.005894051,-0.00592699017629189
10,22,0.00336867,0.00367781431798542
10,23,0.006661623,0.00220251192068865
10,24,0.001765063,-0.00251670055442795
10,25,0.000685109,-0.0081037010415153
10,26,0.011088384,-0.00384807752977139
10,27,0.000842168,-0.000775769780645393
10,28,-0.01625795,0.00379663875652329
10,29,0.004511129,-0.0067257199896015
10,30,0.008026026,-0.000751480840545979
10,31,-0.001019431,0.00769318281842368
10,32,0.002261236,-0.00845006125530455
10,33,0.002792559,-0.0137177499125489
10,34,-0.023659567,0.00150016186001885
10,35,0.006441938,0.00535660051527693
10,36,0.012860144,-0.00639270874708733
10,37,-0.016787736,0.00264725574877385
10,38,0.0130352,-0.0111176994718668
10,39,-0.024127171,-0.0131365512092419
10,40,-0.006608358,0.00576675930225345
10,41,-0.032888466,0.0024926930825913
10,42,-0.015426629,0.000189258730840657
10,43,0.043034725,-0.0165918141542506
10,44,-0.003403127,0.0078970200141159
10,45,0.013645989,-0.0237414853011308
10,46,-0.012219412,0.00178689400981888
10,47,-0.018979079,-0.0154213984400238
10,48,0.001108852,0.00481405674686814
10,49,-0.014297727,0.0213764716157742
10,50,-0.044899189,-0.035463717488575
10,51,0.014912655,-0.00334273568580993
10,52,-0.012992123,0.00383939238930894
10,53,0.00035387,0.0122703549458502
10,54,-0.005677006,-0.0269953749966843
10,55,0.032347213,-0.0144373148253907
10,56,-0.012451871,0.0329816786575629
10,57,-0.017314285,0.00535400081114165
10,58,0,0.0150396791947139
10,59,0.025514387,0.0251550373680774
10,60,0.004043236,0.00227104413934446
10,61,-0.035017487,-0.00531627918842462
10,62,-0.013624434,-0.0347364213834734
10,63,0.01091624,0.0160224824258811
10,64,-0.005959341,0.0193170941632602
10,65,0.029079822,-0.00960553291782803
10,66,0.004370107,-0.0402379219594858
10,67,-0.001806321,0.0053021393485788
10,68,0.023222473,-0.00839131753061825
10,69,-0.000556094,0.0184104888593676
10,70,0.001282138,-0.00351339481531611
10,71,0.00131629,0.000650905844278417
10,72,-0.003864245,-0.00335638659000227
10,73,-0.016201322,0.00738535253845924
10,74,-0.002989922,0.00225396371947088
10,75,-0.016946193,-0.00998908948782058
10,76,0.002855218,0.00617868033785052
10,77,-0.002035951,-0.00945671280291753
10,78,-0.031508271,-0.00488043725171461
10,79,-0.010164425,-0.0121500120166724
10,80,-0.003245746,-0.00079636189590996
10,81,-0.004673293,0.00409696366510201
10,82,0.005344686,-0.00195366494106687
10,83,0,-0.0214099748500708
10,84,0.030850062,-0.00832864229427408
10,85,0.009368673,0.000630801446274641
10,86,0.0071781,-0.0017034664131297
10,87,0.000732597,-0.00960884564695537
10,88,0.015261854,0.0115478327789621
10,89,-0.000155215,0.00367949221701892
10,90,0.001195446,0.00934291233677156
10,91,-0.029242932,-0.0153105852568196
10,92,0.005964074,0.0061187415416239
10,93,0.011351892,0.0036147862530104
10,94,-0.012902686,0.0111624823443346
10,95,0.022263616,-0.0214577591918483
10,96,0.008186429,-0.0114583230688939
10,97,0.011137931,0.00343493573948325
10,98,-0.001049869,0.000822075266123373
10,99,-0.006946068,-0.00661159172804003
10,100,-0.004167314,-0.00528909452190018
10,101,6.35e-05,0.0157641308721834
10,102,0.02178352,-0.00466147946244811
10,103,-0.004807873,-0.00373938177881545
10,104,0.006032852,-0.00755357254426313
10,105,-0.001269391,-0.0100991001544153
10,106,-0.003710877,0.00934920201358438
10,107,0.005468066,0.00197514191595279
10,108,-0.005985299,0.00136351496703769
10,109,-0.028583327,-0.0113892604385965
10,110,-0.00539328,0.000531049493690627
10,111,-0.004031704,-0.00176938275723317
10,112,0.000120447,0.00755126518302515
10,113,0.012118458,-0.0123118533091718
10,114,0.001481685,-0.0177190203912028
10,115,-0.017080409,-0.00693646967201459
10,116,-0.003669695,-0.00056768790709918
10,117,-0.004048532,-0.000863535696124376
10,118,-0.014618777,0.0101227802622464
10,119,0.003283982,-0.00652312486523551
10,120,-0.00771448,-0.0145672539065294
10,121,0.016450715,-0.00200322626059947
10,122,-0.014437883,-0.00593139475766441
10,123,0.029077658,-0.00580978655367508
10,124,0.009039912,-0.0105017413513748
10,125,0.013132363,0.0132354209121873
10,126,-0.011537451,-0.0176870116890357
10,127,0,0.00294645025204838
10,128,0.006418033,-0.0042300039170871
10,129,0.020741297,0.025134102343275
10,130,-0.00071333,-0.0110942010477499
10,131,0.00353491,-0.00738797777041451
11,1,0.00403337,-0.000770691625791509
11,2,-0.00021737,0.00398710044505526
11,3,0.000452076,0.000792012335824883
11,4,0.007749057,-0.00661900769045637
11,5,0.005804795,0.00318946726312134
11,6,-0.000325895,-0.000274912401427118
11,7,-0.005099485,-0.00379079476577035
11,8,0.00508233,-0.00134085756395648
11,9,0.007145391,0.00494116413726147
11,10,-0.005508385,0.00405147387199746
11,11,-0.001705629,-0.00730516140874281
11,12,0.000737463,-0.00529253891217904
11,13,0.005667142,0.00356380109914214
11,14,4.26e-05,0.00288051058343724
11,15,-0.003278272,-0.00477562735017844
11,16,0.007386521,-0.00802868169477699
11,17,0.007896758,0.00387565182073225
11,18,0,0.002362484264999
11,19,0.001682879,-0.00233259557950998
11,20,-0.005894051,-0.00380985167447338
11,21,0.00336867,0.00398237693283684
11,22,0.006661623,0.00500134526770209
11,23,0.001765063,-0.000481027725842846
11,24,0.000685109,-0.00832967301222907
11,25,0.011088384,-0.00332269348509466
11,26,0.000842168,7.3164248513489e-05
11,27,-0.01625795,0.00681392753740771
11,28,0.004511129,-0.00234224651602898
11,29,0.008026026,-0.00259971945793268
11,30,-0.001019431,0.00657955528290106
11,31,0.002261236,-0.00745444628100709
11,32,0.002792559,-0.0127008038048539
11,33,-0.023659567,-0.00123710686869469
11,34,0.006441938,0.00780988499547621
11,35,0.012860144,-0.000951054290850128
11,36,-0.016787736,0.00186463069702806
11,37,0.0130352,-0.0123562410398477
11,38,-0.024127171,-0.0109597673817798
11,39,-0.006608358,-0.00254478121194433
11,40,-0.032888466,0.00699311287542251
11,41,-0.015426629,-0.00159650233574134
11,42,0.043034725,-0.0203131716567213
11,43,-0.003403127,0.00465096024065883
11,44,0.013645989,-0.0297012845939226
11,45,-0.012219412,0.00409621099505299
11,46,-0.018979079,-0.0301860011205737
11,47,0.001108852,0.0176466860374539
11,48,-0.014297727,0.0290880017326452
11,49,-0.044899189,-0.0399213469414863
11,50,0.014912655,-0.00700071915905444
11,51,-0.012992123,-0.00486768387820975
11,52,0.00035387,0.00489272550074383
11,53,-0.005677006,-0.0267651973183969
11,54,0.032347213,-0.0200138207173679
11,55,-0.012451871,0.0413532048216908
11,56,-0.017314285,0.01269634791564
11,57,0,0.0171455728383725
11,58,0.025514387,0.0110917655392174
11,59,0.004043236,0.0024175439809407
11,60,-0.035017487,0.000804197814183924
11,61,-0.013624434,-0.0351096521239364
11,62,0.01091624,-0.00437599120881552
11,63,-0.005959341,0.0169158206340471
11,64,0.029079822,-0.00478438557167249
11,65,0.004370107,-0.0417834721986754
11,66,-0.001806321,-0.0160326993649441
11,67,0.023222473,-0.00868819659977672
11,68,-0.000556094,0.00818141872230196
11,69,0.001282138,0.00283977174550009
11,70,0.00131629,0.0093341735460854
11,71,-0.003864245,0.00567064397765626
11,72,-0.016201322,0.00507504702648391
11,73,-0.002989922,0.00309737636238987
11,74,-0.016946193,-0.01093098073718
11,75,0.002855218,0.00232272703276902
11,76,-0.002035951,-0.0122544515346124
11,77,-0.031508271,-0.00672820403942544
11,78,-0.010164425,-0.0139510869668116
11,79,-0.003245746,0.00207246549477941
11,80,-0.004673293,0.00370965951183294
11,81,0.005344686,0.00115052535586608
11,82,0,-0.0196469346912795
11,83,0.030850062,-0.0111389105633797
11,84,0.009368673,0.00336133326416911
11,85,0.0071781,0.00644446610545824
11,86,0.000732597,0.00168992765144697
11,87,0.015261854,-0.00591040097010353
11,88,-0.000155215,0.00666533376772008
11,89,0.001195446,0.0156207707025451
11,90,-0.029242932,-0.0137364673119631
11,91,0.005964074,-0.00389464918834719
11,92,0.011351892,0.000941643262278209
11,93,-0.012902686,0.00945411059764231
11,94,0.022263616,-0.0240833125334338
11,95,0.008186429,-0.0116461421857035
11,96,0.011137931,-0.0050658090050705
11,97,-0.001049869,0.00733870896040517
11,98,-0.006946068,-0.0123407042594626
11,99,-0.004167314,-0.00334653117374482
11,100,6.35e-05,0.0158655999503632
11,101,0.02178352,-0.00291872769483759
11,102,-0.004807873,-0.00524867311259906
11,103,0.006032852,-0.0109855752939052
11,104,-0.001269391,-0.00988039650457319
11,105,-0.003710877,-0.00371495640217411
11,106,0.005468066,0.00654536071590579
11,107,-0.005985299,0.00768726508852536
11,108,-0.028583327,-0.0127561131428483
11,109,-0.00539328,1.70663142698476e-05
11,110,-0.004031704,-0.00241834915793537
11,111,0.000120447,0.00505282431378626
11,112,0.012118458,-0.0135973510959679
11,113,0.001481685,-0.018716432152153
11,114,-0.017080409,-0.00931288930576885
11,115,-0.003669695,0.00408912797570046
11,116,-0.004048532,0.00262790107640441
11,117,-0.014618777,0.0157607001314886
11,118,0.003283982,-0.00388045528148926
11,119,-0.00771448,-0.0151526549222526
11,120,0.016450715,-0.00686061688596971
11,121,-0.014437883,-0.00645506424767203
11,122,0.029077658,-0.00261513206871948
11,123,0.009039912,-0.00621445548142224
11,124,0.013132363,0.00825708882282045
11,125,-0.011537451,-0.0119876677575401
11,126,0,-0.00418910880375647
11,127,0.006418033,-0.00246046489750116
11,128,0.020741297,0.0247447229660966
11,129,-0.00071333,-0.0096941511858104
11,130,0.00353491,-0.00841897405948262
11,131,-0.000364488,-0.0105741589001509
12,1,-0.00021737,0.000394917920507009
12,2,0.000452076,-0.000836036725744949
12,3,0.007749057,-0.0046611323738803
12,4,0.005804795,0.00189129517756009
12,5,-0.000325895,-0.00407241447948344
12,6,-0.005099485,-0.00388003787326526
12,7,0.00508233,-2.17636789901126e-05
12,8,0.007145391,0.0036142321887905
12,9,-0.005508385,0.00173878734091942
12,10,-0.001705629,-0.00757891528261939
12,11,0.000737463,-0.00424787300847365
12,12,0.005667142,0.0024844112868653
12,13,4.26e-05,-0.00120845827750929
12,14,-0.003278272,-0.00505611134909212
12,15,0.007386521,-0.00584249385161594
12,16,0.007896758,0.00184866023163979
12,17,0,-0.000357299616059769
12,18,0.001682879,-0.00227588989914949
12,19,-0.005894051,-0.00185644687254096
12,20,0.00336867,0.00490399454990077
12,21,0.006661623,0.00152401086840121
12,22,0.001765063,-0.000471444336034821
12,23,0.000685109,-0.00763921827077851
12,24,0.011088384,-0.00510916884012217
12,25,0.000842168,-0.000704519780123163
12,26,-0.01625795,0.00509085097964915
12,27,0.004511129,-0.00331023159399359
12,28,0.008026026,-0.000616290522580793
12,29,-0.001019431,0.00532807847554545
12,30,0.002261236,-0.0118879660714492
12,31,0.002792559,-0.010757781698118
12,32,-0.023659567,0.00128021229627252
12,33,0.006441938,-0.000273120657853647
12,34,0.012860144,-0.00145782159294172
12,35,-0.016787736,0.00543725154917921
12,36,0.0130352,-0.0164177601900781
12,37,-0.024127171,-0.0115569928040608
12,38,-0.006608358,0.000179547452400043
12,39,-0.032888466,-0.000623861594437948
12,40,-0.015426629,-0.00202734342536287
12,41,0.043034725,-0.0171778425711262
12,42,-0.003403127,-0.00178265339695156
12,43,0.013645989,-0.0294882616839081
12,44,-0.012219412,0.000284107677454568
12,45,-0.018979079,-0.0385797270492814
12,46,0.001108852,0.0258403343442082
12,47,-0.014297727,0.0244611642905964
12,48,-0.044899189,-0.0418216397651542
12,49,0.014912655,-0.00639945704573098
12,50,-0.012992123,0.011695540377844
12,51,0.00035387,0.00473019098499848
12,52,-0.005677006,-0.039268482376504
12,53,0.032347213,-0.0145646042310534
12,54,-0.012451871,0.0469417323280213
12,55,-0.017314285,0.00721836417297087
12,56,0,0.0163552356847498
12,57,0.025514387,0.0207830532162611
12,58,0.004043236,-0.00276862014466343
12,59,-0.035017487,-0.00111341549629793
12,60,-0.013624434,-0.0287583722176125
12,61,0.01091624,-0.00564153905084003
12,62,-0.005959341,0.0268055077051394
12,63,0.029079822,-0.00816137137523854
12,64,0.004370107,-0.0391388124539734
12,65,-0.001806321,-0.0108980265668397
12,66,0.023222473,-0.00757039883856124
12,67,-0.000556094,-0.000704301292626646
12,68,0.001282138,0.00830256806822206
12,69,0.00131629,0.0086027500233575
12,70,-0.003864245,0.0065121122214211
12,71,-0.016201322,0.00570125761437183
12,72,-0.002989922,0.00900887408819425
12,73,-0.016946193,-0.00775766410965614
12,74,0.002855218,0.00178847303385777
12,75,-0.002035951,-0.010780345485938
12,76,-0.031508271,-0.00599712500113172
12,77,-0.010164425,-0.014906843011809
12,78,-0.003245746,-9.52724884889858e-06
12,79,-0.004673293,0.00547002426861106
12,80,0.005344686,0.0018700136039299
12,81,0,-0.018457123183444
12,82,0.030850062,-0.00406378654106888
12,83,0.009368673,-0.0011154266792757
12,84,0.0071781,0.00619962455534898
12,85,0.000732597,0.00751050824964127
12,86,0.015261854,-0.0089446184490678
12,87,-0.000155215,0.00766517494095774
12,88,0.001195446,0.0135516354840134
12,89,-0.029242932,-0.0103929923251006
12,90,0.005964074,-0.00414295540070723
12,91,0.011351892,0.0112077789960341
12,92,-0.012902686,0.00560009250305685
12,93,0.022263616,-0.0253766532085391
12,94,0.008186429,-0.0107377817179255
12,95,0.011137931,-0.00518650077110763
12,96,-0.001049869,0.00126621248814529
12,97,-0.006946068,-0.014896751554205
12,98,-0.004167314,0.00306603606585014
12,99,6.35e-05,0.00934117836293612
12,100,0.02178352,-0.00149144291818029
12,101,-0.004807873,-0.00423361204114496
12,102,0.006032852,-0.00681347094380126
12,103,-0.001269391,-0.0115621985960887
12,104,-0.003710877,-0.0100563233558076
12,105,0.005468066,0.00455272194259844
12,106,-0.005985299,0.00731841419838084
12,107,-0.028583327,-0.00970756911791397
12,108,-0.00539328,-0.00202783769733977
12,109,-0.004031704,0.000910742941481215
12,110,0.000120447,0.00537535183075313
12,111,0.012118458,-0.0189995499471765
12,112,0.001481685,-0.0168023179744399
12,113,-0.017080409,-0.00660375943864497
12,114,-0.003669695,-0.00170062752095123
12,115,-0.004048532,0.00396303740358527
12,116,-0.014618777,0.0222912633385777
12,117,0.003283982,-0.00582814661458981
12,118,-0.00771448,-0.0131239061180905
12,119,0.016450715,-0.0054282923490883
12,120,-0.014437883,-0.0150225541818716
12,121,0.029077658,-0.00265531206818554
12,122,0.009039912,-0.00179625360213696
12,123,0.013132363,0.00639991508057253
12,124,-0.011537451,-0.0122129090284975
12,125,0,-0.0061607346569323
12,126,0.006418033,0.000494750429703747
12,127,0.020741297,0.0218658218565619
12,128,-0.00071333,-0.00724525814089393
12,129,0.00353491,-0.00639632409849077
12,130,-0.000364488,0.00126888443500553
12,131,0.000826575,-0.00520269988084149
13,1,0.000452076,-0.000552379354671389
13,2,0.007749057,-0.0066205774396312
13,3,0.005804795,0.00576344492506218
13,4,-0.000325895,0.000393245307463289
13,5,-0.005099485,-0.00475245113013233
13,6,0.00508233,-0.0025054769665363
13,7,0.007145391,0.00387797715570541
13,8,-0.005508385,0.00415002412418393
13,9,-0.001705629,-0.00601270908139018
13,10,0.000737463,-0.00494790517909601
13,11,0.005667142,0.00438349335220138
13,12,4.26e-05,0.00442822490617003
13,13,-0.003278272,-0.00566583917259944
13,14,0.007386521,-0.00692313577227018
13,15,0.007896758,0.00470216264546805
13,16,0,0.0013959468007649
13,17,0.001682879,-0.00388763873173504
13,18,-0.005894051,-0.00618191608002284
13,19,0.00336867,0.00336134481227186
13,20,0.006661623,0.00415568934127956
13,21,0.001765063,-0.0015357086029177
13,22,0.000685109,-0.00453597870891923
13,23,0.011088384,-0.00200560028287017
13,24,0.000842168,-0.00165776488773344
13,25,-0.01625795,0.0050920831319098
13,26,0.004511129,-0.0056568798966669
13,27,0.008026026,-0.000498961962812245
13,28,-0.001019431,0.00539907349334355
13,29,0.002261236,-0.00263237013109755
13,30,0.002792559,-0.0129021446792009
13,31,-0.023659567,0.00110360878943909
13,32,0.006441938,0.00907664776261628
13,33,0.012860144,-0.00693045107527626
13,34,-0.016787736,-0.000323015679001047
13,35,0.0130352,-0.00446474190751132
13,36,-0.024127171,-0.0136362102926609
13,37,-0.006608358,-0.00148795136822286
13,38,-0.032888466,0.00681552225387091
13,39,-0.015426629,-0.0150252424262259
13,40,0.043034725,-0.00841846430027664
13,41,-0.003403127,0.0102906418475366
13,42,0.013645989,-0.0272571587005775
13,43,-0.012219412,-0.0263469307227348
13,44,-0.018979079,-0.0342184392745155
13,45,0.001108852,0.00170405466155467
13,46,-0.014297727,0.0141435294608483
13,47,-0.044899189,-0.0197244990477972
13,48,0.014912655,0.0157314585503878
13,49,-0.012992123,0.01405509503447
13,50,0.00035387,0.00413543473181906
13,51,-0.005677006,-0.0146137603981698
13,52,0.032347213,-0.0340586581355825
13,53,-0.012451871,0.0484426116788925
13,54,-0.017314285,0.0134528237192205
13,55,0,0.0312272158927463
13,56,0.025514387,0.0141701733737863
13,57,0.004043236,0.00152410284627142
13,58,-0.035017487,0.00301756067743463
13,59,-0.013624434,-0.035669796382222
13,60,0.01091624,0.012378228156253
13,61,-0.005959341,0.0195611278675552
13,62,0.029079822,-0.00400995112900587
13,63,0.004370107,-0.0337710794066819
13,64,-0.001806321,0.00149244156878078
13,65,0.023222473,0.000860402496765156
13,66,-0.000556094,0.0145885736200782
13,67,0.001282138,0.00165456787676328
13,68,0.00131629,0.000271359434601524
13,69,-0.003864245,-0.0110654970214137
13,70,-0.016201322,0.00476366269995312
13,71,-0.002989922,0.00674966896878328
13,72,-0.016946193,-0.0100255305668177
13,73,0.002855218,0.00958931376725794
13,74,-0.002035951,-0.00440868454510063
13,75,-0.031508271,-0.00563178896811514
13,76,-0.010164425,-0.00820203521590132
13,77,-0.003245746,-0.000249397821986453
13,78,-0.004673293,-0.00749391522569305
13,79,0.005344686,0.00135393340948881
13,80,0,-0.0266656765612565
13,81,0.030850062,-0.00870321540694323
13,82,0.009368673,0.00604365952842215
13,83,0.0071781,-0.00780988354579314
13,84,0.000732597,-0.0104165934973308
13,85,0.015261854,0.00245633668022971
13,86,-0.000155215,0.00235234457463272
13,87,0.001195446,0.0120336925443234
13,88,-0.029242932,-0.0165217197347443
13,89,0.005964074,0.00985738275096451
13,90,0.011351892,0.00458406690605423
13,91,-0.012902686,0.00726319665342412
13,92,0.022263616,-0.0153493263529378
13,93,0.008186429,-0.00922508507167513
13,94,0.011137931,-0.00338421769096802
13,95,-0.001049869,0.00551597046663748
13,96,-0.006946068,-0.0144987231441403
13,97,-0.004167314,-0.00604723564172186
13,98,6.35e-05,0.0185371943509453
13,99,0.02178352,-0.00744810947219056
13,100,-0.004807873,0.00707322718887641
13,101,0.006032852,-0.00585312051087354
13,102,-0.001269391,-0.0115743111616894
13,103,-0.003710877,0.00654231205730012
13,104,0.005468066,0.00411667147124814
13,105,-0.005985299,0.0031394997790407
13,106,-0.028583327,-0.0088804870698976
13,107,-0.00539328,0.00535780146837914
13,108,-0.004031704,-0.0044705147995585
13,109,0.000120447,0.00285412490968671
13,110,0.012118458,-0.00397875601018358
13,111,0.001481685,-0.0176585123544189
13,112,-0.017080409,-0.00587309368111763
13,113,-0.003669695,0.00311789766733372
13,114,-0.004048532,-0.00668083225016476
13,115,-0.014618777,0.00520584961652901
13,116,0.003283982,-0.000608702200874261
13,117,-0.00771448,-0.0102063539344714
13,118,0.016450715,-0.00103904496138107
13,119,-0.014437883,0.000995817425237524
13,120,0.029077658,-0.0117981060272651
13,121,0.009039912,-0.0104043172266245
13,122,0.013132363,0.00705036128037168
13,123,-0.011537451,-0.0106992170756624
13,124,0,0.00532253552108986
13,125,0.006418033,-0.00658956467276754
13,126,0.020741297,0.0246511685890506
13,127,-0.00071333,-0.0126704979775803
13,128,0.00353491,0.00298065966908974
13,129,-0.000364488,-0.0167427793536172
13,130,0.000826575,0.0140040474225203
13,131,0.015095292,0.00477971650372725
14,1,0.007749057,-0.00773785978493555
14,2,0.005804795,-0.00360848525808811
14,3,-0.000325895,-0.00809696050379058
14,4,-0.005099485,-0.00692874360356851
14,5,0.00508233,-0.00459255057065777
14,6,0.007145391,-0.000281022254679651
14,7,-0.005508385,-0.000997539415831608
14,8,-0.001705629,-0.00892713015458979
14,9,0.000737463,-0.0089657053628008
14,10,0.005667142,-0.00179238121440874
14,11,4.26e-05,-0.00239171833611802
14,12,-0.003278272,-0.00514612102664597
14,13,0.007386521,-0.00700770326127398
14,14,0.007896758,-0.00255025193174036
14,15,0,-0.000919527250953556
14,16,0.001682879,-0.00384796270579562
14,17,-0.005894051,-0.00579782433882893
14,18,0.00336867,0.00168067080813732
14,19,0.006661623,-0.00159217957737713
14,20,0.001765063,-0.00214756592441254
14,21,0.000685109,-0.00820941469890847
14,22,0.011088384,-0.0102743658395515
14,23,0.000842168,-0.00363535064721203
14,24,-0.01625795,0.00254846802591601
14,25,0.004511129,-0.00371653683217625
14,26,0.008026026,0.000128281542362472
14,27,-0.001019431,0.00326888658262065
14,28,0.002261236,-0.0122685277553865
14,29,0.002792559,-0.0148622080700723
14,30,-0.023659567,-0.000375705201014991
14,31,0.006441938,-0.00263355286798228
14,32,0.012860144,0.00205761922241678
14,33,-0.016787736,0.0148611272997778
14,34,0.0130352,-0.0141244209471669
14,35,-0.024127171,-0.0168454910293571
14,36,-0.006608358,0.00904973142835075
14,37,-0.032888466,-4.43186178292476e-05
14,38,-0.015426629,0.0172375583325786
14,39,0.043034725,-0.000409470836450045
14,40,-0.003403127,-0.00994482224071098
14,41,0.013645989,-0.00952681350068519
14,42,-0.012219412,0.000635250973140725
14,43,-0.018979079,0.00464957654430528
14,44,0.001108852,0.0193304247265989
14,45,-0.014297727,0.0386724557236135
14,46,-0.044899189,0.000386840254695603
14,47,0.014912655,-0.0120754422407458
14,48,-0.012992123,0.0210905527874318
14,49,0.00035387,0.00716114480779096
14,50,-0.005677006,-0.0214775017176843
14,51,0.032347213,0.0112311357632475
14,52,-0.012451871,0.0188713611254669
14,53,-0.017314285,0.0129687284259412
14,54,0,0.0148405740700139
14,55,0.025514387,0.0472213355353102
14,56,0.004043236,-0.00694868162384661
14,57,-0.035017487,-0.00315822637800946
14,58,-0.013624434,-0.0270948270615194
14,59,0.01091624,0.00568517188557433
14,60,-0.005959341,0.0231771679394406
14,61,0.029079822,0.014328555247393
14,62,0.004370107,-0.0368215721085282
14,63,-0.001806321,-0.00865279287404262
14,64,0.023222473,-0.00295248917870197
14,65,-0.000556094,-0.00320323990285636
14,66,0.001282138,0.0262535412229198
14,67,0.00131629,-0.00516370503716236
14,68,-0.003864245,-0.00371161548965147
14,69,-0.016201322,0.00168783860751489
14,70,-0.002989922,0.00133093120384157
14,71,-0.016946193,-0.00946914166574914
14,72,0.002855218,-0.000551534545339161
14,73,-0.002035951,-0.0156579371684651
14,74,-0.031508271,-0.00476527902462113
14,75,-0.010164425,-0.00955460111627688
14,76,-0.003245746,-0.00115279150178155
14,77,-0.004673293,0.022818461740141
14,78,0.005344686,0.012574030945837
14,79,0,-0.00893106826486872
14,80,0.030850062,0.00450736086751515
14,81,0.009368673,0.000101746478371205
14,82,0.0071781,0.0141739644405998
14,83,0.000732597,-0.0026517016994153
14,84,0.015261854,0.00597460750484442
14,85,-0.000155215,0.00684413041405926
14,86,0.001195446,0.00473127585538521
14,87,-0.029242932,-0.0145944125248054
14,88,0.005964074,-0.00637109386125004
14,89,0.011351892,0.00959951621417374
14,90,-0.012902686,-0.00391045552493882
14,91,0.022263616,-0.0204154545724562
14,92,0.008186429,-0.0189598639682846
14,93,0.011137931,-0.00291613646884685
14,94,-0.001049869,-0.000282922328510102
14,95,-0.006946068,0.0156575548813323
14,96,-0.004167314,0.00355058952584212
14,97,6.35e-05,0.00324262805084642
14,98,0.02178352,0.00108544562905271
14,99,-0.004807873,-0.00567046775649053
14,100,0.006032852,-0.0163374941980642
14,101,-0.001269391,-0.0143327361755853
14,102,-0.003710877,0.00131056591304692
14,103,0.005468066,0.00900096488540386
14,104,-0.005985299,0.00276670106125933
14,105,-0.028583327,-0.00699655514643714
14,106,-0.00539328,-0.00811637089790637
14,107,-0.004031704,-0.00907161731778861
14,108,0.000120447,0.00937234333433947
14,109,0.012118458,-0.014716362445952
14,110,0.001481685,-0.015197000381011
14,111,-0.017080409,-0.00241898486596955
14,112,-0.003669695,0.000364162220707053
14,113,-0.004048532,0.0298885616651638
14,114,-0.014618777,0.0367422627954263
14,115,0.003283982,-0.00178026656057237
14,116,-0.00771448,-0.0125477705488903
14,117,0.016450715,-0.00335717142755689
14,118,-0.014437883,-0.0128524476027214
14,119,0.029077658,0.00873284688206156
14,120,0.009039912,-0.0017740234733285
14,121,0.013132363,0.0147838141291117
14,122,-0.011537451,-0.00807518904608337
14,123,0,0.00369844690107438
14,124,0.006418033,0.0046676401427941
14,125,0.020741297,0.019094247740501
14,126,-0.00071333,-0.0118051052547847
14,127,0.00353491,-0.0146147486183531
14,128,-0.000364488,0.00237712850284131
14,129,0.000826575,0.0026641948536903
14,130,0.015095292,0.00537821200394588
14,131,-0.002567373,0.000523074535557163
15,1,-0.000325895,-0.00457142807258656
15,2,-0.005099485,-0.00432428653527248
15,3,0.00508233,-0.00271250072735973
15,4,0.007145391,0.00245111594789892
15,5,-0.005508385,0.00139651402022724
15,6,-0.001705629,-0.00721821231359609
15,7,0.000737463,-0.00528506056822726
15,8,0.005667142,0.00023109323673583
15,9,4.26e-05,-0.00111187513621656
15,10,-0.003278272,-0.0051987645738913
15,11,0.007386521,-0.00620346501094923
15,12,0.007896758,0.00047863819583907
15,13,0,-0.000881108478678418
15,14,0.001682879,-0.00235730056855036
15,15,-0.005894051,-0.00419308952873376
15,16,0.00336867,0.00223608197839136
15,17,0.006661623,0.00101494809059231
15,18,0.001765063,-0.000829918491398567
15,19,0.000685109,-0.00712708786012342
15,20,0.011088384,-0.00617087907697135
15,21,0.000842168,-0.00253749431658584
15,22,-0.01625795,0.00423363017321907
15,23,0.004511129,-0.00382890875475422
15,24,0.008026026,-0.00167490969826818
15,25,-0.001019431,0.00496175815925939
15,26,0.002261236,-0.0104527212436436
15,27,0.002792559,-0.0116917599893013
15,28,-0.023659567,-0.00144017387203998
15,29,0.006441938,-0.000831050153695405
15,30,0.012860144,-0.00206978522040917
15,31,-0.016787736,0.00541926670966599
15,32,0.0130352,-0.0142071724739391
15,33,-0.024127171,-0.0134461343051706
15,34,-0.006608358,-0.000443618403655754
15,35,-0.032888466,0.000180565061503409
15,36,-0.015426629,-0.0023848803181723
15,37,0.043034725,-0.013580540275676
15,38,-0.003403127,-0.00182424870636539
15,39,0.013645989,-0.026271305019667
15,40,-0.012219412,0.00934974290068071
15,41,-0.018979079,-0.0146082200451987
15,42,0.001108852,0.0218337706134994
15,43,-0.014297727,0.0265865961597586
15,44,-0.044899189,-0.035902145093191
15,45,0.014912655,-0.00484953438339856
15,46,-0.012992123,0.00477405069780814
15,47,0.00035387,0.00555511366380088
15,48,-0.005677006,-0.0349315696119597
15,49,0.032347213,-0.0147942733242725
15,50,-0.012451871,0.0418691172507631
15,51,-0.017314285,0.00589087614421809
15,52,0,0.0168041082360602
15,53,0.025514387,0.0264662802814996
15,54,0.004043236,-0.00209776461773
15,55,-0.035017487,0.000264739189842524
15,56,-0.013624434,-0.0286304930556001
15,57,0.01091624,-0.00201316479523289
15,58,-0.005959341,0.0226330749321567
15,59,0.029079822,-0.00413358810304292
15,60,0.004370107,-0.0364980684139534
15,61,-0.001806321,-0.000266144631126763
15,62,0.023222473,-0.00974885873682541
15,63,-0.000556094,0.00677042961465193
15,64,0.001282138,0.00880906092658627
15,65,0.00131629,0.00810154568900508
15,66,-0.003864245,-0.011315043862723
15,67,-0.016201322,0.00568796620262712
15,68,-0.002989922,0.00557403429323172
15,69,-0.016946193,-0.00782853197067576
15,70,0.002855218,0.00184283240916562
15,71,-0.002035951,-0.0110253945498784
15,72,-0.031508271,-0.00619568329402528
15,73,-0.010164425,-0.0137591264401855
15,74,-0.003245746,-0.00159146106500798
15,75,-0.004673293,0.00518115314651097
15,76,0.005344686,0.00403409838227425
15,77,0,-0.0179588104847904
15,78,0.030850062,-0.000204340183345861
15,79,0.009368673,-0.00196549289611851
15,80,0.0071781,0.00790886759230449
15,81,0.000732597,0.00661600553964144
15,82,0.015261854,-0.00266700488937837
15,83,-0.000155215,0.00568072737003273
15,84,0.001195446,0.0116480211427348
15,85,-0.029242932,-0.0102610317782136
15,86,0.005964074,-0.00406330494620239
15,87,0.011351892,0.00751161589605002
15,88,-0.012902686,0.00522485048845383
15,89,0.022263616,-0.0222249230137506
15,90,0.008186429,-0.0123431694041364
15,91,0.011137931,-0.00538741899760025
15,92,-0.001049869,0.00141069020356382
15,93,-0.006946068,-0.0117375847878507
15,94,-0.004167314,0.00168570525103123
15,95,6.35e-05,0.00788603195722035
15,96,0.02178352,-0.00148849217147475
15,97,-0.004807873,-0.00323862140562388
15,98,0.006032852,-0.00833585721921639
15,99,-0.001269391,-0.0124218492095738
15,100,-0.003710877,-0.00626589274093867
15,101,0.005468066,0.0046126954160528
15,102,-0.005985299,0.00626589577034508
15,103,-0.028583327,-0.00905105336512702
15,104,-0.00539328,-0.00229061579277989
15,105,-0.004031704,-0.00156709731498207
15,106,0.000120447,0.00574831945759946
15,107,0.012118458,-0.0162487322554437
15,108,0.001481685,-0.0167865585953221
15,109,-0.017080409,-0.00719503887221526
15,110,-0.003669695,-0.00301251460172564
15,111,-0.004048532,0.0026777202990204
15,112,-0.014618777,0.0216013086117004
15,113,0.003283982,-0.00416229240279916
15,114,-0.00771448,-0.0127916598865512
15,115,0.016450715,-0.00550651005066406
15,116,-0.014437883,-0.0141502686914239
15,117,0.029077658,-0.00382425887193544
15,118,0.009039912,-0.00182145803200617
15,119,0.013132363,0.00656727713436616
15,120,-0.011537451,-0.0109819888251274
15,121,0,-0.000864967532533973
15,122,0.006418033,-0.00210646476031273
15,123,0.020741297,0.0209706113982509
15,124,-0.00071333,-0.00630646406571079
15,125,0.00353491,-0.00629149694417403
15,126,-0.000364488,-0.00319571725411752
15,127,0.000826575,-0.00291998970282105
15,128,0.015095292,0.00134846121996673
15,129,-0.002567373,0.00370028608573526
15,130,-0.004837173,-0.00879129570968698
15,131,-0.008366175,-0.00645419080603649
16,1,0.00508233,-0.00286978196506082
16,2,0.007145391,-0.00110820369309155
16,3,-0.005508385,-0.00133811976102396
16,4,-0.001705629,-0.0083905882408331
16,5,0.000737463,-0.00657081726558135
16,6,0.005667142,-5.28717372887851e-05
16,7,4.26e-05,-0.00373593323906176
16,8,-0.003278272,-0.00702924618198616
16,9,0.007386521,-0.0065292310221146
16,10,0.007896758,-0.000242883323990941
16,11,0,-0.00249138706123368
16,12,0.001682879,-0.00399540200383428
16,13,-0.005894051,-0.00512621933904216
16,14,0.00336867,0.00130211578557957
16,15,0.006661623,-0.00329305915342396
16,16,0.001765063,-0.00294807137362049
16,17,0.000685109,-0.00707788637466766
16,18,0.011088384,-0.00616259996619675
16,19,0.000842168,-0.00250041038418718
16,20,-0.01625795,0.00194362656571489
16,21,0.004511129,-0.00598500625156906
16,22,0.008026026,-0.000166414376214161
16,23,-0.001019431,0.000466445277414847
16,24,0.002261236,-0.0108729975590158
16,25,0.002792559,-0.0124230995498492
16,26,-0.023659567,0.00180601653408885
16,27,0.006441938,-0.00581306946298238
16,28,0.012860144,-0.00445005750266952
16,29,-0.016787736,0.0051324278885068
16,30,0.0130352,-0.0122651043686649
16,31,-0.024127171,-0.00898889267169094
16,32,-0.006608358,0.00735898579412463
16,33,-0.032888466,-0.00465437357975596
16,34,-0.015426629,0.000848679675806121
16,35,0.043034725,-0.00631196818445159
16,36,-0.003403127,0.00261182596619354
16,37,0.013645989,-0.0140806726936066
16,38,-0.012219412,-0.00164771606002584
16,39,-0.018979079,0.00440648621570081
16,40,0.001108852,0.0524944520775672
16,41,-0.014297727,0.0193266523925919
16,42,-0.044899189,-0.0307255408960224
16,43,0.014912655,-0.0110584312581616
16,44,-0.012992123,0.0350522120929423
16,45,0.00035387,0.0122113783029199
16,46,-0.005677006,-0.0252934197578417
16,47,0.032347213,-0.00184600156591341
16,48,-0.012451871,0.0440596287632037
16,49,-0.017314285,0.00255817844453931
16,50,0,0.0179349147832688
16,51,0.025514387,0.0371657223940704
16,52,0.004043236,-0.0132874743070817
16,53,-0.035017487,-0.00889398065844621
16,54,-0.013624434,-0.027190906051222
16,55,0.01091624,0.0137383922248337
16,56,-0.005959341,0.0217265208653534
16,57,0.029079822,-0.0038981042291357
16,58,0.004370107,-0.039093898806295
16,59,-0.001806321,-0.00366095251596
16,60,0.023222473,-0.00536378963101836
16,61,-0.000556094,0.0181381831198284
16,62,0.001282138,0.026913457139765
16,63,0.00131629,0.00273336219237728
16,64,-0.003864245,-0.000594117502425176
16,65,-0.016201322,-0.00717981147044246
16,66,-0.002989922,0.0124514027655165
16,67,-0.016946193,-0.00804881265406384
16,68,0.002855218,0.00211620373407105
16,69,-0.002035951,-9.87520256733113e-05
16,70,-0.031508271,-0.00534114178964806
16,71,-0.010164425,-0.00874905889330696
16,72,-0.003245746,-0.000858593625335266
16,73,-0.004673293,0.00943083902876235
16,74,0.005344686,0.00684215916721436
16,75,0,-0.0124619846884304
16,76,0.030850062,-0.00355663228737241
16,77,0.009368673,-5.53358046863454e-05
16,78,0.0071781,0.00384693631121402
16,79,0.000732597,0.00905429093925631
16,80,0.015261854,0.0118526958367183
16,81,-0.000155215,0.00176456592395356
16,82,0.001195446,0.00349696663354563
16,83,-0.029242932,-0.0147484042678593
16,84,0.005964074,-0.000360456496690267
16,85,0.011351892,0.00806239294406788
16,86,-0.012902686,0.00300741257315527
16,87,0.022263616,-0.0186439305984137
16,88,0.008186429,-0.00908088555181167
16,89,0.011137931,0.000582220142194044
16,90,-0.001049869,-0.00253237653082166
16,91,-0.006946068,-0.00381573564924841
16,92,-0.004167314,0.00890405962356292
16,93,6.35e-05,0.00257103472839364
16,94,0.02178352,-0.00690281380511344
16,95,-0.004807873,-0.00628261171294796
16,96,0.006032852,0.00189152460056386
16,97,-0.001269391,-0.0109326678458806
16,98,-0.003710877,0.00376417236576231
16,99,0.005468066,-0.000556547778363739
16,100,-0.005985299,-0.000462096089154696
16,101,-0.028583327,-0.0090478358723596
16,102,-0.00539328,-0.00355477271445426
16,103,-0.004031704,0.00611662773269972
16,104,0.000120447,0.00759383057033937
16,105,0.012118458,-0.0127490688897483
16,106,0.001481685,-0.0114250148469847
16,107,-0.017080409,-0.00214330879998278
16,108,-0.003669695,-0.00251558639564221
16,109,-0.004048532,0.00629484960433139
16,110,-0.014618777,0.0265947535801963
16,111,0.003283982,-0.00469932503708721
16,112,-0.00771448,-0.0148151680149909
16,113,0.016450715,-0.00169083931579862
16,114,-0.014437883,-0.0107449490141889
16,115,0.029077658,-0.00319564687391341
16,116,0.009039912,0.00200702727461912
16,117,0.013132363,0.0117133397506727
16,118,-0.011537451,-0.0101115402474089
16,119,0,0.00469650374771316
16,120,0.006418033,-0.00825623714629362
16,121,0.020741297,0.0181691117625501
16,122,-0.00071333,-0.0103811676439498
16,123,0.00353491,-0.0151506584688922
16,124,-0.000364488,0.00904118064866184
16,125,0.000826575,0.00367643980463772
16,126,0.015095292,-0.0110194780607376
16,127,-0.002567373,-0.00237400806116958
16,128,-0.004837173,-0.0092574493869485
16,129,-0.008366175,-0.0077734045500689
16,130,0.020972838,0.0070853387231879
16,131,-0.005683545,-0.000743379793767371
17,1,0.007145391,-0.000950223890674398
17,2,-0.005508385,0.000185116241092344
17,3,-0.001705629,-0.00703387834575066
17,4,0.000737463,-0.00650820635768402
17,5,0.005667142,-0.00159673728828335
17,6,4.26e-05,0.000216605669948945
17,7,-0.003278272,-0.00506656524582279
17,8,0.007386521,-0.00395826665006598
17,9,0.007896758,-0.000839047234135913
17,10,0,-0.000376439120913472
17,11,0.001682879,-0.00315599009076501
17,12,-0.005894051,-0.0047586559604813
17,13,0.00336867,0.000334089867340695
17,14,0.006661623,-0.000389935782936124
17,15,0.001765063,-0.00287232591902873
17,16,0.000685109,-0.00592198743254705
17,17,0.011088384,-0.00735134242732837
17,18,0.000842168,-0.00465127172605034
17,19,-0.01625795,0.00267281898285127
17,20,0.004511129,-0.005449702214716
17,21,0.008026026,-0.000326294690344233
17,22,-0.001019431,0.00398565644501807
17,23,0.002261236,-0.0080210268628598
17,24,0.002792559,-0.0111242174042954
17,25,-0.023659567,-0.000720561389265875
17,26,0.006441938,0.00270477990724086
17,27,0.012860144,-0.00370938864621571
17,28,-0.016787736,0.00681304266086362
17,29,0.0130352,-0.00770852340384882
17,30,-0.024127171,-0.0139860062746176
17,31,-0.006608358,0.00482543897097768
17,32,-0.032888466,-0.00264012037682469
17,33,-0.015426629,-0.000393864430543828
17,34,0.043034725,-0.00831264964102393
17,35,-0.003403127,0.0142028949845018
17,36,0.013645989,-0.0117236017666069
17,37,-0.012219412,-0.00961905624062757
17,38,-0.018979079,-0.00344098199211575
17,39,0.001108852,0.00159724882433003
17,40,-0.014297727,0.0247225686416558
17,41,-0.044899189,-0.0222393626528688
17,42,0.014912655,-0.0084734840984205
17,43,-0.012992123,0.00343767098543715
17,44,0.00035387,0.020412210090977
17,45,-0.005677006,-0.0102672270755421
17,46,0.032347213,0.00292776863991402
17,47,-0.012451871,0.00518134568615179
17,48,-0.017314285,0.00755118940059723
17,49,0,0.0330639167907351
17,50,0.025514387,0.0493526013329163
17,51,0.004043236,0.00223121296141084
17,52,-0.035017487,-0.00719161247269051
17,53,-0.013624434,-0.0154423858743017
17,54,0.01091624,0.00147567158696372
17,55,-0.005959341,0.0372402891154982
17,56,0.029079822,-0.00173682498652946
17,57,0.004370107,-0.0227609457638111
17,58,-0.001806321,-0.00612475573966241
17,59,0.023222473,-0.00934135218855863
17,60,-0.000556094,0.0193194907215298
17,61,0.001282138,0.0156107200357938
17,62,0.00131629,-0.003037243159268
17,63,-0.003864245,-0.0192676563671574
17,64,-0.016201322,0.00375914395372026
17,65,-0.002989922,0.00153329687031668
17,66,-0.016946193,-0.0119952715940648
17,67,0.002855218,0.00362405364926414
17,68,-0.002035951,-0.00731042251275204
17,69,-0.031508271,-0.00132635664027296
17,70,-0.010164425,-0.00680991781939072
17,71,-0.003245746,0.00266293688897476
17,72,-0.004673293,0.0119823024617471
17,73,0.005344686,0.00521608582425291
17,74,0,-0.01156754723151
17,75,0.030850062,0.00237057923383445
17,76,0.009368673,0.00154741643803254
17,77,0.0071781,0.00611999796906913
17,78,0.000732597,0.00105723215346148
17,79,0.015261854,0.00979755973542408
17,80,-0.000155215,0.00242628758642633
17,81,0.001195446,0.0030873301213277
17,82,-0.029242932,-0.0125298321403038
17,83,0.005964074,-0.00789212389406958
17,84,0.011351892,0.00231665682179133
17,85,-0.012902686,0.00376557454807872
17,86,0.022263616,-0.0134489619090536
17,87,0.008186429,-0.011853055770634
17,88,0.011137931,-0.00403190967481887
17,89,-0.001049869,-0.00694328705016939
17,90,-0.006946068,-0.00200317543979193
17,91,-0.004167314,0.0116685320581908
17,92,6.35e-05,0.00309460700465913
17,93,0.02178352,-0.0115868970138301
17,94,-0.004807873,-0.00379027426490319
17,95,0.006032852,-0.0108226387321826
17,96,-0.001269391,-0.0111860473554139
17,97,-0.003710877,-0.00280647111011528
17,98,0.005468066,0.00211547356530036
17,99,-0.005985299,0.00183500242084348
17,100,-0.028583327,-0.00792409281209693
17,101,-0.00539328,-0.00257384659091211
17,102,-0.004031704,-0.00611180264285715
17,103,0.000120447,0.00878077196248265
17,104,0.012118458,-0.00466422259441538
17,105,0.001481685,-0.0104256071073926
17,106,-0.017080409,-0.000249667249841557
17,107,-0.003669695,-0.00211534491019504
17,108,-0.004048532,0.00784367457802563
17,109,-0.014618777,0.0195790278620036
17,110,0.003283982,-0.00536393165328385
17,111,-0.00771448,-0.00963135318570244
17,112,0.016450715,0.000218165833515472
17,113,-0.014437883,-0.00200271800038036
17,114,0.029077658,-2.5045007706179e-05
17,115,0.009039912,-0.00402702211881496
17,116,0.013132363,0.014468170145634
17,117,-0.011537451,-0.0108424166625328
17,118,0,0.00930643521504508
17,119,0.006418033,-0.0035472481869166
17,120,0.020741297,0.0160978843575095
17,121,-0.00071333,-0.0158146637953502
17,122,0.00353491,-0.00412491505309466
17,123,-0.000364488,-0.00559838088990015
17,124,0.000826575,-0.00192045536862009
17,125,0.015095292,-0.001708224077693
17,126,-0.002567373,0.000856351554967577
17,127,-0.004837173,-0.00906733101947954
17,128,-0.008366175,-0.00793265944848216
17,129,0.020972838,-0.00688624665735077
17,130,-0.005683545,0.00333938422957856
17,131,0.004838733,-0.00199366679813404
18,1,-0.005508385,-0.00254838848875222
18,2,-0.001705629,-0.00436148073473989
18,3,0.000737463,-0.00420808108915409
18,4,0.005667142,-0.00166370740679884
18,5,4.26e-05,-0.00266929269377439
18,6,-0.003278272,-0.00384462752738446
18,7,0.007386521,-0.00154299795061856
18,8,0.007896758,0.0013382023018195
18,9,0,-0.00166930616682578
18,10,0.001682879,-0.000675963095976992
18,11,-0.005894051,-0.000825232956559353
18,12,0.00336867,-0.00172946408128456
18,13,0.006661623,-0.00366704265634551
18,14,0.001765063,-0.00277952394314782
18,15,0.000685109,-0.00558940729516383
18,16,0.011088384,-0.00594954795626863
18,17,0.000842168,-0.00285190341492082
18,18,-0.01625795,0.000200782890473367
18,19,0.004511129,-0.00268664449292986
18,20,0.008026026,0.000899791081850521
18,21,-0.001019431,-0.00419254147426891
18,22,0.002261236,-0.00786203738048529
18,23,0.002792559,-0.0105980581759071
18,24,-0.023659567,-0.00151637459948012
18,25,0.006441938,-0.000934233705585498
18,26,0.012860144,0.000882434302497239
18,27,-0.016787736,-0.00151098634080277
18,28,0.0130352,-0.0107836289356147
18,29,-0.024127171,-0.0162525624875853
18,30,-0.006608358,0.00159723328103382
18,31,-0.032888466,-0.0127392300011008
18,32,-0.015426629,-0.00644654311624088
18,33,0.043034725,-0.00585359742287924
18,34,-0.003403127,0.0168537098549158
18,35,0.013645989,-0.0120320755393602
18,36,-0.012219412,-0.0062922875144202
18,37,-0.018979079,-0.00134090728527873
18,38,0.001108852,-0.0114767045449647
18,39,-0.014297727,0.0322232102565604
18,40,-0.044899189,-0.0105002730998395
18,41,0.014912655,-0.0112874020002582
18,42,-0.012992123,0.0156836397896889
18,43,0.00035387,0.0311628340577039
18,44,-0.005677006,-0.0227388588449287
18,45,0.032347213,-0.0144596239040017
18,46,-0.012451871,0.00280062355843673
18,47,-0.017314285,0.0105367782411339
18,48,0,0.0600357109017236
18,49,0.025514387,0.0319077840372213
18,50,0.004043236,-0.0147398735310215
18,51,-0.035017487,-0.00424364846975472
18,52,-0.013624434,-0.0174700161654724
18,53,0.01091624,0.00687517053795763
18,54,-0.005959341,0.0406658650909445
18,55,0.029079822,-0.00144663704610424
18,56,0.004370107,-0.0349010176262186
18,57,-0.001806321,-0.00912647134803699
18,58,0.023222473,-0.000610628891546984
18,59,-0.000556094,0.0246734923766913
18,60,0.001282138,-0.000162362365329908
18,61,0.00131629,0.00339611005193013
18,62,-0.003864245,0.00659939351012124
18,63,-0.016201322,-0.0134634785974273
18,64,-0.002989922,0.00502081274000543
18,65,-0.016946193,0.000286633036983411
18,66,0.002855218,1.79135194695538e-05
18,67,-0.002035951,-0.00871875553286409
18,68,-0.031508271,-0.00700310506356685
18,69,-0.010164425,-0.00446385456094697
18,70,-0.003245746,0.00117034635239104
18,71,-0.004673293,0.0137740187254551
18,72,0.005344686,0.0139285214776226
18,73,0,-0.0183975856962367
18,74,0.030850062,0.0013460474240841
18,75,0.009368673,0.00213626838789005
18,76,0.0071781,0.0112181590586686
18,77,0.000732597,0.0157992075548917
18,78,0.015261854,0.010051192715836
18,79,-0.000155215,-0.0103891945929621
18,80,0.001195446,-0.00118473539575994
18,81,-0.029242932,-0.0144713396969239
18,82,0.005964074,-0.00386055905116273
18,83,0.011351892,-0.00342712581460459
18,84,-0.012902686,0.00201950738351597
18,85,0.022263616,-0.0115662704271299
18,86,0.008186429,-0.0199702470521696
18,87,0.011137931,-0.00199955677519683
18,88,-0.001049869,-0.00528779637883796
18,89,-0.006946068,0.000361680996008956
18,90,-0.004167314,-0.00128814052296205
18,91,6.35e-05,0.00323911347586141
18,92,0.02178352,-0.00134416032368824
18,93,-0.004807873,-0.00481695767729929
18,94,0.006032852,-0.0123558657322626
18,95,-0.001269391,-0.00274013004757034
18,96,-0.003710877,0.00816468794289
18,97,0.005468066,-0.00859098271451827
18,98,-0.005985299,0.00306381376470847
18,99,-0.028583327,-0.00216063301780895
18,100,-0.00539328,-0.00341602691885964
18,101,-0.004031704,-0.00716770442313753
18,102,0.000120447,0.00526279048167355
18,103,0.012118458,-0.00748411409284317
18,104,0.001481685,-0.019227128267574
18,105,-0.017080409,0.0002569125252366
18,106,-0.003669695,-0.0040400370034768
18,107,-0.004048532,0.0108954102587049
18,108,-0.014618777,0.0132172036556608
18,109,0.003283982,-0.00201723282391058
18,110,-0.00771448,-0.0103458107121801
18,111,0.016450715,-0.00174673000597287
18,112,-0.014437883,-0.0033494696237007
18,113,0.029077658,-0.00021123133864049
18,114,0.009039912,0.0017430714747942
18,115,0.013132363,0.0206281242937731
18,116,-0.011537451,-0.000640889987182706
18,117,0,0.00299483851123255
18,118,0.006418033,-0.0117330289605763
18,119,0.020741297,0.0154903139921148
18,120,-0.00071333,-0.00597765610152601
18,121,0.00353491,-0.00854508865977608
18,122,-0.000364488,0.0066735627603283
18,123,0.000826575,0.00435294226709294
18,124,0.015095292,-0.011101802320054
18,125,-0.002567373,0.001694069099412
18,126,-0.004837173,-0.00403004665780158
18,127,-0.008366175,-0.00571438473837503
18,128,0.020972838,-0.00371468951089211
18,129,-0.005683545,-0.00537300740863275
18,130,0.004838733,-0.00103032465749115
18,131,-0.002591138,-0.00181084761901241
19,1,-0.001705629,-0.00617500359426678
19,2,0.000737463,-0.00499624969715214
19,3,0.005667142,0.00380376648728155
19,4,4.26e-05,0.000204596492720486
19,5,-0.003278272,-0.00460259141161003
19,6,0.007386521,-0.00372076412982502
19,7,0.007896758,0.00121969560551456
19,8,0,0.00110353088640743
19,9,0.001682879,-0.00268408396804468
19,10,-0.005894051,-0.00321581330577564
19,11,0.00336867,0.00514124068807343
19,12,0.006661623,0.000830230029317845
19,13,0.001765063,0.000666040304381226
19,14,0.000685109,-0.00439868554937973
19,15,0.011088384,-0.00657500024336703
19,16,0.000842168,-0.00021610632118477
19,17,-0.01625795,0.00429032530283267
19,18,0.004511129,-0.00506060487447138
19,19,0.008026026,0.00220008775467429
19,20,-0.001019431,0.00762455046095506
19,21,0.002261236,-0.00969888486932067
19,22,0.002792559,-0.0115287456115979
19,23,-0.023659567,0.00425973686454124
19,24,0.006441938,-0.000918346590324125
19,25,0.012860144,-0.00240566786256025
19,26,-0.016787736,0.0120294649641074
19,27,0.0130352,-0.0112210715264183
19,28,-0.024127171,-0.0155118106173737
19,29,-0.006608358,0.0109644790862537
19,30,-0.032888466,-0.00442078548682193
19,31,-0.015426629,0.0026763515848435
19,32,0.043034725,-0.0045548175759695
19,33,-0.003403127,0.00119493214938996
19,34,0.013645989,-0.0131032775221753
19,35,-0.012219412,-0.00447924952466729
19,36,-0.018979079,-0.0147705767918679
19,37,0.001108852,0.0113377980112253
19,38,-0.014297727,0.0201412566166654
19,39,-0.044899189,-0.0200464657639298
19,40,0.014912655,-0.00505458226209099
19,41,-0.012992123,0.0227383753896023
19,42,0.00035387,0.0180404325405626
19,43,-0.005677006,-0.031474263219239
19,44,0.032347213,-0.00740593588479168
19,45,-0.012451871,0.0368434400788633
19,46,-0.017314285,0.00243200864803138
19,47,0,0.032130718805421
19,48,0.025514387,0.0286142591120765
19,49,0.004043236,-0.00621426516597188
19,50,-0.035017487,-0.00398597105862438
19,51,-0.013624434,-0.0257091273019392
19,52,0.01091624,0.00375315909103125
19,53,-0.005959341,0.0279759100184697
19,54,0.029079822,-0.00117584766314163
19,55,0.004370107,-0.0318076605080167
19,56,-0.001806321,-0.00138286472171069
19,57,0.023222473,-0.00715780860285239
19,58,-0.000556094,0.00930396647049756
19,59,0.001282138,0.00183171241158676
19,60,0.00131629,-0.000660194001442304
19,61,-0.003864245,-0.00691268777583509
19,62,-0.016201322,-0.00132319613265651
19,63,-0.002989922,0.00914050326355454
19,64,-0.016946193,-0.00366351221564707
19,65,0.002855218,0.00608034136399753
19,66,-0.002035951,-0.00601059838399346
19,67,-0.031508271,-0.00123686361212543
19,68,-0.010164425,-0.00793525481312781
19,69,-0.003245746,-0.00172066001888278
19,70,-0.004673293,0.014882568337647
19,71,0.005344686,0.0068405814834173
19,72,0,-0.0149132145091172
19,73,0.030850062,0.00332108045545656
19,74,0.009368673,-0.00109675301027655
19,75,0.0071781,0.00503328640406997
19,76,0.000732597,0.00307684889545055
19,77,0.015261854,-0.00071294087384545
19,78,-0.000155215,-0.00342650552207678
19,79,0.001195446,0.00671971691164641
19,80,-0.029242932,-0.010304598100629
19,81,0.005964074,-0.00053788751777193
19,82,0.011351892,0.0117127133313942
19,83,-0.012902686,0.0083413938052688
19,84,0.022263616,-0.0168390953675542
19,85,0.008186429,-0.0144984045138093
19,86,0.011137931,0.00499468205876957
19,87,-0.001049869,-0.00440647588879845
19,88,-0.006946068,-0.0104821389055599
19,89,-0.004167314,-0.00119096716136142
19,90,6.35e-05,0.0064223354576943
19,91,0.02178352,-0.000560618212856282
19,92,-0.004807873,-0.00107957589712507
19,93,0.006032852,-0.00313610785823757
19,94,-0.001269391,-0.0131298419176645
19,95,-0.003710877,-0.0015120507081041
19,96,0.005468066,-0.00312042153013736
19,97,-0.005985299,0.00275011458879442
19,98,-0.028583327,-0.00280669008988628
19,99,-0.00539328,-0.00295435858146333
19,100,-0.004031704,0.00513227950147178
19,101,0.000120447,0.0131706278007793
19,102,0.012118458,-0.0118650830771325
19,103,0.001481685,-0.0130425641643853
19,104,-0.017080409,-0.000608157743119143
19,105,-0.003669695,-0.00439513589101287
19,106,-0.004048532,0.00593604881886323
19,107,-0.014618777,0.0221909426050802
19,108,0.003283982,-0.00235021469477199
19,109,-0.00771448,-0.00943097036497318
19,110,0.016450715,0.00220117088372015
19,111,-0.014437883,-0.0114224428350412
19,112,0.029077658,-0.0015218000697066
19,113,0.009039912,-1.30597545603042e-05
19,114,0.013132363,0.00997574855085586
19,115,-0.011537451,-0.0152679983007923
19,116,0,-0.00238311510827516
19,117,0.006418033,-0.00930190004086831
19,118,0.020741297,0.018413400279232
19,119,-0.00071333,-0.00640402046615158
19,120,0.00353491,-0.00715076699136458
19,121,-0.000364488,0.0054118318520685
19,122,0.000826575,0.00114133874710432
19,123,0.015095292,-0.00642821894478778
19,124,-0.002567373,0.00174133047758704
19,125,-0.004837173,-0.00482555819599223
19,126,-0.008366175,-0.00813945311461264
19,127,0.020972838,0.0058103685763615
19,128,-0.005683545,0.00265432894380017
19,129,0.004838733,-0.00103456949803388
19,130,-0.002591138,-0.017324129355852
19,131,-0.003088461,-0.000642851116600011
20,1,0.007896758,-0.000605907523714228
20,2,0,-0.000969785481434204
20,3,0.001682879,-0.00326279250613487
20,4,-0.005894051,-0.00223463879172815
20,5,0.00336867,0.00140492607214595
20,6,0.006661623,-1.30906984338733e-05
20,7,0.001765063,-0.000837387041411985
20,8,0.000685109,-0.00387040548347754
20,9,0.011088384,-0.00402749702902166
20,10,0.000842168,-0.00131393565346218
20,11,-0.01625795,0.00173747641076922
20,12,0.004511129,-0.00336319691685973
20,13,0.008026026,0.000538879695241597
20,14,-0.001019431,0.00230595666856198
20,15,0.002261236,-0.0151344805142559
20,16,0.002792559,-0.0068121373710947
20,17,-0.023659567,0.000532990139531841
20,18,0.006441938,0.00890121382251483
20,19,0.012860144,-0.00329193315083852
20,20,-0.016787736,0.00613919606522098
20,21,0.0130352,-0.0194709717459243
20,22,-0.024127171,-0.00989363917293348
20,23,-0.006608358,0.0042000761290613
20,24,-0.032888466,-0.00676703032410163
20,25,-0.015426629,0.00238075517232758
20,26,0.043034725,-0.0151033539283623
20,27,-0.003403127,0.0158568530153039
20,28,0.013645989,-0.0333140211213112
20,29,-0.012219412,-0.0122235192160725
20,30,-0.018979079,0.0271002400472451
20,31,0.001108852,-0.0110757820198772
20,32,-0.014297727,0.0315190816038989
20,33,-0.044899189,-0.00958229937325195
20,34,0.014912655,-0.00871378841312138
20,35,-0.012992123,0.0297594890912922
20,36,0.00035387,0.0135814657252456
20,37,-0.005677006,-0.0395691549573199
20,38,0.032347213,-0.00247381008056724
20,39,-0.012451871,0.000203579431610833
20,40,-0.017314285,0.0118444264972808
20,41,0,0.0620856991092556
20,42,0.025514387,0.0135210865688163
20,43,0.004043236,-0.0253548079031789
20,44,-0.035017487,-0.0144584546212187
20,45,-0.013624434,-0.010944898975337
20,46,0.01091624,-0.00590382022695874
20,47,-0.005959341,0.0350491875288454
20,48,0.029079822,-0.0262403429642843
20,49,0.004370107,-0.0200008292453942
20,50,-0.001806321,-0.00551123932755951
20,51,0.023222473,-0.00164228029006321
20,52,-0.000556094,0.044260394462323
20,53,0.001282138,-0.00521096821726526
20,54,0.00131629,0.000578733513691136
20,55,-0.003864245,-0.00106327252987913
20,56,-0.016201322,-0.00271502722416076
20,57,-0.002989922,0.00926460888999144
20,58,-0.016946193,-0.00298808940114907
20,59,0.002855218,0.00371344781624362
20,60,-0.002035951,-0.015113982681219
20,61,-0.031508271,-0.00392594467740593
20,62,-0.010164425,-0.0150792787653196
20,63,-0.003245746,0.00640541542454107
20,64,-0.004673293,0.00234283047488158
20,65,0.005344686,-0.00752760076802384
20,66,0,-0.0184288236104824
20,67,0.030850062,-0.000690926701727549
20,68,0.009368673,0.0062166493062648
20,69,0.0071781,0.0056098898830874
20,70,0.000732597,0.000483390098993998
20,71,0.015261854,0.00499669480939125
20,72,-0.000155215,-0.0119813928262597
20,73,0.001195446,0.00222516710692929
20,74,-0.029242932,-0.00393180804614296
20,75,0.005964074,-0.00643559468557882
20,76,0.011351892,0.0106922493643703
20,77,-0.012902686,0.00261398068941817
20,78,0.022263616,-0.0272357904167522
20,79,0.008186429,-0.00951518834857647
20,80,0.011137931,0.000678546618712401
20,81,-0.001049869,-0.00754897492325116
20,82,-0.006946068,0.00722923509074627
20,83,-0.004167314,-0.00322724236003204
20,84,6.35e-05,0.00784665208233138
20,85,0.02178352,-0.00587373792252454
20,86,-0.004807873,-7.62329231092668e-05
20,87,0.006032852,-0.00756702541616777
20,88,-0.001269391,-0.00535803287995125
20,89,-0.003710877,0.00229421100373943
20,90,0.005468066,-0.0117023501357986
20,91,-0.005985299,8.26365922189042e-05
20,92,-0.028583327,-0.000257378942511401
20,93,-0.00539328,-0.000525672851845867
20,94,-0.004031704,-0.00445442982964543
20,95,0.000120447,0.0028467977170788
20,96,0.012118458,-0.0254342690615305
20,97,0.001481685,-0.0120584192187757
20,98,-0.017080409,-0.00245390802087061
20,99,-0.003669695,0.00439970304959392
20,100,-0.004048532,0.00577102491374605
20,101,-0.014618777,0.00747713006819802
20,102,0.003283982,-0.0129040706913893
20,103,-0.00771448,-0.00716767139587134
20,104,0.016450715,-0.000373001719119281
20,105,-0.014437883,-0.00515844949058874
20,106,0.029077658,-0.00406743968753375
20,107,0.009039912,-0.00531405004355394
20,108,0.013132363,0.0157719636249022
20,109,-0.011537451,-0.0209360508643382
20,110,0,0.000107129155890475
20,111,0.006418033,-0.0134842687780523
20,112,0.020741297,0.0150017404956843
20,113,-0.00071333,-0.0183017129523484
20,114,0.00353491,0.00152993205544995
20,115,-0.000364488,0.005723578936876
20,116,0.000826575,0.00315837264787011
20,117,0.015095292,-0.0112536556081278
20,118,-0.002567373,0.00110073123225311
20,119,-0.004837173,-0.00086749801212212
20,120,-0.008366175,-0.00195725190623636
20,121,0.020972838,-0.0029720512213986
20,122,-0.005683545,-0.00263201001403698
20,123,0.004838733,-0.00434779617893955
20,124,-0.002591138,-0.0118976340107465
20,125,-0.003088461,-0.00507267020457524
20,126,0.00440668,-0.0141476984203328
20,127,-0.008067421,0.00232891757152273
20,128,0.020646748,-0.00288799085734297
20,129,-0.000672205,0.00145896966240975
20,130,-0.001647951,-0.00479436829859187
20,131,0.006103643,-0.00692509125062425
21,1,0.001682879,-0.00165100563686821
21,2,-0.005894051,-0.00543702018343798
21,3,0.00336867,0.00128478006025477
21,4,0.006661623,-0.00107512153023545
21,5,0.001765063,-0.000225323811135131
21,6,0.000685109,-0.00290010607437073
21,7,0.011088384,-0.00845085443478742
21,8,0.000842168,-0.00508183299928566
21,9,-0.01625795,0.00156985417829034
21,10,0.004511129,-0.00274338181955666
21,11,0.008026026,-0.000997770634308527
21,12,-0.001019431,0.0054226024610819
21,13,0.002261236,-0.00469894912272296
21,14,0.002792559,-0.011216802424393
21,15,-0.023659567,-0.00108647631082383
21,16,0.006441938,0.00297270792711347
21,17,0.012860144,-0.00223856034520217
21,18,-0.016787736,0.0111640450184772
21,19,0.0130352,-0.00231609168147644
21,20,-0.024127171,-0.0171374625795545
21,21,-0.006608358,0.0108814404165802
21,22,-0.032888466,0.00160253681743786
21,23,-0.015426629,0.0182551429422656
21,24,0.043034725,0.012890322285219
21,25,-0.003403127,-0.00111880627908334
21,26,0.013645989,-0.000606753623571904
21,27,-0.012219412,0.00384753800491379
21,28,-0.018979079,0.003800490997213
21,29,0.001108852,-0.000204465928708528
21,30,-0.014297727,0.0233249522425789
21,31,-0.044899189,-0.0193234034927564
21,32,0.014912655,0.0423911981497457
21,33,-0.012992123,0.0262018656598594
21,34,0.00035387,0.0211570303423938
21,35,-0.005677006,-0.0105415930049428
21,36,0.032347213,-0.000692100387182737
21,37,-0.012451871,0.0356955751413424
21,38,-0.017314285,0.008923807695842
21,39,0,0.027066739661815
21,40,0.025514387,0.018729241365592
21,41,0.004043236,0.00119620576297092
21,42,-0.035017487,0.000768673059414365
21,43,-0.013624434,-0.0138438376077494
21,44,0.01091624,0.000159552374522117
21,45,-0.005959341,0.0348335495559255
21,46,0.029079822,0.0129444715839137
21,47,0.004370107,-0.0317993958560966
21,48,-0.001806321,0.00383866556431724
21,49,0.023222473,-0.00352050731719015
21,50,-0.000556094,0.0120278018707492
21,51,0.001282138,0.0184617070804251
21,52,0.00131629,-0.00445018934854354
21,53,-0.003864245,-0.0143259341877983
21,54,-0.016201322,0.00366960902695848
21,55,-0.002989922,0.00694245770460785
21,56,-0.016946193,-0.00890957837930098
21,57,0.002855218,0.00669859150038392
21,58,-0.002035951,-0.0052236177398166
21,59,-0.031508271,0.0018013403861987
21,60,-0.010164425,0.00699675368277006
21,61,-0.003245746,-0.000171377361166628
21,62,-0.004673293,0.0167998131479542
21,63,0.005344686,0.0123477937063439
21,64,0,-0.00625237028676379
21,65,0.030850062,0.00784702885764637
21,66,0.009368673,-0.00344578125403622
21,67,0.0071781,0.0123559617310553
21,68,0.000732597,0.00164071155281138
21,69,0.015261854,0.000153568267719767
21,70,-0.000155215,-0.000683609662687314
21,71,0.001195446,0.00259444636683161
21,72,-0.029242932,-0.0207971757467657
21,73,0.005964074,-0.00126837065650789
21,74,0.011351892,0.00901229415091165
21,75,-0.012902686,0.005127788955328
21,76,0.022263616,-0.00699731562957732
21,77,0.008186429,-0.0183091442768336
21,78,0.011137931,-0.000537459346764903
21,79,-0.001049869,-0.00308652792718779
21,80,-0.006946068,0.00107143076927189
21,81,-0.004167314,0.00931747685321979
21,82,6.35e-05,0.00148427891981059
21,83,0.02178352,-0.00399801619080345
21,84,-0.004807873,-0.0019818652251431
21,85,0.006032852,-0.0105348031869264
21,86,-0.001269391,-0.0152441043796557
21,87,-0.003710877,-0.0010517989229069
21,88,0.005468066,0.00523356523181131
21,89,-0.005985299,0.000575472035182669
21,90,-0.028583327,-0.00579166865534353
21,91,-0.00539328,-0.00067943909383209
21,92,-0.004031704,-0.00564650390847789
21,93,0.000120447,0.0139704790488209
21,94,0.012118458,-0.00144589829803636
21,95,0.001481685,-0.00867280004057454
21,96,-0.017080409,-0.000702468049430327
21,97,-0.003669695,-0.000336001222916587
21,98,-0.004048532,0.0111018446762282
21,99,-0.014618777,0.0211204408953059
21,100,0.003283982,0.00560299264830151
21,101,-0.00771448,-0.00490469594821227
21,102,0.016450715,0.00361141441074138
21,103,-0.014437883,-0.00682999099695196
21,104,0.029077658,0.00260013203262617
21,105,0.009039912,-0.0035940293209263
21,106,0.013132363,0.00592978624354239
21,107,-0.011537451,-0.00724528120291448
21,108,0,-0.000520022952511079
21,109,0.006418033,-0.00419924419097587
21,110,0.020741297,0.00873640437735097
21,111,-0.00071333,-0.0115925513099876
21,112,0.00353491,-0.00615491269578478
21,113,-0.000364488,-0.00664895018661431
21,114,0.000826575,-0.00117655753327571
21,115,0.015095292,0.000213207806820603
21,116,-0.002567373,-7.82376385588569e-05
21,117,-0.004837173,-0.0089689386293458
21,118,-0.008366175,-0.010502629166287
21,119,0.020972838,-0.00585989697861742
21,120,-0.005683545,0.00219678135842925
21,121,0.004838733,0.00147544393949916
21,122,-0.002591138,-0.0149837250100689
21,123,-0.003088461,-0.00184098097172497
21,124,0.00440668,-0.000518589358434266
21,125,-0.008067421,0.00105865913606934
21,126,0.020646748,-0.00427247186761696
21,127,-0.000672205,-0.00464820931479556
21,128,-0.001647951,-0.00559481329477154
21,129,0.006103643,-0.00561146896705436
21,130,0.000145893,-0.00431139319739214
21,131,0.003811421,0.0060258871925173
22,1,0.006661623,0.00429661672342964
22,2,0.001765063,-0.00100223536131085
22,3,0.000685109,-0.00732546409820099
22,4,0.011088384,-0.00915882561007381
22,5,0.000842168,0.00070224681124126
22,6,-0.01625795,0.00462359055666812
22,7,0.004511129,-0.00559838965801618
22,8,0.008026026,-0.00390038228228166
22,9,-0.001019431,-0.000143138880475917
22,10,0.002261236,-0.00184583011992385
22,11,0.002792559,-0.01286940156694
22,12,-0.023659567,0.00593091399343062
22,13,0.006441938,0.0111810145959469
22,14,0.012860144,0.00350989692675216
22,15,-0.016787736,-0.00502955777464273
22,16,0.0130352,-0.0063409274553519
22,17,-0.024127171,-0.0161047999197313
22,18,-0.006608358,0.0178458770650471
22,19,-0.032888466,-0.00762654410266181
22,20,-0.015426629,0.0245394372012327
22,21,0.043034725,0.00444556293410058
22,22,-0.003403127,0.00167435836869341
22,23,0.013645989,0.013030324011258
22,24,-0.012219412,-0.0611523535196884
22,25,-0.018979079,0.0295309197879103
22,26,0.001108852,-0.0102527371902455
22,27,-0.014297727,0.0346820884807087
22,28,-0.044899189,-0.0214560509275216
22,29,0.014912655,0.0612400072691326
22,30,-0.012992123,-0.00436526720714172
22,31,0.00035387,0.0124918275378601
22,32,-0.005677006,-0.0134940471291343
22,33,0.032347213,0.00196705278306442
22,34,-0.012451871,0.041317869457043
22,35,-0.017314285,0.0259511799455577
22,36,0,0.0358324737317683
22,37,0.025514387,0.000497544943862615
22,38,0.004043236,0.00867929173827376
22,39,-0.035017487,0.00492440822960569
22,40,-0.013624434,0.0108996127894439
22,41,0.01091624,0.000100419789706149
22,42,-0.005959341,0.0195970195619949
22,43,0.029079822,0.0116818913024447
22,44,0.004370107,-0.0224083194024197
22,45,-0.001806321,0.00868362305771251
22,46,0.023222473,-0.0353750088959605
22,47,-0.000556094,0.0256244913383862
22,48,0.001282138,0.0075515610784597
22,49,0.00131629,-0.0193396249934244
22,50,-0.003864245,-0.014719168157401
22,51,-0.016201322,-0.00507426600246453
22,52,-0.002989922,0.00292948898016212
22,53,-0.016946193,-0.0108311142601305
22,54,0.002855218,-0.00410046638525357
22,55,-0.002035951,-0.00118289578553065
22,56,-0.031508271,-0.00569572552910944
22,57,-0.010164425,0.0263179631087833
22,58,-0.003245746,0.00423615176281681
22,59,-0.004673293,0.017610212237669
22,60,0.005344686,0.00923820450237582
22,61,0,-0.00398676182134259
22,62,0.030850062,0.0179604617657818
22,63,0.009368673,0.0100538157009249
22,64,0.0071781,0.0219424028678321
22,65,0.000732597,-0.017266925052765
22,66,0.015261854,-0.00479650478574297
22,67,-0.000155215,-0.000330506233520079
22,68,0.001195446,0.00592017593734471
22,69,-0.029242932,-0.0152398545406171
22,70,0.005964074,0.0116614766381889
22,71,0.011351892,-0.00270445847720833
22,72,-0.012902686,-0.000294957763120246
22,73,0.022263616,-0.00867619079923474
22,74,0.008186429,-0.0210526364906978
22,75,0.011137931,0.0200241678632801
22,76,-0.001049869,-0.0271261563058851
22,77,-0.006946068,0.00665866147134407
22,78,-0.004167314,0.000400606248547609
22,79,6.35e-05,0.00966646675606354
22,80,0.02178352,-0.00186930080497113
22,81,-0.004807873,-0.000850514965633214
22,82,0.006032852,-0.0102877030725036
22,83,-0.001269391,-0.0222773053738249
22,84,-0.003710877,0.00366361888797873
22,85,0.005468066,0.00491496855611016
22,86,-0.005985299,0.00397076732640372
22,87,-0.028583327,-0.00854106695888168
22,88,-0.00539328,0.00888849999475184
22,89,-0.004031704,-0.00236374539725062
22,90,0.000120447,-0.00052261314550489
22,91,0.012118458,0.00163662758275467
22,92,0.001481685,-0.00758485263067702
22,93,-0.017080409,0.0179759345223082
22,94,-0.003669695,-0.00740529295665136
22,95,-0.004048532,0.0167442294083876
22,96,-0.014618777,0.00713613752369491
22,97,0.003283982,0.00389525286375707
22,98,-0.00771448,-0.0101282580467053
22,99,0.016450715,0.00371309404661849
22,100,-0.014437883,0.00257061794110288
22,101,0.029077658,0.00382779714587
22,102,0.009039912,-0.00457428323560067
22,103,0.013132363,0.00706262281764324
22,104,-0.011537451,-0.00590033667201294
22,105,0,-0.00821112861740197
22,106,0.006418033,0.00644458551211883
22,107,0.020741297,0.0192572377256614
22,108,-0.00071333,-0.00693015677507248
22,109,0.00353491,-0.00166116504663091
22,110,-0.000364488,-0.0112608389230025
22,111,0.000826575,0.00314957206075918
22,112,0.015095292,0.00848730546209522
22,113,-0.002567373,0.000318553642414457
22,114,-0.004837173,-0.0114610191863886
22,115,-0.008366175,-0.015749430549112
22,116,0.020972838,-0.00126223272829798
22,117,-0.005683545,0.00308697156072844
22,118,0.004838733,0.00168552908188349
22,119,-0.002591138,-0.0149510232614483
22,120,-0.003088461,-0.00593886226197998
22,121,0.00440668,0.00770732221150141
22,122,-0.008067421,0.00790936125918324
22,123,0.020646748,-0.00479053294165914
22,124,-0.000672205,-0.00363558035658097
22,125,-0.001647951,-0.00153728390329089
22,126,0.006103643,-0.019705964381715
22,127,0.000145893,0.00107390395799181
22,128,0.003811421,0.00732154144544858
22,129,0.007095823,-0.000546592166026829
22,130,-0.003648103,-0.0076082221801948
22,131,0.002025533,-0.00723593574275702
23,1,0.000842168,-0.00381539930097684
23,2,-0.01625795,-0.0039834060189235
23,3,0.004511129,-0.0128391105608294
23,4,0.008026026,-0.00504293017971454
23,5,-0.001019431,0.00553194901800179
23,6,0.002261236,-0.00667820257706992
23,7,0.002792559,-0.0122809984820373
23,8,-0.023659567,-0.00366446660560008
23,9,0.006441938,-0.00605492139929977
23,10,0.012860144,-0.00597673157442403
23,11,-0.016787736,0.00782278961098087
23,12,0.0130352,-0.00965624896474794
23,13,-0.024127171,-0.0142494024587749
23,14,-0.006608358,0.0105734747165154
23,15,-0.032888466,-0.00978051888371035
23,16,-0.015426629,0.0187738616786326
23,17,0.043034725,-0.00229599912991692
23,18,-0.003403127,0.0113730494297304
23,19,0.013645989,0.0740268040659447
23,20,-0.012219412,-0.0268631956638676
23,21,-0.018979079,0.0552304083056276
23,22,0.001108852,-0.0185210151712865
23,23,-0.014297727,-0.000518024990582698
23,24,-0.044899189,0.00413405001951472
23,25,0.014912655,0.0317687149526451
23,26,-0.012992123,-0.00061428167916125
23,27,0.00035387,0.0227321034092194
23,28,-0.005677006,-0.0150728957454255
23,29,0.032347213,-0.0100867226997523
23,30,-0.012451871,0.0104891506325441
23,31,-0.017314285,-0.00775727920755364
23,32,0,-0.021073691694409
23,33,0.025514387,0.0236281420788256
23,34,0.004043236,0.0143033458007717
23,35,-0.035017487,-0.00752449755348801
23,36,-0.013624434,0.00150948978159287
23,37,0.01091624,0.00213033522077877
23,38,-0.005959341,0.0241378279828532
23,39,0.029079822,0.0110497913806772
23,40,0.004370107,-0.0131827557667283
23,41,-0.001806321,0.0537287364660746
23,42,0.023222473,-0.0151245369276228
23,43,-0.000556094,0.0148066132450352
23,44,0.001282138,0.0263525799474325
23,45,0.00131629,-0.000627048623814274
23,46,-0.003864245,0.00389073718503976
23,47,-0.016201322,0.00497089157354068
23,48,-0.002989922,-0.00818849753979714
23,49,-0.016946193,-0.00400189453115895
23,50,0.002855218,-0.00066235560980288
23,51,-0.002035951,-0.00453429207125812
23,52,-0.031508271,-0.00159683822396304
23,53,-0.010164425,0.0067072114414203
23,54,-0.003245746,-0.00988032752826158
23,55,-0.004673293,0.00888394619862002
23,56,0.005344686,-0.00211200843844456
23,57,0,-0.00987746064506961
23,58,0.030850062,-0.00557282005066792
23,59,0.009368673,-0.00361023519115234
23,60,0.0071781,0.0100489508717568
23,61,0.000732597,-0.0154651328077738
23,62,0.015261854,0.00895276987198505
23,63,-0.000155215,-0.00175535115243991
23,64,0.001195446,0.0238879824265953
23,65,-0.029242932,-0.00792323783589355
23,66,0.005964074,0.00455806657539211
23,67,0.011351892,-0.000842094919293288
23,68,-0.012902686,0.0103770452087414
23,69,0.022263616,-0.00931340616480384
23,70,0.008186429,-0.0132730160529456
23,71,0.011137931,0.0357365184946003
23,72,-0.001049869,-0.0104803725353383
23,73,-0.006946068,-0.00119556156688383
23,74,-0.004167314,0.00736048756230946
23,75,6.35e-05,0.0119240736190215
23,76,0.02178352,0.00224645204107886
23,77,-0.004807873,-0.00029718815026716
23,78,0.006032852,-0.00117093997422487
23,79,-0.001269391,-0.0144404279898961
23,80,-0.003710877,0.0033652429352605
23,81,0.005468066,0.000249953945796211
23,82,-0.005985299,-0.00509003900155451
23,83,-0.028583327,-0.00355444947672484
23,84,-0.00539328,0.000153816153340363
23,85,-0.004031704,-0.00448947711271344
23,86,0.000120447,0.00797717854045897
23,87,0.012118458,-0.00433798258498625
23,88,0.001481685,-0.00778796593126536
23,89,-0.017080409,-0.000273123814385682
23,90,-0.003669695,-0.0147212824193004
23,91,-0.004048532,-0.00679539254834237
23,92,-0.014618777,0.00414564746149614
23,93,0.003283982,-0.00444338204507122
23,94,-0.00771448,-0.0067870541493877
23,95,0.016450715,-0.000928119704152781
23,96,-0.014437883,-0.00520263064039897
23,97,0.029077658,-0.00229297315185533
23,98,0.009039912,-0.00717980640721274
23,99,0.013132363,0.00547994129474913
23,100,-0.011537451,-0.00760375357108254
23,101,0,0.0100731188839326
23,102,0.006418033,0.0183409626748901
23,103,0.020741297,0.0276405068627617
23,104,-0.00071333,0.00459712232353674
23,105,0.00353491,-0.0110341264319658
23,106,-0.000364488,-0.0135939192598168
23,107,0.000826575,0.000400807978554603
23,108,0.015095292,-0.00256378181273707
23,109,-0.002567373,-0.00268107101982944
23,110,-0.004837173,-0.00274369022686279
23,111,-0.008366175,-0.0130315279451861
23,112,0.020972838,-0.00557085885729368
23,113,-0.005683545,0.00423873236811491
23,114,0.004838733,-0.00320967733613978
23,115,-0.002591138,-0.0144894463975788
23,116,-0.003088461,0.00246357133378689
23,117,0.00440668,0.00568037556441207
23,118,-0.008067421,-0.00484777717036021
23,119,0.020646748,-0.00443284224227664
23,120,-0.000672205,-0.00471680197537464
23,121,-0.001647951,0.00463620246096064
23,122,0.006103643,-0.0134745718342684
23,123,0.000145893,0.0010660378344653
23,124,0.003811421,0.00852384240691225
23,125,0.007095823,-0.00740716842015572
23,126,-0.003648103,-0.00479718949209404
23,127,0.002025533,-0.00658319267993004
23,128,0.007217618,-0.00841390061651032
23,129,-0.016004698,-0.0018899435993989
23,130,0.010469066,-0.00758486589147853
23,131,0.001772366,-0.0078903917180558
24,1,-0.01625795,-0.00304538734989764
24,2,0.004511129,-0.0117675490595259
24,3,0.008026026,-0.00511417419235713
24,4,-0.001019431,0.00212689095524158
24,5,0.002261236,-0.00925054217146639
24,6,0.002792559,-0.0107758822430972
24,7,-0.023659567,0.000418494470950945
24,8,0.006441938,-0.00572755273720356
24,9,0.012860144,-0.00349818071932851
24,10,-0.016787736,0.00394749377431762
24,11,0.0130352,-0.0127784053573524
24,12,-0.024127171,-0.0073366586672935
24,13,-0.006608358,0.0115379236222782
24,14,-0.032888466,-0.0058332072971079
24,15,-0.015426629,0.0187681603721577
24,16,0.043034725,-0.00346503581530496
24,17,-0.003403127,0.0221520237639109
24,18,0.013645989,0.0687062178030365
24,19,-0.012219412,-0.00175695091190244
24,20,-0.018979079,0.0203165553747162
24,21,0.001108852,0.0169739660186247
24,22,-0.014297727,0.0375662846730117
24,23,-0.044899189,-0.0130092888996724
24,24,0.014912655,0.0267388846206482
24,25,-0.012992123,0.00263381161847079
24,26,0.00035387,0.0274283314564037
24,27,-0.005677006,-0.00848014354235599
24,28,0.032347213,0.00254184080789488
24,29,-0.012451871,0.0251910652245004
24,30,-0.017314285,0.0349702855142684
24,31,0,0.0245127630872801
24,32,0.025514387,0.00543728846924409
24,33,0.004043236,0.0367429622555457
24,34,-0.035017487,-0.00506124233622725
24,35,-0.013624434,-0.0058743243279191
24,36,0.01091624,-0.0007972604698185
24,37,-0.005959341,0.033250203177995
24,38,0.029079822,-0.00282387352330998
24,39,0.004370107,-0.0121040525868835
24,40,-0.001806321,0.0680025279196903
24,41,0.023222473,0.013316312420858
24,42,-0.000556094,0.0247883630713172
24,43,0.001282138,0.00678087825118977
24,44,0.00131629,-0.00215526022732573
24,45,-0.003864245,-0.00713545805007108
24,46,-0.016201322,-0.00627973171753367
24,47,-0.002989922,5.73957448306702e-05
24,48,-0.016946193,-0.0108328638480939
24,49,0.002855218,-0.00229461622164043
24,50,-0.002035951,-0.00574346574847803
24,51,-0.031508271,-0.00102754278448082
24,52,-0.010164425,0.00365646387237649
24,53,-0.003245746,-0.0039162077961109
24,54,-0.004673293,0.0130489553688678
24,55,0.005344686,0.000276042557896165
24,56,0,-0.00539044128925027
24,57,0.030850062,0.0106025467566267
24,58,0.009368673,0.018013310777221
24,59,0.0071781,-0.00139696738411091
24,60,0.000732597,-0.0117865526898014
24,61,0.015261854,-0.000475634580173976
24,62,-0.000155215,0.00155619819811932
24,63,0.001195446,0.010148041350573
24,64,-0.029242932,-0.0160778932687574
24,65,0.005964074,-0.00283084325485791
24,66,0.011351892,-0.00681134626010939
24,67,-0.012902686,0.0139402055357059
24,68,0.022263616,-0.015952338138388
24,69,0.008186429,-0.00521988164584114
24,70,0.011137931,0.0428339852315624
24,71,-0.001049869,0.00364553614136105
24,72,-0.006946068,0.00032265833038195
24,73,-0.004167314,-0.0103359372442283
24,74,6.35e-05,0.0111678742774246
24,75,0.02178352,-0.00598012713721322
24,76,-0.004807873,-0.000356789527647496
24,77,0.006032852,-0.0102432964372622
24,78,-0.001269391,-0.0112887684561716
24,79,-0.003710877,-0.00357798646328736
24,80,0.005468066,-0.00783866538285604
24,81,-0.005985299,0.00674456339725722
24,82,-0.028583327,-0.0117898075208467
24,83,-0.00539328,-0.00774590230755155
24,84,-0.004031704,-0.00614570994062358
24,85,0.000120447,0.00397192498232059
24,86,0.012118458,-0.00409786085186271
24,87,0.001481685,-0.00348758266782185
24,88,-0.017080409,0.0138578375818487
24,89,-0.003669695,-0.000204256821519064
24,90,-0.004048532,-0.00705810783431637
24,91,-0.014618777,0.00148946916958503
24,92,0.003283982,-0.00853863272769556
24,93,-0.00771448,-0.00655165607932599
24,94,0.016450715,0.00427740987537384
24,95,-0.014437883,-0.00118598775958441
24,96,0.029077658,-0.00560831360071602
24,97,0.009039912,-0.00143210392667958
24,98,0.013132363,0.00903087018522556
24,99,-0.011537451,-0.010615795206858
24,100,0,0.00862069707472234
24,101,0.006418033,-0.00796863067519418
24,102,0.020741297,0.0232712720971144
24,103,-0.00071333,-0.00920723569142042
24,104,0.00353491,-0.0061964062419424
24,105,-0.000364488,-0.0127720247315377
24,106,0.000826575,-0.00108603816514631
24,107,0.015095292,-0.00502191524992813
24,108,-0.002567373,0.00477731323008219
24,109,-0.004837173,-0.0122102526352072
24,110,-0.008366175,-0.0113685758616916
24,111,0.020972838,-0.00633571244660065
24,112,-0.005683545,0.000166156530291148
24,113,0.004838733,-0.0002789974148131
24,114,-0.002591138,-0.0171090796926061
24,115,-0.003088461,-0.0041994532185927
24,116,0.00440668,-0.0060411931820867
24,117,-0.008067421,0.00818223554384281
24,118,0.020646748,-0.0117431771356574
24,119,-0.000672205,-0.00119473028917905
24,120,-0.001647951,-0.00476387642806234
24,121,0.006103643,-0.0139662946814713
24,122,0.000145893,0.00149513080352852
24,123,0.003811421,-0.00528448973842688
24,124,0.007095823,0.000933374225829303
24,125,-0.003648103,-0.0096463546179689
24,126,0.002025533,-0.00854238592519934
24,127,0.007217618,-0.00498774083829019
24,128,-0.016004698,-0.00393297219593124
24,129,0.010469066,-0.00898268409735836
24,130,0.001772366,-0.00479974778641665
24,131,0.002386454,-0.00210871669014363
25,1,0.002261236,-0.00038911210025045
25,2,0.002792559,-0.00741704974822111
25,3,-0.023659567,0.0010624967850861
25,4,0.006441938,0.0110378478888596
25,5,0.012860144,-0.0041845504255019
25,6,-0.016787736,0.000230828883283748
25,7,0.0130352,-0.000538194557060309
25,8,-0.024127171,-0.00392082448912661
25,9,-0.006608358,0.0211366703749274
25,10,-0.032888466,-0.0129169552507744
25,11,-0.015426629,0.0117948235950799
25,12,0.043034725,-0.000459450609133506
25,13,-0.003403127,0.0166531820841171
25,14,0.013645989,-0.0105529044940065
25,15,-0.012219412,-0.0504784909315164
25,16,-0.018979079,0.0225495450365925
25,17,0.001108852,0.0214328209676692
25,18,-0.014297727,0.0108207835497736
25,19,-0.044899189,-0.0204121186033427
25,20,0.014912655,0.0152963253362416
25,21,-0.012992123,-0.0116196466675419
25,22,0.00035387,0.019870623309886
25,23,-0.005677006,0.00573344792743116
25,24,0.032347213,-0.00230247867178318
25,25,-0.012451871,0.0451077532746201
25,26,-0.017314285,0.0342626653788299
25,27,0,0.0587752752417995
25,28,0.025514387,0.00396330593245425
25,29,0.004043236,0.00610375387284227
25,30,-0.035017487,0.00435125839066683
25,31,-0.013624434,-0.00567578454707373
25,32,0.01091624,-0.0123556921908833
25,33,-0.005959341,0.038822013286964
25,34,0.029079822,0.00843261294173466
25,35,0.004370107,-0.00883631149606779
25,36,-0.001806321,0.0230497555325296
25,37,0.023222473,-0.0258748269843442
25,38,-0.000556094,0.0251289766278988
25,39,0.001282138,-0.0202396308793665
25,40,0.00131629,-0.013773804126708
25,41,-0.003864245,-0.0137636586562611
25,42,-0.016201322,-0.00223551305402907
25,43,-0.002989922,0.00732075739506283
25,44,-0.016946193,-0.0179551417690605
25,45,0.002855218,0.00740821674749912
25,46,-0.002035951,-0.000715174058674764
25,47,-0.031508271,0.000933691795635038
25,48,-0.010164425,0.0160404621835763
25,49,-0.003245746,0.0124708404010469
25,50,-0.004673293,0.0130135450826513
25,51,0.005344686,0.016604010632683
25,52,0,-0.00653191036002813
25,53,0.030850062,0.0193513405246841
25,54,0.009368673,0.0193707956740229
25,55,0.0071781,0.00343541122012269
25,56,0.000732597,-0.0139555936008574
25,57,0.015261854,-0.00287494401707057
25,58,-0.000155215,-0.00475641588372055
25,59,0.001195446,0.00777554954902058
25,60,-0.029242932,-0.0133516187369755
25,61,0.005964074,0.0233235859053394
25,62,0.011351892,-0.00192005030475745
25,63,-0.012902686,0.0129807744234825
25,64,0.022263616,-0.00918752437053828
25,65,0.008186429,-0.00286818601205183
25,66,0.011137931,0.0195222049145737
25,67,-0.001049869,-0.019375238417568
25,68,-0.006946068,-0.0140327632849564
25,69,-0.004167314,-0.00963124592232767
25,70,6.35e-05,-0.00858666026556314
25,71,0.02178352,-0.00984434255271956
25,72,-0.004807873,0.0140627552708739
25,73,0.006032852,-0.00617723732836621
25,74,-0.001269391,-0.0156125146587345
25,75,-0.003710877,0.0037243321404955
25,76,0.005468066,-0.00196069962684157
25,77,-0.005985299,0.00719082913223425
25,78,-0.028583327,-0.0217732072404276
25,79,-0.00539328,0.00395389056033616
25,80,-0.004031704,-0.00716953330807673
25,81,0.000120447,0.00444737775265294
25,82,0.012118458,0.00384964451379708
25,83,0.001481685,-0.00712537949287097
25,84,-0.017080409,0.0157646004794694
25,85,-0.003669695,0.0128775327372622
25,86,-0.004048532,-0.0080494413412401
25,87,-0.014618777,0.00942984161847345
25,88,0.003283982,0.00626912336288963
25,89,-0.00771448,-0.0065646544746658
25,90,0.016450715,0.00452583818047403
25,91,-0.014437883,0.00729661672831877
25,92,0.029077658,0.00485199463451002
25,93,0.009039912,0.000447939452678793
25,94,0.013132363,0.021595955331454
25,95,-0.011537451,-0.0189088337109396
25,96,0,-0.00472128863133374
25,97,0.006418033,-0.0159126373653393
25,98,0.020741297,-0.00551071873468115
25,99,-0.00071333,-0.00577398269129001
25,100,0.00353491,0.0129550497858528
25,101,-0.000364488,-0.00743408041167374
25,102,0.000826575,-0.00375218562273365
25,103,0.015095292,-0.000535590327236231
25,104,-0.002567373,0.0106624845612557
25,105,-0.004837173,-0.0155688402903515
25,106,-0.008366175,-0.0100713143812875
25,107,0.020972838,-0.00533850240937541
25,108,-0.005683545,0.00422046879027198
25,109,0.004838733,0.00512395323946997
25,110,-0.002591138,-0.011818060823361
25,111,-0.003088461,-0.00372236919414289
25,112,0.00440668,-0.00609451123614839
25,113,-0.008067421,0.00642778722215972
25,114,0.020646748,-0.023199026178155
25,115,-0.000672205,-0.00417827657122713
25,116,-0.001647951,-0.00535972623417004
25,117,0.006103643,-0.0125660549588541
25,118,0.000145893,0.00249677182032981
25,119,0.003811421,-0.0103853095213859
25,120,0.007095823,-0.0034180973529179
25,121,-0.003648103,-0.0151293442308038
25,122,0.002025533,-0.0066632805692606
25,123,0.007217618,-0.00234007962405221
25,124,-0.016004698,-0.00356830899980927
25,125,0.010469066,0.00148529283928025
25,126,0.001772366,-0.000569849270689061
25,127,0.002386454,-0.00403048340456242
25,128,0.002144637,-0.00638727093625597
25,129,1.69e-05,-0.000472930428666383
25,130,-0.002694156,-0.00423336776870493
25,131,0.001630874,-0.0060621468160223
26,1,0.006441938,0.0024884439906557
26,2,0.012860144,-0.00108248071434459
26,3,-0.016787736,-0.000571080050066702
26,4,0.0130352,-0.00606055995634025
26,5,-0.024127171,-0.00615169719639941
26,6,-0.006608358,0.0115157144429741
26,7,-0.032888466,-0.000160109950308573
26,8,-0.015426629,0.0210765999773211
26,9,0.043034725,0.00131437075417298
26,10,-0.003403127,0.0142068537500301
26,11,0.013645989,0.00531644355682086
26,12,-0.012219412,-0.0197224827806513
26,13,-0.018979079,0.0202201596814467
26,14,0.001108852,0.0186117531283114
26,15,-0.014297727,0.0543611689142187
26,16,-0.044899189,-0.0443250430889037
26,17,0.014912655,0.0269544104361402
26,18,-0.012992123,0.000182740181250862
26,19,0.00035387,0.0142839727575729
26,20,-0.005677006,0.00851312470757072
26,21,0.032347213,0.00991989953702209
26,22,-0.012451871,0.0243088144271666
26,23,-0.017314285,0.0195315128225422
26,24,0,0.0558912729452073
26,25,0.025514387,0.000692660190726113
26,26,0.004043236,0.00918788623148369
26,27,-0.035017487,-0.0116674161047563
26,28,-0.013624434,-0.000649006708133809
26,29,0.01091624,-0.00776594805766023
26,30,-0.005959341,0.0250275812219095
26,31,0.029079822,0.0237863249148333
26,32,0.004370107,-0.014153215653898
26,33,-0.001806321,0.00830213967129134
26,34,0.023222473,-0.00166618616156064
26,35,-0.000556094,0.0245287965677915
26,36,0.001282138,-0.0023051635917202
26,37,0.00131629,0.0117700318472454
26,38,-0.003864245,-0.0212555935660072
26,39,-0.016201322,-0.00880884890529382
26,40,-0.002989922,0.0142271647303805
26,41,-0.016946193,-0.0112596347779029
26,42,0.002855218,-0.00453659748006718
26,43,-0.002035951,-0.00137952679527503
26,44,-0.031508271,0.00384433255782893
26,45,-0.010164425,0.0188762950195688
26,46,-0.003245746,0.0106395844739607
26,47,-0.004673293,0.0183403753636925
26,48,0.005344686,0.0113613548595123
26,49,0,0.00123705487161273
26,50,0.030850062,0.0141037474175113
26,51,0.009368673,0.0160694892667304
26,52,0.0071781,0.00331950691015352
26,53,0.000732597,-0.00286013692430112
26,54,0.015261854,-0.00245961689905169
26,55,-0.000155215,-0.00403535356047646
26,56,0.001195446,0.0212596481981191
26,57,-0.029242932,-0.018735667879657
26,58,0.005964074,-0.00023650305330003
26,59,0.011351892,-0.00630729264314103
26,60,-0.012902686,0.0108748909718753
26,61,0.022263616,-0.00837774670035235
26,62,0.008186429,-0.00929367201481668
26,63,0.011137931,0.0146113732417418
26,64,-0.001049869,-0.00290627573148233
26,65,-0.006946068,-0.00689082922439645
26,66,-0.004167314,-0.00241967919478484
26,67,6.35e-05,0.0138808970346407
26,68,0.02178352,-0.0115609110398959
26,69,-0.004807873,-0.00293275963613909
26,70,0.006032852,-0.00617596987520996
26,71,-0.001269391,-0.00713272023181902
26,72,-0.003710877,0.00582883367277071
26,73,0.005468066,0.00157582331479708
26,74,-0.005985299,0.015411665331395
26,75,-0.028583327,-0.00836587240955053
26,76,-0.00539328,-0.00344477397972409
26,77,-0.004031704,-0.0011342820821672
26,78,0.000120447,0.00566286548590067
26,79,0.012118458,0.000904228920138278
26,80,0.001481685,0.0006881521962942
26,81,-0.017080409,0.011824303799049
26,82,-0.003669695,0.0125376859254073
26,83,-0.004048532,0.000301463581986689
26,84,-0.014618777,0.00782425224503749
26,85,0.003283982,0.00609863199023147
26,86,-0.00771448,-0.00654069556921388
26,87,0.016450715,0.00606737856723893
26,88,-0.014437883,0.00559372645227421
26,89,0.029077658,0.00815192715643498
26,90,0.009039912,0.00363539328981471
26,91,0.013132363,0.0121529927639956
26,92,-0.011537451,-0.00336017060626689
26,93,0,0.00719210128039496
26,94,0.006418033,-0.00341632632593619
26,95,0.020741297,0.0223261283525107
26,96,-0.00071333,-0.0192938669682853
26,97,0.00353491,-0.00839365513474821
26,98,-0.000364488,-0.00473313240199486
26,99,0.000826575,-0.00296313421109234
26,100,0.015095292,0.000775478297831853
26,101,-0.002567373,0.0100335636268172
26,102,-0.004837173,-0.00915771971675244
26,103,-0.008366175,-0.0130922753273592
26,104,0.020972838,-0.00176999568490191
26,105,-0.005683545,-0.00116992078759962
26,106,0.004838733,0.00242838166960999
26,107,-0.002591138,-0.00887827706256311
26,108,-0.003088461,-0.00165481005071727
26,109,0.00440668,0.004264903518506
26,110,-0.008067421,0.0198862859107425
26,111,0.020646748,-0.00869018356465406
26,112,-0.000672205,-0.0110844102172944
26,113,-0.001647951,0.000789313873988812
26,114,0.006103643,-0.00627114208413126
26,115,0.000145893,-0.000580151962762759
26,116,0.003811421,0.00155473135269446
26,117,0.007095823,0.0120430356046533
26,118,-0.003648103,-0.0108478394058459
26,119,0.002025533,-0.00773642071441866
26,120,0.007217618,-0.00317694260971144
26,121,-0.016004698,-0.0028424575853373
26,122,0.010469066,-0.00526569568764643
26,123,0.001772366,-0.00445701014802347
26,124,0.002386454,-0.000195496550333629
26,125,0.002144637,-0.00624979817238988
26,126,1.69e-05,-0.00137344968844
26,127,-0.002694156,0.00206621124773318
26,128,0.001630874,0.00379974957450871
26,129,0.007729385,-0.00625902276184922
26,130,0.003671294,-0.00514032268214407
26,131,0.019099224,-0.00396921838702187
27,1,0.012860144,-0.0105198881801977
27,2,-0.016787736,-0.00550611520835368
27,3,0.0130352,-0.00683959961869653
27,4,-0.024127171,-0.00717245497465653
27,5,-0.006608358,0.00379137744994253
27,6,-0.032888466,-4.63902046401936e-05
27,7,-0.015426629,-0.00991299588685587
27,8,0.043034725,-0.00143861985976081
27,9,-0.003403127,0.0151136797170769
27,10,0.013645989,0.0693950444549211
27,11,-0.012219412,0.00372464095533638
27,12,-0.018979079,0.0261861603833993
27,13,0.001108852,0.0328754271449248
27,14,-0.014297727,0.0140955493796744
27,15,-0.044899189,-0.0216077788857085
27,16,0.014912655,0.0552997186396029
27,17,-0.012992123,-0.00585826112084182
27,18,0.00035387,-0.0129588443091602
27,19,-0.005677006,0.0561657591228122
27,20,0.032347213,0.00193698882999357
27,21,-0.012451871,0.00544711848081465
27,22,-0.017314285,0.0840577395212433
27,23,0,-0.0165447900497414
27,24,0.025514387,0.00321095449787662
27,25,0.004043236,-0.0113264971780062
27,26,-0.035017487,0.00207225091372633
27,27,-0.013624434,-0.00533202503736807
27,28,0.01091624,0.024048917446397
27,29,-0.005959341,0.00469489297646147
27,30,0.029079822,0.0459305331382998
27,31,0.004370107,-0.0266043622319689
27,32,-0.001806321,-0.0244203256735985
27,33,0.023222473,0.0387137718241198
27,34,-0.000556094,0.00457491575604423
27,35,0.001282138,0.0183017293622611
27,36,0.00131629,0.00927854191828417
27,37,-0.003864245,-0.0133447501016653
27,38,-0.016201322,-0.00659406803680482
27,39,-0.002989922,0.00426185059515996
27,40,-0.016946193,-0.0114948073969467
27,41,0.002855218,-0.00373567510941471
27,42,-0.002035951,-0.0240735539677004
27,43,-0.031508271,-0.00170834785478689
27,44,-0.010164425,-0.014962425696967
27,45,-0.003245746,0.00652513858038254
27,46,-0.004673293,-0.00313075081112884
27,47,0.005344686,0.025072264546393
27,48,0,-0.0132769913809797
27,49,0.030850062,0.0074388774823574
27,50,0.009368673,0.0330904775021649
27,51,0.0071781,0.0588912999171296
27,52,0.000732597,0.00740643431923515
27,53,0.015261854,-0.00292874474988208
27,54,-0.000155215,-0.0047502054308274
27,55,0.001195446,0.0080327795466592
27,56,-0.029242932,-0.0108873021873542
27,57,0.005964074,-0.0023468772632254
27,58,0.011351892,-0.00437605260245913
27,59,-0.012902686,-0.000867529522339375
27,60,0.022263616,0.00757899295204389
27,61,0.008186429,-0.00157294664150267
27,62,0.011137931,0.0105671608031721
27,63,-0.001049869,0.0149413326921611
27,64,-0.006946068,0.016792053919004
27,65,-0.004167314,-0.00413890159590428
27,66,6.35e-05,0.0117022611593551
27,67,0.02178352,-0.0110466274995653
27,68,-0.004807873,-0.00305291683623445
27,69,0.006032852,-0.00856566887306419
27,70,-0.001269391,-0.00128994132866949
27,71,-0.003710877,-0.000269050839792603
27,72,0.005468066,-0.00161099905865949
27,73,-0.005985299,0.00213649002341302
27,74,-0.028583327,-0.00603781585123031
27,75,-0.00539328,-0.00026164465510822
27,76,-0.004031704,-0.00790542665830073
27,77,0.000120447,-0.00206947617845911
27,78,0.012118458,0.00579432306289792
27,79,0.001481685,-0.00191453444838587
27,80,-0.017080409,0.00697561750799885
27,81,-0.003669695,0.0285336858554774
27,82,-0.004048532,-0.0111589934039238
27,83,-0.014618777,-0.00372145192447097
27,84,0.003283982,-0.0190500020013017
27,85,-0.00771448,-0.0080777122361307
27,86,0.016450715,-0.000642042070621105
27,87,-0.014437883,-0.00653808835291097
27,88,0.029077658,0.018585477424386
27,89,0.009039912,-0.00259325646931827
27,90,0.013132363,0.0180843646761805
27,91,-0.011537451,-0.00629379922675667
27,92,0,0.00171469471447817
27,93,0.006418033,-0.00794252041305497
27,94,0.020741297,0.0225371465520552
27,95,-0.00071333,-0.0119661408730132
27,96,0.00353491,-0.0165523965278715
27,97,-0.000364488,-0.00512598630535205
27,98,0.000826575,-0.00284436168647597
27,99,0.015095292,-0.0027829646359585
27,100,-0.002567373,0.00165000088843509
27,101,-0.004837173,-0.0095707524472875
27,102,-0.008366175,-0.00516409478475206
27,103,0.020972838,-0.00719183651077643
27,104,-0.005683545,-0.00470342456896973
27,105,0.004838733,0.00732092338200886
27,106,-0.002591138,-0.0116359994004711
27,107,-0.003088461,-0.00725935289591813
27,108,0.00440668,0.000329916958907574
27,109,-0.008067421,0.0043913295955939
27,110,0.020646748,-0.00292688747789037
27,111,-0.000672205,-4.38012139039965e-05
27,112,-0.001647951,0.00790104810590474
27,113,0.006103643,-0.0052757032040457
27,114,0.000145893,-0.00627679909323427
27,115,0.003811421,0.00102305337645134
27,116,0.007095823,0.00524190125062091
27,117,-0.003648103,-0.00572649674108716
27,118,0.002025533,-0.0100365810702523
27,119,0.007217618,-0.00522831680425955
27,120,-0.016004698,-0.00477513261502116
27,121,0.010469066,-0.00483592380929663
27,122,0.001772366,-0.00633790096439304
27,123,0.002386454,-0.0041735137943014
27,124,0.002144637,-0.0219280776262929
27,125,1.69e-05,-0.00366394251662609
27,126,-0.002694156,-0.000503664674146503
27,127,0.001630874,0.00844235411633535
27,128,0.007729385,-0.00763359607689966
27,129,0.003671294,-0.00615270065029861
27,130,0.019099224,-0.00292728334967634
27,131,0.003915147,-0.00370489708273002
28,1,-0.006608358,0.0111117662161503
28,2,-0.032888466,0.0189153631429954
28,3,-0.015426629,-0.00243082588612578
28,4,0.043034725,0.00837172078344704
28,5,-0.003403127,0.00443662545046166
28,6,0.013645989,0.0792540700189857
28,7,-0.012219412,0.000983781557146609
28,8,-0.018979079,0.0298834746590069
28,9,0.001108852,0.00861941697742848
28,10,-0.014297727,0.0643192933155637
28,11,-0.044899189,-0.0717474854970405
28,12,0.014912655,0.044930768730191
28,13,-0.012992123,-0.00434954234370272
28,14,0.00035387,0.00598493457874485
28,15,-0.005677006,0.0122801741296988
28,16,0.032347213,-0.00763012177763789
28,17,-0.012451871,0.0188476069736676
28,18,-0.017314285,0.0442023564916816
28,19,0,0.027101554418569
28,20,0.025514387,-0.00198632583179142
28,21,0.004043236,-0.00415083312415503
28,22,-0.035017487,0.0114698209905363
28,23,-0.013624434,-0.0326230791206473
28,24,0.01091624,0.0188524655375716
28,25,-0.005959341,0.0204956221712233
28,26,0.029079822,0.0178699696134496
28,27,0.004370107,-0.01557610719911
28,28,-0.001806321,0.0617473224872863
28,29,0.023222473,0.0273775685958769
28,30,-0.000556094,0.0361242424671671
28,31,0.001282138,0.00678929627636543
28,32,0.00131629,0.0147088981650583
28,33,-0.003864245,-0.0230660323651528
28,34,-0.016201322,0.0121026728904039
28,35,-0.002989922,0.0118408666428361
28,36,-0.016946193,-0.00403832350840599
28,37,0.002855218,-0.00835407319309503
28,38,-0.002035951,-0.00125620431867974
28,39,-0.031508271,-0.008131849588256
28,40,-0.010164425,0.000100851933083054
28,41,-0.003245746,0.00701729628935358
28,42,-0.004673293,0.00789138821222986
28,43,0.005344686,0.00640039069372799
28,44,0,-0.00885446079511809
28,45,0.030850062,-0.000220196963082181
28,46,0.009368673,0.0239309301640816
28,47,0.0071781,0.0377555336235754
28,48,0.000732597,0.00163155269103475
28,49,0.015261854,-0.00466772397911931
28,50,-0.000155215,-0.0063572756657381
28,51,0.001195446,0.0153680249486955
28,52,-0.029242932,-0.0170108652160669
28,53,0.005964074,0.0161999060984856
28,54,0.011351892,0.00428979299237715
28,55,-0.012902686,0.000847626463359945
28,56,0.022263616,-0.00734902273237112
28,57,0.008186429,-0.00979744591428951
28,58,0.011137931,0.0409055251926722
28,59,-0.001049869,0.0180583012604162
28,60,-0.006946068,0.0015992878192526
28,61,-0.004167314,0.00436657034562118
28,62,6.35e-05,0.014207554649987
28,63,0.02178352,-0.00906237941623695
28,64,-0.004807873,0.000257627410529369
28,65,0.006032852,-0.0060415250436047
28,66,-0.001269391,-0.00430582161513434
28,67,-0.003710877,-0.00301264175894702
28,68,0.005468066,0.00447085691350272
28,69,-0.005985299,0.0110689181701663
28,70,-0.028583327,-0.00577716432825888
28,71,-0.00539328,-0.00972357417772499
28,72,-0.004031704,-0.00186353117536061
28,73,0.000120447,-0.00158407112833642
28,74,0.012118458,-0.00432486970555716
28,75,0.001481685,-0.00998601916754276
28,76,-0.017080409,0.00795890670629285
28,77,-0.003669695,0.0212111772117836
28,78,-0.004048532,0.0117691324191513
28,79,-0.014618777,0.00203770122498254
28,80,0.003283982,0.00352443912450815
28,81,-0.00771448,-0.00649383805615205
28,82,0.016450715,-0.00398945167402983
28,83,-0.014437883,0.00668292203941985
28,84,0.029077658,0.00475857056624562
28,85,0.009039912,0.00566646732798936
28,86,0.013132363,-0.0011706516255777
28,87,-0.011537451,0.00275930231445653
28,88,0,-0.00227578300000406
28,89,0.006418033,-0.00134323456588848
28,90,0.020741297,0.0171431168703247
28,91,-0.00071333,-0.0227344362964008
28,92,0.00353491,0.00351698149354161
28,93,-0.000364488,-0.000602442054300342
28,94,0.000826575,-0.00755622611126027
28,95,0.015095292,0.00368219296078361
28,96,-0.002567373,0.00823535304117858
28,97,-0.004837173,-0.00432306624643336
28,98,-0.008366175,-0.00909504807064847
28,99,0.020972838,-0.00302467714815984
28,100,-0.005683545,0.000900392013691149
28,101,0.004838733,-0.00173968536229824
28,102,-0.002591138,-0.00494044653375136
28,103,-0.003088461,-0.0111365339608814
28,104,0.00440668,0.00541340681635712
28,105,-0.008067421,0.0126609429782553
28,106,0.020646748,-0.00923931006429194
28,107,-0.000672205,-0.0104197542601835
28,108,-0.001647951,-0.000619068811065137
28,109,0.006103643,-0.00319699004045384
28,110,0.000145893,-0.00553811184903345
28,111,0.003811421,0.00121675204476593
28,112,0.007095823,0.00811833693524032
28,113,-0.003648103,-0.0117477770967497
28,114,0.002025533,-0.0104627421967401
28,115,0.007217618,-0.00288026242872079
28,116,-0.016004698,-0.00453958757705617
28,117,0.010469066,-0.00705817160148698
28,118,0.001772366,-0.000615447045944093
28,119,0.002386454,-0.00505992114010459
28,120,0.002144637,-0.00548225616941176
28,121,1.69e-05,-0.00725804694046433
28,122,-0.002694156,0.00110728241345368
28,123,0.001630874,0.00467269409309017
28,124,0.007729385,-0.00728389422666849
28,125,0.003671294,-0.00679355651165383
28,126,0.019099224,-0.00736693922267924
28,127,0.003915147,-0.00644060851316574
28,128,-0.00212323,-0.00163212584569369
28,129,-0.008084915,-0.00332648048195104
28,130,0.004366586,-0.00111516006009098
28,131,-0.004251214,0.000658609397437001
29,1,-0.032888466,-0.000383080860748272
29,2,-0.015426629,0.0020554931949934
29,3,0.043034725,0.0014255591574652
29,4,-0.003403127,0.0161682807113249
29,5,0.013645989,0.0287708086697944
29,6,-0.012219412,-0.00632537264140525
29,7,-0.018979079,0.00899826049965105
29,8,0.001108852,0.030177461459701
29,9,-0.014297727,0.0234176048527697
29,10,-0.044899189,-0.0168788517375379
29,11,0.014912655,-0.0120719161101071
29,12,-0.012992123,0.00519481438215257
29,13,0.00035387,0.00397723209845439
29,14,-0.005677006,0.049901431291269
29,15,0.032347213,0.00728525323735406
29,16,-0.012451871,0.00965204689540118
29,17,-0.017314285,0.0460941046738992
29,18,0,0.0507772666590922
29,19,0.025514387,-0.000435778580472668
29,20,0.004043236,-0.00346726937342746
29,21,-0.035017487,-0.00100873513239939
29,22,-0.013624434,-0.00710906143423079
29,23,0.01091624,-0.0066803233821327
29,24,-0.005959341,0.0262394791975857
29,25,0.029079822,0.0323449081528549
29,26,0.004370107,-0.029420717813828
29,27,-0.001806321,0.0285021073106856
29,28,0.023222473,0.0256842971712315
29,29,-0.000556094,0.0141792489884217
29,30,0.001282138,0.00315300826876409
29,31,0.00131629,-0.00138840962629053
29,32,-0.003864245,-0.00788977832356262
29,33,-0.016201322,0.0184323289030007
29,34,-0.002989922,0.00249228949676331
29,35,-0.016946193,-0.00663583575472602
29,36,0.002855218,0.00256226591267159
29,37,-0.002035951,-0.0149606442774774
29,38,-0.031508271,0.0032403736660574
29,39,-0.010164425,-0.00711125219828275
29,40,-0.003245746,0.0121428431783993
29,41,-0.004673293,0.018686176747333
29,42,0.005344686,0.0277554096387199
29,43,0,-0.006488316598143
29,44,0.030850062,0.0121252970821452
29,45,0.009368673,0.0267161326592364
29,46,0.0071781,-0.00486969036303644
29,47,0.000732597,0.00113460320793184
29,48,0.015261854,-0.00338886703346833
29,49,-0.000155215,-0.004408655379249
29,50,0.001195446,0.004244541627125
29,51,-0.029242932,-0.01299891397
29,52,0.005964074,0.0402221233599944
29,53,0.011351892,-0.0102564705443944
29,54,-0.012902686,0.00665092453983484
29,55,0.022263616,0.0013208212869807
29,56,0.008186429,-0.0107474532173755
29,57,0.011137931,0.0135807115097213
29,58,-0.001049869,0.000178515980708641
29,59,-0.006946068,-0.0139771731629831
29,60,-0.004167314,-0.006840605756762
29,61,6.35e-05,0.00627680613704577
29,62,0.02178352,0.00187460636790983
29,63,-0.004807873,0.0189638359883814
29,64,0.006032852,-0.00933797319841134
29,65,-0.001269391,-0.00952524711185792
29,66,-0.003710877,0.00255738887797877
29,67,0.005468066,0.000321696019042897
29,68,-0.005985299,0.0064562947365135
29,69,-0.028583327,-0.00522015971191476
29,70,-0.00539328,-0.010961545474004
29,71,-0.004031704,0.000242517890716339
29,72,0.000120447,0.0050592250949523
29,73,0.012118458,0.0105095970186226
29,74,0.001481685,0.00190632418753333
29,75,-0.017080409,0.00912894979421462
29,76,-0.003669695,0.0216169367275347
29,77,-0.004048532,-0.00906631922497916
29,78,-0.014618777,0.00614905789720917
29,79,0.003283982,-0.00712591527720788
29,80,-0.00771448,-0.00524656799458076
29,81,0.016450715,0.00350314198995182
29,82,-0.014437883,-0.00618831978522663
29,83,0.029077658,0.00469810312667487
29,84,0.009039912,0.00284289576432811
29,85,0.013132363,0.0125809977484273
29,86,-0.011537451,-0.0151746447757587
29,87,0,-0.000441685208312587
29,88,0.006418033,-0.00101271237348671
29,89,0.020741297,0.0106703177444688
29,90,-0.00071333,-0.0151213319479625
29,91,0.00353491,0.0354147828118948
29,92,-0.000364488,-0.0104249444152878
29,93,0.000826575,-0.00367355856935253
29,94,0.015095292,0.0034411985931447
29,95,-0.002567373,0.00206023222000286
29,96,-0.004837173,-0.0115339156113574
29,97,-0.008366175,-0.00791060700775463
29,98,0.020972838,-0.00315729417580225
29,99,-0.005683545,-0.0033092259991796
29,100,0.004838733,0.00446275811829744
29,101,-0.002591138,-0.0121238165884772
29,102,-0.003088461,-0.00476304863750625
29,103,0.00440668,0.00244259125492567
29,104,-0.008067421,0.0108242828801686
29,105,0.020646748,-0.000337096716538993
29,106,-0.000672205,-0.0123326201406252
29,107,-0.001647951,0.00229894558087203
29,108,0.006103643,-0.00833564231810801
29,109,0.000145893,-0.000946119998529144
29,110,0.003811421,0.00184799299415618
29,111,0.007095823,0.00329303122171647
29,112,-0.003648103,-0.00409227792624221
29,113,0.002025533,-0.0040836503294108
29,114,0.007217618,-0.00320992896687591
29,115,-0.016004698,-0.00285510816047312
29,116,0.010469066,-0.00616538920622687
29,117,0.001772366,-0.00465914430552886
29,118,0.002386454,-0.000501868628768873
29,119,0.002144637,-0.0218694644567592
29,120,1.69e-05,-0.000931654592979801
29,121,-0.002694156,0.000688471645703972
29,122,0.001630874,0.00634866143898446
29,123,0.007729385,-0.00263568698650758
29,124,0.003671294,-0.00815635889115099
29,125,0.019099224,-0.00505295344308011
29,126,0.003915147,-0.00703018487804449
29,127,-0.00212323,-0.00418480812234617
29,128,-0.008084915,-0.00716463108458783
29,129,0.004366586,-0.00221322420426973
29,130,-0.004251214,-0.00501372764799148
29,131,-0.011878701,0.000768198681720258
30,1,0.043034725,-0.00389212383639372
30,2,-0.003403127,0.0210175207789447
30,3,0.013645989,-0.0048356651484342
30,4,-0.012219412,-0.0409548036983129
30,5,-0.018979079,0.0268565009829446
30,6,0.001108852,-0.0028435625060678
30,7,-0.014297727,0.00911884673632506
30,8,-0.044899189,-0.0190939337384621
30,9,0.014912655,0.0495074079309907
30,10,-0.012992123,-0.0202460533032967
30,11,0.00035387,0.0185523027098515
30,12,-0.005677006,-0.0160801913496903
30,13,0.032347213,0.000180452294666569
30,14,-0.012451871,0.0273090145697306
30,15,-0.017314285,0.0276790256893346
30,16,0,-0.00397768696462051
30,17,0.025514387,0.010607837816525
30,18,0.004043236,-0.00489503142144832
30,19,-0.035017487,-0.00664228400967793
30,20,-0.013624434,-0.00936133957019854
30,21,0.01091624,0.0508896895837516
30,22,-0.005959341,0.0132779327574918
30,23,0.029079822,0.0146208737832604
30,24,0.004370107,-0.00500961015912312
30,25,-0.001806321,-0.00566113114172213
30,26,0.023222473,-0.0305573864792823
30,27,-0.000556094,0.00164211909293823
30,28,0.001282138,0.0154364753024566
30,29,0.00131629,-0.00169980926882864
30,30,-0.003864245,-0.00191541342446112
30,31,-0.016201322,0.00281921314546164
30,32,-0.002989922,0.00178992426622499
30,33,-0.016946193,-0.0156554593579007
30,34,0.002855218,-0.00565198778152307
30,35,-0.002035951,-0.0115776080087573
30,36,-0.031508271,-0.00554161472484699
30,37,-0.010164425,0.00242365332616393
30,38,-0.003245746,-0.0038036844569463
30,39,-0.004673293,-0.00432942228712457
30,40,0.005344686,0.0101136288572622
30,41,0,-0.0109709163493423
30,42,0.030850062,0.012173321499674
30,43,0.009368673,0.014732491583151
30,44,0.0071781,-0.00363315811952956
30,45,0.000732597,0.000647584271438823
30,46,0.015261854,-0.00677825832398201
30,47,-0.000155215,-0.00746078992459079
30,48,0.001195446,0.0134160710447501
30,49,-0.029242932,0.01109439357103
30,50,0.005964074,0.0104626061800096
30,51,0.011351892,-0.00673661828454072
30,52,-0.012902686,-0.000225724597686008
30,53,0.022263616,-0.00667577116943756
30,54,0.008186429,-0.00446460975460984
30,55,0.011137931,0.0185360222671423
30,56,-0.001049869,-0.0230322548505906
30,57,-0.006946068,0.0131224490626909
30,58,-0.004167314,-0.00398228525742242
30,59,6.35e-05,0.00407967289408199
30,60,0.02178352,0.000888717895612335
30,61,-0.004807873,0.0013257306977285
30,62,0.006032852,0.00297933692812705
30,63,-0.001269391,-0.00305396257402945
30,64,-0.003710877,-0.000424665983723467
30,65,0.005468066,-0.00706735992321943
30,66,-0.005985299,0.00259706773818067
30,67,-0.028583327,-0.0107890393188657
30,68,-0.00539328,-0.00699308339720484
30,69,-0.004031704,-0.0189183095435004
30,70,0.000120447,-0.00569549499442384
30,71,0.012118458,-0.010057734074235
30,72,0.001481685,-0.0061973481714507
30,73,-0.017080409,0.0121067169126738
30,74,-0.003669695,-0.000355353240670901
30,75,-0.004048532,-0.0171886671761243
30,76,-0.014618777,-0.00798250778706223
30,77,0.003283982,-0.00507145236972104
30,78,-0.00771448,-0.0109909795159526
30,79,0.016450715,0.00141837958229041
30,80,-0.014437883,0.00276200341164762
30,81,0.029077658,0.00789874692639754
30,82,0.009039912,-0.0030641955577198
30,83,0.013132363,-0.00520412275669594
30,84,-0.011537451,0.0012988710453751
30,85,0,-0.00372237115245195
30,86,0.006418033,-0.0100736832200112
30,87,0.020741297,0.0142695444819507
30,88,-0.00071333,0.0132267004768497
30,89,0.00353491,0.012882424369552
30,90,-0.000364488,-0.00523792834752173
30,91,0.000826575,-0.000579901922252771
30,92,0.015095292,-0.00845390170461329
30,93,-0.002567373,0.0121216863742522
30,94,-0.004837173,-0.00515048947343309
30,95,-0.008366175,-0.00655711287934276
30,96,0.020972838,-0.00873111095335885
30,97,-0.005683545,-0.00820366467869933
30,98,0.004838733,0.00884426122173327
30,99,-0.002591138,-0.0125008860014611
30,100,-0.003088461,-0.00508840797134971
30,101,0.00440668,-0.00234744444373578
30,102,-0.008067421,-0.00273126712729517
30,103,0.020646748,-0.00929442566365723
30,104,-0.000672205,-0.00591073785634879
30,105,-0.001647951,0.00670443862294939
30,106,0.006103643,-0.00536472892135699
30,107,0.000145893,-0.00888244254425009
30,108,0.003811421,-0.00266388375419014
30,109,0.007095823,-0.00342474202721589
30,110,-0.003648103,-0.00892814409873549
30,111,0.002025533,-0.00876355289855836
30,112,0.007217618,-0.00952748323451249
30,113,-0.016004698,-0.00718445809305391
30,114,0.010469066,-0.00709806471153885
30,115,0.001772366,-0.00990803094184902
30,116,0.002386454,-0.00669661824977933
30,117,0.002144637,-0.00723863416455133
30,118,1.69e-05,-0.00594321685602676
30,119,-0.002694156,-0.000412408021372891
30,120,0.001630874,-8.65905693003335e-05
30,121,0.007729385,-0.00938518451278058
30,122,0.003671294,-0.00730858316500305
30,123,0.019099224,-0.00582277903142453
30,124,0.003915147,-0.00660053702212095
30,125,-0.00212323,-0.00019172796177362
30,126,-0.008084915,-0.00628400688069868
30,127,0.004366586,-0.0071167992414344
30,128,-0.004251214,-0.008130072764829
30,129,-0.011878701,0.00657000327163746
30,130,-0.00121821,-0.00530402562804313
30,131,7.51e-05,-0.00386453862905607
31,1,0.014912655,0.00439258083867846
31,2,-0.012992123,0.0761552778207316
31,3,0.00035387,0.0203731335544897
31,4,-0.005677006,-0.0255112372590537
31,5,0.032347213,0.00445803563858253
31,6,-0.012451871,0.0122643470678661
31,7,-0.017314285,-0.0605022500321716
31,8,0,0.0216184081669377
31,9,0.025514387,0.0264656624852216
31,10,0.004043236,0.00313402998447751
31,11,-0.035017487,0.00185108864368567
31,12,-0.013624434,0.0278020075736743
31,13,0.01091624,0.0389431139457123
31,14,-0.005959341,0.0293496600056811
31,15,0.029079822,0.00535242901814802
31,16,0.004370107,-0.00495493899010778
31,17,-0.001806321,-0.00647626743412347
31,18,0.023222473,-0.0261427541550349
31,19,-0.000556094,0.00480209218783112
31,20,0.001282138,0.0143278260772457
31,21,0.00131629,-0.00431540016165068
31,22,-0.003864245,-0.019376170560195
31,23,-0.016201322,-0.00195666614153715
31,24,-0.002989922,0.00930058908702413
31,25,-0.016946193,-0.017644696073408
31,26,0.002855218,0.00166579731685224
31,27,-0.002035951,0.00311717149241686
31,28,-0.031508271,0.000375020355076548
31,29,-0.010164425,-0.000217582758418534
31,30,-0.003245746,0.0301959092640388
31,31,-0.004673293,0.00901413591366874
31,32,0.005344686,0.0146970225739839
31,33,0,-0.00392507462886977
31,34,0.030850062,0.00544383175145231
31,35,0.009368673,0.0160103475079994
31,36,0.0071781,-0.0185643269597436
31,37,0.000732597,0.0358209896583654
31,38,0.015261854,0.00712783495749961
31,39,-0.000155215,4.88959034687271e-05
31,40,0.001195446,0.00345858644177041
31,41,-0.029242932,-0.0135592536981319
31,42,0.005964074,-0.00861442552692681
31,43,0.011351892,0.0239131323311532
31,44,-0.012902686,0.00342459181263047
31,45,0.022263616,-0.00460831571604944
31,46,0.008186429,-0.0152040821836657
31,47,0.011137931,0.00649152038935607
31,48,-0.001049869,-0.0197649877247205
31,49,-0.006946068,0.00194728316743337
31,50,-0.004167314,0.00550405257250964
31,51,6.35e-05,-0.000550788624650782
31,52,0.02178352,-0.0139978863374223
31,53,-0.004807873,-0.00187562155820109
31,54,0.006032852,0.00784860494703309
31,55,-0.001269391,-0.0158381759783008
31,56,-0.003710877,0.000320139966937681
31,57,0.005468066,0.00368434965150972
31,58,-0.005985299,-0.00134012098869331
31,59,-0.028583327,-0.0130655356558098
31,60,-0.00539328,0.00137548924856121
31,61,-0.004031704,0.0193624348495512
31,62,0.000120447,0.0075658917449094
31,63,0.012118458,-0.00389604731337507
31,64,0.001481685,-0.00580059117670834
31,65,-0.017080409,0.00199195136712202
31,66,-0.003669695,-0.00770695876833107
31,67,-0.004048532,0.000775915617008776
31,68,-0.014618777,0.0159464678460461
31,69,0.003283982,-0.00126872403039669
31,70,-0.00771448,-0.00799307726712902
31,71,0.016450715,-0.000801375875452795
31,72,-0.014437883,0.00681684921499731
31,73,0.029077658,0.00396146593310312
31,74,0.009039912,-0.0218329454156704
31,75,0.013132363,-0.0138832665946299
31,76,-0.011537451,0.0281878735101678
31,77,0,0.0138965800052674
31,78,0.006418033,-0.0186423348585575
31,79,0.020741297,0.00999557770730804
31,80,-0.00071333,-0.0150485495706503
31,81,0.00353491,0.0210328092170039
31,82,-0.000364488,0.0106435873607023
31,83,0.000826575,0.000421095522563357
31,84,0.015095292,0.000544818180311456
31,85,-0.002567373,-0.00204158994493229
31,86,-0.004837173,-0.00959662916820666
31,87,-0.008366175,-0.0175051900342385
31,88,0.020972838,0.000227457225751094
31,89,-0.005683545,-0.00275286314052689
31,90,0.004838733,0.00272155105049888
31,91,-0.002591138,-0.00451736384133085
31,92,-0.003088461,-0.00202433839258098
31,93,0.00440668,0.00468509761390253
31,94,-0.008067421,0.00149159844582195
31,95,0.020646748,-0.0125490647853988
31,96,-0.000672205,0.0044758760384347
31,97,-0.001647951,0.00960970217181956
31,98,0.006103643,-0.00923377040267333
31,99,0.000145893,-0.00487911279319343
31,100,0.003811421,-0.00544974873394442
31,101,0.007095823,0.0072496632848175
31,102,-0.003648103,-0.0160294424884788
31,103,0.002025533,0.00552774862616019
31,104,0.007217618,0.00597786437990075
31,105,-0.016004698,-0.00653138976615422
31,106,0.010469066,-3.68569492900147e-05
31,107,0.001772366,-0.0111570227245386
31,108,0.002386454,-0.00326313997267211
31,109,0.002144637,-0.00461990280814602
31,110,1.69e-05,-0.00540719888674271
31,111,-0.002694156,-0.00329826597010844
31,112,0.001630874,0.00557546628089079
31,113,0.007729385,-0.011752280302477
31,114,0.003671294,0.00237171318570585
31,115,0.019099224,-0.00280996004771145
31,116,0.003915147,-0.000125998091323645
31,117,-0.00212323,0.0129641520023887
31,118,-0.008084915,-0.010291782640839
31,119,0.004366586,-0.00172456258944965
31,120,-0.004251214,-0.00696904670506935
31,121,-0.011878701,-0.0048232666476485
31,122,-0.00121821,-0.0132647548126835
31,123,7.51e-05,-0.00716737451073745
31,124,-0.014387044,0.00525425960786209
31,125,0.014812719,-0.00206483616747994
31,126,-0.007496632,-0.00577696023887992
31,127,0,0.00792254839622267
31,128,-0.001379798,-0.0225164107257257
31,129,-0.006088749,0.000194250540408773
31,130,0.021386708,0.00161564545799738
31,131,0.012737032,0.00359811226630913
32,1,-0.012992123,0.0816951076853292
32,2,0.00035387,0.0124611252509955
32,3,-0.005677006,-0.00366616961126347
32,4,0.032347213,0.00306855041277163
32,5,-0.012451871,0.00733243019909451
32,6,-0.017314285,-0.00605441107505044
32,7,0,-0.0358863804250098
32,8,0.025514387,0.0208271227889369
32,9,0.004043236,0.0047498865371426
32,10,-0.035017487,0.00225574022885135
32,11,-0.013624434,-0.00959898255534817
32,12,0.01091624,0.0428473257643555
32,13,-0.005959341,0.0447989887657757
32,14,0.029079822,0.00702043958836836
32,15,0.004370107,-0.00372538841440155
32,16,-0.001806321,0.00836221678928284
32,17,0.023222473,-0.0193821744025091
32,18,-0.000556094,-0.00892412919401031
32,19,0.001282138,0.0106342969569394
32,20,0.00131629,-0.00996064536964113
32,21,-0.003864245,-0.0218805072774911
32,22,-0.016201322,0.0213448318656263
32,23,-0.002989922,0.00293350370778938
32,24,-0.016946193,-0.0217532349213106
32,25,0.002855218,0.0124583215142464
32,26,-0.002035951,-0.00292690363419727
32,27,-0.031508271,-0.000199754083634644
32,28,-0.010164425,-0.00469645661374217
32,29,-0.003245746,0.0324271004439783
32,30,-0.004673293,0.0117983852438299
32,31,0.005344686,0.0197969880932762
32,32,0,-0.00491750507842333
32,33,0.030850062,0.00724974170025557
32,34,0.009368673,0.0047079434285736
32,35,0.0071781,-0.0175052279902589
32,36,0.000732597,0.0166111944999339
32,37,0.015261854,0.0057645080945626
32,38,-0.000155215,-0.00345633553504508
32,39,0.001195446,0.0037983450545486
32,40,-0.029242932,-0.0148557855053686
32,41,0.005964074,0.0250625065225844
32,42,0.011351892,0.0198831473057934
32,43,-0.012902686,0.000428213844582078
32,44,0.022263616,-0.004325666556056
32,45,0.008186429,-0.0127675790714031
32,46,0.011137931,-0.00148581040463618
32,47,-0.001049869,-0.00931653001741734
32,48,-0.006946068,-0.0107174747798619
32,49,-0.004167314,0.00681580816920654
32,50,6.35e-05,-0.0113869785801992
32,51,0.02178352,-0.0231008586686777
32,52,-0.004807873,0.0166477786082364
32,53,0.006032852,0.00552210132154098
32,54,-0.001269391,-0.0184675382506352
32,55,-0.003710877,0.00323720663160226
32,56,0.005468066,-0.000721766310883051
32,57,-0.005985299,6.3046312957872e-05
32,58,-0.028583327,-0.00895726425879592
32,59,-0.00539328,-0.000895215194181533
32,60,-0.004031704,0.0173727060402598
32,61,0.000120447,0.00620312556688659
32,62,0.012118458,-0.00325089624211043
32,63,0.001481685,-0.00392226180276414
32,64,-0.017080409,0.00297820476786379
32,65,-0.003669695,0.00217572596180368
32,66,-0.004048532,-0.0115325894461961
32,67,-0.014618777,0.0193116545944755
32,68,0.003283982,-7.99510031565653e-05
32,69,-0.00771448,-0.0109626045367047
32,70,0.016450715,-0.00187555071397397
32,71,-0.014437883,-0.00423117088951471
32,72,0.029077658,0.00614835583324766
32,73,0.009039912,-0.00888508944224135
32,74,0.013132363,-0.00625819336939542
32,75,-0.011537451,0.00308210698185537
32,76,0,0.00841569544983399
32,77,0.006418033,-0.0184772770689226
32,78,0.020741297,0.00723149048943362
32,79,-0.00071333,-0.0222637485100294
32,80,0.00353491,0.0377624937207581
32,81,-0.000364488,0.00484419889753647
32,82,0.000826575,-0.00532324348760509
32,83,0.015095292,-0.000446210133593319
32,84,-0.002567373,2.17978817934799e-05
32,85,-0.004837173,-0.000996266631026576
32,86,-0.008366175,-0.00365694012463364
32,87,0.020972838,-0.00124191054734226
32,88,-0.005683545,-0.00508979215159973
32,89,0.004838733,-0.00135107840580807
32,90,-0.002591138,-0.00947104718776854
32,91,-0.003088461,0.000720152834164137
32,92,0.00440668,-0.00175142510261187
32,93,-0.008067421,0.00423982778223171
32,94,0.020646748,-0.0126294694606979
32,95,-0.000672205,0.00108003191321673
32,96,-0.001647951,0.00382256649575595
32,97,0.006103643,-0.00822453539972627
32,98,0.000145893,-0.00349176132934433
32,99,0.003811421,-0.000753831530759279
32,100,0.007095823,-0.00394160068157378
32,101,-0.003648103,-0.0152458108724529
32,102,0.002025533,0.0109563690857009
32,103,0.007217618,-0.0018462719826212
32,104,-0.016004698,-0.0040964265890504
32,105,0.010469066,-0.00131215401523573
32,106,0.001772366,-0.0172365185810129
32,107,0.002386454,-0.00460284679661404
32,108,0.002144637,-0.00877952205266375
32,109,1.69e-05,-0.00526651107765477
32,110,-0.002694156,-0.00329794556491389
32,111,0.001630874,-0.00582470996101151
32,112,0.007729385,-0.0149097329869698
32,113,0.003671294,0.00220000947130636
32,114,0.019099224,-0.00228397705176543
32,115,0.003915147,-0.00441044110542169
32,116,-0.00212323,0.00361722796609046
32,117,-0.008084915,-0.00565975287376639
32,118,0.004366586,-0.00488642206924753
32,119,-0.004251214,-0.00769188704780856
32,120,-0.011878701,-0.00425971536220905
32,121,-0.00121821,-0.0121618921678544
32,122,7.51e-05,-0.000320687816315332
32,123,-0.014387044,0.00307636260492521
32,124,0.014812719,4.23161618281747e-05
32,125,-0.007496632,-0.00873034856045998
32,126,0,0.00669874054871779
32,127,-0.001379798,-0.0111083613642071
32,128,-0.006088749,0.00521476155846305
32,129,0.021386708,0.00199936616056082
32,130,0.012737032,0.00137594649575553
32,131,0.00259991,-0.0102099745571135
33,1,-0.012451871,0.0289250629715455
33,2,-0.017314285,-0.0371765653900154
33,3,0,-0.00102452633160459
33,4,0.025514387,0.0422152586905194
33,5,0.004043236,0.00167805855916863
33,6,-0.035017487,-0.0167018486806678
33,7,-0.013624434,-0.0172578955819633
33,8,0.01091624,0.00983246419021752
33,9,-0.005959341,0.0276495705966693
33,10,0.029079822,-0.000629312936986766
33,11,0.004370107,0.0140944340439429
33,12,-0.001806321,-0.0174428168912708
33,13,0.023222473,-0.0614050602243918
33,14,-0.000556094,-0.00202477521536855
33,15,0.001282138,0.0220451309552854
33,16,0.00131629,-0.007937249669755
33,17,-0.003864245,-0.0213950646143241
33,18,-0.016201322,0.00531884242819239
33,19,-0.002989922,0.00331433943250803
33,20,-0.016946193,-0.0170688986094564
33,21,0.002855218,0.00145450125118522
33,22,-0.002035951,-0.000390576739065401
33,23,-0.031508271,-0.00314131048927662
33,24,-0.010164425,0.000787097516212094
33,25,-0.003245746,0.00488390592453789
33,26,-0.004673293,0.00588322857034812
33,27,0.005344686,0.0243278017263974
33,28,0,0.00263550146056549
33,29,0.030850062,0.0194892466585048
33,30,0.009368673,0.00223093563260915
33,31,0.0071781,-0.0237811131456959
33,32,0.000732597,-0.00964670549609001
33,33,0.015261854,0.000631689580630604
33,34,-0.000155215,0.00420952128718759
33,35,0.001195446,-0.00276828788278183
33,36,-0.029242932,-0.016124636421275
33,37,0.005964074,-0.00520970242648619
33,38,0.011351892,0.00281116580688387
33,39,-0.012902686,-0.00750931996004527
33,40,0.022263616,-0.00638711564726824
33,41,0.008186429,0.00145950245410947
33,42,0.011137931,-0.00768059708638365
33,43,-0.001049869,-0.0398900397540903
33,44,-0.006946068,-0.0064422617813011
33,45,-0.004167314,0.0276492467585147
33,46,6.35e-05,0.00204708530800989
33,47,0.02178352,-0.0183920367661596
33,48,-0.004807873,-0.000942078087451108
33,49,0.006032852,-0.00761282221689442
33,50,-0.001269391,-0.00658486898914934
33,51,-0.003710877,0.00109273491713004
33,52,0.005468066,0.00325618828612783
33,53,-0.005985299,-0.00201709111049408
33,54,-0.028583327,-0.0086969441804632
33,55,-0.00539328,-0.000902736585757151
33,56,-0.004031704,-0.00432904105481097
33,57,0.000120447,0.00500571682877004
33,58,0.012118458,-0.00294076118950664
33,59,0.001481685,-0.00366892567658333
33,60,-0.017080409,0.00734847406546609
33,61,-0.003669695,-0.0173228669928177
33,62,-0.004048532,0.00625306455510125
33,63,-0.014618777,0.0254908854432063
33,64,0.003283982,0.00052118844351472
33,65,-0.00771448,-0.00749375855664801
33,66,0.016450715,-0.000542499543496829
33,67,-0.014437883,0.000557086124228964
33,68,0.029077658,-7.39335802311808e-05
33,69,0.009039912,0.00365158382549387
33,70,0.013132363,-0.0106633109021489
33,71,-0.011537451,-0.0196258047064646
33,72,0,-0.00266969300164421
33,73,0.006418033,-0.00292987412422831
33,74,0.020741297,0.0120372731427161
33,75,-0.00071333,-0.0169186138330489
33,76,0.00353491,-0.000200006209699597
33,77,-0.000364488,0.00434120848985926
33,78,0.000826575,0.00174712446235371
33,79,0.015095292,-0.000153545313367686
33,80,-0.002567373,-0.00260521199396033
33,81,-0.004837173,-0.00757606623987634
33,82,-0.008366175,0.00955422840178196
33,83,0.020972838,-0.00182833068528309
33,84,-0.005683545,0.0019753616220622
33,85,0.004838733,-0.00797400449987264
33,86,-0.002591138,-0.00971082162146828
33,87,-0.003088461,0.000153941671469374
33,88,0.00440668,0.00134795954182737
33,89,-0.008067421,0.00131999921817026
33,90,0.020646748,-0.00703550766056333
33,91,-0.000672205,0.00446795594560147
33,92,-0.001647951,-0.00643358669686891
33,93,0.006103643,-0.0144077701503968
33,94,0.000145893,-0.00365246714111667
33,95,0.003811421,0.00305644149264789
33,96,0.007095823,-0.0015165912616107
33,97,-0.003648103,-0.0119301133795652
33,98,0.002025533,0.00625455181966393
33,99,0.007217618,-0.000909689084410172
33,100,-0.016004698,-0.00316371997497849
33,101,0.010469066,0.000788807798213333
33,102,0.001772366,-0.00648156214262123
33,103,0.002386454,-0.00821520313618014
33,104,0.002144637,-0.00606230573097161
33,105,1.69e-05,-0.00744832052570616
33,106,-0.002694156,0.00421694092250177
33,107,0.001630874,0.00214830021027718
33,108,0.007729385,-0.00866453703479606
33,109,0.003671294,0.00865930525227506
33,110,0.019099224,-0.00441407523060994
33,111,0.003915147,-0.00387036475066165
33,112,-0.00212323,-0.00189701529095335
33,113,-0.008084915,-0.018729336398109
33,114,0.004366586,-0.00145581951018427
33,115,-0.004251214,-0.000883980314790565
33,116,-0.011878701,-0.00580213948318628
33,117,-0.00121821,-0.00851626101780176
33,118,7.51e-05,-0.00630983246315577
33,119,-0.014387044,0.0020990888626894
33,120,0.014812719,-0.000221162531559299
33,121,-0.007496632,-0.00165351048598941
33,122,0,0.0129244417073541
33,123,-0.001379798,-0.0179529000318712
33,124,-0.006088749,0.00152971600076857
33,125,0.021386708,0.0143663550400379
33,126,0.012737032,0.00394373780216274
33,127,0.00259991,-0.0117672425045492
33,128,-0.00129911,0.0134627262636824
33,129,0.000514944,-0.010940440583224
33,130,0.003694902,0.00918593743059905
33,131,0.003835407,0.00124093015410155
34,1,-0.017314285,-0.0536934718160457
34,2,0,0.0435150329437975
34,3,0.025514387,0.0399744887107835
34,4,0.004043236,0.00209459403195361
34,5,-0.035017487,-0.00427135574888719
34,6,-0.013624434,-0.00181197086239906
34,7,0.01091624,0.00884591662112807
34,8,-0.005959341,0.0188177424066098
34,9,0.029079822,0.00646818896996277
34,10,0.004370107,0.00338222489458102
34,11,-0.001806321,-0.0184141346844499
34,12,0.023222473,-0.0390335356765061
34,13,-0.000556094,-0.00459350668839815
34,14,0.001282138,0.0263192687872219
34,15,0.00131629,-0.00208663361128923
34,16,-0.003864245,-0.0277433612873431
34,17,-0.016201322,0.00374513666479646
34,18,-0.002989922,0.00682671814976119
34,19,-0.016946193,-0.0176030679569225
34,20,0.002855218,0.00226551788387927
34,21,-0.002035951,-0.00561156071925817
34,22,-0.031508271,-0.00208849389353943
34,23,-0.010164425,-0.00142256295862539
34,24,-0.003245746,0.00288988721325676
34,25,-0.004673293,0.00671478153187398
34,26,0.005344686,0.0223605899598647
34,27,0,-0.00511343774786505
34,28,0.030850062,0.0226854505532441
34,29,0.009368673,-0.00215862284943679
34,30,0.0071781,-0.0304817115331555
34,31,0.000732597,0.0270432012857639
34,32,0.015261854,-0.00107524315197389
34,33,-0.000155215,0.00264814962058281
34,34,0.001195446,0.0117705715362432
34,35,-0.029242932,-0.0144504905705929
34,36,0.005964074,-0.0068684559532052
34,37,0.011351892,-0.00528682648593489
34,38,-0.012902686,-0.00532490474961483
34,39,0.022263616,-0.00675591029850641
34,40,0.008186429,-0.00898943009978494
34,41,0.011137931,-0.00373474302358106
34,42,-0.001049869,-0.0282534278052332
34,43,-0.006946068,-0.00725822911326279
34,44,-0.004167314,0.0361099480678922
34,45,6.35e-05,0.0122209987676697
34,46,0.02178352,-0.0183875275967058
34,47,-0.004807873,-0.00565455611983511
34,48,0.006032852,-0.00996561266538789
34,49,-0.001269391,-0.0102134864303537
34,50,-0.003710877,0.000200317981842779
34,51,0.005468066,0.000431176064600775
34,52,-0.005985299,0.00217710235697988
34,53,-0.028583327,-0.00887196240851031
34,54,-0.00539328,-0.0040623493410978
34,55,-0.004031704,-0.0084724656736674
34,56,0.000120447,0.00399484567542113
34,57,0.012118458,-0.00239922949292771
34,58,0.001481685,-0.00659653583574468
34,59,-0.017080409,0.00649527336489609
34,60,-0.003669695,-0.0150897915038481
34,61,-0.004048532,0.00434176065133436
34,62,-0.014618777,0.0253246450419946
34,63,0.003283982,-0.00257847244873868
34,64,-0.00771448,-0.00884221696690341
34,65,0.016450715,0.000644066080434179
34,66,-0.014437883,-0.00271260826775988
34,67,0.029077658,-0.000642702363410828
34,68,0.009039912,0.0159338783708339
34,69,0.013132363,-0.0133822722397414
34,70,-0.011537451,0.0129024567749098
34,71,0,-0.00569103122556204
34,72,0.006418033,0.0028112813781987
34,73,0.020741297,0.0249032161403445
34,74,-0.00071333,-0.0251453412822357
34,75,0.00353491,-0.00563048408347394
34,76,-0.000364488,0.000609453924076107
34,77,0.000826575,0.000716593275865936
34,78,0.015095292,-0.00276569334456385
34,79,-0.002567373,-0.00141720156486815
34,80,-0.004837173,-0.00862358059081961
34,81,-0.008366175,-0.00799725734454484
34,82,0.020972838,-0.00614949302183427
34,83,-0.005683545,0.00110742107100563
34,84,0.004838733,-0.00239205138702457
34,85,-0.002591138,0.00477422934183515
34,86,-0.003088461,-0.000655447846213915
34,87,0.00440668,-0.00240058551915777
34,88,-0.008067421,0.00668262382964317
34,89,0.020646748,-0.00716648131612394
34,90,-0.000672205,0.000278943416509178
34,91,-0.001647951,-0.00772781739320273
34,92,0.006103643,-0.00248523021595988
34,93,0.000145893,-0.00468438886275564
34,94,0.003811421,0.00250066410370132
34,95,0.007095823,0.00164486856183632
34,96,-0.003648103,-0.0126375331179375
34,97,0.002025533,0.00380151715312299
34,98,0.007217618,-0.00620081194405629
34,99,-0.016004698,-0.004159494440632
34,100,0.010469066,-0.00157563280271476
34,101,0.001772366,-0.00671605482583724
34,102,0.002386454,-0.00721091339237431
34,103,0.002144637,-0.00629296238967827
34,104,1.69e-05,-0.00800239117314288
34,105,-0.002694156,0.00400460778966223
34,106,0.001630874,-0.000499709998427356
34,107,0.007729385,-0.00847066174091435
34,108,0.003671294,0.00580528446091414
34,109,0.019099224,-0.00591710005815643
34,110,0.003915147,-0.0051314011634238
34,111,-0.00212323,-0.00409401576964624
34,112,-0.008084915,-0.00785151788575237
34,113,0.004366586,-0.00403998647175256
34,114,-0.004251214,-0.00231115114318548
34,115,-0.011878701,0.000607535207175821
34,116,-0.00121821,-0.00872674600632187
34,117,7.51e-05,-0.00725012091619514
34,118,-0.014387044,-0.000146349521254856
34,119,0.014812719,-0.00172013236270155
34,120,-0.007496632,-0.00318050319280546
34,121,0,0.0155017879024425
34,122,-0.001379798,-0.0123331122445816
34,123,-0.006088749,0.000637770719481429
34,124,0.021386708,0.0160233730490671
34,125,0.012737032,0.00263984885090805
34,126,0.00259991,-0.0102304220834782
34,127,-0.00129911,-0.002799974809615
34,128,0.000514944,-0.00805796159701452
34,129,0.003694902,0.00789353347837314
34,130,0.003835407,0.00827060382388215
34,131,0.005983684,-0.0111989509588534
35,1,0,-0.00512792560052089
35,2,0.025514387,0.0162928067256028
35,3,0.004043236,-0.0160220649827012
35,4,-0.035017487,-0.0158070617648896
35,5,-0.013624434,-0.0170643979870844
35,6,0.01091624,0.00459756982620763
35,7,-0.005959341,0.00579355460594649
35,8,0.029079822,-0.000524519957520032
35,9,0.004370107,-0.0265712887399477
35,10,-0.001806321,0.00647259735429212
35,11,0.023222473,0.000511844607020778
35,12,-0.000556094,-0.00355869699049061
35,13,0.001282138,0.036605541309623
35,14,0.00131629,0.00612438166212104
35,15,-0.003864245,-0.0252794861517713
35,16,-0.016201322,0.00367313913626499
35,17,-0.002989922,-0.00276938162207652
35,18,-0.016946193,-0.0105887057209511
35,19,0.002855218,0.00254132201569782
35,20,-0.002035951,-0.0352925584676216
35,21,-0.031508271,-0.00151330356601678
35,22,-0.010164425,-0.0318868874935481
35,23,-0.003245746,0.00491411863795799
35,24,-0.004673293,0.00372873301276466
35,25,0.005344686,0.0376536966847439
35,26,0,-0.0110354091447484
35,27,0.030850062,0.00193380318836184
35,28,0.009368673,0.00978634255842023
35,29,0.0071781,0.0266864992818648
35,30,0.000732597,0.0060827295335284
35,31,0.015261854,0.00385662044331758
35,32,-0.000155215,0.00251203834013075
35,33,0.001195446,0.00699860535725838
35,34,-0.029242932,-0.0131206070795877
35,35,0.005964074,-0.00688138131797239
35,36,0.011351892,-0.00329553329219784
35,37,-0.012902686,-0.00095339569971109
35,38,0.022263616,0.0298555305267133
35,39,0.008186429,-0.00114914622287288
35,40,0.011137931,0.010415263113738
35,41,-0.001049869,-0.00717135342929118
35,42,-0.006946068,-0.00996773918482607
35,43,-0.004167314,0.0039502659286707
35,44,6.35e-05,0.00366381938847055
35,45,0.02178352,-0.00837115292321899
35,46,-0.004807873,-0.00652809093137682
35,47,0.006032852,0.00501982607979123
35,48,-0.001269391,-0.000142508819912901
35,49,-0.003710877,-0.00749214107373242
35,50,0.005468066,0.00784025965918889
35,51,-0.005985299,0.000519692489292456
35,52,-0.028583327,-0.00746630017150324
35,53,-0.00539328,0.0040017090997892
35,54,-0.004031704,-0.00888846930133552
35,55,0.000120447,0.0022769408207578
35,56,0.012118458,0.0296454336063636
35,57,0.001481685,-0.00216930761821241
35,58,-0.017080409,0.0040631451617692
35,59,-0.003669695,0.0131188723756405
35,60,-0.004048532,0.00299291160638643
35,61,-0.014618777,0.00792769472934307
35,62,0.003283982,-0.0309954315864637
35,63,-0.00771448,-0.00643958448502366
35,64,0.016450715,0.000726170351884936
35,65,-0.014437883,-0.0213073957873581
35,66,0.029077658,0.00176126982332631
35,67,0.009039912,-0.00267527109779994
35,68,0.013132363,0.0219309250131888
35,69,-0.011537451,-0.0268249724332541
35,70,0,0.00641802645082623
35,71,0.006418033,-0.00500457306257041
35,72,0.020741297,0.00931976829992515
35,73,-0.00071333,-0.0296109406971068
35,74,0.00353491,0.00344270754220244
35,75,-0.000364488,-0.014165630134611
35,76,0.000826575,-0.00257589151529214
35,77,0.015095292,0.00334246818098705
35,78,-0.002567373,-0.000654612387356146
35,79,-0.004837173,-0.00423909851838761
35,80,-0.008366175,0.000259684756841794
35,81,0.020972838,-0.01335383232088
35,82,-0.005683545,0.0044260013202263
35,83,0.004838733,0.0123985647418602
35,84,-0.002591138,-0.0152452381680741
35,85,-0.003088461,-0.00464631775293334
35,86,0.00440668,0.00757488886521918
35,87,-0.008067421,0.00345675219161673
35,88,0.020646748,-0.0070445822926308
35,89,-0.000672205,0.00448366401826325
35,90,-0.001647951,0.00307693610915172
35,91,0.006103643,-0.00437446742141523
35,92,0.000145893,-0.00654316827831236
35,93,0.003811421,0.00288465018570933
35,94,0.007095823,0.00539735990147444
35,95,-0.003648103,-0.0114835510983023
35,96,0.002025533,0.00335732486891072
35,97,0.007217618,-0.00322518925570542
35,98,-0.016004698,-0.00268528160861786
35,99,0.010469066,0.00312875546370334
35,100,0.001772366,-0.00281854791222258
35,101,0.002386454,-0.00370335533996707
35,102,0.002144637,-0.0304529963947806
35,103,1.69e-05,-0.00753935453112348
35,104,-0.002694156,-0.000421987032917459
35,105,0.001630874,0.00795838547645306
35,106,0.007729385,-0.00516482259742351
35,107,0.003671294,0.00250642377750043
35,108,0.019099224,-4.27671174009492e-05
35,109,0.003915147,-0.0010583904978228
35,110,-0.00212323,0.00870846311751805
35,111,-0.008084915,0.00231486497388239
35,112,0.004366586,-0.00368761791368988
35,113,-0.004251214,0.000240896073315011
35,114,-0.011878701,0.000387994726658569
35,115,-0.00121821,-0.0157131772161332
35,116,7.51e-05,-0.00396158662370161
35,117,-0.014387044,0.0032955911298547
35,118,0.014812719,-0.0162294499185436
35,119,-0.007496632,-0.00248148171107881
35,120,0,0.00658956880850498
35,121,-0.001379798,-0.0222707437305471
35,122,-0.006088749,-0.00245763001079591
35,123,0.021386708,-0.00194063083914414
35,124,0.012737032,0.00671407296991633
35,125,0.00259991,0.00724448331244343
35,126,-0.00129911,0.00370321215093677
35,127,0.000514944,-0.0137357771384874
35,128,0.003694902,0.0051958003987882
35,129,0.003835407,0.00543155986732187
35,130,0.005983684,-0.00810433639956956
35,131,4.84e-05,-0.0044613734327656
36,1,0.025514387,-0.144961890925792
36,2,0.004043236,0.00767439566485944
36,3,-0.035017487,-0.0155059312154815
36,4,-0.013624434,-0.0238476258967565
36,5,0.01091624,0.0357877038468259
36,6,-0.005959341,0.0126014530252963
36,7,0.029079822,0.0144427268224096
36,8,0.004370107,-0.000422526155317238
36,9,-0.001806321,0.00274605953709749
36,10,0.023222473,-9.2713530715563e-05
36,11,-0.000556094,-0.00459614581064105
36,12,0.001282138,-0.00434945375951188
36,13,0.00131629,-0.000823370586116744
36,14,-0.003864245,-0.0207299199204004
36,15,-0.016201322,0.00613288329955729
36,16,-0.002989922,0.0162916272601378
36,17,-0.016946193,-0.00919224634028735
36,18,0.002855218,0.00014497897483807
36,19,-0.002035951,-0.00461316353514987
36,20,-0.031508271,-0.00882235822683694
36,21,-0.010164425,-0.000775013329484116
36,22,-0.003245746,0.0214635820667282
36,23,-0.004673293,0.00372584984276006
36,24,0.005344686,0.00874691690094074
36,25,0,-0.00152005642104541
36,26,0.030850062,-0.00234227781221515
36,27,0.009368673,0.00648145471615895
36,28,0.0071781,0.0272168518244303
36,29,0.000732597,-0.0140006480948237
36,30,0.015261854,-0.00358029799877291
36,31,-0.000155215,0.00818349578042742
36,32,0.001195446,-0.0148533727285531
36,33,-0.029242932,-0.0252776667220066
36,34,0.005964074,-0.0136926933845404
36,35,0.011351892,0.0119929806060554
36,36,-0.012902686,0.000717457454758272
36,37,0.022263616,-0.0118363462489736
36,38,0.008186429,-0.00459294393348585
36,39,0.011137931,0.0170880925740939
36,40,-0.001049869,0.00644100893431745
36,41,-0.006946068,-0.00775079216435421
36,42,-0.004167314,0.00756940511249681
36,43,6.35e-05,-0.00362725489657323
36,44,0.02178352,-0.0219933745912578
36,45,-0.004807873,-0.00565091538942217
36,46,0.006032852,-0.0039066241830808
36,47,-0.001269391,-0.00326948899831
36,48,-0.003710877,-0.00178235184970037
36,49,0.005468066,0.00907350165223359
36,50,-0.005985299,0.0257936112847289
36,51,-0.028583327,-0.00956561865913135
36,52,-0.00539328,-0.00412650574745163
36,53,-0.004031704,0.00550706823778685
36,54,0.000120447,0.00312729583169427
36,55,0.012118458,-0.00625178259035064
36,56,0.001481685,-0.0110545156079066
36,57,-0.017080409,-0.00268535635830793
36,58,-0.003669695,0.0085870729099562
36,59,-0.004048532,0.00562676822366702
36,60,-0.014618777,0.0111574686346801
36,61,0.003283982,-0.00293550832372961
36,62,-0.00771448,-0.00980215894219464
36,63,0.016450715,-0.00435348537469606
36,64,-0.014437883,0.00394288613223909
36,65,0.029077658,-0.00560895771445115
36,66,0.009039912,0.0078127264071912
36,67,0.013132363,0.0208971527300336
36,68,-0.011537451,0.0020859289686588
36,69,0,0.00888870690347655
36,70,0.006418033,0.0037131753172743
36,71,0.020741297,-0.0284849473467191
36,72,-0.00071333,-0.0301789901240774
36,73,0.00353491,0.0103929966164875
36,74,-0.000364488,-0.0130530126992064
36,75,0.000826575,0.0036544428830579
36,76,0.015095292,-0.00742094331572716
36,77,-0.002567373,0.0274378769392142
36,78,-0.004837173,-0.00749349013451488
36,79,-0.008366175,-0.00369166817714069
36,80,0.020972838,-0.00588732045508997
36,81,-0.005683545,0.00619773281936025
36,82,0.004838733,0.0149658124585056
36,83,-0.002591138,-0.00906747799628138
36,84,-0.003088461,-0.00474710196781797
36,85,0.00440668,0.00622373786157857
36,86,-0.008067421,0.0128166914868835
36,87,0.020646748,-0.00929980950229741
36,88,-0.000672205,-9.56476099379603e-05
36,89,-0.001647951,0.00146064612827658
36,90,0.006103643,0.00251939999612059
36,91,0.000145893,-0.00598232818204625
36,92,0.003811421,0.00349437296444888
36,93,0.007095823,0.00844256026336128
36,94,-0.003648103,-0.0132806590201039
36,95,0.002025533,0.00113981781566958
36,96,0.007217618,-0.00991292412524386
36,97,-0.016004698,-0.00320768857410696
36,98,0.010469066,-0.00273490567115542
36,99,0.001772366,-0.00908774548197898
36,100,0.002386454,-0.0062467590370031
36,101,0.002144637,0.00172906773712615
36,102,1.69e-05,-0.0136437839669443
36,103,-0.002694156,-0.00063508468297412
36,104,0.001630874,-0.00518983071013386
36,105,0.007729385,-0.00629223595213589
36,106,0.003671294,0.00118394426830065
36,107,0.019099224,-0.00628677489739057
36,108,0.003915147,-0.00468515239971391
36,109,-0.00212323,0.00873433351905864
36,110,-0.008084915,0.00136619070246497
36,111,0.004366586,-0.0102190205700711
36,112,-0.004251214,0.00121716455441583
36,113,-0.011878701,0.0129187783865757
36,114,-0.00121821,-0.0137965402252961
36,115,7.51e-05,-0.00469044160227219
36,116,-0.014387044,-0.00238793018262022
36,117,0.014812719,-0.0027987752337138
36,118,-0.007496632,-0.00469925616747729
36,119,0,0.00233807015104044
36,120,-0.001379798,0.00458709015077916
36,121,-0.006088749,-0.00566876690098605
36,122,0.021386708,0.00660125413855418
36,123,0.012737032,0.00131752658005444
36,124,0.00259991,0.00543611868967185
36,125,-0.00129911,0.00146701002904638
36,126,0.000514944,-0.00729487504432561
36,127,0.003694902,0.00890136733134536
36,128,0.003835407,0.00110195942635543
36,129,0.005983684,-0.00264424015190449
36,130,4.84e-05,-0.00756854147605661
36,131,0.000910538,-0.00794420781252317
37,1,-0.013624434,-0.0218222508643851
37,2,0.01091624,0.00244669386727021
37,3,-0.005959341,0.0209393625647674
37,4,0.029079822,0.0231578148784209
37,5,0.004370107,-0.0151641580872223
37,6,-0.001806321,-0.0140893674974806
37,7,0.023222473,0.00900759602872951
37,8,-0.000556094,0.00644697114840902
37,9,0.001282138,0.0306731492809356
37,10,0.00131629,-0.0012438400398456
37,11,-0.003864245,-0.020176335997797
37,12,-0.016201322,0.00973884160460129
37,13,-0.002989922,0.00968310371018413
37,14,-0.016946193,-0.0100684814379637
37,15,0.002855218,-0.000436414616323847
37,16,-0.002035951,-0.00712236086918247
37,17,-0.031508271,-0.0087121649861789
37,18,-0.010164425,-0.00960290331856117
37,19,-0.003245746,-0.00630649920295144
37,20,-0.004673293,0.00283996007171546
37,21,0.005344686,0.0261848287071263
37,22,0,-0.00843021680051212
37,23,0.030850062,0.0112216946172863
37,24,0.009368673,-0.00330513174555409
37,25,0.0071781,-0.000697818226602889
37,26,0.000732597,0.0220918013855164
37,27,0.015261854,0.0053225920078292
37,28,-0.000155215,0.00922456982801195
37,29,0.001195446,0.00481071188715421
37,30,-0.029242932,-0.00683349447209261
37,31,0.005964074,-0.00575028618449941
37,32,0.011351892,0.0101592647462752
37,33,-0.012902686,9.22996677843128e-05
37,34,0.022263616,0.0143706930698771
37,35,0.008186429,-0.00967541920485639
37,36,0.011137931,-0.00518888078049312
37,37,-0.001049869,-0.00910832543944497
37,38,-0.006946068,-0.00896546237906898
37,39,-0.004167314,0.0265888737201848
37,40,6.35e-05,0.0113172244744143
37,41,0.02178352,-0.000550804661157209
37,42,-0.004807873,-0.00148086512281215
37,43,0.006032852,-0.00223660743771166
37,44,-0.001269391,-0.00598552692718797
37,45,-0.003710877,-0.00189826877640378
37,46,0.005468066,0.00811940651006274
37,47,-0.005985299,-0.00173598767901704
37,48,-0.028583327,-0.00548363548200242
37,49,-0.00539328,-0.00166413496494139
37,50,-0.004031704,-0.00225350820270991
37,51,0.000120447,0.00376687748555711
37,52,0.012118458,0.00972060483444661
37,53,0.001481685,-0.00988002364323693
37,54,-0.017080409,0.000317103765913164
37,55,-0.003669695,-0.00306157097411551
37,56,-0.004048532,0.0020131725483517
37,57,-0.014618777,0.0194880647518365
37,58,0.003283982,-0.00829900055393231
37,59,-0.00771448,-0.00889061479336396
37,60,0.016450715,-0.00413327010568133
37,61,-0.014437883,-0.0144906804731762
37,62,0.029077658,-0.00907457391241895
37,63,0.009039912,0.0143723346800149
37,64,0.013132363,0.00304053587160209
37,65,-0.011537451,-0.00310376439614359
37,66,0,0.00403744454061185
37,67,0.006418033,-0.00364554055974266
37,68,0.020741297,0.0120754904829407
37,69,-0.00071333,-0.00421420712766521
37,70,0.00353491,-0.00530409958727182
37,71,-0.000364488,-0.00339316868652361
37,72,0.000826575,0.00451014893672193
37,73,0.015095292,0.00836707546019388
37,74,-0.002567373,-0.00241346043313508
37,75,-0.004837173,-0.00720178278455489
37,76,-0.008366175,-0.00318361882513907
37,77,0.020972838,-0.00118542404594671
37,78,-0.005683545,0.00448507429141758
37,79,0.004838733,-0.0035058832834851
37,80,-0.002591138,-0.00910364629164253
37,81,-0.003088461,-0.00843741244018769
37,82,0.00440668,0.00815779613078666
37,83,-0.008067421,0.000364936992575469
37,84,0.020646748,-0.00453243173967358
37,85,-0.000672205,0.0015683964299424
37,86,-0.001647951,-0.00207212629460182
37,87,0.006103643,0.000769044480544842
37,88,0.000145893,-0.00564203627625662
37,89,0.003811421,0.00667537964465007
37,90,0.007095823,0.000127677626835319
37,91,-0.003648103,-0.0126970736702431
37,92,0.002025533,0.00505472652106784
37,93,0.007217618,0.00323001645120482
37,94,-0.016004698,-0.00309664609753613
37,95,0.010469066,0.00165217350364002
37,96,0.001772366,-0.00505859304939671
37,97,0.002386454,-0.00532422108944824
37,98,0.002144637,-0.0100308550498366
37,99,1.69e-05,-0.00938032688150705
37,100,-0.002694156,0.00201430197247043
37,101,0.001630874,0.00296617837573269
37,102,0.007729385,-0.00509404693938051
37,103,0.003671294,0.00623696098458816
37,104,0.019099224,-0.0021896023634816
37,105,0.003915147,-0.00514458877150248
37,106,-0.00212323,-0.00438010551771587
37,107,-0.008084915,0.000333216249292678
37,108,0.004366586,-0.000745036223738733
37,109,-0.004251214,0.00456459495628403
37,110,-0.011878701,-0.000471685380327082
37,111,-0.00121821,-0.00844308448077502
37,112,7.51e-05,-0.00977366022637833
37,113,-0.014387044,0.00234166804328088
37,114,0.014812719,-0.0152619213424298
37,115,-0.007496632,-0.00680520292191438
37,116,0,0.00444157113722336
37,117,-0.001379798,-0.0161941318442981
37,118,-0.006088749,-0.00650637983308772
37,119,0.021386708,0.0138420710252982
37,120,0.012737032,-0.000890290688314505
37,121,0.00259991,-0.00615249297527722
37,122,-0.00129911,0.00664162179096901
37,123,0.000514944,-0.00563617349132572
37,124,0.003694902,0.00985112682342194
37,125,0.003835407,0.00660652123338222
37,126,0.005983684,-0.00700868813207506
37,127,4.84e-05,-0.00272016271519389
37,128,0.000910538,0.000648222296330856
37,129,-0.005135629,0.000219931608644797
37,130,0.006166034,-0.00209232212123609
37,131,0.000836423,0.000111270814498316
38,1,-0.005959341,0.00919918804409289
38,2,0.029079822,-0.0311590139822203
38,3,0.004370107,-0.03343319974181
38,4,-0.001806321,-0.0113245646735431
38,5,0.023222473,0.0249264298428587
38,6,-0.000556094,-0.00455569870681652
38,7,0.001282138,0.0147273052409413
38,8,0.00131629,0.00604985304135968
38,9,-0.003864245,-0.0221917026203405
38,10,-0.016201322,0.000640645077313429
38,11,-0.002989922,0.00811872135703092
38,12,-0.016946193,-0.016141942457729
38,13,0.002855218,-0.000435903417328734
38,14,-0.002035951,-0.0162726528352748
38,15,-0.031508271,0.000230265476905087
38,16,-0.010164425,-0.00108113400338066
38,17,-0.003245746,-0.00533166349406103
38,18,-0.004673293,-0.00109860983115144
38,19,0.005344686,0.0485834218260412
38,20,0,-0.0167700836287107
38,21,0.030850062,0.00699370969980692
38,22,0.009368673,0.00957437268816317
38,23,0.0071781,-0.0111058506153576
38,24,0.000732597,0.0126310436304039
38,25,0.015261854,0.0138182309368697
38,26,-0.000155215,-0.000830871904919817
38,27,0.001195446,0.00605889744940435
38,28,-0.029242932,-0.015918398208743
38,29,0.005964074,-0.00481368699909597
38,30,0.011351892,0.000176204442723427
38,31,-0.012902686,-0.000502233856797749
38,32,0.022263616,0.00313618767382548
38,33,0.008186429,-0.00531580400038729
38,34,0.011137931,0.00160176774573659
38,35,-0.001049869,-0.0114517364262023
38,36,-0.006946068,-0.00272820082053291
38,37,-0.004167314,0.00991036625337367
38,38,6.35e-05,-0.00381128852314437
38,39,0.02178352,-0.00937233348665688
38,40,-0.004807873,-0.00461984380847344
38,41,0.006032852,0.0118404006240023
38,42,-0.001269391,-0.00330686505451137
38,43,-0.003710877,-0.00593025526687378
38,44,0.005468066,0.0011137602036494
38,45,-0.005985299,0.00176947495198954
38,46,-0.028583327,-0.00536724883571669
38,47,-0.00539328,-0.00043428712822436
38,48,-0.004031704,-0.00884771047933781
38,49,0.000120447,-0.00132058563540666
38,50,0.012118458,-0.0100328716902984
38,51,0.001481685,-0.00159865934673164
38,52,-0.017080409,0.00631047680609769
38,53,-0.003669695,0.00711336214570673
38,54,-0.004048532,-0.000331267476208069
38,55,-0.014618777,0.0100234595014661
38,56,0.003283982,-0.0190761182758641
38,57,-0.00771448,-0.00741755248366761
38,58,0.016450715,0.00019584839039102
38,59,-0.014437883,-0.0123370136747537
38,60,0.029077658,0.00435894596178929
38,61,0.009039912,-0.0068951179079585
38,62,0.013132363,-0.00231190133208174
38,63,-0.011537451,-0.0152624525241965
38,64,0,0.0219316869397898
38,65,0.006418033,-0.0125236941272878
38,66,0.020741297,0.00914082042843936
38,67,-0.00071333,-0.0202352391666738
38,68,0.00353491,0.00818729718531496
38,69,-0.000364488,-0.000996100676495516
38,70,0.000826575,-0.00456196863113642
38,71,0.015095292,0.000891143069441588
38,72,-0.002567373,0.0030102450226675
38,73,-0.004837173,-0.00356936088916077
38,74,-0.008366175,-0.00392726652812265
38,75,0.020972838,-0.00854540435151158
38,76,-0.005683545,-0.00246826909159792
38,77,0.004838733,0.00479958763987444
38,78,-0.002591138,-0.0155297941465915
38,79,-0.003088461,-0.0011761529037288
38,80,0.00440668,0.00565893781991993
38,81,-0.008067421,0.00221684255043496
38,82,0.020646748,-0.00506388942737445
38,83,-0.000672205,0.00175156006714715
38,84,-0.001647951,0.00636752135439842
38,85,0.006103643,-0.0064102112659976
38,86,0.000145893,-0.00699907724261303
38,87,0.003811421,0.000742207007893438
38,88,0.007095823,0.00333969570031633
38,89,-0.003648103,-0.00999959434995403
38,90,0.002025533,0.00491758830228314
38,91,0.007217618,0.00172111160428657
38,92,-0.016004698,-0.0023057662588987
38,93,0.010469066,0.00225652570833869
38,94,0.001772366,-0.00955847214845813
38,95,0.002386454,-0.000687371279558695
38,96,0.002144637,-0.016521114448405
38,97,1.69e-05,-0.00610218583113322
38,98,-0.002694156,-0.000904315356389358
38,99,0.001630874,0.00353343558697942
38,100,0.007729385,-0.00773874207934094
38,101,0.003671294,0.00565786484110718
38,102,0.019099224,0.00167595743486827
38,103,0.003915147,-0.00120601082537851
38,104,-0.00212323,0.00271173355064187
38,105,-0.008084915,-1.76663529727061e-05
38,106,0.004366586,-0.00358455468175267
38,107,-0.004251214,-0.00451643496570161
38,108,-0.011878701,-0.000907803462676257
38,109,-0.00121821,-0.0156882312592218
38,110,7.51e-05,-0.00775073680350252
38,111,-0.014387044,0.0073511136811895
38,112,0.014812719,-0.0176810110896056
38,113,-0.007496632,-0.00538710317487512
38,114,0,0.00835690149934183
38,115,-0.001379798,-0.0187957140045718
38,116,-0.006088749,0.00202854740619721
38,117,0.021386708,-0.00451376908056131
38,118,0.012737032,0.00287819537496049
38,119,0.00259991,0.000801686152728331
38,120,-0.00129911,0.00772278344615552
38,121,0.000514944,-0.009346559528127
38,122,0.003694902,0.00418916480425871
38,123,0.003835407,0.00131606712677537
38,124,0.005983684,-0.00666846457485459
38,125,4.84e-05,-0.00125819555967192
38,126,0.000910538,0.00355041025409128
38,127,-0.005135629,-0.0009986346639572
38,128,0.006166034,-0.00259620811983268
38,129,0.000836423,-0.00282906157918248
38,130,0.002545174,-0.000397117793363607
38,131,0.006011978,-0.00277212716736829
39,1,0.00131629,-0.018494666679558
39,2,-0.003864245,-0.0280783830853399
39,3,-0.016201322,-0.000988932218521775
39,4,-0.002989922,0.00440942277051248
39,5,-0.016946193,-0.01850584178727
39,6,0.002855218,-0.00288220923291764
39,7,-0.002035951,0.0137705174183375
39,8,-0.031508271,0.000525939702217462
39,9,-0.010164425,0.00621439460314249
39,10,-0.003245746,0.00863532759042285
39,11,-0.004673293,0.00560070658908637
39,12,0.005344686,0.0553966383193365
39,13,0,-0.00220260326321466
39,14,0.030850062,0.00851104756294465
39,15,0.009368673,0.0152144813552811
39,16,0.0071781,0.00725472142753512
39,17,0.000732597,-0.000396610420753181
39,18,0.015261854,0.0198330415636584
39,19,-0.000155215,-0.00383523749677964
39,20,0.001195446,0.0145239472157572
39,21,-0.029242932,-0.019603489320437
39,22,0.005964074,-0.000496297497623202
39,23,0.011351892,0.00557583661681832
39,24,-0.012902686,-0.00244509239402825
39,25,0.022263616,0.00161596117805151
39,26,0.008186429,-0.00868418414655015
39,27,0.011137931,-0.0029369171195608
39,28,-0.001049869,-0.0231139655473744
39,29,-0.006946068,0.00728545898640293
39,30,-0.004167314,0.00429547601367179
39,31,6.35e-05,-0.00143717395913825
39,32,0.02178352,-0.00763085079045686
39,33,-0.004807873,-0.00525618784823737
39,34,0.006032852,0.00461207694039053
39,35,-0.001269391,-0.00475519510160446
39,36,-0.003710877,-0.00264370831195257
39,37,0.005468066,-0.00384239274868486
39,38,-0.005985299,0.0100067620655093
39,39,-0.028583327,-0.0130314002186814
39,40,-0.00539328,-0.00866365076530152
39,41,-0.004031704,-0.00231863316693875
39,42,0.000120447,0.00339701944237287
39,43,0.012118458,0.00505156093218974
39,44,0.001481685,-0.00191033645622171
39,45,-0.017080409,0.00567324308011626
39,46,-0.003669695,0.00914463027004325
39,47,-0.004048532,0.0103552073746364
39,48,-0.014618777,0.00757057101901254
39,49,0.003283982,-0.0069661063678681
39,50,-0.00771448,-0.00714867859873445
39,51,0.016450715,0.000400732160582047
39,52,-0.014437883,0.0184300899654024
39,53,0.029077658,0.0028257483052058
39,54,0.009039912,0.000130542489831418
39,55,0.013132363,0.00594889114661324
39,56,-0.011537451,-0.00597261023360255
39,57,0,0.0434448003083021
39,58,0.006418033,-0.0136292554864464
39,59,0.020741297,0.0170033688338935
39,60,-0.00071333,-0.00921045417555029
39,61,0.00353491,0.0031543462535505
39,62,-0.000364488,-0.00676833406156851
39,63,0.000826575,-0.00608090935838536
39,64,0.015095292,-0.00345248974657466
39,65,-0.002567373,0.0127283993823774
39,66,-0.004837173,-0.0140901191999741
39,67,-0.008366175,-0.010720928542631
39,68,0.020972838,-0.0117095993973415
39,69,-0.005683545,-0.00291220546693776
39,70,0.004838733,-0.0101686167684863
39,71,-0.002591138,-0.0106576849409321
39,72,-0.003088461,0.00228176397344666
39,73,0.00440668,0.0101761029486415
39,74,-0.008067421,-0.00137151191190135
39,75,0.020646748,-0.0120300676766363
39,76,-0.000672205,-0.00353421572672891
39,77,-0.001647951,0.000121486664862169
39,78,0.006103643,-0.00473798736950628
39,79,0.000145893,-0.00760432290465913
39,80,0.003811421,-0.000568281256581449
39,81,0.007095823,-0.0145030373487092
39,82,-0.003648103,-0.0164007663616739
39,83,0.002025533,0.00209428988094298
39,84,0.007217618,-0.00338832477614849
39,85,-0.016004698,-0.004927422729378
39,86,0.010469066,-0.00639895479570641
39,87,0.001772366,-0.00796439748437516
39,88,0.002386454,-0.00381454874230202
39,89,0.002144637,-0.00491437010229484
39,90,1.69e-05,-0.00586456418404549
39,91,-0.002694156,-0.00206336920539785
39,92,0.001630874,-0.00930171376899478
39,93,0.007729385,-0.00927819296578171
39,94,0.003671294,0.00161319649234759
39,95,0.019099224,-0.00366372297463261
39,96,0.003915147,-0.00778106602532068
39,97,-0.00212323,-0.00438818618843164
39,98,-0.008084915,-0.0123179530554486
39,99,0.004366586,0.0010464816817178
39,100,-0.004251214,-0.00484684331645721
39,101,-0.011878701,-0.00633641871222317
39,102,-0.00121821,-0.00819372246240436
39,103,7.51e-05,-0.0051278115000005
39,104,-0.014387044,0.0133727166129093
39,105,0.014812719,-0.00528398734234395
39,106,-0.007496632,-0.00125070731278821
39,107,0,0.00950153802519033
39,108,-0.001379798,-0.0013149087304192
39,109,-0.006088749,0.00373456479257658
39,110,0.021386708,0.0032610239860981
39,111,0.012737032,-0.00978389673428528
39,112,0.00259991,-0.00889705322701134
39,113,-0.00129911,-0.00534592143663841
39,114,0.000514944,-0.0166196794766436
39,115,0.003694902,0.00980076841816514
39,116,0.003835407,-0.00582799412211633
39,117,0.005983684,-0.00489757384607636
39,118,4.84e-05,-0.00606237887698194
39,119,0.000910538,-0.000664931947906634
39,120,-0.005135629,-0.00467283542155717
39,121,0.006166034,-0.00787058222304452
39,122,0.000836423,-0.00626152999230479
39,123,0.002545174,-0.00558222376539461
39,124,0.006011978,-0.00818610668329638
39,125,0.003373865,-0.00744399762734658
39,126,-0.001645724,-0.00149641151140927
39,127,0.000612494,-0.00703987156783508
39,128,0,-0.0082122507678514
39,129,0.00077105,-0.00183261008631236
39,130,0.001008621,-0.0067269200092719
39,131,-0.001509338,-0.00798674806802709
40,1,-0.016201322,-0.00845625190968939
40,2,-0.002989922,-0.0036696568310042
40,3,-0.016946193,-0.0177764677381924
40,4,0.002855218,-0.00355772294773576
40,5,-0.002035951,-0.00357033298793901
40,6,-0.031508271,-0.00692318679734169
40,7,-0.010164425,0.00593680935820239
40,8,-0.003245746,0.00271103090121422
40,9,-0.004673293,0.00360715947184503
40,10,0.005344686,0.0231143361548193
40,11,0,-0.000308560080562771
40,12,0.030850062,0.00356595164742134
40,13,0.009368673,0.0143196612132533
40,14,0.0071781,0.00585563422522317
40,15,0.000732597,0.0161478598423183
40,16,0.015261854,0.00412514776975006
40,17,-0.000155215,-0.0141833052158856
40,18,0.001195446,0.0209656605145189
40,19,-0.029242932,-0.0216023179044107
40,20,0.005964074,-0.00523313972818115
40,21,0.011351892,-0.00922650421682454
40,22,-0.012902686,-0.00534263263600099
40,23,0.022263616,0.0101625239850143
40,24,0.008186429,-0.00305442061223926
40,25,0.011137931,0.00247337043694854
40,26,-0.001049869,-0.00578424544981682
40,27,-0.006946068,-0.0090084970012371
40,28,-0.004167314,0.000519048368663927
40,29,6.35e-05,0.00187783280014481
40,30,0.02178352,-0.0128465588440427
40,31,-0.004807873,-0.00247611522146353
40,32,0.006032852,-0.011773752574729
40,33,-0.001269391,-0.0022402168490656
40,34,-0.003710877,0.00733724818922446
40,35,0.005468066,-0.0081001590503723
40,36,-0.005985299,-0.00297711565214795
40,37,-0.028583327,-0.0117753560556743
40,38,-0.00539328,-0.00875763732084207
40,39,-0.004031704,-0.00606165970690954
40,40,0.000120447,0.00304315494111176
40,41,0.012118458,0.0105387786948592
40,42,0.001481685,-0.00509477650061928
40,43,-0.017080409,0.00195456408774079
40,44,-0.003669695,0.013354603437088
40,45,-0.004048532,0.00799609229798168
40,46,-0.014618777,0.0108794086257733
40,47,0.003283982,0.00307731316936024
40,48,-0.00771448,-0.0134785293989799
40,49,0.016450715,-0.00320571998009371
40,50,-0.014437883,0.00636078728717176
40,51,0.029077658,-0.00299771490383308
40,52,0.009039912,0.00840070315343502
40,53,0.013132363,0.000464744573799691
40,54,-0.011537451,-0.00376884853256883
40,55,0,-0.00711165485214041
40,56,0.006418033,-0.0198437896634446
40,57,0.020741297,0.00821035659021552
40,58,-0.00071333,-0.0241730823514246
40,59,0.00353491,-0.00603486574675043
40,60,-0.000364488,-0.00740481985206848
40,61,0.000826575,0.00729524843929938
40,62,0.015095292,-0.0152492005561057
40,63,-0.002567373,0.0061543336793683
40,64,-0.004837173,-0.0126471282206445
40,65,-0.008366175,-0.00700677667397827
40,66,0.020972838,-0.00182300122860227
40,67,-0.005683545,-0.00534542922275807
40,68,0.004838733,-0.0086910879287409
40,69,-0.002591138,-0.0121643997131561
40,70,-0.003088461,0.00270032304764975
40,71,0.00440668,-0.00549635664109582
40,72,-0.008067421,-0.010827920246011
40,73,0.020646748,-0.0110735096278741
40,74,-0.000672205,-0.00424954080355877
40,75,-0.001647951,-0.00469192125963069
40,76,0.006103643,0.00308745419790705
40,77,0.000145893,-0.00556063884718119
40,78,0.003811421,-0.00709461663428612
40,79,0.007095823,-0.00622187167826123
40,80,-0.003648103,-0.0141194449082365
40,81,0.002025533,0.00410985274601809
40,82,0.007217618,-0.00831854824002361
40,83,-0.016004698,-0.0024330382435607
40,84,0.010469066,-0.00396310662299008
40,85,0.001772366,-0.0106737818675817
40,86,0.002386454,-0.00193587095781811
40,87,0.002144637,0.000750840192431428
40,88,1.69e-05,-0.0133928501764835
40,89,-0.002694156,-0.000703370966918471
40,90,0.001630874,-0.00705545332831103
40,91,0.007729385,-0.007897087984314
40,92,0.003671294,0.00161162259801023
40,93,0.019099224,-0.007393289751133
40,94,0.003915147,-0.00516224256965123
40,95,-0.00212323,0.000602222554777307
40,96,-0.008084915,-0.000857909679441812
40,97,0.004366586,-0.00223826374277214
40,98,-0.004251214,-0.0103040420410562
40,99,-0.011878701,0.00193931803225676
40,100,-0.00121821,-0.0152458024413732
40,101,7.51e-05,-0.0062448693237722
40,102,-0.014387044,0.000352207921596834
40,103,0.014812719,-0.0103355385233961
40,104,-0.007496632,-0.00613592685050145
40,105,0,0.00507503085765709
40,106,-0.001379798,0.00131363851419691
40,107,-0.006088749,-0.00253633623907615
40,108,0.021386708,0.00158954447819845
40,109,0.012737032,-0.0140508474404762
40,110,0.00259991,-0.00885666578976953
40,111,-0.00129911,0.00404592844934708
40,112,0.000514944,-0.000440395598865023
40,113,0.003694902,0.000587674151846546
40,114,0.003835407,0.00587184941731707
40,115,0.005983684,-0.00441871783556264
40,116,4.84e-05,-0.0068012706140205
40,117,0.000910538,-0.00336374605611296
40,118,-0.005135629,-0.00205162816261228
40,119,0.006166034,-0.00465501875560051
40,120,0.000836423,-0.00452262042451579
40,121,0.002545174,-0.00858352460508181
40,122,0.006011978,-0.0075440207759389
40,123,0.003373865,-0.00543588062479863
40,124,-0.001645724,0.000382965043410122
40,125,0.000612494,-0.00674670514645215
40,126,0,-0.00415928649595089
40,127,0.00077105,-0.000522724442171968
40,128,0.001008621,-0.00888908480653419
40,129,-0.001509338,-0.008161147219055
40,130,-0.000190815,-0.00404304863524975
40,131,0.01125131,-0.00395644370818352
41,1,-0.016946193,-0.0092424672642747
41,2,0.002855218,0.0040694732143869
41,3,-0.002035951,-0.0146691182358842
41,4,-0.031508271,-0.00404697583743913
41,5,-0.010164425,-0.0118634251938079
41,6,-0.003245746,0.00193735673615614
41,7,-0.004673293,0.00608897619348833
41,8,0.005344686,0.0192048428603641
41,9,0,-0.0078334058375628
41,10,0.030850062,0.00370074215717318
41,11,0.009368673,0.011523166465845
41,12,0.0071781,0.00504350282452116
41,13,0.000732597,0.0127549969140373
41,14,0.015261854,0.00986241697006479
41,15,-0.000155215,-0.0169178136089335
41,16,0.001195446,0.00606552961914981
41,17,-0.029242932,-0.0104980173588196
41,18,0.005964074,-0.00397658922274339
41,19,0.011351892,-0.013028980887912
41,20,-0.012902686,-0.00142020897614189
41,21,0.022263616,0.0597001697625182
41,22,0.008186429,0.000462586963132212
41,23,0.011137931,-0.00633092828636402
41,24,-0.001049869,-0.00521705612296331
41,25,-0.006946068,-0.0098839270292368
41,26,-0.004167314,-0.00212988938202198
41,27,6.35e-05,0.00617534568824623
41,28,0.02178352,-0.00964878799268396
41,29,-0.004807873,-0.00136324653135728
41,30,0.006032852,-0.00949755032100172
41,31,-0.001269391,-0.00141478466273768
41,32,-0.003710877,-0.00695762462102748
41,33,0.005468066,-0.00361144966125444
41,34,-0.005985299,0.00254331294911728
41,35,-0.028583327,-0.00368459012250547
41,36,-0.00539328,0.00451480501143415
41,37,-0.004031704,-0.0121460077124114
41,38,0.000120447,0.00677865015270552
41,39,0.012118458,0.0133899264413986
41,40,0.001481685,-0.000828170201584148
41,41,-0.017080409,0.00428873214938052
41,42,-0.003669695,0.0117511152178893
41,43,-0.004048532,0.00636514199094309
41,44,-0.014618777,0.0116817427454962
41,45,0.003283982,-0.0110384402638524
41,46,-0.00771448,-0.00833304494485806
41,47,0.016450715,0.000806633466309737
41,48,-0.014437883,-0.0126276585656264
41,49,0.029077658,-0.00288366715329026
41,50,0.009039912,0.00355972831546735
41,51,0.013132363,0.00573475038332016
41,52,-0.011537451,-0.0242210861197668
41,53,0,0.00974749186584126
41,54,0.006418033,-0.0235808182756067
41,55,0.020741297,0.0143652717135088
41,56,-0.00071333,-0.0290641197732841
41,57,0.00353491,-0.00180626101553982
41,58,-0.000364488,-0.0177980417868825
41,59,0.000826575,-0.000343925023566184
41,60,0.015095292,-0.00920156342657956
41,61,-0.002567373,0.00309809136274836
41,62,-0.004837173,-0.00550756069405686
41,63,-0.008366175,0.000245832860645435
41,64,0.020972838,-0.0148625462598972
41,65,-0.005683545,0.000458205241944519
41,66,0.004838733,0.000980567301698331
41,67,-0.002591138,-0.0125680355153834
41,68,-0.003088461,-0.00376791571922738
41,69,0.00440668,-0.00533956564989603
41,70,-0.008067421,0.0041226768586003
41,71,0.020646748,-0.00354384639706709
41,72,-0.000672205,0.00629566792285366
41,73,-0.001647951,-0.0103430088031704
41,74,0.006103643,0.000616058214722539
41,75,0.000145893,-0.0064910342463695
41,76,0.003811421,-0.00648774971543478
41,77,0.007095823,0.00673256152485882
41,78,-0.003648103,-0.0104865044544863
41,79,0.002025533,0.00749338039490718
41,80,0.007217618,-0.00567116390855461
41,81,-0.016004698,0.00028254215670824
41,82,0.010469066,0.00596550961386379
41,83,0.001772366,-0.00331432329089884
41,84,0.002386454,-0.00126609120522979
41,85,0.002144637,-0.00894433867203133
41,86,1.69e-05,-0.0104107199369016
41,87,-0.002694156,0.00174389033335174
41,88,0.001630874,0.00903089113867792
41,89,0.007729385,-0.00434865023497771
41,90,0.003671294,0.00729719135380389
41,91,0.019099224,-0.000922286962143682
41,92,0.003915147,-0.000581001241805969
41,93,-0.00212323,0.00056880482641899
41,94,-0.008084915,0.00512411386198832
41,95,0.004366586,1.76919761448752e-05
41,96,-0.004251214,-0.00695275888916338
41,97,-0.011878701,0.00210917736135307
41,98,-0.00121821,-0.0133513228351644
41,99,7.51e-05,-0.00480207655562412
41,100,-0.014387044,0.0015878942223028
41,101,0.014812719,-0.0139116243854975
41,102,-0.007496632,-0.00352475141546655
41,103,0,0.00621825746592399
41,104,-0.001379798,-0.0143176696693127
41,105,-0.006088749,-0.00237022814225142
41,106,0.021386708,-0.00179934887717857
41,107,0.012737032,0.00615352492145693
41,108,0.00259991,-0.00411255368788778
41,109,-0.00129911,0.00849757373913647
41,110,0.000514944,-0.0152392580622701
41,111,0.003694902,-0.00294785365061319
41,112,0.003835407,0.00419370534788973
41,113,0.005983684,-0.00563167364706325
41,114,4.84e-05,-0.00202098520174687
41,115,0.000910538,-0.00763933561259951
41,116,-0.005135629,-0.0013138102690084
41,117,0.006166034,0.00148537718125406
41,118,0.000836423,0.00339827471626624
41,119,0.002545174,0.000297708284104954
41,120,0.006011978,8.54599247892846e-05
41,121,0.003373865,-0.00242436071525684
41,122,-0.001645724,0.00222540846181969
41,123,0.000612494,0.00450648306171927
41,124,0,-0.000795622555725227
41,125,0.00077105,0.00574340909757062
41,126,0.001008621,0.00107722545378332
41,127,-0.001509338,-0.00139246505016926
41,128,-0.000190815,0.000251586574004609
41,129,0.01125131,0.000954326246786909
41,130,-0.00131389,0.00105481629286991
41,131,0.004994592,0.00338544399391822
42,1,0,-0.00947235048075639
42,2,0.030850062,0.00763632866692375
42,3,0.009368673,0.00134406491589932
42,4,0.0071781,-0.00182648112409954
42,5,0.000732597,0.0178878222442907
42,6,0.015261854,0.00548314555089262
42,7,-0.000155215,-0.0198182640114522
42,8,0.001195446,0.0209404189204235
42,9,-0.029242932,-0.0239494422864946
42,10,0.005964074,-0.00422281256196423
42,11,0.011351892,0.000887074362841862
42,12,-0.012902686,0.00113258508845065
42,13,0.022263616,0.0301268436113309
42,14,0.008186429,-0.0108023560196153
42,15,0.011137931,0.00480468088536957
42,16,-0.001049869,0.00390912293969088
42,17,-0.006946068,-0.0108339839098026
42,18,-0.004167314,0.0121385982401927
42,19,6.35e-05,0.0226019334969724
42,20,0.02178352,-0.00705650274732339
42,21,-0.004807873,-0.0101396492421047
42,22,0.006032852,-0.00859398719731148
42,23,-0.001269391,-0.00708076725154873
42,24,-0.003710877,0.00418153943903773
42,25,0.005468066,-0.0116701603706585
42,26,-0.005985299,-0.00381237410138921
42,27,-0.028583327,-0.00434458532838834
42,28,-0.00539328,-0.00570284275422438
42,29,-0.004031704,-0.00253367930623785
42,30,0.000120447,0.00128087941443564
42,31,0.012118458,0.00202852341880366
42,32,0.001481685,-0.0145009394322854
42,33,-0.017080409,-0.00111317150117588
42,34,-0.003669695,0.000596365119272674
42,35,-0.004048532,0.00393279760001218
42,36,-0.014618777,0.00986721800895283
42,37,0.003283982,-0.00109286814139123
42,38,-0.00771448,-0.0201941883779822
42,39,0.016450715,-0.00607235767055779
42,40,-0.014437883,-0.00247037219480629
42,41,0.029077658,-0.0130100652408246
42,42,0.009039912,0.0147294997207446
42,43,0.013132363,-0.000927164857075735
42,44,-0.011537451,-0.00455106850912445
42,45,0,-0.00848754703126428
42,46,0.006418033,-0.023447298712668
42,47,0.020741297,0.0232880261217683
42,48,-0.00071333,-0.0227817181416577
42,49,0.00353491,-0.0172859412830205
42,50,-0.000364488,0.00084797878377801
42,51,0.000826575,0.00906098639302322
42,52,0.015095292,-0.00939203627835355
42,53,-0.002567373,-0.00388992477730744
42,54,-0.004837173,-0.00843162548185847
42,55,-0.008366175,-0.00497556676873696
42,56,0.020972838,0.00342050395078721
42,57,-0.005683545,-0.00557755285215851
42,58,0.004838733,-0.00481171039242076
42,59,-0.002591138,-0.0141021142573334
42,60,-0.003088461,-0.00416807035548605
42,61,0.00440668,-0.00860571073406427
42,62,-0.008067421,-0.000988607679790901
42,63,0.020646748,-0.00461199939501586
42,64,-0.000672205,-0.004430969709283
42,65,-0.001647951,-0.00228607751196018
42,66,0.006103643,0.000648854008256397
42,67,0.000145893,-0.00541384161797645
42,68,0.003811421,-0.00959381913976692
42,69,0.007095823,0.0026183360438439
42,70,-0.003648103,-0.0120079652819163
42,71,0.002025533,0.00376335604434026
42,72,0.007217618,0.00175479060514674
42,73,-0.016004698,-0.00172855269034147
42,74,0.010469066,-0.000601921059161681
42,75,0.001772366,-0.00853193151854003
42,76,0.002386454,-0.00301400832134439
42,77,0.002144637,-3.2863656281398e-05
42,78,1.69e-05,-0.0142653097668474
42,79,-0.002694156,0.00370319244308871
42,80,0.001630874,0.00186152514951236
42,81,0.007729385,-0.00589606356649113
42,82,0.003671294,0.000598199558821633
42,83,0.019099224,-0.00501377053523911
42,84,0.003915147,-0.00730113485324795
42,85,-0.00212323,-0.00213672433800037
42,86,-0.008084915,0.00182178274543819
42,87,0.004366586,0.0011239429742739
42,88,-0.004251214,-0.0107374238181394
42,89,-0.011878701,0.00434783787721012
42,90,-0.00121821,-0.0140904599874029
42,91,7.51e-05,-0.0116491705255326
42,92,-0.014387044,0.00232822375045065
42,93,0.014812719,-0.00934147823746679
42,94,-0.007496632,-0.012789165920973
42,95,0,0.00423869969149951
42,96,-0.001379798,-0.00424472879455415
42,97,-0.006088749,-0.00910269965113207
42,98,0.021386708,0.00597352766445737
42,99,0.012737032,-0.00439228243022589
42,100,0.00259991,-0.00835570496236437
42,101,-0.00129911,0.000656232835271848
42,102,0.000514944,-0.00104971933530187
42,103,0.003694902,-0.0028802035196978
42,104,0.003835407,0.0129546110300464
42,105,0.005983684,-0.00835616240622145
42,106,4.84e-05,-0.00798178903915539
42,107,0.000910538,0.000940021276569915
42,108,-0.005135629,0.00118799327793024
42,109,0.006166034,-0.00162015235507139
42,110,0.000836423,-0.00167301651098657
42,111,0.002545174,-0.00639470182983932
42,112,0.006011978,-0.0083123475723868
42,113,0.003373865,-0.00802472620869506
42,114,-0.001645724,-0.00102751397317586
42,115,0.000612494,-0.00259648446306754
42,116,0,-0.0035604106195455
42,117,0.00077105,0.00135801428282866
42,118,0.001008621,-0.00405065962655437
42,119,-0.001509338,-0.00807798692404693
42,120,-0.000190815,-0.00593284317668636
42,121,0.01125131,-0.00459330371850176
42,122,-0.00131389,-0.00511114661656232
42,123,0.004994592,-0.00369521432051157
42,124,-0.002125149,-0.00618552126795018
42,125,-0.001846505,-0.00194225561771461
42,126,-0.001377275,-0.00127140559658858
42,127,0.003718222,-0.00418580420860655
42,128,0.008967269,-0.00415666472413578
42,129,-0.001712249,-0.0067396614215634
42,130,0.007357426,-0.00652757905590107
42,131,0.001375442,-0.00303019120021125
43,1,0.030850062,0.00349536422038079
43,2,0.009368673,-0.00959419166391752
43,3,0.0071781,-0.00334739040927516
43,4,0.000732597,0.021258835102564
43,5,0.015261854,0.00335367952724819
43,6,-0.000155215,-0.0106283162879164
43,7,0.001195446,0.0232359549515788
43,8,-0.029242932,-0.03057334953097
43,9,0.005964074,-0.00358752410930631
43,10,0.011351892,0.0109234333542914
43,11,-0.012902686,-0.00117532535303294
43,12,0.022263616,0.0175072981842417
43,13,0.008186429,-0.00667658389434181
43,14,0.011137931,-0.00218216313904194
43,15,-0.001049869,-0.00408311626549143
43,16,-0.006946068,-0.0138623165099632
43,17,-0.004167314,0.0206266821850634
43,18,6.35e-05,0.0179288011457643
43,19,0.02178352,-0.0172266463327615
43,20,-0.004807873,-0.00949087021616418
43,21,0.006032852,0.000780288300405735
43,22,-0.001269391,-0.00587815782223187
43,23,-0.003710877,0.00303273647163157
43,24,0.005468066,-0.00704961092593407
43,25,-0.005985299,-0.0102562784027827
43,26,-0.028583327,-0.00979273252675292
43,27,-0.00539328,-0.00680083026767026
43,28,-0.004031704,0.00416554212904133
43,29,0.000120447,0.00266800004930698
43,30,0.012118458,0.0123992979657434
43,31,0.001481685,-0.0102974940086522
43,32,-0.017080409,-0.00920009615450713
43,33,-0.003669695,-0.00656723792098064
43,34,-0.004048532,0.00321944328951462
43,35,-0.014618777,0.0143265412346136
43,36,0.003283982,-0.00197214458058149
43,37,-0.00771448,-0.0111532462647928
43,38,0.016450715,-0.00897962795882598
43,39,-0.014437883,-0.00233131028806842
43,40,0.029077658,-0.0122803265231811
43,41,0.009039912,0.0137896160283549
43,42,0.013132363,-0.00281327596935095
43,43,-0.011537451,-0.00110033141490136
43,44,0,-0.0193597855641849
43,45,0.006418033,-0.0268039412171226
43,46,0.020741297,0.0196959750839005
43,47,-0.00071333,-0.0322908056671938
43,48,0.00353491,-0.0181784921668572
43,49,-0.000364488,0.00621134383836231
43,50,0.000826575,0.00729938089457258
43,51,0.015095292,-0.00566042367586011
43,52,-0.002567373,-0.00625831581581982
43,53,-0.004837173,-0.0105089204647729
43,54,-0.008366175,-0.0018144563765307
43,55,0.020972838,0.00849387511697365
43,56,-0.005683545,-0.00144547711571574
43,57,0.004838733,-0.00788060203573059
43,58,-0.002591138,-0.008806212583855
43,59,-0.003088461,-0.00508173496258848
43,60,0.00440668,-0.0056246135827401
43,61,-0.008067421,-0.0100485575479261
43,62,0.020646748,-0.00868160902289459
43,63,-0.000672205,-0.00385205776182415
43,64,-0.001647951,0.00348583412682644
43,65,0.006103643,0.00218504836978275
43,66,0.000145893,-0.00488007196688644
43,67,0.003811421,-0.0057637589416539
43,68,0.007095823,-0.00382665067395489
43,69,-0.003648103,-0.0113996612755132
43,70,0.002025533,0.00595544538349911
43,71,0.007217618,0.0033634702733096
43,72,-0.016004698,0.00214399368208898
43,73,0.010469066,0.00160527678368428
43,74,0.001772366,-0.00758997834604612
43,75,0.002386454,-0.000243817665510325
43,76,0.002144637,0.00462467699643779
43,77,1.69e-05,-0.0134780305333433
43,78,-0.002694156,0.00277753211397767
43,79,0.001630874,-0.00630841042472235
43,80,0.007729385,0.00127552153402059
43,81,0.003671294,0.00598211438104081
43,82,0.019099224,0.000699342662013145
43,83,0.003915147,-0.00404419237422834
43,84,-0.00212323,-0.0014690157690891
43,85,-0.008084915,0.00317714935275544
43,86,0.004366586,-0.00173912476598833
43,87,-0.004251214,-0.00380544255153426
43,88,-0.011878701,0.00329686888516632
43,89,-0.00121821,-0.0109332467562159
43,90,7.51e-05,-0.00806131391323998
43,91,-0.014387044,0.00370541830076295
43,92,0.014812719,-0.00858494912761836
43,93,-0.007496632,-0.00909204684193171
43,94,0,0.0024001334641707
43,95,-0.001379798,-0.00303643511672354
43,96,-0.006088749,-0.00623859696543096
43,97,0.021386708,0.00666970751257831
43,98,0.012737032,-0.0133146689369348
43,99,0.00259991,-0.00618718461744965
43,100,-0.00129911,0.00298028192657235
43,101,0.000514944,0.00195639784260918
43,102,0.003694902,-0.000216173851950878
43,103,0.003835407,0.0138311469958421
43,104,0.005983684,-0.0155761010195866
43,105,4.84e-05,0.000204720703282537
43,106,0.000910538,0.00629009726603412
43,107,-0.005135629,0.00467000542943569
43,108,0.006166034,5.90673685729448e-05
43,109,0.000836423,0.00141719770700935
43,110,0.002545174,-0.0052114334233441
43,111,0.006011978,-0.00329339144606515
43,112,0.003373865,-0.00471760447720121
43,113,-0.001645724,0.000282296398669022
43,114,0.000612494,-0.00454780388548343
43,115,0,0.000621399352792458
43,116,0.00077105,0.00498315957910524
43,117,0.001008621,-0.00266058843050332
43,118,-0.001509338,-0.00337952370656301
43,119,-0.000190815,-0.00318888360593628
43,120,0.01125131,-0.00147667003064771
43,121,-0.00131389,-0.00248558044413867
43,122,0.004994592,-0.00055584580968498
43,123,-0.002125149,-0.00282150395881592
43,124,-0.001846505,-0.000332355998638716
43,125,-0.001377275,0.000854359767562749
43,126,0.003718222,-0.00762572662278792
43,127,0.008967269,0.00140929375896366
43,128,-0.001712249,-0.00571217358127393
43,129,0.007357426,-0.00140220806345279
43,130,0.001375442,-0.00175271388386262
43,131,0,0.00104821878306645
44,1,0.0071781,-0.0145420811661025
44,2,0.000732597,0.0219857506077661
44,3,0.015261854,-1.18018301849556e-05
44,4,-0.000155215,-0.00256517590884291
44,5,0.001195446,0.00373034641779393
44,6,-0.029242932,-0.0102621561784786
44,7,0.005964074,-0.00493108413366048
44,8,0.011351892,-0.00164904953141066
44,9,-0.012902686,6.28096636512195e-05
44,10,0.022263616,0.0150950622015147
44,11,0.008186429,-0.0191614291686876
44,12,0.011137931,-0.0135752731054814
44,13,-0.001049869,0.00521937756821237
44,14,-0.006946068,-0.00637229481814072
44,15,-0.004167314,0.0297371353104216
44,16,6.35e-05,0.0147937236201101
44,17,0.02178352,-0.00448062710728503
44,18,-0.004807873,-0.0031843754897597
44,19,0.006032852,-0.0102764047926127
44,20,-0.001269391,-0.0203875384082557
44,21,-0.003710877,-0.0011104777453169
44,22,0.005468066,-0.00224572262409698
44,23,-0.005985299,0.00243239762101149
44,24,-0.028583327,-0.00432349377249085
44,25,-0.00539328,-0.0052576526053858
44,26,-0.004031704,-0.0054180627698208
44,27,0.000120447,0.000510175482438976
44,28,0.012118458,0.0188132997926939
44,29,0.001481685,-0.00153865817016752
44,30,-0.017080409,0.00244395583612519
44,31,-0.003669695,0.00459559489743019
44,32,-0.004048532,0.000650413820012359
44,33,-0.014618777,0.0152452295958331
44,34,0.003283982,-0.00575480692753135
44,35,-0.00771448,-0.00510786503819109
44,36,0.016450715,-6.60110646708024e-05
44,37,-0.014437883,0.00252446468222693
44,38,0.029077658,-0.010068600969443
44,39,0.009039912,-0.00352825782838885
44,40,0.013132363,-0.012572958861283
44,41,-0.011537451,-0.00131280350075122
44,42,0,0.00489470442434889
44,43,0.006418033,-0.0221540004396189
44,44,0.020741297,0.0187708874516312
44,45,-0.00071333,-0.00242430342179277
44,46,0.00353491,-0.0132066986694267
44,47,-0.000364488,-0.00348717823468778
44,48,0.000826575,0.00145346593227309
44,49,0.015095292,-0.00232972003899768
44,50,-0.002567373,-0.000179404594347574
44,51,-0.004837173,-0.0126365450674277
44,52,-0.008366175,-0.0124555345295623
44,53,0.020972838,-0.000574447421182338
44,54,-0.005683545,-0.00475041551298288
44,55,0.004838733,-0.014033434877457
44,56,-0.002591138,-0.0211363497363578
44,57,-0.003088461,-0.00203982247553566
44,58,0.00440668,-0.000523026526719204
44,59,-0.008067421,0.0061950728409439
44,60,0.020646748,-0.00261003972927791
44,61,-0.000672205,-0.000671964523843157
44,62,-0.001647951,-0.0100675339153185
44,63,0.006103643,-0.00480431582911269
44,64,0.000145893,-0.00494487075181256
44,65,0.003811421,-0.000628550144303271
44,66,0.007095823,0.00236558536853766
44,67,-0.003648103,-0.00587281456666787
44,68,0.002025533,0.0013845710372892
44,69,0.007217618,-0.00142629657196981
44,70,-0.016004698,-0.00299051108618158
44,71,0.010469066,-0.00494128334641013
44,72,0.001772366,-0.0157847662182414
44,73,0.002386454,-0.00706072819679502
44,74,0.002144637,-0.0050770228901553
44,75,1.69e-05,-0.00485788255482081
44,76,-0.002694156,0.00452241067169935
44,77,0.001630874,0.00209929751388822
44,78,0.007729385,-0.0059379067140846
44,79,0.003671294,0.00443540668724067
44,80,0.019099224,-0.00589573670647658
44,81,0.003915147,-0.00416950763336229
44,82,-0.00212323,-0.014193219367005
44,83,-0.008084915,-0.0030959102467673
44,84,0.004366586,-0.00578077584136842
44,85,-0.004251214,-0.00507630851101476
44,86,-0.011878701,-0.000219369127872083
44,87,-0.00121821,-0.0063254034338261
44,88,7.51e-05,-0.00871314794705736
44,89,-0.014387044,0.000918726882013552
44,90,0.014812719,-0.00253744787427367
44,91,-0.007496632,-0.00450614030186496
44,92,0,0.00319801914719284
44,93,-0.001379798,-0.0151786033722434
44,94,-0.006088749,-0.000168854330145172
44,95,0.021386708,0.0139877462529727
44,96,0.012737032,0.00268008172702669
44,97,0.00259991,-0.0141355362556307
44,98,-0.00129911,0.0034144820698904
44,99,0.000514944,-0.00185453457749343
44,100,0.003694902,0.00481530898529222
44,101,0.003835407,0.00590817716822926
44,102,0.005983684,-0.005695198777462
44,103,4.84e-05,-0.000540785766956788
44,104,0.000910538,-3.22397284331383e-06
44,105,-0.005135629,-0.0025932279112639
44,106,0.006166034,-0.00521562968684136
44,107,0.000836423,-0.00510970816497883
44,108,0.002545174,-0.00606720144891545
44,109,0.006011978,-0.00656642234654744
44,110,0.003373865,-0.00517174954544292
44,111,-0.001645724,-0.00651059969603379
44,112,0.000612494,-0.00170199086423919
44,113,0,-0.00489398799059195
44,114,0.00077105,-0.00133810227087066
44,115,0.001008621,-0.00579149795289685
44,116,-0.001509338,-0.00470215659127206
44,117,-0.000190815,-0.00506883964461787
44,118,0.01125131,-0.00499263119413963
44,119,-0.00131389,-0.00570037883479257
44,120,0.004994592,-0.00680567714685753
44,121,-0.002125149,-0.00810430591264511
44,122,-0.001846505,-0.00353777713320338
44,123,-0.001377275,-0.00417241264570626
44,124,0.003718222,-0.00374840109683401
44,125,0.008967269,-0.00285633685081988
44,126,-0.001712249,-0.00289523885728163
44,127,0.007357426,-0.00639242352435145
44,128,0.001375442,-0.0042332527678359
44,129,0,-0.00672617064417879
44,130,-0.010167185,-0.00291712709602727
44,131,-0.001295772,-0.00510346687592574
45,1,0.000732597,0.0233364740841449
45,2,0.015261854,-0.00194849698692962
45,3,-0.000155215,-0.0189145170945543
45,4,0.001195446,0.0251518972877452
45,5,-0.029242932,-0.0244600565658197
45,6,0.005964074,-0.00831746687678496
45,7,0.011351892,-0.00824673780526829
45,8,-0.012902686,-0.00484014040503361
45,9,0.022263616,0.00730291914016327
45,10,0.008186429,0.000541194230383839
45,11,0.011137931,0.000640057670767375
45,12,-0.001049869,0.00239228661430414
45,13,-0.006946068,-0.0188892652654508
45,14,-0.004167314,0.0127875410957722
45,15,6.35e-05,0.012597688058478
45,16,0.02178352,-0.00968371989660927
45,17,-0.004807873,-0.00782903799279624
45,18,0.006032852,-0.0120377847521512
45,19,-0.001269391,-0.00500546896364241
45,20,-0.003710877,0.000217042569674974
45,21,0.005468066,-0.00711582836792582
45,22,-0.005985299,-0.0114129668653135
45,23,-0.028583327,-0.00194123433680233
45,24,-0.00539328,-0.00604459497070757
45,25,-0.004031704,-0.00773426442210977
45,26,0.000120447,0.00734059285463965
45,27,0.012118458,0.00481223414977096
45,28,0.001481685,0.00170724408504187
45,29,-0.017080409,0.00668019115126486
45,30,-0.003669695,0.00722657077962998
45,31,-0.004048532,0.0063376680814637
45,32,-0.014618777,0.0139354696142918
45,33,0.003283982,-0.00488322063208009
45,34,-0.00771448,-0.0144523670270729
45,35,0.016450715,0.000222704546829305
45,36,-0.014437883,0.00179229262031348
45,37,0.029077658,-0.00799159926102336
45,38,0.009039912,0.0213803221061226
45,39,0.013132363,-0.00349609645885836
45,40,-0.011537451,3.17418164078871e-05
45,41,0,-0.025360282522077
45,42,0.006418033,-0.0223781332013811
45,43,0.020741297,0.014474030021819
45,44,-0.00071333,-0.0252630191816916
45,45,0.00353491,-0.0178300439323516
45,46,-0.000364488,-0.00824178865311785
45,47,0.000826575,0.00488432546319561
45,48,0.015095292,-0.0150349897042871
45,49,-0.002567373,-0.00391001747965507
45,50,-0.004837173,-0.00632854377865814
45,51,-0.008366175,-0.00604951695347301
45,52,0.020972838,-0.00426010575613269
45,53,-0.005683545,-0.00261215293690823
45,54,0.004838733,-0.00799296916036617
45,55,-0.002591138,-0.00881082978583704
45,56,-0.003088461,-0.00389937363894961
45,57,0.00440668,-0.00800594922451036
45,58,-0.008067421,-0.0138604098851416
45,59,0.020646748,-0.00169979167546023
45,60,-0.000672205,-0.0032140836002866
45,61,-0.001647951,-0.00677275982367453
45,62,0.006103643,0.00743849722247269
45,63,0.000145893,-0.0106166877750352
45,64,0.003811421,-0.00553492132096974
45,65,0.007095823,-0.00526263746249721
45,66,-0.003648103,-0.0115992127975664
45,67,0.002025533,0.0083186064847601
45,68,0.007217618,-0.00733144468428019
45,69,-0.016004698,-0.000612338269223989
45,70,0.010469066,0.000810044443285393
45,71,0.001772366,-0.0113815276984498
45,72,0.002386454,-0.00103982577549523
45,73,0.002144637,0.00179641355002196
45,74,1.69e-05,-0.0192593073517912
45,75,-0.002694156,0.00672335351171508
45,76,0.001630874,-0.00549666847876024
45,77,0.007729385,-0.00673657336303961
45,78,0.003671294,0.00333838021213745
45,79,0.019099224,-0.00584976779809266
45,80,0.003915147,-0.00426873207911719
45,81,-0.00212323,0.000370095831927727
45,82,-0.008084915,0.0027637763955448
45,83,0.004366586,-0.00553311125703048
45,84,-0.004251214,-0.0108290688879349
45,85,-0.011878701,0.00438168155348102
45,86,-0.00121821,-0.0127550000928662
45,87,7.51e-05,-0.00827060130332427
45,88,-0.014387044,0.000992763705776946
45,89,0.014812719,-0.0065756143337032
45,90,-0.007496632,-0.00758042125656748
45,91,0,0.0095898620778816
45,92,-0.001379798,0.00309579459232531
45,93,-0.006088749,-0.00814779356153628
45,94,0.021386708,0.0118473981733975
45,95,0.012737032,-0.0148351233841414
45,96,0.00259991,-0.00480483655811191
45,97,-0.00129911,0.00699501469835905
45,98,0.000514944,-0.00669668111447295
45,99,0.003694902,-0.00145175702737523
45,100,0.003835407,0.012666625569801
45,101,0.005983684,-0.00415369611757871
45,102,4.84e-05,-0.00586772054548813
45,103,0.000910538,-0.00354119569530038
45,104,-0.005135629,-0.00113418632054439
45,105,0.006166034,-0.0025998240075563
45,106,0.000836423,-0.000992533502636149
45,107,0.002545174,-0.00702832205374161
45,108,0.006011978,-0.00419859893210479
45,109,0.003373865,-0.00659217067333681
45,110,-0.001645724,0.00118834918311477
45,111,0.000612494,-0.00474001992029533
45,112,0,-0.00256954231212282
45,113,0.00077105,0.0022372134515053
45,114,0.001008621,-0.00594950828717322
45,115,-0.001509338,-0.00690835081617422
45,116,-0.000190815,-0.00190426137451961
45,117,0.01125131,-0.00328443236761314
45,118,-0.00131389,-0.00208999251363523
45,119,0.004994592,-0.000317549104939661
45,120,-0.002125149,-0.00331549650863618
45,121,-0.001846505,-0.000273331877942133
45,122,-0.001377275,0.0020052736245873
45,123,0.003718222,-0.00861928418469113
45,124,0.008967269,-0.0005688266600691
45,125,-0.001712249,-0.00631050320612044
45,126,0.007357426,-0.00603065376429322
45,127,0.001375442,0.000957052830714383
45,128,0,0.00114356840233257
45,129,-0.010167185,0.00168841759974545
45,130,-0.001295772,-0.0100288652096775
45,131,0.002410664,0.00198345600036459
46,1,0.005964074,-0.0050697850844698
46,2,0.011351892,0.00527303182206236
46,3,-0.012902686,-0.000375140472885825
46,4,0.022263616,0.0157324404808633
46,5,0.008186429,-0.010218676320321
46,6,0.011137931,-0.0095545159197253
46,7,-0.001049869,0.00212929746703044
46,8,-0.006946068,-0.00753864177623731
46,9,-0.004167314,0.0261564361501453
46,10,6.35e-05,0.0149002584008601
46,11,0.02178352,-0.00524519308570863
46,12,-0.004807873,-0.00374329221502345
46,13,0.006032852,-0.0110681249510581
46,14,-0.001269391,-0.0232748643541502
46,15,-0.003710877,-0.00328370143794968
46,16,0.005468066,0.00225664631438042
46,17,-0.005985299,0.00338534119428523
46,18,-0.028583327,-0.00177484951971376
46,19,-0.00539328,-0.00438268241375888
46,20,-0.004031704,-0.00140545902202653
46,21,0.000120447,0.00310420470459772
46,22,0.012118458,0.0197954602618456
46,23,0.001481685,0.00577762358355646
46,24,-0.017080409,0.00293204210277614
46,25,-0.003669695,-0.0021494077148847
46,26,-0.004048532,0.00368414480150881
46,27,-0.014618777,0.0148992989128875
46,28,0.003283982,-0.00331697412303674
46,29,-0.00771448,-0.00509370924095262
46,30,0.016450715,0.000738146789933823
46,31,-0.014437883,-0.000790384918383744
46,32,0.029077658,-0.00996410658165977
46,33,0.009039912,-0.00779194595330789
46,34,0.013132363,-0.011758695145519
46,35,-0.011537451,0.00287381437564722
46,36,0,0.00266788869671154
46,37,0.006418033,-0.0161514308620355
46,38,0.020741297,0.0185137777088056
46,39,-0.00071333,-0.0196433267768786
46,40,0.00353491,-0.0128525648598931
46,41,-0.000364488,-0.00814151514374466
46,42,0.000826575,-0.000897612218793998
46,43,0.015095292,0.00123375579914757
46,44,-0.002567373,0.000170155712307751
46,45,-0.004837173,-0.0100810738567291
46,46,-0.008366175,-0.0133426577302361
46,47,0.020972838,-0.000465074723997381
46,48,-0.005683545,0.00115352684938507
46,49,0.004838733,-0.0105596497924027
46,50,-0.002591138,-0.0239372871854201
46,51,-0.003088461,-0.00310108543701933
46,52,0.00440668,0.00221842545547454
46,53,-0.008067421,0.00464575773469032
46,54,0.020646748,-0.000598522893211535
46,55,-0.000672205,-0.000358817526725046
46,56,-0.001647951,-0.0091436919781516
46,57,0.006103643,-0.00524047136279804
46,58,0.000145893,-0.00553262584310267
46,59,0.003811421,0.00383075618028301
46,60,0.007095823,0.00102099282976307
46,61,-0.003648103,-0.00815648505635724
46,62,0.002025533,0.00251009610066389
46,63,0.007217618,-0.00242835001215327
46,64,-0.016004698,-0.00201693816024399
46,65,0.010469066,-0.00250550696576108
46,66,0.001772366,-0.0140594495561406
46,67,0.002386454,-0.00524152170833501
46,68,0.002144637,-0.00339911481341666
46,69,1.69e-05,-0.0083172270467852
46,70,-0.002694156,0.00605874196366331
46,71,0.001630874,-8.23349759433208e-05
46,72,0.007729385,-0.00628181748999604
46,73,0.003671294,0.00413462009831961
46,74,0.019099224,-0.00598740942686489
46,75,0.003915147,-0.00372928855608719
46,76,-0.00212323,-0.00949093476489044
46,77,-0.008084915,-0.00140090715129294
46,78,0.004366586,-0.00324243905606673
46,79,-0.004251214,0.00048379718830038
46,80,-0.011878701,0.000353730366778193
46,81,-0.00121821,-0.00886690538741114
46,82,7.51e-05,-0.00577304369383009
46,83,-0.014387044,0.000637533733148105
46,84,0.014812719,-0.00358953125809061
46,85,-0.007496632,-0.00271046749629614
46,86,0,0.00330859078267757
46,87,-0.001379798,-0.0163990739549949
46,88,-0.006088749,-0.00241952212141602
46,89,0.021386708,0.0156517526170272
46,90,0.012737032,0.000204924701888934
46,91,0.00259991,-0.0111216922552728
46,92,-0.00129911,0.0019987978378328
46,93,0.000514944,-0.00436397167342597
46,94,0.003694902,0.00894374664428122
46,95,0.003835407,0.0074129536687955
46,96,0.005983684,-0.00552990801090374
46,97,4.84e-05,-0.0027179615424804
46,98,0.000910538,-0.00120385010473478
46,99,-0.005135629,-0.00278991116577883
46,100,0.006166034,-0.00305743733549178
46,101,0.000836423,-0.00184398183568825
46,102,0.002545174,-0.00525081214560155
46,103,0.006011978,-0.00538123166385348
46,104,0.003373865,-0.00488125720118898
46,105,-0.001645724,-0.00484660878432884
46,106,0.000612494,-0.0022910337703475
46,107,0,-0.00316526142748072
46,108,0.00077105,0.000557391083431853
46,109,0.001008621,-0.00482936069916149
46,110,-0.001509338,-0.00439182907799886
46,111,-0.000190815,-0.00344915809308564
46,112,0.01125131,-0.00458567102709825
46,113,-0.00131389,-0.00354761770244842
46,114,0.004994592,-0.00464371567848955
46,115,-0.002125149,-0.00720449490641573
46,116,-0.001846505,-0.00245110941230955
46,117,-0.001377275,-0.000555516068592808
46,118,0.003718222,-0.00261196741086923
46,119,0.008967269,-0.00191565256295571
46,120,-0.001712249,-0.00319512308188301
46,121,0.007357426,-0.00709641300568526
46,122,0.001375442,-0.00390131830921386
46,123,0,-0.00497024335724191
46,124,-0.010167185,-0.000947272694323821
46,125,-0.001295772,-0.00457679316522873
46,126,0.002410664,-0.00101744395104195
46,127,0.005819323,-0.00387795547920216
46,128,0.00026336,-0.00554789364733712
46,129,0.004212062,-0.00429637734894511
46,130,0.002241765,-0.00579365278350734
46,131,-0.018013749,-0.000365162346730424
47,1,0.011137931,0.0104636082891414
47,2,-0.001049869,-0.0132058578319908
47,3,-0.006946068,-0.0138518090279869
47,4,-0.004167314,0.0147715267552711
47,5,6.35e-05,0.0154184173980983
47,6,0.02178352,-0.00471959349446006
47,7,-0.004807873,-0.00843276348586951
47,8,0.006032852,-0.00329942951833317
47,9,-0.001269391,0.000713910250914811
47,10,-0.003710877,0.00804140780147366
47,11,0.005468066,-0.00978915349554189
47,12,-0.005985299,-0.0100203904820426
47,13,-0.028583327,-0.0047275424672105
47,14,-0.00539328,-0.00713062163748505
47,15,-0.004031704,0.00260682391684863
47,16,0.000120447,-0.000735300301506029
47,17,0.012118458,0.00597090274606606
47,18,0.001481685,-0.00646608896260147
47,19,-0.017080409,0.0166131397726248
47,20,-0.003669695,0.00999940040648237
47,21,-0.004048532,0.00529558916689536
47,22,-0.014618777,0.00676028313094771
47,23,0.003283982,-0.00388846706651245
47,24,-0.00771448,-0.0183448919301904
47,25,0.016450715,0.00484823242542882
47,26,-0.014437883,0.00847848962030521
47,27,0.029077658,-0.00804723318891035
47,28,0.009039912,0.0144428009019602
47,29,0.013132363,0.00368113532192112
47,30,-0.011537451,0.00249018963065183
47,31,0,-0.00587940673178284
47,32,0.006418033,0.00632199996169986
47,33,0.020741297,0.027575585515826
47,34,-0.00071333,-0.0194118953946132
47,35,0.00353491,-0.0187218904648145
47,36,-0.000364488,0.00954432859739851
47,37,0.000826575,0.00520857170208882
47,38,0.015095292,-0.00708677583865905
47,39,-0.002567373,-0.00264415301232132
47,40,-0.004837173,-0.00983608572062093
47,41,-0.008366175,-0.0038789769214394
47,42,0.020972838,0.00708748402751999
47,43,-0.005683545,-0.00724193241911816
47,44,0.004838733,-0.0124561344766554
47,45,-0.002591138,-0.0121374171861982
47,46,-0.003088461,-0.00245133815588539
47,47,0.00440668,0.00129676384110029
47,48,-0.008067421,-0.0104958195783428
47,49,0.020646748,-0.0044359560655552
47,50,-0.000672205,-0.00287147839626249
47,51,-0.001647951,0.00342720402665793
47,52,0.006103643,-0.000543253227105412
47,53,0.000145893,-0.00107279553766309
47,54,0.003811421,-0.00046657381348451
47,55,0.007095823,-0.00241820361278532
47,56,-0.003648103,-0.0109600427410683
47,57,0.002025533,2.37744290983556e-05
47,58,0.007217618,0.00356457673226831
47,59,-0.016004698,-0.00384037100555631
47,60,0.010469066,-0.00757105736619956
47,61,0.001772366,-0.00904214368318477
47,62,0.002386454,-0.0031380680409124
47,63,0.002144637,-0.00520291630345503
47,64,1.69e-05,-0.0120155221745229
47,65,-0.002694156,0.00451744829082771
47,66,0.001630874,-0.00012432038153721
47,67,0.007729385,-0.0061905023290808
47,68,0.003671294,0.00109568305461334
47,69,0.019099224,-0.00328634795867935
47,70,0.003915147,-0.00610310159567881
47,71,-0.00212323,-0.00169930318042371
47,72,-0.008084915,-0.00520924053986604
47,73,0.004366586,0.00084973433257517
47,74,-0.004251214,-0.00496392602035666
47,75,-0.011878701,-0.00318263122727654
47,76,-0.00121821,-0.0159222522843973
47,77,7.51e-05,-0.00781014817941035
47,78,-0.014387044,0.00837937545589815
47,79,0.014812719,-0.00953311933519075
47,80,-0.007496632,-0.00872173819819278
47,81,0,0.0080522393823109
47,82,-0.001379798,0.0019627048206138
47,83,-0.006088749,-0.00559746101018321
47,84,0.021386708,0.00845756816822258
47,85,0.012737032,-0.0104697078894031
47,86,0.00259991,-0.00519525725969989
47,87,-0.00129911,0.003638659551585
47,88,0.000514944,0.00362688883986968
47,89,0.003694902,-0.000487312022850392
47,90,0.003835407,0.0145387910584784
47,91,0.005983684,-0.0118220031227582
47,92,4.84e-05,-0.00808414230789703
47,93,0.000910538,0.00555084837148028
47,94,-0.005135629,0.00124613391654614
47,95,0.006166034,-0.00501521198829249
47,96,0.000836423,-0.00694244992351441
47,97,0.002545174,-0.00818864638090646
47,98,0.006011978,-0.00734889547587332
47,99,0.003373865,-0.00529381613856981
47,100,-0.001645724,-0.000816239435334999
47,101,0.000612494,-0.00396828633403834
47,102,0,-0.00508721770323273
47,103,0.00077105,-0.002885757825015
47,104,0.001008621,-0.00795946406060165
47,105,-0.001509338,-0.00883817936407135
47,106,-0.000190815,-0.00463328291681401
47,107,0.01125131,-0.00188277140519261
47,108,-0.00131389,-0.00386377175832362
47,109,0.004994592,-0.00366018565880147
47,110,-0.002125149,-0.00538773910537636
47,111,-0.001846505,-0.000693414306980181
47,112,-0.001377275,-0.00604480916914554
47,113,0.003718222,-0.00591778076594224
47,114,0.008967269,-0.00613267598513764
47,115,-0.001712249,-0.00751215485045887
47,116,0.007357426,-0.00199114432323481
47,117,0.001375442,-0.000875199677741254
47,118,0,-0.000490822528169109
47,119,-0.010167185,-0.00680473364868222
47,120,-0.001295772,-0.00563559223986653
47,121,0.002410664,-0.00444548916851514
47,122,0.005819323,-0.00663926035761096
47,123,0.00026336,-0.00773576230123783
47,124,0.004212062,-0.00930025575689623
47,125,0.002241765,0.00323584907449411
47,126,-0.018013749,0.000982580117912673
47,127,0.007633327,-0.00549771108996674
47,128,0.016555814,-0.00159877451399049
47,129,-0.002726279,-0.00477430640108186
47,130,0.002351473,-0.00546429384208216
47,131,0.002880096,-0.0134946121178192
48,1,0.02178352,-0.0115554784031993
48,2,-0.004807873,-0.0125821738607435
48,3,0.006032852,0.003130560436385
48,4,-0.001269391,-0.00215340262461207
48,5,-0.003710877,-0.0022627304706286
48,6,0.005468066,-0.00379021573235512
48,7,-0.005985299,0.00283624336176629
48,8,-0.028583327,-0.0141152911902878
48,9,-0.00539328,-0.00819338918505374
48,10,-0.004031704,-0.00200693809035547
48,11,0.000120447,-0.000695445365857714
48,12,0.012118458,0.00701698030883656
48,13,0.001481685,-0.00554576476426603
48,14,-0.017080409,-0.000924065464430083
48,15,-0.003669695,0.0090400583461975
48,16,-0.004048532,0.0110288885963821
48,17,-0.014618777,0.00201516568340662
48,18,0.003283982,-0.0142834984141885
48,19,-0.00771448,-0.00680819294279692
48,20,0.016450715,-0.00636033997002967
48,21,-0.014437883,0.011318373357812
48,22,0.029077658,-0.00143634678953379
48,23,0.009039912,0.0138801619831296
48,24,0.013132363,0.00390033856467516
48,25,-0.011537451,-0.00627176240063262
48,26,0,0.00770037330310135
48,27,0.006418033,-0.0149245013151807
48,28,0.020741297,-0.00569332635943369
48,29,-0.00071333,-0.0115017016415184
48,30,0.00353491,-0.00712944716509574
48,31,-0.000364488,-0.00690159267334009
48,32,0.000826575,-0.00195967804669246
48,33,0.015095292,-0.00269045304539769
48,34,-0.002567373,0.00264211597222427
48,35,-0.004837173,-0.0155424379178557
48,36,-0.008366175,-0.00472385138972592
48,37,0.020972838,-0.0076233981948719
48,38,-0.005683545,-0.00471980277488063
48,39,0.004838733,-0.000893173007473506
48,40,-0.002591138,-0.0116560769752645
48,41,-0.003088461,0.00243005685048529
48,42,0.00440668,0.00427121886957156
48,43,-0.008067421,-0.00226269123091007
48,44,0.020646748,-0.01316384604553
48,45,-0.000672205,-0.0061142057532214
48,46,-0.001647951,-0.000929350961669022
48,47,0.006103643,-0.000994477147265986
48,48,0.000145893,-0.00462970962190914
48,49,0.003811421,-0.00238922162289624
48,50,0.007095823,-0.00502165942260937
48,51,-0.003648103,-0.0153771957137103
48,52,0.002025533,0.00257519701563184
48,53,0.007217618,-0.00196008252833701
48,54,-0.016004698,-0.00329789741819913
48,55,0.010469066,-0.00663935467739391
48,56,0.001772366,-0.00591421812909478
48,57,0.002386454,-0.00375089889732472
48,58,0.002144637,-0.00621549684250054
48,59,1.69e-05,-0.00615177660169797
48,60,-0.002694156,-0.00086198374355308
48,61,0.001630874,-0.0109036584718682
48,62,0.007729385,-0.00578620270741238
48,63,0.003671294,-0.0019435183563666
48,64,0.019099224,-0.00237357971212881
48,65,0.003915147,-0.00530183714604871
48,66,-0.00212323,-0.00307580062282728
48,67,-0.008084915,-0.00472976800088209
48,68,0.004366586,-0.00294869803727413
48,69,-0.004251214,-0.00424169161660772
48,70,-0.011878701,0.00547776931457869
48,71,-0.00121821,-0.0106644201491116
48,72,7.51e-05,-0.00493070858556143
48,73,-0.014387044,0.00509574372108942
48,74,0.014812719,-0.0067833139811856
48,75,-0.007496632,-0.00297632429231425
48,76,0,0.00901571172396052
48,77,-0.001379798,-0.00101290927096451
48,78,-0.006088749,0.0051022466985306
48,79,0.021386708,0.00796842240752185
48,80,0.012737032,-0.00973990701365587
48,81,0.00259991,-0.010568390638014
48,82,-0.00129911,-0.000341013757830637
48,83,0.000514944,-0.0073784072205285
48,84,0.003694902,0.0123538760387074
48,85,0.003835407,0.000776734947310957
48,86,0.005983684,-0.00920396360931707
48,87,4.84e-05,-0.00444893258348743
48,88,0.000910538,0.000219499453705995
48,89,-0.005135629,-0.00170952800781058
48,90,0.006166034,-0.00568021448305716
48,91,0.000836423,-0.00584504784276926
48,92,0.002545174,-0.00685628233237735
48,93,0.006011978,-0.00677099010139879
48,94,0.003373865,-0.00438815390861037
48,95,-0.001645724,-0.00340046466755038
48,96,0.000612494,-0.00672619507172874
48,97,0,-0.0050087121633756
48,98,0.00077105,-0.00178749258481832
48,99,0.001008621,-0.00570499289562417
48,100,-0.001509338,-0.00650887504828864
48,101,-0.000190815,-0.00574205894464759
48,102,0.01125131,-0.00349173078477209
48,103,-0.00131389,-0.00485828352251987
48,104,0.004994592,-0.00405018287757516
48,105,-0.002125149,-0.00504749640865397
48,106,-0.001846505,-0.000722147690362519
48,107,-0.001377275,-0.00423201759922363
48,108,0.003718222,-0.00549951253213876
48,109,0.008967269,-0.00677931212019946
48,110,-0.001712249,-0.00698415044994012
48,111,0.007357426,-0.002151621112372
48,112,0.001375442,-0.000248764823494608
48,113,0,-0.00260298260864024
48,114,-0.010167185,-0.00570548953829028
48,115,-0.001295772,-0.00554424592844973
48,116,0.002410664,-0.00493358072333287
48,117,0.005819323,-0.00751186423905846
48,118,0.00026336,-0.00304945721981628
48,119,0.004212062,-0.00383786008010322
48,120,0.002241765,-0.00408801560305451
48,121,-0.018013749,0.00027344678761018
48,122,0.007633327,-0.0049885453514769
48,123,0.016555814,-0.00215087047444674
48,124,-0.002726279,-0.00422780531706636
48,125,0.002351473,-0.00634595091046651
48,126,0.002880096,-0.00517607784455253
48,127,0.006220742,-0.00217760068158144
48,128,0.004176098,-0.00939482993199365
48,129,-0.002789697,0.00509461045259182
48,130,0.00074922,-0.00017370696177457
48,131,0.005492239,-0.00383897179569787
49,1,-0.001269391,-0.00779187726951168
49,2,-0.003710877,0.000569046177048102
49,3,0.005468066,-0.00965103587697037
49,4,-0.005985299,-0.00277732862125391
49,5,-0.028583327,-0.00923131953164398
49,6,-0.00539328,-0.00794387877281649
49,7,-0.004031704,0.00124711189586529
49,8,0.000120447,-0.00393288652717205
49,9,0.012118458,0.0159612107116864
49,10,0.001481685,-0.00892237747922604
49,11,-0.017080409,-0.000973586919317079
49,12,-0.003669695,-0.000282637043151235
49,13,-0.004048532,0.00199617981679209
49,14,-0.014618777,0.00786159528857994
49,15,0.003283982,-0.0106804985114117
49,16,-0.00771448,-0.00431467194867016
49,17,0.016450715,-0.0115085110040305
49,18,-0.014437883,-0.00475490530064392
49,19,0.029077658,-0.00289462011911128
49,20,0.009039912,0.024349608429887
49,21,0.013132363,0.0306345743578132
49,22,-0.011537451,-0.00906398693639104
49,23,0,-0.017472987240228
49,24,0.006418033,-0.0250492126108223
49,25,0.020741297,-0.0208236978684123
49,26,-0.00071333,-0.0068396968647579
49,27,0.00353491,0.000604898080287018
49,28,-0.000364488,-0.00755628914650277
49,29,0.000826575,-0.000601308271178311
49,30,0.015095292,-0.00053621471241283
49,31,-0.002567373,-0.00300098635265279
49,32,-0.004837173,-0.00556439006374362
49,33,-0.008366175,-0.00466788927919452
49,34,0.020972838,0.003543139219018
49,35,-0.005683545,-0.0070955237827232
49,36,0.004838733,0.00467396505402004
49,37,-0.002591138,-0.0103490650319577
49,38,-0.003088461,-0.00269194050788168
49,39,0.00440668,-0.00454773005394331
49,40,-0.008067421,-0.00773745911816349
49,41,0.020646748,-0.00946897297059089
49,42,-0.000672205,-0.00742512686750536
49,43,-0.001647951,0.00996430394100848
49,44,0.006103643,-0.00369906110530538
49,45,0.000145893,-0.00144298459962457
49,46,0.003811421,-0.00982916889718793
49,47,0.007095823,-0.00974799899549334
49,48,-0.003648103,-0.00665088975739701
49,49,0.002025533,-0.00128972659116901
49,50,0.007217618,0.00320368267567273
49,51,-0.016004698,-0.00438286067322127
49,52,0.010469066,-0.00628412018839452
49,53,0.001772366,-0.00135037540020602
49,54,0.002386454,-0.00690062348134769
49,55,0.002144637,-0.0104217930164555
49,56,1.69e-05,0.000245994871747729
49,57,-0.002694156,-0.00780738253074867
49,58,0.001630874,-0.013064822996431
49,59,0.007729385,-0.00343088626847599
49,60,0.003671294,-0.0012253489252835
49,61,0.019099224,-0.00365144110689639
49,62,0.003915147,-0.00687153814454427
49,63,-0.00212323,0.00225893105278416
49,64,-0.008084915,-0.00635864011669518
49,65,0.004366586,-0.000351810168705766
49,66,-0.004251214,-0.00550704000969228
49,67,-0.011878701,0.00775164480324926
49,68,-0.00121821,-0.00120759499374892
49,69,7.51e-05,-0.00781119977639132
49,70,-0.014387044,-0.00356863460268982
49,71,0.014812719,-0.010156103282351
49,72,-0.007496632,-0.00640842354648272
49,73,0,0.00881117581984006
49,74,-0.001379798,-0.00999172913756147
49,75,-0.006088749,-0.00109822977711967
49,76,0.021386708,0.00918134895137214
49,77,0.012737032,-0.0174546617309828
49,78,0.00259991,-0.00591925653214018
49,79,-0.00129911,-0.000561851625617005
49,80,0.000514944,0.00175921450464086
49,81,0.003694902,-0.00306852324266654
49,82,0.003835407,-0.00137636329595849
49,83,0.005983684,0.0101432704466965
49,84,4.84e-05,-0.00224510780514031
49,85,0.000910538,0.000880911475798628
49,86,-0.005135629,-0.00223792190286752
49,87,0.006166034,-0.00482909263873629
49,88,0.000836423,-0.00473117807015138
49,89,0.002545174,-0.00388874294646543
49,90,0.006011978,-0.00842929734269703
49,91,0.003373865,-0.0056536283302716
49,92,-0.001645724,-0.00856366265007643
49,93,0.000612494,-0.00673631260970204
49,94,0,-0.00497822208382076
49,95,0.00077105,-0.00374981890090025
49,96,0.001008621,-0.00324077848521118
49,97,-0.001509338,-0.00466459436855717
49,98,-0.000190815,-0.00855119880083465
49,99,0.01125131,-0.00600072123621902
49,100,-0.00131389,-0.00734870343970269
49,101,0.004994592,-0.00586548022384343
49,102,-0.002125149,-0.00645019905887688
49,103,-0.001846505,-0.00425683818336721
49,104,-0.001377275,-0.00707256244195358
49,105,0.003718222,-0.00317758881876828
49,106,0.008967269,-0.00682101367919179
49,107,-0.001712249,-0.00638082327030338
49,108,0.007357426,-0.00564576911670305
49,109,0.001375442,-0.00476761202841099
49,110,0,-0.00533698188328613
49,111,-0.010167185,-0.00613107702204493
49,112,-0.001295772,-0.00206780540749302
49,113,0.002410664,-0.00621699465271332
49,114,0.005819323,-0.00510171295867488
49,115,0.00026336,-0.00593694919819387
49,116,0.004212062,-0.00577475495835922
49,117,0.002241765,-0.00941253722672104
49,118,-0.018013749,-0.00550897380422198
49,119,0.007633327,-0.00613289837585039
49,120,0.016555814,-0.00406058093895861
49,121,-0.002726279,-0.00508366123818462
49,122,0.002351473,-0.00695995023686421
49,123,0.002880096,-0.003289253147572
49,124,0.006220742,-0.0083976298186584
49,125,0.004176098,-0.0126337165366295
49,126,-0.002789697,0.00840649930045991
49,127,0.00074922,0.00488650386628337
49,128,0.005492239,-0.00367746075260551
49,129,0.002382143,0.0010479364854767
49,130,-0.003240202,-0.0051492653787874
49,131,0.006237986,-0.00430560476422055
50,1,-0.005985299,-0.00755783516741792
50,2,-0.028583327,0.0126521210735912
50,3,-0.00539328,-0.00622665685560231
50,4,-0.004031704,-0.00182028013769456
50,5,0.000120447,-0.00342388762283855
50,6,0.012118458,0.0122263420868963
50,7,0.001481685,-0.00476382094453716
50,8,-0.017080409,0.00240493619602867
50,9,-0.003669695,-0.00239912722620678
50,10,-0.004048532,0.00802752065101966
50,11,-0.014618777,-0.00142721625721959
50,12,0.003283982,-0.0137422946258397
50,13,-0.00771448,-0.0053378306096997
50,14,0.016450715,-0.00427306369117936
50,15,-0.014437883,0.00378196638783263
50,16,0.029077658,-0.00511547709451541
50,17,0.009039912,0.00794290665282872
50,18,0.013132363,0.00954822705586223
50,19,-0.011537451,-0.00496000803012478
50,20,0,0.0170260545674178
50,21,0.006418033,-0.0126003622222521
50,22,0.020741297,-0.000419801222264054
50,23,-0.00071333,0.0133723963682022
50,24,0.00353491,-0.0106922325130602
50,25,-0.000364488,-0.00304056907487263
50,26,0.000826575,-0.00239293636202897
50,27,0.015095292,0.000552933516039487
50,28,-0.002567373,-0.0106890387268594
50,29,-0.004837173,0.00337567251095105
50,30,-0.008366175,-0.00419453381364668
50,31,0.020972838,-0.0118789607319846
50,32,-0.005683545,-0.00544094818200585
50,33,0.004838733,-0.00572925106799315
50,34,-0.002591138,-0.0053662174700344
50,35,-0.003088461,-0.00196189429120176
50,36,0.00440668,0.00537705459887873
50,37,-0.008067421,-0.00504390879970426
50,38,0.020646748,0.00958678084501393
50,39,-0.000672205,-0.00393635143989852
50,40,-0.001647951,-0.000561814311330858
50,41,0.006103643,-0.00428550356675165
50,42,0.000145893,-0.00579759740023891
50,43,0.003811421,-0.00261411078805441
50,44,0.007095823,-0.00833106592372155
50,45,-0.003648103,-0.00103074597800994
50,46,0.002025533,0.000755177789371269
50,47,0.007217618,0.00154762562572681
50,48,-0.016004698,-0.00569677278014329
50,49,0.010469066,-0.00586765923812823
50,50,0.001772366,-0.00550456958496207
50,51,0.002386454,-0.00646301747570622
50,52,0.002144637,-0.00548981416588424
50,53,1.69e-05,-0.00715968977543469
50,54,-0.002694156,0.000704895509940632
50,55,0.001630874,-0.00334890587361419
50,56,0.007729385,-0.00631422054062722
50,57,0.003671294,-0.00158377769799051
50,58,0.019099224,-0.000592559511896854
50,59,0.003915147,-0.00682553837222007
50,60,-0.00212323,-0.00667179340972912
50,61,-0.008084915,-0.00600809279938893
50,62,0.004366586,-0.00462607894626141
50,63,-0.004251214,-0.00532552116368897
50,64,-0.011878701,-0.00744048229549006
50,65,-0.00121821,0.00311807703219446
50,66,7.51e-05,-0.00717758672573214
50,67,-0.014387044,0.00790228256356973
50,68,0.014812719,-0.00588465913249931
50,69,-0.007496632,-0.00395755872337685
50,70,0,0.00638569850882982
50,71,-0.001379798,-0.00626744047631332
50,72,-0.006088749,0.00337552657884072
50,73,0.021386708,0.00604814854999511
50,74,0.012737032,-0.00488890762979115
50,75,0.00259991,-0.0065561888859161
50,76,-0.00129911,-0.00341840573950263
50,77,0.000514944,-0.0131857996187071
50,78,0.003694902,0.00982670934137202
50,79,0.003835407,-0.00603396467740586
50,80,0.005983684,0.00538541649205495
50,81,4.84e-05,-0.00440648443019846
50,82,0.000910538,0.00095837571578216
50,83,-0.005135629,-0.0019433433140045
50,84,0.006166034,-0.00676159111944083
50,85,0.000836423,-0.00575106459375618
50,86,0.002545174,-0.00675659471211197
50,87,0.006011978,-0.00570728982457977
50,88,0.003373865,-0.00625381992353259
50,89,-0.001645724,-0.00473275895652227
50,90,0.000612494,-0.00461399068458278
50,91,0,-0.00729793519987293
50,92,0.00077105,-0.00180891537209727
50,93,0.001008621,-0.00425575171896928
50,94,-0.001509338,-0.0070657358648376
50,95,-0.000190815,-0.00711986812308823
50,96,0.01125131,-0.00426622734044189
50,97,-0.00131389,-0.00623595813907761
50,98,0.004994592,-0.00480283642055915
50,99,-0.002125149,-0.00595865392187921
50,100,-0.001846505,-0.00409119491672866
50,101,-0.001377275,-0.00577308662953829
50,102,0.003718222,-0.00622118749384525
50,103,0.008967269,-0.00576341636010193
50,104,-0.001712249,-0.00595682133734488
50,105,0.007357426,-0.000994903898761813
50,106,0.001375442,-0.00292384673225182
50,107,0,-0.00559654962369812
50,108,-0.010167185,-0.00507940437540243
50,109,-0.001295772,-0.00544907318065429
50,110,0.002410664,-0.00555456365818834
50,111,0.005819323,-0.00559957045669808
50,112,0.00026336,0.00176035352672573
50,113,0.004212062,-0.00473808987691068
50,114,0.002241765,-0.0041823041539154
50,115,-0.018013749,-0.00285383764237236
50,116,0.007633327,-0.00538007910089307
50,117,0.016555814,-0.000118071753990829
50,118,-0.002726279,-0.00531798604907416
50,119,0.002351473,-0.00553137569076043
50,120,0.002880096,-0.00732227736440497
50,121,0.006220742,-0.00300911121242868
50,122,0.004176098,-0.00372982317687746
50,123,-0.002789697,-0.00835082745081045
50,124,0.00074922,0.00140092162187942
50,125,0.005492239,-0.00429216589433751
50,126,0.002382143,-0.00148192028465791
50,127,-0.003240202,-0.00616992870343645
50,128,0.006237986,-0.00778228045426256
50,129,0.003070891,-0.00769710146952775
50,130,0.001922906,-0.00416759964749468
50,131,-0.020742153,-0.00532466823498869
