"iteration","obs_index","y_true","y_pred"
1,1,423,-1827.23453688018
1,2,-1096,-2382.84109998711
1,3,-1049,-798.7580785215
1,4,1222,-606.848557978453
1,5,-1421,-1980.86421501894
1,6,1920,329.956289581039
1,7,-883,-1525.03003222105
1,8,-721,-187.312343632607
1,9,-182,325.387742887401
1,10,-13,1128.10857996095
1,11,637,-121.542552032351
1,12,441,578.245541390743
1,13,-84,-1240.83528890267
1,14,-129,-91.8964618139739
1,15,-1862,-1017.13917587897
1,16,676,1512.67044307021
1,17,455,-19.0056949939578
1,18,1907,-344.37652098495
1,19,-69,-2043.10021109295
1,20,-195,-1068.64430414892
1,21,-619,-1876.33549236621
1,22,567,-784.714617197917
1,23,-780,-2362.54728737966
1,24,381,-94.6193269796756
1,25,885,-1741.31439198109
1,26,70,-1757.43689315708
1,27,-818,-1691.92941748557
1,28,390,455.909655022893
1,29,-1319,-1165.44229602489
1,30,115,736.312890880668
1,31,837,127.692518180801
1,32,591,-327.295324889981
1,33,-1573,-1113.05271050836
1,34,1028,1485.12031672236
1,35,1,-980.458958322395
1,36,-1662,-327.058772530905
1,37,-640,1241.08495372048
1,38,1893,1901.73032428712
1,39,500,-1765.44474383122
1,40,247,-387.018209626764
1,41,-1164,-495.595520593653
1,42,1149,400.084760953688
1,43,164,-2465.49824384957
1,44,-1629,-1224.6249212832
1,45,440,514.220156179779
1,46,648,-625.321590919544
1,47,996,-2155.84204908635
1,48,289,-1141.7696240245
1,49,-1575,-1169.54659870825
1,50,-755,35.7694925047176
1,51,657,55.1967772218782
1,52,933,-751.302926966964
1,53,41,-660.979674835168
1,54,-2529,-600.487742512272
1,55,3156,1769.09383790815
1,56,-1796,-2632.0770801001
1,57,872,852.234968405214
1,58,-643,-203.905033137301
1,59,-90,247.615062600261
1,60,623,-1611.60803188654
1,61,960,241.539603623832
1,62,466,-2442.89486066519
1,63,-813,-766.531831711693
1,64,-451,-2051.84102665264
1,65,793,-331.448811244829
1,66,387,-2205.45887829521
1,67,549,-1498.03302269355
1,68,465,-1812.3357500315
1,69,-120,-2468.84761713218
1,70,-1814,-2103.86422538736
1,71,3458,360.905766115937
1,72,-1944,-4049.18780284327
1,73,261,-552.338032065154
1,74,-60,-1355.39803728068
1,75,137,-923.832965291736
1,76,641,-2045.9831922384
1,77,1491,-88.2144315477722
1,78,-4990,-3464.20663813653
1,79,1624,3976.71212646263
1,80,562,-1279.73357195282
1,81,-456,354.010609422827
1,82,596,862.540016972933
1,83,435,1449.29469507719
1,84,-674,-1889.77118735113
1,85,776,1091.60521398771
1,86,-194,-1223.98143803506
1,87,-105,73.7353402852564
1,88,836,-1597.32552277325
1,89,-336,-1830.27908933655
1,90,21,-1251.05579275004
1,91,3,-952.327634167239
1,92,397,-1203.20338129221
1,93,-1688,-1310.84293159309
1,94,416,825.41658711015
1,95,333,-235.093560279617
1,96,-1056,-199.158933523161
1,97,547,1063.030643108
1,98,989,888.147674086482
1,99,1062,-1189.67586221129
1,100,-328,-1332.96142997349
1,101,-762,-958.72190150671
1,102,321,-790.163113109796
1,103,-2324,-1903.78190052
1,104,2198,989.507081714003
1,105,725,-1343.1751208625
1,106,-666,-1714.40277102038
1,107,-5597,-383.947960829424
1,108,2187,6185.69602765983
1,109,2419,365.316311555497
1,110,563,229.727119302034
1,111,-1170,235.34919798623
1,112,1207,2572.25603560602
1,113,-2013,-3655.5035524374
1,114,2084,1387.22080239856
1,115,-732,-1972.16988110087
1,116,168,92.1039248880617
1,117,429,-2904.13507412033
1,118,252,-1333.54196198181
1,119,-125,-2254.72785931839
1,120,587,116.574544674172
1,121,-524,-2544.43768729392
1,122,-86,-446.317458407656
1,123,-545,-1548.18739830931
1,124,-1011,52.0329032367258
1,125,1855,651.141754548709
1,126,458,-1145.55035674276
1,127,399,-1089.31683273913
1,128,-1311,-906.742831540023
1,129,-3275,49.0902469063167
1,130,2272,2610.12523719841
1,131,2309,-335.597927635013
1,132,-40,-2176.67205711768
1,133,255,-295.991030214132
1,134,655,-1625.29148431528
1,135,-1165,-3560.98306118544
1,136,-2770,-891.73021890018
1,137,1714,1806.81415458991
1,138,-813,-1328.20626298273
1,139,1510,-320.608553672938
1,140,-36,-518.755918172023
1,141,-198,668.73314930223
1,142,55,-495.426182490385
1,143,-548,398.166876322479
1,144,-300,-418.985317019245
1,145,1112,748.333168394645
1,146,483,-2304.28820629515
1,147,-3211,-1231.35302296093
1,148,3993,2198.53281418181
1,149,-479,-3135.8083993793
1,150,-643,-1374.92463159907
1,151,3,-269.582062051447
1,152,54,-484.929137627452
1,153,439,-2787.38719009294
1,154,242,-454.86854939182
1,155,-238,-1825.76074040993
1,156,-900,-293.607584031463
1,157,66,-1035.86267132728
1,158,-1692,115.349118999548
1,159,2449,2071.21832747621
1,160,-58,-1263.25461306074
1,161,302,-162.69053652472
1,162,37,-771.614240774986
1,163,-724,-482.106854299914
1,164,-1879,-1145.19424278583
1,165,1726,2152.28161922472
1,166,-614,-1742.51928874101
1,167,-306,697.054540722712
1,168,-82,255.63565496392
1,169,1635,1118.44940732784
1,170,-567,-1803.9448161577
1,171,-112,672.061137970737
1,172,663,-550.986874354703
1,173,-107,-1338.32725384204
1,174,-456,-2225.39157980179
1,175,-1416,-102.831291602634
1,176,224,377.497068454329
1,177,-156,-46.940409850068
1,178,696,483.125559967931
1,179,433,470.673604952229
1,180,743,158.30044008559
2,1,1920,117.527841521165
2,2,-883,-1307.87929242806
2,3,-721,-678.860786826119
2,4,-182,795.299948882453
2,5,-13,1328.25858816236
2,6,637,274.555858858529
2,7,441,477.570165841519
2,8,-84,-1455.52321217442
2,9,-129,-111.211729066032
2,10,-1862,-859.724364444656
2,11,676,1844.2421057109
2,12,455,648.435524446564
2,13,1907,-480.223675089673
2,14,-69,-2264.02477421336
2,15,-195,-1729.12069041978
2,16,-619,-1585.03485044115
2,17,567,-407.047900615593
2,18,-780,-1812.71869308594
2,19,381,-131.365790085254
2,20,885,-1487.52730719706
2,21,70,-1842.10332640502
2,22,-818,-1814.90046448477
2,23,390,478.718947697678
2,24,-1319,-715.139818869103
2,25,115,910.41723669969
2,26,837,544.136146069965
2,27,591,-380.068429167287
2,28,-1573,-1290.12387462856
2,29,1028,1272.45594660738
2,30,1,-384.489755784146
2,31,-1662,-351.863393433704
2,32,-640,1375.92653870571
2,33,1893,2333.90477485935
2,34,500,-1391.10498931724
2,35,247,-969.143007799567
2,36,-1164,-826.831983927505
2,37,1149,538.517410204852
2,38,164,-1754.53998963144
2,39,-1629,-1373.67002169823
2,40,440,616.842354473841
2,41,648,-156.342714435365
2,42,996,-2030.19450662412
2,43,289,-1347.29820236585
2,44,-1575,-1563.06021025736
2,45,-755,257.695710111166
2,46,657,778.882861685137
2,47,933,-305.405798815478
2,48,41,-825.537402747244
2,49,-2529,-1042.08429969629
2,50,3156,1884.15156334838
2,51,-1796,-1767.0461468469
2,52,872,237.697519443203
2,53,-643,245.955500014855
2,54,-90,-37.2948992689048
2,55,623,-950.221623295096
2,56,960,99.7510759109458
2,57,466,-2440.17019350256
2,58,-813,-1014.67254856232
2,59,-451,-2034.76717019096
2,60,793,204.600303318005
2,61,387,-1833.99306370588
2,62,549,-1605.87049636986
2,63,465,-1968.7671162189
2,64,-120,-2531.05062777764
2,65,-1814,-1973.10344739079
2,66,3458,651.274415316913
2,67,-1944,-3414.15932873892
2,68,261,-1292.17912598994
2,69,-60,-827.485672229802
2,70,137,-937.460790349533
2,71,641,-1527.06557031267
2,72,1491,-345.68229060552
2,73,-4990,-3523.96456786615
2,74,1624,3849.31925227091
2,75,562,209.436610449099
2,76,-456,157.063136413857
2,77,596,708.163525367759
2,78,435,1011.2167326528
2,79,-674,-1656.92563350653
2,80,776,1122.88057896511
2,81,-194,-1005.11083454841
2,82,-105,144.131707781126
2,83,836,-1419.26485808551
2,84,-336,-1773.36525786168
2,85,21,-1248.88802305826
2,86,3,-788.770346910539
2,87,397,-1062.7278698136
2,88,-1688,-1101.79583272824
2,89,416,812.771077201998
2,90,333,341.838465076928
2,91,-1056,-207.704538436171
2,92,547,1041.13441776821
2,93,989,1041.44882984755
2,94,1062,-1186.24829207814
2,95,-328,-1563.44590448594
2,96,-762,-1259.12633259914
2,97,321,-376.812884734009
2,98,-2324,-1374.61650610366
2,99,2198,1205.6236489997
2,100,725,-744.239497473157
2,101,-666,-2355.77660281907
2,102,-5597,-557.894126817283
2,103,2187,6434.12044060827
2,104,2419,2345.85882370735
2,105,563,-362.97677916531
2,106,-1170,-839.564624007583
2,107,1207,1907.14586983493
2,108,-2013,-2749.82231340642
2,109,2084,1573.25394973365
2,110,-732,-1363.22691985935
2,111,168,-397.689030592905
2,112,429,-2532.22282948306
2,113,252,-1484.08542372091
2,114,-125,-2001.07694063622
2,115,587,60.6222137200489
2,116,-524,-2364.4197686546
2,117,-86,-378.611354184379
2,118,-545,-1276.19729293257
2,119,-1011,226.219711606579
2,120,1855,993.681386840714
2,121,458,-915.155414957181
2,122,399,-1576.82170783335
2,123,-1311,-1076.62394498583
2,124,-3275,60.5961202499443
2,125,2272,3508.74613871072
2,126,2309,682.758035603355
2,127,-40,-2834.03342384664
2,128,255,-1226.89317988553
2,129,655,-1842.10463048834
2,130,-1165,-3027.2388092561
2,131,-2770,-603.437874451746
2,132,1714,2351.44894156638
2,133,-813,-373.388417873991
2,134,1510,-690.532114105507
2,135,-36,-619.63264512758
2,136,-198,44.1200383851863
2,137,55,-153.150442623059
2,138,-548,506.87972359208
2,139,-300,-71.7751382077898
2,140,1112,1022.42186406333
2,141,483,-2189.70468526116
2,142,-3211,-1468.62287423335
2,143,3993,2158.66711066652
2,144,-479,-2219.83189898193
2,145,-643,-2193.03363264047
2,146,3,-128.58104218764
2,147,54,-403.038324254793
2,148,439,-2085.66553902918
2,149,242,-531.648455815612
2,150,-238,-1939.54258691271
2,151,-900,-190.678876023347
2,152,66,-833.429954591511
2,153,-1692,552.662561395893
2,154,2449,2223.86302565731
2,155,-58,-863.275077597363
2,156,302,-888.710426517108
2,157,37,-747.322715233201
2,158,-724,-556.170271681736
2,159,-1879,-644.714189360477
2,160,1726,2524.1187472045
2,161,-614,-1118.20499276081
2,162,-306,298.546782512738
2,163,-82,289.951586273688
2,164,1635,1137.62616827361
2,165,-567,-1511.45444451799
2,166,-112,202.022868674921
2,167,663,-308.813882688109
2,168,-107,-1098.35686593738
2,169,-456,-2105.61232677457
2,170,-1416,-39.1585703385634
2,171,224,698.166913450151
2,172,-156,540.35089787625
2,173,696,443.890007445958
2,174,433,432.523878854195
2,175,743,-147.007692941108
2,176,-1162,-1359.4914164679
2,177,-34,556.993419963604
2,178,-1367,24.6862688475846
2,179,-168,1397.8683171084
2,180,1897,838.122648643763
3,1,-883,-1082.3260799299
3,2,-721,-84.1035057026356
3,3,-182,307.514270051919
3,4,-13,871.453366792418
3,5,637,-23.545259782283
3,6,441,291.678118362804
3,7,-84,-795.203160223772
3,8,-129,-412.264942596268
3,9,-1862,-848.406366208334
3,10,676,1422.06870280229
3,11,455,136.548947206372
3,12,1907,-154.079105571446
3,13,-69,-1857.08578119345
3,14,-195,-1101.19780548698
3,15,-619,-1754.80992158658
3,16,567,-906.038467030357
3,17,-780,-1823.41531452376
3,18,381,227.858659794371
3,19,885,-814.123750842626
3,20,70,-1445.96417480605
3,21,-818,-1351.90188348039
3,22,390,370.694355619808
3,23,-1319,-951.149972461798
3,24,115,722.963362566149
3,25,837,505.854070177951
3,26,591,-224.983649247126
3,27,-1573,-996.834942501705
3,28,1028,1349.15310195635
3,29,1,-934.348983775611
3,30,-1662,-654.874739554093
3,31,-640,1448.46122366728
3,32,1893,1962.76112709541
3,33,500,-1535.16687592562
3,34,247,-615.750384032044
3,35,-1164,-410.489145726921
3,36,1149,124.625152086369
3,37,164,-2362.27306168831
3,38,-1629,-1156.80925251563
3,39,440,978.80242737343
3,40,648,-199.684110211207
3,41,996,-1627.74464710173
3,42,289,-1165.98276526937
3,43,-1575,-982.78246116779
3,44,-755,52.4608716578146
3,45,657,211.988876416739
3,46,933,-453.855509091312
3,47,41,-540.871792996319
3,48,-2529,-256.844162947547
3,49,3156,1885.90781560527
3,50,-1796,-2695.40394467815
3,51,872,584.529089895815
3,52,-643,-75.2579535310809
3,53,-90,308.351670436045
3,54,623,-1203.69288570951
3,55,960,-15.757367229432
3,56,466,-1864.47036399486
3,57,-813,-1188.45600626603
3,58,-451,-1289.74339503262
3,59,793,-390.733000905842
3,60,387,-1712.8159895409
3,61,549,-1126.39917314923
3,62,465,-1320.99354645894
3,63,-120,-2044.12294173477
3,64,-1814,-1839.73353525718
3,65,3458,616.974312669342
3,66,-1944,-3574.96954940791
3,67,261,-255.423858907869
3,68,-60,-643.228237878616
3,69,137,-665.915554611696
3,70,641,-1639.91481861351
3,71,1491,-191.761253401608
3,72,-4990,-2757.72139996878
3,73,1624,3623.71849417154
3,74,562,-443.745039689018
3,75,-456,-14.2830324161325
3,76,596,1058.74610886726
3,77,435,1281.8015836171
3,78,-674,-1813.81447470012
3,79,776,244.398688093269
3,80,-194,-879.798108363412
3,81,-105,-319.961836884931
3,82,836,-1021.57596639166
3,83,-336,-1427.40249830828
3,84,21,-991.169652257658
3,85,3,-700.370684196582
3,86,397,-827.435866197652
3,87,-1688,-1148.55342258562
3,88,416,1104.8009237108
3,89,333,93.1390926120461
3,90,-1056,-200.42155191739
3,91,547,1190.92504115743
3,92,989,737.153870242182
3,93,1062,-1253.79840355377
3,94,-328,-1658.49978115051
3,95,-762,-887.661687440786
3,96,321,-720.814640729321
3,97,-2324,-1588.94562562803
3,98,2198,1494.14246984313
3,99,725,-871.360702606525
3,100,-666,-1366.22081079658
3,101,-5597,-210.11772803954
3,102,2187,5979.59580199883
3,103,2419,429.413809080212
3,104,563,-537.616377999976
3,105,-1170,360.726027996223
3,106,1207,1931.99562823934
3,107,-2013,-3597.95854695401
3,108,2084,468.05398722947
3,109,-732,-1440.76141249589
3,110,168,127.896080055778
3,111,429,-1807.35263823708
3,112,252,-1058.88571869657
3,113,-125,-1832.65482632834
3,114,587,-178.009608718894
3,115,-524,-1800.20788830995
3,116,-86,-518.209740698113
3,117,-545,-891.174481316094
3,118,-1011,240.064408577051
3,119,1855,963.627562251169
3,120,458,-978.485440482576
3,121,399,-1027.39346020245
3,122,-1311,-993.892663908376
3,123,-3275,73.9991562446858
3,124,2272,2635.2850714813
3,125,2309,-231.560570765658
3,126,-40,-1919.28020753451
3,127,255,-315.091153162583
3,128,655,-1432.14856618858
3,129,-1165,-3678.78437411085
3,130,-2770,-1070.13875218699
3,131,1714,2498.25470407038
3,132,-813,-632.504670995668
3,133,1510,367.778744581681
3,134,-36,-142.422643758416
3,135,-198,311.717453489924
3,136,55,-834.853007331617
3,137,-548,-161.227657066521
3,138,-300,-239.246344645414
3,139,1112,590.464682315231
3,140,483,-1521.04175141167
3,141,-3211,-1171.38703931034
3,142,3993,2437.07407719444
3,143,-479,-2984.00876938967
3,144,-643,-1559.44191815502
3,145,3,-17.2570236380959
3,146,54,-284.091012345919
3,147,439,-2320.71803069895
3,148,242,-503.069610584363
3,149,-238,-932.862667396651
3,150,-900,-446.253484290976
3,151,66,-366.785804687291
3,152,-1692,144.890394235181
3,153,2449,2076.60835301649
3,154,-58,-1056.37673240333
3,155,302,-290.047466663631
3,156,37,-773.65271538931
3,157,-724,-742.963288632163
3,158,-1879,-1016.27750827854
3,159,1726,2019.99927898717
3,160,-614,-995.126359024967
3,161,-306,635.862353379399
3,162,-82,719.883013117245
3,163,1635,854.122200762912
3,164,-567,-1996.69657730749
3,165,-112,188.69235677437
3,166,663,-319.497133283174
3,167,-107,-1466.81824570665
3,168,-456,-1715.4523929873
3,169,-1416,84.6931206910638
3,170,224,900.927241730239
3,171,-156,169.164496130351
3,172,696,708.36501859902
3,173,433,416.974271870663
3,174,743,-81.2995401005114
3,175,-1162,-1484.18953405499
3,176,-34,236.065317705173
3,177,-1367,-433.114736807964
3,178,-168,1137.10605365464
3,179,1897,799.985045742418
3,180,-279,-785.847066828425
4,1,-195,-849.671197597898
4,2,-619,-1933.69466345435
4,3,567,-964.862896617837
4,4,-780,-2002.06654873671
4,5,381,542.911979188111
4,6,885,-1187.20418031095
4,7,70,-1715.24685008114
4,8,-818,-1559.58113329537
4,9,390,558.207731496244
4,10,-1319,-1163.58447209729
4,11,115,786.278970976744
4,12,837,351.6938978564
4,13,591,-193.517462807451
4,14,-1573,-1024.05535970102
4,15,1028,1541.34954845568
4,16,1,-1227.56643674786
4,17,-1662,-509.004739385706
4,18,-640,1648.93627777398
4,19,1893,2005.19917465048
4,20,500,-2020.86376456412
4,21,247,-331.007680336311
4,22,-1164,-94.0038677048178
4,23,1149,243.053753784621
4,24,164,-2876.67726896198
4,25,-1629,-889.412773950668
4,26,440,1327.22956077875
4,27,648,-535.373825457162
4,28,996,-2205.31216120362
4,29,289,-1000.67634907739
4,30,-1575,-725.497949362303
4,31,-755,79.8424410220769
4,32,657,-217.419673433515
4,33,933,-647.978501736142
4,34,41,-224.906894885242
4,35,-2529,-113.503920214551
4,36,3156,1753.48801675497
4,37,-1796,-3371.82295250106
4,38,872,1059.6691797514
4,39,-643,236.951319888754
4,40,-90,393.719726203007
4,41,623,-1742.39843237845
4,42,960,141.271834812386
4,43,466,-1900.33592698746
4,44,-813,-746.120838774279
4,45,-451,-1681.80332118405
4,46,793,-381.69478142129
4,47,387,-2058.48570848383
4,48,549,-974.622693897322
4,49,465,-1286.66251508207
4,50,-120,-2277.03664778961
4,51,-1814,-2067.83429530039
4,52,3458,606.526806017597
4,53,-1944,-3927.06298105859
4,54,261,112.254339218428
4,55,-60,-901.162252309506
4,56,137,-942.755981852423
4,57,641,-2058.81232831011
4,58,1491,114.647043909203
4,59,-4990,-2862.09020429571
4,60,1624,4074.98377737413
4,61,562,-1604.9440355426
4,62,-456,173.04720622486
4,63,596,1386.19362890861
4,64,435,1615.98391124021
4,65,-674,-2279.6241293962
4,66,776,462.211873092026
4,67,-194,-848.078743267404
4,68,-105,278.346984827781
4,69,836,-1338.85920272657
4,70,-336,-1573.97493547841
4,71,21,-999.242905073071
4,72,3,-800.345678053326
4,73,397,-981.785375322568
4,74,-1688,-1201.99893230864
4,75,416,1135.30800555367
4,76,333,-175.849637080211
4,77,-1056,-282.643351162695
4,78,547,1257.44751587096
4,79,989,805.943740720778
4,80,1062,-1379.47562376232
4,81,-328,-1412.19554427337
4,82,-762,-580.267306253704
4,83,321,-683.417427176852
4,84,-2324,-1952.73957856774
4,85,2198,1496.56771772399
4,86,725,-1096.24770223932
4,87,-666,-1400.33583920642
4,88,-5597,-163.750005953903
4,89,2187,6086.13002387439
4,90,2419,-613.86740403601
4,91,563,-161.954917687465
4,92,-1170,1280.36486397088
4,93,1207,2655.45513995231
4,94,-2013,-4718.3349133278
4,95,2084,752.017834279259
4,96,-732,-1172.82472344017
4,97,168,919.237951196483
4,98,429,-2553.45246085948
4,99,252,-1395.2082449724
4,100,-125,-2077.13640240858
4,101,587,182.478519879584
4,102,-524,-2084.36717215675
4,103,-86,-336.450130180662
4,104,-545,-1275.12508375693
4,105,-1011,255.994230027676
4,106,1855,788.024092842844
4,107,458,-1206.96276982696
4,108,399,-863.179120967656
4,109,-1311,-770.262900419144
4,110,-3275,74.2560688529297
4,111,2272,2440.36886915402
4,112,2309,-677.784413496257
4,113,-40,-1661.57564881299
4,114,255,398.992376680161
4,115,655,-1640.95363456265
4,116,-1165,-4206.23925777902
4,117,-2770,-870.309355156291
4,118,1714,2816.8865285551
4,119,-813,-1053.08671197431
4,120,1510,-66.3152289490455
4,121,-36,-295.548126414621
4,122,-198,577.726336961417
4,123,55,-987.735663137612
4,124,-548,24.8977343178996
4,125,-300,-66.0375265904088
4,126,1112,910.249294509485
4,127,483,-1943.0617012492
4,128,-3211,-1046.73155665969
4,129,3993,2463.58179466105
4,130,-479,-3575.28967919469
4,131,-643,-1215.43086362596
4,132,3,312.53977510597
4,133,54,-327.757707398833
4,134,439,-2930.47402510229
4,135,242,-351.126320458272
4,136,-238,-906.686952623043
4,137,-900,-265.224687897888
4,138,66,-1009.88163323388
4,139,-1692,86.7474480927473
4,140,2449,2212.49205465506
4,141,-58,-1296.28609464939
4,142,302,4.53081359205885
4,143,37,-703.900222594692
4,144,-724,-675.041414756472
4,145,-1879,-1171.9397299354
4,146,1726,2265.46070348925
4,147,-614,-1400.28257078166
4,148,-306,921.792389815401
4,149,-82,485.128795311224
4,150,1635,838.1514008846
4,151,-567,-2240.78010878325
4,152,-112,749.942867058381
4,153,663,-153.884698854493
4,154,-107,-1481.13009364259
4,155,-456,-2003.10514770754
4,156,-1416,317.126989672455
4,157,224,740.24404699438
4,158,-156,-228.577764620016
4,159,696,551.619117289699
4,160,433,603.279018229917
4,161,743,84.4471192575872
4,162,-1162,-1541.3092699081
4,163,-34,509.997706932037
4,164,-1367,-494.928511711751
4,165,-168,1259.15816708196
4,166,1897,551.28744910755
4,167,-279,-843.724035897437
4,168,974,-199.544610157737
4,169,182,-946.866781492621
4,170,53,-1900.97737818005
4,171,-530,-1645.42861070578
4,172,-938,-545.11112018553
4,173,799,-247.291834938258
4,174,-44,-1342.14065745522
4,175,-1073,-898.054471909867
4,176,878,1389.16824146952
4,177,-721,-714.164607687125
4,178,-1411,369.786479762466
4,179,2951,2440.52072755291
4,180,-444,-1738.82683021542
5,1,885,-838.13452247335
5,2,70,-1578.2837516121
5,3,-818,-1710.99497443283
5,4,390,474.475827191669
5,5,-1319,-810.905275582267
5,6,115,918.27121420064
5,7,837,797.078048575596
5,8,591,-116.221264900725
5,9,-1573,-1249.79441940274
5,10,1028,1348.53666157662
5,11,1,-727.51460994015
5,12,-1662,-602.691550459131
5,13,-640,1582.55686439025
5,14,1893,2551.35149612969
5,15,500,-1491.66839280318
5,16,247,-898.674618703351
5,17,-1164,-631.175558981974
5,18,1149,216.011818194272
5,19,164,-2275.18646792886
5,20,-1629,-1171.0418869429
5,21,440,1115.33860099577
5,22,648,145.85936138686
5,23,996,-1861.56106738925
5,24,289,-1299.49379664805
5,25,-1575,-1227.50390676513
5,26,-755,63.0483783541956
5,27,657,582.698619317026
5,28,933,-171.73665633794
5,29,41,-492.630698987897
5,30,-2529,-500.091242564501
5,31,3156,1922.5498840723
5,32,-1796,-2420.27258967151
5,33,872,351.747133249896
5,34,-643,243.064378750736
5,35,-90,383.89274246721
5,36,623,-1305.00712828716
5,37,960,237.315907151673
5,38,466,-2179.87784911165
5,39,-813,-1169.06162137303
5,40,-451,-1673.05858122034
5,41,793,-52.6552647456706
5,42,387,-1651.93592335373
5,43,549,-1196.66261873352
5,44,465,-1486.63649776309
5,45,-120,-2328.24975715104
5,46,-1814,-2045.3801566496
5,47,3458,790.39652134592
5,48,-1944,-3382.25622647472
5,49,261,-668.921553016413
5,50,-60,-544.665901618255
5,51,137,-605.827483245715
5,52,641,-1794.48755069718
5,53,1491,-7.60353468431811
5,54,-4990,-3164.00999472658
5,55,1624,3857.10147514917
5,56,562,157.998364916617
5,57,-456,185.157633361065
5,58,596,949.658753345332
5,59,435,1495.37316221893
5,60,-674,-2192.59881650481
5,61,776,408.247771630803
5,62,-194,-833.37057170352
5,63,-105,-46.693731693992
5,64,836,-1118.7382405747
5,65,-336,-1463.10357198837
5,66,21,-1135.88975871655
5,67,3,-656.657650734299
5,68,397,-840.472975439178
5,69,-1688,-1114.95394527687
5,70,416,1175.39365400252
5,71,333,414.528011083864
5,72,-1056,-125.705507644982
5,73,547,1187.05082612227
5,74,989,1048.78946332325
5,75,1062,-1393.25729222682
5,76,-328,-1850.39830087976
5,77,-762,-1106.03771843086
5,78,321,-588.133418865824
5,79,-2324,-1420.50937040336
5,80,2198,1685.52565906406
5,81,725,-434.316849532722
5,82,-666,-1781.86564943209
5,83,-5597,-527.960487399994
5,84,2187,6569.08731141943
5,85,2419,1487.5366207182
5,86,563,-429.585778674404
5,87,-1170,-230.688675844897
5,88,1207,1994.04564221975
5,89,-2013,-3897.74778769417
5,90,2084,726.879867395413
5,91,-732,-1045.03094780601
5,92,168,271.786911242685
5,93,429,-2126.47579697776
5,94,252,-1140.10894032784
5,95,-125,-2103.34678183913
5,96,587,38.2255325866676
5,97,-524,-1994.67665848965
5,98,-86,-412.59188310172
5,99,-545,-946.534660069632
5,100,-1011,428.803787855651
5,101,1855,1169.7244641547
5,102,458,-806.568668314065
5,103,399,-1376.50021151844
5,104,-1311,-1169.3250715977
5,105,-3275,45.4980048974699
5,106,2272,3177.18367449631
5,107,2309,572.51751101748
5,108,-40,-2257.08182685884
5,109,255,-811.025922984078
5,110,655,-1764.84763812078
5,111,-1165,-3947.03654798286
5,112,-2770,-951.561154228607
5,113,1714,3103.71557189602
5,114,-813,51.8301192685212
5,115,1510,84.581926365806
5,116,-36,-261.00509622875
5,117,-198,108.2066706783
5,118,55,-972.659935608794
5,119,-548,97.9198871207473
5,120,-300,-120.294974265464
5,121,1112,1061.12995387427
5,122,483,-1657.72522698233
5,123,-3211,-1344.24456325943
5,124,3993,2450.47883598184
5,125,-479,-2611.97133466615
5,126,-643,-2087.75011614294
5,127,3,-39.926407759355
5,128,54,-30.153080119659
5,129,439,-2477.25974900216
5,130,242,-312.913352448075
5,131,-238,-1159.46991895213
5,132,-900,-298.523621331948
5,133,66,-539.136111474473
5,134,-1692,452.540556846435
5,135,2449,2394.1653316323
5,136,-58,-817.428052318989
5,137,302,-625.48818493527
5,138,37,-956.910257975336
5,139,-724,-719.243980758444
5,140,-1879,-1032.02785953657
5,141,1726,2600.29377750456
5,142,-614,-710.733922873876
5,143,-306,625.825982063771
5,144,-82,628.766678109234
5,145,1635,1045.88565035387
5,146,-567,-2108.02706207784
5,147,-112,131.755539428942
5,148,663,-250.710993057285
5,149,-107,-1298.76715795196
5,150,-456,-1969.50063403377
5,151,-1416,264.789820389633
5,152,224,1084.2199895665
5,153,-156,516.940645991479
5,154,696,760.636716380948
5,155,433,506.965748733776
5,156,743,-163.520261054025
5,157,-1162,-1713.44760861683
5,158,-34,275.571758142807
5,159,-1367,-159.746373606348
5,160,-168,1513.60832202787
5,161,1897,1127.82424154654
5,162,-279,-695.496952704559
5,163,974,-753.706324031273
5,164,182,-1095.07522570053
5,165,53,-2097.93339504967
5,166,-530,-1754.25250935034
5,167,-938,-541.113814966433
5,168,799,57.3770469758779
5,169,-44,-777.059147337885
5,170,-1073,-870.970136368933
5,171,878,1394.24660412483
5,172,-721,-248.730057506603
5,173,-1411,333.002461004686
5,174,2951,2611.97372037256
5,175,-444,-1368.96738245016
5,176,626,-1238.77922822779
5,177,581,-1137.61733125914
5,178,-1312,-2194.34921817533
5,179,43,-1275.07755522905
5,180,-219,-72.778688249535
6,1,70,-1673.0579605296
6,2,-818,-1736.27962965858
6,3,390,561.609166373265
6,4,-1319,-876.507422710652
6,5,115,926.422063195413
6,6,837,594.961901903139
6,7,591,-214.270168330938
6,8,-1573,-1296.72170865998
6,9,1028,1397.50673128251
6,10,1,-925.875134177326
6,11,-1662,-593.034476621546
6,12,-640,1628.47139450465
6,13,1893,2418.67182622789
6,14,500,-1848.40846314187
6,15,247,-917.484006468446
6,16,-1164,-478.60937738325
6,17,1149,386.937711829498
6,18,164,-2498.82618793792
6,19,-1629,-1035.4105130016
6,20,440,1388.69641376414
6,21,648,-10.5543446614593
6,22,996,-2097.87274668907
6,23,289,-1327.39878385114
6,24,-1575,-1022.79944486274
6,25,-755,248.689268815096
6,26,657,354.632600851736
6,27,933,-376.840463859249
6,28,41,-459.321544835843
6,29,-2529,-406.498620219624
6,30,3156,1930.55384114372
6,31,-1796,-2924.22456247529
6,32,872,557.045774246958
6,33,-643,267.434237038286
6,34,-90,493.677298815418
6,35,623,-1495.20710263896
6,36,960,104.292447893042
6,37,466,-2086.09296257739
6,38,-813,-943.641996842884
6,39,-451,-1610.7163071447
6,40,793,11.1915496722365
6,41,387,-1772.14931382027
6,42,549,-1080.79491760944
6,43,465,-1363.97408282613
6,44,-120,-2246.32084248184
6,45,-1814,-1981.68460505833
6,46,3458,880.35740845983
6,47,-1944,-3558.63820652721
6,48,261,-278.692294734087
6,49,-60,-599.528849005895
6,50,137,-638.317380367324
6,51,641,-1925.23550153874
6,52,1491,-15.9345171221697
6,53,-4990,-3014.36709713145
6,54,1624,4180.18645581866
6,55,562,-566.509800921099
6,56,-456,62.7984816077421
6,57,596,903.507716674529
6,58,435,1454.6582324431
6,59,-674,-2293.4052851709
6,60,776,316.637718142135
6,61,-194,-848.455314471354
6,62,-105,272.91527276142
6,63,836,-1183.07948177156
6,64,-336,-1479.29877251612
6,65,21,-1019.27619352547
6,66,3,-674.44975318652
6,67,397,-835.607659797981
6,68,-1688,-1112.74774830737
6,69,416,1212.78787653083
6,70,333,204.875273266686
6,71,-1056,-273.573600191864
6,72,547,1108.33667592938
6,73,989,877.468558868983
6,74,1062,-1508.45244914243
6,75,-328,-1807.57470977369
6,76,-762,-842.510784420586
6,77,321,-392.04466730221
6,78,-2324,-1510.14169115061
6,79,2198,1737.10911320351
6,80,725,-709.519585333988
6,81,-666,-1761.65645359421
6,82,-5597,-468.429492011966
6,83,2187,6554.32590284398
6,84,2419,571.712172058074
6,85,563,-776.609304788725
6,86,-1170,10.940718494232
6,87,1207,2337.2315919836
6,88,-2013,-4222.19933681179
6,89,2084,735.669548601581
6,90,-732,-1026.00257748578
6,91,168,798.401146971046
6,92,429,-2270.88040910941
6,93,252,-1273.75942501533
6,94,-125,-2087.60191637697
6,95,587,151.700985486798
6,96,-524,-1967.32911621578
6,97,-86,-251.143646251526
6,98,-545,-1047.90348716608
6,99,-1011,443.501514943391
6,100,1855,1040.39457193259
6,101,458,-1096.60682722473
6,102,399,-1310.30135340928
6,103,-1311,-1052.94502017821
6,104,-3275,173.360834872082
6,105,2272,3091.02927745115
6,106,2309,-8.74384685056788
6,107,-40,-2281.2223148715
6,108,255,-461.279059716808
6,109,655,-1666.11079746128
6,110,-1165,-3932.16382444724
6,111,-2770,-775.661659448
6,112,1714,3341.82267171006
6,113,-813,-205.852306797975
6,114,1510,-161.111134718003
6,115,-36,-572.080213266642
6,116,-198,170.25137564392
6,117,55,-1050.19588495366
6,118,-548,40.2955979928593
6,119,-300,12.3552404749223
6,120,1112,1122.21787030534
6,121,483,-1817.80742692697
6,122,-3211,-1261.17737551195
6,123,3993,2518.28164628471
6,124,-479,-3061.33720793435
6,125,-643,-1824.58280218408
6,126,3,146.082978477233
6,127,54,58.6878473963703
6,128,439,-2568.81940567435
6,129,242,-393.369482417557
6,130,-238,-993.120747598918
6,131,-900,-142.869766397471
6,132,66,-756.53701975827
6,133,-1692,325.869279968859
6,134,2449,2335.52446542332
6,135,-58,-1166.71169488067
6,136,302,-529.105526343754
6,137,37,-934.260136614875
6,138,-724,-654.613262970232
6,139,-1879,-979.578453144657
6,140,1726,2606.30004424027
6,141,-614,-984.804779855447
6,142,-306,681.504279651122
6,143,-82,418.884648232685
6,144,1635,898.726203080819
6,145,-567,-2329.19823312897
6,146,-112,292.398892543775
6,147,663,-107.883894424902
6,148,-107,-1248.95957320935
6,149,-456,-1974.97835076958
6,150,-1416,387.709648786933
6,151,224,1099.06457417605
6,152,-156,208.796495141238
6,153,696,511.148423416418
6,154,433,388.334129760101
6,155,743,-195.32224370736
6,156,-1162,-1746.65924811703
6,157,-34,411.644111745682
6,158,-1367,-182.488086224548
6,159,-168,1539.24284262719
6,160,1897,883.530009422296
6,161,-279,-916.616147326604
6,162,974,-692.68191955228
6,163,182,-1122.84440621226
6,164,53,-1989.59423612411
6,165,-530,-1591.27717490361
6,166,-938,-361.682926496966
6,167,799,177.190321979287
6,168,-44,-950.896671137223
6,169,-1073,-958.695906497122
6,170,878,1381.84366707865
6,171,-721,-516.084243112353
6,172,-1411,258.981983365317
6,173,2951,2492.98513260178
6,174,-444,-1643.99397654666
6,175,626,-1018.80669607594
6,176,581,-1087.29636289928
6,177,-1312,-2014.4041434055
6,178,43,-1085.13173582829
6,179,-219,-140.976274142508
6,180,-88,-440.606815843822
7,1,-1319,-939.082155775369
7,2,115,765.848097964497
7,3,837,599.306608485424
7,4,591,-194.592783824922
7,5,-1573,-945.013267140945
7,6,1028,1555.35291974443
7,7,1,-904.299910651225
7,8,-1662,-746.686099435955
7,9,-640,1666.39045168487
7,10,1893,2228.81531567427
7,11,500,-1724.91018852308
7,12,247,-635.390379030604
7,13,-1164,-133.544448769924
7,14,1149,346.952488464718
7,15,164,-2554.16859063026
7,16,-1629,-1260.97352206388
7,17,440,1356.59686115801
7,18,648,-55.9278887350687
7,19,996,-1910.33832398938
7,20,289,-1113.36600071855
7,21,-1575,-828.244611001327
7,22,-755,287.930063533908
7,23,657,168.911746571891
7,24,933,-612.344324658831
7,25,41,-416.579808008294
7,26,-2529,-44.9413085866346
7,27,3156,2129.01862294973
7,28,-1796,-2915.28580674425
7,29,872,435.512087946089
7,30,-643,397.484735349516
7,31,-90,350.616208451855
7,32,623,-1219.00987346345
7,33,960,-48.743878246843
7,34,466,-1862.44186401173
7,35,-813,-916.991597316733
7,36,-451,-1359.45721599484
7,37,793,-234.78355472797
7,38,387,-1890.09808659484
7,39,549,-1074.65738242165
7,40,465,-1152.43747608594
7,41,-120,-2026.8098518914
7,42,-1814,-1880.84003549386
7,43,3458,707.895008454947
7,44,-1944,-3673.96330734035
7,45,261,-254.91458934757
7,46,-60,-298.53551868424
7,47,137,-797.389401732758
7,48,641,-1727.85071714262
7,49,1491,-117.557377056191
7,50,-4990,-2740.82586072424
7,51,1624,4070.23997382567
7,52,562,-571.874078743394
7,53,-456,-309.641093258092
7,54,596,1367.5551088667
7,55,435,1615.95524464921
7,56,-674,-1905.87385690543
7,57,776,272.898369443304
7,58,-194,-917.633978276676
7,59,-105,-16.8351820265426
7,60,836,-1013.27975235257
7,61,-336,-1448.00400152448
7,62,21,-932.592439819782
7,63,3,-611.306671920939
7,64,397,-844.036035243355
7,65,-1688,-1098.12300679232
7,66,416,1210.4933473568
7,67,333,204.590025679604
7,68,-1056,-281.396779467811
7,69,547,1331.21128425015
7,70,989,924.634597563146
7,71,1062,-1344.85969694529
7,72,-328,-1610.69126686784
7,73,-762,-742.533185670911
7,74,321,-507.594880766659
7,75,-2324,-1712.20967330342
7,76,2198,1536.84391810403
7,77,725,-735.884023097806
7,78,-666,-1508.73853588934
7,79,-5597,51.6673067003505
7,80,2187,6353.5595872891
7,81,2419,274.421239398751
7,82,563,-982.349553603505
7,83,-1170,812.389372335173
7,84,1207,2648.13218349581
7,85,-2013,-3918.43598351781
7,86,2084,244.557607193336
7,87,-732,-1325.91152701921
7,88,168,481.168275341499
7,89,429,-1722.24039499258
7,90,252,-1212.21064905777
7,91,-125,-1898.38001710911
7,92,587,8.35258465379208
7,93,-524,-1846.27089495864
7,94,-86,-353.865701566255
7,95,-545,-933.524808465192
7,96,-1011,328.505830449297
7,97,1855,1058.62499554307
7,98,458,-1023.1424821786
7,99,399,-1053.05751498878
7,100,-1311,-742.831378313796
7,101,-3275,168.507612544348
7,102,2272,2799.0549653615
7,103,2309,-388.997996005737
7,104,-40,-2132.30343573398
7,105,255,188.55398086992
7,106,655,-1232.27921481947
7,107,-1165,-3937.21193316588
7,108,-2770,-1165.47235129131
7,109,1714,2829.35961161007
7,110,-813,-503.44565889841
7,111,1510,131.619992111581
7,112,-36,25.7120430474722
7,113,-198,426.522853957856
7,114,55,-740.520304229593
7,115,-548,-196.437979935769
7,116,-300,-170.216801628645
7,117,1112,864.362098548982
7,118,483,-1640.73983367749
7,119,-3211,-1084.89512358957
7,120,3993,2677.29060339627
7,121,-479,-3074.19764489606
7,122,-643,-1821.04818013524
7,123,3,453.668155799361
7,124,54,-181.93993170232
7,125,439,-2499.95989481229
7,126,242,-525.282964208809
7,127,-238,-847.662821628274
7,128,-900,-124.473558480032
7,129,66,-538.55420138244
7,130,-1692,191.798948052693
7,131,2449,2203.24352420037
7,132,-58,-1026.26285505408
7,133,302,-306.530926846922
7,134,37,-509.989137046719
7,135,-724,-717.828942060978
7,136,-1879,-1032.77611908123
7,137,1726,2210.00740530366
7,138,-614,-1052.21609508278
7,139,-306,734.501883597514
7,140,-82,898.879218409372
7,141,1635,941.159245211052
7,142,-567,-2130.51210586408
7,143,-112,281.379988451042
7,144,663,-49.4609734104736
7,145,-107,-1419.95079760409
7,146,-456,-1865.48669993815
7,147,-1416,286.819953681452
7,148,224,1045.965660362
7,149,-156,177.122356549035
7,150,696,599.464294350482
7,151,433,608.222537679737
7,152,743,39.1971966698413
7,153,-1162,-1462.37055995991
7,154,-34,348.215745978181
7,155,-1367,-341.401681928015
7,156,-168,1218.25619066831
7,157,1897,881.893139291734
7,158,-279,-813.588986296333
7,159,974,-242.20755295291
7,160,182,-818.700109578794
7,161,53,-1938.24947100387
7,162,-530,-1705.06021593133
7,163,-938,-624.841773935964
7,164,799,7.78089917088596
7,165,-44,-1003.29458739367
7,166,-1073,-734.370864167574
7,167,878,1557.0835218295
7,168,-721,-384.574283067661
7,169,-1411,316.94110647877
7,170,2951,2485.89841492933
7,171,-444,-1654.33709845716
7,172,626,-819.516236863501
7,173,581,-772.506865455537
7,174,-1312,-2081.39852186728
7,175,43,-1150.88377203404
7,176,-219,-417.419797303053
7,177,-88,-582.627910437308
7,178,508,189.394714644722
7,179,111,-653.173140383747
7,180,364,-321.687856941402
8,1,115,868.726574468443
8,2,837,288.435672146387
8,3,591,-218.123842257268
8,4,-1573,-826.645889989904
8,5,1028,1485.38874172101
8,6,1,-1428.8619901994
8,7,-1662,-534.717589151831
8,8,-640,1553.1540518087
8,9,1893,1953.69247219832
8,10,500,-1894.9042386615
8,11,247,-195.351103565777
8,12,-1164,-398.34880654389
8,13,1149,236.498659534246
8,14,164,-2912.8980301952
8,15,-1629,-1271.33831744442
8,16,440,1304.79632105599
8,17,648,-326.77431076298
8,18,996,-2192.88506182419
8,19,289,-895.677184454703
8,20,-1575,-1072.64872036202
8,21,-755,213.027913163167
8,22,657,-249.495218636685
8,23,933,-954.665379097565
8,24,41,-71.0291531255143
8,25,-2529,-45.6050519061974
8,26,3156,1854.34011851055
8,27,-1796,-3390.86627294697
8,28,872,697.384731020574
8,29,-643,343.397824737208
8,30,-90,139.820253367
8,31,623,-1392.3170540413
8,32,960,-10.6169520967879
8,33,466,-2334.84546535559
8,34,-813,-273.319197751689
8,35,-451,-2125.75687553764
8,36,793,-297.503443970231
8,37,387,-2244.91596574616
8,38,549,-988.851996945557
8,39,465,-1230.70287764728
8,40,-120,-2270.67310722712
8,41,-1814,-2078.32629228262
8,42,3458,408.240526984712
8,43,-1944,-4070.74200797058
8,44,261,132.915404224985
8,45,-60,-686.070979364276
8,46,137,-1230.86214181195
8,47,641,-1795.66803727681
8,48,1491,-26.1907047066873
8,49,-4990,-3250.68557783952
8,50,1624,4654.91213465923
8,51,562,-1916.1705365357
8,52,-456,38.6697517246223
8,53,596,1783.70326764499
8,54,435,1389.10383481484
8,55,-674,-2235.20783884405
8,56,776,730.203016730123
8,57,-194,-1796.16078940061
8,58,-105,512.519544084267
8,59,836,-1237.30517742819
8,60,-336,-1791.53106275774
8,61,21,-930.18425373802
8,62,3,-762.572555054551
8,63,397,-1218.13594882498
8,64,-1688,-1069.34480028027
8,65,416,1057.63867078239
8,66,333,-178.292227760254
8,67,-1056,-222.087289775517
8,68,547,1320.13461118754
8,69,989,748.082164252551
8,70,1062,-1456.66593402369
8,71,-328,-1330.42137244539
8,72,-762,-1010.53352576927
8,73,321,-695.362140672032
8,74,-2324,-2003.41591401547
8,75,2198,1338.8888645295
8,76,725,-935.80963713589
8,77,-666,-1400.69271147287
8,78,-5597,160.744600237726
8,79,2187,5877.44638136439
8,80,2419,-616.7962358113
8,81,563,-146.086779450695
8,82,-1170,1232.11305325975
8,83,1207,2737.14893961188
8,84,-2013,-4783.89065415909
8,85,2084,591.460426762342
8,86,-732,-2025.41192377794
8,87,168,1106.87951838007
8,88,429,-2006.92152075884
8,89,252,-1592.78894310043
8,90,-125,-2238.18908482486
8,91,587,320.480288090598
8,92,-524,-2525.93686425656
8,93,-86,-34.3774277827109
8,94,-545,-1435.10195143601
8,95,-1011,209.207734681497
8,96,1855,911.672986298633
8,97,458,-1198.13573166043
8,98,399,-941.925252291283
8,99,-1311,-652.212836307364
8,100,-3275,-228.321719004623
8,101,2272,2487.78861096222
8,102,2309,-752.047769896496
8,103,-40,-1851.99927323226
8,104,255,862.354139744674
8,105,655,-1877.57987628622
8,106,-1165,-4353.72840641311
8,107,-2770,-1107.70561897448
8,108,1714,2270.77034413105
8,109,-813,-673.841155789055
8,110,1510,333.090369063085
8,111,-36,-134.460019190711
8,112,-198,358.134403387933
8,113,55,-793.672157211748
8,114,-548,-345.821610083444
8,115,-300,-526.075503842131
8,116,1112,1222.93472605238
8,117,483,-2159.32034603287
8,118,-3211,-819.134828439871
8,119,3993,2455.40161687142
8,120,-479,-3697.00020126852
8,121,-643,-1384.69343001297
8,122,3,476.509734921427
8,123,54,-798.037654238318
8,124,439,-2667.93126274302
8,125,242,-290.885198212466
8,126,-238,-1537.30715844252
8,127,-900,390.701297508618
8,128,66,-1187.31093357457
8,129,-1692,-34.4114582464056
8,130,2449,2237.93855795091
8,131,-58,-1226.55028864865
8,132,302,-50.7546436260725
8,133,37,-557.158842506733
8,134,-724,-1002.06801768588
8,135,-1879,-1301.47578165482
8,136,1726,2269.20321846902
8,137,-614,-1692.56974966228
8,138,-306,1334.9776721171
8,139,-82,591.111859640756
8,140,1635,701.284009093403
8,141,-567,-2196.59169022643
8,142,-112,564.9571187185
8,143,663,-485.312062621284
8,144,-107,-1359.83503642055
8,145,-456,-2114.8792455228
8,146,-1416,231.152475415379
8,147,224,663.26443054707
8,148,-156,80.0727383261525
8,149,696,444.139546600903
8,150,433,672.828207423926
8,151,743,100.069694043364
8,152,-1162,-1601.32824157808
8,153,-34,332.318304594463
8,154,-1367,-756.182389107981
8,155,-168,1238.09637088705
8,156,1897,645.029327062806
8,157,-279,-797.592957626202
8,158,974,-104.113569735229
8,159,182,-872.528599060086
8,160,53,-2339.77939597105
8,161,-530,-1633.77996172133
8,162,-938,-916.105440951575
8,163,799,-284.82201000387
8,164,-44,-1052.280729028
8,165,-1073,-987.201547216347
8,166,878,1611.35452664191
8,167,-721,-783.926025060915
8,168,-1411,355.104698955833
8,169,2951,2462.13546110569
8,170,-444,-2012.45662498753
8,171,626,-341.135047699702
8,172,581,-857.006413410478
8,173,-1312,-2591.33550889345
8,174,43,-1079.15238860574
8,175,-219,-757.302196517645
8,176,-88,-1029.51345795854
8,177,508,569.804638938634
8,178,111,-1146.57874172721
8,179,364,-329.618323371542
8,180,-319,-701.986114021468
9,1,591,-198.292457103941
9,2,-1573,-589.372442410904
9,3,1028,1396.81241653185
9,4,1,-1320.51649219908
9,5,-1662,-476.147167215971
9,6,-640,1469.18399494334
9,7,1893,1809.90731625892
9,8,500,-1527.14787437133
9,9,247,-148.08819481258
9,10,-1164,-558.480432876381
9,11,1149,311.057585935537
9,12,164,-2659.12717622272
9,13,-1629,-1478.42800829526
9,14,440,1208.67600314333
9,15,648,-236.749540099624
9,16,996,-1843.05543974113
9,17,289,-870.062015099385
9,18,-1575,-1231.45542884855
9,19,-755,391.26614714088
9,20,657,-175.350538150942
9,21,933,-975.537709474679
9,22,41,-61.5204683714223
9,23,-2529,-43.4828445096738
9,24,3156,2004.89228444909
9,25,-1796,-3134.96586761119
9,26,872,581.906493193048
9,27,-643,248.506029933454
9,28,-90,-2.23511128758048
9,29,623,-833.275382161743
9,30,960,-303.74013380293
9,31,466,-2232.27940297351
9,32,-813,-228.960606561915
9,33,-451,-2077.87069758137
9,34,793,-245.611575029903
9,35,387,-2178.19209355252
9,36,549,-993.77996530572
9,37,465,-1207.83496666566
9,38,-120,-2101.72619446409
9,39,-1814,-1906.73384066067
9,40,3458,318.895052534574
9,41,-1944,-3996.32680194182
9,42,261,159.56540784298
9,43,-60,-590.779878493997
9,44,137,-1266.92150160077
9,45,641,-1307.13082107845
9,46,1491,-371.056626118389
9,47,-4990,-3123.73659040408
9,48,1624,4718.80380178278
9,49,562,-1797.47264831784
9,50,-456,72.1794091880945
9,51,596,1933.1720529367
9,52,435,1005.43718796621
9,53,-674,-1647.66682481281
9,54,776,739.657883934915
9,55,-194,-2123.51488121716
9,56,-105,538.476185090731
9,57,836,-1099.16803660941
9,58,-336,-1819.19398920415
9,59,21,-765.41218078867
9,60,3,-741.940091145991
9,61,397,-1200.43757187428
9,62,-1688,-922.035610211395
9,63,416,997.176563011379
9,64,333,-88.5043010337215
9,65,-1056,-109.549413908501
9,66,547,1396.78185536133
9,67,989,653.662882662438
9,68,1062,-1238.24366901254
9,69,-328,-1272.41422295544
9,70,-762,-1210.40040678583
9,71,321,-613.445927345277
9,72,-2324,-1907.16927863157
9,73,2198,1283.20520105418
9,74,725,-896.792019478873
9,75,-666,-1254.81990471841
9,76,-5597,393.592660662754
9,77,2187,5611.20726269872
9,78,2419,-227.618173139389
9,79,563,-166.739965605943
9,80,-1170,1091.85719342508
9,81,1207,2462.7291478364
9,82,-2013,-4061.60162468506
9,83,2084,468.969440920692
9,84,-732,-2492.10457286305
9,85,168,970.78820711503
9,86,429,-1482.50913687409
9,87,252,-1656.49325174911
9,88,-125,-1955.05466443865
9,89,587,165.641749991304
9,90,-524,-2491.2266974676
9,91,-86,72.3613329245341
9,92,-545,-1372.71606955869
9,93,-1011,201.834547131526
9,94,1855,1044.28003906426
9,95,458,-1139.22397950798
9,96,399,-849.566090378989
9,97,-1311,-607.422745046791
9,98,-3275,-294.723694082043
9,99,2272,2626.54666369535
9,100,2309,-785.70699866485
9,101,-40,-1815.39429510875
9,102,255,903.523481470263
9,103,655,-1885.72265215992
9,104,-1165,-3925.09317898646
9,105,-2770,-1254.31744462763
9,106,1714,1812.28027071381
9,107,-813,-463.56312066704
9,108,1510,696.085241808091
9,109,-36,-48.4344411319832
9,110,-198,298.245131108692
9,111,55,-402.407290272897
9,112,-548,-610.647609944128
9,113,-300,-579.100229430454
9,114,1112,1162.54949543077
9,115,483,-2062.62278100371
9,116,-3211,-664.883075925527
9,117,3993,2443.07042414454
9,118,-479,-3558.09123125171
9,119,-643,-1291.02467767831
9,120,3,424.865327763554
9,121,54,-1078.58208422855
9,122,439,-2034.88036593229
9,123,242,-515.47752393708
9,124,-238,-1673.29160315366
9,125,-900,640.642254827907
9,126,66,-1042.05953914765
9,127,-1692,-28.0274715117437
9,128,2449,2219.17619096764
9,129,-58,-1123.02936380786
9,130,302,-20.0669741421664
9,131,37,-403.768677232164
9,132,-724,-1138.83307296822
9,133,-1879,-1076.12573468183
9,134,1726,2037.56750366818
9,135,-614,-1654.66687407786
9,136,-306,1481.11584873849
9,137,-82,703.682421640414
9,138,1635,678.700181038592
9,139,-567,-1856.31787471993
9,140,-112,331.377653090049
9,141,663,-583.2931418517
9,142,-107,-1259.12610536698
9,143,-456,-1939.88501150548
9,144,-1416,53.9273280168051
9,145,224,716.016886037673
9,146,-156,320.668206784925
9,147,696,473.364912172768
9,148,433,707.681419716582
9,149,743,129.217263256704
9,150,-1162,-1425.23480377101
9,151,-34,237.062682410289
9,152,-1367,-788.289729610488
9,153,-168,1188.27074992853
9,154,1897,746.26121043364
9,155,-279,-772.668624362592
9,156,974,93.4936904353834
9,157,182,-852.699366563574
9,158,53,-2306.6868343053
9,159,-530,-1539.18266338988
9,160,-938,-1170.89232108759
9,161,799,-215.087187878595
9,162,-44,-895.945812035397
9,163,-1073,-869.798736706108
9,164,878,1671.75290418809
9,165,-721,-688.215877156191
9,166,-1411,509.284181098821
9,167,2951,2378.52052772038
9,168,-444,-2052.71698966711
9,169,626,-157.813198339055
9,170,581,-903.492722585879
9,171,-1312,-2700.50854137064
9,172,43,-763.537819239007
9,173,-219,-999.45095083695
9,174,-88,-1009.03699445364
9,175,508,795.330517945644
9,176,111,-1115.66517914811
9,177,364,-147.806500200082
9,178,-319,-622.868105876712
9,179,-86,-709.297437127552
9,180,-351,-211.59518151397
10,1,1028,1420.97224838628
10,2,1,-984.756041195271
10,3,-1662,-506.372041458817
10,4,-640,1511.64026386214
10,5,1893,2245.72504830127
10,6,500,-1774.84284512479
10,7,247,-631.608504693276
10,8,-1164,-612.531233389195
10,9,1149,457.520171063567
10,10,164,-2390.92445019578
10,11,-1629,-1368.5426671777
10,12,440,1148.55207571474
10,13,648,-53.5185283917474
10,14,996,-2237.14688221677
10,15,289,-1096.73598152404
10,16,-1575,-1315.22059262945
10,17,-755,354.343026367048
10,18,657,304.556967633134
10,19,933,-744.392481234997
10,20,41,-385.801088773712
10,21,-2529,-447.784894341301
10,22,3156,1938.64359951176
10,23,-1796,-2696.80691854138
10,24,872,281.528849791895
10,25,-643,485.471143420108
10,26,-90,76.5728387617757
10,27,623,-1187.01796421504
10,28,960,78.7722701516815
10,29,466,-2543.81805903249
10,30,-813,-389.217599857902
10,31,-451,-2137.32364692917
10,32,793,92.6985406015262
10,33,387,-2064.59440713869
10,34,549,-1227.17446376859
10,35,465,-1455.61479759923
10,36,-120,-2334.25483193388
10,37,-1814,-1985.62340822679
10,38,3458,604.893721670985
10,39,-1944,-3723.77114093483
10,40,261,-513.950037210829
10,41,-60,-506.373318500361
10,42,137,-1103.13846330963
10,43,641,-1700.2062620665
10,44,1491,-84.6183212609282
10,45,-4990,-3482.04569249376
10,46,1624,4579.03225057245
10,47,562,-931.252332365185
10,48,-456,-115.263633506167
10,49,596,1314.06361205261
10,50,435,1283.54616470982
10,51,-674,-2154.73691295703
10,52,776,972.56831672153
10,53,-194,-1613.62302807622
10,54,-105,495.089143190896
10,55,836,-1227.46870301265
10,56,-336,-1770.91424195749
10,57,21,-1039.7739555378
10,58,3,-669.784621219729
10,59,397,-1157.18495566417
10,60,-1688,-1018.20652050484
10,61,416,999.370533983293
10,62,333,116.21146186414
10,63,-1056,-263.434203914561
10,64,547,1165.99899718674
10,65,989,909.940501107978
10,66,1062,-1475.80843042224
10,67,-328,-1454.01446469871
10,68,-762,-1138.45294604105
10,69,321,-408.390717031746
10,70,-2324,-1634.93722893809
10,71,2198,1314.31637856778
10,72,725,-710.413521089609
10,73,-666,-1948.84482078346
10,74,-5597,-96.342741313573
10,75,2187,6246.11301767111
10,76,2419,655.54259696537
10,77,563,-564.116931979908
10,78,-1170,156.604974660846
10,79,1207,2574.7673885007
10,80,-2013,-4015.53521415385
10,81,2084,985.423874818969
10,82,-732,-1758.82120621352
10,83,168,623.780073432662
10,84,429,-2064.05380577631
10,85,252,-1534.12324795231
10,86,-125,-2233.99048616794
10,87,587,371.645885292257
10,88,-524,-2514.49815510147
10,89,-86,-26.3253913430159
10,90,-545,-1335.55057378277
10,91,-1011,275.144157484607
10,92,1855,1003.58726818882
10,93,458,-1084.14558914021
10,94,399,-1355.74658870491
10,95,-1311,-768.624620806145
10,96,-3275,-79.8228706029699
10,97,2272,3051.57399277905
10,98,2309,-83.9615389056084
10,99,-40,-2547.17043822918
10,100,255,42.9143963050383
10,101,655,-1793.56939936479
10,102,-1165,-3827.47675951192
10,103,-2770,-817.571549782021
10,104,1714,2476.53648106944
10,105,-813,-300.942106980108
10,106,1510,-198.421925267682
10,107,-36,-367.89714540743
10,108,-198,95.8230954049934
10,109,55,-545.820020838792
10,110,-548,16.3885208607975
10,111,-300,-403.024695893873
10,112,1112,1355.05986520016
10,113,483,-2228.72265248757
10,114,-3211,-1072.12368717563
10,115,3993,2393.58633251746
10,116,-479,-3016.00138586977
10,117,-643,-1959.40279247593
10,118,3,407.427973704988
10,119,54,-525.755606579539
10,120,439,-2432.50174683706
10,121,242,-277.852462224435
10,122,-238,-1817.34230022067
10,123,-900,390.554476949181
10,124,66,-1062.41548955824
10,125,-1692,235.40123128236
10,126,2449,2249.71377842602
10,127,-58,-1067.62019248795
10,128,302,-561.983589612828
10,129,37,-596.309198562056
10,130,-724,-803.640385751127
10,131,-1879,-1036.01190453706
10,132,1726,2558.05150851483
10,133,-614,-1473.19188013082
10,134,-306,905.524457926457
10,135,-82,474.618124744722
10,136,1635,854.037359615109
10,137,-567,-2027.35757955267
10,138,-112,364.876261786932
10,139,663,-372.947069821866
10,140,-107,-1128.6062079379
10,141,-456,-2149.7389773069
10,142,-1416,240.35653128713
10,143,224,755.399391663934
10,144,-156,376.779109806721
10,145,696,331.358785322402
10,146,433,531.462718256953
10,147,743,-54.5176611093495
10,148,-1162,-1569.46930004193
10,149,-34,442.690069809132
10,150,-1367,-367.316767212237
10,151,-168,1383.59661950665
10,152,1897,785.149120311961
10,153,-279,-936.141322233347
10,154,974,-596.448415351216
10,155,182,-795.986252117513
10,156,53,-2236.5058788805
10,157,-530,-1389.86770921788
10,158,-938,-797.569733369049
10,159,799,-172.098491194944
10,160,-44,-926.422065750199
10,161,-1073,-1277.0554734908
10,162,878,1519.01458587692
10,163,-721,-557.754557999354
10,164,-1411,327.39309464348
10,165,2951,2620.15149707505
10,166,-444,-1772.31349278452
10,167,626,-848.950183716553
10,168,581,-826.766277466687
10,169,-1312,-2480.0446000945
10,170,43,-895.913267443574
10,171,-219,-415.517487669488
10,172,-88,-1087.602380427
10,173,508,492.648107607111
10,174,111,-1293.01649743344
10,175,364,-423.358179192828
10,176,-319,-632.684890251981
10,177,-86,-603.773932911304
10,178,-351,-45.0487944140053
10,179,-1360,-184.743267596658
10,180,1549,1338.28626937694
11,1,-640,1409.30002284531
11,2,1893,1953.95730483131
11,3,500,-1415.21482459458
11,4,247,-804.926502996413
11,5,-1164,-734.652857501477
11,6,1149,654.048275221785
11,7,164,-2455.83856614911
11,8,-1629,-1678.15729643832
11,9,440,1002.93501186055
11,10,648,-579.545983723687
11,11,996,-1954.02546946699
11,12,289,-1478.54811088419
11,13,-1575,-1463.93836857332
11,14,-755,547.068880149304
11,15,657,-20.5564719486547
11,16,933,-735.462434550242
11,17,41,-591.156343198797
11,18,-2529,-719.012782896807
11,19,3156,2169.49892927785
11,20,-1796,-2866.32961680321
11,21,872,677.785460340648
11,22,-643,-28.1795104978518
11,23,-90,-46.904169694483
11,24,623,-669.160390713137
11,25,960,-862.236048669566
11,26,466,-1924.62236854504
11,27,-813,-1020.74642828674
11,28,-451,-2104.47295861101
11,29,793,-132.774317881368
11,30,387,-2301.28159664567
11,31,549,-1486.9786891028
11,32,465,-1871.01660298514
11,33,-120,-2471.0670476149
11,34,-1814,-2112.164461947
11,35,3458,357.40129888248
11,36,-1944,-4152.10408809803
11,37,261,-463.65394812676
11,38,-60,-1169.95045875036
11,39,137,-1255.89884852268
11,40,641,-1252.7252770782
11,41,1491,-1135.12378148814
11,42,-4990,-3017.93364902398
11,43,1624,4373.77250643614
11,44,562,-1309.81780917241
11,45,-456,328.255694015193
11,46,596,1289.18461680217
11,47,435,583.322050322388
11,48,-674,-913.871869127643
11,49,776,424.043736810875
11,50,-194,-1556.43065671559
11,51,-105,561.073698514677
11,52,836,-1647.91438522241
11,53,-336,-2060.08161394814
11,54,21,-953.395848853528
11,55,3,-1136.3415464685
11,56,397,-1182.82015546216
11,57,-1688,-1146.21425561193
11,58,416,777.652929682378
11,59,333,25.6997621931316
11,60,-1056,-242.840017700177
11,61,547,1264.60365945833
11,62,989,646.998168696566
11,63,1062,-1003.94540476818
11,64,-328,-1664.80433639169
11,65,-762,-1286.94284097718
11,66,321,-396.772747115703
11,67,-2324,-2007.48058872265
11,68,2198,1268.94796426602
11,69,725,-1301.5847725206
11,70,-666,-1819.39073343545
11,71,-5597,-129.818325191776
11,72,2187,6197.78886386416
11,73,2419,1164.51982086441
11,74,563,-496.920567495514
11,75,-1170,280.663296918222
11,76,1207,2179.57506155628
11,77,-2013,-2980.41255859038
11,78,2084,723.273507740909
11,79,-732,-2208.6960856922
11,80,168,449.741566319907
11,81,429,-2332.19916063051
11,82,252,-2148.08643368253
11,83,-125,-1661.55107056156
11,84,587,-400.862005807521
11,85,-524,-2394.23447525962
11,86,-86,-287.955349684508
11,87,-545,-1621.23914522515
11,88,-1011,155.440505691966
11,89,1855,998.322470600694
11,90,458,-1397.43021184685
11,91,399,-1105.25774573248
11,92,-1311,-1026.99914906542
11,93,-3275,-82.306643151986
11,94,2272,3366.79293570025
11,95,2309,-643.574700536417
11,96,-40,-2249.61561449341
11,97,255,-298.285371871664
11,98,655,-2078.54910756532
11,99,-1165,-3240.5313882134
11,100,-2770,-1330.27060249776
11,101,1714,2053.90918150199
11,102,-813,-671.621258931758
11,103,1510,-156.569828384622
11,104,-36,-757.872223060118
11,105,-198,366.976754131354
11,106,55,23.6264376125679
11,107,-548,-462.664750655332
11,108,-300,76.218336008663
11,109,1112,769.861763190488
11,110,483,-2324.89294830964
11,111,-3211,-1165.71203781525
11,112,3993,2347.53560137717
11,113,-479,-3340.41980081114
11,114,-643,-1486.42366017478
11,115,3,-163.215930621794
11,116,54,-989.637340505014
11,117,439,-1664.2782764058
11,118,242,-1475.88566553014
11,119,-238,-1574.30728216638
11,120,-900,113.511730600424
11,121,66,-1224.03763273048
11,122,-1692,220.516152284803
11,123,2449,2306.8606206045
11,124,-58,-1317.57168374109
11,125,302,-344.573731573778
11,126,37,-628.910439220132
11,127,-724,-1022.74943681194
11,128,-1879,-554.046259840226
11,129,1726,1905.96292977905
11,130,-614,-1480.89422369117
11,131,-306,894.832917801189
11,132,-82,273.908913846105
11,133,1635,944.76240146339
11,134,-567,-1553.92544588396
11,135,-112,42.9230471770506
11,136,663,-307.828649599089
11,137,-107,-1348.63244854503
11,138,-456,-2147.4451682517
11,139,-1416,-319.519540653185
11,140,224,826.193789949307
11,141,-156,198.186353512056
11,142,696,330.875260603299
11,143,433,574.76725367582
11,144,743,-34.4130024134674
11,145,-1162,-1331.11578998069
11,146,-34,372.456649214162
11,147,-1367,-402.116546840104
11,148,-168,1281.06883854222
11,149,1897,649.672601026535
11,150,-279,-1219.95971936334
11,151,974,-232.818709363707
11,152,182,-1181.25200235881
11,153,53,-1929.87917401197
11,154,-530,-1482.54625722802
11,155,-938,-1374.4897922659
11,156,799,-197.262830907325
11,157,-44,-1507.5876352463
11,158,-1073,-1299.20299515692
11,159,878,1372.98218671772
11,160,-721,-634.535795968153
11,161,-1411,736.507887467371
11,162,2951,2472.49910933979
11,163,-444,-1881.69077826097
11,164,626,-361.151547884115
11,165,581,-1444.18104248064
11,166,-1312,-2471.01062862379
11,167,43,-633.065176530867
11,168,-219,-1427.42869170354
11,169,-88,-858.750198499531
11,170,508,48.1659075414855
11,171,111,-1594.00402264117
11,172,364,-152.98521211375
11,173,-319,-829.20571831169
11,174,-86,-521.459236355965
11,175,-351,-121.512955568804
11,176,-1360,-365.62954102301
11,177,1549,1332.75739653677
11,178,260,-918.29293114654
11,179,261,-742.311777300051
11,180,-248,-436.042098720298
12,1,247,-558.929062829353
12,2,-1164,87.4977401225116
12,3,1149,529.325042534327
12,4,164,-2961.25411520531
12,5,-1629,-1368.99607240021
12,6,440,1299.32524294701
12,7,648,-237.484285688601
12,8,996,-2305.4154357122
12,9,289,-1141.2316631969
12,10,-1575,-644.028442602905
12,11,-755,306.587107469972
12,12,657,-215.674660896133
12,13,933,-992.447098787525
12,14,41,-442.61039893684
12,15,-2529,69.0001118736114
12,16,3156,2127.66957326538
12,17,-1796,-3276.67577959489
12,18,872,473.032976717366
12,19,-643,368.124841641261
12,20,-90,527.949571712114
12,21,623,-1687.07338319054
12,22,960,-33.9167055805319
12,23,466,-2004.04005807642
12,24,-813,-636.430719115888
12,25,-451,-1617.58878382093
12,26,793,-342.059402102704
12,27,387,-2286.34048505059
12,28,549,-1197.00887731696
12,29,465,-1169.34406847966
12,30,-120,-2087.52394482845
12,31,-1814,-2059.76980984303
12,32,3458,500.5525015312
12,33,-1944,-4005.79526769261
12,34,261,-214.579932324181
12,35,-60,-560.0039728143
12,36,137,-845.533231606945
12,37,641,-2204.49961892188
12,38,1491,-49.6981554081943
12,39,-4990,-2828.46535132042
12,40,1624,4241.47665470816
12,41,562,-1358.13758606423
12,42,-456,-367.277822237017
12,43,596,1238.24691503801
12,44,435,2046.53735254531
12,45,-674,-2014.52267464816
12,46,776,307.278193920309
12,47,-194,-1079.35760824206
12,48,-105,204.23894614509
12,49,836,-1322.68293365376
12,50,-336,-1578.0717323062
12,51,21,-1032.08410872245
12,52,3,-754.106773022648
12,53,397,-1008.42723573518
12,54,-1688,-1251.78740862687
12,55,416,1082.80276670298
12,56,333,-51.2755610116271
12,57,-1056,-392.907732262353
12,58,547,1211.50929838501
12,59,989,990.60943565841
12,60,1062,-1391.28758614921
12,61,-328,-1518.49773256882
12,62,-762,-583.986341081541
12,63,321,-540.766666136801
12,64,-2324,-2076.52921154874
12,65,2198,1194.62414781064
12,66,725,-1024.14334295777
12,67,-666,-1496.54106522715
12,68,-5597,57.0224334849981
12,69,2187,6410.2998949993
12,70,2419,-494.174027455021
12,71,563,-1009.92546467632
12,72,-1170,1159.05268320738
12,73,1207,3540.1765978507
12,74,-2013,-4288.28249277766
12,75,2084,73.5647828850733
12,76,-732,-1631.46713741512
12,77,168,840.306105186686
12,78,429,-2202.17364230991
12,79,252,-1307.61815739133
12,80,-125,-2179.90689824517
12,81,587,113.783242055683
12,82,-524,-2102.80774760979
12,83,-86,-339.137222823519
12,84,-545,-1288.92587872751
12,85,-1011,218.198261724661
12,86,1855,791.980553567287
12,87,458,-1208.14468479896
12,88,399,-986.090825026934
12,89,-1311,-589.619933928735
12,90,-3275,223.720740600231
12,91,2272,2440.11639626181
12,92,2309,-908.94814670652
12,93,-40,-2175.79873212721
12,94,255,629.185521906088
12,95,655,-968.845361423256
12,96,-1165,-4148.52494533797
12,97,-2770,-1432.56508817667
12,98,1714,2549.71323795116
12,99,-813,-914.799662865791
12,100,1510,-258.973770231593
12,101,-36,-83.3013152345961
12,102,-198,841.363603746996
12,103,55,-792.960525891453
12,104,-548,-150.615862308387
12,105,-300,-337.264203251297
12,106,1112,860.280990974905
12,107,483,-1967.362112217
12,108,-3211,-1043.03618901045
12,109,3993,2608.80110876036
12,110,-479,-3368.05455738233
12,111,-643,-1732.98718676783
12,112,3,420.267624146646
12,113,54,-52.8419762346088
12,114,439,-3026.42388723285
12,115,242,-671.873043369514
12,116,-238,-967.6114472179
12,117,-900,6.46896527961293
12,118,66,-961.522313447808
12,119,-1692,4.34853595659933
12,120,2449,2076.23602968965
12,121,-58,-1241.35267811153
12,122,302,-105.045648891819
12,123,37,-458.169360661685
12,124,-724,-555.603918230165
12,125,-1879,-1308.93754220177
12,126,1726,2070.3421944809
12,127,-614,-1485.23545891456
12,128,-306,795.215308087241
12,129,-82,726.516825166923
12,130,1635,1071.15852001651
12,131,-567,-2304.15838789578
12,132,-112,491.432436956892
12,133,663,-40.6201798063578
12,134,-107,-1414.81032710107
12,135,-456,-2223.4264673342
12,136,-1416,249.02282386675
12,137,224,839.986255322047
12,138,-156,-167.243363013821
12,139,696,363.762328705696
12,140,433,644.817496537853
12,141,743,240.955559420698
12,142,-1162,-1435.48460434141
12,143,-34,452.595237709008
12,144,-1367,-542.999659943366
12,145,-168,1071.81757965057
12,146,1897,491.749718135216
12,147,-279,-867.762527655378
12,148,974,-165.368610152306
12,149,182,-645.184886517223
12,150,53,-1897.6606720857
12,151,-530,-1807.6096185125
12,152,-938,-758.363262830517
12,153,799,-287.08648819946
12,154,-44,-1336.70849852836
12,155,-1073,-1009.83945305796
12,156,878,1552.03227241279
12,157,-721,-516.808266815059
12,158,-1411,244.199704006276
12,159,2951,2418.51773674599
12,160,-444,-1709.91198965598
12,161,626,-654.795559695928
12,162,581,-713.503371550679
12,163,-1312,-1972.09568382011
12,164,43,-1399.36902338905
12,165,-219,-717.167209862808
12,166,-88,-886.885100416544
12,167,508,19.7201074086903
12,168,111,-890.00122821644
12,169,364,-304.338445902088
12,170,-319,-696.814965676103
12,171,-86,-409.981533628886
12,172,-351,-257.606285550719
12,173,-1360,-265.933084703197
12,174,1549,1220.00466949394
12,175,260,-849.757834336754
12,176,261,-684.885343470538
12,177,-248,-128.383180391873
12,178,-1500,-155.845849960063
12,179,513,307.580919050212
12,180,245,-206.160564210572
13,1,164,-2913.60343213962
13,2,-1629,-1597.67835408124
13,3,440,841.787479675857
13,4,648,-112.565084835331
13,5,996,-2136.42653238882
13,6,289,-1063.49195980811
13,7,-1575,-912.886534291797
13,8,-755,102.83260091586
13,9,657,-171.068326409266
13,10,933,-935.403374338427
13,11,41,-359.876816049148
13,12,-2529,6.75329219967796
13,13,3156,2108.43202617342
13,14,-1796,-2823.31014359918
13,15,872,381.430631963567
13,16,-643,180.171655995633
13,17,-90,558.829616926873
13,18,623,-1659.57179770913
13,19,960,194.930229676678
13,20,466,-2328.82490384997
13,21,-813,-560.042721993731
13,22,-451,-2080.84166677076
13,23,793,-444.754184533959
13,24,387,-2378.94130213388
13,25,549,-1373.79123513436
13,26,465,-1372.39731248705
13,27,-120,-2248.53900659994
13,28,-1814,-2263.91219930412
13,29,3458,187.053804941535
13,30,-1944,-4019.94686011828
13,31,261,-526.145702625933
13,32,-60,-841.158759407973
13,33,137,-791.979378946608
13,34,641,-2237.86290723072
13,35,1491,7.03034262463939
13,36,-4990,-3208.05807965452
13,37,1624,4144.52728994926
13,38,562,-1174.22239380968
13,39,-456,128.204364519775
13,40,596,1279.4009797199
13,41,435,2283.43330596556
13,42,-674,-1858.23457562304
13,43,776,614.736187113271
13,44,-194,-1463.26255290102
13,45,-105,143.567708207097
13,46,836,-1460.42981241378
13,47,-336,-1688.1913570439
13,48,21,-1183.4308459306
13,49,3,-844.893868418538
13,50,397,-1157.31428703293
13,51,-1688,-1273.66400648169
13,52,416,947.436474381689
13,53,333,37.1409243642884
13,54,-1056,-99.7473782033653
13,55,547,1267.49882948512
13,56,989,1253.37085354645
13,57,1062,-1169.60061807498
13,58,-328,-1439.15581167464
13,59,-762,-976.575863397898
13,60,321,-842.961169238994
13,61,-2324,-2166.04117519767
13,62,2198,922.365390551325
13,63,725,-832.65134409032
13,64,-666,-1345.49701221304
13,65,-5597,-23.6162064884244
13,66,2187,6383.24806295649
13,67,2419,263.59359396442
13,68,563,-79.3383777127992
13,69,-1170,966.919961799106
13,70,1207,3590.45540652758
13,71,-2013,-4117.1355989711
13,72,2084,132.355530229216
13,73,-732,-2177.9267597148
13,74,168,627.271925643385
13,75,429,-2340.3343560015
13,76,252,-1208.72915103576
13,77,-125,-2408.3115315953
13,78,587,117.61941968211
13,79,-524,-2467.9665494878
13,80,-86,-378.884157138235
13,81,-545,-1485.39654946177
13,82,-1011,176.141592775051
13,83,1855,849.263241205726
13,84,458,-892.577344672907
13,85,399,-935.842985283709
13,86,-1311,-672.0137306685
13,87,-3275,7.36992913347262
13,88,2272,2357.46274485435
13,89,2309,-405.192353626767
13,90,-40,-1972.32373346413
13,91,255,506.864387052271
13,92,655,-1152.31487596116
13,93,-1165,-4269.84664422144
13,94,-2770,-1829.77721299043
13,95,1714,1840.12120589169
13,96,-813,-681.79262408402
13,97,1510,100.060200726425
13,98,-36,185.105241065633
13,99,-198,1071.40228680992
13,100,55,-676.827022793323
13,101,-548,-69.4534295732328
13,102,-300,-692.043814239766
13,103,1112,928.947363852134
13,104,483,-2025.84089684709
13,105,-3211,-986.829038281291
13,106,3993,2420.04013560755
13,107,-479,-3028.69143341488
13,108,-643,-1765.5572431124
13,109,3,-17.8900113034572
13,110,54,-200.887282223548
13,111,439,-3086.03463448796
13,112,242,-596.089711854289
13,113,-238,-1482.88276822634
13,114,-900,119.519782979905
13,115,66,-1041.73030436575
13,116,-1692,69.8439531218064
13,117,2449,2182.45310559639
13,118,-58,-892.312255354769
13,119,302,54.1178174257834
13,120,37,-519.919225455333
13,121,-724,-575.991462609374
13,122,-1879,-1554.64775371028
13,123,1726,2024.60701405716
13,124,-614,-1473.92355521381
13,125,-306,1068.29280870437
13,126,-82,800.199996711639
13,127,1635,1389.6082443923
13,128,-567,-2018.47782420246
13,129,-112,462.538740904133
13,130,663,-400.119578047718
13,131,-107,-1346.21926104086
13,132,-456,-2452.79980803755
13,133,-1416,24.4682812367772
13,134,224,667.047497325324
13,135,-156,154.179460514566
13,136,696,617.550198370058
13,137,433,876.126551781502
13,138,743,483.38360695599
13,139,-1162,-1375.81167338898
13,140,-34,342.745072116664
13,141,-1367,-731.641535463962
13,142,-168,1061.25138558054
13,143,1897,590.030888407577
13,144,-279,-491.624610151153
13,145,974,-111.555729968632
13,146,182,-544.706686826651
13,147,53,-2071.20973734901
13,148,-530,-2060.345056885
13,149,-938,-1179.47411643056
13,150,799,-649.825485427464
13,151,-44,-1206.7666163399
13,152,-1073,-1050.56144278686
13,153,878,1610.08461956307
13,154,-721,-257.377280434536
13,155,-1411,429.608065979734
13,156,2951,2538.19975122291
13,157,-444,-1392.06165151507
13,158,626,-619.997486123789
13,159,581,-876.816378212456
13,160,-1312,-2238.64162905959
13,161,43,-1716.91545728019
13,162,-219,-914.822575973161
13,163,-88,-1196.78345058511
13,164,508,182.514457051215
13,165,111,-835.48231882359
13,166,364,-204.34391365193
13,167,-319,-571.290571322117
13,168,-86,-543.057258565987
13,169,-351,-319.850975742647
13,170,-1360,-327.603319553281
13,171,1549,1180.99015516394
13,172,260,-556.626102309481
13,173,261,-552.137424041075
13,174,-248,-131.038805477077
13,175,-1500,-211.354326811471
13,176,513,225.878716737724
13,177,245,-39.7376220771544
13,178,339,-346.880823916576
13,179,-99,395.669651022045
13,180,563,-80.9698963436075
14,1,-1629,-1841.97944218122
14,2,440,671.291894706024
14,3,648,43.9756549051114
14,4,996,-1983.0708378996
14,5,289,-998.45845063282
14,6,-1575,-1144.47107702565
14,7,-755,304.86110925805
14,8,657,-2.77354234857989
14,9,933,-1296.84558184391
14,10,41,-532.726496752852
14,11,-2529,31.5844204617255
14,12,3156,2256.08942854798
14,13,-1796,-2758.23721453623
14,14,872,61.6386616686936
14,15,-643,-0.960795165966317
14,16,-90,363.679918395585
14,17,623,-1302.63500173315
14,18,960,121.532207458129
14,19,466,-2767.50410585669
14,20,-813,-191.260490915207
14,21,-451,-2014.57019590702
14,22,793,-345.178569947177
14,23,387,-2379.90198599603
14,24,549,-1428.95259748961
14,25,465,-1269.57337211987
14,26,-120,-1995.29718797874
14,27,-1814,-1953.61969067622
14,28,3458,189.777587533663
14,29,-1944,-4139.36568415322
14,30,261,-406.622307891749
14,31,-60,-561.364297867191
14,32,137,-853.442478366463
14,33,641,-1948.34648617561
14,34,1491,-85.1717419439898
14,35,-4990,-3517.89684569792
14,36,1624,4646.3823113633
14,37,562,-1296.16319956489
14,38,-456,-335.645233016029
14,39,596,1268.902944181
14,40,435,1897.48080856256
14,41,-674,-1790.07940258733
14,42,776,979.598743030975
14,43,-194,-2217.63703067925
14,44,-105,18.587011574754
14,45,836,-1149.97231018332
14,46,-336,-1764.32748404117
14,47,21,-1069.05315324616
14,48,3,-679.798677821847
14,49,397,-1261.01831747345
14,50,-1688,-1158.58534472366
14,51,416,940.118566616796
14,52,333,-90.272062965665
14,53,-1056,-153.318000151212
14,54,547,1189.96146416387
14,55,989,998.207484141439
14,56,1062,-1309.19463736386
14,57,-328,-1344.10369227735
14,58,-762,-1181.37660912539
14,59,321,-758.22171301415
14,60,-2324,-1966.4281414263
14,61,2198,788.574090483976
14,62,725,-959.83800537609
14,63,-666,-1361.93384320946
14,64,-5597,303.202339878505
14,65,2187,6219.69852919697
14,66,2419,-136.874453510005
14,67,563,-562.115229209705
14,68,-1170,459.29618981635
14,69,1207,3493.51194463004
14,70,-2013,-3679.72735248952
14,71,2084,262.710904987807
14,72,-732,-3096.70078027413
14,73,168,415.868788035237
14,74,429,-1591.02192869064
14,75,252,-1047.54489079557
14,76,-125,-2452.63352539161
14,77,587,245.900383411424
14,78,-524,-2675.30400169232
14,79,-86,-133.982418574711
14,80,-545,-1388.10501588003
14,81,-1011,80.0404772015487
14,82,1855,869.192791567903
14,83,458,-1003.3767125587
14,84,399,-1065.79563135936
14,85,-1311,-540.820455552876
14,86,-3275,-29.4891248352301
14,87,2272,2374.7812489597
14,88,2309,-715.286392134265
14,89,-40,-2474.57243598109
14,90,255,712.719539556791
14,91,655,-961.124375525655
14,92,-1165,-3917.02020716842
14,93,-2770,-1685.04486375557
14,94,1714,1259.07428814192
14,95,-813,-726.988357851176
14,96,1510,440.379022319925
14,97,-36,167.064105990171
14,98,-198,787.50848616183
14,99,55,-451.423113959792
14,100,-548,-245.365283766383
14,101,-300,-1198.43663205025
14,102,1112,970.230291629777
14,103,483,-2120.11891264144
14,104,-3211,-840.606629208388
14,105,3993,2520.84496740214
14,106,-479,-3172.23777105034
14,107,-643,-1825.64904122078
14,108,3,132.12243819778
14,109,54,-460.163684793076
14,110,439,-2727.42073404177
14,111,242,-410.077239576134
14,112,-238,-2048.8810813965
14,113,-900,551.268321769685
14,114,66,-788.943636729552
14,115,-1692,-144.382658633523
14,116,2449,1983.44768820264
14,117,-58,-1076.07254639173
14,118,302,-89.6784911728469
14,119,37,-384.605237505202
14,120,-724,-665.478845443796
14,121,-1879,-1547.65016807113
14,122,1726,1962.15584110011
14,123,-614,-1901.96779004549
14,124,-306,1149.70323002034
14,125,-82,880.909132854169
14,126,1635,1153.91906277213
14,127,-567,-2019.00772590448
14,128,-112,304.447015632086
14,129,663,-735.678381993406
14,130,-107,-1208.70723179528
14,131,-456,-2281.33861708333
14,132,-1416,-52.1145534638563
14,133,224,573.057226619068
14,134,-156,320.159161975545
14,135,696,427.382445120404
14,136,433,607.626679370395
14,137,743,377.354163919453
14,138,-1162,-1348.55447473688
14,139,-34,293.48300138937
14,140,-1367,-939.469229134702
14,141,-168,924.110173429421
14,142,1897,484.816433943073
14,143,-279,-674.962236754144
14,144,974,-101.435348645832
14,145,182,-416.623393709704
14,146,53,-2183.37222185477
14,147,-530,-1910.4353404546
14,148,-938,-1304.40363944743
14,149,799,-704.648523074301
14,150,-44,-941.48738049928
14,151,-1073,-1046.59357081533
14,152,878,1655.23198327235
14,153,-721,-328.73834505059
14,154,-1411,343.839693753016
14,155,2951,2357.02009586108
14,156,-444,-1844.17692724604
14,157,626,-619.398050785854
14,158,581,-712.099295590669
14,159,-1312,-2443.45261644588
14,160,43,-1357.24562842087
14,161,-219,-886.651546723545
14,162,-88,-1541.35123810955
14,163,508,540.639984244166
14,164,111,-841.292420613998
14,165,364,-232.30875834134
14,166,-319,-453.167880145219
14,167,-86,-733.866718525093
14,168,-351,-388.997365831653
14,169,-1360,-386.43443901272
14,170,1549,1086.63951489472
14,171,260,-647.015600056087
14,172,261,-656.175716157365
14,173,-248,-72.4513745479371
14,174,-1500,-309.873694059114
14,175,513,261.240626218128
14,176,245,-164.615301874223
14,177,339,-759.233691027196
14,178,-99,457.101514537103
14,179,563,-52.2537162495764
14,180,258,-1202.01195793829
15,1,440,851.165058669695
15,2,648,240.799044559207
15,3,996,-1766.68430022293
15,4,289,-1527.74178591958
15,5,-1575,-981.504552788863
15,6,-755,334.432260020808
15,7,657,-20.0499946335899
15,8,933,-897.548825248364
15,9,41,-650.360240781971
15,10,-2529,-34.7881040782987
15,11,3156,2417.85938974926
15,12,-1796,-2891.92468995322
15,13,872,181.67101029663
15,14,-643,-401.141463311813
15,15,-90,1002.88852023421
15,16,623,-1500.03547791844
15,17,960,-197.144430666771
15,18,466,-2202.11430473429
15,19,-813,-869.377108536729
15,20,-451,-1715.14937677491
15,21,793,-363.329177475823
15,22,387,-2203.74121467255
15,23,549,-1435.25287982692
15,24,465,-1318.40572628465
15,25,-120,-1943.51185209237
15,26,-1814,-2115.09888068386
15,27,3458,295.21340059763
15,28,-1944,-3972.44531152066
15,29,261,-328.696511077623
15,30,-60,-902.950221903587
15,31,137,-205.487752543722
15,32,641,-2165.59181786044
15,33,1491,-431.43391882237
15,34,-4990,-2931.77895288654
15,35,1624,4244.38919809742
15,36,562,-892.290202580976
15,37,-456,185.363309913688
15,38,596,582.787589342515
15,39,435,2095.62974355725
15,40,-674,-1422.46003132643
15,41,776,-56.7666792718981
15,42,-194,-1624.57703455885
15,43,-105,60.2141016158137
15,44,836,-1352.72978736262
15,45,-336,-1549.59181714966
15,46,21,-1047.94614349785
15,47,3,-876.912582976184
15,48,397,-934.847482960868
15,49,-1688,-1276.55065068752
15,50,416,1022.47713715112
15,51,333,140.945060400945
15,52,-1056,-56.9328537304224
15,53,547,1053.55056625298
15,54,989,1056.51517409594
15,55,1062,-1139.17690624809
15,56,-328,-1946.88842062204
15,57,-762,-1111.28634249654
15,58,321,-648.757643945016
15,59,-2324,-1950.89262065051
15,60,2198,1111.52498994723
15,61,725,-899.45424204411
15,62,-666,-1111.17749058435
15,63,-5597,-265.32607588623
15,64,2187,6657.14985798569
15,65,2419,451.972897840704
15,66,563,-763.122687789839
15,67,-1170,-86.7907020486446
15,68,1207,3478.57870347729
15,69,-2013,-3468.54063181083
15,70,2084,-445.104920856218
15,71,-732,-2683.15938411343
15,72,168,884.389317816839
15,73,429,-1938.45182951676
15,74,252,-973.03713547891
15,75,-125,-2260.2571680253
15,76,587,-231.783879090913
15,77,-524,-2164.40560951338
15,78,-86,-348.395636590422
15,79,-545,-1304.92431422019
15,80,-1011,310.83603933852
15,81,1855,969.924315302744
15,82,458,-1001.25711231907
15,83,399,-1037.0614762138
15,84,-1311,-1010.59045605816
15,85,-3275,214.998067564164
15,86,2272,2609.84801002701
15,87,2309,-569.35201455328
15,88,-40,-2179.33339942482
15,89,255,-78.4099224106851
15,90,655,-873.831270901018
15,91,-1165,-3879.41356054001
15,92,-2770,-2191.9587603392
15,93,1714,1988.88201260433
15,94,-813,-165.98901993784
15,95,1510,468.410320513469
15,96,-36,-257.429457413735
15,97,-198,1079.21982409868
15,98,55,-854.19990113618
15,99,-548,-481.288656121437
15,100,-300,-695.128597166515
15,101,1112,729.61662397983
15,102,483,-1743.75145274412
15,103,-3211,-1047.42425885659
15,104,3993,2525.41440955083
15,105,-479,-3048.13228403694
15,106,-643,-1759.88896365567
15,107,3,-594.181643414666
15,108,54,275.840523288054
15,109,439,-2606.44668261831
15,110,242,-1107.29283498801
15,111,-238,-1211.8811302653
15,112,-900,200.390142244598
15,113,66,-699.49605480144
15,114,-1692,18.6393652641843
15,115,2449,2162.48495533846
15,116,-58,-1106.21991559898
15,117,302,-33.6487982881133
15,118,37,-860.164113691899
15,119,-724,-542.458151578354
15,120,-1879,-1438.81264425125
15,121,1726,1828.77127167896
15,122,-614,-1244.3556999095
15,123,-306,1039.98071209218
15,124,-82,663.280387520727
15,125,1635,1449.36966811309
15,126,-567,-2207.74774520769
15,127,-112,-100.810149558226
15,128,663,-462.166229826983
15,129,-107,-1195.64464866677
15,130,-456,-2337.17340230427
15,131,-1416,-113.3772428295
15,132,224,1083.59337979119
15,133,-156,293.256525923977
15,134,696,571.129984158511
15,135,433,532.87146241983
15,136,743,310.632346288679
15,137,-1162,-1536.20949087278
15,138,-34,128.273376519388
15,139,-1367,-755.042818981623
15,140,-168,1165.39357006941
15,141,1897,622.976771248279
15,142,-279,-582.262626902252
15,143,974,-200.291325995138
15,144,182,-891.764017614564
15,145,53,-1922.9507844572
15,146,-530,-2283.61280979407
15,147,-938,-1156.32467794163
15,148,799,-251.636196585853
15,149,-44,-991.753575342486
15,150,-1073,-825.51048910036
15,151,878,1527.12875135856
15,152,-721,-167.666282509428
15,153,-1411,378.414772423272
15,154,2951,2153.22973010846
15,155,-444,-1539.76296338385
15,156,626,-758.812769991056
15,157,581,-1353.61531759201
15,158,-1312,-1920.14096411782
15,159,43,-1572.9836320778
15,160,-219,-1001.22911099349
15,161,-88,-723.241766462056
15,162,508,181.470107548298
15,163,111,-648.863617592523
15,164,364,-188.344663982216
15,165,-319,-773.320090261409
15,166,-86,-591.285817302076
15,167,-351,-423.556970756518
15,168,-1360,-273.438488542251
15,169,1549,1275.58414841798
15,170,260,-599.165939317698
15,171,261,-583.988840907902
15,172,-248,-473.480496745092
15,173,-1500,-146.108158483842
15,174,513,350.87333107675
15,175,245,-245.831988921579
15,176,339,-323.823609021554
15,177,-99,162.684547693322
15,178,563,33.5015633365074
15,179,258,-1244.24628972552
15,180,-457,-1353.41865935297
16,1,996,-1767.93379023408
16,2,289,-1580.10006705682
16,3,-1575,-901.924640727152
16,4,-755,366.594299484059
16,5,657,100.368070564934
16,6,933,-712.03293660472
16,7,41,-754.939046606413
16,8,-2529,-246.114566166219
16,9,3156,2277.94064034457
16,10,-1796,-2802.20002604341
16,11,872,507.52310484792
16,12,-643,-572.750912144435
16,13,-90,1113.70952666356
16,14,623,-1615.17630168721
16,15,960,-84.7939775493345
16,16,466,-2087.7726220063
16,17,-813,-934.842556834315
16,18,-451,-1557.80219059729
16,19,793,-226.756830010906
16,20,387,-2026.5634507947
16,21,549,-1402.33441760357
16,22,465,-1421.31854462566
16,23,-120,-1933.66823055182
16,24,-1814,-1981.35471306503
16,25,3458,475.243636462481
16,26,-1944,-3839.97483829505
16,27,261,-226.385725823652
16,28,-60,-1162.03387375665
16,29,137,-31.2345394454879
16,30,641,-2186.68182419718
16,31,1491,-362.081482923406
16,32,-4990,-2840.67821253398
16,33,1624,4108.9653181427
16,34,562,-931.117604540756
16,35,-456,411.251695959887
16,36,596,198.723554580298
16,37,435,1910.82445669986
16,38,-674,-1422.19107659111
16,39,776,53.8904753665817
16,40,-194,-1254.06244125263
16,41,-105,154.978591641622
16,42,836,-1413.50422025744
16,43,-336,-1465.41857643217
16,44,21,-1017.67215558912
16,45,3,-880.392628719275
16,46,397,-816.878801618876
16,47,-1688,-1260.79113125012
16,48,416,1028.09189303293
16,49,333,58.2051648680416
16,50,-1056,-66.8341564179711
16,51,547,911.02213975586
16,52,989,957.999093145066
16,53,1062,-1091.63630315631
16,54,-328,-1896.00156592599
16,55,-762,-902.52899268912
16,56,321,-498.744129535296
16,57,-2324,-1749.06140963624
16,58,2198,1210.61582154866
16,59,725,-1098.95742779851
16,60,-666,-1178.60556779742
16,61,-5597,-524.49524837408
16,62,2187,6638.26407582829
16,63,2419,415.401924687074
16,64,563,-642.036087242569
16,65,-1170,-460.885868359839
16,66,1207,3214.61321388918
16,67,-2013,-3247.55522029914
16,68,2084,110.487368155149
16,69,-732,-2332.38961744001
16,70,168,892.991837292353
16,71,429,-2324.38330633898
16,72,252,-894.239996879451
16,73,-125,-2137.77499934764
16,74,587,-169.125766427784
16,75,-524,-2017.16017919806
16,76,-86,-332.311312870559
16,77,-545,-1272.56606233002
16,78,-1011,354.305532712977
16,79,1855,864.672825142915
16,80,458,-1083.342447385
16,81,399,-1036.31101406346
16,82,-1311,-1094.52722842646
16,83,-3275,401.498429853915
16,84,2272,2704.18087949794
16,85,2309,-521.225552032545
16,86,-40,-2162.81208027562
16,87,255,-487.607350566247
16,88,655,-899.037528451578
16,89,-1165,-3453.16497771033
16,90,-2770,-1692.5867860373
16,91,1714,2214.38867913845
16,92,-813,-387.296854423894
16,93,1510,167.60842492689
16,94,-36,-676.620640969708
16,95,-198,1058.66227879873
16,96,55,-856.980471350745
16,97,-548,-143.093816381242
16,98,-300,-404.078932383991
16,99,1112,681.632980229499
16,100,483,-1766.34097844779
16,101,-3211,-1129.00691913861
16,102,3993,2429.6553992218
16,103,-479,-3006.33466750203
16,104,-643,-1457.24013152202
16,105,3,-755.285470629773
16,106,54,480.509271660874
16,107,439,-2521.43542840585
16,108,242,-1034.09312182472
16,109,-238,-1108.37316760148
16,110,-900,3.97704650795578
16,111,66,-678.205874439743
16,112,-1692,104.829104453651
16,113,2449,2130.5058376744
16,114,-58,-1275.80358664945
16,115,302,-46.3844465710042
16,116,37,-1010.56956214039
16,117,-724,-303.993687722899
16,118,-1879,-1201.77596794523
16,119,1726,1936.98077801027
16,120,-614,-1239.45647357848
16,121,-306,854.102316847397
16,122,-82,341.722917521845
16,123,1635,1431.48498414326
16,124,-567,-2145.09946405825
16,125,-112,76.02138232594
16,126,663,-370.225843991958
16,127,-107,-1074.82726236837
16,128,-456,-2196.8873915835
16,129,-1416,-58.987386346899
16,130,224,1057.59791978575
16,131,-156,145.892568137876
16,132,696,515.992775279168
16,133,433,344.98505234629
16,134,743,219.986755555979
16,135,-1162,-1489.3276132497
16,136,-34,340.224593179325
16,137,-1367,-560.046926767142
16,138,-168,1280.41149790271
16,139,1897,471.445154572446
16,140,-279,-722.394554501949
16,141,974,-361.863161883817
16,142,182,-975.334135627829
16,143,53,-1596.26196832164
16,144,-530,-2026.57231440508
16,145,-938,-867.903016134181
16,146,799,-199.679220951774
16,147,-44,-1110.90124114515
16,148,-1073,-895.836707345557
16,149,878,1308.36800930805
16,150,-721,-231.651075036315
16,151,-1411,435.699171447944
16,152,2951,2078.77725433292
16,153,-444,-1488.55604534001
16,154,626,-709.879480260233
16,155,581,-1437.93071500068
16,156,-1312,-1581.4453522196
16,157,43,-1396.71612683548
16,158,-219,-826.11953991535
16,159,-88,-601.504932996733
16,160,508,-92.9861121624051
16,161,111,-768.699940416959
16,162,364,-262.519150599385
16,163,-319,-770.984305312378
16,164,-86,-417.591819204564
16,165,-351,-327.577029083992
16,166,-1360,-189.034229494889
16,167,1549,1229.13871452522
16,168,260,-708.007364453302
16,169,261,-605.090222999845
16,170,-248,-604.703197798788
16,171,-1500,-23.9414370741733
16,172,513,474.196762470951
16,173,245,-141.614545565442
16,174,339,-253.777936821394
16,175,-99,-78.1167293322583
16,176,563,-56.2254678184893
16,177,258,-1199.65665751626
16,178,-457,-1160.03589736198
16,179,717,-618.157355079629
16,180,-3316,-1199.51048128015
17,1,289,-1338.44650222168
17,2,-1575,-1169.88337276871
17,3,-755,283.511880022029
17,4,657,-77.891515396122
17,5,933,-865.831443048477
17,6,41,-594.206491385034
17,7,-2529,-320.717078260023
17,8,3156,2184.38591578936
17,9,-1796,-2821.70448283648
17,10,872,359.917842092487
17,11,-643,29.2912255078152
17,12,-90,238.378808282645
17,13,623,-1134.93199165527
17,14,960,-411.964036966594
17,15,466,-2075.84994779435
17,16,-813,-972.62394342583
17,17,-451,-1915.46568309333
17,18,793,-380.373804608021
17,19,387,-2315.51443597807
17,20,549,-1482.80524073117
17,21,465,-1587.03899696492
17,22,-120,-2294.88279160703
17,23,-1814,-2168.6154183188
17,24,3458,262.705244283379
17,25,-1944,-4069.41425356127
17,26,261,-591.169579310769
17,27,-60,-881.989458489523
17,28,137,-982.642716051359
17,29,641,-1752.3701140574
17,30,1491,-636.991955363527
17,31,-4990,-3026.64234416535
17,32,1624,4089.54997642688
17,33,562,-986.529599472185
17,34,-456,3.84141715630813
17,35,596,1214.66959036956
17,36,435,1454.62489591255
17,37,-674,-1353.5596648208
17,38,776,328.799216664
17,39,-194,-1444.32282234276
17,40,-105,97.3957653046848
17,41,836,-1481.86143746772
17,42,-336,-1831.85566294969
17,43,21,-1100.28588803429
17,44,3,-978.930421740702
17,45,397,-1138.42147783236
17,46,-1688,-1262.26739599401
17,47,416,864.033992811823
17,48,333,62.0649422466325
17,49,-1056,-235.873869782522
17,50,547,1245.64289547192
17,51,989,921.395491117334
17,52,1062,-1124.87721414432
17,53,-328,-1664.39688467109
17,54,-762,-1137.72988051191
17,55,321,-669.662575411738
17,56,-2324,-2088.21537597292
17,57,2198,1076.39617071578
17,58,725,-1054.77459133501
17,59,-666,-1584.15421448605
17,60,-5597,-58.7908408214045
17,61,2187,6302.37951471343
17,62,2419,743.726267599569
17,63,563,-600.113169022877
17,64,-1170,568.222321102574
17,65,1207,2835.28327825803
17,66,-2013,-3414.67490333838
17,67,2084,158.829720749371
17,68,-732,-2201.74793914066
17,69,168,315.865912362633
17,70,429,-2141.74155202721
17,71,252,-1593.28871704133
17,72,-125,-2007.89928844123
17,73,587,-282.908823033872
17,74,-524,-2312.89234528641
17,75,-86,-461.471241760641
17,76,-545,-1444.25502502834
17,77,-1011,125.624453381174
17,78,1855,922.254924290297
17,79,458,-1142.21982428615
17,80,399,-1068.90076130155
17,81,-1311,-886.476042387005
17,82,-3275,-20.4792136055635
17,83,2272,2807.80213766854
17,84,2309,-566.196874623673
17,85,-40,-2211.05683010656
17,86,255,24.4815567246324
17,87,655,-1449.62742601662
17,88,-1165,-3767.00621045266
17,89,-2770,-1732.14848817755
17,90,1714,1938.07711551317
17,91,-813,-687.147000583728
17,92,1510,16.5171258694198
17,93,-36,-186.414812348782
17,94,-198,685.383081844788
17,95,55,-377.589681808221
17,96,-548,-375.58073050781
17,97,-300,-373.789015810386
17,98,1112,683.068351381652
17,99,483,-2051.44682883355
17,100,-3211,-1147.89310440275
17,101,3993,2424.16259896845
17,102,-479,-3129.8433168594
17,103,-643,-1793.00419855857
17,104,3,-100.096483260983
17,105,54,-544.258291540363
17,106,439,-2381.48437573271
17,107,242,-1125.69751576084
17,108,-238,-1411.24605663252
17,109,-900,-23.6506385759845
17,110,66,-961.609035652143
17,111,-1692,94.4201898312704
17,112,2449,2156.3839887326
17,113,-58,-1096.57706010838
17,114,302,-227.811955746327
17,115,37,-571.404740625
17,116,-724,-829.099063297328
17,117,-1879,-1097.20476794628
17,118,1726,1838.55355648607
17,119,-614,-1396.26316683848
17,120,-306,830.776011741848
17,121,-82,656.19935769548
17,122,1635,1143.67110797863
17,123,-567,-1845.17402665412
17,124,-112,97.7661483697416
17,125,663,-342.203905984299
17,126,-107,-1445.57079778645
17,127,-456,-2262.40989498505
17,128,-1416,-194.524815963098
17,129,224,789.124478846595
17,130,-156,164.026190748396
17,131,696,479.069044124109
17,132,433,667.618392480592
17,133,743,173.879960132694
17,134,-1162,-1369.79466244714
17,135,-34,256.635432752995
17,136,-1367,-590.45138964962
17,137,-168,1059.54524615528
17,138,1897,638.673061106094
17,139,-279,-881.758524219665
17,140,974,-185.321675385341
17,141,182,-875.066077210004
17,142,53,-2001.51342873159
17,143,-530,-1895.94161228854
17,144,-938,-1300.16381528035
17,145,799,-416.352949615675
17,146,-44,-1346.76098811458
17,147,-1073,-1092.13189799938
17,148,878,1466.84397067414
17,149,-721,-393.809174342883
17,150,-1411,499.519320464883
17,151,2951,2427.06555901069
17,152,-444,-1653.36311116273
17,153,626,-642.413343658554
17,154,581,-1150.32650362092
17,155,-1312,-2331.93923487606
17,156,43,-1265.41090634976
17,157,-219,-1162.2600015453
17,158,-88,-991.309963814394
17,159,508,40.2054562983231
17,160,111,-1062.80823205495
17,161,364,-213.358879973245
17,162,-319,-736.541132849494
17,163,-86,-547.314312189561
17,164,-351,-310.622276667376
17,165,-1360,-371.754468001765
17,166,1549,1235.91908498359
17,167,260,-738.764512639508
17,168,261,-686.176593746783
17,169,-248,-313.833303747583
17,170,-1500,-375.098768415239
17,171,513,546.281872539647
17,172,245,-182.843376067113
17,173,339,-375.936313117302
17,174,-99,159.150077142712
17,175,563,-299.479527448845
17,176,258,-1171.55171063778
17,177,-457,-1243.26203817444
17,178,717,-668.205153791556
17,179,-3316,-1409.58504937695
17,180,1981,1923.55874951762
18,1,-1575,-1010.06287719872
18,2,-755,436.084867493682
18,3,657,63.909920254092
18,4,933,-868.078108459737
18,5,41,-731.710433656368
18,6,-2529,-190.395812864117
18,7,3156,2491.76622941924
18,8,-1796,-2658.63013657772
18,9,872,450.30875609329
18,10,-643,-174.795154047144
18,11,-90,527.654422275816
18,12,623,-1065.23221293623
18,13,960,-326.814874068117
18,14,466,-2000.51217440633
18,15,-813,-1000.15647998748
18,16,-451,-1615.58208828611
18,17,793,-367.056784757083
18,18,387,-2264.85682045257
18,19,549,-1548.72863768988
18,20,465,-1535.10868259013
18,21,-120,-2080.91002209358
18,22,-1814,-2009.73615658992
18,23,3458,340.941527988941
18,24,-1944,-4131.09034853132
18,25,261,-530.044640991585
18,26,-60,-894.591298684
18,27,137,-652.362730385186
18,28,641,-1748.11096318435
18,29,1491,-626.190578986915
18,30,-4990,-2911.48400716401
18,31,1624,4187.78969867357
18,32,562,-787.591501031452
18,33,-456,50.8885784660652
18,34,596,1030.98064870629
18,35,435,1714.04437234387
18,36,-674,-1002.25244243953
18,37,776,404.65741181015
18,38,-194,-1340.82783396484
18,39,-105,-43.1251196018975
18,40,836,-1391.67249608495
18,41,-336,-1707.45163503585
18,42,21,-1028.81906516519
18,43,3,-902.288460830713
18,44,397,-996.469835375362
18,45,-1688,-1251.78167964326
18,46,416,976.096869009723
18,47,333,124.519313785602
18,48,-1056,-118.481403407723
18,49,547,1312.33731396106
18,50,989,1046.75262671584
18,51,1062,-934.863477599638
18,52,-328,-1628.48955579027
18,53,-762,-989.696414632404
18,54,321,-597.717292021938
18,55,-2324,-2017.12799416267
18,56,2198,1071.44617429232
18,57,725,-1164.95076229123
18,58,-666,-1385.36383176313
18,59,-5597,46.5812082612567
18,60,2187,6676.4063712504
18,61,2419,814.507882806495
18,62,563,-674.76241716083
18,63,-1170,423.00020386995
18,64,1207,3194.36241354332
18,65,-2013,-2875.10031442244
18,66,2084,181.330487112663
18,67,-732,-2488.14034181516
18,68,168,181.134486635562
18,69,429,-2016.74511151584
18,70,252,-1269.52055406763
18,71,-125,-1908.51552071634
18,72,587,-311.102693707372
18,73,-524,-2164.0730399987
18,74,-86,-467.324564217176
18,75,-545,-1309.86936702775
18,76,-1011,187.044598082204
18,77,1855,985.70969070883
18,78,458,-1069.96939220673
18,79,399,-937.830817854759
18,80,-1311,-807.054492765909
18,81,-3275,260.501158928897
18,82,2272,2894.34362656824
18,83,2309,-642.902282782441
18,84,-40,-2263.12103461835
18,85,255,-7.29559455954723
18,86,655,-967.868850663233
18,87,-1165,-3448.13037646045
18,88,-2770,-1819.53998206178
18,89,1714,1774.03491866722
18,90,-813,-824.808918155075
18,91,1510,186.010053774631
18,92,-36,-99.0602208826851
18,93,-198,1054.32970074628
18,94,55,-183.413635648939
18,95,-548,-232.541631974416
18,96,-300,-398.634608879802
18,97,1112,542.820308240352
18,98,483,-1904.38265013548
18,99,-3211,-1095.67337151468
18,100,3993,2638.4741969468
18,101,-479,-3031.60739737658
18,102,-643,-1658.08689926878
18,103,3,-237.671829072612
18,104,54,-250.705165882519
18,105,439,-2305.2143566955
18,106,242,-1191.38807651963
18,107,-238,-1320.17880795263
18,108,-900,-29.5285456724976
18,109,66,-642.139371704368
18,110,-1692,132.919232313909
18,111,2449,2188.8134942765
18,112,-58,-1091.761461413
18,113,302,-40.9958320462083
18,114,37,-474.817403464578
18,115,-724,-549.057551644902
18,116,-1879,-1027.16647487226
18,117,1726,1774.68706433645
18,118,-614,-1396.35316516438
18,119,-306,833.101546243086
18,120,-82,820.55505425309
18,121,1635,1433.0987274228
18,122,-567,-1720.6366974659
18,123,-112,146.634942105863
18,124,663,-291.371100485928
18,125,-107,-1360.81318511341
18,126,-456,-2169.31645090407
18,127,-1416,-224.670607789222
18,128,224,908.960059766438
18,129,-156,225.029490926382
18,130,696,611.775353813693
18,131,433,688.348781105081
18,132,743,373.160788397326
18,133,-1162,-1168.16850460492
18,134,-34,397.259588686734
18,135,-1367,-558.923473926469
18,136,-168,1059.46784505021
18,137,1897,611.082219854268
18,138,-279,-812.474023240053
18,139,974,-16.7087597512138
18,140,182,-702.402277729172
18,141,53,-1706.09905019306
18,142,-530,-1939.08600217053
18,143,-938,-1293.87736993016
18,144,799,-452.924599171456
18,145,-44,-1342.36281472007
18,146,-1073,-944.724064483225
18,147,878,1538.9039592101
18,148,-721,-165.271901587413
18,149,-1411,655.38336505657
18,150,2951,2451.27945572827
18,151,-444,-1563.49425959222
18,152,626,-550.326988029068
18,153,581,-1104.47594239201
18,154,-1312,-2048.13302167886
18,155,43,-1265.56948637027
18,156,-219,-1179.81763881078
18,157,-88,-969.973159690409
18,158,508,-40.7188123598987
18,159,111,-815.47932288288
18,160,364,-71.9309469588676
18,161,-319,-590.566093840902
18,162,-86,-392.160308789164
18,163,-351,-304.316738129446
18,164,-1360,-302.562190534398
18,165,1549,1280.39958169199
18,166,260,-692.625692533695
18,167,261,-542.350489809064
18,168,-248,-245.656373273245
18,169,-1500,-121.878843924741
18,170,513,662.27507139398
18,171,245,-199.80236979958
18,172,339,-364.388764629818
18,173,-99,118.887619612421
18,174,563,-25.7217069009454
18,175,258,-988.705762800922
18,176,-457,-1146.44153361494
18,177,717,-640.77680198858
18,178,-3316,-1414.27548131293
18,179,1981,2066.23533822395
18,180,476,-833.290688376202
19,1,657,288.216228440513
19,2,933,-723.339091314041
19,3,41,-608.887217694737
19,4,-2529,-145.008485623638
19,5,3156,2091.17744686004
19,6,-1796,-2403.28589611627
19,7,872,654.252772578178
19,8,-643,-195.062429848126
19,9,-90,422.030888204618
19,10,623,-1440.25625985675
19,11,960,561.369533333034
19,12,466,-2481.54012566213
19,13,-813,-783.540933696161
19,14,-451,-1619.85012360059
19,15,793,-487.520532869152
19,16,387,-2012.93679066834
19,17,549,-1403.57790362337
19,18,465,-1476.5165303305
19,19,-120,-2141.34331881978
19,20,-1814,-1921.96418085537
19,21,3458,429.033646952796
19,22,-1944,-3978.56963622795
19,23,261,-485.62844357275
19,24,-60,-853.349393691458
19,25,137,-636.056108085652
19,26,641,-1959.5124795542
19,27,1491,217.075415793698
19,28,-4990,-3417.48068099544
19,29,1624,4006.39289103864
19,30,562,-601.009175012121
19,31,-456,116.371326688681
19,32,596,1150.0966920983
19,33,435,1941.54076632111
19,34,-674,-1881.67011730582
19,35,776,1147.16007899619
19,36,-194,-1269.86144393179
19,37,-105,-477.181747512205
19,38,836,-1122.83941716211
19,39,-336,-1567.89895143813
19,40,21,-1180.58017818774
19,41,3,-660.176554146316
19,42,397,-1041.64172875909
19,43,-1688,-1240.27852366252
19,44,416,1100.53963397628
19,45,333,-14.222925867405
19,46,-1056,-3.09922703557186
19,47,547,1330.26050663004
19,48,989,1115.49258445617
19,49,1062,-1130.80400056734
19,50,-328,-1291.47683805556
19,51,-762,-944.354114953679
19,52,321,-979.490840556944
19,53,-2324,-1770.3496438935
19,54,2198,1095.44843407226
19,55,725,-1026.47427237118
19,56,-666,-1316.50482608192
19,57,-5597,0.841340076607935
19,58,2187,6469.83408106638
19,59,2419,403.813803929938
19,60,563,178.674007632976
19,61,-1170,472.306969668439
19,62,1207,2775.42171884448
19,63,-2013,-3536.34925774599
19,64,2084,1010.31088429473
19,65,-732,-2261.69432141149
19,66,168,-264.46796461184
19,67,429,-2083.60852471901
19,68,252,-722.971852267077
19,69,-125,-2265.39375408217
19,70,587,153.594578255257
19,71,-524,-2338.06700060725
19,72,-86,-498.462462744636
19,73,-545,-1107.49066177317
19,74,-1011,132.616506546436
19,75,1855,905.26668272582
19,76,458,-791.273426410158
19,77,399,-937.697288302911
19,78,-1311,-742.138809002972
19,79,-3275,143.193735272498
19,80,2272,2490.68980984261
19,81,2309,-137.368756840622
19,82,-40,-2094.32225547985
19,83,255,21.8488394535582
19,84,655,-1090.64221734429
19,85,-1165,-3782.77222857112
19,86,-2770,-1177.94454608382
19,87,1714,1639.86882607978
19,88,-813,-1157.31851236496
19,89,1510,482.553729318903
19,90,-36,249.345525269577
19,91,-198,863.524637422894
19,92,55,-537.242346716782
19,93,-548,347.218140203544
19,94,-300,-799.508246280693
19,95,1112,671.509183285111
19,96,483,-1818.29858001794
19,97,-3211,-1077.70452847755
19,98,3993,2574.66525943631
19,99,-479,-2928.25353789097
19,100,-643,-1532.67042918471
19,101,3,-104.874708512919
19,102,54,-309.014473552881
19,103,439,-2855.406666378
19,104,242,-97.0609222831167
19,105,-238,-1683.52158606045
19,106,-900,-287.115110903471
19,107,66,-346.741613045482
19,108,-1692,110.413675795105
19,109,2449,2136.79229174956
19,110,-58,-935.202845392032
19,111,302,14.3733608281741
19,112,37,-559.942658753035
19,113,-724,-421.40939508904
19,114,-1879,-1370.30271763517
19,115,1726,2143.73388058362
19,116,-614,-1517.74185304895
19,117,-306,847.238254798271
19,118,-82,947.72530363488
19,119,1635,1317.15489543262
19,120,-567,-1810.90104745365
19,121,-112,623.719912407005
19,122,663,-635.272326741489
19,123,-107,-1411.31675870101
19,124,-456,-1995.13870058249
19,125,-1416,-7.63316425400978
19,126,224,566.243112651666
19,127,-156,276.301821069732
19,128,696,891.401452953318
19,129,433,640.971449847277
19,130,743,374.798093006908
19,131,-1162,-1244.86222058308
19,132,-34,497.642600341435
19,133,-1367,-670.296008588545
19,134,-168,1035.08831395303
19,135,1897,624.91804732932
19,136,-279,-557.284866672825
19,137,974,-159.729780308596
19,138,182,-516.660967854684
19,139,53,-1832.06231798411
19,140,-530,-1914.73547884783
19,141,-938,-989.589020035298
19,142,799,-815.348131202854
19,143,-44,-1082.88610460225
19,144,-1073,-800.618140330312
19,145,878,1461.70576539096
19,146,-721,-132.366682546749
19,147,-1411,570.500522657208
19,148,2951,2564.55713412156
19,149,-444,-1488.57236620943
19,150,626,-694.074202302612
19,151,581,-790.805224203333
19,152,-1312,-2183.04172366349
19,153,43,-1567.59296540011
19,154,-219,-519.013372999842
19,155,-88,-1331.14987438402
19,156,508,46.6042592195714
19,157,111,-498.532900912137
19,158,364,-322.523901783315
19,159,-319,-375.564636118382
19,160,-86,-394.173268069944
19,161,-351,-390.722817208435
19,162,-1360,-205.218561451913
19,163,1549,1164.84780098094
19,164,260,-539.882967020337
19,165,261,-484.33439357185
19,166,-248,-191.352700658745
19,167,-1500,-147.547213504663
19,168,513,349.860109727135
19,169,245,193.720733190996
19,170,339,-410.808766827399
19,171,-99,108.133706915031
19,172,563,45.2487270150439
19,173,258,-1144.78417738431
19,174,-457,-857.603298262609
19,175,717,-682.569540905888
19,176,-3316,-1425.75420514753
19,177,1981,1883.14257620648
19,178,476,-640.72497426693
19,179,369,-401.746702506051
19,180,390,-325.880856569386
20,1,793,-343.305901456405
20,2,387,-2096.80896240433
20,3,549,-1696.83323929423
20,4,465,-1425.28031090891
20,5,-120,-1842.44746627255
20,6,-1814,-1691.39010509628
20,7,3458,513.802709560122
20,8,-1944,-4063.96145983988
20,9,261,-873.921270579393
20,10,-60,-210.686245975476
20,11,137,-687.222835308907
20,12,641,-1463.12449035806
20,13,1491,-621.296437164594
20,14,-4990,-3088.11059528882
20,15,1624,4225.60781338356
20,16,562,173.874949386473
20,17,-456,-823.553275182946
20,18,596,1078.58373911448
20,19,435,1583.27945922104
20,20,-674,-1006.86820804224
20,21,776,637.678849480451
20,22,-194,-1455.68159614436
20,23,-105,-735.899078078616
20,24,836,-913.143287521816
20,25,-336,-1627.10259987103
20,26,21,-1046.568286226
20,27,3,-616.316433482921
20,28,397,-957.030849822712
20,29,-1688,-1216.90148020094
20,30,416,1088.19297878306
20,31,333,275.921741037319
20,32,-1056,-259.356687504932
20,33,547,1377.58893607618
20,34,989,1005.2429260923
20,35,1062,-1107.61488956077
20,36,-328,-1661.39215452334
20,37,-762,-1069.80362507005
20,38,321,-577.216624279191
20,39,-2324,-1728.30276345961
20,40,2198,1061.34996557396
20,41,725,-1057.76254401733
20,42,-666,-1632.85181564024
20,43,-5597,398.136682631277
20,44,2187,6897.27674215527
20,45,2419,1103.57841120897
20,46,563,-1599.65836984359
20,47,-1170,9.02911996816056
20,48,1207,2965.41097336293
20,49,-2013,-2211.86722710429
20,50,2084,154.321458970147
20,51,-732,-2752.84824769017
20,52,168,-779.73145066429
20,53,429,-1093.18956878864
20,54,252,-912.235298683689
20,55,-125,-1853.09848567287
20,56,587,-345.937864768886
20,57,-524,-2038.54463929337
20,58,-86,-567.059560831426
20,59,-545,-867.413254031362
20,60,-1011,99.0506296434402
20,61,1855,1127.26234576022
20,62,458,-992.488498750102
20,63,399,-1202.93944119385
20,64,-1311,-688.327716150032
20,65,-3275,352.345988803048
20,66,2272,3083.38457800558
20,67,2309,-538.100149703182
20,68,-40,-2991.7939800896
20,69,255,-123.997870675112
20,70,655,-485.402126320652
20,71,-1165,-3186.69440511243
20,72,-2770,-1697.07112026616
20,73,1714,1597.92975848843
20,74,-813,-897.546103538468
20,75,1510,373.968795097759
20,76,-36,309.115746100572
20,77,-198,704.12028113941
20,78,55,46.5402999051351
20,79,-548,-234.746128474327
20,80,-300,-761.734009681884
20,81,1112,361.796722258776
20,82,483,-1696.19357401209
20,83,-3211,-1202.79729333205
20,84,3993,2943.24557709486
20,85,-479,-2756.7003871823
20,86,-643,-2252.47418776332
20,87,3,139.51907170738
20,88,54,-325.216433675232
20,89,439,-2102.57666420028
20,90,242,-948.368324151155
20,91,-238,-1529.99980294891
20,92,-900,-102.628519502965
20,93,66,52.526836369675
20,94,-1692,79.9266531393082
20,95,2449,2005.89293593841
20,96,-58,-1012.48216645457
20,97,302,-435.125612248426
20,98,37,-213.232006086187
20,99,-724,-571.426361829275
20,100,-1879,-980.295063516992
20,101,1726,1776.88596921376
20,102,-614,-1404.67641699438
20,103,-306,452.818885179966
20,104,-82,1318.11890632829
20,105,1635,1314.72194084478
20,106,-567,-1707.63006615965
20,107,-112,-106.396363474738
20,108,663,-361.280592566025
20,109,-107,-1463.95585241278
20,110,-456,-1892.0571301245
20,111,-1416,-229.554792513205
20,112,224,960.313737571973
20,113,-156,473.603120062553
20,114,696,623.502406307143
20,115,433,504.730351670818
20,116,743,225.603175594235
20,117,-1162,-1084.20406547651
20,118,-34,332.843631476377
20,119,-1367,-514.623112678954
20,120,-168,839.672767547989
20,121,1897,772.655665210028
20,122,-279,-969.469177516558
20,123,974,-116.131477993878
20,124,182,-462.405887639682
20,125,53,-1759.30749685373
20,126,-530,-1917.9858310201
20,127,-938,-1278.70921148167
20,128,799,-467.168274120525
20,129,-44,-1077.61052508583
20,130,-1073,-794.846132099044
20,131,878,1619.7856400604
20,132,-721,37.4435968372264
20,133,-1411,504.261003234897
20,134,2951,2493.78745671356
20,135,-444,-1764.82459037422
20,136,626,-1011.21114460731
20,137,581,-716.614003066103
20,138,-1312,-2188.11408686924
20,139,43,-1141.69534415548
20,140,-219,-831.487703311611
20,141,-88,-1205.04829281881
20,142,508,76.7986682627771
20,143,111,-438.268514923714
20,144,364,-165.659456989714
20,145,-319,-428.846013096405
20,146,-86,-424.717397511497
20,147,-351,-397.23010682869
20,148,-1360,-280.162533632108
20,149,1549,1301.69278129461
20,150,260,-605.915460042841
20,151,261,-746.069576137983
20,152,-248,-138.121184514204
20,153,-1500,-108.573022462974
20,154,513,740.654659145104
20,155,245,-107.51636003331
20,156,339,-709.274198800471
20,157,-99,26.5853871899178
20,158,563,181.9199088675
20,159,258,-879.101588307837
20,160,-457,-1158.57126954824
20,161,717,-724.288893733027
20,162,-3316,-1469.08475254608
20,163,1981,2178.86795511425
20,164,476,-411.414200708939
20,165,369,-1036.69002705083
20,166,390,-167.134591809299
20,167,-183,-42.7003208981687
20,168,-1529,-1437.08457124891
20,169,-798,937.977027440619
20,170,1662,572.011118844651
20,171,123,-996.809486815619
20,172,657,-678.650983190592
20,173,16,-179.657277020366
20,174,-363,-718.194867515184
20,175,-1210,-954.400056402169
20,176,-330,387.141177424355
20,177,224,208.416070583987
20,178,830,219.640403443223
20,179,248,-423.64290621441
20,180,-909,187.750665551344
21,1,465,-1604.7908101367
21,2,-120,-2173.93721425864
21,3,-1814,-1811.87770305125
21,4,3458,455.752671270264
21,5,-1944,-3935.77203527209
21,6,261,-1204.51807288767
21,7,-60,11.4600628885901
21,8,137,-1550.06269232944
21,9,641,-880.158135056776
21,10,1491,-1154.77063877469
21,11,-4990,-2875.11674318087
21,12,1624,4065.49099914416
21,13,562,132.489160490537
21,14,-456,-1058.34453732886
21,15,596,1777.26243766439
21,16,435,785.376175842106
21,17,-674,-710.972950749289
21,18,776,548.251319316427
21,19,-194,-1308.32026038142
21,20,-105,-306.052955172794
21,21,836,-1102.73460932334
21,22,-336,-1917.30514449372
21,23,21,-993.154368361639
21,24,3,-769.64231682584
21,25,397,-1120.99609625681
21,26,-1688,-1105.85483555623
21,27,416,852.999957102461
21,28,333,388.491122431743
21,29,-1056,-501.700187352607
21,30,547,1530.77565452105
21,31,989,858.213748871232
21,32,1062,-1081.33841165635
21,33,-328,-1559.39499378098
21,34,-762,-1183.81006711116
21,35,321,-346.823645246903
21,36,-2324,-1884.73982486192
21,37,2198,1081.27909685675
21,38,725,-946.82443877412
21,39,-666,-2201.97090285871
21,40,-5597,585.720495417083
21,41,2187,6371.09046950962
21,42,2419,1780.15780292265
21,43,563,-1867.67281265855
21,44,-1170,671.301711367696
21,45,1207,2355.80310139035
21,46,-2013,-2114.63526729034
21,47,2084,192.940704971686
21,48,-732,-2017.00526874239
21,49,168,-897.098078054314
21,50,429,-1136.27918967809
21,51,252,-1893.56662317085
21,52,-125,-1433.54506525438
21,53,587,-528.728474765472
21,54,-524,-2061.27902425017
21,55,-86,-565.202026792132
21,56,-545,-1063.02167775189
21,57,-1011,7.67808840447401
21,58,1855,1174.92497951599
21,59,458,-1168.41673615331
21,60,399,-1310.19472633609
21,61,-1311,-592.992674935775
21,62,-3275,33.804669360494
21,63,2272,3464.17046676032
21,64,2309,-517.391655341786
21,65,-40,-3023.7324616826
21,66,255,5.26503084613341
21,67,655,-1199.97337370301
21,68,-1165,-3076.08365897307
21,69,-2770,-1504.29755047563
21,70,1714,1871.15471543589
21,71,-813,-807.754585289384
21,72,1510,-266.970885299954
21,73,-36,261.404387582551
21,74,-198,158.091865958587
21,75,55,550.680737765396
21,76,-548,-503.824000498161
21,77,-300,-181.610379832999
21,78,1112,478.035209438532
21,79,483,-1978.1548418431
21,80,-3211,-1269.11010443324
21,81,3993,2738.6078002417
21,82,-479,-2698.24128948638
21,83,-643,-2522.575947046
21,84,3,737.772212345096
21,85,54,-1123.58882509349
21,86,439,-1559.76909378884
21,87,242,-1376.3286894778
21,88,-238,-1478.18336049127
21,89,-900,-57.4027811916505
21,90,66,-479.897182786825
21,91,-1692,235.402917827274
21,92,2449,2042.95789003515
21,93,-58,-907.399174976662
21,94,302,-798.802891278837
21,95,37,102.040220254712
21,96,-724,-1050.85160963321
21,97,-1879,-480.008310418698
21,98,1726,1722.02445145236
21,99,-614,-1273.12278086199
21,100,-306,280.61269122166
21,101,-82,1226.70731892254
21,102,1635,934.918254286487
21,103,-567,-1352.61089487379
21,104,-112,-227.924813475532
21,105,663,-5.86388154650126
21,106,-107,-1610.12312335868
21,107,-456,-1897.20189768611
21,108,-1416,-284.720408706626
21,109,224,889.384874656
21,110,-156,432.687973367414
21,111,696,353.248496545228
21,112,433,713.181697169901
21,113,743,-8.27647066660597
21,114,-1162,-990.80578740938
21,115,-34,301.433812684798
21,116,-1367,-210.233480731452
21,117,-168,825.330786611333
21,118,1897,945.878548040058
21,119,-279,-1298.57181617513
21,120,974,-148.755763866915
21,121,182,-578.564845346625
21,122,53,-1951.57255392625
21,123,-530,-1464.69414166323
21,124,-938,-1460.79596857772
21,125,799,-255.113380065281
21,126,-44,-1350.29069935219
21,127,-1073,-1132.92643504776
21,128,878,1624.13518330552
21,129,-721,-231.453883755604
21,130,-1411,546.058900331836
21,131,2951,2712.16895421823
21,132,-444,-1813.26279747926
21,133,626,-942.028075578052
21,134,581,-611.989816159529
21,135,-1312,-2620.5870186619
21,136,43,-640.486551677757
21,137,-219,-1137.97537447585
21,138,-88,-1148.74315719235
21,139,508,101.294587693466
21,140,111,-1041.90142211084
21,141,364,-104.115767550849
21,142,-319,-544.484756222198
21,143,-86,-449.043580574898
21,144,-351,-162.18601107553
21,145,-1360,-378.088937635822
21,146,1549,1374.55107260494
21,147,260,-682.966953953718
21,148,261,-948.798348522155
21,149,-248,0.813344501735742
21,150,-1500,-432.399199777378
21,151,513,1045.24429742915
21,152,245,-106.039561147305
21,153,339,-665.973084595369
21,154,-99,156.832888288069
21,155,563,-285.923359503514
21,156,258,-787.873250565317
21,157,-457,-1228.32584666483
21,158,717,-535.916027859488
21,159,-3316,-1438.39854338568
21,160,1981,2012.13244529313
21,161,476,-277.406366857891
21,162,369,-1535.3293923474
21,163,390,339.407894452834
21,164,-183,-768.376176916811
21,165,-1529,-1063.22225542652
21,166,-798,889.694040815453
21,167,1662,747.116152826879
21,168,123,-815.523499591179
21,169,657,-1037.04354790517
21,170,16,-281.812794156243
21,171,-363,-1003.49589471747
21,172,-1210,-710.029927450207
21,173,-330,394.216503482119
21,174,224,503.173911961323
21,175,830,56.8506269559527
21,176,248,-635.319078180251
21,177,-909,5.88949577602352
21,178,1301,950.139819211984
21,179,-1528,-1202.88641293807
21,180,2251,259.404271176886
22,1,-120,-2022.40293722393
22,2,-1814,-1735.2119026395
22,3,3458,581.146487656144
22,4,-1944,-3780.95775848374
22,5,261,-986.699046257253
22,6,-60,-182.467708250738
22,7,137,-860.427679713649
22,8,641,-1443.90308212453
22,9,1491,-479.493972388792
22,10,-4990,-3367.54512811739
22,11,1624,4348.20609838594
22,12,562,104.393189853678
22,13,-456,-716.545242366279
22,14,596,1022.27553710911
22,15,435,1309.7479102697
22,16,-674,-1424.87447163881
22,17,776,868.132954831712
22,18,-194,-1615.63910174485
22,19,-105,-297.42110872727
22,20,836,-974.463330155361
22,21,-336,-1698.14782987905
22,22,21,-1073.13026923956
22,23,3,-584.792080504325
22,24,397,-1049.88248833348
22,25,-1688,-1098.01929228403
22,26,416,994.356543976123
22,27,333,303.668352078887
22,28,-1056,-301.543745023509
22,29,547,1206.68099117801
22,30,989,958.845755009278
22,31,1062,-1297.48207502089
22,32,-328,-1623.06707805017
22,33,-762,-1225.54515959738
22,34,321,-415.350611799749
22,35,-2324,-1529.23456155707
22,36,2198,1099.6423096444
22,37,725,-816.612195077258
22,38,-666,-1970.01978785238
22,39,-5597,163.538957966885
22,40,2187,6626.53959196162
22,41,2419,1357.90744577122
22,42,563,-1446.54468369446
22,43,-1170,-404.547910453058
22,44,1207,2653.66907590253
22,45,-2013,-2576.86888303788
22,46,2084,560.352646505523
22,47,-732,-2408.47520378707
22,48,168,-462.093207443537
22,49,429,-1313.19245458812
22,50,252,-1144.04266779783
22,51,-125,-2005.73692688874
22,52,587,-53.307214432482
22,53,-524,-2259.68596285969
22,54,-86,-324.500057180773
22,55,-545,-1001.7440222233
22,56,-1011,154.669583967631
22,57,1855,1106.86091864644
22,58,458,-995.646176023628
22,59,399,-1454.73199511474
22,60,-1311,-752.7455168398
22,61,-3275,169.642435858626
22,62,2272,3234.2400277362
22,63,2309,-148.76424876493
22,64,-40,-3142.11679113886
22,65,255,-320.799754801331
22,66,655,-982.180215475118
22,67,-1165,-3213.48208995249
22,68,-2770,-1265.74209009833
22,69,1714,1881.09530104405
22,70,-813,-476.750829709303
22,71,1510,21.0560419535358
22,72,-36,-20.5942646313611
22,73,-198,256.391717155649
22,74,55,-76.0535304720283
22,75,-548,-100.027840275117
22,76,-300,-687.764093953146
22,77,1112,798.90177902201
22,78,483,-1934.53807557416
22,79,-3211,-1221.04600502856
22,80,3993,2666.67204467025
22,81,-479,-2600.59002049873
22,82,-643,-2406.68854314214
22,83,3,251.8592005293
22,84,54,-404.829153845069
22,85,439,-2058.51652119198
22,86,242,-665.918447135941
22,87,-238,-1849.49261947956
22,88,-900,166.661036166439
22,89,66,-319.92781972546
22,90,-1692,186.097464739121
22,91,2449,2037.5133166333
22,92,-58,-977.77748084904
22,93,302,-734.798886923948
22,94,37,-358.538134119474
22,95,-724,-666.655920398596
22,96,-1879,-921.848089566049
22,97,1726,2134.2022052481
22,98,-614,-1396.57272868554
22,99,-306,475.90048548721
22,100,-82,958.505509657419
22,101,1635,1099.83288630345
22,102,-567,-1768.61114573706
22,103,-112,-79.7344525013386
22,104,663,-401.893176652785
22,105,-107,-1239.97898654289
22,106,-456,-1980.17404038859
22,107,-1416,-75.1598967746764
22,108,224,877.907118411876
22,109,-156,582.379165936217
22,110,696,415.716994524761
22,111,433,414.946407698948
22,112,743,9.7115961294262
22,113,-1162,-1278.55782280805
22,114,-34,347.340720636296
22,115,-1367,-369.046078645482
22,116,-168,1049.2472740292
22,117,1897,824.195347579622
22,118,-279,-1030.69823399353
22,119,974,-498.402245834351
22,120,182,-563.336374179547
22,121,53,-1978.61787625096
22,122,-530,-1610.69041304676
22,123,-938,-1100.77668345863
22,124,799,-316.968938583708
22,125,-44,-903.777004121629
22,126,-1073,-1090.67689955241
22,127,878,1537.60904069721
22,128,-721,-138.701124790326
22,129,-1411,374.187086383238
22,130,2951,2533.74202831696
22,131,-444,-1753.46286909478
22,132,626,-1163.22436203231
22,133,581,-727.168972737057
22,134,-1312,-2345.60980870163
22,135,43,-926.953634834891
22,136,-219,-555.062329732559
22,137,-88,-1239.1853815422
22,138,508,295.986418219181
22,139,111,-834.736073586032
22,140,364,-319.349724394195
22,141,-319,-485.179185585513
22,142,-86,-544.596519926462
22,143,-351,-219.861579845679
22,144,-1360,-241.188462640161
22,145,1549,1304.97676064083
22,146,260,-549.347263423482
22,147,261,-986.96252804305
22,148,-248,-233.25328297712
22,149,-1500,-280.502283982906
22,150,513,775.685139744376
22,151,245,163.161489299822
22,152,339,-769.970697817594
22,153,-99,81.5485992360684
22,154,563,-161.272111583723
22,155,258,-987.821032715435
22,156,-457,-1104.49601149114
22,157,717,-697.149970353373
22,158,-3316,-1258.72342534641
22,159,1981,2056.26178643486
22,160,476,-201.795088271857
22,161,369,-1269.12586099804
22,162,390,-268.454485205679
22,163,-183,-277.867512075009
22,164,-1529,-1630.04861805257
22,165,-798,1301.10032397501
22,166,1662,548.235090456063
22,167,123,-610.497912605639
22,168,657,-1040.71351931405
22,169,16,-414.7637601446
22,170,-363,-954.950937125864
22,171,-1210,-876.123594472457
22,172,-330,591.815400751691
22,173,224,398.098178183983
22,174,830,315.5627469158
22,175,248,-722.393633990564
22,176,-909,-46.0021470145866
22,177,1301,737.428973272342
22,178,-1528,-1180.10479086494
22,179,2251,181.114283052549
22,180,-702,-1946.22362814559
23,1,137,-265.005477408445
23,2,641,-1402.1085954393
23,3,1491,291.296275867938
23,4,-4990,-3951.0351637939
23,5,1624,4727.21285734274
23,6,562,2096.37453640787
23,7,-456,-773.634972302116
23,8,596,1027.94615755182
23,9,435,1535.84211827001
23,10,-674,-2324.20307750196
23,11,776,1345.31571095957
23,12,-194,-824.361981051306
23,13,-105,-1437.61979088971
23,14,836,-218.986834501457
23,15,-336,-1317.56950151135
23,16,21,-1178.8239761139
23,17,3,-80.1655241070722
23,18,397,-622.848308793199
23,19,-1688,-1117.78460318179
23,20,416,1877.40966979463
23,21,333,773.873460347771
23,22,-1056,-66.912497456486
23,23,547,1673.17612207065
23,24,989,1206.34417165737
23,25,1062,-1642.18072727981
23,26,-328,-2011.04923255363
23,27,-762,-1175.92760060515
23,28,321,-607.590580719249
23,29,-2324,-780.619173339451
23,30,2198,2296.23510070993
23,31,725,-516.796360875909
23,32,-666,-2132.24207619588
23,33,-5597,7.81224083637136
23,34,2187,8481.65523850836
23,35,2419,2289.07115757813
23,36,563,-1473.80144669439
23,37,-1170,-1281.50248410548
23,38,1207,1659.61152088414
23,39,-2013,-2861.93126960716
23,40,2084,1687.75787089467
23,41,-732,-1744.93624769858
23,42,168,-1559.80871636133
23,43,429,-871.537974225654
23,44,252,-136.247202356911
23,45,-125,-2119.11072931185
23,46,587,129.201281129202
23,47,-524,-1857.52405739358
23,48,-86,-578.18614051973
23,49,-545,-5.81907589781054
23,50,-1011,527.784714559372
23,51,1855,1773.96757494443
23,52,458,-645.262255581635
23,53,399,-1784.04192335764
23,54,-1311,-1158.51555374052
23,55,-3275,588.188232709968
23,56,2272,4291.82723257084
23,57,2309,1053.80253412513
23,58,-40,-3635.61308378641
23,59,255,-1446.69975101739
23,60,655,-1013.01404659098
23,61,-1165,-3607.25548659251
23,62,-2770,-321.677038467531
23,63,1714,3354.40907204436
23,64,-813,-376.065135258175
23,65,1510,946.224604138226
23,66,-36,369.487224569213
23,67,-198,-197.467629728027
23,68,55,-568.123926248683
23,69,-548,627.23753627185
23,70,-300,-605.76277233486
23,71,1112,837.54494723906
23,72,483,-1291.21790762266
23,73,-3211,-1652.28506484561
23,74,3993,3690.98756936834
23,75,-479,-2551.24986654808
23,76,-643,-2796.90173892192
23,77,3,371.502389565797
23,78,54,104.518705990203
23,79,439,-2283.75668233098
23,80,242,448.327473103974
23,81,-238,-1612.19459960915
23,82,-900,-663.517853465008
23,83,66,1188.39114073715
23,84,-1692,617.123580528522
23,85,2449,2693.02598612458
23,86,-58,-844.726740109827
23,87,302,-1055.07421714858
23,88,37,-706.56812872224
23,89,-724,-472.822737687247
23,90,-1879,-843.269799824895
23,91,1726,3270.36046295246
23,92,-614,-781.456685328692
23,93,-306,199.971974202282
23,94,-82,1693.11600433334
23,95,1635,1271.74035054523
23,96,-567,-2175.13552382239
23,97,-112,86.8252220024106
23,98,663,-460.123296439155
23,99,-107,-1546.15512849162
23,100,-456,-1378.27346212367
23,101,-1416,394.042878124338
23,102,224,1488.91699536149
23,103,-156,1179.06798936656
23,104,696,1330.67181796642
23,105,433,231.639866363034
23,106,743,-281.343865825011
23,107,-1162,-1615.68667921265
23,108,-34,560.953197370328
23,109,-1367,38.6828962120887
23,110,-168,1626.085554492
23,111,1897,1663.91296462315
23,112,-279,-949.355959462448
23,113,974,-855.096047991797
23,114,182,-798.766972492545
23,115,53,-2055.301767243
23,116,-530,-1839.34275764307
23,117,-938,-294.094879904807
23,118,799,59.8512146252872
23,119,-44,-321.169074827151
23,120,-1073,-385.037376084643
23,121,878,1776.21004599588
23,122,-721,291.662976193049
23,123,-1411,507.164336024738
23,124,2951,3248.24375686783
23,125,-444,-1859.08561342476
23,126,626,-1947.06266687627
23,127,581,-670.959064712111
23,128,-1312,-2419.43833247391
23,129,43,-1070.6056948378
23,130,-219,831.139051048848
23,131,-88,-834.978683688049
23,132,508,340.163646924116
23,133,111,172.246246811255
23,134,364,-652.834259211745
23,135,-319,-356.980698986338
23,136,-86,-231.612036235121
23,137,-351,-249.265182035031
23,138,-1360,299.264072524827
23,139,1549,1964.32523447274
23,140,260,-213.399165101873
23,141,261,-1027.86622219415
23,142,-248,-451.972882655603
23,143,-1500,-103.564854283637
23,144,513,1095.71951547029
23,145,245,1032.46647454803
23,146,339,-484.980967768334
23,147,-99,-281.543789434399
23,148,563,237.566793280679
23,149,258,-1153.69374300899
23,150,-457,-927.002658118874
23,151,717,-454.637729659854
23,152,-3316,-1351.84046867315
23,153,1981,3102.46836017795
23,154,476,587.391834927182
23,155,369,-1090.36536202072
23,156,390,-774.919055847271
23,157,-183,-145.00681595548
23,158,-1529,-2012.75854401605
23,159,-798,2120.24156519365
23,160,1662,1870.97423642466
23,161,123,-1065.86837589036
23,162,657,-675.802092393693
23,163,16,-647.534635448863
23,164,-363,-1165.61086541072
23,165,-1210,-683.300306207994
23,166,-330,1559.59079390561
23,167,224,869.673468546678
23,168,830,680.552945514316
23,169,248,-336.850923357697
23,170,-909,-305.12652751303
23,171,1301,844.192644378467
23,172,-1528,-1104.41307977907
23,173,2251,538.815397337454
23,174,-702,-2102.87394706271
23,175,242,-1383.97833078271
23,176,103,-1223.08799270057
23,177,-66,-421.113385616605
23,178,205,-1732.70656946488
23,179,705,-72.5740595627299
23,180,-1381,-2154.1284754953
24,1,-4990,-3609.60144791915
24,2,1624,4685.04619127336
24,3,562,1832.0056206219
24,4,-456,-1558.69368015457
24,5,596,1352.89090739328
24,6,435,667.915387229199
24,7,-674,-2410.57557528306
24,8,776,1383.17658530725
24,9,-194,-164.895089744049
24,10,-105,-1643.9778212944
24,11,836,-81.8412775400275
24,12,-336,-1388.18674115217
24,13,21,-1051.54782618236
24,14,3,-40.0539410691985
24,15,397,-575.304851151789
24,16,-1688,-1142.15711069726
24,17,416,1965.87991582107
24,18,333,492.71967948917
24,19,-1056,-562.439128748633
24,20,547,1761.01179579763
24,21,989,684.029008969233
24,22,1062,-1883.54064328287
24,23,-328,-1870.70715381426
24,24,-762,-664.865635909376
24,25,321,-356.85948940951
24,26,-2324,-740.100943846507
24,27,2198,2614.63303803165
24,28,725,-1112.71127398728
24,29,-666,-2608.63463291776
24,30,-5597,286.165585133405
24,31,2187,8330.39851765841
24,32,2419,1383.67574823437
24,33,563,-2465.17314200951
24,34,-1170,-655.099817049554
24,35,1207,930.160613240895
24,36,-2013,-2804.49889036818
24,37,2084,2309.35971603613
24,38,-732,-910.022295932248
24,39,168,-2082.83348093758
24,40,429,-821.365283116681
24,41,252,-545.601801252521
24,42,-125,-1609.0879435589
24,43,587,15.2916943989652
24,44,-524,-1483.03046662532
24,45,-86,-726.554068488614
24,46,-545,221.174712190316
24,47,-1011,371.62833314821
24,48,1855,1626.00444092602
24,49,458,-1189.38629705574
24,50,399,-1827.25713059285
24,51,-1311,-998.877474192398
24,52,-3275,760.333282173284
24,53,2272,4506.98201687755
24,54,2309,305.951137070485
24,55,-40,-3954.03688674349
24,56,255,-1344.55275243257
24,57,655,-1106.82899804302
24,58,-1165,-3207.27056515637
24,59,-2770,640.633189843631
24,60,1714,4004.00897281764
24,61,-813,-1445.16913129133
24,62,1510,314.157846781188
24,63,-36,86.0036952931512
24,64,-198,-738.065875307387
24,65,55,-306.00633414116
24,66,-548,708.158715858513
24,67,-300,-10.7676412169448
24,68,1112,488.030224305281
24,69,483,-1406.79497231547
24,70,-3211,-1849.72436533011
24,71,3993,3939.98932437209
24,72,-479,-3154.70865703492
24,73,-643,-2618.91707933348
24,74,3,1173.70333433042
24,75,54,-375.440836917807
24,76,439,-2030.86561699424
24,77,242,403.615159579508
24,78,-238,-1174.69588018156
24,79,-900,-1196.5759677477
24,80,66,1347.68759084405
24,81,-1692,525.034327566935
24,82,2449,2495.23644383381
24,83,-58,-1397.16399233366
24,84,302,-1336.48483062728
24,85,37,-438.062508276154
24,86,-724,-591.541726328086
24,87,-1879,-263.950296913347
24,88,1726,3257.25853166611
24,89,-614,-1041.6281586931
24,90,-306,-392.380881294152
24,91,-82,1645.47057577276
24,92,1635,639.881611794949
24,93,-567,-2220.62916056062
24,94,-112,336.110622489455
24,95,663,-40.6159191952544
24,96,-107,-1918.14668623786
24,97,-456,-905.808534157424
24,98,-1416,526.012426179858
24,99,224,1410.24654810999
24,100,-156,614.033124702133
24,101,696,1029.09905323648
24,102,433,-71.3288043399697
24,103,743,-694.093404447183
24,104,-1162,-1502.42118163782
24,105,-34,848.900603875647
24,106,-1367,329.050870136559
24,107,-168,1471.74314867051
24,108,1897,1457.02681513386
24,109,-279,-1717.47166591118
24,110,974,-858.020218416797
24,111,182,-914.224703707104
24,112,53,-1766.46043442724
24,113,-530,-1271.95311381137
24,114,-938,115.024797912517
24,115,799,233.768987558562
24,116,-44,-830.77600532674
24,117,-1073,-440.55348455859
24,118,878,1579.85343697346
24,119,-721,-187.552497479646
24,120,-1411,427.536243720262
24,121,2951,3257.30306180583
24,122,-444,-2452.87378578885
24,123,626,-1870.21615959995
24,124,581,-332.47195315518
24,125,-1312,-2348.34304462069
24,126,43,-460.643303897788
24,127,-219,959.769850111809
24,128,-88,-751.036054445723
24,129,508,-129.130648418721
24,130,111,-76.3025975921051
24,131,364,-834.452206311134
24,132,-319,-439.127220896016
24,133,-86,20.4924766911821
24,134,-351,-187.513415741746
24,135,-1360,291.313746355052
24,136,1549,1922.77369040335
24,137,260,-777.004942824375
24,138,261,-1214.05122655825
24,139,-248,-365.759658510331
24,140,-1500,-162.523066617758
24,141,513,1346.50569162848
24,142,245,821.116405093687
24,143,339,-547.685941511045
24,144,-99,-588.506059883092
24,145,563,5.51222681857337
24,146,258,-1175.19181873288
24,147,-457,-778.560715901983
24,148,717,-1.54884412691848
24,149,-3316,-1450.71282044056
24,150,1981,3275.2381645475
24,151,476,34.6019279467434
24,152,369,-1583.12295134089
24,153,390,-551.944559493693
24,154,-183,-538.438510507453
24,155,-1529,-1570.34322084894
24,156,-798,2254.00243015393
24,157,1662,2170.70908439162
24,158,123,-1907.5691433775
24,159,657,-801.368607366521
24,160,16,-751.847017154953
24,161,-363,-1239.58877845053
24,162,-1210,-250.94124165429
24,163,-330,1873.54876366546
24,164,224,790.494601632017
24,165,830,34.0118648793771
24,166,248,-632.158968111618
24,167,-909,-584.493486477633
24,168,1301,899.929339832443
24,169,-1528,-1182.99194620848
24,170,2251,911.890923601536
24,171,-702,-2104.67067380186
24,172,242,-1410.10146900346
24,173,103,-874.070457819925
24,174,-66,-638.445334580026
24,175,205,-1209.25548538633
24,176,705,-294.403168535656
24,177,-1381,-1868.98411192067
24,178,-464,529.57310098509
24,179,-2796,1545.7082487639
24,180,3518,4198.66193509283
25,1,596,1377.44613881563
25,2,435,1668.46110961026
25,3,-674,-1461.12819432561
25,4,776,491.198311104093
25,5,-194,-1479.78902782108
25,6,-105,-921.418538958075
25,7,836,-814.003060111205
25,8,-336,-1502.98607691723
25,9,21,-1175.55635252254
25,10,3,-601.491288324062
25,11,397,-987.342063407638
25,12,-1688,-1153.5108938014
25,13,416,1006.2334347849
25,14,333,458.117254288367
25,15,-1056,5.75230909185211
25,16,547,1403.68035837221
25,17,989,1139.91418503982
25,18,1062,-1092.31661699758
25,19,-328,-1671.47123726622
25,20,-762,-1462.17613006969
25,21,321,-1059.41877276684
25,22,-2324,-1644.70368818233
25,23,2198,1082.79708468804
25,24,725,-366.552365115721
25,25,-666,-1351.00844393818
25,26,-5597,146.669553520277
25,27,2187,6137.97369311587
25,28,2419,1724.56304964558
25,29,563,-464.972676044581
25,30,-1170,179.674840624665
25,31,1207,2153.48441205117
25,32,-2013,-2890.89138618259
25,33,2084,-121.048026727837
25,34,-732,-2313.18691989699
25,35,168,-799.307503088183
25,36,429,-1000.97716557332
25,37,252,-791.031245460452
25,38,-125,-2028.02951641917
25,39,587,-333.964240014084
25,40,-524,-2081.43979120475
25,41,-86,-689.165979280147
25,42,-545,-788.912292608173
25,43,-1011,122.640631398023
25,44,1855,1217.20027112388
25,45,458,-485.766355139338
25,46,399,-1151.68866551839
25,47,-1311,-908.751542356226
25,48,-3275,-169.72513932421
25,49,2272,2647.34089891387
25,50,2309,380.434985880309
25,51,-40,-2235.49265560442
25,52,255,-263.923978741437
25,53,655,-1121.75334700379
25,54,-1165,-3844.04033609819
25,55,-2770,-1921.76587063305
25,56,1714,1506.63842734942
25,57,-813,-167.091398370864
25,58,1510,965.632869403241
25,59,-36,789.770217031625
25,60,-198,414.726828876142
25,61,55,-462.367709269231
25,62,-548,-357.330565612792
25,63,-300,-969.960628285861
25,64,1112,522.74531728828
25,65,483,-1349.37061662
25,66,-3211,-1145.50104135443
25,67,3993,2507.30840424482
25,68,-479,-2275.52121098888
25,69,-643,-2347.61024162254
25,70,3,-88.8328551046143
25,71,54,-531.29118898659
25,72,439,-2242.84480552426
25,73,242,-487.864230319981
25,74,-238,-1535.91310845187
25,75,-900,-253.637174752968
25,76,66,18.2942325928138
25,77,-1692,170.634085965539
25,78,2449,2069.84713850817
25,79,-58,-413.529552630845
25,80,302,-414.507161552399
25,81,37,-474.154236820293
25,82,-724,-909.493238126531
25,83,-1879,-1351.92849945372
25,84,1726,1807.39893025899
25,85,-614,-842.701108280415
25,86,-306,704.736950383764
25,87,-82,1431.5525400102
25,88,1635,1214.53926061427
25,89,-567,-1655.81144993554
25,90,-112,-235.122882187655
25,91,663,-666.533822253426
25,92,-107,-1536.55563426875
25,93,-456,-1890.02317587442
25,94,-1416,-211.909834606266
25,95,224,847.191631139846
25,96,-156,804.544554451826
25,97,696,1009.84624538246
25,98,433,737.467273066358
25,99,743,183.498895069312
25,100,-1162,-1322.11891245863
25,101,-34,-92.1963769272668
25,102,-1367,-652.682847773803
25,103,-168,862.317447103126
25,104,1897,1165.51275085416
25,105,-279,-369.838229842049
25,106,974,-199.445132824999
25,107,182,-638.400095473324
25,108,53,-2214.66540615464
25,109,-530,-2229.09455447938
25,110,-938,-1347.76192316661
25,111,799,-514.795226667014
25,112,-44,-614.270857264386
25,113,-1073,-519.370373414652
25,114,878,1575.00802691007
25,115,-721,177.176616934359
25,116,-1411,410.94285963292
25,117,2951,2459.49005939915
25,118,-444,-1308.98836465532
25,119,626,-1191.16987750765
25,120,581,-867.639548879395
25,121,-1312,-2560.51160876418
25,122,43,-1607.27163194498
25,123,-219,-587.234897346552
25,124,-88,-1058.02147334507
25,125,508,390.248249610982
25,126,111,-125.355472530381
25,127,364,-261.571679327448
25,128,-319,-484.853231904756
25,129,-86,-632.482660948732
25,130,-351,-511.807076962758
25,131,-1360,-238.687799295029
25,132,1549,1310.7143347196
25,133,260,-140.658053585442
25,134,261,-603.65527151252
25,135,-248,-240.873326439638
25,136,-1500,-417.057883221555
25,137,513,366.221618353385
25,138,245,219.527221099017
25,139,339,-415.923884346979
25,140,-99,201.550037632054
25,141,563,117.880024667241
25,142,258,-1053.40989897017
25,143,-457,-1247.2507409259
25,144,717,-911.029795685115
25,145,-3316,-1438.17614599621
25,146,1981,1885.20018181374
25,147,476,198.69161450292
25,148,369,-651.603007846426
25,149,390,-142.16269531885
25,150,-183,-241.092332356006
25,151,-1529,-1974.56769533868
25,152,-798,768.624028774019
25,153,1662,699.821830738311
25,154,123,-415.746911626479
25,155,657,-360.272415215552
25,156,16,-262.523903536915
25,157,-363,-1145.67159374025
25,158,-1210,-1292.68198192871
25,159,-330,301.223185391882
25,160,224,393.470492512928
25,161,830,682.43638148992
25,162,248,-39.4328277111056
25,163,-909,136.330306580545
25,164,1301,574.488615846453
25,165,-1528,-1298.49258279416
25,166,2251,-72.1246412367146
25,167,-702,-1923.08986390079
25,168,242,-1363.997310672
25,169,103,-1354.45519076387
25,170,-66,-1137.3261215051
25,171,205,-1917.36755305159
25,172,705,-556.803333726233
25,173,-1381,-2188.53897264715
25,174,-464,371.777009668215
25,175,-2796,501.814996555179
25,176,3518,3496.50506963155
25,177,129,-303.392657600216
25,178,447,-110.489940806514
25,179,228,-124.226854565703
25,180,-488,-966.257931037673
26,1,-194,-943.054259458287
26,2,-105,-538.331445160714
26,3,836,-915.352567771476
26,4,-336,-1495.48791077789
26,5,21,-1061.96848281529
26,6,3,-604.532175350977
26,7,397,-838.114658235621
26,8,-1688,-1085.97641145324
26,9,416,1044.67961463639
26,10,333,469.709963233882
26,11,-1056,-200.089696980857
26,12,547,1287.48299940397
26,13,989,969.669585954441
26,14,1062,-1136.56871334088
26,15,-328,-1714.50446187881
26,16,-762,-1146.58258183928
26,17,321,-546.945484275985
26,18,-2324,-1407.40123411186
26,19,2198,1360.68566751
26,20,725,-612.255440182374
26,21,-666,-1805.91127396121
26,22,-5597,-53.6134556904645
26,23,2187,6377.82625830292
26,24,2419,1878.1995872534
26,25,563,-1053.17311392104
26,26,-1170,-221.300502962979
26,27,1207,1913.74861559559
26,28,-2013,-2533.07197589303
26,29,2084,493.911725064997
26,30,-732,-1601.19702574702
26,31,168,-672.657523123147
26,32,429,-1390.69745874834
26,33,252,-1083.86775471804
26,34,-125,-1707.01433697574
26,35,587,-299.309614462585
26,36,-524,-1832.03734620358
26,37,-86,-579.863004231224
26,38,-545,-759.379614372182
26,39,-1011,229.366525666522
26,40,1855,1186.83571109622
26,41,458,-793.443677126112
26,42,399,-1317.97112926594
26,43,-1311,-951.391751693132
26,44,-3275,132.54557702018
26,45,2272,3210.28157463079
26,46,2309,282.922793740573
26,47,-40,-2598.97373462292
26,48,255,-735.60996578015
26,49,655,-1215.30771990689
26,50,-1165,-3223.66170981466
26,51,-2770,-1195.73507721048
26,52,1714,2274.8569313023
26,53,-813,-321.985764472432
26,54,1510,181.814742423338
26,55,-36,103.911602230639
26,56,-198,169.595400289947
26,57,55,-252.508212394731
26,58,-548,-75.5512127086696
26,59,-300,-288.456593417803
26,60,1112,588.365644515994
26,61,483,-1525.4126156893
26,62,-3211,-1321.27175818082
26,63,3993,2554.39892477985
26,64,-479,-2319.98684270877
26,65,-643,-2263.83279326142
26,66,3,97.04188244018
26,67,54,-356.312130698891
26,68,439,-1905.80893185917
26,69,242,-685.711065913994
26,70,-238,-1278.74894638014
26,71,-900,-352.897743098388
26,72,66,-97.5259090278537
26,73,-1692,363.134877716534
26,74,2449,2113.2890326377
26,75,-58,-736.394874508204
26,76,302,-699.317990037395
26,77,37,-504.652980101786
26,78,-724,-725.256519025721
26,79,-1879,-767.448562132137
26,80,1726,2068.35656846877
26,81,-614,-811.240450349063
26,82,-306,331.419768222902
26,83,-82,1021.91633429644
26,84,1635,1078.14822274185
26,85,-567,-1623.32081953556
26,86,-112,-134.146380945493
26,87,663,-242.287653439762
26,88,-107,-1392.08724452947
26,89,-456,-1735.01567406732
26,90,-1416,-57.8399209665503
26,91,224,1003.14803054255
26,92,-156,605.561546279938
26,93,696,718.645127349105
26,94,433,501.191189046778
26,95,743,-74.5551526738564
26,96,-1162,-1278.4047967437
26,97,-34,242.143131690837
26,98,-1367,-177.699442360577
26,99,-168,1105.65435385838
26,100,1897,1070.57563383639
26,101,-279,-848.789749732496
26,102,974,-483.598245822088
26,103,182,-787.914576901519
26,104,53,-1847.62016314512
26,105,-530,-1681.96333447561
26,106,-938,-925.451388642471
26,107,799,-146.17222612182
26,108,-44,-868.075721171075
26,109,-1073,-784.905939739425
26,110,878,1404.75495042815
26,111,-721,-22.2449747980453
26,112,-1411,446.477223090602
26,113,2951,2517.53566019599
26,114,-444,-1420.93410416858
26,115,626,-1215.81455711199
26,116,581,-887.233564705856
26,117,-1312,-2201.79549883593
26,118,43,-1044.54400485758
26,119,-219,-404.783293607535
26,120,-88,-775.561106114099
26,121,508,80.9533156751347
26,122,111,-548.094066134477
26,123,364,-330.470703727029
26,124,-319,-564.205544368883
26,125,-86,-384.563147804169
26,126,-351,-231.343110760419
26,127,-1360,-121.138187160779
26,128,1549,1400.94546929502
26,129,260,-386.369382506097
26,130,261,-833.601401623504
26,131,-248,-350.178721176431
26,132,-1500,-297.348067885252
26,133,513,781.839796889607
26,134,245,319.904037818895
26,135,339,-371.102677138398
26,136,-99,-62.1964281410736
26,137,563,-139.155271946912
26,138,258,-969.431709766041
26,139,-457,-1083.87595885101
26,140,717,-528.557109084724
26,141,-3316,-1261.03977844062
26,142,1981,2070.1999510567
26,143,476,20.9871958949544
26,144,369,-951.567794081534
26,145,390,-362.684705042441
26,146,-183,-422.341399058027
26,147,-1529,-1518.29486449395
26,148,-798,1066.93690759232
26,149,1662,1137.98292597957
26,150,123,-590.494512524587
26,151,657,-875.531181039773
26,152,16,-518.386578168394
26,153,-363,-1040.21054874815
26,154,-1210,-885.908807887256
26,155,-330,747.378954640747
26,156,224,673.036189599646
26,157,830,358.508709837983
26,158,248,-502.310785679581
26,159,-909,-136.240729367281
26,160,1301,649.129830895347
26,161,-1528,-1104.53133497742
26,162,2251,322.240323270794
26,163,-702,-1816.2652637897
26,164,242,-1329.5968617553
26,165,103,-1254.02075528318
26,166,-66,-1122.3527387023
26,167,205,-1546.53979698778
26,168,705,-604.649260893545
26,169,-1381,-2080.01830101163
26,170,-464,390.558544641413
26,171,-2796,495.389835154762
26,172,3518,3608.49269239391
26,173,129,-734.652559501592
26,174,447,-588.089667207375
26,175,228,-259.658165838652
26,176,-488,-884.726733673798
26,177,-471,-1747.75769020568
26,178,102,58.953803685191
26,179,195,-1007.51120443052
26,180,-340,-573.52965672409
27,1,836,-805.013027183175
27,2,-336,-1381.55327178804
27,3,21,-1172.29987887979
27,4,3,-504.91239289614
27,5,397,-883.851545220933
27,6,-1688,-1093.24565558945
27,7,416,1063.14836949834
27,8,333,476.911637378299
27,9,-1056,55.1606905573768
27,10,547,1104.73874032235
27,11,989,1144.52334164828
27,12,1062,-1225.31797284542
27,13,-328,-1790.87979504234
27,14,-762,-1449.29296619341
27,15,321,-816.170226533752
27,16,-2324,-1285.81761446922
27,17,2198,1180.87182728245
27,18,725,-311.137221043186
27,19,-666,-1452.40532479879
27,20,-5597,-253.187951758722
27,21,2187,6385.59771832855
27,22,2419,1797.16102338309
27,23,563,-525.511595058047
27,24,-1170,-882.815866677546
27,25,1207,2233.09362419656
27,26,-2013,-2874.1431289901
27,27,2084,281.857594432731
27,28,-732,-2314.54692975202
27,29,168,-418.897282991889
27,30,429,-1241.44619562173
27,31,252,-505.386852219784
27,32,-125,-2240.17467878183
27,33,587,-52.6161509263305
27,34,-524,-2122.36854761171
27,35,-86,-450.051619870278
27,36,-545,-771.917501881941
27,37,-1011,280.614528154485
27,38,1855,1191.3131873455
27,39,458,-491.785461624789
27,40,399,-1377.94323880341
27,41,-1311,-1068.60376939752
27,42,-3275,20.8909941282059
27,43,2272,2836.30527617296
27,44,2309,660.757292587138
27,45,-40,-2543.85550484439
27,46,255,-781.709473808742
27,47,655,-1058.41419080804
27,48,-1165,-3581.89222315561
27,49,-2770,-1546.03818504296
27,50,1714,1817.7577844984
27,51,-813,188.823317381683
27,52,1510,768.935466107285
27,53,-36,248.720674919694
27,54,-198,328.751782112026
27,55,55,-719.61651752322
27,56,-548,-48.1896881221214
27,57,-300,-989.953949781763
27,58,1112,805.509246538924
27,59,483,-1416.96318794776
27,60,-3211,-1197.17218568069
27,61,3993,2423.21648508685
27,62,-479,-2113.20519249395
27,63,-643,-2340.55865651286
27,64,3,-385.22074261304
27,65,54,17.7609682254424
27,66,439,-2286.65344879371
27,67,242,-235.181689508367
27,68,-238,-1718.9371442939
27,69,-900,-48.8232989242657
27,70,66,11.4648448817729
27,71,-1692,256.162349522936
27,72,2449,2091.37773089221
27,73,-58,-551.783495455529
27,74,302,-574.91268212245
27,75,37,-800.762785475946
27,76,-724,-615.189112644833
27,77,-1879,-1340.14515862646
27,78,1726,2169.16792191843
27,79,-614,-848.023746927062
27,80,-306,670.453931832399
27,81,-82,1033.9855860557
27,82,1635,1284.03798083485
27,83,-567,-1864.2351327297
27,84,-112,-224.01039847559
27,85,663,-736.044708083543
27,86,-107,-1166.15273412281
27,87,-456,-1922.81864162903
27,88,-1416,-50.663439380196
27,89,224,949.211831768643
27,90,-156,901.27335814468
27,91,696,874.905923352534
27,92,433,441.708207532387
27,93,743,60.7225811822605
27,94,-1162,-1498.93143567993
27,95,-34,33.1585303908206
27,96,-1367,-517.172611267353
27,97,-168,1139.2854956159
27,98,1897,1085.76358121867
27,99,-279,-405.089379383199
27,100,974,-604.322278618186
27,101,182,-719.547415917167
27,102,53,-2104.61360699295
27,103,-530,-2073.53998663446
27,104,-938,-996.93415083094
27,105,799,-333.829568015707
27,106,-44,-387.407184407658
27,107,-1073,-664.57025583904
27,108,878,1446.90125528319
27,109,-721,180.558157278305
27,110,-1411,312.068373859023
27,111,2951,2351.59192210057
27,112,-444,-1276.85017276419
27,113,626,-1393.21336175488
27,114,581,-1013.82049333655
27,115,-1312,-2249.11591015272
27,116,43,-1493.43785400981
27,117,-219,-183.411778976157
27,118,-88,-965.435923151848
27,119,508,437.59691107593
27,120,111,-245.155039223998
27,121,364,-407.330061102509
27,122,-319,-503.723302845036
27,123,-86,-627.001437925578
27,124,-351,-395.969126763079
27,125,-1360,-108.072055967157
27,126,1549,1321.82856033847
27,127,260,-113.85885287711
27,128,261,-778.251321068758
27,129,-248,-472.762045010727
27,130,-1500,-292.747452405522
27,131,513,425.159961323287
27,132,245,452.640792685076
27,133,339,-485.983650766411
27,134,-99,50.4695530176145
27,135,563,43.5912868239313
27,136,258,-1113.27189355286
27,137,-457,-1142.07634462912
27,138,717,-885.91957266514
27,139,-3316,-1209.42423874057
27,140,1981,1979.98863026203
27,141,476,273.253944192645
27,142,369,-670.012010311897
27,143,390,-657.253919842597
27,144,-183,-71.8156117336163
27,145,-1529,-2079.89462797562
27,146,-798,1133.33854475667
27,147,1662,762.426146584067
27,148,123,-245.39166768895
27,149,657,-681.561066458735
27,150,16,-498.452895189005
27,151,-363,-1067.26889358452
27,152,-1210,-1214.29269558614
27,153,-330,579.39778815419
27,154,224,514.927869424762
27,155,830,751.244784785561
27,156,248,-335.118540948599
27,157,-909,-51.1125217814142
27,158,1301,461.991832361846
27,159,-1528,-1171.92471418909
27,160,2251,-4.0363612739618
27,161,-702,-1886.90753347306
27,162,242,-1200.28459640624
27,163,103,-1488.76597290466
27,164,-66,-731.92151382027
27,165,205,-2020.11626394205
27,166,705,-240.18586813083
27,167,-1381,-2275.04414202591
27,168,-464,537.940477940918
27,169,-2796,524.219480740094
27,170,3518,3637.71402525505
27,171,129,-479.10608662761
27,172,447,-388.019539462015
27,173,228,-705.797597132054
27,174,-488,-594.554741584669
27,175,-471,-2543.6005556686
27,176,102,118.874521392494
27,177,195,-1374.94174565944
27,178,-340,-129.956342718266
27,179,22,-178.124839209437
27,180,1140,307.890060076855
28,1,3,-565.267342591404
28,2,397,-815.275106230723
28,3,-1688,-1090.11889091109
28,4,416,1021.64853072148
28,5,333,564.410783442373
28,6,-1056,-98.8238750594343
28,7,547,1058.69991302624
28,8,989,1100.23910082131
28,9,1062,-1225.87014208747
28,10,-328,-1936.92784802141
28,11,-762,-1335.60761733974
28,12,321,-567.192174653938
28,13,-2324,-1323.14308295869
28,14,2198,1237.32922387564
28,15,725,-313.383364072989
28,16,-666,-1636.28855395156
28,17,-5597,-288.132671587482
28,18,2187,6422.0276844437
28,19,2419,1960.64834453133
28,20,563,-1106.50666556737
28,21,-1170,-852.553041845647
28,22,1207,2317.35935845143
28,23,-2013,-2697.93220371084
28,24,2084,-18.8363647738352
28,25,-732,-1955.89593037372
28,26,168,-253.358989459672
28,27,429,-1280.38127851845
28,28,252,-779.136397831246
28,29,-125,-2039.57588892052
28,30,587,-212.24569117454
28,31,-524,-1918.55547339734
28,32,-86,-466.681915117577
28,33,-545,-786.227716551337
28,34,-1011,318.129217185627
28,35,1855,1191.75742915514
28,36,458,-636.234013924836
28,37,399,-1448.39125368164
28,38,-1311,-1077.24652793229
28,39,-3275,109.441589922018
28,40,2272,3027.76815059902
28,41,2309,504.716767350573
28,42,-40,-2679.19888896405
28,43,255,-863.543842682241
28,44,655,-1004.33687925528
28,45,-1165,-3433.52427593527
28,46,-2770,-1615.06362965505
28,47,1714,2193.60517018111
28,48,-813,318.297027076625
28,49,1510,367.579509580855
28,50,-36,53.4832190976283
28,51,-198,273.619123500167
28,52,55,-635.939011511796
28,53,-548,-204.777357065812
28,54,-300,-649.259173102855
28,55,1112,770.999522000797
28,56,483,-1428.19786205171
28,57,-3211,-1276.5294095266
28,58,3993,2423.61634322478
28,59,-479,-2080.5139250537
28,60,-643,-2500.33116858675
28,61,3,-262.576468905904
28,62,54,118.358225594699
28,63,439,-2110.84793671908
28,64,242,-636.527189918832
28,65,-238,-1391.55933483425
28,66,-900,-55.8003272052459
28,67,66,-130.404399092803
28,68,-1692,312.435467204975
28,69,2449,2072.92119041119
28,70,-58,-622.762286791522
28,71,302,-733.514652174484
28,72,37,-750.211271019707
28,73,-724,-642.703561182796
28,74,-1879,-1118.56947462685
28,75,1726,2093.89498151104
28,76,-614,-693.880702992773
28,77,-306,480.24996704251
28,78,-82,939.683803751968
28,79,1635,1238.93191865323
28,80,-567,-1886.27281780529
28,81,-112,-390.135312925301
28,82,663,-423.58091067122
28,83,-107,-1162.58523498792
28,84,-456,-1948.90442949703
28,85,-1416,-31.831202966524
28,86,224,1112.95890704263
28,87,-156,794.737915322646
28,88,696,682.721963693876
28,89,433,422.112340519977
28,90,743,-37.6314498505496
28,91,-1162,-1490.78868583154
28,92,-34,32.7765403568306
28,93,-1367,-323.94724177542
28,94,-168,1162.64795468945
28,95,1897,1091.75141297568
28,96,-279,-594.778720698061
28,97,974,-664.771258390964
28,98,182,-802.418136447009
28,99,53,-2008.64912305869
28,100,-530,-1965.42273097819
28,101,-938,-935.03820993475
28,102,799,-77.5492513355211
28,103,-44,-530.246695947596
28,104,-1073,-768.058277600068
28,105,878,1424.38639097573
28,106,-721,118.246255089802
28,107,-1411,255.413895928214
28,108,2951,2318.27815632133
28,109,-444,-1271.97073464371
28,110,626,-1454.88378149558
28,111,581,-1045.17215574576
28,112,-1312,-2102.92613973801
28,113,43,-1324.15299957509
28,114,-219,-288.241126812925
28,115,-88,-719.67018580379
28,116,508,305.983645193627
28,117,111,-412.603767364951
28,118,364,-374.457616719056
28,119,-319,-625.399715930779
28,120,-86,-564.802385218824
28,121,-351,-302.218902905888
28,122,-1360,-113.379579982151
28,123,1549,1375.31666800346
28,124,260,-200.367441133421
28,125,261,-897.803200303454
28,126,-248,-496.757584134114
28,127,-1500,-267.039422713606
28,128,513,566.891631684765
28,129,245,354.707575364035
28,130,339,-435.417750118128
28,131,-99,-1.31925795056441
28,132,563,-45.3210714107216
28,133,258,-1076.18894166157
28,134,-457,-1231.65209043032
28,135,717,-736.544100180298
28,136,-3316,-1130.67385463507
28,137,1981,2023.80759633243
28,138,476,238.109312522696
28,139,369,-873.30304580705
28,140,390,-654.849528411368
28,141,-183,-186.739244213655
28,142,-1529,-1827.2668733534
28,143,-798,969.229763509796
28,144,1662,1008.37014429195
28,145,123,-282.04551473963
28,146,657,-912.92857910401
28,147,16,-519.666055485099
28,148,-363,-1035.27408129462
28,149,-1210,-1172.59204248106
28,150,-330,621.082872594701
28,151,224,720.338888672799
28,152,830,608.576374365508
28,153,248,-486.293689320507
28,154,-909,-142.030897782249
28,155,1301,492.577174018296
28,156,-1528,-1182.3845915592
28,157,2251,43.1647644030185
28,158,-702,-1804.62541740007
28,159,242,-1225.05120193554
28,160,103,-1366.87430946891
28,161,-66,-872.556105039196
28,162,205,-1799.97268888043
28,163,705,-409.405559320747
28,164,-1381,-2120.2650332326
28,165,-464,498.051019616467
28,166,-2796,526.045276527328
28,167,3518,3652.01602835875
28,168,129,-623.035669059668
28,169,447,-674.705418994762
28,170,228,-574.600268063701
28,171,-488,-668.689919830828
28,172,-471,-2289.32810386184
28,173,102,6.62288974528246
28,174,195,-1035.17740457644
28,175,-340,-201.491037818274
28,176,22,-348.557147949113
28,177,1140,298.293596371939
28,178,-1666,-1284.62812702682
28,179,-111,608.533666524482
28,180,-2139,1047.6267279122
29,1,397,-879.873246083713
29,2,-1688,-1008.41844924249
29,3,416,996.55397178955
29,4,333,517.071398680544
29,5,-1056,-114.658612640134
29,6,547,1125.41272270919
29,7,989,1010.49314668302
29,8,1062,-1224.99352582501
29,9,-328,-1748.62353711109
29,10,-762,-1369.17504590704
29,11,321,-547.424983923064
29,12,-2324,-1258.9328689413
29,13,2198,1231.54880949222
29,14,725,-349.658765385624
29,15,-666,-1735.846224207
29,16,-5597,-130.83433780184
29,17,2187,6207.78223986527
29,18,2419,1947.27375761902
29,19,563,-995.380939501858
29,20,-1170,-728.332188766662
29,21,1207,2025.83678252033
29,22,-2013,-2608.89122915681
29,23,2084,334.477945881581
29,24,-732,-1962.74207253792
29,25,168,-437.099023595645
29,26,429,-1158.79675907458
29,27,252,-891.720107675968
29,28,-125,-1949.31157406321
29,29,587,-121.954051453213
29,30,-524,-2005.18052385051
29,31,-86,-391.481770090611
29,32,-545,-777.663820064672
29,33,-1011,266.644402220048
29,34,1855,1200.81499886081
29,35,458,-655.780969734652
29,36,399,-1441.35118629844
29,37,-1311,-976.956329565281
29,38,-3275,24.2071236426153
29,39,2272,3083.72479546563
29,40,2309,508.377679425334
29,41,-40,-2709.62267478779
29,42,255,-746.567226337193
29,43,655,-1182.70441810983
29,44,-1165,-3287.49053504193
29,45,-2770,-1322.17246501084
29,46,1714,2046.65879845316
29,47,-813,168.086862060141
29,48,1510,371.225055482089
29,49,-36,96.1521992072461
29,50,-198,76.2485403742139
29,51,55,-426.264274673155
29,52,-548,-144.634250385964
29,53,-300,-647.677748687917
29,54,1112,826.921106163512
29,55,483,-1518.61391349094
29,56,-3211,-1221.1602844657
29,57,3993,2403.28402496233
29,58,-479,-2108.15481257612
29,59,-643,-2427.67220372042
29,60,3,-43.9395854334414
29,61,54,-210.188615164697
29,62,439,-1924.07086963756
29,63,242,-476.392397323259
29,64,-238,-1596.13346091957
29,65,-900,8.89610279107227
29,66,66,-135.483741351231
29,67,-1692,317.849745661222
29,68,2449,2052.62277694562
29,69,-58,-621.094995871978
29,70,302,-779.599910478699
29,71,37,-616.098034423708
29,72,-724,-730.515765145334
29,73,-1879,-984.535158195876
29,74,1726,2139.58850782731
29,75,-614,-821.708791093575
29,76,-306,497.153419103013
29,77,-82,956.422366287282
29,78,1635,1083.42828429517
29,79,-567,-1724.771216705
29,80,-112,-287.434226304892
29,81,663,-473.939299270739
29,82,-107,-1162.35280202977
29,83,-456,-1827.39573589716
29,84,-1416,-29.9281295504863
29,85,224,988.32958042702
29,86,-156,828.826155044981
29,87,696,656.026979055873
29,88,433,427.650725947678
29,89,743,-83.3955952413557
29,90,-1162,-1407.74229841239
29,91,-34,98.3993637354852
29,92,-1367,-300.00299855433
29,93,-168,1139.90787015456
29,94,1897,1099.7002536729
29,95,-279,-676.263583030128
29,96,974,-633.797444943986
29,97,182,-743.163930167127
29,98,53,-2039.69195375417
29,99,-530,-1743.96790189866
29,100,-938,-954.134867595126
29,101,799,-129.528630040364
29,102,-44,-520.468224466415
29,103,-1073,-812.215715851752
29,104,878,1426.40345207424
29,105,-721,40.5818709491236
29,106,-1411,309.410588309392
29,107,2951,2384.69994116728
29,108,-444,-1377.5271475186
29,109,626,-1357.68160337426
29,110,581,-908.011419093491
29,111,-1312,-2268.14310747189
29,112,43,-1100.30017904378
29,113,-219,-262.157860912634
29,114,-88,-868.833837014817
29,115,508,402.079128359866
29,116,111,-521.081497590977
29,117,364,-373.221658527776
29,118,-319,-542.666235468872
29,119,-86,-570.640967023374
29,120,-351,-247.122712550265
29,121,-1360,-118.082688849228
29,122,1549,1357.23817350673
29,123,260,-224.581973058958
29,124,261,-905.801344739532
29,125,-248,-404.621755539102
29,126,-1500,-353.395058227821
29,127,513,647.779378469222
29,128,245,408.753464726773
29,129,339,-505.260161633534
29,130,-99,52.3161624986886
29,131,563,-135.789050891343
29,132,258,-1019.85883539145
29,133,-457,-1131.57950968086
29,134,717,-714.550263449386
29,135,-3316,-1132.46665846036
29,136,1981,1987.20846968725
29,137,476,255.304693609423
29,138,369,-976.24770539121
29,139,390,-469.437565908801
29,140,-183,-349.100746762335
29,141,-1529,-1748.4765572494
29,142,-798,1143.64404562962
29,143,1662,878.486146853606
29,144,123,-283.583035551158
29,145,657,-891.678514272009
29,146,16,-532.508797857221
29,147,-363,-1082.83863871779
29,148,-1210,-994.711768642954
29,149,-330,637.602234860476
29,150,224,652.225400779377
29,151,830,589.19976101395
29,152,248,-500.73908455848
29,153,-909,-160.77211055254
29,154,1301,507.198425899331
29,155,-1528,-1113.75626040203
29,156,2251,88.3148183665661
29,157,-702,-1723.20650733336
29,158,242,-1336.45732027401
29,159,103,-1215.81992864111
29,160,-66,-968.544179954494
29,161,205,-1714.09937914331
29,162,705,-355.52158973368
29,163,-1381,-2204.29254772831
29,164,-464,557.519368831871
29,165,-2796,484.137335821043
29,166,3518,3562.49324536657
29,167,129,-560.127160367874
29,168,447,-735.633923274086
29,169,228,-448.13858706968
29,170,-488,-804.919979629891
29,171,-471,-2073.32424031011
29,172,102,149.262278330575
29,173,195,-1196.23258177123
29,174,-340,-165.475463950911
29,175,22,-395.984937844997
29,176,1140,267.485308456016
29,177,-1666,-1244.64703260955
29,178,-111,657.716846648589
29,179,-2139,1032.53416857849
29,180,2933,2556.28559616015
30,1,-1688,-1237.55011262365
30,2,416,1145.87875913448
30,3,333,731.393915866916
30,4,-1056,-131.000045159015
30,5,547,1317.1536851181
30,6,989,1145.6601474995
30,7,1062,-1276.1613094158
30,8,-328,-2109.91530000943
30,9,-762,-1499.94398683781
30,10,321,-871.73430318519
30,11,-2324,-1286.83794999632
30,12,2198,1464.17205988205
30,13,725,-299.844758302925
30,14,-666,-1902.44030985873
30,15,-5597,-261.816064194097
30,16,2187,6891.32347048026
30,17,2419,2788.58656047103
30,18,563,-1161.84482489123
30,19,-1170,-873.849702525161
30,20,1207,1578.11634356383
30,21,-2013,-2458.49188543515
30,22,2084,216.393461090156
30,23,-732,-1710.07937347616
30,24,168,-1394.02267506358
30,25,429,-1108.06014316547
30,26,252,-705.952764199452
30,27,-125,-1956.24783637507
30,28,587,-512.77566976367
30,29,-524,-1820.09423218275
30,30,-86,-908.214021632553
30,31,-545,-497.745148489264
30,32,-1011,230.675603242535
30,33,1855,1382.31768602155
30,34,458,-527.909235802581
30,35,399,-1613.58589861092
30,36,-1311,-1281.31360308799
30,37,-3275,57.8313431651769
30,38,2272,3379.79243885222
30,39,2309,944.523648702634
30,40,-40,-2907.9257593041
30,41,255,-1396.08997704852
30,42,655,-1176.84866154767
30,43,-1165,-3585.07056221375
30,44,-2770,-1545.64228492377
30,45,1714,2352.96334129661
30,46,-813,41.3542649648728
30,47,1510,588.64658641047
30,48,-36,440.294674995508
30,49,-198,-1.16177535906604
30,50,55,-552.838857087411
30,51,-548,-100.600185401446
30,52,-300,-627.583659382077
30,53,1112,426.990159421143
30,54,483,-1243.60113341815
30,55,-3211,-1613.19275390983
30,56,3993,2696.32744297622
30,57,-479,-1968.27496851234
30,58,-643,-2899.35403366474
30,59,3,-212.241880240693
30,60,54,-181.850499088811
30,61,439,-2103.2595189934
30,62,242,-554.010885958993
30,63,-238,-1382.15762977497
30,64,-900,-725.12934798357
30,65,66,413.875983899581
30,66,-1692,427.703861051113
30,67,2449,2194.77667885429
30,68,-58,-472.59700602091
30,69,302,-991.002217958287
30,70,37,-749.150420312947
30,71,-724,-819.533240580936
30,72,-1879,-1054.68190296076
30,73,1726,2176.55541589734
30,74,-614,-451.688781491121
30,75,-306,110.993147704624
30,76,-82,1369.30319651489
30,77,1635,1234.25955992179
30,78,-567,-1795.41172345613
30,79,-112,-509.146156108147
30,80,663,-478.468815207943
30,81,-107,-1603.34690257052
30,82,-456,-1784.21819728576
30,83,-1416,-152.420364632884
30,84,224,1149.91877348152
30,85,-156,958.065262867639
30,86,696,1038.31826602497
30,87,433,444.777608422806
30,88,743,-192.929353536507
30,89,-1162,-1510.61113561097
30,90,-34,-41.8052956406497
30,91,-1367,-226.273726969124
30,92,-168,1087.44039003314
30,93,1897,1411.55977613386
30,94,-279,-672.141885109647
30,95,974,-744.6020087124
30,96,182,-910.381293250503
30,97,53,-2126.571159342
30,98,-530,-2183.10474669105
30,99,-938,-1021.70561140026
30,100,799,-205.469272523183
30,101,-44,-589.125302289908
30,102,-1073,-589.518456124794
30,103,878,1428.60687953604
30,104,-721,295.800465275533
30,105,-1411,334.765768206701
30,106,2951,2622.07434800897
30,107,-444,-1285.16139585202
30,108,626,-1846.5193290985
30,109,581,-1047.33354326878
30,110,-1312,-2426.15195580589
30,111,43,-1509.92748406979
30,112,-219,-116.647554469306
30,113,-88,-780.703495290939
30,114,508,79.7585981941107
30,115,111,-88.2488697064736
30,116,364,-504.144333386156
30,117,-319,-619.978171879201
30,118,-86,-504.853329352645
30,119,-351,-447.331807767135
30,120,-1360,-91.4343466416561
30,121,1549,1512.48620235048
30,122,260,-111.748462444257
30,123,261,-967.869415533575
30,124,-248,-562.463928287497
30,125,-1500,-363.275982533444
30,126,513,675.131125153045
30,127,245,559.907636495845
30,128,339,-418.228305523366
30,129,-99,-253.113256552439
30,130,563,17.0286859038535
30,131,258,-1084.93521988669
30,132,-457,-1290.20862787405
30,133,717,-770.865240800594
30,134,-3316,-1434.91955563347
30,135,1981,2176.3454233938
30,136,476,592.56130296796
30,137,369,-983.491292351126
30,138,390,-683.299108933686
30,139,-183,-413.184449457402
30,140,-1529,-1840.45224727503
30,141,-798,986.462149630819
30,142,1662,1477.58319363963
30,143,123,-678.315091219964
30,144,657,-818.99509367123
30,145,16,-619.245510041436
30,146,-363,-1218.95477210444
30,147,-1210,-1106.86820873354
30,148,-330,737.536361542062
30,149,224,750.704101636841
30,150,830,550.077490155725
30,151,248,-281.883217023277
30,152,-909,-276.544910047261
30,153,1301,569.952777629888
30,154,-1528,-1145.95737134445
30,155,2251,21.513220181225
30,156,-702,-1934.26111982571
30,157,242,-1631.78299992328
30,158,103,-1379.01678287384
30,159,-66,-996.987071618223
30,160,205,-1736.79251042549
30,161,705,-669.04735060617
30,162,-1381,-2057.80574945399
30,163,-464,149.999211399969
30,164,-2796,983.359398677632
30,165,3518,3899.36150527585
30,166,129,-238.370281936987
30,167,447,-952.381241045638
30,168,228,-669.212133953928
30,169,-488,-1002.0819798888
30,170,-471,-2117.98130273212
30,171,102,-113.678212939532
30,172,195,-1004.8142083298
30,173,-340,-746.61491648422
30,174,22,39.5358753839968
30,175,1140,326.585682682583
30,176,-1666,-1289.85722835586
30,177,-111,641.767552704114
30,178,-2139,1190.37230163785
30,179,2933,2831.36589243276
30,180,-244,-600.588473507668
31,1,-762,-925.076802914741
31,2,321,-823.776437990895
31,3,-2324,-1174.60913981439
31,4,2198,1410.59423644631
31,5,725,-688.309491150106
31,6,-666,-1970.3878536716
31,7,-5597,-266.767773048591
31,8,2187,6557.70571849992
31,9,2419,1331.64209912628
31,10,563,-751.582063318509
31,11,-1170,-451.238158598623
31,12,1207,1706.73872003651
31,13,-2013,-3143.83397681008
31,14,2084,1349.88801732993
31,15,-732,-1199.00152878299
31,16,168,-1229.31791735676
31,17,429,-1717.63825709015
31,18,252,-502.055168347616
31,19,-125,-2120.72329164648
31,20,587,101.069116236456
31,21,-524,-1909.81670683722
31,22,-86,-737.096312068355
31,23,-545,-546.006119834138
31,24,-1011,156.81147921609
31,25,1855,1005.94400295749
31,26,458,-700.514315765628
31,27,399,-1481.73638267992
31,28,-1311,-963.226225801624
31,29,-3275,228.272037944256
31,30,2272,2919.67784888233
31,31,2309,615.827005707491
31,32,-40,-2799.57664986767
31,33,255,-989.351492688006
31,34,655,-1096.1424633192
31,35,-1165,-3480.40586533872
31,36,-2770,-469.66835218412
31,37,1714,2462.69143840637
31,38,-813,-908.720808286667
31,39,1510,53.3967061246833
31,40,-36,190.124628980535
31,41,-198,12.8556852004633
31,42,55,-700.680450287911
31,43,-548,637.438589409619
31,44,-300,-574.75957931712
31,45,1112,575.312953913671
31,46,483,-1515.91511061842
31,47,-3211,-1516.8578069302
31,48,3993,2591.44342780261
31,49,-479,-2305.1011226318
31,50,-643,-2305.46348671048
31,51,3,195.782636246127
31,52,54,-118.455737819638
31,53,439,-2672.30456660812
31,54,242,265.113485763365
31,55,-238,-1498.62768878852
31,56,-900,-841.569178645393
31,57,66,239.05908370039
31,58,-1692,319.787774634593
31,59,2449,1992.599328531
31,60,-58,-815.175966504828
31,61,302,-805.065170319801
31,62,37,-679.56764389589
31,63,-724,-428.795053989225
31,64,-1879,-1082.78027077091
31,65,1726,2482.23731221669
31,66,-614,-998.112095054939
31,67,-306,13.2469615164432
31,68,-82,1032.2643299018
31,69,1635,994.546879944168
31,70,-567,-1925.27275457151
31,71,-112,330.638989875333
31,72,663,-433.640112303231
31,73,-107,-1504.78590353348
31,74,-456,-1632.27020316023
31,75,-1416,184.772574564716
31,76,224,716.669545685214
31,77,-156,447.592602897248
31,78,696,848.348708823579
31,79,433,265.200450865604
31,80,743,-173.712699953098
31,81,-1162,-1414.94805863706
31,82,-34,443.86492473431
31,83,-1367,-184.382569123575
31,84,-168,1066.52156714624
31,85,1897,932.352776194356
31,86,-279,-840.309322285451
31,87,974,-823.013357757582
31,88,182,-643.834738650493
31,89,53,-1821.15462789802
31,90,-530,-1674.43575959281
31,91,-938,-461.676886690398
31,92,799,-486.208420997576
31,93,-44,-824.69508424783
31,94,-1073,-776.190897369465
31,95,878,1221.33733469806
31,96,-721,-36.9263806965804
31,97,-1411,251.988851418121
31,98,2951,2604.28094966603
31,99,-444,-1430.29640331937
31,100,626,-1577.30789841288
31,101,581,-595.895251302934
31,102,-1312,-2108.26044115933
31,103,43,-1403.25051272385
31,104,-219,338.010592280731
31,105,-88,-1114.1191074911
31,106,508,-156.8228172036
31,107,111,-293.182703668989
31,108,364,-703.463279590412
31,109,-319,-435.609666912046
31,110,-86,-304.685354102595
31,111,-351,-338.426908992447
31,112,-1360,-37.3050410454616
31,113,1549,1251.10137890021
31,114,260,-411.8469928519
31,115,261,-953.628181336765
31,116,-248,-408.264840750707
31,117,-1500,-199.995117148499
31,118,513,500.035786088507
31,119,245,659.364190082883
31,120,339,-505.055128854735
31,121,-99,-320.676681314426
31,122,563,-78.355837782534
31,123,258,-1187.45815289544
31,124,-457,-820.970474127894
31,125,717,-488.315501821328
31,126,-3316,-1306.7885481665
31,127,1981,1938.70202783166
31,128,476,46.7463665548188
31,129,369,-966.64333492391
31,130,390,-691.202044057533
31,131,-183,-52.5749201723393
31,132,-1529,-2082.44717224098
31,133,-798,1580.73929695589
31,134,1662,1188.27363430967
31,135,123,-976.636296508384
31,136,657,-858.283590907037
31,137,16,-565.377814560744
31,138,-363,-1149.88039330605
31,139,-1210,-865.028302934485
31,140,-330,1140.78875731612
31,141,224,398.55455766336
31,142,830,209.483148087382
31,143,248,-558.495551115154
31,144,-909,-241.766967078133
31,145,1301,511.133090652109
31,146,-1528,-984.912601761756
31,147,2251,363.370445509604
31,148,-702,-1777.29187253617
31,149,242,-1319.59958829814
31,150,103,-1521.54933948653
31,151,-66,-630.63155592052
31,152,205,-1928.694869203
31,153,705,-206.458625654934
31,154,-1381,-2208.94301999041
31,155,-464,232.284589350949
31,156,-2796,644.164611213864
31,157,3518,3381.24052320395
31,158,129,-834.185064200359
31,159,447,-555.409557420258
31,160,228,-664.829330288881
31,161,-488,-582.482099511565
31,162,-471,-2088.23823422362
31,163,102,820.479109466466
31,164,195,-1204.4041194589
31,165,-340,-943.711370590106
31,166,22,-255.17336350998
31,167,1140,105.433458583667
31,168,-1666,-1275.84972218522
31,169,-111,866.17815064302
31,170,-2139,1024.9001330088
31,171,2933,2404.68993485353
31,172,-244,-1024.52840990649
31,173,828,-31.1871346192897
31,174,-191,-1206.02076082482
31,175,-4455,-437.310433211947
31,176,1968,2779.27064889922
31,177,914,1975.54655427384
31,178,1299,-1544.52867188588
31,179,-121,-943.151847757021
31,180,-288,-244.323165766017
32,1,2419,2368.77715649113
32,2,563,994.230835231124
32,3,-1170,-175.025600263432
32,4,1207,-74.0496252314829
32,5,-2013,-3569.8891974157
32,6,2084,1415.63729742133
32,7,-732,-744.509226978061
32,8,168,-242.138837228268
32,9,429,-1880.37214493044
32,10,252,-1696.38511705771
32,11,-125,-1750.69654912065
32,12,587,33.5289869513162
32,13,-524,-2269.01131477301
32,14,-86,-315.8345761909
32,15,-545,-1082.08432110079
32,16,-1011,183.547046596523
32,17,1855,1080.37650397988
32,18,458,-518.954165903347
32,19,399,-1324.98340454663
32,20,-1311,-1240.38832730386
32,21,-3275,-821.721686167646
32,22,2272,2845.65816862856
32,23,2309,1330.9909215255
32,24,-40,-1543.19453445403
32,25,255,-994.252884862826
32,26,655,-3111.34453191832
32,27,-1165,-3511.33974897189
32,28,-2770,-383.166037527395
32,29,1714,2153.31375488625
32,30,-813,383.467920747444
32,31,1510,318.830170550985
32,32,-36,-181.608694769717
32,33,-198,-863.705248861382
32,34,55,-614.383241536577
32,35,-548,-40.6557559164747
32,36,-300,-133.617406029906
32,37,1112,1193.08590201099
32,38,483,-1719.60948760559
32,39,-3211,-1156.13601841289
32,40,3993,1483.25017776845
32,41,-479,-2036.70445250212
32,42,-643,-1776.96429861501
32,43,3,-21.6558056824101
32,44,54,-1366.4902262563
32,45,439,-1535.91208196415
32,46,242,62.3779067917034
32,47,-238,-1843.64627357148
32,48,-900,-221.297528780139
32,49,66,-918.097903928693
32,50,-1692,513.500958948187
32,51,2449,2146.18879490255
32,52,-58,-337.287476061478
32,53,302,-844.625287294484
32,54,37,-936.307851461193
32,55,-724,-1374.89611580789
32,56,-1879,-725.602087450897
32,57,1726,2347.33877378782
32,58,-614,-552.077911205722
32,59,-306,768.944229740341
32,60,-82,300.84560059189
32,61,1635,357.389357461841
32,62,-567,-1280.44500822156
32,63,-112,33.3808973143059
32,64,663,-729.237298117715
32,65,-107,-1219.25469758128
32,66,-456,-1631.56497477767
32,67,-1416,-13.8737181061935
32,68,224,458.85589350371
32,69,-156,821.897091191132
32,70,696,754.784671545839
32,71,433,571.522101905056
32,72,743,-476.293410036712
32,73,-1162,-1607.08290776656
32,74,-34,-48.3082700762281
32,75,-1367,-196.00105185942
32,76,-168,1350.22604954043
32,77,1897,1283.68493026442
32,78,-279,-531.462150882743
32,79,974,-850.948232114814
32,80,182,-1279.56048506816
32,81,53,-2436.94758815147
32,82,-530,-1214.48341381164
32,83,-938,-880.629017409942
32,84,799,-148.104360711125
32,85,-44,-480.851758541126
32,86,-1073,-970.81818067069
32,87,878,1031.93521281536
32,88,-721,-467.701777879265
32,89,-1411,417.928442532783
32,90,2951,2396.359457971
32,91,-444,-1174.17747046488
32,92,626,-995.413351991414
32,93,581,-1199.3230109314
32,94,-1312,-2903.96239853304
32,95,43,-805.553778039834
32,96,-219,-171.398609793375
32,97,-88,-753.111130411267
32,98,508,561.102246696313
32,99,111,-1157.07928994856
32,100,364,-577.631834404446
32,101,-319,-702.910184140489
32,102,-86,-712.881245530726
32,103,-351,-77.9638437884724
32,104,-1360,-115.807206120316
32,105,1549,1255.19440442905
32,106,260,-126.760728263672
32,107,261,-823.311436211992
32,108,-248,-578.767836793829
32,109,-1500,-1025.23505096928
32,110,513,560.138022723534
32,111,245,821.352555882794
32,112,339,-80.0779048274528
32,113,-99,141.665424862233
32,114,563,-953.450796680402
32,115,258,-1217.38190896333
32,116,-457,-926.236481680722
32,117,717,-608.941445024609
32,118,-3316,-1067.20316475146
32,119,1981,1487.99223183409
32,120,476,390.130050032473
32,121,369,-681.62717384339
32,122,390,-285.478312886448
32,123,-183,-1374.15774810337
32,124,-1529,-1988.56470988714
32,125,-798,1399.08899053609
32,126,1662,931.554085349399
32,127,123,454.218545699434
32,128,657,-965.253485458998
32,129,16,-1135.61689435165
32,130,-363,-1821.2810986051
32,131,-1210,-862.946372682443
32,132,-330,853.061338932564
32,133,224,913.719742289496
32,134,830,758.324844739548
32,135,248,-635.57738119952
32,136,-909,-550.880168474135
32,137,1301,-102.170011997057
32,138,-1528,-1000.31470129284
32,139,2251,411.594487993568
32,140,-702,-1221.35292458342
32,141,242,-1616.26776692562
32,142,103,-1405.13067467782
32,143,-66,-1464.73730140851
32,144,205,-1487.29232340704
32,145,705,-203.120094598246
32,146,-1381,-2430.58746112262
32,147,-464,357.950562099649
32,148,-2796,-91.7549740836787
32,149,3518,3342.39038477774
32,150,129,188.234687303407
32,151,447,-424.635865739473
32,152,228,-918.714398114292
32,153,-488,-1966.15498833341
32,154,-471,-1773.98258894802
32,155,102,918.424412875593
32,156,195,-999.984475256041
32,157,-340,-12.268170156397
32,158,22,-1142.48549146594
32,159,1140,-95.3762788891084
32,160,-1666,-1215.2988230184
32,161,-111,580.198600328338
32,162,-2139,836.415476868332
32,163,2933,2314.24639116397
32,164,-244,-5.64814844635259
32,165,828,-208.91105951161
32,166,-191,-1263.82573276091
32,167,-4455,-1513.05082815535
32,168,1968,2363.93170026049
32,169,914,2600.02947917607
32,170,1299,-458.667716077493
32,171,-121,101.054586570579
32,172,-288,-2536.25570754772
32,173,-173,-1948.08885127943
32,174,-470,-159.958922552625
32,175,-764,-243.603911015676
32,176,1659,1616.23007569339
32,177,-73,-2001.814733811
32,178,48,-1192.68282929755
32,179,-2085,-934.220258670727
32,180,2666,963.871816279759
33,1,-1170,-1634.45137152074
33,2,1207,94.7452379906732
33,3,-2013,-2815.90360552638
33,4,2084,997.288320050141
33,5,-732,-1493.38483179994
33,6,168,-481.92839178304
33,7,429,-1726.27961102108
33,8,252,-885.846677229771
33,9,-125,-1877.97787181217
33,10,587,-355.917684101232
33,11,-524,-1969.63602732742
33,12,-86,-562.776885072079
33,13,-545,-773.4693993693
33,14,-1011,332.713130526817
33,15,1855,1226.82409114274
33,16,458,-447.150563459776
33,17,399,-1447.56819552807
33,18,-1311,-1744.70323455405
33,19,-3275,-386.122214227202
33,20,2272,3097.05970643294
33,21,2309,1461.73629419398
33,22,-40,-1863.22543915836
33,23,255,-2020.03402686282
33,24,655,-2445.88220737923
33,25,-1165,-3262.9939173346
33,26,-2770,-914.747023216531
33,27,1714,2212.70639117645
33,28,-813,641.074531102505
33,29,1510,931.50340444102
33,30,-36,-447.963679565915
33,31,-198,-457.762794118304
33,32,55,-987.154162087884
33,33,-548,-77.9765251404388
33,34,-300,-390.819732268486
33,35,1112,758.888614352591
33,36,483,-1283.71093654565
33,37,-3211,-1408.16278856921
33,38,3993,1813.14783228552
33,39,-479,-1934.23321473253
33,40,-643,-1848.24539307458
33,41,3,-1044.94108836861
33,42,54,-438.895854269224
33,43,439,-1540.34722669208
33,44,242,-257.392169634207
33,45,-238,-1622.9270679644
33,46,-900,-555.775939103233
33,47,66,-131.642327664514
33,48,-1692,499.2538139524
33,49,2449,2217.52321232968
33,50,-58,-500.419354961051
33,51,302,-803.882127085678
33,52,37,-1470.20680279515
33,53,-724,-1014.26896988095
33,54,-1879,-893.454999358428
33,55,1726,2254.03928910093
33,56,-614,-283.40128070597
33,57,-306,613.476351859965
33,58,-82,365.666691996902
33,59,1635,840.105917199482
33,60,-567,-1578.22265171372
33,61,-112,-435.554344881829
33,62,663,-956.330596265244
33,63,-107,-1180.00460731381
33,64,-456,-1598.6264550571
33,65,-1416,-210.623399313659
33,66,224,907.249274556176
33,67,-156,1027.708541951
33,68,696,1050.85009345099
33,69,433,204.162540394157
33,70,743,-477.719022794165
33,71,-1162,-1779.56680127386
33,72,-34,-190.2858186727
33,73,-1367,-293.734133667818
33,74,-168,1454.57031323312
33,75,1897,1321.2834363848
33,76,-279,-435.708186670191
33,77,974,-995.143655444449
33,78,182,-1549.27323582534
33,79,53,-2153.9790399581
33,80,-530,-1847.90358489904
33,81,-938,-844.731788738462
33,82,799,-44.7084881260275
33,83,-44,-285.015065294363
33,84,-1073,-596.949901997976
33,85,878,942.022773362403
33,86,-721,-59.8306546816578
33,87,-1411,447.401196709843
33,88,2951,2136.12460995871
33,89,-444,-1132.06867659989
33,90,626,-1377.68396709813
33,91,581,-1776.03433508084
33,92,-1312,-2406.58108375332
33,93,43,-1181.16182283678
33,94,-219,-71.8425615382876
33,95,-88,-408.39830346805
33,96,508,283.837512576688
33,97,111,-542.407437699772
33,98,364,-629.735649436493
33,99,-319,-815.120031519092
33,100,-86,-658.680047232118
33,101,-351,-350.98320812622
33,102,-1360,-9.3813972888554
33,103,1549,1363.97702729242
33,104,260,-59.4046884452854
33,105,261,-778.445944550759
33,106,-248,-1035.65465620936
33,107,-1500,-722.704890159863
33,108,513,587.099085145783
33,109,245,765.058672195784
33,110,339,-56.255410597229
33,111,-99,-327.86713712903
33,112,563,-532.107653592938
33,113,258,-1225.3032562328
33,114,-457,-1116.90668087415
33,115,717,-819.613324620133
33,116,-3316,-1221.94666147772
33,117,1981,1958.18103658242
33,118,476,444.972301606663
33,119,369,-310.942469709268
33,120,390,-1154.06590051445
33,121,-183,-995.839935727475
33,122,-1529,-1917.42923868404
33,123,-798,1120.4839145378
33,124,1662,1304.78807353587
33,125,123,120.415894791579
33,126,657,-879.603664939148
33,127,16,-1335.49055882001
33,128,-363,-1501.58270737101
33,129,-1210,-1064.20688727595
33,130,-330,820.899577117866
33,131,224,931.185038724027
33,132,830,852.428109809956
33,133,248,-510.247887234269
33,134,-909,-637.955753062583
33,135,1301,-13.2639246417762
33,136,-1528,-1098.73233856063
33,137,2251,302.2395184256
33,138,-702,-1828.63211474436
33,139,242,-1305.02145387855
33,140,103,-1763.1268900897
33,141,-66,-916.787771721551
33,142,205,-1580.87061123531
33,143,705,-420.050109500905
33,144,-1381,-2117.15100954857
33,145,-464,202.51955634122
33,146,-2796,441.421806668302
33,147,3518,3817.29461236162
33,148,129,-23.3599040061476
33,149,447,-526.066636954805
33,150,228,-1773.47695865373
33,151,-488,-1411.80881968345
33,152,-471,-1921.48773973139
33,153,102,386.630834792341
33,154,195,-796.706561286782
33,155,-340,-268.719586065066
33,156,22,-486.071925222431
33,157,1140,35.3569502826763
33,158,-1666,-1214.40511288532
33,159,-111,470.08656814601
33,160,-2139,772.659527772061
33,161,2933,2850.15056476455
33,162,-244,-385.941323583351
33,163,828,-248.043117286385
33,164,-191,-1951.29727444895
33,165,-4455,-1071.76140192716
33,166,1968,2626.11994702462
33,167,914,2449.80980801696
33,168,1299,-181.250993401896
33,169,-121,-1311.91474256191
33,170,-288,-1663.67065832175
33,171,-173,-1918.60814397298
33,172,-470,-322.561344186079
33,173,-764,-433.818417293837
33,174,1659,1150.11610909245
33,175,-73,-1425.37595724527
33,176,48,-1082.02579556715
33,177,-2085,-1051.94031196484
33,178,2666,1399.85855275365
33,179,-1266,-1493.2239264798
33,180,234,52.4397509891476
34,1,1207,887.733040433908
34,2,-2013,-2782.65915929302
34,3,2084,848.821310250805
34,4,-732,-1598.42818999194
34,5,168,-38.9879153871825
34,6,429,-2494.65073944096
34,7,252,-963.436129620216
34,8,-125,-1913.0028169653
34,9,587,-469.274546774296
34,10,-524,-1994.1350378249
34,11,-86,-638.401830381839
34,12,-545,-1103.57396745537
34,13,-1011,370.737174300342
34,14,1855,1095.69868307578
34,15,458,-515.571260626352
34,16,399,-1203.95756605843
34,17,-1311,-1766.07657784901
34,18,-3275,-177.288374112171
34,19,2272,3011.79723790004
34,20,2309,1191.57955226057
34,21,-40,-1550.20571225259
34,22,255,-1984.3369934532
34,23,655,-2238.93769028848
34,24,-1165,-3250.46685937482
34,25,-2770,-1319.02557453691
34,26,1714,2125.44017757798
34,27,-813,395.094064217279
34,28,1510,667.24376850595
34,29,-36,-664.35759708651
34,30,-198,262.835914134013
34,31,55,-939.352880793719
34,32,-548,40.2904674341276
34,33,-300,-167.612139851916
34,34,1112,643.568946917064
34,35,483,-1425.62612374267
34,36,-3211,-1400.54718147648
34,37,3993,1782.32684725621
34,38,-479,-2059.08078286461
34,39,-643,-1491.24585595928
34,40,3,-1481.0621517461
34,41,54,-87.0839150512186
34,42,439,-1823.63181081691
34,43,242,-722.400283464544
34,44,-238,-1398.55942377832
34,45,-900,-618.130081827441
34,46,66,-470.317660508056
34,47,-1692,532.484353273276
34,48,2449,2325.99938151971
34,49,-58,-598.148975470308
34,50,302,-399.479615959952
34,51,37,-1544.11407884355
34,52,-724,-719.972996118086
34,53,-1879,-944.89773476916
34,54,1726,2087.35974460706
34,55,-614,-358.093647079521
34,56,-306,739.238951590267
34,57,-82,151.354388565031
34,58,1635,1281.86110201327
34,59,-567,-1518.56875002241
34,60,-112,-251.546369781245
34,61,663,-799.147314952212
34,62,-107,-1131.80416839522
34,63,-456,-1910.45728665138
34,64,-1416,-326.578421741572
34,65,224,925.856271113956
34,66,-156,779.598977459056
34,67,696,1074.06250700026
34,68,433,381.048664445488
34,69,743,-151.26826398265
34,70,-1162,-1646.36373097038
34,71,-34,-21.3903802373682
34,72,-1367,-321.833209531219
34,73,-168,1505.20513738044
34,74,1897,1076.12161432327
34,75,-279,-341.971252958854
34,76,974,-804.736619146124
34,77,182,-1525.33285342106
34,78,53,-1847.82753649725
34,79,-530,-2023.70691070489
34,80,-938,-986.945062517945
34,81,799,-203.732195727165
34,82,-44,-691.628297551129
34,83,-1073,-727.047656346141
34,84,878,929.743314703346
34,85,-721,6.25081556213371
34,86,-1411,657.405139498274
34,87,2951,2154.11437041593
34,88,-444,-881.712308586407
34,89,626,-1056.99914469745
34,90,581,-2026.99494108441
34,91,-1312,-2049.0658220952
34,92,43,-1442.48442570743
34,93,-219,-512.757667118763
34,94,-88,-344.47356443063
34,95,508,-68.0116164840849
34,96,111,-679.762906957682
34,97,364,-447.124640772525
34,98,-319,-845.41265016055
34,99,-86,-506.401644808349
34,100,-351,-327.889524356229
34,101,-1360,-61.3452251236374
34,102,1549,1323.38099009015
34,103,260,-154.135490153126
34,104,261,-585.75276858293
34,105,-248,-1056.26890837329
34,106,-1500,-472.452455688591
34,107,513,596.146026954907
34,108,245,583.482404951878
34,109,339,117.055083784452
34,110,-99,-367.885139145325
34,111,563,-443.992488701515
34,112,258,-1157.34306165511
34,113,-457,-1102.75773105733
34,114,717,-782.27592220886
34,115,-3316,-1283.27843467633
34,116,1981,1895.70302659424
34,117,476,41.5913826156116
34,118,369,38.009475779626
34,119,390,-1306.25410168647
34,120,-183,-670.116674084916
34,121,-1529,-1798.95438104117
34,122,-798,912.384222840997
34,123,1662,1308.03225512676
34,124,123,142.088507188324
34,125,657,-984.852840900408
34,126,16,-1268.58384334335
34,127,-363,-1226.23969743526
34,128,-1210,-1189.88960902666
34,129,-330,784.267015832206
34,130,224,911.24361409482
34,131,830,733.586315094109
34,132,248,-587.979111288616
34,133,-909,-405.62086588299
34,134,1301,171.4410337191
34,135,-1528,-1051.56851175952
34,136,2251,499.065020500503
34,137,-702,-2060.44574472606
34,138,242,-1059.71251623974
34,139,103,-2195.3044522729
34,140,-66,-927.02548864084
34,141,205,-1759.70522626478
34,142,705,-642.871638742642
34,143,-1381,-2191.27911898309
34,144,-464,112.565530408217
34,145,-2796,159.631007632024
34,146,3518,4004.75135032773
34,147,129,-259.075126673421
34,148,447,53.5658704711173
34,149,228,-1732.12213577902
34,150,-488,-962.427240780042
34,151,-471,-2004.51676109688
34,152,102,152.751827668372
34,153,195,-789.426435178153
34,154,-340,-493.141456396265
34,155,22,-820.740149696422
34,156,1140,96.6181455424071
34,157,-1666,-1175.13884933211
34,158,-111,604.142448022969
34,159,-2139,750.235054269525
34,160,2933,3106.39768463204
34,161,-244,-636.229994316688
34,162,828,252.714327350104
34,163,-191,-1914.60426741798
34,164,-4455,-731.570867237152
34,165,1968,2578.62690866565
34,166,914,2167.77552156563
34,167,1299,265.49450850877
34,168,-121,-1505.3087546937
34,169,-288,-1257.91365506232
34,170,-173,-1765.6460572398
34,171,-470,-564.57616340794
34,172,-764,-376.876758999678
34,173,1659,1116.18859378221
34,174,-73,-1794.65967163902
34,175,48,-1081.64682766018
34,176,-2085,-1150.58525570317
34,177,2666,1680.88384836568
34,178,-1266,-1713.68183112216
34,179,234,269.334055857553
34,180,408,-848.204277472984
35,1,-2013,-2440.90397270602
35,2,2084,220.768132086559
35,3,-732,-1281.65800617253
35,4,168,225.598204287418
35,5,429,-2219.40603321769
35,6,252,-1247.84519184363
35,7,-125,-1529.0242986098
35,8,587,-703.710824950432
35,9,-524,-1618.51150697279
35,10,-86,-619.574311854663
35,11,-545,-1031.13871031543
35,12,-1011,421.053185437016
35,13,1855,1129.58333631298
35,14,458,-677.116884417375
35,15,399,-1141.88378790222
35,16,-1311,-1636.5861450078
35,17,-3275,-34.4902258623412
35,18,2272,3133.3452569956
35,19,2309,775.642079075326
35,20,-40,-1592.84677255275
35,21,255,-1762.64229202968
35,22,655,-1965.14402940383
35,23,-1165,-3014.63718239796
35,24,-2770,-1535.08836371781
35,25,1714,2459.5642519601
35,26,-813,532.880328082538
35,27,1510,372.700255124499
35,28,-36,-715.9811049752
35,29,-198,298.663281795539
35,30,55,-739.500365415191
35,31,-548,-310.313576627677
35,32,-300,221.29716955886
35,33,1112,536.399129517837
35,34,483,-1308.76154190995
35,35,-3211,-1361.36555252299
35,36,3993,1868.30228209838
35,37,-479,-2065.40409190046
35,38,-643,-1588.8539312543
35,39,3,-1192.6046084504
35,40,54,3.03042219466749
35,41,439,-1480.3652220039
35,42,242,-1279.54029251017
35,43,-238,-840.070734860301
35,44,-900,-528.097751317591
35,45,66,-534.50477282038
35,46,-1692,544.010261628356
35,47,2449,2259.81437067526
35,48,-58,-658.475835799417
35,49,302,-462.680328231127
35,50,37,-1317.82866897061
35,51,-724,-771.291073784385
35,52,-1879,-647.918487440046
35,53,1726,1834.76684213167
35,54,-614,-162.707493312174
35,55,-306,597.126798626194
35,56,-82,207.623792417583
35,57,1635,1214.44547373506
35,58,-567,-1490.31531161404
35,59,-112,-476.573742891551
35,60,663,-360.109641873651
35,61,-107,-1133.14333755766
35,62,-456,-1832.40457577843
35,63,-1416,-298.795722333028
35,64,224,1179.54112689749
35,65,-156,643.88472740047
35,66,696,860.311352106835
35,67,433,422.558184500622
35,68,743,-185.207985511219
35,69,-1162,-1527.27097698744
35,70,-34,-48.4136894851263
35,71,-1367,-137.721386476629
35,72,-168,1449.66052082547
35,73,1897,1093.79974483682
35,74,-279,-524.596830578444
35,75,974,-656.506924145131
35,76,182,-1531.70033047322
35,77,53,-1672.72349112358
35,78,-530,-1894.80278818041
35,79,-938,-948.479548311434
35,80,799,159.146480059007
35,81,-44,-820.890974022331
35,82,-1073,-696.885782972056
35,83,878,990.314099565597
35,84,-721,-36.4555388930939
35,85,-1411,610.66727213243
35,86,2951,2052.67732700301
35,87,-444,-911.735800910499
35,88,626,-983.889769092372
35,89,581,-1951.02882489428
35,90,-1312,-1823.75660064908
35,91,43,-1168.19210110321
35,92,-219,-733.048890528277
35,93,-88,17.7969330992659
35,94,508,-138.67256941911
35,95,111,-740.160896523031
35,96,364,-293.727652228899
35,97,-319,-942.74508433314
35,98,-86,-405.948634940797
35,99,-351,-228.522286180953
35,100,-1360,-64.4932298342727
35,101,1549,1399.64098605329
35,102,260,-255.012429123431
35,103,261,-611.99960647389
35,104,-248,-958.710360166967
35,105,-1500,-402.870370990668
35,106,513,761.438203462826
35,107,245,331.981150915458
35,108,339,206.746681678539
35,109,-99,-316.292184318403
35,110,563,-420.220966448259
35,111,258,-1035.89764157912
35,112,-457,-1218.88274160413
35,113,717,-573.404357498456
35,114,-3316,-1168.22435090083
35,115,1981,1996.67812935625
35,116,476,-51.4156251358086
35,117,369,-154.321600438299
35,118,390,-1095.81293828295
35,119,-183,-756.179678184194
35,120,-1529,-1362.77409168147
35,121,-798,566.355840745076
35,122,1662,1533.11401183687
35,123,123,60.9558792817799
35,124,657,-1051.19637403399
35,125,16,-1125.18959687099
35,126,-363,-1094.18230376234
35,127,-1210,-1133.75225069477
35,128,-330,714.414770102722
35,129,224,1121.12539959252
35,130,830,587.146409723349
35,131,248,-615.43914457375
35,132,-909,-393.121665678816
35,133,1301,282.42971334767
35,134,-1528,-1115.00876806841
35,135,2251,526.629174529113
35,136,-702,-1946.33345537435
35,137,242,-973.122910640124
35,138,103,-1870.64387966296
35,139,-66,-1102.93179374542
35,140,205,-1367.63656298145
35,141,705,-873.933196398976
35,142,-1381,-1833.18646216357
35,143,-464,129.116082687235
35,144,-2796,209.47512860707
35,145,3518,3916.20656083563
35,146,129,-473.623122811121
35,147,447,-175.599219439296
35,148,228,-1322.0591374191
35,149,-488,-1051.31380349866
35,150,-471,-1648.36904670066
35,151,102,-195.057980312897
35,152,195,-322.60711817708
35,153,-340,-488.958797094379
35,154,22,-827.050348876385
35,155,1140,147.726024190745
35,156,-1666,-1218.72713681605
35,157,-111,631.300376191815
35,158,-2139,831.437142545855
35,159,2933,3031.48563419514
35,160,-244,-787.800038274176
35,161,828,38.216518775338
35,162,-191,-1466.1663024669
35,163,-4455,-878.996709210932
35,164,1968,2910.74244491309
35,165,914,1652.33509089658
35,166,1299,304.859425611324
35,167,-121,-1473.07295587893
35,168,-288,-1167.56516061748
35,169,-173,-1307.84627664975
35,170,-470,-1054.39387070066
35,171,-764,-45.3138349239493
35,172,1659,1225.88914540448
35,173,-73,-1749.81550594138
35,174,48,-1117.62586705738
35,175,-2085,-1042.64921128691
35,176,2666,1739.34329564151
35,177,-1266,-1705.93509845541
35,178,234,56.9216227331613
35,179,408,-440.849663152392
35,180,227,-353.05219890046
36,1,-732,-956.179283419717
36,2,168,-393.963071723777
36,3,429,-1754.39519684728
36,4,252,-1750.99047303879
36,5,-125,-1270.46262155279
36,6,587,-612.589506348336
36,7,-524,-1852.29347103206
36,8,-86,-602.083396688659
36,9,-545,-966.677382551182
36,10,-1011,193.561522929209
36,11,1855,1180.90619170676
36,12,458,-635.933150219298
36,13,399,-1047.11133852596
36,14,-1311,-1502.60075507583
36,15,-3275,-695.30390737938
36,16,2272,2983.59787397738
36,17,2309,961.610089420383
36,18,-40,-1144.8291455133
36,19,255,-1311.63309201915
36,20,655,-3063.97156838767
36,21,-1165,-3207.27924880433
36,22,-2770,-830.981579098487
36,23,1714,2113.11658352441
36,24,-813,217.066355720009
36,25,1510,790.15007494232
36,26,-36,-280.94528703725
36,27,-198,-601.101437216121
36,28,55,-488.657060946837
36,29,-548,-458.173758921386
36,30,-300,192.771238212497
36,31,1112,616.274892209632
36,32,483,-1390.81811912188
36,33,-3211,-1217.21319903128
36,34,3993,1642.98763640887
36,35,-479,-2282.86300429301
36,36,-643,-1363.36504253618
36,37,3,-510.577031420876
36,38,54,-1404.20741994627
36,39,439,-1022.66259469783
36,40,242,-688.753030492256
36,41,-238,-1256.34773569768
36,42,-900,-633.819760716712
36,43,66,-592.803072896604
36,44,-1692,490.457882249181
36,45,2449,2216.85715917568
36,46,-58,-481.272737637551
36,47,302,-583.971121294808
36,48,37,-1057.92479232846
36,49,-724,-1475.38796608462
36,50,-1879,-456.171766712211
36,51,1726,1856.74417513918
36,52,-614,-289.294504986765
36,53,-306,757.875998020149
36,54,-82,384.917743296345
36,55,1635,453.949542953883
36,56,-567,-1106.43428208082
36,57,-112,-273.106030622051
36,58,663,-659.881888714934
36,59,-107,-1458.31062401801
36,60,-456,-1412.68406588812
36,61,-1416,-325.10567012576
36,62,224,727.586609275243
36,63,-156,734.26948340343
36,64,696,985.22632169316
36,65,433,550.847946282019
36,66,743,-471.188865125247
36,67,-1162,-1499.28005132893
36,68,-34,-188.51893845649
36,69,-1367,-240.896787521357
36,70,-168,1293.75561132108
36,71,1897,1325.85399136177
36,72,-279,-590.608409454676
36,73,974,-496.199786642721
36,74,182,-1633.52163738236
36,75,53,-2139.20278615772
36,76,-530,-1495.67981995566
36,77,-938,-1096.01519337176
36,78,799,-2.99986012043541
36,79,-44,-709.446995649584
36,80,-1073,-595.204037012097
36,81,878,958.335489875376
36,82,-721,-394.587909945281
36,83,-1411,673.351831659724
36,84,2951,2198.33253088024
36,85,-444,-1229.22028056457
36,86,626,-725.105710759899
36,87,581,-1672.42887177616
36,88,-1312,-2709.1474004592
36,89,43,-763.372556137784
36,90,-219,-677.654487743312
36,91,-88,-277.6025760103
36,92,508,231.954856704007
36,93,111,-908.391244363273
36,94,364,-396.905199117522
36,95,-319,-865.793694183377
36,96,-86,-577.478972523665
36,97,-351,-240.096521410041
36,98,-1360,-130.312100693261
36,99,1549,1349.02763209663
36,100,260,-257.638168835798
36,101,261,-542.120653114595
36,102,-248,-753.848501662688
36,103,-1500,-986.164729359061
36,104,513,731.24758657976
36,105,245,465.98767761869
36,106,339,210.223221598137
36,107,-99,-89.3259613040761
36,108,563,-801.361696356181
36,109,258,-1094.3182468883
36,110,-457,-1093.45855252657
36,111,717,-583.835488811731
36,112,-3316,-1312.6369019266
36,113,1981,1799.21097481742
36,114,476,88.6428287286981
36,115,369,-281.159524768513
36,116,390,-393.362534941455
36,117,-183,-1587.88258653539
36,118,-1529,-1456.50798446677
36,119,-798,794.063521591377
36,120,1662,1264.17949932965
36,121,123,155.090713661453
36,122,657,-689.029158047712
36,123,16,-1251.07751185233
36,124,-363,-1649.0434591908
36,125,-1210,-895.270210826578
36,126,-330,644.338335602097
36,127,224,984.737878345835
36,128,830,669.764028796507
36,129,248,-420.433785127531
36,130,-909,-542.087051471944
36,131,1301,33.3988578067655
36,132,-1528,-1174.39251159019
36,133,2251,562.30440878359
36,134,-702,-1660.44682050424
36,135,242,-1387.45215287749
36,136,103,-1491.6000998514
36,137,-66,-1619.28366969784
36,138,205,-1093.19527588697
36,139,705,-792.289318707083
36,140,-1381,-1970.63576437739
36,141,-464,112.103242604751
36,142,-2796,64.5955229117167
36,143,3518,3547.28557677255
36,144,129,13.9838729072324
36,145,447,-141.40427227751
36,146,228,-1039.27331411746
36,147,-488,-2131.4121841151
36,148,-471,-1324.54015202213
36,149,102,80.0967813544585
36,150,195,-581.095227436845
36,151,-340,-373.211927243161
36,152,22,-803.245590119081
36,153,1140,-48.9697117743159
36,154,-1666,-1189.07763482614
36,155,-111,667.944691478805
36,156,-2139,642.527208936599
36,157,2933,2587.17146417482
36,158,-244,-183.168849415715
36,159,828,-49.7258124947566
36,160,-191,-1293.32541143748
36,161,-4455,-1700.71848600086
36,162,1968,2948.70030873363
36,163,914,1688.32428064406
36,164,1299,383.171121600637
36,165,-121,-515.031631848844
36,166,-288,-2293.24885811736
36,167,-173,-1553.7334265984
36,168,-470,-746.812315371129
36,169,-764,32.060319506467
36,170,1659,1121.29448042999
36,171,-73,-1759.83520754295
36,172,48,-1006.33807786092
36,173,-2085,-987.464575237982
36,174,2666,1087.22652846529
36,175,-1266,-1394.58090609835
36,176,234,212.676639884166
36,177,408,-249.678824473157
36,178,227,-1197.31939703439
36,179,-334,-1279.37500317294
36,180,85,-241.974137085791
37,1,-125,-1540.66273629273
37,2,587,-329.271023047589
37,3,-524,-2311.0049346657
37,4,-86,-234.636875199289
37,5,-545,-1358.27457932289
37,6,-1011,193.292712467354
37,7,1855,1035.82686212436
37,8,458,-699.61370880827
37,9,399,-1111.349948459
37,10,-1311,-1446.08436487081
37,11,-3275,-652.294270576432
37,12,2272,2975.61638500379
37,13,2309,859.937870353909
37,14,-40,-1401.98308978889
37,15,255,-1304.80557794138
37,16,655,-2972.70838953926
37,17,-1165,-2804.51144850186
37,18,-2770,-860.418571438874
37,19,1714,1483.6284340189
37,20,-813,359.696507172766
37,21,1510,579.806704880349
37,22,-36,-747.187369317381
37,23,-198,-359.095379504022
37,24,55,-289.215233457774
37,25,-548,-304.030540540483
37,26,-300,-103.971942575863
37,27,1112,918.506928426573
37,28,483,-1810.45431994859
37,29,-3211,-1056.09081748162
37,30,3993,1402.2507074461
37,31,-479,-2219.25566578534
37,32,-643,-1189.70569578294
37,33,3,-881.961485557763
37,34,54,-1242.79839859126
37,35,439,-969.539907432871
37,36,242,-727.900467079991
37,37,-238,-1944.00909712692
37,38,-900,-2.38259936827604
37,39,66,-1007.05675327023
37,40,-1692,435.437727564076
37,41,2449,2151.52985755251
37,42,-58,-619.567194476578
37,43,302,-498.876219436903
37,44,37,-1135.283496994
37,45,-724,-1232.84530230638
37,46,-1879,-521.356803085827
37,47,1726,1895.18721715372
37,48,-614,-748.689364945761
37,49,-306,1021.37122554568
37,50,-82,-62.1847098723194
37,51,1635,655.774298450573
37,52,-567,-1007.42830391379
37,53,-112,-212.859469112295
37,54,663,-915.780070808989
37,55,-107,-995.592815467261
37,56,-456,-1707.0286092859
37,57,-1416,-432.619651696786
37,58,224,551.425900817029
37,59,-156,810.614384951838
37,60,696,697.091500313218
37,61,433,444.235520085008
37,62,743,-311.27375998672
37,63,-1162,-1441.22938021443
37,64,-34,-46.5601547095499
37,65,-1367,-369.253046404299
37,66,-168,1379.67848955683
37,67,1897,999.544027751568
37,68,-279,-591.171338646688
37,69,974,-614.365485198517
37,70,182,-1478.01458911552
37,71,53,-2069.67004780012
37,72,-530,-1325.18500778368
37,73,-938,-1281.08459602601
37,74,799,-191.199076602994
37,75,-44,-674.802224318227
37,76,-1073,-990.536351868596
37,77,878,916.64648997405
37,78,-721,-417.745810927995
37,79,-1411,735.662311091567
37,80,2951,2067.29005981838
37,81,-444,-1233.86896751256
37,82,626,-529.526982912104
37,83,581,-1794.70662006459
37,84,-1312,-2606.19005936855
37,85,43,-608.275181900581
37,86,-219,-886.870442138752
37,87,-88,-645.012493232132
37,88,508,408.883009266571
37,89,111,-1338.89067149263
37,90,364,-322.482161395311
37,91,-319,-765.067690969291
37,92,-86,-706.090772722068
37,93,-351,-132.401662865071
37,94,-1360,-207.707797678674
37,95,1549,1183.50438794515
37,96,260,-291.241822297755
37,97,261,-608.149835242191
37,98,-248,-793.557692571006
37,99,-1500,-902.996482553257
37,100,513,776.447918373698
37,101,245,443.600620192307
37,102,339,-76.3403753323771
37,103,-99,-11.2419576429612
37,104,563,-907.060737346065
37,105,258,-999.631721526782
37,106,-457,-995.75089569939
37,107,717,-790.09074303546
37,108,-3316,-1185.34885542343
37,109,1981,1621.21102956653
37,110,476,-72.7061796633411
37,111,369,-307.76228684708
37,112,390,-588.483782184884
37,113,-183,-1408.09977580912
37,114,-1529,-1435.62404561349
37,115,-798,1062.94324331338
37,116,1662,627.937386713407
37,117,123,488.068806598011
37,118,657,-1009.28174088642
37,119,16,-1325.97121572061
37,120,-363,-1423.9033876874
37,121,-1210,-807.898341055437
37,122,-330,504.093286132029
37,123,224,780.435061757458
37,124,830,724.804442761029
37,125,248,-734.385183351059
37,126,-909,-471.722370748416
37,127,1301,71.5898462819068
37,128,-1528,-1018.86460834119
37,129,2251,503.220096708321
37,130,-702,-1740.249306635
37,131,242,-1339.93772790955
37,132,103,-1635.11654393774
37,133,-66,-1520.10451569691
37,134,205,-1387.15750918228
37,135,705,-601.347035961236
37,136,-1381,-2442.75453168124
37,137,-464,406.159667259071
37,138,-2796,-328.075187064501
37,139,3518,3550.57754156347
37,140,129,-147.752493880256
37,141,447,-125.396524960684
37,142,228,-1182.1865275649
37,143,-488,-1620.25304023357
37,144,-471,-1389.49324555339
37,145,102,232.712845050209
37,146,195,-1191.27973725903
37,147,-340,0.924394505334192
37,148,22,-1288.67536957615
37,149,1140,-52.2134679689825
37,150,-1666,-1129.86485856959
37,151,-111,595.020121950386
37,152,-2139,561.82130787288
37,153,2933,2625.46052691339
37,154,-244,-308.361662866426
37,155,828,-67.0104898310879
37,156,-191,-1426.96849609802
37,157,-4455,-1193.83538764428
37,158,1968,2627.4233361566
37,159,914,1842.253790695
37,160,1299,-52.9835071472667
37,161,-121,-389.97497466783
37,162,-288,-2424.81555874798
37,163,-173,-1204.77911087946
37,164,-470,-456.845222310227
37,165,-764,-625.931405198151
37,166,1659,1406.80262903988
37,167,-73,-2086.80442563866
37,168,48,-1002.67575773393
37,169,-2085,-1154.17335325005
37,170,2666,1178.9356710213
37,171,-1266,-1363.99890929285
37,172,234,195.636740067418
37,173,408,-644.743016336487
37,174,227,-803.050531279972
37,175,-334,-1508.52539921339
37,176,85,-153.726328849242
37,177,408,-1211.64546126047
37,178,-3393,-289.721759299125
37,179,-4437,1580.22290573192
37,180,1074,6987.35133868909
38,1,399,-1477.82860231586
38,2,-1311,-1906.42502239625
38,3,-3275,173.095106952414
38,4,2272,3768.53767849612
38,5,2309,1409.54454466271
38,6,-40,-1961.5229834096
38,7,255,-2989.95501698721
38,8,655,-2657.39818489333
38,9,-1165,-2414.24947186006
38,10,-2770,555.722554077862
38,11,1714,3580.1561359238
38,12,-813,-380.351218271834
38,13,1510,-173.461759520165
38,14,-36,-1309.42475429132
38,15,-198,-702.085746503074
38,16,55,-814.079431627855
38,17,-548,749.956787710576
38,18,-300,902.175321687904
38,19,1112,431.976808329695
38,20,483,-1325.4816205764
38,21,-3211,-1856.5558704833
38,22,3993,1972.55379002628
38,23,-479,-2128.77780370402
38,24,-643,-1327.9536403574
38,25,3,-844.447885071868
38,26,54,-220.817190186157
38,27,439,-1339.94856811819
38,28,242,-300.978534891764
38,29,-238,-832.857965278095
38,30,-900,-1563.35667234552
38,31,66,43.7966282155846
38,32,-1692,839.269106513221
38,33,2449,2313.12457648476
38,34,-58,-1016.59120304573
38,35,302,-1016.77923935152
38,36,37,-1601.76409932084
38,37,-724,-603.587256645143
38,38,-1879,22.4792303494966
38,39,1726,2635.58226938095
38,40,-614,-106.24913178075
38,41,-306,-207.721444295741
38,42,-82,-130.384454196002
38,43,1635,647.000072417099
38,44,-567,-1454.76241927471
38,45,-112,96.6497133398207
38,46,663,-256.387187666802
38,47,-107,-1332.6368807112
38,48,-456,-1112.13918823728
38,49,-1416,28.8907794381412
38,50,224,1012.47371358455
38,51,-156,448.19647959918
38,52,696,980.707901954601
38,53,433,-128.017264575153
38,54,743,-852.856054886778
38,55,-1162,-1620.43961919409
38,56,-34,469.700031348972
38,57,-1367,488.22452548476
38,58,-168,1746.41248687205
38,59,1897,1148.64144342925
38,60,-279,-1129.79336767928
38,61,974,-1313.57355040166
38,62,182,-1853.38854604078
38,63,53,-1320.64440437552
38,64,-530,-1114.48234483697
38,65,-938,9.54002555182728
38,66,799,270.696327386156
38,67,-44,-971.278692119474
38,68,-1073,-737.313347713649
38,69,878,503.369141063311
38,70,-721,-335.416601990615
38,71,-1411,646.937271461214
38,72,2951,2330.36774975504
38,73,-444,-1175.53106030007
38,74,626,-1349.14683638688
38,75,581,-1802.46642241583
38,76,-1312,-1700.60665670849
38,77,43,-616.966566462156
38,78,-219,375.802564347659
38,79,-88,99.4216887929456
38,80,508,-714.675378097141
38,81,111,-856.57458150212
38,82,364,-837.363113629688
38,83,-319,-901.583070945063
38,84,-86,-10.1146667152189
38,85,-351,-50.8756855729967
38,86,-1360,233.719587926516
38,87,1549,1467.27002713309
38,88,260,-512.984381746543
38,89,261,-913.490557219014
38,90,-248,-1240.19680418961
38,91,-1500,-443.912142741821
38,92,513,1137.54897317839
38,93,245,1005.30175200953
38,94,339,283.083894076453
38,95,-99,-1023.45662785037
38,96,563,-811.868386459857
38,97,258,-1136.34655971275
38,98,-457,-681.245507087374
38,99,717,-55.2920372138117
38,100,-3316,-1183.59770393557
38,101,1981,2235.31888232927
38,102,476,-21.3058654284357
38,103,369,-400.937712953785
38,104,390,-1597.99394701657
38,105,-183,-1174.42823743315
38,106,-1529,-1256.91375397306
38,107,-798,1557.30827166328
38,108,1662,2378.35701041428
38,109,123,-622.729279024304
38,110,657,-1400.4834814877
38,111,16,-1764.80861569654
38,112,-363,-1351.68115617709
38,113,-1210,-397.744543908024
38,114,-330,1750.46764571538
38,115,224,1246.40321730961
38,116,830,132.56461171223
38,117,248,-1030.86822789086
38,118,-909,-1036.96530194425
38,119,1301,139.166371803702
38,120,-1528,-733.072151799177
38,121,2251,1193.71861760234
38,122,-702,-1804.47994099923
38,123,242,-1139.44161724743
38,124,103,-1918.33220476677
38,125,-66,-763.823176901001
38,126,205,-984.197117282208
38,127,705,-648.562702016971
38,128,-1381,-1714.86274242374
38,129,-464,-180.492846565414
38,130,-2796,580.207555230509
38,131,3518,3934.41796512742
38,132,129,-689.339495767243
38,133,447,-765.750503755654
38,134,228,-2149.24107557627
38,135,-488,-1286.8366742614
38,136,-471,-607.296821184199
38,137,102,1166.93527043327
38,138,195,79.8298274832845
38,139,-340,-1355.50654208803
38,140,22,-866.678046440218
38,141,1140,-187.765713163599
38,142,-1666,-1263.66350880991
38,143,-111,913.157213362815
38,144,-2139,929.110606405781
38,145,2933,3017.21837962428
38,146,-244,-885.755501390687
38,147,828,-318.857003033929
38,148,-191,-2200.47396501693
38,149,-4455,-1026.41399465581
38,150,1968,3982.33088720176
38,151,914,2430.63650606381
38,152,1299,201.899074706031
38,153,-121,-2805.69456810436
38,154,-288,-2003.89965830137
38,155,-173,-1506.0088438174
38,156,-470,588.268284131886
38,157,-764,1336.52397361325
38,158,1659,680.824170106978
38,159,-73,-2218.58262681114
38,160,48,-1568.28084879902
38,161,-2085,-1078.73433759733
38,162,2666,1866.16296863449
38,163,-1266,-1360.01078796342
38,164,234,523.023819492461
38,165,408,-662.197580044767
38,166,227,-969.662737019535
38,167,-334,-1539.60054077506
38,168,85,276.297473705881
38,169,408,-373.680170480673
38,170,-3393,-1191.97610471383
38,171,-4437,2829.57801642992
38,172,1074,7562.93431983393
38,173,4470,5222.57933061317
38,174,420,-776.793470733348
38,175,-139,-1880.41151445696
38,176,-709,-2003.06808289968
38,177,-31,-188.558830486534
38,178,152,1626.86692742737
38,179,427,1566.85756647341
38,180,-651,-2047.25374568975
39,1,-1311,-1946.79737120898
39,2,-3275,209.662787001005
39,3,2272,3616.15503517275
39,4,2309,1621.59138368132
39,5,-40,-1844.38354918329
39,6,255,-2860.93122667327
39,7,655,-2482.53214125662
39,8,-1165,-2798.20947909942
39,9,-2770,356.885272170972
39,10,1714,3773.23015447205
39,11,-813,263.148531188122
39,12,1510,266.83839575768
39,13,-36,-1262.80451113853
39,14,-198,-565.873157896273
39,15,55,-1304.24608240765
39,16,-548,701.168425647272
39,17,-300,597.869278733896
39,18,1112,774.704129641913
39,19,483,-1141.99338696841
39,20,-3211,-1687.01135006798
39,21,3993,2026.4634029555
39,22,-479,-2081.66070434535
39,23,-643,-1342.11583490741
39,24,3,-1019.60270933718
39,25,54,300.049860703747
39,26,439,-1611.50975176297
39,27,242,35.103811436815
39,28,-238,-818.490024130031
39,29,-900,-1188.74838144759
39,30,66,110.490761354622
39,31,-1692,826.183611810692
39,32,2449,2427.17574069711
39,33,-58,-910.963595525931
39,34,302,-885.898443376328
39,35,37,-1818.68118874143
39,36,-724,-489.3858029349
39,37,-1879,-330.591092835972
39,38,1726,2876.76010924777
39,39,-614,22.6818392610441
39,40,-306,155.168887871312
39,41,-82,-108.484100751038
39,42,1635,792.498519703114
39,43,-567,-1806.00360098617
39,44,-112,55.9877294995198
39,45,663,-401.858154577451
39,46,-107,-1080.87505648707
39,47,-456,-1196.5059384953
39,48,-1416,248.132207588634
39,49,224,1217.81391727699
39,50,-156,665.507835585813
39,51,696,1086.73596656084
39,52,433,-137.386039841057
39,53,743,-762.453868879161
39,54,-1162,-1856.23771728738
39,55,-34,360.782475308039
39,56,-1367,356.170377605895
39,57,-168,1952.1762785551
39,58,1897,1270.31116266324
39,59,-279,-785.169572562121
39,60,974,-1368.45523420198
39,61,182,-1851.63904778562
39,62,53,-1491.20819096836
39,63,-530,-1340.12108674556
39,64,-938,201.681177480602
39,65,799,459.393786232955
39,66,-44,-512.850819266097
39,67,-1073,-546.709711100358
39,68,878,653.37979926776
39,69,-721,-220.871726629922
39,70,-1411,516.197909173439
39,71,2951,2246.79054477896
39,72,-444,-1090.75701394377
39,73,626,-1435.23221445312
39,74,581,-1861.84112770343
39,75,-1312,-1588.30628598638
39,76,43,-832.566610410966
39,77,-219,683.127538887513
39,78,-88,275.666191634417
39,79,508,-327.010464649489
39,80,111,-592.184543758653
39,81,364,-849.999352846726
39,82,-319,-905.91681393952
39,83,-86,-119.829446987458
39,84,-351,-65.1215099094289
39,85,-1360,359.429319282508
39,86,1549,1568.66910447549
39,87,260,-302.645451700704
39,88,261,-845.782343780679
39,89,-248,-1298.33326685977
39,90,-1500,-371.892206603675
39,91,513,935.536549052856
39,92,245,1116.48198215921
39,93,339,359.449810330757
39,94,-99,-827.3612095597
39,95,563,-634.287132184345
39,96,258,-1281.3852771688
39,97,-457,-736.866869068864
39,98,717,-143.575775254755
39,99,-3316,-979.710517332325
39,100,1981,2393.9194365789
39,101,476,151.415688777798
39,102,369,-152.902534820661
39,103,390,-1774.63278799905
39,104,-183,-857.837123530551
39,105,-1529,-1663.43426206213
39,106,-798,1628.15210861962
39,107,1662,2336.3822464762
39,108,123,-254.008902546055
39,109,657,-1218.91774030878
39,110,16,-1694.03388967423
39,111,-363,-1365.99225290201
39,112,-1210,-672.428375121844
39,113,-330,1789.37955578558
39,114,224,1376.58588767984
39,115,830,518.378692823344
39,116,248,-902.218338048052
39,117,-909,-959.07176163691
39,118,1301,-0.932652315780842
39,119,-1528,-863.414551918645
39,120,2251,1077.25008179181
39,121,-702,-1756.92869785479
39,122,242,-822.329974959585
39,123,103,-1989.33060163508
39,124,-66,-380.753552655254
39,125,205,-1196.21790587444
39,126,705,-254.51146964256
39,127,-1381,-1672.11445134194
39,128,-464,94.8538584081392
39,129,-2796,670.494577478495
39,130,3518,4094.45842076761
39,131,129,-657.622100713681
39,132,447,-594.313045387745
39,133,228,-2439.23997641646
39,134,-488,-1097.68964573141
39,135,-471,-1231.55786185958
39,136,102,1343.24807823831
39,137,195,185.837347392797
39,138,-340,-823.348468967086
39,139,22,-625.394004957052
39,140,1140,-95.5395892459477
39,141,-1666,-1273.07469858275
39,142,-111,834.65493723633
39,143,-2139,950.152529487189
39,144,2933,3164.22614294785
39,145,-244,-940.464612586358
39,146,828,-117.620898220297
39,147,-191,-2460.81134561359
39,148,-4455,-803.538991599818
39,149,1968,3462.11633291122
39,150,914,2714.22026300393
39,151,1299,295.418537500198
39,152,-121,-2649.0429442546
39,153,-288,-1677.6408622509
39,154,-173,-2002.26414402922
39,155,-470,495.753029490985
39,156,-764,1108.91091448152
39,157,1659,1181.87513784064
39,158,-73,-1829.54755307742
39,159,48,-1388.63194020637
39,160,-2085,-1135.15982282556
39,161,2666,1916.46685251702
39,162,-1266,-1511.1391207004
39,163,234,680.772216463969
39,164,408,-718.043184992087
39,165,227,-478.290510671425
39,166,-334,-1867.56652303714
39,167,85,509.108845921923
39,168,408,-460.420810465572
39,169,-3393,-914.288356227953
39,170,-4437,2857.01866162428
39,171,1074,7754.81201796497
39,172,4470,5459.52845952534
39,173,420,-884.085382105514
39,174,-139,-2137.39019868108
39,175,-709,-2373.95414762651
39,176,-31,-845.373005211224
39,177,152,842.340473683803
39,178,427,1680.63077022797
39,179,-651,-1424.85761717059
39,180,280,-1748.77582485612
40,1,1510,795.846170474055
40,2,-36,-289.293419414807
40,3,-198,-211.53885120554
40,4,55,-493.540391450012
40,5,-548,-62.7502196269842
40,6,-300,-267.84115087
40,7,1112,1722.38775545076
40,8,483,-1661.83375859103
40,9,-3211,-687.936151556816
40,10,3993,1244.15911493313
40,11,-479,-1553.01108682054
40,12,-643,-1352.54270182837
40,13,3,-658.82013698121
40,14,54,-853.685586855719
40,15,439,-1218.11299239482
40,16,242,-44.1701908025909
40,17,-238,-2078.99350882897
40,18,-900,700.266000841233
40,19,66,-1241.03460980405
40,20,-1692,704.943881177749
40,21,2449,2404.42340473072
40,22,-58,41.3093469390733
40,23,302,-347.359497550801
40,24,37,-1029.34612256442
40,25,-724,-1085.46508473321
40,26,-1879,-802.19927647369
40,27,1726,2381.09307780916
40,28,-614,-372.146563382169
40,29,-306,1568.1991510684
40,30,-82,83.0498621048732
40,31,1635,948.569702784794
40,32,-567,-964.205678301324
40,33,-112,-4.82027654205012
40,34,663,-877.193355106487
40,35,-107,-510.461450727182
40,36,-456,-1862.43070350268
40,37,-1416,-26.1664614261555
40,38,224,656.288785963933
40,39,-156,1309.8052555872
40,40,696,892.60725462134
40,41,433,876.008266142284
40,42,743,7.84336007419506
40,43,-1162,-1468.21069539376
40,44,-34,-38.7770638824895
40,45,-1367,-264.357299930842
40,46,-168,1705.72442842867
40,47,1897,1376.2119220948
40,48,-279,102.702136696781
40,49,974,-637.590401936195
40,50,182,-1118.4704719587
40,51,53,-2330.2998401306
40,52,-530,-1240.93066837043
40,53,-938,-1080.25076422871
40,54,799,-11.2704752883851
40,55,-44,-17.5704197219321
40,56,-1073,-934.559740678972
40,57,878,1247.75276711074
40,58,-721,-115.265494379046
40,59,-1411,718.640694682847
40,60,2951,2329.31275835334
40,61,-444,-640.170539931953
40,62,626,-540.542451948327
40,63,581,-1485.87900293304
40,64,-1312,-2625.19454092668
40,65,43,-767.304967290668
40,66,-219,-406.139616601954
40,67,-88,-573.144695947782
40,68,508,1119.41191311976
40,69,111,-1180.61819367787
40,70,364,-168.699140990281
40,71,-319,-528.99328637764
40,72,-86,-758.889622419806
40,73,-351,149.197109232251
40,74,-1360,13.2167892825935
40,75,1549,1368.81283444364
40,76,260,313.65947923239
40,77,261,-480.709163894582
40,78,-248,-536.56634043991
40,79,-1500,-818.164337332205
40,80,513,645.62324787195
40,81,245,963.405450097269
40,82,339,125.622150898239
40,83,-99,572.587774210851
40,84,563,-777.613355450083
40,85,258,-958.024620742967
40,86,-457,-840.163906786364
40,87,717,-767.565109488604
40,88,-3316,-712.919094635619
40,89,1981,1482.20542977204
40,90,476,650.303501067738
40,91,369,-80.8325846418875
40,92,390,-336.95898765682
40,93,-183,-1025.26947914846
40,94,-1529,-1882.8107122997
40,95,-798,1422.5429704214
40,96,1662,602.034510857521
40,97,123,1454.48489840481
40,98,657,-870.391930878015
40,99,16,-1013.91694207056
40,100,-363,-1466.0550859042
40,101,-1210,-924.87655385818
40,102,-330,678.996597588492
40,103,224,1134.62988361495
40,104,830,1366.41679994391
40,105,248,-476.730218626688
40,106,-909,-193.417149627573
40,107,1301,2.08155034196443
40,108,-1528,-769.270405851817
40,109,2251,407.419056384524
40,110,-702,-1099.305748966
40,111,242,-1244.88312692571
40,112,103,-1508.60650100706
40,113,-66,-1210.73551804499
40,114,205,-1598.01600153332
40,115,705,94.61065723763
40,116,-1381,-2539.18516524121
40,117,-464,797.30301159374
40,118,-2796,-284.12533116454
40,119,3518,3730.69891919299
40,120,129,661.875918271732
40,121,447,118.318003939713
40,122,228,-1041.04236514242
40,123,-488,-1428.89893524236
40,124,-471,-2016.43404506945
40,125,102,851.496498722042
40,126,195,-1142.63146681065
40,127,-340,847.224289422501
40,128,22,-1303.4433495529
40,129,1140,208.156911005854
40,130,-1666,-899.413068897783
40,131,-111,547.400658394051
40,132,-2139,927.602681590578
40,133,2933,2756.55969883448
40,134,-244,358.132786543707
40,135,828,186.001960433742
40,136,-191,-1285.4460515479
40,137,-4455,-975.470131999156
40,138,1968,1842.60754409839
40,139,914,3056.12926597468
40,140,1299,25.643786801124
40,141,-121,537.517045559135
40,142,-288,-2433.53710335683
40,143,-173,-1646.32231242574
40,144,-470,-251.7787947686
40,145,-764,-789.998083091059
40,146,1659,2335.09875916998
40,147,-73,-1716.42244147197
40,148,48,-855.674314800099
40,149,-2085,-1063.60247624825
40,150,2666,1159.46061494291
40,151,-1266,-960.072831165409
40,152,234,329.88702934288
40,153,408,-340.374098412936
40,154,227,-289.499235276816
40,155,-334,-1824.87832569054
40,156,85,373.842405094306
40,157,408,-1330.02248639053
40,158,-3393,351.456992688405
40,159,-4437,1244.96458005585
40,160,1074,7419.43989877716
40,161,4470,6382.35324688138
40,162,420,2227.18439773219
40,163,-139,527.947204833605
40,164,-709,-1300.64104299082
40,165,-31,-1428.10879487655
40,166,152,-808.303901288253
40,167,427,188.578439902536
40,168,-651,-590.216632945444
40,169,280,-970.599921020293
40,170,677,-2089.49966276482
40,171,544,-675.177178651025
40,172,316,-1187.77489367634
40,173,-583,-1370.88986582252
40,174,-2175,-1367.94804961027
40,175,1401,1150.34411268492
40,176,-50,178.367841577398
40,177,253,698.607613028335
40,178,-69,155.857353149862
40,179,-960,-273.614299943945
40,180,830,391.509254123691
41,1,-198,-569.334912281613
41,2,55,160.078879783517
41,3,-548,-330.920233580477
41,4,-300,-56.5501192403229
41,5,1112,1588.81223307732
41,6,483,-1889.26488059047
41,7,-3211,-703.393372463369
41,8,3993,1397.0741210091
41,9,-479,-1795.08882822804
41,10,-643,-1509.95338243263
41,11,3,-40.5310513431948
41,12,54,-1676.62541516809
41,13,439,-696.736278314341
41,14,242,-375.942174256182
41,15,-238,-2200.6286482455
41,16,-900,723.339520945983
41,17,66,-1308.84798966184
41,18,-1692,676.237620297522
41,19,2449,2367.54235780348
41,20,-58,-55.7239122165606
41,21,302,-559.680833071589
41,22,37,-577.231797161933
41,23,-724,-1455.31750093005
41,24,-1879,-388.1861334002
41,25,1726,2208.4840241546
41,26,-614,-591.584837652515
41,27,-306,1414.97641941169
41,28,-82,290.874367957776
41,29,1635,628.296500721222
41,30,-567,-652.508014340349
41,31,-112,-73.735714223626
41,32,663,-716.365592356598
41,33,-107,-760.670335570854
41,34,-456,-1717.62085090608
41,35,-1416,-167.84107975641
41,36,224,565.771467099484
41,37,-156,1253.75189448261
41,38,696,714.049552691935
41,39,433,964.586085040778
41,40,743,-122.48558017406
41,41,-1162,-1254.46438974852
41,42,-34,2.55249042548451
41,43,-1367,-175.025569321239
41,44,-168,1525.14261155113
41,45,1897,1426.43505095363
41,46,-279,-313.756371950532
41,47,974,-442.278399327651
41,48,182,-1068.74764022572
41,49,53,-2417.34559993063
41,50,-530,-918.186673331211
41,51,-938,-1359.41483932702
41,52,799,-5.52417081562817
41,53,-44,-297.343237327156
41,54,-1073,-1080.58360127986
41,55,878,1345.88243722585
41,56,-721,-311.914342369856
41,57,-1411,822.873072491984
41,58,2951,2517.98783346682
41,59,-444,-1004.30861371386
41,60,626,-390.122576339084
41,61,581,-1245.55309184874
41,62,-1312,-3052.51433443512
41,63,43,-268.096352352842
41,64,-219,-757.111014738705
41,65,-88,-771.170296314611
41,66,508,1142.2056204306
41,67,111,-1490.54472034664
41,68,364,-73.6255764663923
41,69,-319,-503.449310811877
41,70,-86,-765.205146111728
41,71,-351,219.69263362671
41,72,-1360,-112.305049297401
41,73,1549,1404.18104578905
41,74,260,108.311306993742
41,75,261,-583.200463643197
41,76,-248,-304.143643205581
41,77,-1500,-1026.20762306197
41,78,513,944.534718166958
41,79,245,780.718003457638
41,80,339,-40.3979921415843
41,81,-99,652.804272900252
41,82,563,-966.545817328052
41,83,258,-807.256399981859
41,84,-457,-877.338704817607
41,85,717,-690.906667012449
41,86,-3316,-862.630674122281
41,87,1981,1517.11895384186
41,88,476,564.059502146096
41,89,369,-556.861199708334
41,90,390,224.637085761687
41,91,-183,-1539.63904421481
41,92,-1529,-1448.12531397141
41,93,-798,1404.85980572082
41,94,1662,502.92647464474
41,95,123,1204.04677267605
41,96,657,-926.821367377177
41,97,16,-962.768527347855
41,98,-363,-1556.86351332501
41,99,-1210,-622.587283853897
41,100,-330,543.361707070688
41,101,224,1075.5094202111
41,102,830,1135.32864400386
41,103,248,-531.253169665099
41,104,-909,-232.472635166695
41,105,1301,174.522921696524
41,106,-1528,-794.139155882054
41,107,2251,445.285198197845
41,108,-702,-1068.35402349245
41,109,242,-1636.8754423964
41,110,103,-1066.29133486592
41,111,-66,-1781.96534466735
41,112,205,-1252.60267083915
41,113,705,-214.5018583691
41,114,-1381,-2611.81852591196
41,115,-464,808.804978531392
41,116,-2796,-331.381641424685
41,117,3518,3628.60752861876
41,118,129,611.24603913827
41,119,447,-237.529978204134
41,120,228,-395.707337185457
41,121,-488,-1928.16126075781
41,122,-471,-1397.51025030118
41,123,102,611.144277896733
41,124,195,-1308.51285272084
41,125,-340,702.594087435121
41,126,22,-1431.0604004713
41,127,1140,171.507506965441
41,128,-1666,-952.877404743056
41,129,-111,670.889680113211
41,130,-2139,959.079347361451
41,131,2933,2576.05590806821
41,132,-244,459.018656931687
41,133,828,-196.950492792817
41,134,-191,-735.981917215563
41,135,-4455,-1417.88119282675
41,136,1968,2547.19186141204
41,137,914,2615.0415863048
41,138,1299,-357.336386749279
41,139,-121,971.748343872139
41,140,-288,-2957.85639354096
41,141,-173,-1044.0403827466
41,142,-470,-368.216961595705
41,143,-764,-763.829157437989
41,144,1659,2161.83049636477
41,145,-73,-1997.73544895464
41,146,48,-924.076698558532
41,147,-2085,-893.197279357849
41,148,2666,1043.80015938633
41,149,-1266,-863.153234344447
41,150,234,63.9330325606882
41,151,408,23.9563573197504
41,152,227,-920.660085385579
41,153,-334,-1330.56909213071
41,154,85,94.330527422771
41,155,408,-1299.77087070799
41,156,-3393,262.453775179866
41,157,-4437,1329.15398951586
41,158,1074,7498.88101178815
41,159,4470,5962.90828753792
41,160,420,2087.02073154954
41,161,-139,866.591240628851
41,162,-709,-975.077574844582
41,163,-31,-1152.00261251266
41,164,152,-369.839105077329
41,165,427,-179.972132031981
41,166,-651,-808.581933011165
41,167,280,-1223.13160854486
41,168,677,-2156.81469870881
41,169,544,-780.804234920183
41,170,316,-1092.38993128249
41,171,-583,-1465.86556757823
41,172,-2175,-1345.35494149321
41,173,1401,1182.32009522456
41,174,-50,-51.303425329043
41,175,253,493.643213500665
41,176,-69,339.504304699623
41,177,-960,-585.604865129769
41,178,830,768.890644504711
41,179,135,417.604390984501
41,180,-488,-432.212144909699
42,1,55,-479.566033713037
42,2,-548,-83.4457484555146
42,3,-300,-102.032919118778
42,4,1112,1552.82949775411
42,5,483,-1655.11950642077
42,6,-3211,-870.274561977621
42,7,3993,1348.40360600241
42,8,-479,-1599.66339363888
42,9,-643,-1555.43948853369
42,10,3,-572.450407485359
42,11,54,-801.073416757177
42,12,439,-1207.33697578654
42,13,242,-236.193997938068
42,14,-238,-1889.10419998738
42,15,-900,460.572246876915
42,16,66,-1142.11277767046
42,17,-1692,709.046725997324
42,18,2449,2358.63239739101
42,19,-58,-87.8858144645876
42,20,302,-543.5710903169
42,21,37,-1030.9442145105
42,22,-724,-1090.53723702853
42,23,-1879,-681.43541898971
42,24,1726,2358.33742182152
42,25,-614,-322.032287619037
42,26,-306,1264.50137662247
42,27,-82,94.8184634655515
42,28,1635,883.361195574942
42,29,-567,-1054.36429530456
42,30,-112,-110.56926410768
42,31,663,-715.071893506259
42,32,-107,-645.105395575805
42,33,-456,-1831.11778532795
42,34,-1416,-36.5154009867639
42,35,224,737.232395695522
42,36,-156,1191.90508363795
42,37,696,804.229980753933
42,38,433,762.011576063131
42,39,743,-134.04622036354
42,40,-1162,-1495.1649363663
42,41,-34,-24.5464356791271
42,42,-1367,-144.021704290699
42,43,-168,1661.97920638175
42,44,1897,1363.21560109633
42,45,-279,-126.517721552192
42,46,974,-748.243013716017
42,47,182,-1196.34712889553
42,48,53,-2259.08338270835
42,49,-530,-1233.22924348487
42,50,-938,-1003.21588677583
42,51,799,75.2576590672102
42,52,-44,-174.692757896517
42,53,-1073,-979.291195680499
42,54,878,1184.91890879388
42,55,-721,-155.652241540806
42,56,-1411,645.869602510646
42,57,2951,2334.27962060889
42,58,-444,-735.984184604673
42,59,626,-729.05887128586
42,60,581,-1486.44667893581
42,61,-1312,-2555.43198483185
42,62,43,-727.260632410255
42,63,-219,-378.4242588817
42,64,-88,-489.967937300463
42,65,508,892.284687788262
42,66,111,-1201.18216507429
42,67,364,-246.229337999086
42,68,-319,-616.296586763364
42,69,-86,-699.33423930144
42,70,-351,130.776158208153
42,71,-1360,-0.274723731384142
42,72,1549,1387.09402724117
42,73,260,191.546603250331
42,74,261,-622.911734318209
42,75,-248,-601.085610301674
42,76,-1500,-797.328330828787
42,77,513,726.667531811231
42,78,245,910.008824377337
42,79,339,88.1847716916883
42,80,-99,391.384501479869
42,81,563,-809.418833526418
42,82,258,-978.438971042259
42,83,-457,-902.889006095068
42,84,717,-682.638116348691
42,85,-3316,-768.707336622481
42,86,1981,1556.8097334162
42,87,476,606.235683275975
42,88,369,-291.507204284962
42,89,390,-431.843662046498
42,90,-183,-1095.23558062148
42,91,-1529,-1763.13258907439
42,92,-798,1355.38237413854
42,93,1662,838.381794197154
42,94,123,1175.05319466658
42,95,657,-1026.46119654326
42,96,16,-1072.04078516481
42,97,-363,-1472.81923738837
42,98,-1210,-881.98202902362
42,99,-330,757.032456247771
42,100,224,1184.25467278817
42,101,830,1167.42703588787
42,102,248,-586.787256669082
42,103,-909,-320.928920290949
42,104,1301,31.3799773193797
42,105,-1528,-797.527438472506
42,106,2251,428.164362197705
42,107,-702,-1150.98954974553
42,108,242,-1330.73763080166
42,109,103,-1470.60478698784
42,110,-66,-1263.17307564762
42,111,205,-1492.49150719526
42,112,705,-69.0020426104751
42,113,-1381,-2437.63229981378
42,114,-464,667.312484800373
42,115,-2796,-169.630070328796
42,116,3518,3732.64729658971
42,117,129,482.535338737504
42,118,447,-177.614913592652
42,119,228,-1042.43081998146
42,120,-488,-1476.01036385335
42,121,-471,-1830.99047306776
42,122,102,787.346538116873
42,123,195,-963.030165193577
42,124,-340,575.852200972183
42,125,22,-1296.92490996654
42,126,1140,162.718805308191
42,127,-1666,-994.739114529156
42,128,-111,550.018990126273
42,129,-2139,977.952475988073
42,130,2933,2744.49296180217
42,131,-244,195.987885824945
42,132,828,-41.7942919546394
42,133,-191,-1266.1752046758
42,134,-4455,-1066.85033956067
42,135,1968,2168.19282366024
42,136,914,2944.92709736013
42,137,1299,-109.037451189135
42,138,-121,175.219484937717
42,139,-288,-2417.87003542326
42,140,-173,-1537.0433920903
42,141,-470,-302.867262192202
42,142,-764,-544.841750373806
42,143,1659,2172.20992875847
42,144,-73,-1803.19289454841
42,145,48,-1021.24159249251
42,146,-2085,-1046.49562078539
42,147,2666,1236.30244772447
42,148,-1266,-1008.23882240425
42,149,234,181.848580376278
42,150,408,-248.628607287699
42,151,227,-444.110546478548
42,152,-334,-1792.49276945573
42,153,85,267.636081771738
42,154,408,-1160.26972635809
42,155,-3393,125.451105988066
42,156,-4437,1410.87972585938
42,157,1074,7554.93454924694
42,158,4470,6196.67995849726
42,159,420,1639.67056830928
42,160,-139,167.616954316556
42,161,-709,-1211.07034830001
42,162,-31,-1293.20539662861
42,163,152,-648.416693334769
42,164,427,277.997058936982
42,165,-651,-665.833550219967
42,166,280,-1161.67176987513
42,167,677,-2042.65566582069
42,168,544,-754.951167903715
42,169,316,-1224.12723765801
42,170,-583,-1404.09476803407
42,171,-2175,-1313.33593702645
42,172,1401,1221.27820486218
42,173,-50,170.549324242851
42,174,253,511.246901459115
42,175,-69,57.3693787008079
42,176,-960,-329.752152605104
42,177,830,423.455968233398
42,178,135,465.994775376324
42,179,-488,-356.618483924553
42,180,-2721,897.611682581294
43,1,-479,-1890.34383327604
43,2,-643,-2557.87940639983
43,3,3,-104.976043197887
43,4,54,-683.537872661465
43,5,439,-2541.75959049938
43,6,242,52.4941296040183
43,7,-238,-2287.66939698055
43,8,-900,291.589803900166
43,9,66,-1077.89735941475
43,10,-1692,571.372411414415
43,11,2449,2482.98702146442
43,12,-58,-60.2261642070913
43,13,302,-683.75417490266
43,14,37,-789.86578093708
43,15,-724,-1034.23978589711
43,16,-1879,-1429.63342935911
43,17,1726,2684.69393952018
43,18,-614,-750.47252860125
43,19,-306,1092.40066086917
43,20,-82,754.536737545153
43,21,1635,1237.55201973
43,22,-567,-1621.02941541313
43,23,-112,84.3467264133869
43,24,663,-757.302678257187
43,25,-107,-1108.28202162895
43,26,-456,-2433.33346098784
43,27,-1416,60.6998485440822
43,28,224,639.310060169179
43,29,-156,1128.64073688531
43,30,696,892.755545326629
43,31,433,1004.25133050821
43,32,743,107.754266406508
43,33,-1162,-1665.40068117178
43,34,-34,28.9615859140837
43,35,-1367,-391.660303293236
43,36,-168,1457.49447408604
43,37,1897,1392.12590940725
43,38,-279,-135.293261856402
43,39,974,-813.602733661094
43,40,182,-768.029880244638
43,41,53,-2755.59028304614
43,42,-530,-1843.62014921659
43,43,-938,-1236.10544195163
43,44,799,-454.103367531311
43,45,-44,-413.557781538048
43,46,-1073,-1213.64315877924
43,47,878,1587.41401419539
43,48,-721,-1.75628449825007
43,49,-1411,427.440979641642
43,50,2951,2923.54697391672
43,51,-444,-892.558758770786
43,52,626,-1299.52229678912
43,53,581,-1032.20844532964
43,54,-1312,-3021.0878020885
43,55,43,-1571.60905152312
43,56,-219,-265.804112915486
43,57,-88,-1228.14489980199
43,58,508,829.114124129975
43,59,111,-990.463558760884
43,60,364,-406.928745201149
43,61,-319,-532.965229052139
43,62,-86,-829.9901286015
43,63,-351,-88.5712725942243
43,64,-1360,-159.190601393373
43,65,1549,1428.37676682174
43,66,260,179.091767343463
43,67,261,-882.654284988724
43,68,-248,-350.30537165221
43,69,-1500,-700.650425401151
43,70,513,422.813590164059
43,71,245,936.878519171227
43,72,339,-306.29099286354
43,73,-99,506.14447147578
43,74,563,-537.653561187715
43,75,258,-1257.86107245478
43,76,-457,-1109.57228741516
43,77,717,-914.771745462399
43,78,-3316,-1090.70478795096
43,79,1981,1551.71764830627
43,80,476,707.149189566547
43,81,369,-756.403563279263
43,82,390,-261.578537564854
43,83,-183,-542.36743939473
43,84,-1529,-2589.52973126728
43,85,-798,1555.63542662671
43,86,1662,709.076391598376
43,87,123,737.948916625239
43,88,657,-1072.35953715938
43,89,16,-649.446062243524
43,90,-363,-1637.42628525776
43,91,-1210,-1306.18550436763
43,92,-330,759.259152849178
43,93,224,887.385953222172
43,94,830,1086.01273757506
43,95,248,-517.702652806205
43,96,-909,-64.2863788766385
43,97,1301,233.564851042838
43,98,-1528,-1003.41769649697
43,99,2251,98.6302325401497
43,100,-702,-1360.44231175972
43,101,242,-1757.4457853635
43,102,103,-1711.78923107536
43,103,-66,-1322.03568027226
43,104,205,-2328.80661185704
43,105,705,8.22505816072112
43,106,-1381,-3015.14966378663
43,107,-464,629.188024647441
43,108,-2796,-24.7490550004709
43,109,3518,3961.13295734574
43,110,129,389.424096129299
43,111,447,-226.210170435278
43,112,228,-537.995447146467
43,113,-488,-1237.05568710975
43,114,-471,-2915.61227768405
43,115,102,834.757520535548
43,116,195,-1623.97334100227
43,117,-340,278.936904422275
43,118,22,-1177.33624125213
43,119,1140,260.883336440938
43,120,-1666,-1237.58410001882
43,121,-111,612.267804660801
43,122,-2139,1256.15785460259
43,123,2933,2801.27064649916
43,124,-244,20.3098146526496
43,125,828,67.7474323532319
43,126,-191,-1056.9651115127
43,127,-4455,-928.50506555517
43,128,1968,1983.02632923836
43,129,914,3305.47053214971
43,130,1299,-1095.7991589585
43,131,-121,610.610821497495
43,132,-288,-1628.51768282502
43,133,-173,-2215.88330329204
43,134,-470,-454.181773293854
43,135,-764,-1177.47900659356
43,136,1659,2076.62699331154
43,137,-73,-2086.72453363177
43,138,48,-1193.8157286913
43,139,-2085,-784.920025988083
43,140,2666,1445.28798461642
43,141,-1266,-1634.45500514354
43,142,234,-70.2173651657674
43,143,408,-12.5648699011326
43,144,227,-486.950675480735
43,145,-334,-2550.68152105318
43,146,85,686.393978397097
43,147,408,-1615.88333830646
43,148,-3393,-180.085891844881
43,149,-4437,1751.26817380014
43,150,1074,8759.20976521373
43,151,4470,6710.72079339778
43,152,420,1544.39740114115
43,153,-139,1511.49245292933
43,154,-709,117.302935363225
43,155,-31,-1861.85474111745
43,156,152,-1686.86136967447
43,157,427,-282.264236841656
43,158,-651,-1390.30948210501
43,159,280,-1204.43858313549
43,160,677,-2056.5567488143
43,161,544,-1018.25212196126
43,162,316,-1519.66580495462
43,163,-583,-1548.15687917976
43,164,-2175,-1679.84606357443
43,165,1401,1226.96131453506
43,166,-50,-97.2705829128095
43,167,253,137.05732834328
43,168,-69,472.950055129003
43,169,-960,22.6419113920099
43,170,830,221.479628598165
43,171,135,608.73933623167
43,172,-488,-767.59936289901
43,173,-2721,1006.86456408646
43,174,1485,2543.6958184955
43,175,-1633,1310.54156590625
43,176,147,3079.8822216405
43,177,2663,3438.36866131714
43,178,-1128,56.011774505575
43,179,1301,-940.956737684513
43,180,63,-198.171901739397
44,1,439,-1489.94304663509
44,2,242,-393.73567358117
44,3,-238,-2150.22454472558
44,4,-900,334.246487484252
44,5,66,-1429.37994989882
44,6,-1692,621.637468579785
44,7,2449,2470.56405952417
44,8,-58,-372.682839593837
44,9,302,-783.287082332349
44,10,37,-1069.12187057523
44,11,-724,-1392.73164792188
44,12,-1879,-757.057551748358
44,13,1726,2522.19281082871
44,14,-614,-654.132408892906
44,15,-306,1167.82537793042
44,16,-82,56.8941413861905
44,17,1635,697.853467292629
44,18,-567,-1325.70099256639
44,19,-112,-110.031018191588
44,20,663,-756.876400552951
44,21,-107,-975.635535856669
44,22,-456,-2096.33878431583
44,23,-1416,-96.1963387734892
44,24,224,654.266600538188
44,25,-156,1022.96722576673
44,26,696,655.659455131084
44,27,433,727.406355707383
44,28,743,-324.306199098689
44,29,-1162,-1724.64178132998
44,30,-34,-32.6421974068702
44,31,-1367,-224.873620203783
44,32,-168,1658.85259075522
44,33,1897,1331.94991189094
44,34,-279,-494.51564555002
44,35,974,-886.386039190477
44,36,182,-1388.95929090462
44,37,53,-2618.02107617095
44,38,-530,-1326.25952604298
44,39,-938,-1177.077088901
44,40,799,-29.9501588968988
44,41,-44,-509.498073746934
44,42,-1073,-1281.08198242726
44,43,878,1237.31442036797
44,44,-721,-451.124755718168
44,45,-1411,574.800363748361
44,46,2951,2572.99141292686
44,47,-444,-1155.10950105932
44,48,626,-871.974084021573
44,49,581,-1563.44804744596
44,50,-1312,-3032.2387519565
44,51,43,-766.515182281658
44,52,-219,-563.008048493174
44,53,-88,-745.041371334629
44,54,508,796.264105177467
44,55,111,-1575.24246804698
44,56,364,-411.262971360989
44,57,-319,-798.926908884477
44,58,-86,-841.795395757633
44,59,-351,60.5031417220634
44,60,-1360,-151.78091537669
44,61,1549,1422.99023824267
44,62,260,-86.9316115401778
44,63,261,-873.953698896068
44,64,-248,-659.465237613689
44,65,-1500,-1024.8060519125
44,66,513,753.37569940619
44,67,245,797.110859755704
44,68,339,-86.2697966687964
44,69,-99,329.295951115043
44,70,563,-1074.7125565593
44,71,258,-1218.1457928051
44,72,-457,-1093.39126022723
44,73,717,-750.633539463426
44,74,-3316,-1013.57683044856
44,75,1981,1651.97625450493
44,76,476,365.622341591418
44,77,369,-666.614469808863
44,78,390,-382.591943591355
44,79,-183,-1414.21720942973
44,80,-1529,-2002.08898429672
44,81,-798,1456.44255153376
44,82,1662,811.769377367806
44,83,123,947.484838963366
44,84,657,-1289.32358228251
44,85,16,-1239.81955798664
44,86,-363,-1789.98841262028
44,87,-1210,-997.549075060881
44,88,-330,785.313723216742
44,89,224,1143.23828091206
44,90,830,989.265123343773
44,91,248,-851.405901486602
44,92,-909,-480.157192993036
44,93,1301,-16.7016384752765
44,94,-1528,-1057.73739743827
44,95,2251,446.31986311779
44,96,-702,-1381.85110105309
44,97,242,-1651.61914054974
44,98,103,-1612.06875985132
44,99,-66,-1665.47928421155
44,100,205,-1691.12421318871
44,101,705,-241.035196344102
44,102,-1381,-2838.41988345928
44,103,-464,643.492531638177
44,104,-2796,-352.366705464697
44,105,3518,3922.73865771917
44,106,129,157.806179997452
44,107,447,-393.057492286091
44,108,228,-979.030639981068
44,109,-488,-1874.81892839119
44,110,-471,-1989.41772453209
44,111,102,825.624275254708
44,112,195,-1188.75863212016
44,113,-340,387.71004993458
44,114,22,-1626.71522416378
44,115,1140,7.07812482877557
44,116,-1666,-1304.26998903195
44,117,-111,611.122421760613
44,118,-2139,976.382632335118
44,119,2933,2795.8187378804
44,120,-244,-64.6163499123794
44,121,828,-210.877121976458
44,122,-191,-1303.11304489382
44,123,-4455,-1407.84612293494
44,124,1968,2539.55163360762
44,125,914,2875.0356788148
44,126,1299,-467.382002501159
44,127,-121,244.773737256993
44,128,-288,-2848.41919432449
44,129,-173,-1740.54873816768
44,130,-470,-441.863742309282
44,131,-764,-569.964367624657
44,132,1659,2249.88277719997
44,133,-73,-2350.1377503182
44,134,48,-1302.48087172836
44,135,-2085,-1174.46054031263
44,136,2666,1252.43984168342
44,137,-1266,-1372.01032962834
44,138,234,103.657648643548
44,139,408,-207.120305527777
44,140,227,-870.483487583763
44,141,-334,-2042.06132738027
44,142,85,218.628755279042
44,143,408,-1377.46461088102
44,144,-3393,-75.3721821334157
44,145,-4437,1546.20769212127
44,146,1074,8194.0402262583
44,147,4470,6154.8051233454
44,148,420,1327.09535135356
44,149,-139,397.543150818552
44,150,-709,-1194.77815994209
44,151,-31,-1561.48952590103
44,152,152,-626.606378260837
44,153,427,362.818880557115
44,154,-651,-884.183572587866
44,155,280,-1596.78876286628
44,156,677,-2513.60949270315
44,157,544,-1023.09958725595
44,158,316,-1390.61069365695
44,159,-583,-1616.48316481739
44,160,-2175,-1533.22361735565
44,161,1401,1256.83852097762
44,162,-50,-124.839397738182
44,163,253,339.841499721168
44,164,-69,23.9057152498674
44,165,-960,-598.067172334632
44,166,830,384.872861930332
44,167,135,348.589522401775
44,168,-488,-478.072847983045
44,169,-2721,950.286781685254
44,170,1485,2056.66213783658
44,171,-1633,1207.17444359391
44,172,147,3004.01319743865
44,173,2663,2840.76827989938
44,174,-1128,-594.422193175332
44,175,1301,-663.871831645129
44,176,63,-956.387400382617
44,177,345,-2785.72050587676
44,178,-477,-1149.08958813414
44,179,-542,-2341.5133315309
44,180,1585,-966.78935947175
45,1,-900,431.295999596742
45,2,66,-1390.9379918759
45,3,-1692,662.508945364971
45,4,2449,2549.12600039008
45,5,-58,-158.450368850766
45,6,302,-527.425833108698
45,7,37,-1073.74676382213
45,8,-724,-1544.31608297026
45,9,-1879,-668.292584912876
45,10,1726,2294.97268320357
45,11,-614,-532.782894943465
45,12,-306,1497.14377840095
45,13,-82,99.2191362020843
45,14,1635,759.881145649145
45,15,-567,-929.00224755111
45,16,-112,-196.042369128872
45,17,663,-981.84367623107
45,18,-107,-922.879498923972
45,19,-456,-1975.66304770921
45,20,-1416,-309.172167090299
45,21,224,611.027546004608
45,22,-156,1253.67508416432
45,23,696,893.19801597515
45,24,433,887.655996071125
45,25,743,-200.012149519451
45,26,-1162,-1585.75619781595
45,27,-34,-159.038578970413
45,28,-1367,-347.563273340261
45,29,-168,1661.79840221289
45,30,1897,1454.08849187426
45,31,-279,-241.906256158792
45,32,974,-619.067007283318
45,33,182,-1462.5587778029
45,34,53,-2619.63704148223
45,35,-530,-1373.25411000977
45,36,-938,-1479.98385261462
45,37,799,-101.7913751153
45,38,-44,-375.936894592472
45,39,-1073,-1086.60726568922
45,40,878,1250.32725842271
45,41,-721,-337.220556233515
45,42,-1411,833.827481996351
45,43,2951,2513.26209956065
45,44,-444,-1012.98737918344
45,45,626,-542.474332221148
45,46,581,-1779.83393359646
45,47,-1312,-3183.69031584043
45,48,43,-687.390395099655
45,49,-219,-857.050681323322
45,50,-88,-694.346199281989
45,51,508,977.183914820838
45,52,111,-1493.17501219146
45,53,364,-222.631030279753
45,54,-319,-732.539152449131
45,55,-86,-884.161672573622
45,56,-351,35.6020645528621
45,57,-1360,-156.36941784397
45,58,1549,1439.93589309024
45,59,260,79.4048326307083
45,60,261,-596.472626821185
45,61,-248,-654.426120408966
45,62,-1500,-1130.12291918846
45,63,513,810.657253063499
45,64,245,786.456662131527
45,65,339,65.7162843124306
45,66,-99,446.428526948923
45,67,563,-1049.88448670482
45,68,258,-1061.85252822354
45,69,-457,-1074.59460965736
45,70,717,-884.154693395672
45,71,-3316,-1076.30702613667
45,72,1981,1623.70034382293
45,73,476,463.769147475371
45,74,369,-293.15018582052
45,75,390,-239.671630517368
45,76,-183,-1620.91404709927
45,77,-1529,-1803.12962364324
45,78,-798,1291.93843634582
45,79,1662,660.488377398361
45,80,123,1233.30859641211
45,81,657,-1004.74504859266
45,82,16,-1282.17049948294
45,83,-363,-1757.46123390412
45,84,-1210,-954.766278112413
45,85,-330,552.228729186552
45,86,224,1130.06555776892
45,87,830,1222.1898437645
45,88,248,-595.988224120639
45,89,-909,-373.08386291472
45,90,1301,2.56697152547281
45,91,-1528,-1004.84473043323
45,92,2251,452.095459642727
45,93,-702,-1438.0838894589
45,94,242,-1633.83617114085
45,95,103,-1605.3975010695
45,96,-66,-1795.45414505091
45,97,205,-1552.39301261545
45,98,705,-359.706092152598
45,99,-1381,-2796.08485755491
45,100,-464,641.847695091781
45,101,-2796,-394.552137828778
45,102,3518,4003.28437014631
45,103,129,568.894218422494
45,104,447,-48.8539887840288
45,105,228,-1013.68634261113
45,106,-488,-2049.88743678805
45,107,-471,-1819.60398988066
45,108,102,504.8728051372
45,109,195,-1301.1684271846
45,110,-340,551.442012316441
45,111,22,-1512.91427503422
45,112,1140,86.89728218321
45,113,-1666,-1115.55389387602
45,114,-111,601.532540850817
45,115,-2139,856.475507691035
45,116,2933,2912.63939149076
45,117,-244,312.609161498628
45,118,828,-29.5649631457009
45,119,-191,-1301.4625267985
45,120,-4455,-1518.58345812741
45,121,1968,2504.01182070349
45,122,914,2788.30757257301
45,123,1299,56.0767698527693
45,124,-121,452.85834491304
45,125,-288,-3059.66100880926
45,126,-173,-1540.69380975479
45,127,-470,-546.695187662325
45,128,-764,-780.595853558534
45,129,1659,2150.09144313413
45,130,-73,-2103.21433193888
45,131,48,-1051.18681205105
45,132,-2085,-1222.87903772582
45,133,2666,1124.50295024528
45,134,-1266,-1128.25579623336
45,135,234,182.465793089274
45,136,408,-364.715216938572
45,137,227,-846.923571449937
45,138,-334,-1701.61780354871
45,139,85,-2.48003744863374
45,140,408,-1417.36512339338
45,141,-3393,58.1042180561215
45,142,-4437,1464.41341208882
45,143,1074,8055.59018573279
45,144,4470,6807.14132581475
45,145,420,2454.73973167139
45,146,-139,628.687440659965
45,147,-709,-1536.18974267774
45,148,-31,-1500.25362265123
45,149,152,-686.300148685489
45,150,427,-137.437699276891
45,151,-651,-990.4071208597
45,152,280,-1431.14168871681
45,153,677,-2334.20658060327
45,154,544,-882.156979314559
45,155,316,-1356.49611012032
45,156,-583,-1744.94644124432
45,157,-2175,-1602.5697933111
45,158,1401,1153.20461579778
45,159,-50,-19.2529683753093
45,160,253,630.621981079601
45,161,-69,86.2696617537115
45,162,-960,-589.983045238795
45,163,830,603.346798795081
45,164,135,356.017616416494
45,165,-488,-424.687026294606
45,166,-2721,932.730588005324
45,167,1485,1962.68810620408
45,168,-1633,1511.45575465391
45,169,147,3340.09942029332
45,170,2663,2926.52129347998
45,171,-1128,-308.040765499574
45,172,1301,-295.80584582995
45,173,63,-1272.21970781661
45,174,345,-2855.1006019783
45,175,-477,-1162.15998321568
45,176,-542,-2713.56371556474
45,177,1585,-998.263215801987
45,178,372,-1922.6598666326
45,179,-877,-3484.32379195225
45,180,-354,-563.73100406966
46,1,37,-670.827115684447
46,2,-724,-1025.71445397923
46,3,-1879,-1309.79265567826
46,4,1726,2290.97094500459
46,5,-614,-609.365647222717
46,6,-306,510.494801243771
46,7,-82,1493.33925340584
46,8,1635,1067.64057866203
46,9,-567,-1877.6288987914
46,10,-112,-500.679587159105
46,11,663,-766.386639562145
46,12,-107,-1478.38280632432
46,13,-456,-1794.88569266588
46,14,-1416,-53.6661297524981
46,15,224,1052.33105965644
46,16,-156,1187.83646022512
46,17,696,1037.27216987478
46,18,433,513.773132549948
46,19,743,-163.738969818433
46,20,-1162,-1618.77810223846
46,21,-34,-187.063475466186
46,22,-1367,-460.694695533104
46,23,-168,1090.61940398995
46,24,1897,1513.84422021967
46,25,-279,-467.588864982354
46,26,974,-677.237048968266
46,27,182,-798.866913528401
46,28,53,-2509.13335586752
46,29,-530,-2179.46771225312
46,30,-938,-1106.46132002877
46,31,799,-226.515420530507
46,32,-44,-198.533796726976
46,33,-1073,-528.820906945059
46,34,878,1603.0265873771
46,35,-721,240.312851064528
46,36,-1411,235.044838941366
46,37,2951,2608.21114149021
46,38,-444,-1421.18041233075
46,39,626,-1779.58211831437
46,40,581,-877.652586947575
46,41,-1312,-2787.41980082977
46,42,43,-1473.80695692145
46,43,-219,-6.83146050007053
46,44,-88,-986.618128642805
46,45,508,642.249699574731
46,46,111,-56.4135100058208
46,47,364,-500.993364179987
46,48,-319,-536.651522364246
46,49,-86,-743.375648658689
46,50,-351,-462.241656690653
46,51,-1360,-101.213791478322
46,52,1549,1508.14519314675
46,53,260,29.833242137406
46,54,261,-936.824326684737
46,55,-248,-427.815525045615
46,56,-1500,-548.205345360211
46,57,513,498.460592431803
46,58,245,607.430352118131
46,59,339,-540.177187073366
46,60,-99,93.7591592614068
46,61,563,10.1833056456637
46,62,258,-1172.77146596868
46,63,-457,-1313.36240156306
46,64,717,-945.899587313576
46,65,-3316,-1338.02393846792
46,66,1981,2135.04049155699
46,67,476,761.821786331514
46,68,369,-1000.74977770482
46,69,390,-406.283363334697
46,70,-183,-458.185718074448
46,71,-1529,-2178.43042848028
46,72,-798,1139.69986828247
46,73,1662,1040.12016191757
46,74,123,-325.777421520636
46,75,657,-580.21752805263
46,76,16,-510.367082689983
46,77,-363,-1396.54505237979
46,78,-1210,-1218.51986379003
46,79,-330,578.094472473189
46,80,224,665.034024276787
46,81,830,872.791454365434
46,82,248,-140.705977051979
46,83,-909,-197.807255249373
46,84,1301,423.100526152911
46,85,-1528,-1272.70032241538
46,86,2251,-185.14676091072
46,87,-702,-1788.60287337837
46,88,242,-1642.99224583838
46,89,103,-1186.66155068433
46,90,-66,-990.84654810323
46,91,205,-1884.18576418422
46,92,705,-321.168152797741
46,93,-1381,-2241.83421437415
46,94,-464,460.776697411266
46,95,-2796,897.91171944968
46,96,3518,3791.20969492064
46,97,129,-51.6577303300633
46,98,447,-884.590222273602
46,99,228,-558.881578273083
46,100,-488,-1201.42577896386
46,101,-471,-2532.94922679957
46,102,102,29.3402053766581
46,103,195,-1316.51593255037
46,104,-340,-158.08162002345
46,105,22,155.281521302561
46,106,1140,343.60039720964
46,107,-1666,-1284.47657170961
46,108,-111,557.256033184087
46,109,-2139,1122.5358751353
46,110,2933,2674.53086187985
46,111,-244,-407.575792714224
46,112,828,-459.168282158967
46,113,-191,-1051.84981745277
46,114,-4455,-954.430891876844
46,115,1968,2685.4509585133
46,116,914,2227.06473613375
46,117,1299,-1497.44101936016
46,118,-121,-297.764134741267
46,119,-288,-583.995066415012
46,120,-173,-1869.0729096028
46,121,-470,-753.896595663206
46,122,-764,-1270.54326419714
46,123,1659,1090.54523056519
46,124,-73,-1116.45934604044
46,125,48,-898.487769843578
46,126,-2085,-379.228139258877
46,127,2666,1537.26163530121
46,128,-1266,-1888.39852720995
46,129,234,-507.240852591562
46,130,408,110.932729591839
46,131,227,-539.828888793719
46,132,-334,-1885.04853828244
46,133,85,293.719521984163
46,134,408,-1243.40458332065
46,135,-3393,-722.649037978207
46,136,-4437,2769.84256648735
46,137,1074,8553.82478017142
46,138,4470,6082.39001369545
46,139,420,-123.996919770832
46,140,-139,231.141352407652
46,141,-709,-49.8057863381611
46,142,-31,-1900.09126945825
46,143,152,-2385.43866288957
46,144,427,-1685.40246529586
46,145,-651,-1738.39989139184
46,146,280,110.232994109648
46,147,677,-348.134465179805
46,148,544,-1123.01504849989
46,149,316,-1716.4818993641
46,150,-583,-1657.40271084271
46,151,-2175,-1261.47500927005
46,152,1401,1615.27724187906
46,153,-50,4.11800212407138
46,154,253,-251.268974775293
46,155,-69,536.64503110898
46,156,-960,275.634569015576
46,157,830,411.667316627242
46,158,135,110.404308424316
46,159,-488,-1164.55263200064
46,160,-2721,429.006765936328
46,161,1485,3242.15066446791
46,162,-1633,1115.68595638361
46,163,147,2477.37682742852
46,164,2663,2948.65567190771
46,165,-1128,-835.104011521194
46,166,1301,-974.398099116504
46,167,63,-720.548585129472
46,168,345,-3393.44548785034
46,169,-477,-2529.16656354841
46,170,-542,-1441.46906783616
46,171,1585,-1158.11030965625
46,172,372,-1625.68688286265
46,173,-877,-2686.98667474185
46,174,-354,-198.130608405013
46,175,-367,-188.645434310496
46,176,574,-176.830173267856
46,177,-2354,-110.218685204899
46,178,1942,2503.40377704439
46,179,331,626.496400856331
46,180,-182,-863.704978989153
47,1,1635,733.715208948973
47,2,-567,-2151.18833009988
47,3,-112,80.5960512035763
47,4,663,-335.466459870081
47,5,-107,-1837.16836315345
47,6,-456,-1437.12742891468
47,7,-1416,185.081950668557
47,8,224,972.283390227961
47,9,-156,363.478363047485
47,10,696,1028.5421855607
47,11,433,126.985644301797
47,12,743,-542.320231367175
47,13,-1162,-1721.60870853187
47,14,-34,224.17799777718
47,15,-1367,-68.4723530431961
47,16,-168,1200.37783815241
47,17,1897,1180.44294843696
47,18,-279,-962.005544434273
47,19,974,-955.624560987677
47,20,182,-1230.32499916852
47,21,53,-1911.64926209899
47,22,-530,-1868.63006093586
47,23,-938,-264.458459519874
47,24,799,-134.261320710771
47,25,-44,-874.242483729196
47,26,-1073,-512.862636827766
47,27,878,1063.93675976005
47,28,-721,-182.221370297793
47,29,-1411,198.802660924178
47,30,2951,2537.46629690982
47,31,-444,-1529.37319705492
47,32,626,-1764.325913721
47,33,581,-1010.41676079782
47,34,-1312,-2159.06601050051
47,35,43,-1447.13509920943
47,36,-219,435.132062698017
47,37,-88,-530.229745930814
47,38,508,-397.671461264479
47,39,111,-165.129324764258
47,40,364,-877.857341784151
47,41,-319,-768.582393614759
47,42,-86,-270.683609977957
47,43,-351,-449.571730849625
47,44,-1360,32.8806734117697
47,45,1549,1420.96082149791
47,46,260,-497.296615362443
47,47,261,-975.695837321
47,48,-248,-737.65874719766
47,49,-1500,-393.882358863725
47,50,513,526.760138554934
47,51,245,649.965013417241
47,52,339,-161.306037463437
47,53,-99,-600.389116314933
47,54,563,-226.839240799456
47,55,258,-1407.58176928884
47,56,-457,-1021.44503515339
47,57,717,-353.178907523674
47,58,-3316,-1431.81692439165
47,59,1981,2229.04360780294
47,60,476,26.7595995833743
47,61,369,-822.923423753154
47,62,390,-961.630600484964
47,63,-183,-497.627751282847
47,64,-1529,-2087.45592761182
47,65,-798,1294.62751131344
47,66,1662,1883.65230925932
47,67,123,-1140.17914674414
47,68,657,-817.410494523391
47,69,16,-924.538027320748
47,70,-363,-1464.28700846267
47,71,-1210,-1015.23015955203
47,72,-330,1321.06704684655
47,73,224,745.821634135545
47,74,830,181.119222402266
47,75,248,-536.079907716685
47,76,-909,-576.551192953754
47,77,1301,278.037107847059
47,78,-1528,-1245.06881040567
47,79,2251,524.844099983024
47,80,-702,-1914.61526325393
47,81,242,-1273.102349868
47,82,103,-1661.34997405236
47,83,-66,-745.597651605064
47,84,205,-1628.87841454454
47,85,705,-480.446199294148
47,86,-1381,-1838.34591040677
47,87,-464,-50.128825741464
47,88,-2796,851.290807007802
47,89,3518,3607.84042024563
47,90,129,-894.012050622282
47,91,447,-666.041667134803
47,92,228,-1152.93818891187
47,93,-488,-1195.30637022569
47,94,-471,-1955.45531887453
47,95,102,693.466855835844
47,96,195,-471.7368633264
47,97,-340,-1238.09421539637
47,98,22,-78.7056731331157
47,99,1140,-27.6742227076397
47,100,-1666,-1468.14867033509
47,101,-111,854.050446883864
47,102,-2139,969.361944753569
47,103,2933,2591.96953547603
47,104,-244,-1127.0683811795
47,105,828,-123.863017093102
47,106,-191,-1568.98094401778
47,107,-4455,-995.859074729039
47,108,1968,3226.51673135795
47,109,914,1865.17397838526
47,110,1299,-832.92153826816
47,111,-121,-1620.68703298694
47,112,-288,-589.991577841945
47,113,-173,-2281.03010921277
47,114,-470,-177.04306776412
47,115,-764,318.711835912904
47,116,1659,549.053721490566
47,117,-73,-1762.24954192449
47,118,48,-1262.51020612269
47,119,-2085,-533.321861192078
47,120,2666,1708.49444997241
47,121,-1266,-2184.87994510021
47,122,234,181.42229745386
47,123,408,-105.941255013598
47,124,227,-942.560003620957
47,125,-334,-1999.55625183175
47,126,85,553.578946288719
47,127,408,-757.474606632801
47,128,-3393,-1428.73803227947
47,129,-4437,3177.09062627547
47,130,1074,7788.55803411524
47,131,4470,4698.69869451648
47,132,420,-1073.8278732736
47,133,-139,-73.3405123815946
47,134,-709,-629.37448446562
47,135,-31,-1748.71451810024
47,136,152,-674.426793527405
47,137,427,354.330470712972
47,138,-651,-2041.44692641415
47,139,280,-1344.01434290614
47,140,677,-787.603359629674
47,141,544,-1051.10682458683
47,142,316,-1424.7713445043
47,143,-583,-1486.53531083611
47,144,-2175,-1157.71248076627
47,145,1401,1591.53203945275
47,146,-50,-101.039425317055
47,147,253,-271.796307697572
47,148,-69,-74.5487881295531
47,149,-960,-59.6401947407182
47,150,830,120.112222242908
47,151,135,258.402270491978
47,152,-488,-434.205712295932
47,153,-2721,-66.962811087767
47,154,1485,3094.60945075591
47,155,-1633,384.143029424269
47,156,147,2519.02400849411
47,157,2663,2397.51776045019
47,158,-1128,-1459.39162948477
47,159,1301,-1055.60216417506
47,160,63,-634.326454309335
47,161,345,-2133.83759826896
47,162,-477,-2644.57601330326
47,163,-542,-439.101764763537
47,164,1585,-1212.12317848266
47,165,372,-2369.71457410192
47,166,-877,-2182.40353265658
47,167,-354,-523.686277897272
47,168,-367,-265.451117794006
47,169,574,-259.286291006125
47,170,-2354,-7.93857436683754
47,171,1942,2571.51550525065
47,172,331,-589.505368808955
47,173,-182,-897.730972690269
47,174,213,-86.8091537409977
47,175,79,-19.4303669060306
47,176,-564,-1798.12546464103
47,177,-1261,270.420391459513
47,178,799,1559.31264660712
47,179,972,-369.262258638412
47,180,-290,-1223.36537199028
48,1,-107,-2077.77278461864
48,2,-456,-1290.80215953629
48,3,-1416,-125.564649700076
48,4,224,1022.13898873207
48,5,-156,1159.85027549049
48,6,696,1859.31348076166
48,7,433,600.621768132408
48,8,743,-195.087598086523
48,9,-1162,-1608.31282456621
48,10,-34,-100.956585968875
48,11,-1367,-530.37719011448
48,12,-168,1170.62715285111
48,13,1897,1792.18591716732
48,14,-279,-346.568104022591
48,15,974,-346.140633817987
48,16,182,-1144.26674752345
48,17,53,-2419.91921313207
48,18,-530,-2444.01929382779
48,19,-938,-1006.05465100277
48,20,799,-461.292618173617
48,21,-44,-352.127098941586
48,22,-1073,98.3814135156316
48,23,878,1550.03516230279
48,24,-721,283.862585948962
48,25,-1411,649.800671152607
48,26,2951,2912.13479215666
48,27,-444,-1524.45960481345
48,28,626,-1537.39244658762
48,29,581,-1107.36036965301
48,30,-1312,-3019.52299626935
48,31,43,-1702.51637100741
48,32,-219,159.467995361383
48,33,-88,-819.469951300133
48,34,508,303.313246905652
48,35,111,522.895715411613
48,36,364,-580.41814721068
48,37,-319,-495.654971099932
48,38,-86,-490.504750703573
48,39,-351,-695.371342431369
48,40,-1360,48.5332025491753
48,41,1549,1697.67980108448
48,42,260,-1.00747450564484
48,43,261,-491.621203300994
48,44,-248,-531.680705313714
48,45,-1500,-624.872565927025
48,46,513,538.254514765006
48,47,245,777.920882026207
48,48,339,-86.7357210047845
48,49,-99,-184.252013666269
48,50,563,172.821322894794
48,51,258,-1256.31950433077
48,52,-457,-1141.72710830587
48,53,717,-838.7570564859
48,54,-3316,-1794.7214637807
48,55,1981,2540.2272354643
48,56,476,598.47170575389
48,57,369,-292.917329690342
48,58,390,-437.650665310795
48,59,-183,-680.492533674575
48,60,-1529,-2251.41327675393
48,61,-798,1213.11355080386
48,62,1662,1595.00003629082
48,63,123,-826.662193686548
48,64,657,105.639794998476
48,65,16,-718.442431903852
48,66,-363,-1587.30843219641
48,67,-1210,-1154.15807230354
48,68,-330,864.137198307812
48,69,224,600.568175674416
48,70,830,903.937374819567
48,71,248,332.454862013412
48,72,-909,-194.40878237196
48,73,1301,473.140151873585
48,74,-1528,-1364.28813297288
48,75,2251,273.679834377563
48,76,-702,-2218.3064805714
48,77,242,-1509.73325721949
48,78,103,-1548.01856868071
48,79,-66,-941.042688812307
48,80,205,-1742.34958486682
48,81,705,-543.677921738353
48,82,-1381,-1983.36020990265
48,83,-464,91.8349762839583
48,84,-2796,1250.20709212781
48,85,3518,4157.42995947568
48,86,129,97.1290660970316
48,87,447,-89.9962265807208
48,88,228,-971.2353635663
48,89,-488,-1640.39230471732
48,90,-471,-2315.47249138224
48,91,102,30.540538082276
48,92,195,-1112.30569327082
48,93,-340,-855.247296125233
48,94,22,804.803276141547
48,95,1140,311.654932784868
48,96,-1666,-1193.9579262453
48,97,-111,926.279420988229
48,98,-2139,942.072515644688
48,99,2933,3033.93130590457
48,100,-244,-284.291280532004
48,101,828,232.633081562118
48,102,-191,-1514.89613689418
48,103,-4455,-1272.97324426585
48,104,1968,3308.02526161064
48,105,914,1995.34296150232
48,106,1299,-394.509403568519
48,107,-121,-813.067694625067
48,108,-288,-489.963166189611
48,109,-173,-2401.74286454937
48,110,-470,-435.577810169964
48,111,-764,-667.398367718475
48,112,1659,291.151299548198
48,113,-73,-943.185005736733
48,114,48,-615.881088013161
48,115,-2085,-331.711485470193
48,116,2666,1587.7206399526
48,117,-1266,-2050.67331844771
48,118,234,195.75022632587
48,119,408,-196.901235410723
48,120,227,-919.871174092998
48,121,-334,-1501.65203049532
48,122,85,397.144093979945
48,123,408,-1182.76122314938
48,124,-3393,-1267.01124912879
48,125,-4437,3708.01193045038
48,126,1074,8685.04655544379
48,127,4470,6822.44330096871
48,128,420,1195.8685111271
48,129,-139,849.36007834253
48,130,-709,-1132.31875718547
48,131,-31,-2409.60291336404
48,132,152,-1654.08945364548
48,133,427,-1463.85042938553
48,134,-651,-2721.81338013035
48,135,280,-267.392892421091
48,136,677,220.939802918559
48,137,544,-904.189549302753
48,138,316,-1600.48510220401
48,139,-583,-1927.34795817495
48,140,-2175,-1448.29808773179
48,141,1401,1694.33963576404
48,142,-50,184.978352860713
48,143,253,210.69598877539
48,144,-69,532.879383418197
48,145,-960,209.896259138315
48,146,830,559.140152510575
48,147,135,366.648097170086
48,148,-488,-772.722599028596
48,149,-2721,-29.6448021592266
48,150,1485,3613.11336725957
48,151,-1633,1132.47820123073
48,152,147,3488.14691734481
48,153,2663,3197.95081665909
48,154,-1128,-1028.42479423806
48,155,1301,-504.824583438918
48,156,63,-1084.17728193965
48,157,345,-3306.6417527279
48,158,-477,-3214.89470061863
48,159,-542,-1104.98358892311
48,160,1585,-1618.04877425343
48,161,372,-1909.43060563452
48,162,-877,-2003.75462110912
48,163,-354,-695.309273937476
48,164,-367,-237.531433105229
48,165,574,20.5679635872245
48,166,-2354,272.807468452689
48,167,1942,2823.27042664554
48,168,331,176.510858589327
48,169,-182,-121.662642533105
48,170,213,87.6427103342296
48,171,79,-516.591377687603
48,172,-564,-1939.34818353634
48,173,-1261,255.201195065331
48,174,799,1339.80357824667
48,175,972,-2.31318354708844
48,176,-290,-384.816712336015
48,177,-1139,1.76353363715816
48,178,-505,965.743766219396
48,179,-1874,977.5439521474
48,180,38,3681.79713474572
49,1,-456,-1424.90119372835
49,2,-1416,-29.4911816837141
49,3,224,1032.72595056274
49,4,-156,1082.19604491434
49,5,696,1564.4822263215
49,6,433,1052.77037691391
49,7,743,154.193488204201
49,8,-1162,-1231.37242771692
49,9,-34,134.407382631058
49,10,-1367,-335.315419439997
49,11,-168,1330.53070899831
49,12,1897,1691.10951956432
49,13,-279,-243.12467087027
49,14,974,62.7144760035758
49,15,182,-896.496730862685
49,16,53,-2200.35797373109
49,17,-530,-1879.47914715801
49,18,-938,-1122.70344339732
49,19,799,-214.764693722733
49,20,-44,-509.824868321237
49,21,-1073,-175.056913061266
49,22,878,1741.20466878342
49,23,-721,158.156887524414
49,24,-1411,915.432815493358
49,25,2951,2973.4206011309
49,26,-444,-1257.25464817016
49,27,626,-749.102415245528
49,28,581,-952.063824599689
49,29,-1312,-2835.40052282892
49,30,43,-1157.01974590568
49,31,-219,-379.037462096028
49,32,-88,-642.959396832289
49,33,508,591.156954804623
49,34,111,-73.3775771664955
49,35,364,-117.588557942809
49,36,-319,-386.69175727322
49,37,-86,-372.020808220574
49,38,-351,-258.915126398231
49,39,-1360,52.1042217627264
49,40,1549,1738.90590178581
49,41,260,22.9397425056376
49,42,261,-260.387623808619
49,43,-248,-153.76897708753
49,44,-1500,-539.844021997558
49,45,513,799.356489758053
49,46,245,635.925836440086
49,47,339,141.285409375015
49,48,-99,350.947962209153
49,49,563,9.53537095149892
49,50,258,-943.658757206529
49,51,-457,-978.863831373084
49,52,717,-570.935116971889
49,53,-3316,-1420.55381854539
49,54,1981,2346.56445059215
49,55,476,384.296241935247
49,56,369,-198.309839019352
49,57,390,181.196886211969
49,58,-183,-721.94131395038
49,59,-1529,-1738.54691777256
49,60,-798,1169.78615858004
49,61,1662,1317.14616661956
49,62,123,-135.412684020805
49,63,657,-17.5904797072219
49,64,16,-447.99683028076
49,65,-363,-1339.55914588797
49,66,-1210,-938.510782652645
49,67,-330,777.315401885821
49,68,224,851.145384714442
49,69,830,987.003280668099
49,70,248,221.782529320079
49,71,-909,137.111389793261
49,72,1301,664.774271740926
49,73,-1528,-1159.84075487399
49,74,2251,547.588641257414
49,75,-702,-1795.80234207573
49,76,242,-1297.77856092772
49,77,103,-1274.2104418827
49,78,-66,-1279.48467110232
49,79,205,-1438.89311589569
49,80,705,-491.078579976992
49,81,-1381,-2018.01881038253
49,82,-464,468.476357673663
49,83,-2796,691.888231899317
49,84,3518,4095.84373621663
49,85,129,134.264418921108
49,86,447,334.232910456451
49,87,228,-199.229169216802
49,88,-488,-1561.89448593086
49,89,-471,-1917.98192540017
49,90,102,63.8064240744882
49,91,195,-992.330053550988
49,92,-340,-300.563423247768
49,93,22,100.338877449681
49,94,1140,439.478436719705
49,95,-1666,-1019.22603505787
49,96,-111,1118.64274058295
49,97,-2139,1058.86240821271
49,98,2933,3005.95437572873
49,99,-244,-112.509902101779
49,100,828,509.732434960553
49,101,-191,-760.883813585496
49,102,-4455,-1186.73383286069
49,103,1968,3249.54491217727
49,104,914,1771.26312237943
49,105,1299,-104.967002518424
49,106,-121,222.594218525984
49,107,-288,-872.730195185495
49,108,-173,-1697.98678324105
49,109,-470,-696.313857599992
49,110,-764,-520.318002167169
49,111,1659,1051.71241210176
49,112,-73,-1361.96474460319
49,113,48,-510.903162408577
49,114,-2085,-294.687773197733
49,115,2666,1615.45775974232
49,116,-1266,-1796.40496276965
49,117,234,368.343215308346
49,118,408,186.577353016618
49,119,227,-850.30542267332
49,120,-334,-1347.67136298634
49,121,85,336.957532275515
49,122,408,-937.713862654752
49,123,-3393,-761.319085900028
49,124,-4437,3070.49681932288
49,125,1074,8380.38268840866
49,126,4470,6285.73080629446
49,127,420,1773.15753107761
49,128,-139,2028.14887464571
49,129,-709,-124.37941420191
49,130,-31,-1911.60334056295
49,131,152,-1556.63051227129
49,132,427,-947.700630060714
49,133,-651,-1786.48177838663
49,134,280,-641.83369018023
49,135,677,-675.735464606814
49,136,544,-785.786132381701
49,137,316,-1214.72717138716
49,138,-583,-1559.12614524903
49,139,-2175,-1274.07134277168
49,140,1401,1501.20423613449
49,141,-50,-78.3483487654341
49,142,253,495.423872847933
49,143,-69,771.772776853417
49,144,-960,212.038440591995
49,145,830,810.614809233594
49,146,135,320.56426175487
49,147,-488,-339.572443998955
49,148,-2721,622.713502595301
49,149,1485,3150.51083004018
49,150,-1633,1138.474727464
49,151,147,3511.69205400666
49,152,2663,3492.37337856319
49,153,-1128,-532.993404234811
49,154,1301,215.39872456168
49,155,63,-881.222710906262
49,156,345,-2815.57648267184
49,157,-477,-2343.43822017276
49,158,-542,-1668.40482091446
49,159,1585,-1203.40008448232
49,160,372,-2111.61980111033
49,161,-877,-2281.99305209483
49,162,-354,-298.208875944979
49,163,-367,-585.53659986672
49,164,574,50.5547540825885
49,165,-2354,212.434394082366
49,166,1942,2935.412434232
49,167,331,377.875120160566
49,168,-182,-148.250642511101
49,169,213,579.030449363608
49,170,79,-268.039001214175
49,171,-564,-1432.68385799894
49,172,-1261,291.25792838329
49,173,799,1186.47655342277
49,174,972,459.132878144712
49,175,-290,-588.511632353553
49,176,-1139,323.960876845009
49,177,-505,1132.63637751116
49,178,-1874,999.09472949382
49,179,38,3564.49014766199
49,180,-867,3566.89174192976
50,1,696,1658.13482216932
50,2,433,1026.25064784225
50,3,743,69.7249828050906
50,4,-1162,-1327.6493171213
50,5,-34,-292.165766108174
50,6,-1367,-613.97385530295
50,7,-168,1052.16293777102
50,8,1897,1883.43447471869
50,9,-279,-29.060286957352
50,10,974,80.682334394711
50,11,182,-844.49012125083
50,12,53,-2579.25233891099
50,13,-530,-2178.24719753717
50,14,-938,-1381.926827095
50,15,799,-311.561316860926
50,16,-44,-90.8227689717656
50,17,-1073,71.7339950731764
50,18,878,1791.15387251101
50,19,-721,297.282354196872
50,20,-1411,700.19220398978
50,21,2951,2782.86017214497
50,22,-444,-1296.50680802855
50,23,626,-1041.2602110058
50,24,581,-851.15412788476
50,25,-1312,-3209.95493745519
50,26,43,-1360.27087319803
50,27,-219,-312.781748780255
50,28,-88,-802.155134610352
50,29,508,939.200849855976
50,30,111,307.90422681972
50,31,364,-180.701186182502
50,32,-319,-367.609429232302
50,33,-86,-654.505064232423
50,34,-351,-494.310693502514
50,35,-1360,-32.6096802494516
50,36,1549,1659.18583448652
50,37,260,247.857891624976
50,38,261,-290.423940141147
50,39,-248,-133.722236403783
50,40,-1500,-770.384413250168
50,41,513,527.476490608704
50,42,245,602.210858608331
50,43,339,-42.475033236194
50,44,-99,465.212781346657
50,45,563,130.878534654118
50,46,258,-995.947994282368
50,47,-457,-1178.97886462013
50,48,717,-887.810213842121
50,49,-3316,-1499.91536176697
50,50,1981,2208.41199887756
50,51,476,809.546345481427
50,52,369,-300.873681713674
50,53,390,338.266432638137
50,54,-183,-840.927582519506
50,55,-1529,-1975.30146515297
50,56,-798,911.98680844564
50,57,1662,1051.82548232861
50,58,123,-79.009078058183
50,59,657,308.338330672689
50,60,16,-341.450223907435
50,61,-363,-1526.59480582947
50,62,-1210,-1140.10112196016
50,63,-330,392.29338731993
50,64,224,686.797803345018
50,65,830,1215.83133050651
50,66,248,554.598910382373
50,67,-909,114.304150594064
50,68,1301,492.408850414744
50,69,-1528,-1310.2823547856
50,70,2251,49.9448694358786
50,71,-702,-1729.1487168232
50,72,242,-1523.87208555128
50,73,103,-1014.43655752314
50,74,-66,-1310.04516727015
50,75,205,-1493.71491766834
50,76,705,-453.464416063236
50,77,-1381,-1942.54282815182
50,78,-464,425.058464434362
50,79,-2796,923.712673750923
50,80,3518,3824.1259893307
50,81,129,590.861879590064
50,82,447,80.6234780159084
50,83,228,-156.569727509543
50,84,-488,-1875.7400855673
50,85,-471,-2272.25178278502
50,86,102,-311.028500388839
50,87,195,-1205.55138631499
50,88,-340,-51.2000032138189
50,89,22,609.357193728622
50,90,1140,469.966240132024
50,91,-1666,-991.170679506203
50,92,-111,812.597189218931
50,93,-2139,956.736647540503
50,94,2933,2727.23945470411
50,95,-244,252.181962054976
50,96,828,228.537269233673
50,97,-191,-729.33333319689
50,98,-4455,-1456.42907831815
50,99,1968,2766.73153841083
50,100,914,1802.362722761
50,101,1299,-334.921518794071
50,102,-121,579.455859076339
50,103,-288,-803.645976112669
50,104,-173,-1936.7462679362
50,105,-470,-973.550773939239
50,106,-764,-1103.60443082475
50,107,1659,877.876099425617
50,108,-73,-698.800347042145
50,109,48,-335.218095222671
50,110,-2085,-205.774030700724
50,111,2666,1223.81100497673
50,112,-1266,-1670.00310769727
50,113,234,-12.5456951051997
50,114,408,260.63586902379
50,115,227,-886.460818378799
50,116,-334,-1182.00891612944
50,117,85,168.17504724828
50,118,408,-1159.65976438251
50,119,-3393,-723.068680665435
50,120,-4437,3020.03240135371
50,121,1074,8163.81763709845
50,122,4470,6639.5419517012
50,123,420,2076.32333687244
50,124,-139,1718.32643379791
50,125,-709,-659.775349433392
50,126,-31,-2684.2101446697
50,127,152,-2330.86310966614
50,128,427,-1835.20587074296
50,129,-651,-1768.75590305966
50,130,280,216.608861922936
50,131,677,-11.8003065350095
50,132,544,-868.917210586674
50,133,316,-1382.36876426478
50,134,-583,-1723.51748636834
50,135,-2175,-1369.44573320867
50,136,1401,1418.9997126667
50,137,-50,117.864257803484
50,138,253,432.970667104348
50,139,-69,1025.11139066171
50,140,-960,187.087618059012
50,141,830,676.944479355294
50,142,135,180.780993000397
50,143,-488,-773.318087620367
50,144,-2721,508.411475003427
50,145,1485,3112.05181126983
50,146,-1633,1325.66151277402
50,147,147,3252.78445103432
50,148,2663,3520.97614182619
50,149,-1128,-624.719861208083
50,150,1301,-69.8518375110586
50,151,63,-1090.26130731437
50,152,345,-3562.84163825102
50,153,-477,-2512.25127486477
50,154,-542,-1723.77710996875
50,155,1585,-1225.11209556048
50,156,372,-1559.85256939114
50,157,-877,-2060.89438511198
50,158,-354,-320.25131512928
50,159,-367,-473.354618175156
50,160,574,28.14063014156
50,161,-2354,278.674554664274
50,162,1942,2694.59323359251
50,163,331,763.476994648706
50,164,-182,-170.175418326166
50,165,213,426.119375693118
50,166,79,-646.831267724004
50,167,-564,-1659.89658861288
50,168,-1261,168.755035554263
50,169,799,956.663705616365
50,170,972,560.583008012508
50,171,-290,-281.066909655652
50,172,-1139,250.397799506254
50,173,-505,930.507008073978
50,174,-1874,877.984573888706
50,175,38,3305.11537359908
50,176,-867,3485.88854731708
50,177,93,4105.97416984521
50,178,-572,4049.05251305274
50,179,1673,3751.53625867483
50,180,981,772.71079990724
