"dataset_id","dataset_name","workflow","iteration","prec","rec","F1"
"DS16","Istanbul Stock Exchange - FTSE (Daily)","mc.lm",1,1e-05,0.371887517434675,1.99994622174373e-05
"DS16","Istanbul Stock Exchange - FTSE (Daily)","mc.lm",2,1e-05,0.376485460330632,1.99994687850955e-05
"DS16","Istanbul Stock Exchange - FTSE (Daily)","mc.lm",3,1e-05,0.376644868849281,1.99994690099172e-05
"DS16","Istanbul Stock Exchange - FTSE (Daily)","mc.lm",4,1e-05,0.376418094030268,1.99994686900283e-05
"DS16","Istanbul Stock Exchange - FTSE (Daily)","mc.lm",5,1e-05,0.37560907676561,1.99994675456803e-05
"DS16","Istanbul Stock Exchange - FTSE (Daily)","mc.lm",6,1e-05,0.375173954586787,1.99994669281627e-05
"DS16","Istanbul Stock Exchange - FTSE (Daily)","mc.lm",7,1e-05,0.375054333182033,1.99994667581471e-05
"DS16","Istanbul Stock Exchange - FTSE (Daily)","mc.lm",8,1e-05,0.379814132200551,1.99994734405135e-05
"DS16","Istanbul Stock Exchange - FTSE (Daily)","mc.lm",9,1e-05,0.377887322900728,1.99994707557109e-05
"DS16","Istanbul Stock Exchange - FTSE (Daily)","mc.lm",10,1e-05,0.377463142649073,1.99994701609799e-05
"DS16","Istanbul Stock Exchange - FTSE (Daily)","mc.lm",11,1e-05,0.370052307753696,1.99994595504708e-05
"DS16","Istanbul Stock Exchange - FTSE (Daily)","mc.lm",12,1e-05,0.369231064920436,1.99994583484368e-05
"DS16","Istanbul Stock Exchange - FTSE (Daily)","mc.lm",13,1e-05,0.368652491775139,1.99994574983773e-05
"DS16","Istanbul Stock Exchange - FTSE (Daily)","mc.lm",14,1e-05,0.368267281201121,1.99994569309316e-05
"DS16","Istanbul Stock Exchange - FTSE (Daily)","mc.lm",15,1e-05,0.369033564015905,1.99994580585614e-05
"DS16","Istanbul Stock Exchange - FTSE (Daily)","mc.lm",16,1e-05,0.366733321664698,1.99994546594629e-05
"DS16","Istanbul Stock Exchange - FTSE (Daily)","mc.lm",17,1e-05,0.36750697258658,1.99994558074459e-05
"DS16","Istanbul Stock Exchange - FTSE (Daily)","mc.lm",18,1e-05,0.363578151396319,1.99994499270693e-05
"DS16","Istanbul Stock Exchange - FTSE (Daily)","mc.lm",19,1e-05,0.363510113814774,1.99994498241159e-05
"DS16","Istanbul Stock Exchange - FTSE (Daily)","mc.lm",20,1e-05,0.362670564846845,1.99994485505445e-05
"DS16","Istanbul Stock Exchange - FTSE (Daily)","mc.lm",21,1e-05,0.36276998469276,1.99994487016692e-05
"DS16","Istanbul Stock Exchange - FTSE (Daily)","mc.lm",22,1e-05,0.352884293246437,1.99994332580497e-05
"DS16","Istanbul Stock Exchange - FTSE (Daily)","mc.lm",23,1e-05,0.353194220546361,1.99994337553507e-05
"DS16","Istanbul Stock Exchange - FTSE (Daily)","mc.lm",24,1e-05,0.352677200021258,1.99994329252664e-05
"DS16","Istanbul Stock Exchange - FTSE (Daily)","mc.lm",25,1e-05,0.357298478927157,1.99994402595746e-05
"DS16","Istanbul Stock Exchange - FTSE (Daily)","mc.lm",26,1e-05,0.358916888161864,1.99994427834565e-05
"DS16","Istanbul Stock Exchange - FTSE (Daily)","mc.lm",27,1e-05,0.36045600492935,1.99994451626582e-05
"DS16","Istanbul Stock Exchange - FTSE (Daily)","mc.lm",28,1e-05,0.370223723934246,1.9999459800696e-05
"DS16","Istanbul Stock Exchange - FTSE (Daily)","mc.lm",29,1e-05,0.373900083895673,1.99994651120453e-05
"DS16","Istanbul Stock Exchange - FTSE (Daily)","mc.lm",30,1e-05,0.369240042988673,1.99994583616067e-05
"DS16","Istanbul Stock Exchange - FTSE (Daily)","mc.lm",31,1e-05,0.39703401727108,1.99994962775126e-05
"DS16","Istanbul Stock Exchange - FTSE (Daily)","mc.lm",32,1e-05,0.400626370771639,1.99995007942e-05
"DS16","Istanbul Stock Exchange - FTSE (Daily)","mc.lm",33,1e-05,0.395561915586425,1.99994944029338e-05
"DS16","Istanbul Stock Exchange - FTSE (Daily)","mc.lm",34,1e-05,0.395073091171596,1.99994937773738e-05
"DS16","Istanbul Stock Exchange - FTSE (Daily)","mc.lm",35,1e-05,0.390661635820877,1.99994880611192e-05
"DS16","Istanbul Stock Exchange - FTSE (Daily)","mc.lm",36,1e-05,0.390606883972783,1.99994879893619e-05
"DS16","Istanbul Stock Exchange - FTSE (Daily)","mc.lm",37,1e-05,0.388603895347708,1.99994853503635e-05
"DS16","Istanbul Stock Exchange - FTSE (Daily)","mc.lm",38,1e-05,0.393725571928807,1.99994920448792e-05
"DS16","Istanbul Stock Exchange - FTSE (Daily)","mc.lm",39,1e-05,0.39152059050749,1.99994891842302e-05
"DS16","Istanbul Stock Exchange - FTSE (Daily)","mc.lm",40,1e-05,0.388830896668559,1.99994856508106e-05
"DS16","Istanbul Stock Exchange - FTSE (Daily)","mc.lm",41,1e-05,0.391154605230081,1.99994887062957e-05
"DS16","Istanbul Stock Exchange - FTSE (Daily)","mc.lm",42,1e-05,0.40884549846174,1.99995108296189e-05
"DS16","Istanbul Stock Exchange - FTSE (Daily)","mc.lm",43,1e-05,0.417960579238282,1.99995214974213e-05
"DS16","Istanbul Stock Exchange - FTSE (Daily)","mc.lm",44,1e-05,0.419293684287905,1.99995230187392e-05
"DS16","Istanbul Stock Exchange - FTSE (Daily)","mc.lm",45,1e-05,0.418102273526516,1.99995216595813e-05
"DS16","Istanbul Stock Exchange - FTSE (Daily)","mc.lm",46,1e-05,0.411806511819905,1.99995143468165e-05
"DS16","Istanbul Stock Exchange - FTSE (Daily)","mc.lm",47,1e-05,0.415101019796649,1.99995182011788e-05
"DS16","Istanbul Stock Exchange - FTSE (Daily)","mc.lm",48,1e-05,0.396607194531544,1.99994957354276e-05
"DS16","Istanbul Stock Exchange - FTSE (Daily)","mc.lm",49,1e-05,0.417977285066968,1.99995215165457e-05
"DS16","Istanbul Stock Exchange - FTSE (Daily)","mc.lm",50,1e-05,0.4196228917787,1.99995233929372e-05
"DS16","Istanbul Stock Exchange - FTSE (Daily)","mc.lm_UNDERB",1,0.358847517320487,0.45465801927458,0.40111073399552
"DS16","Istanbul Stock Exchange - FTSE (Daily)","mc.lm_UNDERB",2,0.342242579762165,0.483803029700859,0.400893110706583
"DS16","Istanbul Stock Exchange - FTSE (Daily)","mc.lm_UNDERB",3,0.408451069874471,0.4759828501589,0.439638733851291
"DS16","Istanbul Stock Exchange - FTSE (Daily)","mc.lm_UNDERB",4,0.322015523669393,0.391011069860796,0.353175142594238
"DS16","Istanbul Stock Exchange - FTSE (Daily)","mc.lm_UNDERB",5,0.273869676394929,0.424770892316693,0.333023508884656
"DS16","Istanbul Stock Exchange - FTSE (Daily)","mc.lm_UNDERB",6,0.242130076682364,0.423828860172803,0.308192318578819
"DS16","Istanbul Stock Exchange - FTSE (Daily)","mc.lm_UNDERB",7,0.308283741823673,0.43324269760669,0.360234437597596
"DS16","Istanbul Stock Exchange - FTSE (Daily)","mc.lm_UNDERB",8,0.272784310077931,0.421699673431953,0.33127633526076
"DS16","Istanbul Stock Exchange - FTSE (Daily)","mc.lm_UNDERB",9,0.351338776420245,0.424425937605923,0.384439474761803
"DS16","Istanbul Stock Exchange - FTSE (Daily)","mc.lm_UNDERB",10,0.361102218899568,0.451416370600095,0.401239935129759
"DS16","Istanbul Stock Exchange - FTSE (Daily)","mc.lm_UNDERB",11,0.270063281736947,0.386203935542973,0.317856810476555
"DS16","Istanbul Stock Exchange - FTSE (Daily)","mc.lm_UNDERB",12,0.31055481281518,0.412378577697433,0.354295855431462
"DS16","Istanbul Stock Exchange - FTSE (Daily)","mc.lm_UNDERB",13,0.296136601842606,0.452403535850213,0.357958749362992
"DS16","Istanbul Stock Exchange - FTSE (Daily)","mc.lm_UNDERB",14,0.269920138556833,0.399240592945757,0.322084279881309
"DS16","Istanbul Stock Exchange - FTSE (Daily)","mc.lm_UNDERB",15,0.290542254851841,0.41631091435393,0.342237729263434
"DS16","Istanbul Stock Exchange - FTSE (Daily)","mc.lm_UNDERB",16,0.394529443819557,0.392395479008176,0.393459567995648
"DS16","Istanbul Stock Exchange - FTSE (Daily)","mc.lm_UNDERB",17,0.379981118203095,0.397509942661238,0.388547933506395
"DS16","Istanbul Stock Exchange - FTSE (Daily)","mc.lm_UNDERB",18,0.362414993746725,0.362883219619801,0.362648955548555
"DS16","Istanbul Stock Exchange - FTSE (Daily)","mc.lm_UNDERB",19,0.249690487737436,0.349051669268749,0.291126591055722
"DS16","Istanbul Stock Exchange - FTSE (Daily)","mc.lm_UNDERB",20,0.285252159155287,0.338680554313126,0.309678775599637
"DS16","Istanbul Stock Exchange - FTSE (Daily)","mc.lm_UNDERB",21,0.323876594394295,0.36719874801833,0.344179780916035
"DS16","Istanbul Stock Exchange - FTSE (Daily)","mc.lm_UNDERB",22,0.3091761639471,0.34289954542441,0.325165819090869
"DS16","Istanbul Stock Exchange - FTSE (Daily)","mc.lm_UNDERB",23,0.230110982151844,0.354841056633871,0.279177842406769
"DS16","Istanbul Stock Exchange - FTSE (Daily)","mc.lm_UNDERB",24,0.321431146201296,0.366918952103982,0.342672078142004
"DS16","Istanbul Stock Exchange - FTSE (Daily)","mc.lm_UNDERB",25,0.277206953361914,0.32869495183839,0.300763293208128
"DS16","Istanbul Stock Exchange - FTSE (Daily)","mc.lm_UNDERB",26,0.326822103815204,0.391054487087651,0.356064682414631
"DS16","Istanbul Stock Exchange - FTSE (Daily)","mc.lm_UNDERB",27,0.360600559491333,0.302876992947777,0.329227756726688
"DS16","Istanbul Stock Exchange - FTSE (Daily)","mc.lm_UNDERB",28,0.29976847814518,0.407801324481374,0.345537590698709
"DS16","Istanbul Stock Exchange - FTSE (Daily)","mc.lm_UNDERB",29,0.307005081162363,0.36656231765327,0.334150655985086
"DS16","Istanbul Stock Exchange - FTSE (Daily)","mc.lm_UNDERB",30,0.310770916406552,0.376742908199998,0.340591664169039
"DS16","Istanbul Stock Exchange - FTSE (Daily)","mc.lm_UNDERB",31,0.392289986814907,0.418707019414116,0.405068255156759
"DS16","Istanbul Stock Exchange - FTSE (Daily)","mc.lm_UNDERB",32,0.407116176690311,0.448997608660151,0.427032464396036
"DS16","Istanbul Stock Exchange - FTSE (Daily)","mc.lm_UNDERB",33,0.362561506327984,0.375291684083516,0.368816778356143
"DS16","Istanbul Stock Exchange - FTSE (Daily)","mc.lm_UNDERB",34,0.365208986720439,0.406240119449126,0.384633389818447
"DS16","Istanbul Stock Exchange - FTSE (Daily)","mc.lm_UNDERB",35,0.372066259599789,0.430451014833236,0.39913483268777
"DS16","Istanbul Stock Exchange - FTSE (Daily)","mc.lm_UNDERB",36,0.379451805706946,0.498923563129362,0.431062740727787
"DS16","Istanbul Stock Exchange - FTSE (Daily)","mc.lm_UNDERB",37,0.321163872254497,0.437008620804635,0.370236013970682
"DS16","Istanbul Stock Exchange - FTSE (Daily)","mc.lm_UNDERB",38,0.241495727285749,0.432343947518424,0.309893346882242
"DS16","Istanbul Stock Exchange - FTSE (Daily)","mc.lm_UNDERB",39,0.348776580186576,0.385774880967951,0.366343954974668
"DS16","Istanbul Stock Exchange - FTSE (Daily)","mc.lm_UNDERB",40,0.371129605464165,0.464599863352438,0.412637750416657
"DS16","Istanbul Stock Exchange - FTSE (Daily)","mc.lm_UNDERB",41,0.271724503340689,0.498948624956846,0.351839352718618
"DS16","Istanbul Stock Exchange - FTSE (Daily)","mc.lm_UNDERB",42,0.288776027971988,0.523208010515388,0.372150002754294
"DS16","Istanbul Stock Exchange - FTSE (Daily)","mc.lm_UNDERB",43,0.28559570507099,0.481506365430597,0.358534164407621
"DS16","Istanbul Stock Exchange - FTSE (Daily)","mc.lm_UNDERB",44,0.277217048363297,0.441076730700333,0.340456768387653
"DS16","Istanbul Stock Exchange - FTSE (Daily)","mc.lm_UNDERB",45,0.28199135064558,0.511018234063936,0.363432485071398
"DS16","Istanbul Stock Exchange - FTSE (Daily)","mc.lm_UNDERB",46,0.335562447993372,0.418685564513638,0.372543647813397
"DS16","Istanbul Stock Exchange - FTSE (Daily)","mc.lm_UNDERB",47,0.304809216902989,0.383943913430115,0.339830451385979
"DS16","Istanbul Stock Exchange - FTSE (Daily)","mc.lm_UNDERB",48,0.393275852103601,0.462091082096674,0.42491533585163
"DS16","Istanbul Stock Exchange - FTSE (Daily)","mc.lm_UNDERB",49,0.394762552077051,0.413827437942337,0.404070239646937
"DS16","Istanbul Stock Exchange - FTSE (Daily)","mc.lm_UNDERB",50,0.304464005300973,0.365986412790725,0.332402474865066
"DS16","Istanbul Stock Exchange - FTSE (Daily)","mc.lm_UNDERT",1,0.322429557517668,0.44497786693533,0.37391876119359
"DS16","Istanbul Stock Exchange - FTSE (Daily)","mc.lm_UNDERT",2,0.288528728060769,0.43401099787786,0.346623546599901
"DS16","Istanbul Stock Exchange - FTSE (Daily)","mc.lm_UNDERT",3,0.288013961817338,0.403068516573439,0.33596383636429
"DS16","Istanbul Stock Exchange - FTSE (Daily)","mc.lm_UNDERT",4,0.322386138129239,0.391715959432889,0.353685546748228
"DS16","Istanbul Stock Exchange - FTSE (Daily)","mc.lm_UNDERT",5,0.297128806997695,0.417575803341376,0.347203022012308
"DS16","Istanbul Stock Exchange - FTSE (Daily)","mc.lm_UNDERT",6,0.320575710907046,0.382004845872187,0.348604793724439
"DS16","Istanbul Stock Exchange - FTSE (Daily)","mc.lm_UNDERT",7,0.298108660445958,0.380958964201116,0.334479696515933
"DS16","Istanbul Stock Exchange - FTSE (Daily)","mc.lm_UNDERT",8,0.339279277783076,0.431345052721142,0.379812658826325
"DS16","Istanbul Stock Exchange - FTSE (Daily)","mc.lm_UNDERT",9,0.329240272388627,0.430926571173853,0.37328221527756
"DS16","Istanbul Stock Exchange - FTSE (Daily)","mc.lm_UNDERT",10,0.352008473464404,0.428241995023109,0.386401077678681
"DS16","Istanbul Stock Exchange - FTSE (Daily)","mc.lm_UNDERT",11,0.362819321878546,0.441404504977932,0.398272415768176
"DS16","Istanbul Stock Exchange - FTSE (Daily)","mc.lm_UNDERT",12,0.319941450250323,0.416841822214043,0.362019557469251
"DS16","Istanbul Stock Exchange - FTSE (Daily)","mc.lm_UNDERT",13,0.41546878714252,0.409498411946695,0.412461995425063
"DS16","Istanbul Stock Exchange - FTSE (Daily)","mc.lm_UNDERT",14,0.404136796841133,0.438530364582175,0.420631691783196
"DS16","Istanbul Stock Exchange - FTSE (Daily)","mc.lm_UNDERT",15,0.30454722418619,0.422672389167012,0.354016037239191
"DS16","Istanbul Stock Exchange - FTSE (Daily)","mc.lm_UNDERT",16,0.349616170105864,0.427063443916258,0.384478446346783
"DS16","Istanbul Stock Exchange - FTSE (Daily)","mc.lm_UNDERT",17,0.314688570298464,0.396331417327754,0.350822675181391
"DS16","Istanbul Stock Exchange - FTSE (Daily)","mc.lm_UNDERT",18,0.357061992430932,0.410109230573392,0.381751594929223
"DS16","Istanbul Stock Exchange - FTSE (Daily)","mc.lm_UNDERT",19,0.373414796954561,0.408749391678121,0.390283966760501
"DS16","Istanbul Stock Exchange - FTSE (Daily)","mc.lm_UNDERT",20,0.386668135090615,0.39352015121888,0.390064054184017
"DS16","Istanbul Stock Exchange - FTSE (Daily)","mc.lm_UNDERT",21,0.333139844617771,0.435372239333165,0.377456238337045
"DS16","Istanbul Stock Exchange - FTSE (Daily)","mc.lm_UNDERT",22,0.349003689077553,0.346762163323287,0.347879315475857
"DS16","Istanbul Stock Exchange - FTSE (Daily)","mc.lm_UNDERT",23,0.338275160453544,0.394712052780452,0.364320906494805
"DS16","Istanbul Stock Exchange - FTSE (Daily)","mc.lm_UNDERT",24,0.310218667319924,0.411970660002462,0.353926551627985
"DS16","Istanbul Stock Exchange - FTSE (Daily)","mc.lm_UNDERT",25,0.305028362338453,0.324531877835603,0.314478014670839
"DS16","Istanbul Stock Exchange - FTSE (Daily)","mc.lm_UNDERT",26,0.304346524461076,0.411868638026603,0.350036679152461
"DS16","Istanbul Stock Exchange - FTSE (Daily)","mc.lm_UNDERT",27,0.301472462239154,0.341603545847378,0.320285816237067
"DS16","Istanbul Stock Exchange - FTSE (Daily)","mc.lm_UNDERT",28,0.307004581814413,0.411285420769159,0.351575291749684
"DS16","Istanbul Stock Exchange - FTSE (Daily)","mc.lm_UNDERT",29,0.311845602738903,0.374502123251882,0.340313913574619
"DS16","Istanbul Stock Exchange - FTSE (Daily)","mc.lm_UNDERT",30,0.349440028619667,0.407067621265381,0.376058910301115
"DS16","Istanbul Stock Exchange - FTSE (Daily)","mc.lm_UNDERT",31,0.291542429413909,0.407446344849569,0.339884992740913
"DS16","Istanbul Stock Exchange - FTSE (Daily)","mc.lm_UNDERT",32,0.313582313107467,0.433019505986382,0.363747461726432
"DS16","Istanbul Stock Exchange - FTSE (Daily)","mc.lm_UNDERT",33,0.37772496115395,0.509335600599094,0.433766933726397
"DS16","Istanbul Stock Exchange - FTSE (Daily)","mc.lm_UNDERT",34,0.340947593241837,0.451857937620183,0.388644807135268
"DS16","Istanbul Stock Exchange - FTSE (Daily)","mc.lm_UNDERT",35,0.264851677339806,0.467474041884699,0.338131737984271
"DS16","Istanbul Stock Exchange - FTSE (Daily)","mc.lm_UNDERT",36,0.327847772882647,0.417395569449809,0.367241678206521
"DS16","Istanbul Stock Exchange - FTSE (Daily)","mc.lm_UNDERT",37,0.381327583550578,0.490474964576826,0.429068791863187
"DS16","Istanbul Stock Exchange - FTSE (Daily)","mc.lm_UNDERT",38,0.267705821612205,0.398773466300424,0.320351976030489
"DS16","Istanbul Stock Exchange - FTSE (Daily)","mc.lm_UNDERT",39,0.360565311155731,0.375898650126354,0.368072358924062
"DS16","Istanbul Stock Exchange - FTSE (Daily)","mc.lm_UNDERT",40,0.299471333102019,0.427100051182907,0.352076133087916
"DS16","Istanbul Stock Exchange - FTSE (Daily)","mc.lm_UNDERT",41,0.333527273074028,0.36305381577688,0.347664761772194
"DS16","Istanbul Stock Exchange - FTSE (Daily)","mc.lm_UNDERT",42,0.277603584869243,0.518443774027647,0.361591175737715
"DS16","Istanbul Stock Exchange - FTSE (Daily)","mc.lm_UNDERT",43,0.397449942230986,0.452338125165381,0.423121407827436
"DS16","Istanbul Stock Exchange - FTSE (Daily)","mc.lm_UNDERT",44,0.234472459485799,0.449163520658649,0.308106882782504
"DS16","Istanbul Stock Exchange - FTSE (Daily)","mc.lm_UNDERT",45,0.334491847056136,0.544873966560332,0.414516681602678
"DS16","Istanbul Stock Exchange - FTSE (Daily)","mc.lm_UNDERT",46,0.319735357373684,0.470678299145169,0.380794266252987
"DS16","Istanbul Stock Exchange - FTSE (Daily)","mc.lm_UNDERT",47,0.331413907618917,0.45437279321643,0.383273126805267
"DS16","Istanbul Stock Exchange - FTSE (Daily)","mc.lm_UNDERT",48,1e-05,0.399348499644699,1.99994991968365e-05
"DS16","Istanbul Stock Exchange - FTSE (Daily)","mc.lm_UNDERT",49,0.354822717594479,0.412309424215057,0.381412125542574
"DS16","Istanbul Stock Exchange - FTSE (Daily)","mc.lm_UNDERT",50,0.385929535451543,0.439581119717392,0.411011865839781
"DS16","Istanbul Stock Exchange - FTSE (Daily)","mc.lm_UNDERTPhi",1,0.417408405859676,0.425331960985179,0.421332934271742
"DS16","Istanbul Stock Exchange - FTSE (Daily)","mc.lm_UNDERTPhi",2,0.263576056001135,0.425310317955597,0.325457493198627
"DS16","Istanbul Stock Exchange - FTSE (Daily)","mc.lm_UNDERTPhi",3,0.321300728348761,0.437705424571936,0.370576894998796
"DS16","Istanbul Stock Exchange - FTSE (Daily)","mc.lm_UNDERTPhi",4,0.358196895308619,0.487216570358626,0.412861800604591
"DS16","Istanbul Stock Exchange - FTSE (Daily)","mc.lm_UNDERTPhi",5,0.310555822009642,0.432928029967397,0.361671124019764
"DS16","Istanbul Stock Exchange - FTSE (Daily)","mc.lm_UNDERTPhi",6,0.35945382775753,0.400757749340973,0.378983723331117
"DS16","Istanbul Stock Exchange - FTSE (Daily)","mc.lm_UNDERTPhi",7,0.301473943121386,0.381179178703346,0.336673447657574
"DS16","Istanbul Stock Exchange - FTSE (Daily)","mc.lm_UNDERTPhi",8,0.270286740815291,0.423028600976638,0.329832660370991
"DS16","Istanbul Stock Exchange - FTSE (Daily)","mc.lm_UNDERTPhi",9,0.351093945942175,0.443407626246971,0.391887791312866
"DS16","Istanbul Stock Exchange - FTSE (Daily)","mc.lm_UNDERTPhi",10,0.323111945546242,0.419241480852146,0.364952664633161
"DS16","Istanbul Stock Exchange - FTSE (Daily)","mc.lm_UNDERTPhi",11,0.313659430489989,0.421201232803551,0.359561330200281
"DS16","Istanbul Stock Exchange - FTSE (Daily)","mc.lm_UNDERTPhi",12,0.382145799212411,0.478088372527377,0.424766811679042
"DS16","Istanbul Stock Exchange - FTSE (Daily)","mc.lm_UNDERTPhi",13,0.375362059630388,0.451258576545986,0.409826082982126
"DS16","Istanbul Stock Exchange - FTSE (Daily)","mc.lm_UNDERTPhi",14,0.308933238850912,0.436789517458172,0.361900717613481
"DS16","Istanbul Stock Exchange - FTSE (Daily)","mc.lm_UNDERTPhi",15,0.355551105336767,0.451690096181608,0.397895728476108
"DS16","Istanbul Stock Exchange - FTSE (Daily)","mc.lm_UNDERTPhi",16,0.360117125046768,0.41314953262401,0.384814786534658
"DS16","Istanbul Stock Exchange - FTSE (Daily)","mc.lm_UNDERTPhi",17,0.342767964421121,0.410610081388846,0.373634412500379
"DS16","Istanbul Stock Exchange - FTSE (Daily)","mc.lm_UNDERTPhi",18,0.337087731154997,0.457021439983168,0.387997836801993
"DS16","Istanbul Stock Exchange - FTSE (Daily)","mc.lm_UNDERTPhi",19,0.361672046599851,0.37402696379272,0.367745764415962
"DS16","Istanbul Stock Exchange - FTSE (Daily)","mc.lm_UNDERTPhi",20,0.328141820025289,0.441385644581682,0.376431239709015
"DS16","Istanbul Stock Exchange - FTSE (Daily)","mc.lm_UNDERTPhi",21,0.362362769284665,0.412855281592251,0.385964653383235
"DS16","Istanbul Stock Exchange - FTSE (Daily)","mc.lm_UNDERTPhi",22,0.317477199024428,0.343280119902952,0.329874850647055
"DS16","Istanbul Stock Exchange - FTSE (Daily)","mc.lm_UNDERTPhi",23,0.358580278955013,0.407084810377326,0.381296174782472
"DS16","Istanbul Stock Exchange - FTSE (Daily)","mc.lm_UNDERTPhi",24,0.366382158226881,0.440677925233923,0.400110308114353
"DS16","Istanbul Stock Exchange - FTSE (Daily)","mc.lm_UNDERTPhi",25,0.340701768464442,0.379455723906038,0.359036009646163
"DS16","Istanbul Stock Exchange - FTSE (Daily)","mc.lm_UNDERTPhi",26,0.359542436381708,0.351554397634318,0.355503550570717
"DS16","Istanbul Stock Exchange - FTSE (Daily)","mc.lm_UNDERTPhi",27,0.294977166194621,0.369207826294144,0.327944411779116
"DS16","Istanbul Stock Exchange - FTSE (Daily)","mc.lm_UNDERTPhi",28,0.402177630766403,0.446610513340306,0.423231072153124
"DS16","Istanbul Stock Exchange - FTSE (Daily)","mc.lm_UNDERTPhi",29,0.308522416898049,0.365964467880731,0.334797442848436
"DS16","Istanbul Stock Exchange - FTSE (Daily)","mc.lm_UNDERTPhi",30,0.334862426371857,0.414123985630148,0.37029927492603
"DS16","Istanbul Stock Exchange - FTSE (Daily)","mc.lm_UNDERTPhi",31,0.364615563151957,0.455295606395995,0.404941096285379
"DS16","Istanbul Stock Exchange - FTSE (Daily)","mc.lm_UNDERTPhi",32,0.347467864579211,0.426332370239185,0.38288124407915
"DS16","Istanbul Stock Exchange - FTSE (Daily)","mc.lm_UNDERTPhi",33,0.335198600062703,0.370591868054531,0.352007801119431
"DS16","Istanbul Stock Exchange - FTSE (Daily)","mc.lm_UNDERTPhi",34,0.329836799557872,0.441116037328465,0.377445402688161
"DS16","Istanbul Stock Exchange - FTSE (Daily)","mc.lm_UNDERTPhi",35,0.323012298340506,0.360101873973097,0.340550199843825
"DS16","Istanbul Stock Exchange - FTSE (Daily)","mc.lm_UNDERTPhi",36,0.31739432513214,0.39534548661682,0.352107211777247
"DS16","Istanbul Stock Exchange - FTSE (Daily)","mc.lm_UNDERTPhi",37,0.310088166425622,0.336436093505802,0.322725248904593
"DS16","Istanbul Stock Exchange - FTSE (Daily)","mc.lm_UNDERTPhi",38,0.292091247713766,0.358270931756991,0.321813927007969
"DS16","Istanbul Stock Exchange - FTSE (Daily)","mc.lm_UNDERTPhi",39,0.135501873401644,0.39107168784822,0.201267022263702
"DS16","Istanbul Stock Exchange - FTSE (Daily)","mc.lm_UNDERTPhi",40,0.338379575060881,0.399215728229858,0.366288797863433
"DS16","Istanbul Stock Exchange - FTSE (Daily)","mc.lm_UNDERTPhi",41,0.329626465129105,0.410663974522394,0.365709745870582
"DS16","Istanbul Stock Exchange - FTSE (Daily)","mc.lm_UNDERTPhi",42,0.368094554168799,0.547816781623208,0.440322913622226
"DS16","Istanbul Stock Exchange - FTSE (Daily)","mc.lm_UNDERTPhi",43,0.319082886846162,0.467737809625157,0.379367577013745
"DS16","Istanbul Stock Exchange - FTSE (Daily)","mc.lm_UNDERTPhi",44,0.405394316271661,0.433843951565658,0.419136921786908
"DS16","Istanbul Stock Exchange - FTSE (Daily)","mc.lm_UNDERTPhi",45,0.289325579021129,0.488311551463248,0.363359764680497
"DS16","Istanbul Stock Exchange - FTSE (Daily)","mc.lm_UNDERTPhi",46,0.316489142579579,0.469657568802071,0.378152116148754
"DS16","Istanbul Stock Exchange - FTSE (Daily)","mc.lm_UNDERTPhi",47,0.325704153388719,0.453713081497534,0.379196734370667
"DS16","Istanbul Stock Exchange - FTSE (Daily)","mc.lm_UNDERTPhi",48,0.236089801657226,0.367341163126292,0.287441339289355
"DS16","Istanbul Stock Exchange - FTSE (Daily)","mc.lm_UNDERTPhi",49,0.296497617949948,0.383167514433758,0.334306557427677
"DS16","Istanbul Stock Exchange - FTSE (Daily)","mc.lm_UNDERTPhi",50,0.330958559796937,0.399317326685283,0.361938521558843
"DS16","Istanbul Stock Exchange - FTSE (Daily)","mc.lm_OVERB",1,0.1971338991823,0.405072108277662,0.265203080559037
"DS16","Istanbul Stock Exchange - FTSE (Daily)","mc.lm_OVERB",2,0.197383286348701,0.418514185983426,0.268251483806751
"DS16","Istanbul Stock Exchange - FTSE (Daily)","mc.lm_OVERB",3,0.288853614789178,0.411304938820807,0.339371468780803
"DS16","Istanbul Stock Exchange - FTSE (Daily)","mc.lm_OVERB",4,0.20928472287994,0.3910462623435,0.272649623831544
"DS16","Istanbul Stock Exchange - FTSE (Daily)","mc.lm_OVERB",5,0.166601536066248,0.370165912050795,0.229783716443173
"DS16","Istanbul Stock Exchange - FTSE (Daily)","mc.lm_OVERB",6,0.258242754128918,0.392470516322757,0.311512525260891
"DS16","Istanbul Stock Exchange - FTSE (Daily)","mc.lm_OVERB",7,0.229566627445469,0.385530079900809,0.287775366587309
"DS16","Istanbul Stock Exchange - FTSE (Daily)","mc.lm_OVERB",8,0.278064659913145,0.388636317606117,0.324181392045191
"DS16","Istanbul Stock Exchange - FTSE (Daily)","mc.lm_OVERB",9,0.304385678315557,0.40084656808156,0.346019216078964
"DS16","Istanbul Stock Exchange - FTSE (Daily)","mc.lm_OVERB",10,0.281687438096476,0.401704385156284,0.331157252037949
"DS16","Istanbul Stock Exchange - FTSE (Daily)","mc.lm_OVERB",11,0.33184716905406,0.390479102516321,0.358783529949971
"DS16","Istanbul Stock Exchange - FTSE (Daily)","mc.lm_OVERB",12,0.297169967951029,0.388089417886269,0.336598147384671
"DS16","Istanbul Stock Exchange - FTSE (Daily)","mc.lm_OVERB",13,0.257598769743952,0.38004432,0.307065036396736
"DS16","Istanbul Stock Exchange - FTSE (Daily)","mc.lm_OVERB",14,0.297798196722026,0.394085845602905,0.339241974073756
"DS16","Istanbul Stock Exchange - FTSE (Daily)","mc.lm_OVERB",15,0.290754280483886,0.394706505318772,0.334848056470173
"DS16","Istanbul Stock Exchange - FTSE (Daily)","mc.lm_OVERB",16,0.359713243723245,0.37848554893296,0.368860707612819
"DS16","Istanbul Stock Exchange - FTSE (Daily)","mc.lm_OVERB",17,0.289037593110365,0.37221051477621,0.325393237540241
"DS16","Istanbul Stock Exchange - FTSE (Daily)","mc.lm_OVERB",18,0.302250043840852,0.344875877232965,0.322159090275185
"DS16","Istanbul Stock Exchange - FTSE (Daily)","mc.lm_OVERB",19,0.310446937800301,0.339651418741228,0.324393199295855
"DS16","Istanbul Stock Exchange - FTSE (Daily)","mc.lm_OVERB",20,0.31962716540035,0.385810643314895,0.349614270118609
"DS16","Istanbul Stock Exchange - FTSE (Daily)","mc.lm_OVERB",21,0.322665463283469,0.381137318244077,0.349472473237251
"DS16","Istanbul Stock Exchange - FTSE (Daily)","mc.lm_OVERB",22,0.296457171222862,0.350977239477448,0.321421654022207
"DS16","Istanbul Stock Exchange - FTSE (Daily)","mc.lm_OVERB",23,0.318875186939855,0.350710004270814,0.334035816925191
"DS16","Istanbul Stock Exchange - FTSE (Daily)","mc.lm_OVERB",24,0.313913749579843,0.349358873441228,0.330689222212755
"DS16","Istanbul Stock Exchange - FTSE (Daily)","mc.lm_OVERB",25,0.317816164253751,0.322078507565654,0.319933140158973
"DS16","Istanbul Stock Exchange - FTSE (Daily)","mc.lm_OVERB",26,0.328006853713301,0.349882658058609,0.338591784784143
"DS16","Istanbul Stock Exchange - FTSE (Daily)","mc.lm_OVERB",27,0.326360862163135,0.358644884387038,0.341742107328084
"DS16","Istanbul Stock Exchange - FTSE (Daily)","mc.lm_OVERB",28,0.342087925744237,0.380844679930772,0.360427419002909
"DS16","Istanbul Stock Exchange - FTSE (Daily)","mc.lm_OVERB",29,0.313661938217371,0.387663945931672,0.346758696366842
"DS16","Istanbul Stock Exchange - FTSE (Daily)","mc.lm_OVERB",30,0.308219083206966,0.353401674087368,0.329267601689099
"DS16","Istanbul Stock Exchange - FTSE (Daily)","mc.lm_OVERB",31,0.379087688910472,0.426485257780434,0.401392105806169
"DS16","Istanbul Stock Exchange - FTSE (Daily)","mc.lm_OVERB",32,0.35901595262137,0.400216152932975,0.378498175586984
"DS16","Istanbul Stock Exchange - FTSE (Daily)","mc.lm_OVERB",33,0.284000198794219,0.459634343195604,0.351076335133416
"DS16","Istanbul Stock Exchange - FTSE (Daily)","mc.lm_OVERB",34,0.383375963793409,0.422524961300191,0.40199957394619
"DS16","Istanbul Stock Exchange - FTSE (Daily)","mc.lm_OVERB",35,0.277560308369077,0.401691066088261,0.328283461366963
"DS16","Istanbul Stock Exchange - FTSE (Daily)","mc.lm_OVERB",36,0.290134396090494,0.421474895424793,0.343684001064647
"DS16","Istanbul Stock Exchange - FTSE (Daily)","mc.lm_OVERB",37,0.298240876150461,0.422513351422113,0.349663580990124
"DS16","Istanbul Stock Exchange - FTSE (Daily)","mc.lm_OVERB",38,0.284785856130148,0.43856028676564,0.345327801794139
"DS16","Istanbul Stock Exchange - FTSE (Daily)","mc.lm_OVERB",39,0.381634056321078,0.42071044594756,0.400220687172752
"DS16","Istanbul Stock Exchange - FTSE (Daily)","mc.lm_OVERB",40,0.389017805663973,0.455018013710109,0.419437434213048
"DS16","Istanbul Stock Exchange - FTSE (Daily)","mc.lm_OVERB",41,0.2765445704887,0.428097058843928,0.336023057217315
"DS16","Istanbul Stock Exchange - FTSE (Daily)","mc.lm_OVERB",42,0.599802206246171,0.563386241578627,0.581024186234863
"DS16","Istanbul Stock Exchange - FTSE (Daily)","mc.lm_OVERB",43,0.28783849391124,0.479101103543816,0.359620863319282
"DS16","Istanbul Stock Exchange - FTSE (Daily)","mc.lm_OVERB",44,0.324405610617295,0.476068851574741,0.385869665518268
"DS16","Istanbul Stock Exchange - FTSE (Daily)","mc.lm_OVERB",45,0.29112772334853,0.463520573459176,0.35763332362164
"DS16","Istanbul Stock Exchange - FTSE (Daily)","mc.lm_OVERB",46,0.278296411157678,0.413601409462539,0.332719035883081
"DS16","Istanbul Stock Exchange - FTSE (Daily)","mc.lm_OVERB",47,0.304273878783681,0.422136239968769,0.353643287158637
"DS16","Istanbul Stock Exchange - FTSE (Daily)","mc.lm_OVERB",48,0.314391276926341,0.391433160517896,0.348707595367884
"DS16","Istanbul Stock Exchange - FTSE (Daily)","mc.lm_OVERB",49,0.280415079569811,0.410486663843203,0.333207005486244
"DS16","Istanbul Stock Exchange - FTSE (Daily)","mc.lm_OVERB",50,0.271617959977778,0.40707271621259,0.325828141211308
"DS16","Istanbul Stock Exchange - FTSE (Daily)","mc.lm_OVERT",1,0.166141323352866,0.384704163933915,0.232062385443717
"DS16","Istanbul Stock Exchange - FTSE (Daily)","mc.lm_OVERT",2,0.212528585919887,0.398446393297647,0.277200381072488
"DS16","Istanbul Stock Exchange - FTSE (Daily)","mc.lm_OVERT",3,0.21007117039857,0.41171638907032,0.278197086471629
"DS16","Istanbul Stock Exchange - FTSE (Daily)","mc.lm_OVERT",4,0.251339563311542,0.384306859965928,0.303915871542008
"DS16","Istanbul Stock Exchange - FTSE (Daily)","mc.lm_OVERT",5,0.255796427521329,0.38479652721195,0.30730771000881
"DS16","Istanbul Stock Exchange - FTSE (Daily)","mc.lm_OVERT",6,0.208801264693134,0.374379530785828,0.268084683546898
"DS16","Istanbul Stock Exchange - FTSE (Daily)","mc.lm_OVERT",7,0.230979704023231,0.373291210291994,0.285377605392204
"DS16","Istanbul Stock Exchange - FTSE (Daily)","mc.lm_OVERT",8,0.229854747456472,0.378589376099031,0.286042915245636
"DS16","Istanbul Stock Exchange - FTSE (Daily)","mc.lm_OVERT",9,0.21575152939547,0.364650933736376,0.271101525739864
"DS16","Istanbul Stock Exchange - FTSE (Daily)","mc.lm_OVERT",10,0.239208037684776,0.36918261232694,0.290311654988011
"DS16","Istanbul Stock Exchange - FTSE (Daily)","mc.lm_OVERT",11,0.236075849432247,0.383684665407132,0.292302207486035
"DS16","Istanbul Stock Exchange - FTSE (Daily)","mc.lm_OVERT",12,0.264810118267844,0.370186893567884,0.308754949203689
"DS16","Istanbul Stock Exchange - FTSE (Daily)","mc.lm_OVERT",13,0.240212806076301,0.378983477233726,0.294047903634738
"DS16","Istanbul Stock Exchange - FTSE (Daily)","mc.lm_OVERT",14,0.220945194799402,0.35963502245966,0.273724897032036
"DS16","Istanbul Stock Exchange - FTSE (Daily)","mc.lm_OVERT",15,0.200677907546288,0.359877451522905,0.257671085562819
"DS16","Istanbul Stock Exchange - FTSE (Daily)","mc.lm_OVERT",16,0.320451059656357,0.354410783708884,0.336576478014586
"DS16","Istanbul Stock Exchange - FTSE (Daily)","mc.lm_OVERT",17,0.316442197239644,0.366298089894747,0.339549824714422
"DS16","Istanbul Stock Exchange - FTSE (Daily)","mc.lm_OVERT",18,0.312357445060955,0.350957888924675,0.330534525260569
"DS16","Istanbul Stock Exchange - FTSE (Daily)","mc.lm_OVERT",19,0.293926524466513,0.350690693670398,0.319809318935685
"DS16","Istanbul Stock Exchange - FTSE (Daily)","mc.lm_OVERT",20,0.311505526268627,0.377547839964877,0.341361770635303
"DS16","Istanbul Stock Exchange - FTSE (Daily)","mc.lm_OVERT",21,0.31882098821123,0.370974046373103,0.34292595955453
"DS16","Istanbul Stock Exchange - FTSE (Daily)","mc.lm_OVERT",22,0.247102338482828,0.347408832898758,0.288793681771787
"DS16","Istanbul Stock Exchange - FTSE (Daily)","mc.lm_OVERT",23,0.226535782962981,0.334702119065027,0.270195602712452
"DS16","Istanbul Stock Exchange - FTSE (Daily)","mc.lm_OVERT",24,0.268917255104755,0.342665568449772,0.301344905505533
"DS16","Istanbul Stock Exchange - FTSE (Daily)","mc.lm_OVERT",25,0.261493658853983,0.333941590997127,0.293310174347906
"DS16","Istanbul Stock Exchange - FTSE (Daily)","mc.lm_OVERT",26,0.308629800284363,0.369567227639874,0.336360836045663
"DS16","Istanbul Stock Exchange - FTSE (Daily)","mc.lm_OVERT",27,0.31748141368575,0.375443468442625,0.344038224617147
"DS16","Istanbul Stock Exchange - FTSE (Daily)","mc.lm_OVERT",28,0.331413215578036,0.425115942723315,0.372461629602652
"DS16","Istanbul Stock Exchange - FTSE (Daily)","mc.lm_OVERT",29,0.307270977344591,0.424137514542125,0.356367611444276
"DS16","Istanbul Stock Exchange - FTSE (Daily)","mc.lm_OVERT",30,0.257264714062785,0.38320704682424,0.307853233658719
"DS16","Istanbul Stock Exchange - FTSE (Daily)","mc.lm_OVERT",31,0.328689916685023,0.395817655621132,0.359143995788616
"DS16","Istanbul Stock Exchange - FTSE (Daily)","mc.lm_OVERT",32,0.335444924855962,0.404583725475534,0.366784603080683
"DS16","Istanbul Stock Exchange - FTSE (Daily)","mc.lm_OVERT",33,0.345626582176852,0.401630636989472,0.371529965317835
"DS16","Istanbul Stock Exchange - FTSE (Daily)","mc.lm_OVERT",34,0.286280378432815,0.413056321944231,0.338177361767249
"DS16","Istanbul Stock Exchange - FTSE (Daily)","mc.lm_OVERT",35,0.318538645121889,0.41559836640885,0.360652408123963
"DS16","Istanbul Stock Exchange - FTSE (Daily)","mc.lm_OVERT",36,0.326330415079494,0.414202942295997,0.365053151867846
"DS16","Istanbul Stock Exchange - FTSE (Daily)","mc.lm_OVERT",37,0.340959156815207,0.411499011622472,0.372922673759796
"DS16","Istanbul Stock Exchange - FTSE (Daily)","mc.lm_OVERT",38,0.322375363222662,0.447184875854944,0.374659135077483
"DS16","Istanbul Stock Exchange - FTSE (Daily)","mc.lm_OVERT",39,0.353922127769372,0.415782908894418,0.382366659425483
"DS16","Istanbul Stock Exchange - FTSE (Daily)","mc.lm_OVERT",40,0.269974841130057,0.402482651911037,0.323173408376747
"DS16","Istanbul Stock Exchange - FTSE (Daily)","mc.lm_OVERT",41,0.328935550388567,0.403679684845905,0.362494780150111
"DS16","Istanbul Stock Exchange - FTSE (Daily)","mc.lm_OVERT",42,0.408324004194024,0.526846828827266,0.460074671167114
"DS16","Istanbul Stock Exchange - FTSE (Daily)","mc.lm_OVERT",43,0.284037090712919,0.473109705001469,0.354966051384719
"DS16","Istanbul Stock Exchange - FTSE (Daily)","mc.lm_OVERT",44,0.420107627853777,0.487001517954993,0.451088060162479
"DS16","Istanbul Stock Exchange - FTSE (Daily)","mc.lm_OVERT",45,0.385768713677175,0.455951726677144,0.417934275244849
"DS16","Istanbul Stock Exchange - FTSE (Daily)","mc.lm_OVERT",46,0.294395820541264,0.401429062172142,0.339680402593343
"DS16","Istanbul Stock Exchange - FTSE (Daily)","mc.lm_OVERT",47,0.366623534540818,0.397571476071506,0.381470849104743
"DS16","Istanbul Stock Exchange - FTSE (Daily)","mc.lm_OVERT",48,0.266090517845309,0.370049321347641,0.309575377862265
"DS16","Istanbul Stock Exchange - FTSE (Daily)","mc.lm_OVERT",49,0.243146714135727,0.378772094876844,0.296171104462444
"DS16","Istanbul Stock Exchange - FTSE (Daily)","mc.lm_OVERT",50,0.270289134233059,0.3720470699391,0.313107932495842
"DS16","Istanbul Stock Exchange - FTSE (Daily)","mc.lm_OVERTPhi",1,0.165778218524438,0.382568394709271,0.231319043130942
"DS16","Istanbul Stock Exchange - FTSE (Daily)","mc.lm_OVERTPhi",2,0.20974504229759,0.397684114304039,0.27464032791065
"DS16","Istanbul Stock Exchange - FTSE (Daily)","mc.lm_OVERTPhi",3,0.20946315505039,0.411315483687339,0.277572176482789
"DS16","Istanbul Stock Exchange - FTSE (Daily)","mc.lm_OVERTPhi",4,0.254783825238758,0.386345515305359,0.307066240861161
"DS16","Istanbul Stock Exchange - FTSE (Daily)","mc.lm_OVERTPhi",5,0.256522488630844,0.384409309182009,0.30770710075778
"DS16","Istanbul Stock Exchange - FTSE (Daily)","mc.lm_OVERTPhi",6,0.209298367234803,0.372125274193435,0.267912092821572
"DS16","Istanbul Stock Exchange - FTSE (Daily)","mc.lm_OVERTPhi",7,0.225501899592842,0.369357090484715,0.280035191269545
"DS16","Istanbul Stock Exchange - FTSE (Daily)","mc.lm_OVERTPhi",8,0.225627751566262,0.379257095464915,0.2829329454533
"DS16","Istanbul Stock Exchange - FTSE (Daily)","mc.lm_OVERTPhi",9,0.217629217248413,0.364220211196066,0.272458665742988
"DS16","Istanbul Stock Exchange - FTSE (Daily)","mc.lm_OVERTPhi",10,0.237742505094144,0.36943967369546,0.289308601515976
"DS16","Istanbul Stock Exchange - FTSE (Daily)","mc.lm_OVERTPhi",11,0.238750851373929,0.382676852041747,0.294046833521833
"DS16","Istanbul Stock Exchange - FTSE (Daily)","mc.lm_OVERTPhi",12,0.278923341780702,0.371858065264075,0.318754940165111
"DS16","Istanbul Stock Exchange - FTSE (Daily)","mc.lm_OVERTPhi",13,0.240948305586774,0.380563063446028,0.295074329690638
"DS16","Istanbul Stock Exchange - FTSE (Daily)","mc.lm_OVERTPhi",14,0.203281674064635,0.360739438739114,0.260031815630064
"DS16","Istanbul Stock Exchange - FTSE (Daily)","mc.lm_OVERTPhi",15,0.196615536473974,0.362890849010885,0.255046165015402
"DS16","Istanbul Stock Exchange - FTSE (Daily)","mc.lm_OVERTPhi",16,0.319658875292756,0.35433725963539,0.336105933015302
"DS16","Istanbul Stock Exchange - FTSE (Daily)","mc.lm_OVERTPhi",17,0.31356040990895,0.366716234147711,0.338061562760473
"DS16","Istanbul Stock Exchange - FTSE (Daily)","mc.lm_OVERTPhi",18,0.328919339368773,0.349448323050476,0.338873203806263
"DS16","Istanbul Stock Exchange - FTSE (Daily)","mc.lm_OVERTPhi",19,0.27564070846236,0.350384661648584,0.308550678558104
"DS16","Istanbul Stock Exchange - FTSE (Daily)","mc.lm_OVERTPhi",20,0.311713671101677,0.377034502062962,0.341276574949099
"DS16","Istanbul Stock Exchange - FTSE (Daily)","mc.lm_OVERTPhi",21,0.318890246839548,0.370026476402909,0.342560516870379
"DS16","Istanbul Stock Exchange - FTSE (Daily)","mc.lm_OVERTPhi",22,0.245449217872794,0.349081740104666,0.288233401247417
"DS16","Istanbul Stock Exchange - FTSE (Daily)","mc.lm_OVERTPhi",23,0.226338418768937,0.335021640376891,0.27015911481719
"DS16","Istanbul Stock Exchange - FTSE (Daily)","mc.lm_OVERTPhi",24,0.267942358127685,0.342782524372495,0.300776865449885
"DS16","Istanbul Stock Exchange - FTSE (Daily)","mc.lm_OVERTPhi",25,0.261177104765897,0.333850104423016,0.293075685792085
"DS16","Istanbul Stock Exchange - FTSE (Daily)","mc.lm_OVERTPhi",26,0.307513556641259,0.371371686982443,0.336439271209542
"DS16","Istanbul Stock Exchange - FTSE (Daily)","mc.lm_OVERTPhi",27,0.335468054012418,0.3741419624749,0.353751139808171
"DS16","Istanbul Stock Exchange - FTSE (Daily)","mc.lm_OVERTPhi",28,0.331458621364249,0.425677490911386,0.372705705079129
"DS16","Istanbul Stock Exchange - FTSE (Daily)","mc.lm_OVERTPhi",29,0.278335534094927,0.419874279552574,0.334758777569945
"DS16","Istanbul Stock Exchange - FTSE (Daily)","mc.lm_OVERTPhi",30,0.256500137775695,0.385300834692003,0.307976215129725
"DS16","Istanbul Stock Exchange - FTSE (Daily)","mc.lm_OVERTPhi",31,0.33121782467184,0.401561730917616,0.363013410981428
"DS16","Istanbul Stock Exchange - FTSE (Daily)","mc.lm_OVERTPhi",32,0.334272515559793,0.40097670749226,0.364598801309667
"DS16","Istanbul Stock Exchange - FTSE (Daily)","mc.lm_OVERTPhi",33,0.344682502906189,0.400463482726033,0.370485135020687
"DS16","Istanbul Stock Exchange - FTSE (Daily)","mc.lm_OVERTPhi",34,0.282993405295919,0.411278062569837,0.335283775402538
"DS16","Istanbul Stock Exchange - FTSE (Daily)","mc.lm_OVERTPhi",35,0.293584260370775,0.414638009592406,0.343765505634623
"DS16","Istanbul Stock Exchange - FTSE (Daily)","mc.lm_OVERTPhi",36,0.323668445171208,0.408388189294323,0.361126076950819
"DS16","Istanbul Stock Exchange - FTSE (Daily)","mc.lm_OVERTPhi",37,0.344674348238259,0.414967401628101,0.376568609404241
"DS16","Istanbul Stock Exchange - FTSE (Daily)","mc.lm_OVERTPhi",38,0.320370510108474,0.447958771202193,0.373571028798481
"DS16","Istanbul Stock Exchange - FTSE (Daily)","mc.lm_OVERTPhi",39,0.27980096463662,0.413558089413471,0.333777864946744
"DS16","Istanbul Stock Exchange - FTSE (Daily)","mc.lm_OVERTPhi",40,0.273824406188737,0.405241704151795,0.326816689310651
"DS16","Istanbul Stock Exchange - FTSE (Daily)","mc.lm_OVERTPhi",41,0.328614436763861,0.403892165741707,0.362385256609447
"DS16","Istanbul Stock Exchange - FTSE (Daily)","mc.lm_OVERTPhi",42,0.405178912480969,0.52415581131887,0.457051428644351
"DS16","Istanbul Stock Exchange - FTSE (Daily)","mc.lm_OVERTPhi",43,0.285978856640242,0.473211625715931,0.356507418931585
"DS16","Istanbul Stock Exchange - FTSE (Daily)","mc.lm_OVERTPhi",44,0.420460207303482,0.482527668646387,0.449360814230886
"DS16","Istanbul Stock Exchange - FTSE (Daily)","mc.lm_OVERTPhi",45,0.386965642174961,0.45572720648846,0.418541041128127
"DS16","Istanbul Stock Exchange - FTSE (Daily)","mc.lm_OVERTPhi",46,0.304353868829288,0.39973983962421,0.345585723190318
"DS16","Istanbul Stock Exchange - FTSE (Daily)","mc.lm_OVERTPhi",47,0.356827657463906,0.395812340593162,0.375310349313789
"DS16","Istanbul Stock Exchange - FTSE (Daily)","mc.lm_OVERTPhi",48,0.262981890613371,0.368302937628778,0.306856742069277
"DS16","Istanbul Stock Exchange - FTSE (Daily)","mc.lm_OVERTPhi",49,0.241402146010396,0.380526306353473,0.29540332691965
"DS16","Istanbul Stock Exchange - FTSE (Daily)","mc.lm_OVERTPhi",50,0.307808005440638,0.371365860529977,0.336613025164381
"DS16","Istanbul Stock Exchange - FTSE (Daily)","mc.lm_SMOTEB",1,0.334005420092495,0.386695796521728,0.358424514869045
"DS16","Istanbul Stock Exchange - FTSE (Daily)","mc.lm_SMOTEB",2,0.294401817411618,0.41767201465015,0.34536699611315
"DS16","Istanbul Stock Exchange - FTSE (Daily)","mc.lm_SMOTEB",3,0.307163706321237,0.41836981424576,0.354244205439957
"DS16","Istanbul Stock Exchange - FTSE (Daily)","mc.lm_SMOTEB",4,0.303136219991707,0.377897868902059,0.336413502319591
"DS16","Istanbul Stock Exchange - FTSE (Daily)","mc.lm_SMOTEB",5,0.303799308934861,0.388218591786681,0.340859795035609
"DS16","Istanbul Stock Exchange - FTSE (Daily)","mc.lm_SMOTEB",6,0.332740045223206,0.382632653195413,0.355946506232515
"DS16","Istanbul Stock Exchange - FTSE (Daily)","mc.lm_SMOTEB",7,0.290759491889913,0.393055195052423,0.334255847323649
"DS16","Istanbul Stock Exchange - FTSE (Daily)","mc.lm_SMOTEB",8,0.288773985705843,0.388835506597212,0.331416782968586
"DS16","Istanbul Stock Exchange - FTSE (Daily)","mc.lm_SMOTEB",9,0.303853831017466,0.417147251959352,0.351599445823115
"DS16","Istanbul Stock Exchange - FTSE (Daily)","mc.lm_SMOTEB",10,0.305259638467138,0.412227472910364,0.350769811335695
"DS16","Istanbul Stock Exchange - FTSE (Daily)","mc.lm_SMOTEB",11,0.32855777506678,0.4250129809076,0.370612363270234
"DS16","Istanbul Stock Exchange - FTSE (Daily)","mc.lm_SMOTEB",12,0.273122743442151,0.370586277261374,0.314476067515783
"DS16","Istanbul Stock Exchange - FTSE (Daily)","mc.lm_SMOTEB",13,0.279517021961926,0.388249719370764,0.325030878655283
"DS16","Istanbul Stock Exchange - FTSE (Daily)","mc.lm_SMOTEB",14,0.257124925170726,0.371738309742488,0.303987193936756
"DS16","Istanbul Stock Exchange - FTSE (Daily)","mc.lm_SMOTEB",15,0.277590521821587,0.407142637576376,0.330110892599427
"DS16","Istanbul Stock Exchange - FTSE (Daily)","mc.lm_SMOTEB",16,0.339429977306578,0.372208578734553,0.355064374634251
"DS16","Istanbul Stock Exchange - FTSE (Daily)","mc.lm_SMOTEB",17,0.293215598027505,0.388764694901905,0.334296675987503
"DS16","Istanbul Stock Exchange - FTSE (Daily)","mc.lm_SMOTEB",18,0.3168759027416,0.353621708820301,0.33424190117675
"DS16","Istanbul Stock Exchange - FTSE (Daily)","mc.lm_SMOTEB",19,0.334124985878658,0.329998256662976,0.33204879993516
"DS16","Istanbul Stock Exchange - FTSE (Daily)","mc.lm_SMOTEB",20,0.312848352239923,0.417334236056308,0.357615561302742
"DS16","Istanbul Stock Exchange - FTSE (Daily)","mc.lm_SMOTEB",21,0.331566209888774,0.406401511907315,0.365189438552189
"DS16","Istanbul Stock Exchange - FTSE (Daily)","mc.lm_SMOTEB",22,0.39085731410099,0.339422798338652,0.363328758495398
"DS16","Istanbul Stock Exchange - FTSE (Daily)","mc.lm_SMOTEB",23,0.344537563188565,0.339771832991197,0.342138103122428
"DS16","Istanbul Stock Exchange - FTSE (Daily)","mc.lm_SMOTEB",24,0.303027894722765,0.345439683381031,0.322846857863717
"DS16","Istanbul Stock Exchange - FTSE (Daily)","mc.lm_SMOTEB",25,0.294377355409794,0.318199032008146,0.305825008800433
"DS16","Istanbul Stock Exchange - FTSE (Daily)","mc.lm_SMOTEB",26,0.362452297174963,0.336183566394818,0.348824079226797
"DS16","Istanbul Stock Exchange - FTSE (Daily)","mc.lm_SMOTEB",27,0.305223360971436,0.36322767165578,0.331708877177947
"DS16","Istanbul Stock Exchange - FTSE (Daily)","mc.lm_SMOTEB",28,0.313142753777212,0.392295176026244,0.348278385735794
"DS16","Istanbul Stock Exchange - FTSE (Daily)","mc.lm_SMOTEB",29,0.275604264398489,0.38924719645557,0.322713248190817
"DS16","Istanbul Stock Exchange - FTSE (Daily)","mc.lm_SMOTEB",30,0.272715892787184,0.364495390832189,0.311996000331315
"DS16","Istanbul Stock Exchange - FTSE (Daily)","mc.lm_SMOTEB",31,0.347315384282248,0.412650994118048,0.377174682117505
"DS16","Istanbul Stock Exchange - FTSE (Daily)","mc.lm_SMOTEB",32,0.331584915008031,0.440029476647295,0.378186664720212
"DS16","Istanbul Stock Exchange - FTSE (Daily)","mc.lm_SMOTEB",33,0.369939063258773,0.520503849398947,0.432491973897598
"DS16","Istanbul Stock Exchange - FTSE (Daily)","mc.lm_SMOTEB",34,0.322254867976408,0.464428125326964,0.380494368089271
"DS16","Istanbul Stock Exchange - FTSE (Daily)","mc.lm_SMOTEB",35,0.362872699311546,0.503296583407828,0.42170183916496
"DS16","Istanbul Stock Exchange - FTSE (Daily)","mc.lm_SMOTEB",36,0.370359601079421,0.473356907873353,0.415571518887931
"DS16","Istanbul Stock Exchange - FTSE (Daily)","mc.lm_SMOTEB",37,0.342058035112504,0.463561162562567,0.39364707513977
"DS16","Istanbul Stock Exchange - FTSE (Daily)","mc.lm_SMOTEB",38,0.35029596012867,0.512560767784025,0.416170982891983
"DS16","Istanbul Stock Exchange - FTSE (Daily)","mc.lm_SMOTEB",39,0.393217372534019,0.458604609100197,0.423401375663975
"DS16","Istanbul Stock Exchange - FTSE (Daily)","mc.lm_SMOTEB",40,0.348986894771805,0.434526857023125,0.38708747148357
"DS16","Istanbul Stock Exchange - FTSE (Daily)","mc.lm_SMOTEB",41,0.372933870743063,0.447106303533113,0.406665647954148
"DS16","Istanbul Stock Exchange - FTSE (Daily)","mc.lm_SMOTEB",42,0.338895397828476,0.619583813979824,0.438140129780452
"DS16","Istanbul Stock Exchange - FTSE (Daily)","mc.lm_SMOTEB",43,0.326195777761716,0.589602854733586,0.42001801476011
"DS16","Istanbul Stock Exchange - FTSE (Daily)","mc.lm_SMOTEB",44,0.293247593818794,0.538704868544057,0.379766666067309
"DS16","Istanbul Stock Exchange - FTSE (Daily)","mc.lm_SMOTEB",45,0.31084226420538,0.537460503269671,0.393881633215869
"DS16","Istanbul Stock Exchange - FTSE (Daily)","mc.lm_SMOTEB",46,0.335204512877591,0.44753697262964,0.383310238904271
"DS16","Istanbul Stock Exchange - FTSE (Daily)","mc.lm_SMOTEB",47,0.36006726461208,0.514752407141356,0.423734164140083
"DS16","Istanbul Stock Exchange - FTSE (Daily)","mc.lm_SMOTEB",48,0.403724684629833,0.439174168155175,0.42070398352112
"DS16","Istanbul Stock Exchange - FTSE (Daily)","mc.lm_SMOTEB",49,0.304395995062237,0.431452205413317,0.356954935280694
"DS16","Istanbul Stock Exchange - FTSE (Daily)","mc.lm_SMOTEB",50,0.330496308233454,0.448683399952313,0.380626460602128
"DS16","Istanbul Stock Exchange - FTSE (Daily)","mc.lm_SMOTET",1,0.303677245825962,0.395355990735596,0.343504749439214
"DS16","Istanbul Stock Exchange - FTSE (Daily)","mc.lm_SMOTET",2,0.27942089607372,0.410696843975171,0.332573048042675
"DS16","Istanbul Stock Exchange - FTSE (Daily)","mc.lm_SMOTET",3,0.23631944779827,0.397906625785241,0.296528566066464
"DS16","Istanbul Stock Exchange - FTSE (Daily)","mc.lm_SMOTET",4,0.254722328681164,0.403056886861495,0.312164283657522
"DS16","Istanbul Stock Exchange - FTSE (Daily)","mc.lm_SMOTET",5,0.263330046800291,0.375060466779319,0.309417787918368
"DS16","Istanbul Stock Exchange - FTSE (Daily)","mc.lm_SMOTET",6,0.246822637973884,0.352479464641755,0.290337413851183
"DS16","Istanbul Stock Exchange - FTSE (Daily)","mc.lm_SMOTET",7,0.267149955540622,0.375082639904893,0.312046792035339
"DS16","Istanbul Stock Exchange - FTSE (Daily)","mc.lm_SMOTET",8,0.255500973956445,0.368776174051888,0.301861671351555
"DS16","Istanbul Stock Exchange - FTSE (Daily)","mc.lm_SMOTET",9,0.240184760037845,0.39440990714877,0.298556712822859
"DS16","Istanbul Stock Exchange - FTSE (Daily)","mc.lm_SMOTET",10,0.260554728842252,0.40116972267266,0.315922036948761
"DS16","Istanbul Stock Exchange - FTSE (Daily)","mc.lm_SMOTET",11,0.33085156765786,0.400419987431895,0.362326634042596
"DS16","Istanbul Stock Exchange - FTSE (Daily)","mc.lm_SMOTET",12,0.28285845552707,0.408664009004224,0.334317614670071
"DS16","Istanbul Stock Exchange - FTSE (Daily)","mc.lm_SMOTET",13,0.319217764268037,0.423388786099537,0.363996847719575
"DS16","Istanbul Stock Exchange - FTSE (Daily)","mc.lm_SMOTET",14,0.24094589113638,0.390697831718372,0.298070047472257
"DS16","Istanbul Stock Exchange - FTSE (Daily)","mc.lm_SMOTET",15,0.347297422871377,0.447716020720255,0.39116475684213
"DS16","Istanbul Stock Exchange - FTSE (Daily)","mc.lm_SMOTET",16,0.371939487890847,0.395589693565424,0.383400218765503
"DS16","Istanbul Stock Exchange - FTSE (Daily)","mc.lm_SMOTET",17,0.387253953118474,0.44449770588066,0.413905982373418
"DS16","Istanbul Stock Exchange - FTSE (Daily)","mc.lm_SMOTET",18,0.371652824581995,0.407732374544057,0.388857496505562
"DS16","Istanbul Stock Exchange - FTSE (Daily)","mc.lm_SMOTET",19,0.353231515323606,0.374590091731813,0.363597410258148
"DS16","Istanbul Stock Exchange - FTSE (Daily)","mc.lm_SMOTET",20,0.336574551541588,0.470297647539815,0.392355121398371
"DS16","Istanbul Stock Exchange - FTSE (Daily)","mc.lm_SMOTET",21,0.347860386694025,0.484928852887952,0.405114596267758
"DS16","Istanbul Stock Exchange - FTSE (Daily)","mc.lm_SMOTET",22,0.356236468562266,0.450482785404492,0.397854385727112
"DS16","Istanbul Stock Exchange - FTSE (Daily)","mc.lm_SMOTET",23,0.337075852415248,0.432855924205415,0.379008333088754
"DS16","Istanbul Stock Exchange - FTSE (Daily)","mc.lm_SMOTET",24,0.308645587710278,0.436285509555383,0.36153034287459
"DS16","Istanbul Stock Exchange - FTSE (Daily)","mc.lm_SMOTET",25,0.347697330544622,0.313142638360504,0.329516568490967
"DS16","Istanbul Stock Exchange - FTSE (Daily)","mc.lm_SMOTET",26,0.287776231601588,0.360669001464228,0.320125619880525
"DS16","Istanbul Stock Exchange - FTSE (Daily)","mc.lm_SMOTET",27,0.383962981436492,0.308494962303737,0.34211650412871
"DS16","Istanbul Stock Exchange - FTSE (Daily)","mc.lm_SMOTET",28,0.305036896328902,0.353819994225366,0.327622445617349
"DS16","Istanbul Stock Exchange - FTSE (Daily)","mc.lm_SMOTET",29,0.338879676933143,0.374761842670986,0.355918675364242
"DS16","Istanbul Stock Exchange - FTSE (Daily)","mc.lm_SMOTET",30,0.309083789895125,0.344796744551543,0.325965001052297
"DS16","Istanbul Stock Exchange - FTSE (Daily)","mc.lm_SMOTET",31,0.361447025697636,0.370841911416228,0.366084202811274
"DS16","Istanbul Stock Exchange - FTSE (Daily)","mc.lm_SMOTET",32,0.400903975126894,0.384106959460926,0.392325762959325
"DS16","Istanbul Stock Exchange - FTSE (Daily)","mc.lm_SMOTET",33,0.341244419292382,0.455789253191681,0.390285992661655
"DS16","Istanbul Stock Exchange - FTSE (Daily)","mc.lm_SMOTET",34,0.352299441506277,0.38350813948351,0.36724194434476
"DS16","Istanbul Stock Exchange - FTSE (Daily)","mc.lm_SMOTET",35,0.345276743633849,0.475399183218865,0.40002216840329
"DS16","Istanbul Stock Exchange - FTSE (Daily)","mc.lm_SMOTET",36,0.353052503416595,0.423676081595571,0.385153589378218
"DS16","Istanbul Stock Exchange - FTSE (Daily)","mc.lm_SMOTET",37,0.350347336964011,0.445075441822324,0.392070732569296
"DS16","Istanbul Stock Exchange - FTSE (Daily)","mc.lm_SMOTET",38,0.335937426982685,0.474935193207395,0.393522984540324
"DS16","Istanbul Stock Exchange - FTSE (Daily)","mc.lm_SMOTET",39,0.340164325817045,0.418763720062657,0.375393897445532
"DS16","Istanbul Stock Exchange - FTSE (Daily)","mc.lm_SMOTET",40,0.337651788436196,0.446030072296479,0.384346912065647
"DS16","Istanbul Stock Exchange - FTSE (Daily)","mc.lm_SMOTET",41,0.323699331648585,0.401462353341121,0.358411367143408
"DS16","Istanbul Stock Exchange - FTSE (Daily)","mc.lm_SMOTET",42,0.333765084260459,0.564204311004487,0.419416742698598
"DS16","Istanbul Stock Exchange - FTSE (Daily)","mc.lm_SMOTET",43,0.300545842108305,0.548580261135312,0.388336940572426
"DS16","Istanbul Stock Exchange - FTSE (Daily)","mc.lm_SMOTET",44,0.316044432075693,0.547160029825211,0.400662620533304
"DS16","Istanbul Stock Exchange - FTSE (Daily)","mc.lm_SMOTET",45,0.33573295642343,0.514510229043066,0.406326197632387
"DS16","Istanbul Stock Exchange - FTSE (Daily)","mc.lm_SMOTET",46,0.326808112501954,0.436479373118519,0.373764807525814
"DS16","Istanbul Stock Exchange - FTSE (Daily)","mc.lm_SMOTET",47,0.331779281952363,0.489483288784426,0.395489627476586
"DS16","Istanbul Stock Exchange - FTSE (Daily)","mc.lm_SMOTET",48,0.383445984894556,0.391293940609567,0.387330213665383
"DS16","Istanbul Stock Exchange - FTSE (Daily)","mc.lm_SMOTET",49,0.301289272827077,0.384945187839823,0.338018162509154
"DS16","Istanbul Stock Exchange - FTSE (Daily)","mc.lm_SMOTET",50,0.312429836878503,0.446188608742506,0.367517122872886
"DS16","Istanbul Stock Exchange - FTSE (Daily)","mc.lm_SMOTETPhi",1,0.268174758659978,0.412162506543949,0.324931725408233
"DS16","Istanbul Stock Exchange - FTSE (Daily)","mc.lm_SMOTETPhi",2,0.273160676111061,0.421029331454836,0.331346333393811
"DS16","Istanbul Stock Exchange - FTSE (Daily)","mc.lm_SMOTETPhi",3,0.260760853072086,0.410906781201695,0.319051856399511
"DS16","Istanbul Stock Exchange - FTSE (Daily)","mc.lm_SMOTETPhi",4,0.226316208852401,0.362804072188542,0.27874933121923
"DS16","Istanbul Stock Exchange - FTSE (Daily)","mc.lm_SMOTETPhi",5,0.273578864396049,0.359491297839088,0.310705595966946
"DS16","Istanbul Stock Exchange - FTSE (Daily)","mc.lm_SMOTETPhi",6,0.241529429747218,0.35887626197732,0.288735367102293
"DS16","Istanbul Stock Exchange - FTSE (Daily)","mc.lm_SMOTETPhi",7,0.286451462413989,0.364379503717889,0.32075007842366
"DS16","Istanbul Stock Exchange - FTSE (Daily)","mc.lm_SMOTETPhi",8,0.340693893349811,0.381428518295191,0.359912294195689
"DS16","Istanbul Stock Exchange - FTSE (Daily)","mc.lm_SMOTETPhi",9,0.281606834570594,0.405933939458639,0.332529432591464
"DS16","Istanbul Stock Exchange - FTSE (Daily)","mc.lm_SMOTETPhi",10,0.248789148965689,0.38604592489051,0.302579492124715
"DS16","Istanbul Stock Exchange - FTSE (Daily)","mc.lm_SMOTETPhi",11,0.259824673891427,0.372410601361409,0.306093211941528
"DS16","Istanbul Stock Exchange - FTSE (Daily)","mc.lm_SMOTETPhi",12,0.276061567827262,0.402045709967523,0.327350472900979
"DS16","Istanbul Stock Exchange - FTSE (Daily)","mc.lm_SMOTETPhi",13,0.302972391408109,0.443879707841208,0.360133677651456
"DS16","Istanbul Stock Exchange - FTSE (Daily)","mc.lm_SMOTETPhi",14,0.276460112554219,0.402368273578333,0.327737556278301
"DS16","Istanbul Stock Exchange - FTSE (Daily)","mc.lm_SMOTETPhi",15,0.318803449758888,0.436726545193305,0.368562281151303
"DS16","Istanbul Stock Exchange - FTSE (Daily)","mc.lm_SMOTETPhi",16,0.365066270218456,0.421882553330968,0.39142339528538
"DS16","Istanbul Stock Exchange - FTSE (Daily)","mc.lm_SMOTETPhi",17,0.396055367165959,0.417912627137961,0.406690533639373
"DS16","Istanbul Stock Exchange - FTSE (Daily)","mc.lm_SMOTETPhi",18,0.35129295964719,0.392286740479645,0.370659850100635
"DS16","Istanbul Stock Exchange - FTSE (Daily)","mc.lm_SMOTETPhi",19,0.366264102997843,0.377818101623625,0.371951397918252
"DS16","Istanbul Stock Exchange - FTSE (Daily)","mc.lm_SMOTETPhi",20,0.370065757551439,0.480026154667983,0.417934202215676
"DS16","Istanbul Stock Exchange - FTSE (Daily)","mc.lm_SMOTETPhi",21,0.359139109117907,0.512465163650975,0.422316154423846
"DS16","Istanbul Stock Exchange - FTSE (Daily)","mc.lm_SMOTETPhi",22,0.317591002835909,0.472052307312196,0.379714647724087
"DS16","Istanbul Stock Exchange - FTSE (Daily)","mc.lm_SMOTETPhi",23,0.350264846711425,0.464372930846377,0.399327205098343
"DS16","Istanbul Stock Exchange - FTSE (Daily)","mc.lm_SMOTETPhi",24,0.336159293571337,0.43662012636425,0.379859787803014
"DS16","Istanbul Stock Exchange - FTSE (Daily)","mc.lm_SMOTETPhi",25,0.320114236227251,0.303984503484055,0.311840934665985
"DS16","Istanbul Stock Exchange - FTSE (Daily)","mc.lm_SMOTETPhi",26,0.302303140660905,0.309099698494907,0.305663643176299
"DS16","Istanbul Stock Exchange - FTSE (Daily)","mc.lm_SMOTETPhi",27,0.34243555964401,0.315434565377359,0.32838096097631
"DS16","Istanbul Stock Exchange - FTSE (Daily)","mc.lm_SMOTETPhi",28,0.307100277633913,0.386217283850712,0.342144615069583
"DS16","Istanbul Stock Exchange - FTSE (Daily)","mc.lm_SMOTETPhi",29,0.288950487065845,0.348384361233447,0.315896207882408
"DS16","Istanbul Stock Exchange - FTSE (Daily)","mc.lm_SMOTETPhi",30,0.26316950986434,0.341491133473857,0.297257826218622
"DS16","Istanbul Stock Exchange - FTSE (Daily)","mc.lm_SMOTETPhi",31,0.282446545942252,0.457318263413059,0.349213594006708
"DS16","Istanbul Stock Exchange - FTSE (Daily)","mc.lm_SMOTETPhi",32,0.329665998654888,0.408151239397715,0.364734188898647
"DS16","Istanbul Stock Exchange - FTSE (Daily)","mc.lm_SMOTETPhi",33,0.313010516250869,0.401652318281976,0.351834161296439
"DS16","Istanbul Stock Exchange - FTSE (Daily)","mc.lm_SMOTETPhi",34,0.357595393953724,0.413571180297967,0.383551761926574
"DS16","Istanbul Stock Exchange - FTSE (Daily)","mc.lm_SMOTETPhi",35,0.333309742790718,0.435611218769831,0.377655105123546
"DS16","Istanbul Stock Exchange - FTSE (Daily)","mc.lm_SMOTETPhi",36,0.354577786586806,0.439340143994812,0.392434154251399
"DS16","Istanbul Stock Exchange - FTSE (Daily)","mc.lm_SMOTETPhi",37,0.345034138358277,0.37276288972602,0.358362928338718
"DS16","Istanbul Stock Exchange - FTSE (Daily)","mc.lm_SMOTETPhi",38,0.330486263935265,0.509173167037817,0.400816644137257
"DS16","Istanbul Stock Exchange - FTSE (Daily)","mc.lm_SMOTETPhi",39,0.319724924900063,0.433582419111609,0.368049263001209
"DS16","Istanbul Stock Exchange - FTSE (Daily)","mc.lm_SMOTETPhi",40,0.359655587726583,0.461589450395686,0.404296445918336
"DS16","Istanbul Stock Exchange - FTSE (Daily)","mc.lm_SMOTETPhi",41,0.346723480225466,0.425099537173281,0.381932094919133
"DS16","Istanbul Stock Exchange - FTSE (Daily)","mc.lm_SMOTETPhi",42,0.316405957244903,0.534384939286574,0.397471526650196
"DS16","Istanbul Stock Exchange - FTSE (Daily)","mc.lm_SMOTETPhi",43,0.33354796314,0.548033057042424,0.414698832495423
"DS16","Istanbul Stock Exchange - FTSE (Daily)","mc.lm_SMOTETPhi",44,0.309078841441718,0.513357014956262,0.385848428650903
"DS16","Istanbul Stock Exchange - FTSE (Daily)","mc.lm_SMOTETPhi",45,0.330682694666477,0.527530684856753,0.406531225333714
"DS16","Istanbul Stock Exchange - FTSE (Daily)","mc.lm_SMOTETPhi",46,0.309468025279123,0.414245582401664,0.354272079468726
"DS16","Istanbul Stock Exchange - FTSE (Daily)","mc.lm_SMOTETPhi",47,0.310193070913946,0.437059783422105,0.362856871287955
"DS16","Istanbul Stock Exchange - FTSE (Daily)","mc.lm_SMOTETPhi",48,0.336096195096856,0.35356587045432,0.344609772558201
"DS16","Istanbul Stock Exchange - FTSE (Daily)","mc.lm_SMOTETPhi",49,0.313062576892129,0.377132779129491,0.342123888938686
"DS16","Istanbul Stock Exchange - FTSE (Daily)","mc.lm_SMOTETPhi",50,0.326765718477695,0.35235253902236,0.339077117422579
"DS16","Istanbul Stock Exchange - FTSE (Daily)","mc.svm",1,0.410130122884796,0.383870194798257,0.396565912275276
"DS16","Istanbul Stock Exchange - FTSE (Daily)","mc.svm",2,0.403611846139795,0.391070967744899,0.397242453228886
"DS16","Istanbul Stock Exchange - FTSE (Daily)","mc.svm",3,0.375756193080953,0.351881890513376,0.363427375709353
"DS16","Istanbul Stock Exchange - FTSE (Daily)","mc.svm",4,0.4023264557567,0.348253663279471,0.373342321487107
"DS16","Istanbul Stock Exchange - FTSE (Daily)","mc.svm",5,0.362375834179501,0.35248501931513,0.357362002089423
"DS16","Istanbul Stock Exchange - FTSE (Daily)","mc.svm",6,0.385558470331397,0.357695837103101,0.371104905596619
"DS16","Istanbul Stock Exchange - FTSE (Daily)","mc.svm",7,0.366863746216084,0.3387067918235,0.352223444200074
"DS16","Istanbul Stock Exchange - FTSE (Daily)","mc.svm",8,0.278086884746945,0.334750901434057,0.303799267751204
"DS16","Istanbul Stock Exchange - FTSE (Daily)","mc.svm",9,0.30915537662994,0.321369969875975,0.315144362158096
"DS16","Istanbul Stock Exchange - FTSE (Daily)","mc.svm",10,0.262145920548274,0.321707462764325,0.288888619588423
"DS16","Istanbul Stock Exchange - FTSE (Daily)","mc.svm",11,0.266603514200559,0.315248869865496,0.288892711813155
"DS16","Istanbul Stock Exchange - FTSE (Daily)","mc.svm",12,0.265736299815696,0.316545532076752,0.288924138827687
"DS16","Istanbul Stock Exchange - FTSE (Daily)","mc.svm",13,0.276230318359545,0.321277839149935,0.297055960407855
"DS16","Istanbul Stock Exchange - FTSE (Daily)","mc.svm",14,0.280563369505204,0.335311063973535,0.305503839181652
"DS16","Istanbul Stock Exchange - FTSE (Daily)","mc.svm",15,0.268009276598269,0.362934953526429,0.308331322176036
"DS16","Istanbul Stock Exchange - FTSE (Daily)","mc.svm",16,0.324906638174346,0.382244326328474,0.351250935833538
"DS16","Istanbul Stock Exchange - FTSE (Daily)","mc.svm",17,0.294795396809584,0.37029345882621,0.328259318151748
"DS16","Istanbul Stock Exchange - FTSE (Daily)","mc.svm",18,0.319106222800643,0.366363737227237,0.341105971596351
"DS16","Istanbul Stock Exchange - FTSE (Daily)","mc.svm",19,0.317492569166295,0.365689559552621,0.339890968744651
"DS16","Istanbul Stock Exchange - FTSE (Daily)","mc.svm",20,0.437570692010209,0.397482367888099,0.416564271496311
"DS16","Istanbul Stock Exchange - FTSE (Daily)","mc.svm",21,0.457056069412835,0.39292274279128,0.422569884859592
"DS16","Istanbul Stock Exchange - FTSE (Daily)","mc.svm",22,0.386212281441703,0.388876417281653,0.387539770776165
"DS16","Istanbul Stock Exchange - FTSE (Daily)","mc.svm",23,0.402522684522974,0.395202175056269,0.398828840602692
"DS16","Istanbul Stock Exchange - FTSE (Daily)","mc.svm",24,0.394757896979852,0.386328096417306,0.390497507765142
"DS16","Istanbul Stock Exchange - FTSE (Daily)","mc.svm",25,0.416166376013393,0.392090468179484,0.403769842183264
"DS16","Istanbul Stock Exchange - FTSE (Daily)","mc.svm",26,0.395293141467961,0.390877704872531,0.393073023778676
"DS16","Istanbul Stock Exchange - FTSE (Daily)","mc.svm",27,0.434344216605147,0.407711792845737,0.420606841532412
"DS16","Istanbul Stock Exchange - FTSE (Daily)","mc.svm",28,0.383081003646561,0.387183792730598,0.385121471505738
"DS16","Istanbul Stock Exchange - FTSE (Daily)","mc.svm",29,0.349184362959051,0.37231189942177,0.360377455020121
"DS16","Istanbul Stock Exchange - FTSE (Daily)","mc.svm",30,0.37094651497435,0.380180199659467,0.37550660195779
"DS16","Istanbul Stock Exchange - FTSE (Daily)","mc.svm",31,0.461468163658261,0.398894874612144,0.427906074742612
"DS16","Istanbul Stock Exchange - FTSE (Daily)","mc.svm",32,0.521204320628505,0.40048055373658,0.452936140628302
"DS16","Istanbul Stock Exchange - FTSE (Daily)","mc.svm",33,0.349376598288368,0.401589201286622,0.373667799876557
"DS16","Istanbul Stock Exchange - FTSE (Daily)","mc.svm",34,0.324754041253893,0.406362874273578,0.361003781565313
"DS16","Istanbul Stock Exchange - FTSE (Daily)","mc.svm",35,0.341303191388545,0.420489525843237,0.376780753791552
"DS16","Istanbul Stock Exchange - FTSE (Daily)","mc.svm",36,0.358673084409168,0.41455253087776,0.384593660530446
"DS16","Istanbul Stock Exchange - FTSE (Daily)","mc.svm",37,0.492961459419618,0.433681885851552,0.461425545144709
"DS16","Istanbul Stock Exchange - FTSE (Daily)","mc.svm",38,0.813779483543097,0.452541413538511,0.58163601128269
"DS16","Istanbul Stock Exchange - FTSE (Daily)","mc.svm",39,0.666747417272432,0.429068861440574,0.522132333229282
"DS16","Istanbul Stock Exchange - FTSE (Daily)","mc.svm",40,0.726314172271545,0.433267664169194,0.542761942251509
"DS16","Istanbul Stock Exchange - FTSE (Daily)","mc.svm",41,0.58645807672575,0.430583883618481,0.496576161263848
"DS16","Istanbul Stock Exchange - FTSE (Daily)","mc.svm",42,0.56615588186471,0.507885312490717,0.535439903963611
"DS16","Istanbul Stock Exchange - FTSE (Daily)","mc.svm",43,0.486672007934658,0.436142685822356,0.460023963838335
"DS16","Istanbul Stock Exchange - FTSE (Daily)","mc.svm",44,0.367618720345799,0.427710822358005,0.395394605005529
"DS16","Istanbul Stock Exchange - FTSE (Daily)","mc.svm",45,0.362565113525269,0.428055502259122,0.392597887465202
"DS16","Istanbul Stock Exchange - FTSE (Daily)","mc.svm",46,0.40885306192649,0.40206536320438,0.40543080474258
"DS16","Istanbul Stock Exchange - FTSE (Daily)","mc.svm",47,0.432461740582279,0.365155933620579,0.395969085803733
"DS16","Istanbul Stock Exchange - FTSE (Daily)","mc.svm",48,0.424030942453486,0.358867506912478,0.388737331885809
"DS16","Istanbul Stock Exchange - FTSE (Daily)","mc.svm",49,0.454800889527091,0.401392874697338,0.426431128303181
"DS16","Istanbul Stock Exchange - FTSE (Daily)","mc.svm",50,1e-05,0.409075899094387,1.99995111051238e-05
"DS16","Istanbul Stock Exchange - FTSE (Daily)","mc.svm_UNDERB",1,0.36336486563195,0.544720231190937,0.435933139539905
"DS16","Istanbul Stock Exchange - FTSE (Daily)","mc.svm_UNDERB",2,0.302400655535391,0.54813883549553,0.389770363225211
"DS16","Istanbul Stock Exchange - FTSE (Daily)","mc.svm_UNDERB",3,0.305927216154076,0.396609033149198,0.345415620996706
"DS16","Istanbul Stock Exchange - FTSE (Daily)","mc.svm_UNDERB",4,0.340055502165513,0.366774062221435,0.352909793800635
"DS16","Istanbul Stock Exchange - FTSE (Daily)","mc.svm_UNDERB",5,0.352145065334038,0.374967149984021,0.363197945922231
"DS16","Istanbul Stock Exchange - FTSE (Daily)","mc.svm_UNDERB",6,0.320977256346986,0.37911670938764,0.347632881214316
"DS16","Istanbul Stock Exchange - FTSE (Daily)","mc.svm_UNDERB",7,0.290536965870069,0.319541815719716,0.304349904993888
"DS16","Istanbul Stock Exchange - FTSE (Daily)","mc.svm_UNDERB",8,0.290616931013869,0.386284891486243,0.331690434060661
"DS16","Istanbul Stock Exchange - FTSE (Daily)","mc.svm_UNDERB",9,0.367778500974882,0.399501297549637,0.382984117743928
"DS16","Istanbul Stock Exchange - FTSE (Daily)","mc.svm_UNDERB",10,0.278057261857612,0.33269596794456,0.302932593275672
"DS16","Istanbul Stock Exchange - FTSE (Daily)","mc.svm_UNDERB",11,0.305489036477865,0.330496953725296,0.317501320807895
"DS16","Istanbul Stock Exchange - FTSE (Daily)","mc.svm_UNDERB",12,0.310043973988589,0.398046843441238,0.348576826972807
"DS16","Istanbul Stock Exchange - FTSE (Daily)","mc.svm_UNDERB",13,0.336811931416698,0.358588177865444,0.347359096318613
"DS16","Istanbul Stock Exchange - FTSE (Daily)","mc.svm_UNDERB",14,0.35391148518728,0.370885100687474,0.362199545020539
"DS16","Istanbul Stock Exchange - FTSE (Daily)","mc.svm_UNDERB",15,0.329498556300626,0.388203935781795,0.356450305806192
"DS16","Istanbul Stock Exchange - FTSE (Daily)","mc.svm_UNDERB",16,0.325237688484138,0.332171643604834,0.328668098466823
"DS16","Istanbul Stock Exchange - FTSE (Daily)","mc.svm_UNDERB",17,0.317768374802735,0.3513491812065,0.333716122966949
"DS16","Istanbul Stock Exchange - FTSE (Daily)","mc.svm_UNDERB",18,0.308309446492062,0.369419541824183,0.33610937831102
"DS16","Istanbul Stock Exchange - FTSE (Daily)","mc.svm_UNDERB",19,0.26604888741163,0.358213308194264,0.305327642045103
"DS16","Istanbul Stock Exchange - FTSE (Daily)","mc.svm_UNDERB",20,0.301070852657557,0.369089353431111,0.331628304201723
"DS16","Istanbul Stock Exchange - FTSE (Daily)","mc.svm_UNDERB",21,0.339120316294653,0.419955788869137,0.375233890204836
"DS16","Istanbul Stock Exchange - FTSE (Daily)","mc.svm_UNDERB",22,0.321429768447562,0.2951337948327,0.307721029862427
"DS16","Istanbul Stock Exchange - FTSE (Daily)","mc.svm_UNDERB",23,0.291262530010804,0.378307779552023,0.329127141455942
"DS16","Istanbul Stock Exchange - FTSE (Daily)","mc.svm_UNDERB",24,0.258106355946726,0.34326822916794,0.294657319866383
"DS16","Istanbul Stock Exchange - FTSE (Daily)","mc.svm_UNDERB",25,0.321718672210052,0.289607775306538,0.304819885715146
"DS16","Istanbul Stock Exchange - FTSE (Daily)","mc.svm_UNDERB",26,0.312563226039641,0.320493854467843,0.316478864743269
"DS16","Istanbul Stock Exchange - FTSE (Daily)","mc.svm_UNDERB",27,0.302849825215465,0.35470536182225,0.32673290074646
"DS16","Istanbul Stock Exchange - FTSE (Daily)","mc.svm_UNDERB",28,0.296592383727357,0.419198817015155,0.347395095847059
"DS16","Istanbul Stock Exchange - FTSE (Daily)","mc.svm_UNDERB",29,0.301592446475734,0.299970855454931,0.300779465362063
"DS16","Istanbul Stock Exchange - FTSE (Daily)","mc.svm_UNDERB",30,0.295681636980575,0.436098698234126,0.352418262076234
"DS16","Istanbul Stock Exchange - FTSE (Daily)","mc.svm_UNDERB",31,0.315960914820507,0.377847837392638,0.344144255847761
"DS16","Istanbul Stock Exchange - FTSE (Daily)","mc.svm_UNDERB",32,0.3430456080467,0.472728803968899,0.397579373930152
"DS16","Istanbul Stock Exchange - FTSE (Daily)","mc.svm_UNDERB",33,0.330877673435849,0.410942702513893,0.366589459474349
"DS16","Istanbul Stock Exchange - FTSE (Daily)","mc.svm_UNDERB",34,0.326260996123457,0.479396342906415,0.388275066327647
"DS16","Istanbul Stock Exchange - FTSE (Daily)","mc.svm_UNDERB",35,0.330528396212903,0.480279092898741,0.391574770687769
"DS16","Istanbul Stock Exchange - FTSE (Daily)","mc.svm_UNDERB",36,0.322524445546378,0.576091687650138,0.413532865211991
"DS16","Istanbul Stock Exchange - FTSE (Daily)","mc.svm_UNDERB",37,0.335797211896309,0.500255604297287,0.401851256056612
"DS16","Istanbul Stock Exchange - FTSE (Daily)","mc.svm_UNDERB",38,0.334949488914808,0.52371729097749,0.40858419833305
"DS16","Istanbul Stock Exchange - FTSE (Daily)","mc.svm_UNDERB",39,0.326524928765622,0.430625810102985,0.371418938793155
"DS16","Istanbul Stock Exchange - FTSE (Daily)","mc.svm_UNDERB",40,0.383033195430827,0.484871473889166,0.427977579985913
"DS16","Istanbul Stock Exchange - FTSE (Daily)","mc.svm_UNDERB",41,0.383365398244612,0.512917960240901,0.438778643456751
"DS16","Istanbul Stock Exchange - FTSE (Daily)","mc.svm_UNDERB",42,0.375251147503254,0.533707512506898,0.440667689985117
"DS16","Istanbul Stock Exchange - FTSE (Daily)","mc.svm_UNDERB",43,0.304943231973106,0.429827920848222,0.356772621985637
"DS16","Istanbul Stock Exchange - FTSE (Daily)","mc.svm_UNDERB",44,0.328020136833455,0.560646988479249,0.413886137200171
"DS16","Istanbul Stock Exchange - FTSE (Daily)","mc.svm_UNDERB",45,0.281188855323352,0.439825317248891,0.343055607515271
"DS16","Istanbul Stock Exchange - FTSE (Daily)","mc.svm_UNDERB",46,0.376754561519665,0.593193097363295,0.460825289378976
"DS16","Istanbul Stock Exchange - FTSE (Daily)","mc.svm_UNDERB",47,0.339988211215093,0.615821967169074,0.438104162897125
"DS16","Istanbul Stock Exchange - FTSE (Daily)","mc.svm_UNDERB",48,0.401895819446817,0.637746185485948,0.493068815224588
"DS16","Istanbul Stock Exchange - FTSE (Daily)","mc.svm_UNDERB",49,0.327833838064847,0.506197073395853,0.397943354636383
"DS16","Istanbul Stock Exchange - FTSE (Daily)","mc.svm_UNDERB",50,0.342752731202496,0.663486707828857,0.452003514081716
"DS16","Istanbul Stock Exchange - FTSE (Daily)","mc.svm_UNDERT",1,0.287472831617764,0.340213136999304,0.311627274582008
"DS16","Istanbul Stock Exchange - FTSE (Daily)","mc.svm_UNDERT",2,0.354169414030983,0.535299989474727,0.426292085721728
"DS16","Istanbul Stock Exchange - FTSE (Daily)","mc.svm_UNDERT",3,0.309086793376121,0.357317595911649,0.331456850262445
"DS16","Istanbul Stock Exchange - FTSE (Daily)","mc.svm_UNDERT",4,0.307184804728568,0.276045929509678,0.290784109871368
"DS16","Istanbul Stock Exchange - FTSE (Daily)","mc.svm_UNDERT",5,0.352875359694522,0.340406803649961,0.346528959294041
"DS16","Istanbul Stock Exchange - FTSE (Daily)","mc.svm_UNDERT",6,0.308094163934192,0.366533045460976,0.334782500980938
"DS16","Istanbul Stock Exchange - FTSE (Daily)","mc.svm_UNDERT",7,0.313908924673866,0.408896798005596,0.355161422044925
"DS16","Istanbul Stock Exchange - FTSE (Daily)","mc.svm_UNDERT",8,0.268817746555805,0.291003166959376,0.27947085824796
"DS16","Istanbul Stock Exchange - FTSE (Daily)","mc.svm_UNDERT",9,0.291900771700679,0.330972103173566,0.310211011668363
"DS16","Istanbul Stock Exchange - FTSE (Daily)","mc.svm_UNDERT",10,0.270096380140194,0.293963829513054,0.281525145311827
"DS16","Istanbul Stock Exchange - FTSE (Daily)","mc.svm_UNDERT",11,0.407580052775696,0.396472456437626,0.401949531572409
"DS16","Istanbul Stock Exchange - FTSE (Daily)","mc.svm_UNDERT",12,0.263584797297168,0.268022968926495,0.265785356889433
"DS16","Istanbul Stock Exchange - FTSE (Daily)","mc.svm_UNDERT",13,0.318559361720485,0.347020080405042,0.332181219314682
"DS16","Istanbul Stock Exchange - FTSE (Daily)","mc.svm_UNDERT",14,0.314763235339583,0.347407535789987,0.330280721270951
"DS16","Istanbul Stock Exchange - FTSE (Daily)","mc.svm_UNDERT",15,0.329154050603859,0.304747966251705,0.316481174811887
"DS16","Istanbul Stock Exchange - FTSE (Daily)","mc.svm_UNDERT",16,0.305407290909138,0.319840264216166,0.312457194969267
"DS16","Istanbul Stock Exchange - FTSE (Daily)","mc.svm_UNDERT",17,0.294493245687503,0.26917987287521,0.281268174146397
"DS16","Istanbul Stock Exchange - FTSE (Daily)","mc.svm_UNDERT",18,0.314176233130939,0.271456371262597,0.291258169517372
"DS16","Istanbul Stock Exchange - FTSE (Daily)","mc.svm_UNDERT",19,0.347215882535244,0.331770140993262,0.339317329995031
"DS16","Istanbul Stock Exchange - FTSE (Daily)","mc.svm_UNDERT",20,0.297323258545781,0.282563686598967,0.289755638576561
"DS16","Istanbul Stock Exchange - FTSE (Daily)","mc.svm_UNDERT",21,0.28456471473207,0.332212087382356,0.306547968576052
"DS16","Istanbul Stock Exchange - FTSE (Daily)","mc.svm_UNDERT",22,0.292002735367314,0.28280484622839,0.287330199941259
"DS16","Istanbul Stock Exchange - FTSE (Daily)","mc.svm_UNDERT",23,0.279557455174261,0.333578490952588,0.30418818084524
"DS16","Istanbul Stock Exchange - FTSE (Daily)","mc.svm_UNDERT",24,0.26853904766784,0.255361360207853,0.261784474493678
"DS16","Istanbul Stock Exchange - FTSE (Daily)","mc.svm_UNDERT",25,0.310103707969276,0.362664286423539,0.334330826987308
"DS16","Istanbul Stock Exchange - FTSE (Daily)","mc.svm_UNDERT",26,0.319459518208793,0.450793087486016,0.373929647171351
"DS16","Istanbul Stock Exchange - FTSE (Daily)","mc.svm_UNDERT",27,0.273666221411489,0.278684067657032,0.276152352131104
"DS16","Istanbul Stock Exchange - FTSE (Daily)","mc.svm_UNDERT",28,0.302089787679094,0.389915598745095,0.340429490141192
"DS16","Istanbul Stock Exchange - FTSE (Daily)","mc.svm_UNDERT",29,0.33737951772415,0.350782603936005,0.343950537284573
"DS16","Istanbul Stock Exchange - FTSE (Daily)","mc.svm_UNDERT",30,0.265018972246867,0.305288228588032,0.28373189909236
"DS16","Istanbul Stock Exchange - FTSE (Daily)","mc.svm_UNDERT",31,0.301928127554757,0.481965477086292,0.371272155254624
"DS16","Istanbul Stock Exchange - FTSE (Daily)","mc.svm_UNDERT",32,0.319463259980981,0.446872168929146,0.372576379729454
"DS16","Istanbul Stock Exchange - FTSE (Daily)","mc.svm_UNDERT",33,0.302448863166252,0.491324296063296,0.374415468858981
"DS16","Istanbul Stock Exchange - FTSE (Daily)","mc.svm_UNDERT",34,0.323341449176375,0.414098869505671,0.363135362079362
"DS16","Istanbul Stock Exchange - FTSE (Daily)","mc.svm_UNDERT",35,0.339575597962422,0.515141267438321,0.409327137457315
"DS16","Istanbul Stock Exchange - FTSE (Daily)","mc.svm_UNDERT",36,0.346356661568672,0.520865040059508,0.416052956387367
"DS16","Istanbul Stock Exchange - FTSE (Daily)","mc.svm_UNDERT",37,0.347714264907078,0.57288028687766,0.432760866214641
"DS16","Istanbul Stock Exchange - FTSE (Daily)","mc.svm_UNDERT",38,0.316262778003137,0.45913741071083,0.374537110282131
"DS16","Istanbul Stock Exchange - FTSE (Daily)","mc.svm_UNDERT",39,0.331668153650318,0.456323687491759,0.384136045566005
"DS16","Istanbul Stock Exchange - FTSE (Daily)","mc.svm_UNDERT",40,0.334627299163501,0.635778953081138,0.438474079165157
"DS16","Istanbul Stock Exchange - FTSE (Daily)","mc.svm_UNDERT",41,0.414934719815066,0.470392054963273,0.440926449057833
"DS16","Istanbul Stock Exchange - FTSE (Daily)","mc.svm_UNDERT",42,0.354095335251527,0.558832707846285,0.433506356892901
"DS16","Istanbul Stock Exchange - FTSE (Daily)","mc.svm_UNDERT",43,0.328233936951032,0.570135821618346,0.416616707188834
"DS16","Istanbul Stock Exchange - FTSE (Daily)","mc.svm_UNDERT",44,0.32298881516573,0.438888284260056,0.372123028845767
"DS16","Istanbul Stock Exchange - FTSE (Daily)","mc.svm_UNDERT",45,0.333338797681169,0.633568763508456,0.436842276042219
"DS16","Istanbul Stock Exchange - FTSE (Daily)","mc.svm_UNDERT",46,0.333977854451648,0.59948453009453,0.428971880286883
"DS16","Istanbul Stock Exchange - FTSE (Daily)","mc.svm_UNDERT",47,0.357609647570526,0.674139365894141,0.467320516723862
"DS16","Istanbul Stock Exchange - FTSE (Daily)","mc.svm_UNDERT",48,0.300954689923917,0.49069758634564,0.373087387914697
"DS16","Istanbul Stock Exchange - FTSE (Daily)","mc.svm_UNDERT",49,0.31431002706279,0.53661107010832,0.396422748310406
"DS16","Istanbul Stock Exchange - FTSE (Daily)","mc.svm_UNDERT",50,0.390795756732258,0.613035474191527,0.477314621542365
"DS16","Istanbul Stock Exchange - FTSE (Daily)","mc.svm_UNDERTPhi",1,0.30513724362063,0.409797589076554,0.349806726583604
"DS16","Istanbul Stock Exchange - FTSE (Daily)","mc.svm_UNDERTPhi",2,0.341879241659072,0.457178432618936,0.391210349084928
"DS16","Istanbul Stock Exchange - FTSE (Daily)","mc.svm_UNDERTPhi",3,0.321149384617176,0.350265459148739,0.33507610891453
"DS16","Istanbul Stock Exchange - FTSE (Daily)","mc.svm_UNDERTPhi",4,0.322748191453058,0.495651423316701,0.390935180270348
"DS16","Istanbul Stock Exchange - FTSE (Daily)","mc.svm_UNDERTPhi",5,0.326128427928957,0.370047083952596,0.346702438363525
"DS16","Istanbul Stock Exchange - FTSE (Daily)","mc.svm_UNDERTPhi",6,0.294882210482529,0.325354657528883,0.309369873192181
"DS16","Istanbul Stock Exchange - FTSE (Daily)","mc.svm_UNDERTPhi",7,0.310547090183757,0.337308010364797,0.323374844238367
"DS16","Istanbul Stock Exchange - FTSE (Daily)","mc.svm_UNDERTPhi",8,0.298926026349961,0.350098131259616,0.322494754572568
"DS16","Istanbul Stock Exchange - FTSE (Daily)","mc.svm_UNDERTPhi",9,0.294269182177744,0.393451932303308,0.336708517180004
"DS16","Istanbul Stock Exchange - FTSE (Daily)","mc.svm_UNDERTPhi",10,0.278268398142806,0.32961456997134,0.301772950392095
"DS16","Istanbul Stock Exchange - FTSE (Daily)","mc.svm_UNDERTPhi",11,0.325021063597618,0.42455557710197,0.368179843750722
"DS16","Istanbul Stock Exchange - FTSE (Daily)","mc.svm_UNDERTPhi",12,0.261270270857309,0.373973972983677,0.307624294631114
"DS16","Istanbul Stock Exchange - FTSE (Daily)","mc.svm_UNDERTPhi",13,0.282303331861106,0.312833156527,0.29678517156087
"DS16","Istanbul Stock Exchange - FTSE (Daily)","mc.svm_UNDERTPhi",14,0.306924839526997,0.345176809258917,0.32492890330052
"DS16","Istanbul Stock Exchange - FTSE (Daily)","mc.svm_UNDERTPhi",15,0.299594206313382,0.353413364628187,0.324285969069715
"DS16","Istanbul Stock Exchange - FTSE (Daily)","mc.svm_UNDERTPhi",16,0.316088384526368,0.337577681546572,0.32647980230415
"DS16","Istanbul Stock Exchange - FTSE (Daily)","mc.svm_UNDERTPhi",17,0.358420580139363,0.419106319556485,0.386395198042075
"DS16","Istanbul Stock Exchange - FTSE (Daily)","mc.svm_UNDERTPhi",18,0.340899969018236,0.451440098961887,0.388459253719218
"DS16","Istanbul Stock Exchange - FTSE (Daily)","mc.svm_UNDERTPhi",19,0.316649643542224,0.352592545571491,0.333655904206264
"DS16","Istanbul Stock Exchange - FTSE (Daily)","mc.svm_UNDERTPhi",20,0.238753510311112,0.227699737692792,0.233095650651868
"DS16","Istanbul Stock Exchange - FTSE (Daily)","mc.svm_UNDERTPhi",21,0.281059541424223,0.354485199856547,0.313530869636573
"DS16","Istanbul Stock Exchange - FTSE (Daily)","mc.svm_UNDERTPhi",22,0.286386981505499,0.273274750612368,0.279677263812141
"DS16","Istanbul Stock Exchange - FTSE (Daily)","mc.svm_UNDERTPhi",23,0.290654197549181,0.251062152057917,0.269411356678788
"DS16","Istanbul Stock Exchange - FTSE (Daily)","mc.svm_UNDERTPhi",24,0.28564739657097,0.225292022745443,0.251904931710076
"DS16","Istanbul Stock Exchange - FTSE (Daily)","mc.svm_UNDERTPhi",25,0.304454707283199,0.321360881478122,0.312679437392563
"DS16","Istanbul Stock Exchange - FTSE (Daily)","mc.svm_UNDERTPhi",26,0.303684692240852,0.482490284317068,0.372753948856409
"DS16","Istanbul Stock Exchange - FTSE (Daily)","mc.svm_UNDERTPhi",27,0.289186890631773,0.133162957220253,0.182355844292142
"DS16","Istanbul Stock Exchange - FTSE (Daily)","mc.svm_UNDERTPhi",28,0.263090905389796,0.289241246172414,0.27554702769463
"DS16","Istanbul Stock Exchange - FTSE (Daily)","mc.svm_UNDERTPhi",29,0.315462640196941,0.316265885384177,0.315863752125927
"DS16","Istanbul Stock Exchange - FTSE (Daily)","mc.svm_UNDERTPhi",30,0.287608757016503,0.266031170925726,0.276399481092255
"DS16","Istanbul Stock Exchange - FTSE (Daily)","mc.svm_UNDERTPhi",31,0.405800126787389,0.417606874873904,0.411618852959
"DS16","Istanbul Stock Exchange - FTSE (Daily)","mc.svm_UNDERTPhi",32,0.359504737318068,0.490768522846761,0.41500448657129
"DS16","Istanbul Stock Exchange - FTSE (Daily)","mc.svm_UNDERTPhi",33,0.392742284834435,0.558666303856084,0.461235862792529
"DS16","Istanbul Stock Exchange - FTSE (Daily)","mc.svm_UNDERTPhi",34,0.323057516492909,0.480112935992049,0.386229578684893
"DS16","Istanbul Stock Exchange - FTSE (Daily)","mc.svm_UNDERTPhi",35,0.33370147234845,0.51344429753356,0.404504452828062
"DS16","Istanbul Stock Exchange - FTSE (Daily)","mc.svm_UNDERTPhi",36,0.347382732922764,0.574799994050455,0.433049951982096
"DS16","Istanbul Stock Exchange - FTSE (Daily)","mc.svm_UNDERTPhi",37,0.284137424656152,0.369283463926239,0.321162834679945
"DS16","Istanbul Stock Exchange - FTSE (Daily)","mc.svm_UNDERTPhi",38,0.349619912720608,0.430941372845849,0.386044473247801
"DS16","Istanbul Stock Exchange - FTSE (Daily)","mc.svm_UNDERTPhi",39,0.326424269114088,0.550538049112421,0.409844246590767
"DS16","Istanbul Stock Exchange - FTSE (Daily)","mc.svm_UNDERTPhi",40,0.348485498523357,0.503131524145325,0.4117673445868
"DS16","Istanbul Stock Exchange - FTSE (Daily)","mc.svm_UNDERTPhi",41,0.330437491006666,0.406011939065147,0.364346989718917
"DS16","Istanbul Stock Exchange - FTSE (Daily)","mc.svm_UNDERTPhi",42,0.328440558572038,0.547686533768722,0.410630997821989
"DS16","Istanbul Stock Exchange - FTSE (Daily)","mc.svm_UNDERTPhi",43,0.33279233384986,0.548114732263417,0.414137626962746
"DS16","Istanbul Stock Exchange - FTSE (Daily)","mc.svm_UNDERTPhi",44,0.414369533029696,0.594305612995305,0.488288306308061
"DS16","Istanbul Stock Exchange - FTSE (Daily)","mc.svm_UNDERTPhi",45,0.338105656847893,0.644676223972579,0.443574881495572
"DS16","Istanbul Stock Exchange - FTSE (Daily)","mc.svm_UNDERTPhi",46,0.360280487950566,0.566062131237043,0.440314709974746
"DS16","Istanbul Stock Exchange - FTSE (Daily)","mc.svm_UNDERTPhi",47,0.322303268970795,0.495454909429447,0.39054757544371
"DS16","Istanbul Stock Exchange - FTSE (Daily)","mc.svm_UNDERTPhi",48,0.385959364985253,0.446363817594615,0.41396971560306
"DS16","Istanbul Stock Exchange - FTSE (Daily)","mc.svm_UNDERTPhi",49,0.332951140190682,0.5137202124906,0.404038072024227
"DS16","Istanbul Stock Exchange - FTSE (Daily)","mc.svm_UNDERTPhi",50,0.301214671833927,0.553355186356588,0.390087947213421
"DS16","Istanbul Stock Exchange - FTSE (Daily)","mc.svm_OVERB",1,0.299512337335693,0.367884701604986,0.330196271241015
"DS16","Istanbul Stock Exchange - FTSE (Daily)","mc.svm_OVERB",2,0.288549427914436,0.337760693990874,0.311221714656511
"DS16","Istanbul Stock Exchange - FTSE (Daily)","mc.svm_OVERB",3,0.319303060578224,0.377587091843249,0.346007799483049
"DS16","Istanbul Stock Exchange - FTSE (Daily)","mc.svm_OVERB",4,0.323327177430271,0.355929427409349,0.338845898026445
"DS16","Istanbul Stock Exchange - FTSE (Daily)","mc.svm_OVERB",5,0.330885267833235,0.342252745909922,0.33647302391178
"DS16","Istanbul Stock Exchange - FTSE (Daily)","mc.svm_OVERB",6,0.331472288267127,0.361598885081317,0.345880811327543
"DS16","Istanbul Stock Exchange - FTSE (Daily)","mc.svm_OVERB",7,0.312058042292472,0.343988571385552,0.327246259395349
"DS16","Istanbul Stock Exchange - FTSE (Daily)","mc.svm_OVERB",8,0.349947703701659,0.363082663677745,0.356394202044693
"DS16","Istanbul Stock Exchange - FTSE (Daily)","mc.svm_OVERB",9,0.271693276579011,0.349690938951077,0.305796879351238
"DS16","Istanbul Stock Exchange - FTSE (Daily)","mc.svm_OVERB",10,0.259802757701737,0.344108957782406,0.296071276279412
"DS16","Istanbul Stock Exchange - FTSE (Daily)","mc.svm_OVERB",11,0.286477397102589,0.29542749154918,0.290883615044532
"DS16","Istanbul Stock Exchange - FTSE (Daily)","mc.svm_OVERB",12,0.217108557245116,0.269523089136102,0.240493068881697
"DS16","Istanbul Stock Exchange - FTSE (Daily)","mc.svm_OVERB",13,0.295903622195845,0.301628020898463,0.298738401459126
"DS16","Istanbul Stock Exchange - FTSE (Daily)","mc.svm_OVERB",14,0.276467003411129,0.2703906000517,0.273395042780682
"DS16","Istanbul Stock Exchange - FTSE (Daily)","mc.svm_OVERB",15,0.307299465076355,0.288707578926577,0.297713543691575
"DS16","Istanbul Stock Exchange - FTSE (Daily)","mc.svm_OVERB",16,0.316516338086417,0.293995992461387,0.304840804320737
"DS16","Istanbul Stock Exchange - FTSE (Daily)","mc.svm_OVERB",17,0.322006000803079,0.307219502769089,0.314439013974387
"DS16","Istanbul Stock Exchange - FTSE (Daily)","mc.svm_OVERB",18,0.334366963654456,0.297341316469764,0.314769067574873
"DS16","Istanbul Stock Exchange - FTSE (Daily)","mc.svm_OVERB",19,0.339629279591553,0.313875064112023,0.326244692734505
"DS16","Istanbul Stock Exchange - FTSE (Daily)","mc.svm_OVERB",20,0.385287930072014,0.397600002361658,0.391347153430621
"DS16","Istanbul Stock Exchange - FTSE (Daily)","mc.svm_OVERB",21,0.352550400382492,0.385730301750892,0.368394763479453
"DS16","Istanbul Stock Exchange - FTSE (Daily)","mc.svm_OVERB",22,0.319950795652522,0.337855955467313,0.328659690961479
"DS16","Istanbul Stock Exchange - FTSE (Daily)","mc.svm_OVERB",23,0.319617440944938,0.333198608281734,0.326266753495348
"DS16","Istanbul Stock Exchange - FTSE (Daily)","mc.svm_OVERB",24,0.28147342975092,0.282492658286018,0.28198212301734
"DS16","Istanbul Stock Exchange - FTSE (Daily)","mc.svm_OVERB",25,0.302442852960153,0.271075906176267,0.285901617433259
"DS16","Istanbul Stock Exchange - FTSE (Daily)","mc.svm_OVERB",26,0.329998153669685,0.398603238338167,0.361070769672466
"DS16","Istanbul Stock Exchange - FTSE (Daily)","mc.svm_OVERB",27,0.310740773151189,0.36740815788817,0.336706849538919
"DS16","Istanbul Stock Exchange - FTSE (Daily)","mc.svm_OVERB",28,0.298660774250605,0.389644025374099,0.338139110358673
"DS16","Istanbul Stock Exchange - FTSE (Daily)","mc.svm_OVERB",29,0.301316037971684,0.397850077201087,0.342918818196265
"DS16","Istanbul Stock Exchange - FTSE (Daily)","mc.svm_OVERB",30,0.367961930768128,0.425146981372007,0.394492866569236
"DS16","Istanbul Stock Exchange - FTSE (Daily)","mc.svm_OVERB",31,0.342083449483075,0.445304681981714,0.386928264717134
"DS16","Istanbul Stock Exchange - FTSE (Daily)","mc.svm_OVERB",32,0.360169611263124,0.427238775350243,0.390847814807407
"DS16","Istanbul Stock Exchange - FTSE (Daily)","mc.svm_OVERB",33,0.299910452790596,0.459854222285792,0.363046855289852
"DS16","Istanbul Stock Exchange - FTSE (Daily)","mc.svm_OVERB",34,0.338374363746955,0.469622547809085,0.393338708461392
"DS16","Istanbul Stock Exchange - FTSE (Daily)","mc.svm_OVERB",35,0.356357128627209,0.527172994674511,0.425252857186086
"DS16","Istanbul Stock Exchange - FTSE (Daily)","mc.svm_OVERB",36,0.338362145088414,0.518524509145705,0.409503554124724
"DS16","Istanbul Stock Exchange - FTSE (Daily)","mc.svm_OVERB",37,0.263163915420489,0.525223523408192,0.350639475170736
"DS16","Istanbul Stock Exchange - FTSE (Daily)","mc.svm_OVERB",38,0.425032465551657,0.465672233910658,0.44442522384237
"DS16","Istanbul Stock Exchange - FTSE (Daily)","mc.svm_OVERB",39,0.361423507355943,0.464039352823006,0.406353183260394
"DS16","Istanbul Stock Exchange - FTSE (Daily)","mc.svm_OVERB",40,0.3833351820375,0.439099715968006,0.409326914413311
"DS16","Istanbul Stock Exchange - FTSE (Daily)","mc.svm_OVERB",41,0.389267918933072,0.450102564954817,0.417480700428827
"DS16","Istanbul Stock Exchange - FTSE (Daily)","mc.svm_OVERB",42,0.380715283577617,0.513567094366586,0.437273162907179
"DS16","Istanbul Stock Exchange - FTSE (Daily)","mc.svm_OVERB",43,0.341102082380587,0.465012139103802,0.393533831194491
"DS16","Istanbul Stock Exchange - FTSE (Daily)","mc.svm_OVERB",44,0.32395820003027,0.457654111804436,0.379371716775032
"DS16","Istanbul Stock Exchange - FTSE (Daily)","mc.svm_OVERB",45,0.322651186779142,0.460622271461688,0.379485149101841
"DS16","Istanbul Stock Exchange - FTSE (Daily)","mc.svm_OVERB",46,0.350568858959872,0.484614094461989,0.406834477249196
"DS16","Istanbul Stock Exchange - FTSE (Daily)","mc.svm_OVERB",47,0.457274320545732,0.5096556904237,0.482046181020088
"DS16","Istanbul Stock Exchange - FTSE (Daily)","mc.svm_OVERB",48,0.355342067089193,0.374893757910331,0.3648561692376
"DS16","Istanbul Stock Exchange - FTSE (Daily)","mc.svm_OVERB",49,0.345448584275923,0.526469912532455,0.417168087645639
"DS16","Istanbul Stock Exchange - FTSE (Daily)","mc.svm_OVERB",50,0.329970345768759,0.50633136363194,0.399555168315811
"DS16","Istanbul Stock Exchange - FTSE (Daily)","mc.svm_OVERT",1,0.296075497414911,0.340511077626109,0.316742421647649
"DS16","Istanbul Stock Exchange - FTSE (Daily)","mc.svm_OVERT",2,0.321008762680641,0.343019924626822,0.331649531666326
"DS16","Istanbul Stock Exchange - FTSE (Daily)","mc.svm_OVERT",3,0.348459677060143,0.346751877828912,0.347603679825325
"DS16","Istanbul Stock Exchange - FTSE (Daily)","mc.svm_OVERT",4,0.279894151073127,0.342105869904279,0.30788883860012
"DS16","Istanbul Stock Exchange - FTSE (Daily)","mc.svm_OVERT",5,0.32806054691051,0.358895294625083,0.342785895451805
"DS16","Istanbul Stock Exchange - FTSE (Daily)","mc.svm_OVERT",6,0.318983608382047,0.368976988710402,0.342163815097013
"DS16","Istanbul Stock Exchange - FTSE (Daily)","mc.svm_OVERT",7,0.321042124829049,0.360367585816038,0.339570081442982
"DS16","Istanbul Stock Exchange - FTSE (Daily)","mc.svm_OVERT",8,0.333839166168064,0.353189221604509,0.343241698126244
"DS16","Istanbul Stock Exchange - FTSE (Daily)","mc.svm_OVERT",9,0.291296878829493,0.363557190684994,0.323440228449905
"DS16","Istanbul Stock Exchange - FTSE (Daily)","mc.svm_OVERT",10,0.250022537801403,0.334387868336716,0.286115724749049
"DS16","Istanbul Stock Exchange - FTSE (Daily)","mc.svm_OVERT",11,0.30101351104572,0.322451900994536,0.311364117358494
"DS16","Istanbul Stock Exchange - FTSE (Daily)","mc.svm_OVERT",12,0.28806333320585,0.305547950939452,0.296548140349338
"DS16","Istanbul Stock Exchange - FTSE (Daily)","mc.svm_OVERT",13,0.313093603467076,0.322514176507816,0.31773407712548
"DS16","Istanbul Stock Exchange - FTSE (Daily)","mc.svm_OVERT",14,0.292787492971944,0.283827906187198,0.288238091487704
"DS16","Istanbul Stock Exchange - FTSE (Daily)","mc.svm_OVERT",15,0.226688784798753,0.267396601040165,0.245365729432338
"DS16","Istanbul Stock Exchange - FTSE (Daily)","mc.svm_OVERT",16,0.263539280119915,0.268101601038682,0.26580086460903
"DS16","Istanbul Stock Exchange - FTSE (Daily)","mc.svm_OVERT",17,0.265081042017113,0.261053318820171,0.263051763677826
"DS16","Istanbul Stock Exchange - FTSE (Daily)","mc.svm_OVERT",18,0.285490324146094,0.283890561896244,0.28468819563342
"DS16","Istanbul Stock Exchange - FTSE (Daily)","mc.svm_OVERT",19,0.278892989205608,0.269940613566609,0.274343787425978
"DS16","Istanbul Stock Exchange - FTSE (Daily)","mc.svm_OVERT",20,0.374448896386098,0.386589935748052,0.380422571575989
"DS16","Istanbul Stock Exchange - FTSE (Daily)","mc.svm_OVERT",21,0.343265609420923,0.386294955213729,0.363511350929646
"DS16","Istanbul Stock Exchange - FTSE (Daily)","mc.svm_OVERT",22,0.298065285650577,0.340894605913812,0.31804452651846
"DS16","Istanbul Stock Exchange - FTSE (Daily)","mc.svm_OVERT",23,0.316688596292315,0.324569896711747,0.320580814475805
"DS16","Istanbul Stock Exchange - FTSE (Daily)","mc.svm_OVERT",24,0.270876673459091,0.264613370499255,0.267708392947122
"DS16","Istanbul Stock Exchange - FTSE (Daily)","mc.svm_OVERT",25,0.321611767910609,0.303295406660777,0.312185156146568
"DS16","Istanbul Stock Exchange - FTSE (Daily)","mc.svm_OVERT",26,0.308079931935933,0.366536555523224,0.334775562639841
"DS16","Istanbul Stock Exchange - FTSE (Daily)","mc.svm_OVERT",27,0.275741487985211,0.33392079739727,0.302055153323996
"DS16","Istanbul Stock Exchange - FTSE (Daily)","mc.svm_OVERT",28,0.330756866283285,0.402661637394386,0.363184459320912
"DS16","Istanbul Stock Exchange - FTSE (Daily)","mc.svm_OVERT",29,0.312665973867198,0.412033552624023,0.355537342823729
"DS16","Istanbul Stock Exchange - FTSE (Daily)","mc.svm_OVERT",30,0.312484253263092,0.43017713945323,0.36200503624198
"DS16","Istanbul Stock Exchange - FTSE (Daily)","mc.svm_OVERT",31,0.351673794924557,0.460825612916039,0.398917932810144
"DS16","Istanbul Stock Exchange - FTSE (Daily)","mc.svm_OVERT",32,0.34118146613843,0.442218380439823,0.385184439468103
"DS16","Istanbul Stock Exchange - FTSE (Daily)","mc.svm_OVERT",33,0.357308342275238,0.48921440766452,0.41298450403657
"DS16","Istanbul Stock Exchange - FTSE (Daily)","mc.svm_OVERT",34,0.361732559002399,0.510963021368012,0.423588626853358
"DS16","Istanbul Stock Exchange - FTSE (Daily)","mc.svm_OVERT",35,0.438545544569324,0.537187953833437,0.482880590111139
"DS16","Istanbul Stock Exchange - FTSE (Daily)","mc.svm_OVERT",36,0.398918438667184,0.518307192951599,0.450842822168662
"DS16","Istanbul Stock Exchange - FTSE (Daily)","mc.svm_OVERT",37,0.351232963394221,0.531803973628976,0.423056109594248
"DS16","Istanbul Stock Exchange - FTSE (Daily)","mc.svm_OVERT",38,0.509784574351341,0.486617246857171,0.497931578969268
"DS16","Istanbul Stock Exchange - FTSE (Daily)","mc.svm_OVERT",39,0.359080811907519,0.474896809872497,0.408947021137907
"DS16","Istanbul Stock Exchange - FTSE (Daily)","mc.svm_OVERT",40,0.410240965025101,0.452366528996081,0.430275142951287
"DS16","Istanbul Stock Exchange - FTSE (Daily)","mc.svm_OVERT",41,0.39444994236558,0.444976015165664,0.41819236577427
"DS16","Istanbul Stock Exchange - FTSE (Daily)","mc.svm_OVERT",42,0.382719559237164,0.524958083680084,0.442694007000776
"DS16","Istanbul Stock Exchange - FTSE (Daily)","mc.svm_OVERT",43,0.331087987400788,0.466489841151957,0.387295576985064
"DS16","Istanbul Stock Exchange - FTSE (Daily)","mc.svm_OVERT",44,0.289600153044434,0.433092981044703,0.3471011074461
"DS16","Istanbul Stock Exchange - FTSE (Daily)","mc.svm_OVERT",45,0.281773846110215,0.497308496611808,0.359727130521288
"DS16","Istanbul Stock Exchange - FTSE (Daily)","mc.svm_OVERT",46,0.334353863512591,0.458885874644041,0.386844626455901
"DS16","Istanbul Stock Exchange - FTSE (Daily)","mc.svm_OVERT",47,0.385670649722308,0.485745073368179,0.429961528306881
"DS16","Istanbul Stock Exchange - FTSE (Daily)","mc.svm_OVERT",48,0.398407401951074,0.42692929011075,0.412175518005685
"DS16","Istanbul Stock Exchange - FTSE (Daily)","mc.svm_OVERT",49,0.305577067626897,0.495168363754793,0.377928092119635
"DS16","Istanbul Stock Exchange - FTSE (Daily)","mc.svm_OVERT",50,0.402548970111307,0.426040170112298,0.413961572459107
"DS16","Istanbul Stock Exchange - FTSE (Daily)","mc.svm_OVERTPhi",1,0.306634191996527,0.351024574643208,0.32733126136706
"DS16","Istanbul Stock Exchange - FTSE (Daily)","mc.svm_OVERTPhi",2,0.31452469684066,0.344613316629107,0.328882257509173
"DS16","Istanbul Stock Exchange - FTSE (Daily)","mc.svm_OVERTPhi",3,0.34824767273535,0.347171300285763,0.347708653503625
"DS16","Istanbul Stock Exchange - FTSE (Daily)","mc.svm_OVERTPhi",4,0.280288668617719,0.342065266879349,0.3081109084894
"DS16","Istanbul Stock Exchange - FTSE (Daily)","mc.svm_OVERTPhi",5,0.330525564938255,0.362138637544052,0.345610693699088
"DS16","Istanbul Stock Exchange - FTSE (Daily)","mc.svm_OVERTPhi",6,0.31881430317439,0.368427385530511,0.341830020264411
"DS16","Istanbul Stock Exchange - FTSE (Daily)","mc.svm_OVERTPhi",7,0.320931923553655,0.3597936629067,0.33925351012434
"DS16","Istanbul Stock Exchange - FTSE (Daily)","mc.svm_OVERTPhi",8,0.329535251201826,0.354020626562487,0.341339398576927
"DS16","Istanbul Stock Exchange - FTSE (Daily)","mc.svm_OVERTPhi",9,0.291277603926446,0.363045121025664,0.323225555026479
"DS16","Istanbul Stock Exchange - FTSE (Daily)","mc.svm_OVERTPhi",10,0.253908832797984,0.333714647901236,0.288392480965424
"DS16","Istanbul Stock Exchange - FTSE (Daily)","mc.svm_OVERTPhi",11,0.286324107525256,0.305829363345154,0.295755488475324
"DS16","Istanbul Stock Exchange - FTSE (Daily)","mc.svm_OVERTPhi",12,0.297821302934742,0.306602519174696,0.302148123232472
"DS16","Istanbul Stock Exchange - FTSE (Daily)","mc.svm_OVERTPhi",13,0.310569190014525,0.324239118586148,0.317256970540593
"DS16","Istanbul Stock Exchange - FTSE (Daily)","mc.svm_OVERTPhi",14,0.306947222415716,0.2945886218423,0.300640967925371
"DS16","Istanbul Stock Exchange - FTSE (Daily)","mc.svm_OVERTPhi",15,0.243071607260631,0.26168197061627,0.252033705066033
"DS16","Istanbul Stock Exchange - FTSE (Daily)","mc.svm_OVERTPhi",16,0.264067855724883,0.267818637738666,0.265930021761891
"DS16","Istanbul Stock Exchange - FTSE (Daily)","mc.svm_OVERTPhi",17,0.275350662210497,0.261211289788916,0.268094677053489
"DS16","Istanbul Stock Exchange - FTSE (Daily)","mc.svm_OVERTPhi",18,0.256664969446611,0.283013822705283,0.269196178222899
"DS16","Istanbul Stock Exchange - FTSE (Daily)","mc.svm_OVERTPhi",19,0.265764024771535,0.26995594316609,0.267843583441599
"DS16","Istanbul Stock Exchange - FTSE (Daily)","mc.svm_OVERTPhi",20,0.375015344075842,0.387517876501131,0.381164114218265
"DS16","Istanbul Stock Exchange - FTSE (Daily)","mc.svm_OVERTPhi",21,0.342204109143944,0.385586366559955,0.362602269393762
"DS16","Istanbul Stock Exchange - FTSE (Daily)","mc.svm_OVERTPhi",22,0.297632487447312,0.341786825347674,0.318185143830851
"DS16","Istanbul Stock Exchange - FTSE (Daily)","mc.svm_OVERTPhi",23,0.316930741438284,0.323673963646447,0.320266861821342
"DS16","Istanbul Stock Exchange - FTSE (Daily)","mc.svm_OVERTPhi",24,0.271042660039621,0.265155847288549,0.268066938612949
"DS16","Istanbul Stock Exchange - FTSE (Daily)","mc.svm_OVERTPhi",25,0.321523532358223,0.303055676505412,0.312016571248068
"DS16","Istanbul Stock Exchange - FTSE (Daily)","mc.svm_OVERTPhi",26,0.308287235990486,0.366883375422214,0.335042609461679
"DS16","Istanbul Stock Exchange - FTSE (Daily)","mc.svm_OVERTPhi",27,0.272714771220932,0.333073649241358,0.299887224596536
"DS16","Istanbul Stock Exchange - FTSE (Daily)","mc.svm_OVERTPhi",28,0.324424523575671,0.408591179495495,0.361675740887035
"DS16","Istanbul Stock Exchange - FTSE (Daily)","mc.svm_OVERTPhi",29,0.31106748312732,0.412000846953421,0.354489503070378
"DS16","Istanbul Stock Exchange - FTSE (Daily)","mc.svm_OVERTPhi",30,0.3126687925229,0.430893096479393,0.36238227422721
"DS16","Istanbul Stock Exchange - FTSE (Daily)","mc.svm_OVERTPhi",31,0.350462737934286,0.46087637056639,0.398156561136062
"DS16","Istanbul Stock Exchange - FTSE (Daily)","mc.svm_OVERTPhi",32,0.341585384006757,0.442646700413052,0.385604328473193
"DS16","Istanbul Stock Exchange - FTSE (Daily)","mc.svm_OVERTPhi",33,0.357012807655558,0.490078203169072,0.413094208410632
"DS16","Istanbul Stock Exchange - FTSE (Daily)","mc.svm_OVERTPhi",34,0.315457888545419,0.504687847351455,0.388242615261349
"DS16","Istanbul Stock Exchange - FTSE (Daily)","mc.svm_OVERTPhi",35,0.439118923836131,0.538608156605823,0.483801745557057
"DS16","Istanbul Stock Exchange - FTSE (Daily)","mc.svm_OVERTPhi",36,0.403470739353463,0.519048192694492,0.454019426141466
"DS16","Istanbul Stock Exchange - FTSE (Daily)","mc.svm_OVERTPhi",37,0.351708596478098,0.531997803863494,0.423462364545361
"DS16","Istanbul Stock Exchange - FTSE (Daily)","mc.svm_OVERTPhi",38,0.495435934273136,0.480663517929559,0.487937942264088
"DS16","Istanbul Stock Exchange - FTSE (Daily)","mc.svm_OVERTPhi",39,0.356966539993567,0.479289632053943,0.409181701320503
"DS16","Istanbul Stock Exchange - FTSE (Daily)","mc.svm_OVERTPhi",40,0.411984975897593,0.453157694324909,0.431591616504689
"DS16","Istanbul Stock Exchange - FTSE (Daily)","mc.svm_OVERTPhi",41,0.394106948620568,0.444992836266284,0.418006945103831
"DS16","Istanbul Stock Exchange - FTSE (Daily)","mc.svm_OVERTPhi",42,0.382567372420925,0.527045188197998,0.443332252709452
"DS16","Istanbul Stock Exchange - FTSE (Daily)","mc.svm_OVERTPhi",43,0.330799726360929,0.466077874270469,0.386956373599641
"DS16","Istanbul Stock Exchange - FTSE (Daily)","mc.svm_OVERTPhi",44,0.289005396094763,0.433536725991587,0.346815637142471
"DS16","Istanbul Stock Exchange - FTSE (Daily)","mc.svm_OVERTPhi",45,0.30821452444443,0.521129231219839,0.387341430082547
"DS16","Istanbul Stock Exchange - FTSE (Daily)","mc.svm_OVERTPhi",46,0.344011608474013,0.458074285042407,0.392932659386799
"DS16","Istanbul Stock Exchange - FTSE (Daily)","mc.svm_OVERTPhi",47,0.380883805677,0.484897696554312,0.42664270269492
"DS16","Istanbul Stock Exchange - FTSE (Daily)","mc.svm_OVERTPhi",48,0.402463924821022,0.429254810999806,0.415427880947735
"DS16","Istanbul Stock Exchange - FTSE (Daily)","mc.svm_OVERTPhi",49,0.363704613891386,0.494360466803216,0.419085187702267
"DS16","Istanbul Stock Exchange - FTSE (Daily)","mc.svm_OVERTPhi",50,0.417967536682982,0.440298032120312,0.428842285140927
"DS16","Istanbul Stock Exchange - FTSE (Daily)","mc.svm_SMOTEB",1,0.330360599006199,0.412135282353637,0.3667448188415
"DS16","Istanbul Stock Exchange - FTSE (Daily)","mc.svm_SMOTEB",2,0.311218962448899,0.544716446607096,0.396118878944103
"DS16","Istanbul Stock Exchange - FTSE (Daily)","mc.svm_SMOTEB",3,0.33191085026754,0.401813321557059,0.363532254566937
"DS16","Istanbul Stock Exchange - FTSE (Daily)","mc.svm_SMOTEB",4,0.315379102090603,0.417807032691166,0.359438348780285
"DS16","Istanbul Stock Exchange - FTSE (Daily)","mc.svm_SMOTEB",5,0.330457142988678,0.393578585904394,0.359266400398033
"DS16","Istanbul Stock Exchange - FTSE (Daily)","mc.svm_SMOTEB",6,0.411313932368676,0.477338040770861,0.441873292476882
"DS16","Istanbul Stock Exchange - FTSE (Daily)","mc.svm_SMOTEB",7,0.269186074209096,0.284647002691426,0.276700733075405
"DS16","Istanbul Stock Exchange - FTSE (Daily)","mc.svm_SMOTEB",8,0.348067544788521,0.439055377018115,0.388302570973624
"DS16","Istanbul Stock Exchange - FTSE (Daily)","mc.svm_SMOTEB",9,0.309372384516673,0.394209549741832,0.346676179317776
"DS16","Istanbul Stock Exchange - FTSE (Daily)","mc.svm_SMOTEB",10,0.359032315068796,0.386558558632508,0.3722873203276
"DS16","Istanbul Stock Exchange - FTSE (Daily)","mc.svm_SMOTEB",11,0.271399124100449,0.427613825008819,0.33205112354076
"DS16","Istanbul Stock Exchange - FTSE (Daily)","mc.svm_SMOTEB",12,0.300077253966213,0.401258006057791,0.3433690203617
"DS16","Istanbul Stock Exchange - FTSE (Daily)","mc.svm_SMOTEB",13,0.250017011549629,0.317121748666529,0.279599411857442
"DS16","Istanbul Stock Exchange - FTSE (Daily)","mc.svm_SMOTEB",14,0.310029735857709,0.380897194645658,0.341829074628493
"DS16","Istanbul Stock Exchange - FTSE (Daily)","mc.svm_SMOTEB",15,0.320145414739252,0.375508430572463,0.345623913542341
"DS16","Istanbul Stock Exchange - FTSE (Daily)","mc.svm_SMOTEB",16,0.294774367292831,0.36197011381169,0.324934626320137
"DS16","Istanbul Stock Exchange - FTSE (Daily)","mc.svm_SMOTEB",17,0.32787113930893,0.356524628170741,0.341598068206948
"DS16","Istanbul Stock Exchange - FTSE (Daily)","mc.svm_SMOTEB",18,0.30942406603887,0.324139831848941,0.316611047662994
"DS16","Istanbul Stock Exchange - FTSE (Daily)","mc.svm_SMOTEB",19,0.2241134737098,0.308851847247767,0.259746207216722
"DS16","Istanbul Stock Exchange - FTSE (Daily)","mc.svm_SMOTEB",20,0.312599765332603,0.306093363434888,0.30931235253971
"DS16","Istanbul Stock Exchange - FTSE (Daily)","mc.svm_SMOTEB",21,0.296777206516893,0.375021641490389,0.331342857985047
"DS16","Istanbul Stock Exchange - FTSE (Daily)","mc.svm_SMOTEB",22,0.302620202464038,0.374943851825026,0.334922089310035
"DS16","Istanbul Stock Exchange - FTSE (Daily)","mc.svm_SMOTEB",23,0.262033645898611,0.287177980990887,0.274030226952877
"DS16","Istanbul Stock Exchange - FTSE (Daily)","mc.svm_SMOTEB",24,0.294739037483889,0.339435652071904,0.315512236697638
"DS16","Istanbul Stock Exchange - FTSE (Daily)","mc.svm_SMOTEB",25,0.243306809946327,0.175914276218769,0.204193647616046
"DS16","Istanbul Stock Exchange - FTSE (Daily)","mc.svm_SMOTEB",26,0.317095548057747,0.382322984552669,0.346667726602349
"DS16","Istanbul Stock Exchange - FTSE (Daily)","mc.svm_SMOTEB",27,0.330002576862256,0.363984161191765,0.346161402066963
"DS16","Istanbul Stock Exchange - FTSE (Daily)","mc.svm_SMOTEB",28,0.290047793897067,0.3217266920115,0.305067044818483
"DS16","Istanbul Stock Exchange - FTSE (Daily)","mc.svm_SMOTEB",29,0.320038725406521,0.438302110640443,0.369948820278665
"DS16","Istanbul Stock Exchange - FTSE (Daily)","mc.svm_SMOTEB",30,0.319172090538334,0.453145373204269,0.374538613648604
"DS16","Istanbul Stock Exchange - FTSE (Daily)","mc.svm_SMOTEB",31,0.271076749613333,0.488802956383653,0.348747612476425
"DS16","Istanbul Stock Exchange - FTSE (Daily)","mc.svm_SMOTEB",32,0.39190205596114,0.482197613306068,0.432386014269122
"DS16","Istanbul Stock Exchange - FTSE (Daily)","mc.svm_SMOTEB",33,0.386690845192586,0.366214518702406,0.376174240614336
"DS16","Istanbul Stock Exchange - FTSE (Daily)","mc.svm_SMOTEB",34,0.331836914490216,0.380990982461406,0.354719203917939
"DS16","Istanbul Stock Exchange - FTSE (Daily)","mc.svm_SMOTEB",35,0.29011857151719,0.457387749949235,0.355038283514219
"DS16","Istanbul Stock Exchange - FTSE (Daily)","mc.svm_SMOTEB",36,0.355151729215616,0.478123597947724,0.407563783672765
"DS16","Istanbul Stock Exchange - FTSE (Daily)","mc.svm_SMOTEB",37,0.337162885207127,0.430461693219332,0.378142416321495
"DS16","Istanbul Stock Exchange - FTSE (Daily)","mc.svm_SMOTEB",38,0.375014980579369,0.425328976394858,0.398590472090481
"DS16","Istanbul Stock Exchange - FTSE (Daily)","mc.svm_SMOTEB",39,0.321050404249845,0.509296516443103,0.393835030665598
"DS16","Istanbul Stock Exchange - FTSE (Daily)","mc.svm_SMOTEB",40,0.35066655042758,0.566246001805315,0.433113346879003
"DS16","Istanbul Stock Exchange - FTSE (Daily)","mc.svm_SMOTEB",41,0.320776370628115,0.438364721886932,0.370463530125676
"DS16","Istanbul Stock Exchange - FTSE (Daily)","mc.svm_SMOTEB",42,0.281161058386959,0.382362442584252,0.324044073456489
"DS16","Istanbul Stock Exchange - FTSE (Daily)","mc.svm_SMOTEB",43,0.387919048481597,0.637673439096425,0.482385892510654
"DS16","Istanbul Stock Exchange - FTSE (Daily)","mc.svm_SMOTEB",44,0.297544920330863,0.554022076703868,0.387160271002537
"DS16","Istanbul Stock Exchange - FTSE (Daily)","mc.svm_SMOTEB",45,0.369145214807098,0.587515151783184,0.453407320887399
"DS16","Istanbul Stock Exchange - FTSE (Daily)","mc.svm_SMOTEB",46,0.388112540019378,0.488092019106074,0.432398191325372
"DS16","Istanbul Stock Exchange - FTSE (Daily)","mc.svm_SMOTEB",47,0.324009802876398,0.499736793089796,0.393129684813297
"DS16","Istanbul Stock Exchange - FTSE (Daily)","mc.svm_SMOTEB",48,0.389150577864882,0.487326893035713,0.432740254781639
"DS16","Istanbul Stock Exchange - FTSE (Daily)","mc.svm_SMOTEB",49,0.367085553471912,0.540346864615122,0.437175317765713
"DS16","Istanbul Stock Exchange - FTSE (Daily)","mc.svm_SMOTEB",50,0.357894253279712,0.475239418022396,0.40830292305047
"DS16","Istanbul Stock Exchange - FTSE (Daily)","mc.svm_SMOTET",1,0.319381318912218,0.390411916257577,0.351342522174259
"DS16","Istanbul Stock Exchange - FTSE (Daily)","mc.svm_SMOTET",2,0.378122602780943,0.536980020879466,0.443762869620309
"DS16","Istanbul Stock Exchange - FTSE (Daily)","mc.svm_SMOTET",3,0.297022451128158,0.359617798959016,0.325336621085715
"DS16","Istanbul Stock Exchange - FTSE (Daily)","mc.svm_SMOTET",4,0.326187276814583,0.438764037064436,0.374191778790398
"DS16","Istanbul Stock Exchange - FTSE (Daily)","mc.svm_SMOTET",5,0.337731876616914,0.477063725687765,0.395484774062729
"DS16","Istanbul Stock Exchange - FTSE (Daily)","mc.svm_SMOTET",6,0.337272150690356,0.451841075211793,0.386239657896245
"DS16","Istanbul Stock Exchange - FTSE (Daily)","mc.svm_SMOTET",7,0.275393555974792,0.378000039117742,0.318640328626126
"DS16","Istanbul Stock Exchange - FTSE (Daily)","mc.svm_SMOTET",8,0.330163799232022,0.455889792590642,0.382972121795946
"DS16","Istanbul Stock Exchange - FTSE (Daily)","mc.svm_SMOTET",9,0.299275497040156,0.449324963837988,0.35926227383676
"DS16","Istanbul Stock Exchange - FTSE (Daily)","mc.svm_SMOTET",10,0.271689338565441,0.314940843816672,0.291720651659407
"DS16","Istanbul Stock Exchange - FTSE (Daily)","mc.svm_SMOTET",11,0.357320975049198,0.449503523436687,0.398146158387274
"DS16","Istanbul Stock Exchange - FTSE (Daily)","mc.svm_SMOTET",12,0.310859514194826,0.370818038237268,0.338201880962183
"DS16","Istanbul Stock Exchange - FTSE (Daily)","mc.svm_SMOTET",13,0.363631062485314,0.354095838536329,0.358800111310613
"DS16","Istanbul Stock Exchange - FTSE (Daily)","mc.svm_SMOTET",14,0.34042852874424,0.396529922512755,0.366343849897748
"DS16","Istanbul Stock Exchange - FTSE (Daily)","mc.svm_SMOTET",15,0.286791642354878,0.319746618439099,0.302373860865855
"DS16","Istanbul Stock Exchange - FTSE (Daily)","mc.svm_SMOTET",16,0.274872766183157,0.318113375969529,0.294916516244969
"DS16","Istanbul Stock Exchange - FTSE (Daily)","mc.svm_SMOTET",17,0.275435311470625,0.37416627216135,0.317297883229764
"DS16","Istanbul Stock Exchange - FTSE (Daily)","mc.svm_SMOTET",18,0.319739557186516,0.332733420457935,0.326107103783687
"DS16","Istanbul Stock Exchange - FTSE (Daily)","mc.svm_SMOTET",19,0.275205348519295,0.247757088320308,0.260760892317123
"DS16","Istanbul Stock Exchange - FTSE (Daily)","mc.svm_SMOTET",20,0.287912720175484,0.286122532147372,0.2870148347186
"DS16","Istanbul Stock Exchange - FTSE (Daily)","mc.svm_SMOTET",21,0.295819279905033,0.445934410691214,0.355686794492419
"DS16","Istanbul Stock Exchange - FTSE (Daily)","mc.svm_SMOTET",22,0.334886433529979,0.401420654059012,0.365147459393012
"DS16","Istanbul Stock Exchange - FTSE (Daily)","mc.svm_SMOTET",23,0.291176472372289,0.336023146642552,0.311996472920369
"DS16","Istanbul Stock Exchange - FTSE (Daily)","mc.svm_SMOTET",24,0.280808019413127,0.272382267983754,0.27653097654948
"DS16","Istanbul Stock Exchange - FTSE (Daily)","mc.svm_SMOTET",25,0.351896113254384,0.350606467387547,0.351250106562708
"DS16","Istanbul Stock Exchange - FTSE (Daily)","mc.svm_SMOTET",26,0.320467672085881,0.432602281926519,0.36818636964435
"DS16","Istanbul Stock Exchange - FTSE (Daily)","mc.svm_SMOTET",27,0.272274399211214,0.238451816059063,0.254243165974734
"DS16","Istanbul Stock Exchange - FTSE (Daily)","mc.svm_SMOTET",28,0.279828556829785,0.324275025273009,0.300416733243762
"DS16","Istanbul Stock Exchange - FTSE (Daily)","mc.svm_SMOTET",29,0.330221604202238,0.577342915322662,0.420137851515945
"DS16","Istanbul Stock Exchange - FTSE (Daily)","mc.svm_SMOTET",30,0.311951364250652,0.382177338342105,0.343511921164422
"DS16","Istanbul Stock Exchange - FTSE (Daily)","mc.svm_SMOTET",31,0.324952701419598,0.492220625600308,0.391467554543342
"DS16","Istanbul Stock Exchange - FTSE (Daily)","mc.svm_SMOTET",32,0.344845662238423,0.4827373309663,0.402303759142382
"DS16","Istanbul Stock Exchange - FTSE (Daily)","mc.svm_SMOTET",33,0.373724276942592,0.395468039681859,0.384288828657571
"DS16","Istanbul Stock Exchange - FTSE (Daily)","mc.svm_SMOTET",34,0.329497648330836,0.284831946282407,0.30554105578662
"DS16","Istanbul Stock Exchange - FTSE (Daily)","mc.svm_SMOTET",35,0.32907318584909,0.434108799426807,0.374363044171857
"DS16","Istanbul Stock Exchange - FTSE (Daily)","mc.svm_SMOTET",36,0.344109525305538,0.519608589425866,0.414029211619854
"DS16","Istanbul Stock Exchange - FTSE (Daily)","mc.svm_SMOTET",37,0.370907274506561,0.461906462338404,0.411435257232791
"DS16","Istanbul Stock Exchange - FTSE (Daily)","mc.svm_SMOTET",38,0.349395088786883,0.373884779249773,0.361225333138729
"DS16","Istanbul Stock Exchange - FTSE (Daily)","mc.svm_SMOTET",39,0.392661881045892,0.432502437636554,0.411620369117436
"DS16","Istanbul Stock Exchange - FTSE (Daily)","mc.svm_SMOTET",40,0.354886628618934,0.451124473884199,0.397260144747526
"DS16","Istanbul Stock Exchange - FTSE (Daily)","mc.svm_SMOTET",41,0.330532425131091,0.419537196920516,0.369754068299802
"DS16","Istanbul Stock Exchange - FTSE (Daily)","mc.svm_SMOTET",42,0.29540112951874,0.450643840064849,0.356870442917459
"DS16","Istanbul Stock Exchange - FTSE (Daily)","mc.svm_SMOTET",43,0.324871962018659,0.438907665537305,0.373376794310177
"DS16","Istanbul Stock Exchange - FTSE (Daily)","mc.svm_SMOTET",44,0.342743553641228,0.427053326594022,0.380281548312881
"DS16","Istanbul Stock Exchange - FTSE (Daily)","mc.svm_SMOTET",45,0.278363388922232,0.431119275186605,0.338296701361628
"DS16","Istanbul Stock Exchange - FTSE (Daily)","mc.svm_SMOTET",46,0.277356287689637,0.386806214746028,0.323062911211646
"DS16","Istanbul Stock Exchange - FTSE (Daily)","mc.svm_SMOTET",47,0.32615872896665,0.344607648473572,0.335129476964111
"DS16","Istanbul Stock Exchange - FTSE (Daily)","mc.svm_SMOTET",48,0.307038129281379,0.377309343814061,0.338565888352152
"DS16","Istanbul Stock Exchange - FTSE (Daily)","mc.svm_SMOTET",49,0.329820982672839,0.416269131607976,0.368036759676558
"DS16","Istanbul Stock Exchange - FTSE (Daily)","mc.svm_SMOTET",50,0.312631542051816,0.414749831473092,0.356522407910473
"DS16","Istanbul Stock Exchange - FTSE (Daily)","mc.svm_SMOTETPhi",1,0.327658397394053,0.426850883035027,0.370734409474608
"DS16","Istanbul Stock Exchange - FTSE (Daily)","mc.svm_SMOTETPhi",2,0.303365950964909,0.422091723837965,0.353013722630521
"DS16","Istanbul Stock Exchange - FTSE (Daily)","mc.svm_SMOTETPhi",3,0.309551166609545,0.463131578768967,0.371078353591099
"DS16","Istanbul Stock Exchange - FTSE (Daily)","mc.svm_SMOTETPhi",4,0.362333814491074,0.479109843752071,0.412618707256921
"DS16","Istanbul Stock Exchange - FTSE (Daily)","mc.svm_SMOTETPhi",5,0.344052946978417,0.504815079475739,0.409211114943912
"DS16","Istanbul Stock Exchange - FTSE (Daily)","mc.svm_SMOTETPhi",6,0.328304390440476,0.409071806755076,0.364264728571088
"DS16","Istanbul Stock Exchange - FTSE (Daily)","mc.svm_SMOTETPhi",7,0.322473615920977,0.407872696836064,0.360180317437765
"DS16","Istanbul Stock Exchange - FTSE (Daily)","mc.svm_SMOTETPhi",8,0.315614102251099,0.446163518712615,0.369702376495465
"DS16","Istanbul Stock Exchange - FTSE (Daily)","mc.svm_SMOTETPhi",9,0.339092592953253,0.42668339624997,0.377878599602072
"DS16","Istanbul Stock Exchange - FTSE (Daily)","mc.svm_SMOTETPhi",10,0.34108176487053,0.430435041554428,0.380584174998874
"DS16","Istanbul Stock Exchange - FTSE (Daily)","mc.svm_SMOTETPhi",11,0.260677822408754,0.256470025182104,0.25855680532768
"DS16","Istanbul Stock Exchange - FTSE (Daily)","mc.svm_SMOTETPhi",12,0.267173067277198,0.298833794721326,0.282117927898865
"DS16","Istanbul Stock Exchange - FTSE (Daily)","mc.svm_SMOTETPhi",13,0.300764852969838,0.333424556183813,0.316253744290648
"DS16","Istanbul Stock Exchange - FTSE (Daily)","mc.svm_SMOTETPhi",14,0.294209346266231,0.312104763398284,0.302892962384774
"DS16","Istanbul Stock Exchange - FTSE (Daily)","mc.svm_SMOTETPhi",15,0.264613380049784,0.276409353718113,0.270382772477375
"DS16","Istanbul Stock Exchange - FTSE (Daily)","mc.svm_SMOTETPhi",16,0.297687596044621,0.348158108925573,0.320950808194283
"DS16","Istanbul Stock Exchange - FTSE (Daily)","mc.svm_SMOTETPhi",17,0.312158154359034,0.409346954581553,0.354206749893412
"DS16","Istanbul Stock Exchange - FTSE (Daily)","mc.svm_SMOTETPhi",18,0.31098704309963,0.374379341170428,0.339751487613967
"DS16","Istanbul Stock Exchange - FTSE (Daily)","mc.svm_SMOTETPhi",19,0.312018645335597,0.383171540949281,0.343953834495458
"DS16","Istanbul Stock Exchange - FTSE (Daily)","mc.svm_SMOTETPhi",20,0.340760780180374,0.493824474765053,0.403256617094454
"DS16","Istanbul Stock Exchange - FTSE (Daily)","mc.svm_SMOTETPhi",21,0.283567947534009,0.324546124440181,0.302676364942021
"DS16","Istanbul Stock Exchange - FTSE (Daily)","mc.svm_SMOTETPhi",22,0.234729202401398,0.254287309509293,0.244117144873892
"DS16","Istanbul Stock Exchange - FTSE (Daily)","mc.svm_SMOTETPhi",23,0.241972304506796,0.137986879272928,0.175750473180973
"DS16","Istanbul Stock Exchange - FTSE (Daily)","mc.svm_SMOTETPhi",24,0.298749555726982,0.339141122917683,0.317666531875587
"DS16","Istanbul Stock Exchange - FTSE (Daily)","mc.svm_SMOTETPhi",25,0.249071796141845,0.236152769196276,0.242440299149323
"DS16","Istanbul Stock Exchange - FTSE (Daily)","mc.svm_SMOTETPhi",26,0.270027880182567,0.299026713273814,0.283788411276492
"DS16","Istanbul Stock Exchange - FTSE (Daily)","mc.svm_SMOTETPhi",27,0.294072874837887,0.29750903170699,0.295780973949289
"DS16","Istanbul Stock Exchange - FTSE (Daily)","mc.svm_SMOTETPhi",28,0.307972807847779,0.392556184421899,0.345158106769354
"DS16","Istanbul Stock Exchange - FTSE (Daily)","mc.svm_SMOTETPhi",29,0.261070733445479,0.268558976468079,0.264761918176122
"DS16","Istanbul Stock Exchange - FTSE (Daily)","mc.svm_SMOTETPhi",30,0.286043166299996,0.320061778010574,0.302097797594734
"DS16","Istanbul Stock Exchange - FTSE (Daily)","mc.svm_SMOTETPhi",31,0.30237854691052,0.389016732350141,0.340269359020505
"DS16","Istanbul Stock Exchange - FTSE (Daily)","mc.svm_SMOTETPhi",32,0.294198401048705,0.379386841683562,0.331405723051407
"DS16","Istanbul Stock Exchange - FTSE (Daily)","mc.svm_SMOTETPhi",33,0.305874599102274,0.358263076173667,0.33000258493764
"DS16","Istanbul Stock Exchange - FTSE (Daily)","mc.svm_SMOTETPhi",34,0.330326484612882,0.341577482968038,0.335857785087896
"DS16","Istanbul Stock Exchange - FTSE (Daily)","mc.svm_SMOTETPhi",35,0.274022737744598,0.429424489492513,0.334558356928887
"DS16","Istanbul Stock Exchange - FTSE (Daily)","mc.svm_SMOTETPhi",36,0.287641240535095,0.482126466050292,0.360315075841972
"DS16","Istanbul Stock Exchange - FTSE (Daily)","mc.svm_SMOTETPhi",37,0.304384761320288,0.399274897616508,0.345431752037101
"DS16","Istanbul Stock Exchange - FTSE (Daily)","mc.svm_SMOTETPhi",38,0.338100960730107,0.572882947249144,0.425237533076693
"DS16","Istanbul Stock Exchange - FTSE (Daily)","mc.svm_SMOTETPhi",39,0.266126320852278,0.429272631255656,0.328561743305339
"DS16","Istanbul Stock Exchange - FTSE (Daily)","mc.svm_SMOTETPhi",40,0.327263284982509,0.451328951169196,0.379411425670991
"DS16","Istanbul Stock Exchange - FTSE (Daily)","mc.svm_SMOTETPhi",41,0.285249242530688,0.300210870521618,0.292538881835386
"DS16","Istanbul Stock Exchange - FTSE (Daily)","mc.svm_SMOTETPhi",42,0.324447002209475,0.229836173965542,0.269067007073907
"DS16","Istanbul Stock Exchange - FTSE (Daily)","mc.svm_SMOTETPhi",43,0.29803422043806,0.386276152383713,0.336465780797033
"DS16","Istanbul Stock Exchange - FTSE (Daily)","mc.svm_SMOTETPhi",44,0.345198857703208,0.531649712933104,0.418601066931239
"DS16","Istanbul Stock Exchange - FTSE (Daily)","mc.svm_SMOTETPhi",45,0.332096504870403,0.500676168178373,0.399323394979376
"DS16","Istanbul Stock Exchange - FTSE (Daily)","mc.svm_SMOTETPhi",46,0.325773651912205,0.472301198674083,0.385586104314741
"DS16","Istanbul Stock Exchange - FTSE (Daily)","mc.svm_SMOTETPhi",47,0.302980022550809,0.496577353721609,0.376340766262991
"DS16","Istanbul Stock Exchange - FTSE (Daily)","mc.svm_SMOTETPhi",48,0.367445904275394,0.430574079440133,0.396513082894986
"DS16","Istanbul Stock Exchange - FTSE (Daily)","mc.svm_SMOTETPhi",49,0.377432581186543,0.417566272104097,0.396486398047858
"DS16","Istanbul Stock Exchange - FTSE (Daily)","mc.svm_SMOTETPhi",50,0.365154195847133,0.443716035137994,0.400619940723895
"DS16","Istanbul Stock Exchange - FTSE (Daily)","mc.mars",1,1e-05,0.372087431759543,1.99994625063681e-05
"DS16","Istanbul Stock Exchange - FTSE (Daily)","mc.mars",2,0.406010790110582,0.357862321481759,0.38041910807081
"DS16","Istanbul Stock Exchange - FTSE (Daily)","mc.mars",3,0.409334951900664,0.368504924052564,0.387848322065927
"DS16","Istanbul Stock Exchange - FTSE (Daily)","mc.mars",4,0.31472073620732,0.359380288568362,0.335571152808353
"DS16","Istanbul Stock Exchange - FTSE (Daily)","mc.mars",5,0.143696282745592,0.346871336529951,0.203209994674975
"DS16","Istanbul Stock Exchange - FTSE (Daily)","mc.mars",6,0.26038483875684,0.346434047860667,0.297308391948382
"DS16","Istanbul Stock Exchange - FTSE (Daily)","mc.mars",7,0.2586691023835,0.346107854868143,0.296067523979322
"DS16","Istanbul Stock Exchange - FTSE (Daily)","mc.mars",8,0.153680483349833,0.351711829025593,0.213898164103278
"DS16","Istanbul Stock Exchange - FTSE (Daily)","mc.mars",9,0.146284948336978,0.353526359251099,0.206940436975583
"DS16","Istanbul Stock Exchange - FTSE (Daily)","mc.mars",10,0.147174153355991,0.35289423087454,0.207719229173389
"DS16","Istanbul Stock Exchange - FTSE (Daily)","mc.mars",11,0.543937622085018,0.369834695725295,0.440300063892092
"DS16","Istanbul Stock Exchange - FTSE (Daily)","mc.mars",12,0.148107172607943,0.34894597580771,0.207951210185603
"DS16","Istanbul Stock Exchange - FTSE (Daily)","mc.mars",13,0.483004185346159,0.370763051853094,0.419505687297686
"DS16","Istanbul Stock Exchange - FTSE (Daily)","mc.mars",14,0.280098621362298,0.358207865969509,0.314374149128879
"DS16","Istanbul Stock Exchange - FTSE (Daily)","mc.mars",15,0.283018241933782,0.360506021324495,0.317096918289316
"DS16","Istanbul Stock Exchange - FTSE (Daily)","mc.mars",16,0.120583900176023,0.353967722899266,0.179886893177257
"DS16","Istanbul Stock Exchange - FTSE (Daily)","mc.mars",17,0.509443770908951,0.36281593168051,0.42380569876712
"DS16","Istanbul Stock Exchange - FTSE (Daily)","mc.mars",18,0.248334267017354,0.35100743076423,0.290876384403495
"DS16","Istanbul Stock Exchange - FTSE (Daily)","mc.mars",19,0.22408650182298,0.334737422370399,0.268457146377531
"DS16","Istanbul Stock Exchange - FTSE (Daily)","mc.mars",20,0.230822421131295,0.375119660984094,0.285789783934533
"DS16","Istanbul Stock Exchange - FTSE (Daily)","mc.mars",21,0.22833379168409,0.371946432489842,0.282960976602714
"DS16","Istanbul Stock Exchange - FTSE (Daily)","mc.mars",22,0.379774350979481,0.331349695368676,0.353913262115395
"DS16","Istanbul Stock Exchange - FTSE (Daily)","mc.mars",23,0.376955225350727,0.329939100720071,0.351883622422779
"DS16","Istanbul Stock Exchange - FTSE (Daily)","mc.mars",24,0.376393238489451,0.330570741983651,0.351996977390056
"DS16","Istanbul Stock Exchange - FTSE (Daily)","mc.mars",25,1e-05,0.355547468538606,1.99994375030264e-05
"DS16","Istanbul Stock Exchange - FTSE (Daily)","mc.mars",26,0.215447672951856,0.355764222077242,0.268371770381863
"DS16","Istanbul Stock Exchange - FTSE (Daily)","mc.mars",27,0.427587189956846,0.343527466407216,0.380975624887376
"DS16","Istanbul Stock Exchange - FTSE (Daily)","mc.mars",28,0.495898404966122,0.432853539581787,0.462236189377853
"DS16","Istanbul Stock Exchange - FTSE (Daily)","mc.mars",29,0.619586172053994,0.39292605096352,0.480886140991443
"DS16","Istanbul Stock Exchange - FTSE (Daily)","mc.mars",30,0.441799894091235,0.415888253972574,0.428452665397452
"DS16","Istanbul Stock Exchange - FTSE (Daily)","mc.mars",31,0.300220207299518,0.357462331848202,0.326350203878933
"DS16","Istanbul Stock Exchange - FTSE (Daily)","mc.mars",32,0.324996787295149,0.38990249976619,0.354503248431655
"DS16","Istanbul Stock Exchange - FTSE (Daily)","mc.mars",33,0.217677950323897,0.38773780031278,0.278823170842259
"DS16","Istanbul Stock Exchange - FTSE (Daily)","mc.mars",34,0.217677950323897,0.388287451053304,0.278965156392355
"DS16","Istanbul Stock Exchange - FTSE (Daily)","mc.mars",35,1e-05,0.412677027879612,1.99995153712463e-05
"DS16","Istanbul Stock Exchange - FTSE (Daily)","mc.mars",36,1e-05,0.412516845853932,1.99995151830675e-05
"DS16","Istanbul Stock Exchange - FTSE (Daily)","mc.mars",37,1e-05,0.412863781816944,1.99995155904569e-05
"DS16","Istanbul Stock Exchange - FTSE (Daily)","mc.mars",38,1e-05,0.402819170991384,1.99995035116263e-05
"DS16","Istanbul Stock Exchange - FTSE (Daily)","mc.mars",39,1e-05,0.400563338646407,1.99995007156475e-05
"DS16","Istanbul Stock Exchange - FTSE (Daily)","mc.mars",40,1e-05,0.435062399168349,1.99995403063941e-05
"DS16","Istanbul Stock Exchange - FTSE (Daily)","mc.mars",41,1e-05,0.447681293677391,1.9999553263593e-05
"DS16","Istanbul Stock Exchange - FTSE (Daily)","mc.mars",42,0.772731120404399,0.463964707681786,0.579802988338472
"DS16","Istanbul Stock Exchange - FTSE (Daily)","mc.mars",43,1e-05,0.411114216429491,1.99995135290211e-05
"DS16","Istanbul Stock Exchange - FTSE (Daily)","mc.mars",44,1e-05,0.4077526582484,1.99995095185987e-05
"DS16","Istanbul Stock Exchange - FTSE (Daily)","mc.mars",45,1e-05,0.427348613122705,1.99995320089642e-05
"DS16","Istanbul Stock Exchange - FTSE (Daily)","mc.mars",46,1e-05,0.429858279851108,1.99995347412001e-05
"DS16","Istanbul Stock Exchange - FTSE (Daily)","mc.mars",47,1e-05,0.400845909930212,1.9999501067603e-05
"DS16","Istanbul Stock Exchange - FTSE (Daily)","mc.mars",48,1e-05,0.387661742999068,1.99994840996188e-05
"DS16","Istanbul Stock Exchange - FTSE (Daily)","mc.mars",49,1e-05,0.39697583113002,1.99994962036821e-05
"DS16","Istanbul Stock Exchange - FTSE (Daily)","mc.mars",50,1e-05,0.410178330273621,1.99995124190884e-05
"DS16","Istanbul Stock Exchange - FTSE (Daily)","mc.mars_UNDERB",1,0.243270461122263,0.391680876395489,0.300131307025836
"DS16","Istanbul Stock Exchange - FTSE (Daily)","mc.mars_UNDERB",2,0,0.412744032942116,0
"DS16","Istanbul Stock Exchange - FTSE (Daily)","mc.mars_UNDERB",3,0.240808182591844,0.41100611109992,0.30368660400969
"DS16","Istanbul Stock Exchange - FTSE (Daily)","mc.mars_UNDERB",4,0.229427453230676,0.396505926748699,0.290667818251906
"DS16","Istanbul Stock Exchange - FTSE (Daily)","mc.mars_UNDERB",5,0.149762546974576,0.395122198075197,0.217200086027474
"DS16","Istanbul Stock Exchange - FTSE (Daily)","mc.mars_UNDERB",6,0.149216571036826,0.403880757552852,0.217920784045229
"DS16","Istanbul Stock Exchange - FTSE (Daily)","mc.mars_UNDERB",7,0.143812912112892,0.38337623898972,0.209163839008016
"DS16","Istanbul Stock Exchange - FTSE (Daily)","mc.mars_UNDERB",8,0,0.410818280065985,0
"DS16","Istanbul Stock Exchange - FTSE (Daily)","mc.mars_UNDERB",9,0,0.402317295138207,0
"DS16","Istanbul Stock Exchange - FTSE (Daily)","mc.mars_UNDERB",10,0,0.394789261941947,0
"DS16","Istanbul Stock Exchange - FTSE (Daily)","mc.mars_UNDERB",11,0,0.374753193795975,0
"DS16","Istanbul Stock Exchange - FTSE (Daily)","mc.mars_UNDERB",12,0.321396210675741,0.360308842230222,0.339741934058191
"DS16","Istanbul Stock Exchange - FTSE (Daily)","mc.mars_UNDERB",13,0.32897455200046,0.363796881580907,0.345510540232709
"DS16","Istanbul Stock Exchange - FTSE (Daily)","mc.mars_UNDERB",14,0.286941452362943,0.34351195633606,0.312688672295415
"DS16","Istanbul Stock Exchange - FTSE (Daily)","mc.mars_UNDERB",15,0.154248584113459,0.383521038515387,0.22001085475797
"DS16","Istanbul Stock Exchange - FTSE (Daily)","mc.mars_UNDERB",16,0.245967209036883,0.363814005586737,0.293503025074109
"DS16","Istanbul Stock Exchange - FTSE (Daily)","mc.mars_UNDERB",17,0.474497602316888,0.398335140488092,0.433093443476355
"DS16","Istanbul Stock Exchange - FTSE (Daily)","mc.mars_UNDERB",18,1e-05,0.387279033480326,1.99994835898187e-05
"DS16","Istanbul Stock Exchange - FTSE (Daily)","mc.mars_UNDERB",19,0,0.375556672549519,0
"DS16","Istanbul Stock Exchange - FTSE (Daily)","mc.mars_UNDERB",20,1e-05,0.397353975626932,1.9999496683111e-05
"DS16","Istanbul Stock Exchange - FTSE (Daily)","mc.mars_UNDERB",21,1e-05,0.396324955222098,1.99994953763291e-05
"DS16","Istanbul Stock Exchange - FTSE (Daily)","mc.mars_UNDERB",22,1e-05,0.360939880560365,1.99994459064519e-05
"DS16","Istanbul Stock Exchange - FTSE (Daily)","mc.mars_UNDERB",23,1e-05,0.360362984416145,1.99994450194419e-05
"DS16","Istanbul Stock Exchange - FTSE (Daily)","mc.mars_UNDERB",24,1e-05,0.354297872545294,1.99994355191756e-05
"DS16","Istanbul Stock Exchange - FTSE (Daily)","mc.mars_UNDERB",25,1e-05,0.368067183998837,1.99994566357039e-05
"DS16","Istanbul Stock Exchange - FTSE (Daily)","mc.mars_UNDERB",26,1e-05,0.37043343299174,1.99994601065043e-05
"DS16","Istanbul Stock Exchange - FTSE (Daily)","mc.mars_UNDERB",27,0.565229772065168,0.384564116203815,0.45771422712033
"DS16","Istanbul Stock Exchange - FTSE (Daily)","mc.mars_UNDERB",28,1e-05,0.362298957559425,1.99994479849426e-05
"DS16","Istanbul Stock Exchange - FTSE (Daily)","mc.mars_UNDERB",29,1e-05,0.362402464001162,1.99994481426003e-05
"DS16","Istanbul Stock Exchange - FTSE (Daily)","mc.mars_UNDERB",30,1e-05,0.38499436967097,1.99994805253765e-05
"DS16","Istanbul Stock Exchange - FTSE (Daily)","mc.mars_UNDERB",31,1e-05,0.42386640878606,1.9999528164352e-05
"DS16","Istanbul Stock Exchange - FTSE (Daily)","mc.mars_UNDERB",32,1e-05,0.414482605062224,1.99995174823445e-05
"DS16","Istanbul Stock Exchange - FTSE (Daily)","mc.mars_UNDERB",33,0.569547463814592,0.435807745314196,0.493782085775535
"DS16","Istanbul Stock Exchange - FTSE (Daily)","mc.mars_UNDERB",34,1e-05,0.420193433705367,1.99995240400626e-05
"DS16","Istanbul Stock Exchange - FTSE (Daily)","mc.mars_UNDERB",35,1e-05,0.418512012376325,1.99995221278832e-05
"DS16","Istanbul Stock Exchange - FTSE (Daily)","mc.mars_UNDERB",36,1e-05,0.411419877548876,1.99995138904321e-05
"DS16","Istanbul Stock Exchange - FTSE (Daily)","mc.mars_UNDERB",37,1e-05,0.420214440069247,1.99995240638551e-05
"DS16","Istanbul Stock Exchange - FTSE (Daily)","mc.mars_UNDERB",38,1e-05,0.4057594896592,1.99995071093192e-05
"DS16","Istanbul Stock Exchange - FTSE (Daily)","mc.mars_UNDERB",39,1e-05,0.416342324468473,1.99995196376044e-05
"DS16","Istanbul Stock Exchange - FTSE (Daily)","mc.mars_UNDERB",40,1e-05,0.419548567416876,1.99995233085068e-05
"DS16","Istanbul Stock Exchange - FTSE (Daily)","mc.mars_UNDERB",41,1e-05,0.416491660215625,1.99995198098373e-05
"DS16","Istanbul Stock Exchange - FTSE (Daily)","mc.mars_UNDERB",42,1e-05,0.380639303414072,1.99994745819887e-05
"DS16","Istanbul Stock Exchange - FTSE (Daily)","mc.mars_UNDERB",43,1e-05,0.391368061287922,1.99994889851533e-05
"DS16","Istanbul Stock Exchange - FTSE (Daily)","mc.mars_UNDERB",44,1e-05,0.391105374425532,1.99994886419377e-05
"DS16","Istanbul Stock Exchange - FTSE (Daily)","mc.mars_UNDERB",45,1e-05,0.390919532439131,1.99994883988458e-05
"DS16","Istanbul Stock Exchange - FTSE (Daily)","mc.mars_UNDERB",46,1e-05,0.408794863042216,1.99995107690292e-05
"DS16","Istanbul Stock Exchange - FTSE (Daily)","mc.mars_UNDERB",47,1e-05,0.409402047484,1.99995114945903e-05
"DS16","Istanbul Stock Exchange - FTSE (Daily)","mc.mars_UNDERB",48,1e-05,0.37742432226403,1.99994701064842e-05
"DS16","Istanbul Stock Exchange - FTSE (Daily)","mc.mars_UNDERB",49,1e-05,0.414942123257293,1.99995180166848e-05
"DS16","Istanbul Stock Exchange - FTSE (Daily)","mc.mars_UNDERB",50,1e-05,0.411620738746675,1.99995141276363e-05
"DS16","Istanbul Stock Exchange - FTSE (Daily)","mc.mars_UNDERT",1,0.132975571199969,0.400488993227447,0.199658069850922
"DS16","Istanbul Stock Exchange - FTSE (Daily)","mc.mars_UNDERT",2,0.22162745044798,0.361804608410147,0.274876334629974
"DS16","Istanbul Stock Exchange - FTSE (Daily)","mc.mars_UNDERT",3,0.263126199313937,0.405969572774537,0.319300271134105
"DS16","Istanbul Stock Exchange - FTSE (Daily)","mc.mars_UNDERT",4,0.257144653976084,0.39660099807992,0.311998484722905
"DS16","Istanbul Stock Exchange - FTSE (Daily)","mc.mars_UNDERT",5,0,0.380899870281697,0
"DS16","Istanbul Stock Exchange - FTSE (Daily)","mc.mars_UNDERT",6,0,0.397909019673491,0
"DS16","Istanbul Stock Exchange - FTSE (Daily)","mc.mars_UNDERT",7,0.234725735102148,0.401304000124151,0.296201171774018
"DS16","Istanbul Stock Exchange - FTSE (Daily)","mc.mars_UNDERT",8,0.240255551280053,0.412073070023716,0.303536712549392
"DS16","Istanbul Stock Exchange - FTSE (Daily)","mc.mars_UNDERT",9,0.152271514399719,0.383135722735298,0.217930026623165
"DS16","Istanbul Stock Exchange - FTSE (Daily)","mc.mars_UNDERT",10,0.243270875160362,0.413938026030211,0.306444619578645
"DS16","Istanbul Stock Exchange - FTSE (Daily)","mc.mars_UNDERT",11,0,0.384946079312351,0
"DS16","Istanbul Stock Exchange - FTSE (Daily)","mc.mars_UNDERT",12,0.145559013692023,0.379031429781205,0.210341007022348
"DS16","Istanbul Stock Exchange - FTSE (Daily)","mc.mars_UNDERT",13,0.304920885950037,0.386704475207711,0.340977291474091
"DS16","Istanbul Stock Exchange - FTSE (Daily)","mc.mars_UNDERT",14,0.252412947275799,0.424773304764763,0.316658176260001
"DS16","Istanbul Stock Exchange - FTSE (Daily)","mc.mars_UNDERT",15,0.249996874425603,0.419113366678953,0.313183165532681
"DS16","Istanbul Stock Exchange - FTSE (Daily)","mc.mars_UNDERT",16,0.148994052161672,0.373376457429372,0.212993920417616
"DS16","Istanbul Stock Exchange - FTSE (Daily)","mc.mars_UNDERT",17,0.249445617088253,0.400028438711398,0.307280452101683
"DS16","Istanbul Stock Exchange - FTSE (Daily)","mc.mars_UNDERT",18,0,0.382362005575389,0
"DS16","Istanbul Stock Exchange - FTSE (Daily)","mc.mars_UNDERT",19,1e-05,0.394104032319288,1.99994925326591e-05
"DS16","Istanbul Stock Exchange - FTSE (Daily)","mc.mars_UNDERT",20,1e-05,0.394108701226051,1.99994925386708e-05
"DS16","Istanbul Stock Exchange - FTSE (Daily)","mc.mars_UNDERT",21,1e-05,0.401901223665457,1.99995023776689e-05
"DS16","Istanbul Stock Exchange - FTSE (Daily)","mc.mars_UNDERT",22,1e-05,0.352208068643313,1.999943216996e-05
"DS16","Istanbul Stock Exchange - FTSE (Daily)","mc.mars_UNDERT",23,1e-05,0.357422405363935,1.99994404536438e-05
"DS16","Istanbul Stock Exchange - FTSE (Daily)","mc.mars_UNDERT",24,1e-05,0.358467475587921,1.99994420848906e-05
"DS16","Istanbul Stock Exchange - FTSE (Daily)","mc.mars_UNDERT",25,0.556578756733781,0.378278680103091,0.4504256353419
"DS16","Istanbul Stock Exchange - FTSE (Daily)","mc.mars_UNDERT",26,0.562728823189604,0.378193991187838,0.45236581863375
"DS16","Istanbul Stock Exchange - FTSE (Daily)","mc.mars_UNDERT",27,1e-05,0.370243464067242,1.99994598294968e-05
"DS16","Istanbul Stock Exchange - FTSE (Daily)","mc.mars_UNDERT",28,1e-05,0.367161683165767,1.99994552956855e-05
"DS16","Istanbul Stock Exchange - FTSE (Daily)","mc.mars_UNDERT",29,0.24800766435044,0.395221342696435,0.304768351643832
"DS16","Istanbul Stock Exchange - FTSE (Daily)","mc.mars_UNDERT",30,1e-05,0.374519905240712,1.99994659972483e-05
"DS16","Istanbul Stock Exchange - FTSE (Daily)","mc.mars_UNDERT",31,0.573715298007337,0.434154335873383,0.494272226910358
"DS16","Istanbul Stock Exchange - FTSE (Daily)","mc.mars_UNDERT",32,1e-05,0.418619108415041,1.99995222501351e-05
"DS16","Istanbul Stock Exchange - FTSE (Daily)","mc.mars_UNDERT",33,0.601858249373678,0.422108677083078,0.496206631035928
"DS16","Istanbul Stock Exchange - FTSE (Daily)","mc.mars_UNDERT",34,0.568764563841869,0.439380832615204,0.495770250007792
"DS16","Istanbul Stock Exchange - FTSE (Daily)","mc.mars_UNDERT",35,1e-05,0.416861311347996,1.99995202356349e-05
"DS16","Istanbul Stock Exchange - FTSE (Daily)","mc.mars_UNDERT",36,0.567759790342321,0.433177079504832,0.491420658484323
"DS16","Istanbul Stock Exchange - FTSE (Daily)","mc.mars_UNDERT",37,1e-05,0.422348738384447,1.99995264688952e-05
"DS16","Istanbul Stock Exchange - FTSE (Daily)","mc.mars_UNDERT",38,1e-05,0.40271480967312,1.99995033829672e-05
"DS16","Istanbul Stock Exchange - FTSE (Daily)","mc.mars_UNDERT",39,0.582036692227551,0.426990440954602,0.492601429026459
"DS16","Istanbul Stock Exchange - FTSE (Daily)","mc.mars_UNDERT",40,1e-05,0.415071984967063,1.99995181674772e-05
"DS16","Istanbul Stock Exchange - FTSE (Daily)","mc.mars_UNDERT",41,1e-05,0.417933041031232,1.99995214658928e-05
"DS16","Istanbul Stock Exchange - FTSE (Daily)","mc.mars_UNDERT",42,1e-05,0.378930205032084,1.99994722122452e-05
"DS16","Istanbul Stock Exchange - FTSE (Daily)","mc.mars_UNDERT",43,1e-05,0.390825593543008,1.99994882758804e-05
"DS16","Istanbul Stock Exchange - FTSE (Daily)","mc.mars_UNDERT",44,1e-05,0.391347027047793,1.99994889576878e-05
"DS16","Istanbul Stock Exchange - FTSE (Daily)","mc.mars_UNDERT",45,1e-05,0.390634372753059,1.9999488025391e-05
"DS16","Istanbul Stock Exchange - FTSE (Daily)","mc.mars_UNDERT",46,1e-05,0.412526261403692,1.99995151941327e-05
"DS16","Istanbul Stock Exchange - FTSE (Daily)","mc.mars_UNDERT",47,1e-05,0.412154036939743,1.99995147563056e-05
"DS16","Istanbul Stock Exchange - FTSE (Daily)","mc.mars_UNDERT",48,1e-05,0.380505276070655,1.99994743969229e-05
"DS16","Istanbul Stock Exchange - FTSE (Daily)","mc.mars_UNDERT",49,1e-05,0.427159168918201,1.9999531801416e-05
"DS16","Istanbul Stock Exchange - FTSE (Daily)","mc.mars_UNDERT",50,1e-05,0.420149520240535,1.99995239903171e-05
"DS16","Istanbul Stock Exchange - FTSE (Daily)","mc.mars_UNDERTPhi",1,1e-05,0.383407323945567,1.99994783751607e-05
"DS16","Istanbul Stock Exchange - FTSE (Daily)","mc.mars_UNDERTPhi",2,0.216820198818691,0.405375883527898,0.282527268032076
"DS16","Istanbul Stock Exchange - FTSE (Daily)","mc.mars_UNDERTPhi",3,0.146650108939333,0.413814219971159,0.216555799572063
"DS16","Istanbul Stock Exchange - FTSE (Daily)","mc.mars_UNDERTPhi",4,0.266123683123445,0.369404341742968,0.309371861318293
"DS16","Istanbul Stock Exchange - FTSE (Daily)","mc.mars_UNDERTPhi",5,0.177699764874133,0.416911899472716,0.249188339051197
"DS16","Istanbul Stock Exchange - FTSE (Daily)","mc.mars_UNDERTPhi",6,0.240460281743622,0.370681333266927,0.291697163620344
"DS16","Istanbul Stock Exchange - FTSE (Daily)","mc.mars_UNDERTPhi",7,0.251550067807117,0.403792556585947,0.309987604066729
"DS16","Istanbul Stock Exchange - FTSE (Daily)","mc.mars_UNDERTPhi",8,0,0.396466479040383,0
"DS16","Istanbul Stock Exchange - FTSE (Daily)","mc.mars_UNDERTPhi",9,0,0.409613295668723,0
"DS16","Istanbul Stock Exchange - FTSE (Daily)","mc.mars_UNDERTPhi",10,0.236927436831123,0.403850716588973,0.298647245175687
"DS16","Istanbul Stock Exchange - FTSE (Daily)","mc.mars_UNDERTPhi",11,0.255381205622992,0.34115052870607,0.292099911223894
"DS16","Istanbul Stock Exchange - FTSE (Daily)","mc.mars_UNDERTPhi",12,0.154542739827745,0.388773185564272,0.221168091935873
"DS16","Istanbul Stock Exchange - FTSE (Daily)","mc.mars_UNDERTPhi",13,0.141591625223219,0.375790672748803,0.205684702807931
"DS16","Istanbul Stock Exchange - FTSE (Daily)","mc.mars_UNDERTPhi",14,0.256380343771331,0.425148305649313,0.31986819291846
"DS16","Istanbul Stock Exchange - FTSE (Daily)","mc.mars_UNDERTPhi",15,0.141409065386475,0.371446687490049,0.20483704676904
"DS16","Istanbul Stock Exchange - FTSE (Daily)","mc.mars_UNDERTPhi",16,0.142199532873179,0.365329112271303,0.204716047486004
"DS16","Istanbul Stock Exchange - FTSE (Daily)","mc.mars_UNDERTPhi",17,0.216590783499612,0.395995653346484,0.280022552449375
"DS16","Istanbul Stock Exchange - FTSE (Daily)","mc.mars_UNDERTPhi",18,0.315137789426923,0.387067665882973,0.347418686831953
"DS16","Istanbul Stock Exchange - FTSE (Daily)","mc.mars_UNDERTPhi",19,0.25897497889603,0.410167194669059,0.317490197986843
"DS16","Istanbul Stock Exchange - FTSE (Daily)","mc.mars_UNDERTPhi",20,1e-05,0.388985213430528,1.99994858548561e-05
"DS16","Istanbul Stock Exchange - FTSE (Daily)","mc.mars_UNDERTPhi",21,1e-05,0.388762610133092,1.9999485560467e-05
"DS16","Istanbul Stock Exchange - FTSE (Daily)","mc.mars_UNDERTPhi",22,1e-05,0.355285124222878,1.99994370876875e-05
"DS16","Istanbul Stock Exchange - FTSE (Daily)","mc.mars_UNDERTPhi",23,1e-05,0.361566134411533,1.9999446866148e-05
"DS16","Istanbul Stock Exchange - FTSE (Daily)","mc.mars_UNDERTPhi",24,0.292838830839094,0.462759872714467,0.3586932043362
"DS16","Istanbul Stock Exchange - FTSE (Daily)","mc.mars_UNDERTPhi",25,0.417331601456105,0.364842370688085,0.389325792626175
"DS16","Istanbul Stock Exchange - FTSE (Daily)","mc.mars_UNDERTPhi",26,0.561708425853011,0.371731983283388,0.44738793205345
"DS16","Istanbul Stock Exchange - FTSE (Daily)","mc.mars_UNDERTPhi",27,0.461124109878295,0.366982228370941,0.408701988096054
"DS16","Istanbul Stock Exchange - FTSE (Daily)","mc.mars_UNDERTPhi",28,1e-05,0.368980254531583,1.99994579802649e-05
"DS16","Istanbul Stock Exchange - FTSE (Daily)","mc.mars_UNDERTPhi",29,0.431520390311494,0.403812436052495,0.417206877350893
"DS16","Istanbul Stock Exchange - FTSE (Daily)","mc.mars_UNDERTPhi",30,1e-05,0.383930742606966,1.99994790862813e-05
"DS16","Istanbul Stock Exchange - FTSE (Daily)","mc.mars_UNDERTPhi",31,0.572163921622576,0.434885068738458,0.494167709349063
"DS16","Istanbul Stock Exchange - FTSE (Daily)","mc.mars_UNDERTPhi",32,0.600923787170461,0.419459279357381,0.49405574628546
"DS16","Istanbul Stock Exchange - FTSE (Daily)","mc.mars_UNDERTPhi",33,0.564327684560025,0.437488924448398,0.492878855340567
"DS16","Istanbul Stock Exchange - FTSE (Daily)","mc.mars_UNDERTPhi",34,0.172033704137755,0.515242180744991,0.257943055565518
"DS16","Istanbul Stock Exchange - FTSE (Daily)","mc.mars_UNDERTPhi",35,1e-05,0.409365706950351,1.99995114512254e-05
"DS16","Istanbul Stock Exchange - FTSE (Daily)","mc.mars_UNDERTPhi",36,1e-05,0.413558921775642,1.99995164046681e-05
"DS16","Istanbul Stock Exchange - FTSE (Daily)","mc.mars_UNDERTPhi",37,1e-05,0.422223080050477,1.99995263279704e-05
"DS16","Istanbul Stock Exchange - FTSE (Daily)","mc.mars_UNDERTPhi",38,0.380821684619581,0.349201684500109,0.364326895243606
"DS16","Istanbul Stock Exchange - FTSE (Daily)","mc.mars_UNDERTPhi",39,1e-05,0.402640805942519,1.99995032916933e-05
"DS16","Istanbul Stock Exchange - FTSE (Daily)","mc.mars_UNDERTPhi",40,0.614153058866022,0.411878169845344,0.493077073703409
"DS16","Istanbul Stock Exchange - FTSE (Daily)","mc.mars_UNDERTPhi",41,1e-05,0.407697086932186,1.99995094517451e-05
"DS16","Istanbul Stock Exchange - FTSE (Daily)","mc.mars_UNDERTPhi",42,1e-05,0.371269020375595,1.99994613215694e-05
"DS16","Istanbul Stock Exchange - FTSE (Daily)","mc.mars_UNDERTPhi",43,1e-05,0.391138398210138,1.99994886851105e-05
"DS16","Istanbul Stock Exchange - FTSE (Daily)","mc.mars_UNDERTPhi",44,1e-05,0.391204169282887,1.9999488771073e-05
"DS16","Istanbul Stock Exchange - FTSE (Daily)","mc.mars_UNDERTPhi",45,1e-05,0.390868642577973,1.99994883322387e-05
"DS16","Istanbul Stock Exchange - FTSE (Daily)","mc.mars_UNDERTPhi",46,1e-05,0.410359354936823,1.99995126341731e-05
"DS16","Istanbul Stock Exchange - FTSE (Daily)","mc.mars_UNDERTPhi",47,1e-05,0.407294078397833,1.99995089663703e-05
"DS16","Istanbul Stock Exchange - FTSE (Daily)","mc.mars_UNDERTPhi",48,1e-05,0.38039995662245,1.99994742514056e-05
"DS16","Istanbul Stock Exchange - FTSE (Daily)","mc.mars_UNDERTPhi",49,1e-05,0.427211280532145,1.9999531858526e-05
"DS16","Istanbul Stock Exchange - FTSE (Daily)","mc.mars_UNDERTPhi",50,1e-05,0.415225611691841,1.99995183457431e-05
"DS16","Istanbul Stock Exchange - FTSE (Daily)","mc.mars_OVERB",1,0.248009175951469,0.38334200900594,0.301171006014845
"DS16","Istanbul Stock Exchange - FTSE (Daily)","mc.mars_OVERB",2,0.255887586640023,0.398045295881497,0.311514691672286
"DS16","Istanbul Stock Exchange - FTSE (Daily)","mc.mars_OVERB",3,0.319778183197907,0.38348893135042,0.348747698298119
"DS16","Istanbul Stock Exchange - FTSE (Daily)","mc.mars_OVERB",4,0.328467388887224,0.35095539630318,0.339339230747996
"DS16","Istanbul Stock Exchange - FTSE (Daily)","mc.mars_OVERB",5,0.354524488641855,0.439538200951691,0.392480487934074
"DS16","Istanbul Stock Exchange - FTSE (Daily)","mc.mars_OVERB",6,0.270427448338817,0.332650990987676,0.298329214954657
"DS16","Istanbul Stock Exchange - FTSE (Daily)","mc.mars_OVERB",7,0.279058673429612,0.346704056627017,0.309225108712514
"DS16","Istanbul Stock Exchange - FTSE (Daily)","mc.mars_OVERB",8,0.243202129290817,0.380601181655837,0.29676988295824
"DS16","Istanbul Stock Exchange - FTSE (Daily)","mc.mars_OVERB",9,0.281830174469155,0.361806386873329,0.316849486995835
"DS16","Istanbul Stock Exchange - FTSE (Daily)","mc.mars_OVERB",10,0.309666599482902,0.478628402029129,0.376040008849488
"DS16","Istanbul Stock Exchange - FTSE (Daily)","mc.mars_OVERB",11,0.258654703079816,0.432394976168499,0.323684381984582
"DS16","Istanbul Stock Exchange - FTSE (Daily)","mc.mars_OVERB",12,0.229504184569096,0.344840012094735,0.275591626910516
"DS16","Istanbul Stock Exchange - FTSE (Daily)","mc.mars_OVERB",13,0.241018885811052,0.355638648028885,0.28731936106673
"DS16","Istanbul Stock Exchange - FTSE (Daily)","mc.mars_OVERB",14,0.271646688853104,0.354496358553362,0.307590293976357
"DS16","Istanbul Stock Exchange - FTSE (Daily)","mc.mars_OVERB",15,0.296788899694994,0.422274657803833,0.348582346446848
"DS16","Istanbul Stock Exchange - FTSE (Daily)","mc.mars_OVERB",16,0.392079231373087,0.429561703133316,0.40996551003877
"DS16","Istanbul Stock Exchange - FTSE (Daily)","mc.mars_OVERB",17,0.354225767349508,0.447003147444973,0.395242932419521
"DS16","Istanbul Stock Exchange - FTSE (Daily)","mc.mars_OVERB",18,0.305404840468774,0.39458684497099,0.344314753863779
"DS16","Istanbul Stock Exchange - FTSE (Daily)","mc.mars_OVERB",19,0.324661536765718,0.323848999866562,0.324254759291093
"DS16","Istanbul Stock Exchange - FTSE (Daily)","mc.mars_OVERB",20,0.2483427059391,0.334072631700221,0.28489806492015
"DS16","Istanbul Stock Exchange - FTSE (Daily)","mc.mars_OVERB",21,0.293613869151233,0.383090391636196,0.332436659973382
"DS16","Istanbul Stock Exchange - FTSE (Daily)","mc.mars_OVERB",22,0.290966648539922,0.298598401067994,0.294733129366857
"DS16","Istanbul Stock Exchange - FTSE (Daily)","mc.mars_OVERB",23,0.272543282339192,0.304223527429301,0.287513349679985
"DS16","Istanbul Stock Exchange - FTSE (Daily)","mc.mars_OVERB",24,0.323579393737004,0.28198996790385,0.301356536952279
"DS16","Istanbul Stock Exchange - FTSE (Daily)","mc.mars_OVERB",25,0.287809262572852,0.264004981695167,0.275393685054422
"DS16","Istanbul Stock Exchange - FTSE (Daily)","mc.mars_OVERB",26,0.260414056026231,0.371500946331049,0.306193294638551
"DS16","Istanbul Stock Exchange - FTSE (Daily)","mc.mars_OVERB",27,0.267412856064359,0.350536593681085,0.303384012106313
"DS16","Istanbul Stock Exchange - FTSE (Daily)","mc.mars_OVERB",28,0.317607605993156,0.392032686054475,0.350917399375827
"DS16","Istanbul Stock Exchange - FTSE (Daily)","mc.mars_OVERB",29,0.303530206635075,0.360991353371505,0.329776448731756
"DS16","Istanbul Stock Exchange - FTSE (Daily)","mc.mars_OVERB",30,0.377345743111499,0.454542995370861,0.412362510585859
"DS16","Istanbul Stock Exchange - FTSE (Daily)","mc.mars_OVERB",31,0.298467265740464,0.42002410268287,0.348962982667271
"DS16","Istanbul Stock Exchange - FTSE (Daily)","mc.mars_OVERB",32,0.283136474198453,0.331667128807951,0.305486373206012
"DS16","Istanbul Stock Exchange - FTSE (Daily)","mc.mars_OVERB",33,0.251423179777443,0.461715344813092,0.325563508749158
"DS16","Istanbul Stock Exchange - FTSE (Daily)","mc.mars_OVERB",34,0.298403412307129,0.49441131202115,0.37217780665049
"DS16","Istanbul Stock Exchange - FTSE (Daily)","mc.mars_OVERB",35,0.392926892204945,0.417572881538555,0.404875164502966
"DS16","Istanbul Stock Exchange - FTSE (Daily)","mc.mars_OVERB",36,0.360788460605109,0.426835408465206,0.391042719753245
"DS16","Istanbul Stock Exchange - FTSE (Daily)","mc.mars_OVERB",37,0.281087564520913,0.468791707330855,0.351447290857451
"DS16","Istanbul Stock Exchange - FTSE (Daily)","mc.mars_OVERB",38,0.454586544195658,0.499039087724788,0.47577675497357
"DS16","Istanbul Stock Exchange - FTSE (Daily)","mc.mars_OVERB",39,0.325242299484029,0.50278757360565,0.394980403258437
"DS16","Istanbul Stock Exchange - FTSE (Daily)","mc.mars_OVERB",40,0.272850457431134,0.491457078450353,0.350890923791022
"DS16","Istanbul Stock Exchange - FTSE (Daily)","mc.mars_OVERB",41,0.352287964505898,0.467822633418062,0.401917213833929
"DS16","Istanbul Stock Exchange - FTSE (Daily)","mc.mars_OVERB",42,0.336989732840087,0.516208220387736,0.407776107807585
"DS16","Istanbul Stock Exchange - FTSE (Daily)","mc.mars_OVERB",43,0.241771299871271,0.374544320780675,0.293856148571269
"DS16","Istanbul Stock Exchange - FTSE (Daily)","mc.mars_OVERB",44,0.296682390544221,0.41960242827145,0.347595392859415
"DS16","Istanbul Stock Exchange - FTSE (Daily)","mc.mars_OVERB",45,0.267375621112482,0.434151016827651,0.330939387053796
"DS16","Istanbul Stock Exchange - FTSE (Daily)","mc.mars_OVERB",46,0.150049489450325,0.352442392706141,0.210486190778861
"DS16","Istanbul Stock Exchange - FTSE (Daily)","mc.mars_OVERB",47,0.376125458401769,0.435613762562927,0.403689810467409
"DS16","Istanbul Stock Exchange - FTSE (Daily)","mc.mars_OVERB",48,0.334702494804753,0.308942767709772,0.321307158233026
"DS16","Istanbul Stock Exchange - FTSE (Daily)","mc.mars_OVERB",49,0.249843697058534,0.37303877660452,0.299258338559331
"DS16","Istanbul Stock Exchange - FTSE (Daily)","mc.mars_OVERB",50,0.36628159979683,0.417655869652808,0.390285363470038
"DS16","Istanbul Stock Exchange - FTSE (Daily)","mc.mars_OVERT",1,0.184534771774577,0.449263259117057,0.261612340042261
"DS16","Istanbul Stock Exchange - FTSE (Daily)","mc.mars_OVERT",2,0.231821313926128,0.425136115071663,0.300036527309577
"DS16","Istanbul Stock Exchange - FTSE (Daily)","mc.mars_OVERT",3,0.158412962947219,0.383083558454927,0.224139580413447
"DS16","Istanbul Stock Exchange - FTSE (Daily)","mc.mars_OVERT",4,0.292678305420185,0.475362288766568,0.362293946934347
"DS16","Istanbul Stock Exchange - FTSE (Daily)","mc.mars_OVERT",5,0.338971914434847,0.411183669577592,0.371602154623835
"DS16","Istanbul Stock Exchange - FTSE (Daily)","mc.mars_OVERT",6,0.33554805322079,0.379869569873607,0.356335909360424
"DS16","Istanbul Stock Exchange - FTSE (Daily)","mc.mars_OVERT",7,0.259758260169249,0.447054482566899,0.328590834802737
"DS16","Istanbul Stock Exchange - FTSE (Daily)","mc.mars_OVERT",8,0.24098889683384,0.405712671774333,0.302372079946647
"DS16","Istanbul Stock Exchange - FTSE (Daily)","mc.mars_OVERT",9,0.321796104969737,0.364334895646915,0.341746839068235
"DS16","Istanbul Stock Exchange - FTSE (Daily)","mc.mars_OVERT",10,0.212774748788881,0.437820593611864,0.286375142117084
"DS16","Istanbul Stock Exchange - FTSE (Daily)","mc.mars_OVERT",11,0.253672372481633,0.366660311213451,0.299876480750089
"DS16","Istanbul Stock Exchange - FTSE (Daily)","mc.mars_OVERT",12,0.290201439220106,0.423627949359702,0.34444488435153
"DS16","Istanbul Stock Exchange - FTSE (Daily)","mc.mars_OVERT",13,0.302301087496288,0.420068151083417,0.351584901773362
"DS16","Istanbul Stock Exchange - FTSE (Daily)","mc.mars_OVERT",14,0.347701438287656,0.4415064510514,0.38902912684366
"DS16","Istanbul Stock Exchange - FTSE (Daily)","mc.mars_OVERT",15,0.341935973844715,0.467303114386461,0.394908619275089
"DS16","Istanbul Stock Exchange - FTSE (Daily)","mc.mars_OVERT",16,0.304030997150769,0.365957302273429,0.332132258489938
"DS16","Istanbul Stock Exchange - FTSE (Daily)","mc.mars_OVERT",17,0.287863601736281,0.404545194798995,0.336373071580442
"DS16","Istanbul Stock Exchange - FTSE (Daily)","mc.mars_OVERT",18,0.24317914637742,0.351917518428222,0.28761378373574
"DS16","Istanbul Stock Exchange - FTSE (Daily)","mc.mars_OVERT",19,0.31795490691645,0.339384778585567,0.328320526096405
"DS16","Istanbul Stock Exchange - FTSE (Daily)","mc.mars_OVERT",20,0.275590496011989,0.348336377197986,0.307722584466097
"DS16","Istanbul Stock Exchange - FTSE (Daily)","mc.mars_OVERT",21,0.287999159195761,0.339778658348335,0.311753506359312
"DS16","Istanbul Stock Exchange - FTSE (Daily)","mc.mars_OVERT",22,0.262257319723239,0.273582347987409,0.267800156017985
"DS16","Istanbul Stock Exchange - FTSE (Daily)","mc.mars_OVERT",23,0.27726733801547,0.285623946567426,0.281383611746294
"DS16","Istanbul Stock Exchange - FTSE (Daily)","mc.mars_OVERT",24,0.322769846873885,0.282338199849097,0.30120325791556
"DS16","Istanbul Stock Exchange - FTSE (Daily)","mc.mars_OVERT",25,0.194043757257561,0.266054956075327,0.224414030371346
"DS16","Istanbul Stock Exchange - FTSE (Daily)","mc.mars_OVERT",26,0.317357414936773,0.334791507113854,0.325841425625145
"DS16","Istanbul Stock Exchange - FTSE (Daily)","mc.mars_OVERT",27,0.278772899468994,0.282187507887765,0.280469811188553
"DS16","Istanbul Stock Exchange - FTSE (Daily)","mc.mars_OVERT",28,0.3331914197619,0.398946625370658,0.363116200285429
"DS16","Istanbul Stock Exchange - FTSE (Daily)","mc.mars_OVERT",29,0.345489491230978,0.446583933763742,0.389585235911665
"DS16","Istanbul Stock Exchange - FTSE (Daily)","mc.mars_OVERT",30,0.239229271232323,0.351302709564876,0.284631125574916
"DS16","Istanbul Stock Exchange - FTSE (Daily)","mc.mars_OVERT",31,0.312140931998383,0.49764040586995,0.383644158797733
"DS16","Istanbul Stock Exchange - FTSE (Daily)","mc.mars_OVERT",32,0.282894448140426,0.432885944465881,0.34217486713073
"DS16","Istanbul Stock Exchange - FTSE (Daily)","mc.mars_OVERT",33,0.285136064631031,0.405120891133452,0.334700217456476
"DS16","Istanbul Stock Exchange - FTSE (Daily)","mc.mars_OVERT",34,0.299576802544106,0.418182882791341,0.34908032163093
"DS16","Istanbul Stock Exchange - FTSE (Daily)","mc.mars_OVERT",35,0.439635013937571,0.47053521040504,0.454560582739232
"DS16","Istanbul Stock Exchange - FTSE (Daily)","mc.mars_OVERT",36,0.297076379822359,0.47005135272028,0.364062328274599
"DS16","Istanbul Stock Exchange - FTSE (Daily)","mc.mars_OVERT",37,0.310054678045567,0.460196951735098,0.370492478538236
"DS16","Istanbul Stock Exchange - FTSE (Daily)","mc.mars_OVERT",38,0.261210225562829,0.376434150482058,0.308411563093747
"DS16","Istanbul Stock Exchange - FTSE (Daily)","mc.mars_OVERT",39,0.32226237499233,0.423960111940816,0.366181386834304
"DS16","Istanbul Stock Exchange - FTSE (Daily)","mc.mars_OVERT",40,0.23058980253143,0.368177905745644,0.283575982501173
"DS16","Istanbul Stock Exchange - FTSE (Daily)","mc.mars_OVERT",41,0.402912936853192,0.441738823258885,0.421433530376339
"DS16","Istanbul Stock Exchange - FTSE (Daily)","mc.mars_OVERT",42,0.352354861718764,0.51314122751414,0.417813109758111
"DS16","Istanbul Stock Exchange - FTSE (Daily)","mc.mars_OVERT",43,0.287828674562047,0.471956539577829,0.357581649943949
"DS16","Istanbul Stock Exchange - FTSE (Daily)","mc.mars_OVERT",44,0.317284983014838,0.452134737857778,0.37289286648106
"DS16","Istanbul Stock Exchange - FTSE (Daily)","mc.mars_OVERT",45,0.231292344210431,0.387608678901605,0.289710039672148
"DS16","Istanbul Stock Exchange - FTSE (Daily)","mc.mars_OVERT",46,0.371861232379774,0.412165018338196,0.390977193742477
"DS16","Istanbul Stock Exchange - FTSE (Daily)","mc.mars_OVERT",47,0.212459055697218,0.405060438923274,0.278724021196541
"DS16","Istanbul Stock Exchange - FTSE (Daily)","mc.mars_OVERT",48,0.305370146097162,0.369424376575691,0.334357117778396
"DS16","Istanbul Stock Exchange - FTSE (Daily)","mc.mars_OVERT",49,0.418436892066786,0.38589068193912,0.401505314119574
"DS16","Istanbul Stock Exchange - FTSE (Daily)","mc.mars_OVERT",50,0.279009017286874,0.381615921214891,0.322344122826079
"DS16","Istanbul Stock Exchange - FTSE (Daily)","mc.mars_OVERTPhi",1,0.248015335517939,0.418711014698574,0.311512370140464
"DS16","Istanbul Stock Exchange - FTSE (Daily)","mc.mars_OVERTPhi",2,0.326048199543931,0.481636711390985,0.388856546549858
"DS16","Istanbul Stock Exchange - FTSE (Daily)","mc.mars_OVERTPhi",3,0.294701199579744,0.443614110336068,0.354140321108734
"DS16","Istanbul Stock Exchange - FTSE (Daily)","mc.mars_OVERTPhi",4,0.292352408118197,0.481683459046716,0.363862516394237
"DS16","Istanbul Stock Exchange - FTSE (Daily)","mc.mars_OVERTPhi",5,0.339919341253776,0.41126314615176,0.372203292983296
"DS16","Istanbul Stock Exchange - FTSE (Daily)","mc.mars_OVERTPhi",6,0.293325111071902,0.352703000410896,0.320285278402081
"DS16","Istanbul Stock Exchange - FTSE (Daily)","mc.mars_OVERTPhi",7,0.238656429028515,0.442402618238054,0.310053084193841
"DS16","Istanbul Stock Exchange - FTSE (Daily)","mc.mars_OVERTPhi",8,0.234983882872594,0.407109700419152,0.297975935748058
"DS16","Istanbul Stock Exchange - FTSE (Daily)","mc.mars_OVERTPhi",9,0.197472872598998,0.432302101743322,0.271106161215722
"DS16","Istanbul Stock Exchange - FTSE (Daily)","mc.mars_OVERTPhi",10,0.240880895988594,0.453388182907518,0.314611596711326
"DS16","Istanbul Stock Exchange - FTSE (Daily)","mc.mars_OVERTPhi",11,0.237305929999167,0.400738137545068,0.298090809878656
"DS16","Istanbul Stock Exchange - FTSE (Daily)","mc.mars_OVERTPhi",12,0.348121176922522,0.445306313050165,0.390761751386731
"DS16","Istanbul Stock Exchange - FTSE (Daily)","mc.mars_OVERTPhi",13,0.301584303434291,0.419475457526159,0.350892451680565
"DS16","Istanbul Stock Exchange - FTSE (Daily)","mc.mars_OVERTPhi",14,0.294266998926245,0.438240383189591,0.352104799263566
"DS16","Istanbul Stock Exchange - FTSE (Daily)","mc.mars_OVERTPhi",15,0.389431411029027,0.430698585447396,0.40902676058577
"DS16","Istanbul Stock Exchange - FTSE (Daily)","mc.mars_OVERTPhi",16,0.341538997853915,0.40754660526778,0.371634586386009
"DS16","Istanbul Stock Exchange - FTSE (Daily)","mc.mars_OVERTPhi",17,0.288757202059583,0.403211546838988,0.33651877570676
"DS16","Istanbul Stock Exchange - FTSE (Daily)","mc.mars_OVERTPhi",18,0.294029940787681,0.343298494707472,0.316759869635867
"DS16","Istanbul Stock Exchange - FTSE (Daily)","mc.mars_OVERTPhi",19,0.300538103495757,0.361091946595532,0.328044014332297
"DS16","Istanbul Stock Exchange - FTSE (Daily)","mc.mars_OVERTPhi",20,0.274867548287368,0.354573721389886,0.309674036897959
"DS16","Istanbul Stock Exchange - FTSE (Daily)","mc.mars_OVERTPhi",21,0.288396397736313,0.339523805878122,0.311878617688493
"DS16","Istanbul Stock Exchange - FTSE (Daily)","mc.mars_OVERTPhi",22,0.279150322585357,0.272080541043984,0.275570095264832
"DS16","Istanbul Stock Exchange - FTSE (Daily)","mc.mars_OVERTPhi",23,0.277401423990397,0.285872653409677,0.281573338158193
"DS16","Istanbul Stock Exchange - FTSE (Daily)","mc.mars_OVERTPhi",24,0.321959130431608,0.281384913027899,0.300307736181757
"DS16","Istanbul Stock Exchange - FTSE (Daily)","mc.mars_OVERTPhi",25,0.19350819050534,0.265946037943248,0.224016815551937
"DS16","Istanbul Stock Exchange - FTSE (Daily)","mc.mars_OVERTPhi",26,0.2978424856439,0.374912387647032,0.331962923997109
"DS16","Istanbul Stock Exchange - FTSE (Daily)","mc.mars_OVERTPhi",27,0.251781518280598,0.282059067505358,0.26606167516002
"DS16","Istanbul Stock Exchange - FTSE (Daily)","mc.mars_OVERTPhi",28,0.264167092942337,0.3872281941107,0.314073338805738
"DS16","Istanbul Stock Exchange - FTSE (Daily)","mc.mars_OVERTPhi",29,0.301863580671002,0.361995008608694,0.329205982262623
"DS16","Istanbul Stock Exchange - FTSE (Daily)","mc.mars_OVERTPhi",30,0.261204999327646,0.365016555755922,0.304506123836896
"DS16","Istanbul Stock Exchange - FTSE (Daily)","mc.mars_OVERTPhi",31,0.203227138978029,0.457848125799058,0.281502484362263
"DS16","Istanbul Stock Exchange - FTSE (Daily)","mc.mars_OVERTPhi",32,0.29887437123882,0.43504630977414,0.35432764236608
"DS16","Istanbul Stock Exchange - FTSE (Daily)","mc.mars_OVERTPhi",33,0.327572589244221,0.399454673969013,0.3599600962952
"DS16","Istanbul Stock Exchange - FTSE (Daily)","mc.mars_OVERTPhi",34,0.384845477625782,0.432263933161259,0.407178812584255
"DS16","Istanbul Stock Exchange - FTSE (Daily)","mc.mars_OVERTPhi",35,0.354667949180063,0.479855093982283,0.407871834051189
"DS16","Istanbul Stock Exchange - FTSE (Daily)","mc.mars_OVERTPhi",36,0.349481582048602,0.439879619308375,0.38950438659147
"DS16","Istanbul Stock Exchange - FTSE (Daily)","mc.mars_OVERTPhi",37,0.214226683970538,0.492965295412731,0.298663796048489
"DS16","Istanbul Stock Exchange - FTSE (Daily)","mc.mars_OVERTPhi",38,0.39123114864107,0.411248107472877,0.400989977590733
"DS16","Istanbul Stock Exchange - FTSE (Daily)","mc.mars_OVERTPhi",39,0.213059601245675,0.449698868316666,0.289132967632842
"DS16","Istanbul Stock Exchange - FTSE (Daily)","mc.mars_OVERTPhi",40,0.403092319271321,0.499422133655111,0.446116348602963
"DS16","Istanbul Stock Exchange - FTSE (Daily)","mc.mars_OVERTPhi",41,0.412117217281979,0.440642909099005,0.425902956517427
"DS16","Istanbul Stock Exchange - FTSE (Daily)","mc.mars_OVERTPhi",42,0.35152196631585,0.475629371399017,0.404265009916212
"DS16","Istanbul Stock Exchange - FTSE (Daily)","mc.mars_OVERTPhi",43,0.288189607754702,0.471403190220795,0.357700865111226
"DS16","Istanbul Stock Exchange - FTSE (Daily)","mc.mars_OVERTPhi",44,0.325068841015599,0.490023197740144,0.390854689743524
"DS16","Istanbul Stock Exchange - FTSE (Daily)","mc.mars_OVERTPhi",45,0.158604095542147,0.417623228725941,0.229897999209258
"DS16","Istanbul Stock Exchange - FTSE (Daily)","mc.mars_OVERTPhi",46,0.223913105875436,0.407780512042793,0.289087615822001
"DS16","Istanbul Stock Exchange - FTSE (Daily)","mc.mars_OVERTPhi",47,0.155674431856816,0.402972026521208,0.224587269254392
"DS16","Istanbul Stock Exchange - FTSE (Daily)","mc.mars_OVERTPhi",48,0.305727692885223,0.368171070563375,0.334056383823618
"DS16","Istanbul Stock Exchange - FTSE (Daily)","mc.mars_OVERTPhi",49,0.422885201375571,0.389860192361,0.405701729534101
"DS16","Istanbul Stock Exchange - FTSE (Daily)","mc.mars_OVERTPhi",50,0.372113095783462,0.371193811792072,0.37165288532604
"DS16","Istanbul Stock Exchange - FTSE (Daily)","mc.mars_SMOTEB",1,0.275753533607538,0.327017532694652,0.299205603033906
"DS16","Istanbul Stock Exchange - FTSE (Daily)","mc.mars_SMOTEB",2,0.251945309770316,0.381553080371822,0.303490933912328
"DS16","Istanbul Stock Exchange - FTSE (Daily)","mc.mars_SMOTEB",3,0.279669825759428,0.360979741893681,0.31516494075823
"DS16","Istanbul Stock Exchange - FTSE (Daily)","mc.mars_SMOTEB",4,0.299875197843727,0.355502591367825,0.325328113571369
"DS16","Istanbul Stock Exchange - FTSE (Daily)","mc.mars_SMOTEB",5,0.272590525089057,0.333237603608197,0.299878493731581
"DS16","Istanbul Stock Exchange - FTSE (Daily)","mc.mars_SMOTEB",6,0.297979593882218,0.400629701111022,0.341763204382707
"DS16","Istanbul Stock Exchange - FTSE (Daily)","mc.mars_SMOTEB",7,0.302941933597638,0.359799106475721,0.328931605051627
"DS16","Istanbul Stock Exchange - FTSE (Daily)","mc.mars_SMOTEB",8,0.245362941478941,0.313263298765483,0.275186516153857
"DS16","Istanbul Stock Exchange - FTSE (Daily)","mc.mars_SMOTEB",9,0.349489074355552,0.39509981033152,0.370897470619237
"DS16","Istanbul Stock Exchange - FTSE (Daily)","mc.mars_SMOTEB",10,0.354201086726528,0.43431132070729,0.390186737258329
"DS16","Istanbul Stock Exchange - FTSE (Daily)","mc.mars_SMOTEB",11,0.286020434924106,0.39127247846684,0.330468316594716
"DS16","Istanbul Stock Exchange - FTSE (Daily)","mc.mars_SMOTEB",12,0.279209540512561,0.34412596333765,0.308287435926437
"DS16","Istanbul Stock Exchange - FTSE (Daily)","mc.mars_SMOTEB",13,0.281663081741887,0.374268154348938,0.321428576507594
"DS16","Istanbul Stock Exchange - FTSE (Daily)","mc.mars_SMOTEB",14,0.242872336366658,0.330241252866722,0.279897270471917
"DS16","Istanbul Stock Exchange - FTSE (Daily)","mc.mars_SMOTEB",15,0.30927074503077,0.422776879995536,0.357224082663489
"DS16","Istanbul Stock Exchange - FTSE (Daily)","mc.mars_SMOTEB",16,0.326788149758435,0.43036786418445,0.371493101718755
"DS16","Istanbul Stock Exchange - FTSE (Daily)","mc.mars_SMOTEB",17,0.272687123540996,0.349305101498532,0.306277151164637
"DS16","Istanbul Stock Exchange - FTSE (Daily)","mc.mars_SMOTEB",18,0.268090984107807,0.372702451403136,0.311857648467912
"DS16","Istanbul Stock Exchange - FTSE (Daily)","mc.mars_SMOTEB",19,0.263505268058528,0.360009439072865,0.304289161623592
"DS16","Istanbul Stock Exchange - FTSE (Daily)","mc.mars_SMOTEB",20,0.28499102449223,0.273842230322635,0.279305417479994
"DS16","Istanbul Stock Exchange - FTSE (Daily)","mc.mars_SMOTEB",21,0.290144026738888,0.371499466146429,0.325820029058323
"DS16","Istanbul Stock Exchange - FTSE (Daily)","mc.mars_SMOTEB",22,0.300960923759256,0.299802119682302,0.300380404119669
"DS16","Istanbul Stock Exchange - FTSE (Daily)","mc.mars_SMOTEB",23,0.276993300101348,0.414041580716236,0.331927510478427
"DS16","Istanbul Stock Exchange - FTSE (Daily)","mc.mars_SMOTEB",24,0.229217679658491,0.317415954703213,0.266201507006106
"DS16","Istanbul Stock Exchange - FTSE (Daily)","mc.mars_SMOTEB",25,0.237707610191094,0.243711015608236,0.240671880948893
"DS16","Istanbul Stock Exchange - FTSE (Daily)","mc.mars_SMOTEB",26,0.385144656674805,0.396795427635192,0.390883244926736
"DS16","Istanbul Stock Exchange - FTSE (Daily)","mc.mars_SMOTEB",27,0.29347501918947,0.375657411667669,0.329519422505389
"DS16","Istanbul Stock Exchange - FTSE (Daily)","mc.mars_SMOTEB",28,0.296126824932444,0.317971882120534,0.306660811327922
"DS16","Istanbul Stock Exchange - FTSE (Daily)","mc.mars_SMOTEB",29,0.263617439877708,0.258806572894228,0.261189855373987
"DS16","Istanbul Stock Exchange - FTSE (Daily)","mc.mars_SMOTEB",30,0.259524410512209,0.292955016750205,0.275228268337236
"DS16","Istanbul Stock Exchange - FTSE (Daily)","mc.mars_SMOTEB",31,0.34818569555891,0.496130063220931,0.409196178926965
"DS16","Istanbul Stock Exchange - FTSE (Daily)","mc.mars_SMOTEB",32,0.301965806849895,0.473919212773243,0.368888157001019
"DS16","Istanbul Stock Exchange - FTSE (Daily)","mc.mars_SMOTEB",33,0.350924450732985,0.498424472708011,0.411866853514856
"DS16","Istanbul Stock Exchange - FTSE (Daily)","mc.mars_SMOTEB",34,0.357766565357132,0.486062667943044,0.412161523672756
"DS16","Istanbul Stock Exchange - FTSE (Daily)","mc.mars_SMOTEB",35,0.365710260021306,0.539342438302261,0.435870891755584
"DS16","Istanbul Stock Exchange - FTSE (Daily)","mc.mars_SMOTEB",36,0.363568862844,0.40393499398265,0.382690419387273
"DS16","Istanbul Stock Exchange - FTSE (Daily)","mc.mars_SMOTEB",37,0.3641066199217,0.496918978599818,0.420269710874111
"DS16","Istanbul Stock Exchange - FTSE (Daily)","mc.mars_SMOTEB",38,0.343366262996042,0.381771917753168,0.361552046756933
"DS16","Istanbul Stock Exchange - FTSE (Daily)","mc.mars_SMOTEB",39,0.400748515159964,0.540427343612381,0.460223142117145
"DS16","Istanbul Stock Exchange - FTSE (Daily)","mc.mars_SMOTEB",40,0.279347614119928,0.365070217909266,0.316507363050673
"DS16","Istanbul Stock Exchange - FTSE (Daily)","mc.mars_SMOTEB",41,0.35558273391268,0.44617084802216,0.395759129754041
"DS16","Istanbul Stock Exchange - FTSE (Daily)","mc.mars_SMOTEB",42,0.391194953226063,0.548611641849046,0.456719726584297
"DS16","Istanbul Stock Exchange - FTSE (Daily)","mc.mars_SMOTEB",43,0.340765886966395,0.55102166790885,0.42110788915176
"DS16","Istanbul Stock Exchange - FTSE (Daily)","mc.mars_SMOTEB",44,0.30694086407616,0.456997351767703,0.367231692623595
"DS16","Istanbul Stock Exchange - FTSE (Daily)","mc.mars_SMOTEB",45,0.347267476010518,0.607313821194377,0.441869830154877
"DS16","Istanbul Stock Exchange - FTSE (Daily)","mc.mars_SMOTEB",46,0.292025346543295,0.453428804691056,0.355253783491215
"DS16","Istanbul Stock Exchange - FTSE (Daily)","mc.mars_SMOTEB",47,0.403219987017222,0.478118089167236,0.437486533071023
"DS16","Istanbul Stock Exchange - FTSE (Daily)","mc.mars_SMOTEB",48,0.331911059313932,0.439530051897392,0.378213924576825
"DS16","Istanbul Stock Exchange - FTSE (Daily)","mc.mars_SMOTEB",49,0.338736782031562,0.61117519104757,0.435887794533005
"DS16","Istanbul Stock Exchange - FTSE (Daily)","mc.mars_SMOTEB",50,0.355127775486511,0.571075615304199,0.43792716570479
"DS16","Istanbul Stock Exchange - FTSE (Daily)","mc.mars_SMOTET",1,0.25976727625199,0.373498050917268,0.306419970301876
"DS16","Istanbul Stock Exchange - FTSE (Daily)","mc.mars_SMOTET",2,0.30655954808085,0.493113693897156,0.378076202173958
"DS16","Istanbul Stock Exchange - FTSE (Daily)","mc.mars_SMOTET",3,0.248994413646547,0.41155805313274,0.310272571143215
"DS16","Istanbul Stock Exchange - FTSE (Daily)","mc.mars_SMOTET",4,0.278124311117693,0.419951409797742,0.334630450690176
"DS16","Istanbul Stock Exchange - FTSE (Daily)","mc.mars_SMOTET",5,0.268810504022997,0.359799082506386,0.307719687348524
"DS16","Istanbul Stock Exchange - FTSE (Daily)","mc.mars_SMOTET",6,0.3263530517269,0.398728843508328,0.358928765827936
"DS16","Istanbul Stock Exchange - FTSE (Daily)","mc.mars_SMOTET",7,0.28088595414693,0.38185550874035,0.323679307618745
"DS16","Istanbul Stock Exchange - FTSE (Daily)","mc.mars_SMOTET",8,0.242895571239821,0.355672795300385,0.288659914616948
"DS16","Istanbul Stock Exchange - FTSE (Daily)","mc.mars_SMOTET",9,0.30155363786738,0.378991051517653,0.335866643548729
"DS16","Istanbul Stock Exchange - FTSE (Daily)","mc.mars_SMOTET",10,0.287765985547993,0.36941751535942,0.323519367845697
"DS16","Istanbul Stock Exchange - FTSE (Daily)","mc.mars_SMOTET",11,0.375689810580436,0.502405934670267,0.429904805829278
"DS16","Istanbul Stock Exchange - FTSE (Daily)","mc.mars_SMOTET",12,0.293932860813878,0.425601425550167,0.347720037666509
"DS16","Istanbul Stock Exchange - FTSE (Daily)","mc.mars_SMOTET",13,0.294532608117257,0.427640249869122,0.348819529111252
"DS16","Istanbul Stock Exchange - FTSE (Daily)","mc.mars_SMOTET",14,0.289112172068539,0.376212440092067,0.326960986340203
"DS16","Istanbul Stock Exchange - FTSE (Daily)","mc.mars_SMOTET",15,0.348890424344404,0.345056086462371,0.346962662262011
"DS16","Istanbul Stock Exchange - FTSE (Daily)","mc.mars_SMOTET",16,0.366684672090182,0.404576690978753,0.384699865364876
"DS16","Istanbul Stock Exchange - FTSE (Daily)","mc.mars_SMOTET",17,0.309636248974074,0.34799042833607,0.327694890206061
"DS16","Istanbul Stock Exchange - FTSE (Daily)","mc.mars_SMOTET",18,0.396901811387804,0.419593469565903,0.407932322456723
"DS16","Istanbul Stock Exchange - FTSE (Daily)","mc.mars_SMOTET",19,0.276247433672989,0.315371204598836,0.294515690645835
"DS16","Istanbul Stock Exchange - FTSE (Daily)","mc.mars_SMOTET",20,0.294790358234552,0.325863579006603,0.309549123680577
"DS16","Istanbul Stock Exchange - FTSE (Daily)","mc.mars_SMOTET",21,0.291361381757745,0.354324592601974,0.319773100209072
"DS16","Istanbul Stock Exchange - FTSE (Daily)","mc.mars_SMOTET",22,0.256405732884925,0.319178600689826,0.284369181915655
"DS16","Istanbul Stock Exchange - FTSE (Daily)","mc.mars_SMOTET",23,0.257734873040449,0.327524022851121,0.288468447177162
"DS16","Istanbul Stock Exchange - FTSE (Daily)","mc.mars_SMOTET",24,0.282809744684838,0.325227064670664,0.302538865111152
"DS16","Istanbul Stock Exchange - FTSE (Daily)","mc.mars_SMOTET",25,0.225104377417731,0.198906839877551,0.211196301080795
"DS16","Istanbul Stock Exchange - FTSE (Daily)","mc.mars_SMOTET",26,0.301556851000057,0.397425536316286,0.342916775624872
"DS16","Istanbul Stock Exchange - FTSE (Daily)","mc.mars_SMOTET",27,0.321924580604167,0.359093484323665,0.339494722069774
"DS16","Istanbul Stock Exchange - FTSE (Daily)","mc.mars_SMOTET",28,0.249318739470147,0.229529715323316,0.239015324044571
"DS16","Istanbul Stock Exchange - FTSE (Daily)","mc.mars_SMOTET",29,0.25634250805521,0.260753387770112,0.258529135290073
"DS16","Istanbul Stock Exchange - FTSE (Daily)","mc.mars_SMOTET",30,0.329620217904292,0.391911779833769,0.358077110018794
"DS16","Istanbul Stock Exchange - FTSE (Daily)","mc.mars_SMOTET",31,0.276854117227734,0.450405770352244,0.342921956991433
"DS16","Istanbul Stock Exchange - FTSE (Daily)","mc.mars_SMOTET",32,0.327120186732498,0.491852095831065,0.392918668576652
"DS16","Istanbul Stock Exchange - FTSE (Daily)","mc.mars_SMOTET",33,0.359599077833967,0.517773410132644,0.424428263626458
"DS16","Istanbul Stock Exchange - FTSE (Daily)","mc.mars_SMOTET",34,0.408405326176623,0.558373661524658,0.471757827309906
"DS16","Istanbul Stock Exchange - FTSE (Daily)","mc.mars_SMOTET",35,0.362926576988585,0.409202135683369,0.384677652735029
"DS16","Istanbul Stock Exchange - FTSE (Daily)","mc.mars_SMOTET",36,0.336818242599256,0.496408173622878,0.401329879601392
"DS16","Istanbul Stock Exchange - FTSE (Daily)","mc.mars_SMOTET",37,0.324238803801415,0.365949145975681,0.343833627873756
"DS16","Istanbul Stock Exchange - FTSE (Daily)","mc.mars_SMOTET",38,0.322445314561322,0.517596673486894,0.397353047997396
"DS16","Istanbul Stock Exchange - FTSE (Daily)","mc.mars_SMOTET",39,0.34859035328927,0.475613181202548,0.402313651728403
"DS16","Istanbul Stock Exchange - FTSE (Daily)","mc.mars_SMOTET",40,0.338736986050827,0.422131191230805,0.375863918889173
"DS16","Istanbul Stock Exchange - FTSE (Daily)","mc.mars_SMOTET",41,0.439064121990788,0.458421034037779,0.448533833590224
"DS16","Istanbul Stock Exchange - FTSE (Daily)","mc.mars_SMOTET",42,0.282161479383418,0.33442357624014,0.30607764541806
"DS16","Istanbul Stock Exchange - FTSE (Daily)","mc.mars_SMOTET",43,0.345007495658227,0.606475662758878,0.439815771272705
"DS16","Istanbul Stock Exchange - FTSE (Daily)","mc.mars_SMOTET",44,0.398989566788477,0.443342089450834,0.419998148944865
"DS16","Istanbul Stock Exchange - FTSE (Daily)","mc.mars_SMOTET",45,0.353833367149362,0.52240389659674,0.421903832198426
"DS16","Istanbul Stock Exchange - FTSE (Daily)","mc.mars_SMOTET",46,0.330242299553049,0.375569579187346,0.351450479111642
"DS16","Istanbul Stock Exchange - FTSE (Daily)","mc.mars_SMOTET",47,0.302829111959241,0.385509985395385,0.33920388069591
"DS16","Istanbul Stock Exchange - FTSE (Daily)","mc.mars_SMOTET",48,0.312073671034326,0.399114905635311,0.350267869457043
"DS16","Istanbul Stock Exchange - FTSE (Daily)","mc.mars_SMOTET",49,0.36171021245078,0.5299747512988,0.429966384270385
"DS16","Istanbul Stock Exchange - FTSE (Daily)","mc.mars_SMOTET",50,0.310636240309233,0.346512949497605,0.327595260011014
"DS16","Istanbul Stock Exchange - FTSE (Daily)","mc.mars_SMOTETPhi",1,0.317858622023469,0.361760353965041,0.338391515471735
"DS16","Istanbul Stock Exchange - FTSE (Daily)","mc.mars_SMOTETPhi",2,0.334787075975654,0.441453927373442,0.380791710011889
"DS16","Istanbul Stock Exchange - FTSE (Daily)","mc.mars_SMOTETPhi",3,0.294272661857821,0.390990653390729,0.335806274097968
"DS16","Istanbul Stock Exchange - FTSE (Daily)","mc.mars_SMOTETPhi",4,0.293638941165221,0.373909190822198,0.328947962323244
"DS16","Istanbul Stock Exchange - FTSE (Daily)","mc.mars_SMOTETPhi",5,0.29026017562152,0.404438430359545,0.337966331913017
"DS16","Istanbul Stock Exchange - FTSE (Daily)","mc.mars_SMOTETPhi",6,0.269481254390086,0.300826167142974,0.284292330116034
"DS16","Istanbul Stock Exchange - FTSE (Daily)","mc.mars_SMOTETPhi",7,0.318923847042993,0.373395622843867,0.344016812139752
"DS16","Istanbul Stock Exchange - FTSE (Daily)","mc.mars_SMOTETPhi",8,0.32550684561307,0.483922536171272,0.389212701725611
"DS16","Istanbul Stock Exchange - FTSE (Daily)","mc.mars_SMOTETPhi",9,0.255191296316691,0.408759902560086,0.314215772463578
"DS16","Istanbul Stock Exchange - FTSE (Daily)","mc.mars_SMOTETPhi",10,0.312135075609689,0.415101404108501,0.356328957005302
"DS16","Istanbul Stock Exchange - FTSE (Daily)","mc.mars_SMOTETPhi",11,0.284698156129756,0.383753707216944,0.326886583293003
"DS16","Istanbul Stock Exchange - FTSE (Daily)","mc.mars_SMOTETPhi",12,0.328280928200502,0.42400036620579,0.370051029609185
"DS16","Istanbul Stock Exchange - FTSE (Daily)","mc.mars_SMOTETPhi",13,0.331813906218746,0.40625758340091,0.365281460062114
"DS16","Istanbul Stock Exchange - FTSE (Daily)","mc.mars_SMOTETPhi",14,0.312117922074626,0.402859527170941,0.351730473852676
"DS16","Istanbul Stock Exchange - FTSE (Daily)","mc.mars_SMOTETPhi",15,0.295101332198304,0.362307914211799,0.325269377434931
"DS16","Istanbul Stock Exchange - FTSE (Daily)","mc.mars_SMOTETPhi",16,0.234265275693791,0.27435517633432,0.252730265822759
"DS16","Istanbul Stock Exchange - FTSE (Daily)","mc.mars_SMOTETPhi",17,0.321786145483599,0.404050265416987,0.358256421247419
"DS16","Istanbul Stock Exchange - FTSE (Daily)","mc.mars_SMOTETPhi",18,0.317503725682868,0.362993445503747,0.338728142381344
"DS16","Istanbul Stock Exchange - FTSE (Daily)","mc.mars_SMOTETPhi",19,0.275485157414842,0.317110408332111,0.294835857055873
"DS16","Istanbul Stock Exchange - FTSE (Daily)","mc.mars_SMOTETPhi",20,0.259254215014882,0.312703737835132,0.283481545035622
"DS16","Istanbul Stock Exchange - FTSE (Daily)","mc.mars_SMOTETPhi",21,0.27221387354108,0.336719932836873,0.301050249652673
"DS16","Istanbul Stock Exchange - FTSE (Daily)","mc.mars_SMOTETPhi",22,0.248448609572645,0.371943104170459,0.297904517498276
"DS16","Istanbul Stock Exchange - FTSE (Daily)","mc.mars_SMOTETPhi",23,0.325952352254149,0.455918136915637,0.380133516282926
"DS16","Istanbul Stock Exchange - FTSE (Daily)","mc.mars_SMOTETPhi",24,0.255129586948375,0.298251231890645,0.275010303966607
"DS16","Istanbul Stock Exchange - FTSE (Daily)","mc.mars_SMOTETPhi",25,0.344480593129237,0.308526399119772,0.325513687376502
"DS16","Istanbul Stock Exchange - FTSE (Daily)","mc.mars_SMOTETPhi",26,0.283931795814515,0.328314186390705,0.304514326733623
"DS16","Istanbul Stock Exchange - FTSE (Daily)","mc.mars_SMOTETPhi",27,0.277243251548562,0.249263080915323,0.262509689942682
"DS16","Istanbul Stock Exchange - FTSE (Daily)","mc.mars_SMOTETPhi",28,0.251420712006378,0.25697949449658,0.254169713744966
"DS16","Istanbul Stock Exchange - FTSE (Daily)","mc.mars_SMOTETPhi",29,0.348242066618792,0.441838024168854,0.389496174986344
"DS16","Istanbul Stock Exchange - FTSE (Daily)","mc.mars_SMOTETPhi",30,0.271922305230643,0.30068592466972,0.285581678771278
"DS16","Istanbul Stock Exchange - FTSE (Daily)","mc.mars_SMOTETPhi",31,0.302118704538834,0.519869186964345,0.38215211420719
"DS16","Istanbul Stock Exchange - FTSE (Daily)","mc.mars_SMOTETPhi",32,0.302771539008698,0.459656056070875,0.365072755523027
"DS16","Istanbul Stock Exchange - FTSE (Daily)","mc.mars_SMOTETPhi",33,0.314392435381991,0.469484873293336,0.376595906160699
"DS16","Istanbul Stock Exchange - FTSE (Daily)","mc.mars_SMOTETPhi",34,0.351633700573524,0.515721669595113,0.418156445172934
"DS16","Istanbul Stock Exchange - FTSE (Daily)","mc.mars_SMOTETPhi",35,0.325766268141454,0.476214794794884,0.386878752388676
"DS16","Istanbul Stock Exchange - FTSE (Daily)","mc.mars_SMOTETPhi",36,0.363007079477894,0.434424846543366,0.395517885979737
"DS16","Istanbul Stock Exchange - FTSE (Daily)","mc.mars_SMOTETPhi",37,0.334043738716695,0.424046948610171,0.373702593827201
"DS16","Istanbul Stock Exchange - FTSE (Daily)","mc.mars_SMOTETPhi",38,0.302405011186304,0.526110254638321,0.38405659859696
"DS16","Istanbul Stock Exchange - FTSE (Daily)","mc.mars_SMOTETPhi",39,0.317363930819131,0.362297112780926,0.338345229344161
"DS16","Istanbul Stock Exchange - FTSE (Daily)","mc.mars_SMOTETPhi",40,0.33384342120959,0.451067639670226,0.383701979828515
"DS16","Istanbul Stock Exchange - FTSE (Daily)","mc.mars_SMOTETPhi",41,0.350109115538236,0.45059532522497,0.394046848621967
"DS16","Istanbul Stock Exchange - FTSE (Daily)","mc.mars_SMOTETPhi",42,0.378019445370846,0.515855835070368,0.436310391240179
"DS16","Istanbul Stock Exchange - FTSE (Daily)","mc.mars_SMOTETPhi",43,0.25937869518789,0.410435118166684,0.317873783092637
"DS16","Istanbul Stock Exchange - FTSE (Daily)","mc.mars_SMOTETPhi",44,0.362291671110818,0.504379763383672,0.421688266343596
"DS16","Istanbul Stock Exchange - FTSE (Daily)","mc.mars_SMOTETPhi",45,0.351607610017139,0.547725294245111,0.428282743226081
"DS16","Istanbul Stock Exchange - FTSE (Daily)","mc.mars_SMOTETPhi",46,0.318254157505576,0.434911619179891,0.367548381076495
"DS16","Istanbul Stock Exchange - FTSE (Daily)","mc.mars_SMOTETPhi",47,0.347338431554554,0.369046176670234,0.357863412206707
"DS16","Istanbul Stock Exchange - FTSE (Daily)","mc.mars_SMOTETPhi",48,0.318608159332573,0.419024496676722,0.3619813263792
"DS16","Istanbul Stock Exchange - FTSE (Daily)","mc.mars_SMOTETPhi",49,0.287702938085042,0.294531378597169,0.291077116386782
"DS16","Istanbul Stock Exchange - FTSE (Daily)","mc.mars_SMOTETPhi",50,0.278918751487308,0.418528486268932,0.33475060630408
"DS16","Istanbul Stock Exchange - FTSE (Daily)","mc.rf",1,1e-05,0.372414523194628,1.99994629784358e-05
"DS16","Istanbul Stock Exchange - FTSE (Daily)","mc.rf",2,1e-05,0.367831794592493,1.99994562879941e-05
"DS16","Istanbul Stock Exchange - FTSE (Daily)","mc.rf",3,1e-05,0.366980224029157,1.99994550263552e-05
"DS16","Istanbul Stock Exchange - FTSE (Daily)","mc.rf",4,1e-05,0.364498385718972,1.99994513157781e-05
"DS16","Istanbul Stock Exchange - FTSE (Daily)","mc.rf",5,1e-05,0.360613943096883,1.99994454056536e-05
"DS16","Istanbul Stock Exchange - FTSE (Daily)","mc.rf",6,1e-05,0.360830106649585,1.99994457378869e-05
"DS16","Istanbul Stock Exchange - FTSE (Daily)","mc.rf",7,1e-05,0.360512809836052,1.99994452500798e-05
"DS16","Istanbul Stock Exchange - FTSE (Daily)","mc.rf",8,1e-05,0.361895446790894,1.99994473694669e-05
"DS16","Istanbul Stock Exchange - FTSE (Daily)","mc.rf",9,1e-05,0.367613589141475,1.99994559652702e-05
"DS16","Istanbul Stock Exchange - FTSE (Daily)","mc.rf",10,1e-05,0.368496846807758,1.99994572692428e-05
"DS16","Istanbul Stock Exchange - FTSE (Daily)","mc.rf",11,1e-05,0.360733013588053,1.99994455887087e-05
"DS16","Istanbul Stock Exchange - FTSE (Daily)","mc.rf",12,1e-05,0.356202839030355,1.99994385379243e-05
"DS16","Istanbul Stock Exchange - FTSE (Daily)","mc.rf",13,1e-05,0.356424542159675,1.9999438887155e-05
"DS16","Istanbul Stock Exchange - FTSE (Daily)","mc.rf",14,1e-05,0.356743086076163,1.99994393881712e-05
"DS16","Istanbul Stock Exchange - FTSE (Daily)","mc.rf",15,1e-05,0.356558039218798,1.99994390972325e-05
"DS16","Istanbul Stock Exchange - FTSE (Daily)","mc.rf",16,0.316784918198447,0.359277977659068,0.336696024765182
"DS16","Istanbul Stock Exchange - FTSE (Daily)","mc.rf",17,0.308013065702175,0.358995819996694,0.331556012107967
"DS16","Istanbul Stock Exchange - FTSE (Daily)","mc.rf",18,0.310246493499686,0.337707844856225,0.323395240966594
"DS16","Istanbul Stock Exchange - FTSE (Daily)","mc.rf",19,0.190048482091702,0.325039831366086,0.239855282896182
"DS16","Istanbul Stock Exchange - FTSE (Daily)","mc.rf",20,1e-05,0.352218123325388,1.99994321861693e-05
"DS16","Istanbul Stock Exchange - FTSE (Daily)","mc.rf",21,1e-05,0.343215798192454,1.99994172932191e-05
"DS16","Istanbul Stock Exchange - FTSE (Daily)","mc.rf",22,0.268263360224988,0.340272771407502,0.300007550269746
"DS16","Istanbul Stock Exchange - FTSE (Daily)","mc.rf",23,1e-05,0.338318625829815,1.999940885877e-05
"DS16","Istanbul Stock Exchange - FTSE (Daily)","mc.rf",24,0.301009461838011,0.341490661692714,0.319974787659055
"DS16","Istanbul Stock Exchange - FTSE (Daily)","mc.rf",25,1e-05,0.355330480591482,1.99994371595387e-05
"DS16","Istanbul Stock Exchange - FTSE (Daily)","mc.rf",26,1e-05,0.355885108896215,1.99994380366715e-05
"DS16","Istanbul Stock Exchange - FTSE (Daily)","mc.rf",27,1e-05,0.359695160545859,1.99994439890723e-05
"DS16","Istanbul Stock Exchange - FTSE (Daily)","mc.rf",28,1e-05,0.365340555680254,1.99994525805507e-05
"DS16","Istanbul Stock Exchange - FTSE (Daily)","mc.rf",29,1e-05,0.370906978633302,1.99994607957804e-05
"DS16","Istanbul Stock Exchange - FTSE (Daily)","mc.rf",30,1e-05,0.360387828344936,1.99994450576994e-05
"DS16","Istanbul Stock Exchange - FTSE (Daily)","mc.rf",31,1e-05,0.385339788545613,1.99994809910218e-05
"DS16","Istanbul Stock Exchange - FTSE (Daily)","mc.rf",32,1e-05,0.388339454082902,1.99994849999198e-05
"DS16","Istanbul Stock Exchange - FTSE (Daily)","mc.rf",33,1e-05,0.387714923603272,1.999948417038e-05
"DS16","Istanbul Stock Exchange - FTSE (Daily)","mc.rf",34,1e-05,0.382073449364757,1.99994765541393e-05
"DS16","Istanbul Stock Exchange - FTSE (Daily)","mc.rf",35,1e-05,0.387799264117048,1.99994842825623e-05
"DS16","Istanbul Stock Exchange - FTSE (Daily)","mc.rf",36,1e-05,0.391077761021783,1.99994886058324e-05
"DS16","Istanbul Stock Exchange - FTSE (Daily)","mc.rf",37,1e-05,0.382133737768511,1.99994766367201e-05
"DS16","Istanbul Stock Exchange - FTSE (Daily)","mc.rf",38,1e-05,0.381601420766487,1.99994759066707e-05
"DS16","Istanbul Stock Exchange - FTSE (Daily)","mc.rf",39,1e-05,0.385309353242334,1.99994809500267e-05
"DS16","Istanbul Stock Exchange - FTSE (Daily)","mc.rf",40,1e-05,0.384811329924091,1.9999480278289e-05
"DS16","Istanbul Stock Exchange - FTSE (Daily)","mc.rf",41,1e-05,0.38332149779955,1.99994782583713e-05
"DS16","Istanbul Stock Exchange - FTSE (Daily)","mc.rf",42,1e-05,0.392065342171403,1.99994898939605e-05
"DS16","Istanbul Stock Exchange - FTSE (Daily)","mc.rf",43,1e-05,0.407834006852265,1.99995096164302e-05
"DS16","Istanbul Stock Exchange - FTSE (Daily)","mc.rf",44,1e-05,0.400871812670032,1.99995010998412e-05
"DS16","Istanbul Stock Exchange - FTSE (Daily)","mc.rf",45,1e-05,0.404343398537328,1.99995053831606e-05
"DS16","Istanbul Stock Exchange - FTSE (Daily)","mc.rf",46,1e-05,0.401229941220516,1.99995015451368e-05
"DS16","Istanbul Stock Exchange - FTSE (Daily)","mc.rf",47,1e-05,0.402525824216193,1.99995031498118e-05
"DS16","Istanbul Stock Exchange - FTSE (Daily)","mc.rf",48,1e-05,0.390639169147386,1.9999488031677e-05
"DS16","Istanbul Stock Exchange - FTSE (Daily)","mc.rf",49,1e-05,0.405548617944271,1.99995068530389e-05
"DS16","Istanbul Stock Exchange - FTSE (Daily)","mc.rf",50,1e-05,0.400482603764586,1.99995006149973e-05
"DS16","Istanbul Stock Exchange - FTSE (Daily)","mc.rf_UNDERB",1,0.976384233891918,0.405914285387347,0.57343374536834
"DS16","Istanbul Stock Exchange - FTSE (Daily)","mc.rf_UNDERB",2,0.237082559231106,0.426157045830969,0.304669390334486
"DS16","Istanbul Stock Exchange - FTSE (Daily)","mc.rf_UNDERB",3,0.491949688102689,0.440986495975259,0.465076117434417
"DS16","Istanbul Stock Exchange - FTSE (Daily)","mc.rf_UNDERB",4,0.0779236847970417,0.395377209401159,0.130188847808972
"DS16","Istanbul Stock Exchange - FTSE (Daily)","mc.rf_UNDERB",5,1e-05,0.405686061085369,1.99995070201089e-05
"DS16","Istanbul Stock Exchange - FTSE (Daily)","mc.rf_UNDERB",6,0.360089355845953,0.371108981284641,0.365516132172404
"DS16","Istanbul Stock Exchange - FTSE (Daily)","mc.rf_UNDERB",7,0.176214714995432,0.401271068598067,0.244888684701179
"DS16","Istanbul Stock Exchange - FTSE (Daily)","mc.rf_UNDERB",8,1e-05,0.394784337749356,1.99994934071214e-05
"DS16","Istanbul Stock Exchange - FTSE (Daily)","mc.rf_UNDERB",9,0.392953594967989,0.442971865935479,0.416466288754723
"DS16","Istanbul Stock Exchange - FTSE (Daily)","mc.rf_UNDERB",10,0.37846940652365,0.411055134022451,0.394089821487677
"DS16","Istanbul Stock Exchange - FTSE (Daily)","mc.rf_UNDERB",11,0.188421076238106,0.378592801451267,0.251615933621034
"DS16","Istanbul Stock Exchange - FTSE (Daily)","mc.rf_UNDERB",12,0.25534439778003,0.383248523140983,0.306487466852531
"DS16","Istanbul Stock Exchange - FTSE (Daily)","mc.rf_UNDERB",13,0.13118707237667,0.417337320840468,0.199623797926198
"DS16","Istanbul Stock Exchange - FTSE (Daily)","mc.rf_UNDERB",14,0.161138965702683,0.396980967715108,0.229230667858542
"DS16","Istanbul Stock Exchange - FTSE (Daily)","mc.rf_UNDERB",15,0.219843073626177,0.398156974010841,0.283275230437047
"DS16","Istanbul Stock Exchange - FTSE (Daily)","mc.rf_UNDERB",16,0.262700938342214,0.383563739695697,0.311830609830102
"DS16","Istanbul Stock Exchange - FTSE (Daily)","mc.rf_UNDERB",17,0.0738820759300193,0.375311132164589,0.123460306452922
"DS16","Istanbul Stock Exchange - FTSE (Daily)","mc.rf_UNDERB",18,1e-05,0.364860203613848,1.99994518598723e-05
"DS16","Istanbul Stock Exchange - FTSE (Daily)","mc.rf_UNDERB",19,0.0744941011258573,0.346218384682944,0.122607377865763
"DS16","Istanbul Stock Exchange - FTSE (Daily)","mc.rf_UNDERB",20,1e-05,0.356513592090497,1.99994390273058e-05
"DS16","Istanbul Stock Exchange - FTSE (Daily)","mc.rf_UNDERB",21,1e-05,0.363264935771341,1.99994494527965e-05
"DS16","Istanbul Stock Exchange - FTSE (Daily)","mc.rf_UNDERB",22,0.156265599854165,0.344571545740191,0.215018713214128
"DS16","Istanbul Stock Exchange - FTSE (Daily)","mc.rf_UNDERB",23,1e-05,0.336406917531221,1.99994054995763e-05
"DS16","Istanbul Stock Exchange - FTSE (Daily)","mc.rf_UNDERB",24,0.284674422915301,0.319668109718876,0.301158133821872
"DS16","Istanbul Stock Exchange - FTSE (Daily)","mc.rf_UNDERB",25,1e-05,0.352205737733028,1.99994321662022e-05
"DS16","Istanbul Stock Exchange - FTSE (Daily)","mc.rf_UNDERB",26,1e-05,0.362065885527522,1.99994476296047e-05
"DS16","Istanbul Stock Exchange - FTSE (Daily)","mc.rf_UNDERB",27,1e-05,0.334425068135684,1.99994019765896e-05
"DS16","Istanbul Stock Exchange - FTSE (Daily)","mc.rf_UNDERB",28,1e-05,0.378178974142129,1.99994711638528e-05
"DS16","Istanbul Stock Exchange - FTSE (Daily)","mc.rf_UNDERB",29,1e-05,0.354339611221273,1.99994355856655e-05
"DS16","Istanbul Stock Exchange - FTSE (Daily)","mc.rf_UNDERB",30,1e-05,0.349424878400184,1.99994276472889e-05
"DS16","Istanbul Stock Exchange - FTSE (Daily)","mc.rf_UNDERB",31,0.420650981612147,0.404494478054676,0.412414556141643
"DS16","Istanbul Stock Exchange - FTSE (Daily)","mc.rf_UNDERB",32,1e-05,0.419516907407497,1.99995232725328e-05
"DS16","Istanbul Stock Exchange - FTSE (Daily)","mc.rf_UNDERB",33,1e-05,0.373397708891455,1.99994643924182e-05
"DS16","Istanbul Stock Exchange - FTSE (Daily)","mc.rf_UNDERB",34,1e-05,0.438712745214985,1.9999544131226e-05
"DS16","Istanbul Stock Exchange - FTSE (Daily)","mc.rf_UNDERB",35,1e-05,0.397246604844103,1.99994965470742e-05
"DS16","Istanbul Stock Exchange - FTSE (Daily)","mc.rf_UNDERB",36,1e-05,0.408735817827586,1.99995106983576e-05
"DS16","Istanbul Stock Exchange - FTSE (Daily)","mc.rf_UNDERB",37,0.332148420874191,0.415305738868465,0.369101284800242
"DS16","Istanbul Stock Exchange - FTSE (Daily)","mc.rf_UNDERB",38,1e-05,0.364237499833283,1.99994509227926e-05
"DS16","Istanbul Stock Exchange - FTSE (Daily)","mc.rf_UNDERB",39,1e-05,0.395914111471713,1.99994948526897e-05
"DS16","Istanbul Stock Exchange - FTSE (Daily)","mc.rf_UNDERB",40,0.408762737907798,0.408569217610686,0.408665954849269
"DS16","Istanbul Stock Exchange - FTSE (Daily)","mc.rf_UNDERB",41,1e-05,0.412265625522605,1.9999514887644e-05
"DS16","Istanbul Stock Exchange - FTSE (Daily)","mc.rf_UNDERB",42,0.251859896116434,0.364600310337853,0.297920921169859
"DS16","Istanbul Stock Exchange - FTSE (Daily)","mc.rf_UNDERB",43,0.23716355975257,0.425532188641469,0.304576357678714
"DS16","Istanbul Stock Exchange - FTSE (Daily)","mc.rf_UNDERB",44,1e-05,0.381897942221253,1.99994763135879e-05
"DS16","Istanbul Stock Exchange - FTSE (Daily)","mc.rf_UNDERB",45,0.350602230846267,0.380317581048295,0.364855871124815
"DS16","Istanbul Stock Exchange - FTSE (Daily)","mc.rf_UNDERB",46,0.45960260961572,0.391534820134338,0.422846931175396
"DS16","Istanbul Stock Exchange - FTSE (Daily)","mc.rf_UNDERB",47,1e-05,0.414256005755313,1.99995172184123e-05
"DS16","Istanbul Stock Exchange - FTSE (Daily)","mc.rf_UNDERB",48,1e-05,0.409748828593673,1.9999511908015e-05
"DS16","Istanbul Stock Exchange - FTSE (Daily)","mc.rf_UNDERB",49,0.375800254169029,0.395315100230717,0.385310743187576
"DS16","Istanbul Stock Exchange - FTSE (Daily)","mc.rf_UNDERB",50,1e-05,0.425945236863345,1.99995304670944e-05
"DS16","Istanbul Stock Exchange - FTSE (Daily)","mc.rf_UNDERT",1,1e-05,0.391167307711836,1.99994887228987e-05
"DS16","Istanbul Stock Exchange - FTSE (Daily)","mc.rf_UNDERT",2,1e-05,0.406226047666755,1.99995076753992e-05
"DS16","Istanbul Stock Exchange - FTSE (Daily)","mc.rf_UNDERT",3,1e-05,0.415527982425058,1.9999518696224e-05
"DS16","Istanbul Stock Exchange - FTSE (Daily)","mc.rf_UNDERT",4,0.0639382452261676,0.37173518604911,0.109109685276104
"DS16","Istanbul Stock Exchange - FTSE (Daily)","mc.rf_UNDERT",5,0.156050450658851,0.385067683898085,0.222095626699546
"DS16","Istanbul Stock Exchange - FTSE (Daily)","mc.rf_UNDERT",6,0.466052397405124,0.400050336411424,0.430536496624803
"DS16","Istanbul Stock Exchange - FTSE (Daily)","mc.rf_UNDERT",7,0.362882646730986,0.373106944578763,0.367923778165147
"DS16","Istanbul Stock Exchange - FTSE (Daily)","mc.rf_UNDERT",8,0.363786108776815,0.412040640512388,0.386412717548702
"DS16","Istanbul Stock Exchange - FTSE (Daily)","mc.rf_UNDERT",9,0.34386978006516,0.423265947568854,0.379459235325855
"DS16","Istanbul Stock Exchange - FTSE (Daily)","mc.rf_UNDERT",10,0.314665660157467,0.416776599022269,0.358593674411421
"DS16","Istanbul Stock Exchange - FTSE (Daily)","mc.rf_UNDERT",11,0.0758721881816302,0.401346540309206,0.127618797898755
"DS16","Istanbul Stock Exchange - FTSE (Daily)","mc.rf_UNDERT",12,0.199026570849737,0.401365424015797,0.266100763110293
"DS16","Istanbul Stock Exchange - FTSE (Daily)","mc.rf_UNDERT",13,0.0819631119455005,0.376857233822822,0.134642641409317
"DS16","Istanbul Stock Exchange - FTSE (Daily)","mc.rf_UNDERT",14,0.193109027458437,0.43550452314763,0.267572516811659
"DS16","Istanbul Stock Exchange - FTSE (Daily)","mc.rf_UNDERT",15,0.143646434746676,0.406592068979985,0.212291581594818
"DS16","Istanbul Stock Exchange - FTSE (Daily)","mc.rf_UNDERT",16,0.217335131041846,0.373038059303675,0.274654326545251
"DS16","Istanbul Stock Exchange - FTSE (Daily)","mc.rf_UNDERT",17,1e-05,0.385353247407073,1.99994810091483e-05
"DS16","Istanbul Stock Exchange - FTSE (Daily)","mc.rf_UNDERT",18,0.248332782495271,0.372774847365386,0.298087515399753
"DS16","Istanbul Stock Exchange - FTSE (Daily)","mc.rf_UNDERT",19,0.333234242709197,0.353938409448875,0.343274423008506
"DS16","Istanbul Stock Exchange - FTSE (Daily)","mc.rf_UNDERT",20,1e-05,0.368506383204154,1.99994572832875e-05
"DS16","Istanbul Stock Exchange - FTSE (Daily)","mc.rf_UNDERT",21,0.244186880784688,0.361460008802908,0.29146948030424
"DS16","Istanbul Stock Exchange - FTSE (Daily)","mc.rf_UNDERT",22,1e-05,0.330487666196621,1.99993948520052e-05
"DS16","Istanbul Stock Exchange - FTSE (Daily)","mc.rf_UNDERT",23,0.136803596789414,0.342331426217022,0.195486316598941
"DS16","Istanbul Stock Exchange - FTSE (Daily)","mc.rf_UNDERT",24,0.27640707045034,0.336098155342719,0.303344045372868
"DS16","Istanbul Stock Exchange - FTSE (Daily)","mc.rf_UNDERT",25,1e-05,0.372093037377416,1.99994625144653e-05
"DS16","Istanbul Stock Exchange - FTSE (Daily)","mc.rf_UNDERT",26,1e-05,0.352398825152846,1.99994324773226e-05
"DS16","Istanbul Stock Exchange - FTSE (Daily)","mc.rf_UNDERT",27,1e-05,0.344929370224726,1.99994201879598e-05
"DS16","Istanbul Stock Exchange - FTSE (Daily)","mc.rf_UNDERT",28,1e-05,0.372009545941244,1.99994623938388e-05
"DS16","Istanbul Stock Exchange - FTSE (Daily)","mc.rf_UNDERT",29,1e-05,0.345218737965418,1.99994206739532e-05
"DS16","Istanbul Stock Exchange - FTSE (Daily)","mc.rf_UNDERT",30,1e-05,0.372999966761057,1.99994638212975e-05
"DS16","Istanbul Stock Exchange - FTSE (Daily)","mc.rf_UNDERT",31,1e-05,0.432625715751242,1.99995377173157e-05
"DS16","Istanbul Stock Exchange - FTSE (Daily)","mc.rf_UNDERT",32,0.571282333163884,0.398641678977096,0.469597505808118
"DS16","Istanbul Stock Exchange - FTSE (Daily)","mc.rf_UNDERT",33,0.0911318078398939,0.392989516221505,0.147954007788547
"DS16","Istanbul Stock Exchange - FTSE (Daily)","mc.rf_UNDERT",34,1e-05,0.433645801038108,1.99995388047398e-05
"DS16","Istanbul Stock Exchange - FTSE (Daily)","mc.rf_UNDERT",35,0.464291627505918,0.397088895104989,0.428068767596458
"DS16","Istanbul Stock Exchange - FTSE (Daily)","mc.rf_UNDERT",36,1e-05,0.416219013114892,1.9999519495293e-05
"DS16","Istanbul Stock Exchange - FTSE (Daily)","mc.rf_UNDERT",37,1e-05,0.394305265081397,1.99994927916373e-05
"DS16","Istanbul Stock Exchange - FTSE (Daily)","mc.rf_UNDERT",38,1e-05,0.359460553677214,1.99994436261943e-05
"DS16","Istanbul Stock Exchange - FTSE (Daily)","mc.rf_UNDERT",39,0.392100279763637,0.370372778085995,0.380926954491797
"DS16","Istanbul Stock Exchange - FTSE (Daily)","mc.rf_UNDERT",40,1e-05,0.385371699979736,1.99994810339982e-05
"DS16","Istanbul Stock Exchange - FTSE (Daily)","mc.rf_UNDERT",41,0.423241785532377,0.386647115518482,0.404117689057475
"DS16","Istanbul Stock Exchange - FTSE (Daily)","mc.rf_UNDERT",42,0.431651128660907,0.374456486696905,0.40102478140061
"DS16","Istanbul Stock Exchange - FTSE (Daily)","mc.rf_UNDERT",43,1e-05,0.402026136924999,1.9999502532281e-05
"DS16","Istanbul Stock Exchange - FTSE (Daily)","mc.rf_UNDERT",44,0.273353899591445,0.399939303480292,0.324746983060145
"DS16","Istanbul Stock Exchange - FTSE (Daily)","mc.rf_UNDERT",45,0.270305615430537,0.411066813346908,0.326146651293689
"DS16","Istanbul Stock Exchange - FTSE (Daily)","mc.rf_UNDERT",46,0.4047593274458,0.375561109402318,0.389613945446538
"DS16","Istanbul Stock Exchange - FTSE (Daily)","mc.rf_UNDERT",47,0.408558731881675,0.424786503769233,0.416514615733902
"DS16","Istanbul Stock Exchange - FTSE (Daily)","mc.rf_UNDERT",48,0.244873627685809,0.384012366755658,0.299051027228508
"DS16","Istanbul Stock Exchange - FTSE (Daily)","mc.rf_UNDERT",49,1e-05,0.40879241516121,1.99995107660998e-05
"DS16","Istanbul Stock Exchange - FTSE (Daily)","mc.rf_UNDERT",50,0.428443102064086,0.411009668868755,0.419545360039202
"DS16","Istanbul Stock Exchange - FTSE (Daily)","mc.rf_UNDERTPhi",1,0.23658253623749,0.390681147629039,0.294703293506526
"DS16","Istanbul Stock Exchange - FTSE (Daily)","mc.rf_UNDERTPhi",2,1e-05,0.430662000695929,1.99995356094669e-05
"DS16","Istanbul Stock Exchange - FTSE (Daily)","mc.rf_UNDERTPhi",3,0.517261490587696,0.449456300238322,0.480980981257531
"DS16","Istanbul Stock Exchange - FTSE (Daily)","mc.rf_UNDERTPhi",4,1e-05,0.411312847871996,1.99995137639423e-05
"DS16","Istanbul Stock Exchange - FTSE (Daily)","mc.rf_UNDERTPhi",5,0.405264775540034,0.390504962775353,0.397747987807249
"DS16","Istanbul Stock Exchange - FTSE (Daily)","mc.rf_UNDERTPhi",6,0.194856209620503,0.349449489410716,0.25019911818519
"DS16","Istanbul Stock Exchange - FTSE (Daily)","mc.rf_UNDERTPhi",7,1e-05,0.394841167491513,1.99994934800338e-05
"DS16","Istanbul Stock Exchange - FTSE (Daily)","mc.rf_UNDERTPhi",8,0.472123666751547,0.436234274551044,0.453469972351201
"DS16","Istanbul Stock Exchange - FTSE (Daily)","mc.rf_UNDERTPhi",9,0.298833023851429,0.410477099290886,0.345868778128936
"DS16","Istanbul Stock Exchange - FTSE (Daily)","mc.rf_UNDERTPhi",10,0.143075669011681,0.438441038799166,0.215747008145368
"DS16","Istanbul Stock Exchange - FTSE (Daily)","mc.rf_UNDERTPhi",11,0.179093798399733,0.395198848647301,0.246486397802164
"DS16","Istanbul Stock Exchange - FTSE (Daily)","mc.rf_UNDERTPhi",12,0.212577855759646,0.408175071674423,0.279560442412265
"DS16","Istanbul Stock Exchange - FTSE (Daily)","mc.rf_UNDERTPhi",13,0.410988523999265,0.379510749173022,0.394622912222416
"DS16","Istanbul Stock Exchange - FTSE (Daily)","mc.rf_UNDERTPhi",14,0.133600530914738,0.405157634335911,0.20094089906277
"DS16","Istanbul Stock Exchange - FTSE (Daily)","mc.rf_UNDERTPhi",15,1e-05,0.406199309547097,1.99995076429927e-05
"DS16","Istanbul Stock Exchange - FTSE (Daily)","mc.rf_UNDERTPhi",16,0.340134138653268,0.390370525448495,0.363524968296577
"DS16","Istanbul Stock Exchange - FTSE (Daily)","mc.rf_UNDERTPhi",17,1e-05,0.38215884440372,1.99994766711025e-05
"DS16","Istanbul Stock Exchange - FTSE (Daily)","mc.rf_UNDERTPhi",18,1e-05,0.410910909845529,1.99995132883355e-05
"DS16","Istanbul Stock Exchange - FTSE (Daily)","mc.rf_UNDERTPhi",19,0.0841644374073295,0.365075042973326,0.136792677158611
"DS16","Istanbul Stock Exchange - FTSE (Daily)","mc.rf_UNDERTPhi",20,1e-05,0.373713602133849,1.99994648451453e-05
"DS16","Istanbul Stock Exchange - FTSE (Daily)","mc.rf_UNDERTPhi",21,1e-05,0.351800629485331,1.99994315123443e-05
"DS16","Istanbul Stock Exchange - FTSE (Daily)","mc.rf_UNDERTPhi",22,0.14859512177724,0.343451223113008,0.207440526092732
"DS16","Istanbul Stock Exchange - FTSE (Daily)","mc.rf_UNDERTPhi",23,0.322931817957256,0.336783071992628,0.329712035767665
"DS16","Istanbul Stock Exchange - FTSE (Daily)","mc.rf_UNDERTPhi",24,0.150559355306242,0.350277062111057,0.210597659499126
"DS16","Istanbul Stock Exchange - FTSE (Daily)","mc.rf_UNDERTPhi",25,1e-05,0.372226757190708,1.9999462707548e-05
"DS16","Istanbul Stock Exchange - FTSE (Daily)","mc.rf_UNDERTPhi",26,1e-05,0.366514521782273,1.99994543339173e-05
"DS16","Istanbul Stock Exchange - FTSE (Daily)","mc.rf_UNDERTPhi",27,1e-05,0.350646479787929,1.99994296412257e-05
"DS16","Istanbul Stock Exchange - FTSE (Daily)","mc.rf_UNDERTPhi",28,1e-05,0.382071807541236,1.99994765518901e-05
"DS16","Istanbul Stock Exchange - FTSE (Daily)","mc.rf_UNDERTPhi",29,1e-05,0.362902311979164,1.9999448902687e-05
"DS16","Istanbul Stock Exchange - FTSE (Daily)","mc.rf_UNDERTPhi",30,1e-05,0.379644216889076,1.99994732048504e-05
"DS16","Istanbul Stock Exchange - FTSE (Daily)","mc.rf_UNDERTPhi",31,1e-05,0.430271798158154,1.99995351883327e-05
"DS16","Istanbul Stock Exchange - FTSE (Daily)","mc.rf_UNDERTPhi",32,1e-05,0.404442621134508,1.99995055045028e-05
"DS16","Istanbul Stock Exchange - FTSE (Daily)","mc.rf_UNDERTPhi",33,1e-05,0.406908137070498,1.99995085006497e-05
"DS16","Istanbul Stock Exchange - FTSE (Daily)","mc.rf_UNDERTPhi",34,1e-05,0.427920357654394,1.99995326342326e-05
"DS16","Istanbul Stock Exchange - FTSE (Daily)","mc.rf_UNDERTPhi",35,0.29048844683304,0.408109351476747,0.33939715222506
"DS16","Istanbul Stock Exchange - FTSE (Daily)","mc.rf_UNDERTPhi",36,0.408510048026812,0.436840715580272,0.422200651810633
"DS16","Istanbul Stock Exchange - FTSE (Daily)","mc.rf_UNDERTPhi",37,1e-05,0.37525127079582,1.99994670379931e-05
"DS16","Istanbul Stock Exchange - FTSE (Daily)","mc.rf_UNDERTPhi",38,0.338439883622637,0.34404768541085,0.341220745678878
"DS16","Istanbul Stock Exchange - FTSE (Daily)","mc.rf_UNDERTPhi",39,0.454594138048455,0.361273713065384,0.402596846943556
"DS16","Istanbul Stock Exchange - FTSE (Daily)","mc.rf_UNDERTPhi",40,0.401513060573929,0.374639707196408,0.387611155162331
"DS16","Istanbul Stock Exchange - FTSE (Daily)","mc.rf_UNDERTPhi",41,0.410769554115873,0.413423352905066,0.41209218105923
"DS16","Istanbul Stock Exchange - FTSE (Daily)","mc.rf_UNDERTPhi",42,1e-05,0.389053038938461,1.99994859444872e-05
"DS16","Istanbul Stock Exchange - FTSE (Daily)","mc.rf_UNDERTPhi",43,1e-05,0.400256243586723,1.99995003325831e-05
"DS16","Istanbul Stock Exchange - FTSE (Daily)","mc.rf_UNDERTPhi",44,1e-05,0.401777843704496,1.99995022248604e-05
"DS16","Istanbul Stock Exchange - FTSE (Daily)","mc.rf_UNDERTPhi",45,0.262556942415837,0.395501659856256,0.315600179600147
"DS16","Istanbul Stock Exchange - FTSE (Daily)","mc.rf_UNDERTPhi",46,1e-05,0.406870646665984,1.99995084553624e-05
"DS16","Istanbul Stock Exchange - FTSE (Daily)","mc.rf_UNDERTPhi",47,1e-05,0.453867119434777,1.9999559352099e-05
"DS16","Istanbul Stock Exchange - FTSE (Daily)","mc.rf_UNDERTPhi",48,0.245518624943691,0.36982422456972,0.295115918415318
"DS16","Istanbul Stock Exchange - FTSE (Daily)","mc.rf_UNDERTPhi",49,0.37770301405296,0.375679810199039,0.376688695476706
"DS16","Istanbul Stock Exchange - FTSE (Daily)","mc.rf_UNDERTPhi",50,0.235469296707072,0.387267163589939,0.292867151554842
"DS16","Istanbul Stock Exchange - FTSE (Daily)","mc.rf_OVERB",1,0.434615560557171,0.368921065243974,0.399082830636368
"DS16","Istanbul Stock Exchange - FTSE (Daily)","mc.rf_OVERB",2,0.418266848591881,0.403201275613286,0.410595912196041
"DS16","Istanbul Stock Exchange - FTSE (Daily)","mc.rf_OVERB",3,1e-05,0.378961455773207,1.99994722557677e-05
"DS16","Istanbul Stock Exchange - FTSE (Daily)","mc.rf_OVERB",4,0.408979471224201,0.374670207556575,0.391073785950766
"DS16","Istanbul Stock Exchange - FTSE (Daily)","mc.rf_OVERB",5,0.409979303885418,0.383989278004965,0.396558907963627
"DS16","Istanbul Stock Exchange - FTSE (Daily)","mc.rf_OVERB",6,1e-05,0.351557003024906,1.99994311183977e-05
"DS16","Istanbul Stock Exchange - FTSE (Daily)","mc.rf_OVERB",7,1e-05,0.359916215894415,1.99994443305567e-05
"DS16","Istanbul Stock Exchange - FTSE (Daily)","mc.rf_OVERB",8,1e-05,0.373031975117838,1.99994638673036e-05
"DS16","Istanbul Stock Exchange - FTSE (Daily)","mc.rf_OVERB",9,1e-05,0.380287286165429,1.99994740956423e-05
"DS16","Istanbul Stock Exchange - FTSE (Daily)","mc.rf_OVERB",10,1e-05,0.38087667476564,1.9999474909433e-05
"DS16","Istanbul Stock Exchange - FTSE (Daily)","mc.rf_OVERB",11,0.408633126574158,0.361249690572528,0.383483271076755
"DS16","Istanbul Stock Exchange - FTSE (Daily)","mc.rf_OVERB",12,0.440939365485419,0.361401980749531,0.397228338847709
"DS16","Istanbul Stock Exchange - FTSE (Daily)","mc.rf_OVERB",13,1e-05,0.363080770876955,1.9999449173551e-05
"DS16","Istanbul Stock Exchange - FTSE (Daily)","mc.rf_OVERB",14,1e-05,0.370736801509543,1.99994605482793e-05
"DS16","Istanbul Stock Exchange - FTSE (Daily)","mc.rf_OVERB",15,0.407171469492762,0.374965928037186,0.390405645889787
"DS16","Istanbul Stock Exchange - FTSE (Daily)","mc.rf_OVERB",16,0.324418815834717,0.377862077136225,0.349106942365447
"DS16","Istanbul Stock Exchange - FTSE (Daily)","mc.rf_OVERB",17,0.320445164680947,0.357733399624035,0.338064174210163
"DS16","Istanbul Stock Exchange - FTSE (Daily)","mc.rf_OVERB",18,0.237683508298335,0.332518425485525,0.277214584029092
"DS16","Istanbul Stock Exchange - FTSE (Daily)","mc.rf_OVERB",19,0.245699160324699,0.333550559939132,0.28296290748505
"DS16","Istanbul Stock Exchange - FTSE (Daily)","mc.rf_OVERB",20,0.243595297047669,0.352562562624095,0.288120271424718
"DS16","Istanbul Stock Exchange - FTSE (Daily)","mc.rf_OVERB",21,0.238304395279438,0.352012757096708,0.284207182098368
"DS16","Istanbul Stock Exchange - FTSE (Daily)","mc.rf_OVERB",22,0.284522016195992,0.32657483767373,0.304101487891533
"DS16","Istanbul Stock Exchange - FTSE (Daily)","mc.rf_OVERB",23,0.32745231365439,0.322341265441667,0.324876688692408
"DS16","Istanbul Stock Exchange - FTSE (Daily)","mc.rf_OVERB",24,0.250722425909195,0.305749024747887,0.275515076698518
"DS16","Istanbul Stock Exchange - FTSE (Daily)","mc.rf_OVERB",25,1e-05,0.333781269894999,1.9999400823155e-05
"DS16","Istanbul Stock Exchange - FTSE (Daily)","mc.rf_OVERB",26,1e-05,0.344061688533693,1.99994187257869e-05
"DS16","Istanbul Stock Exchange - FTSE (Daily)","mc.rf_OVERB",27,1e-05,0.339219490130076,1.9999410428616e-05
"DS16","Istanbul Stock Exchange - FTSE (Daily)","mc.rf_OVERB",28,1e-05,0.364434553441434,1.99994512196763e-05
"DS16","Istanbul Stock Exchange - FTSE (Daily)","mc.rf_OVERB",29,1e-05,0.372052035413321,1.99994624552334e-05
"DS16","Istanbul Stock Exchange - FTSE (Daily)","mc.rf_OVERB",30,1e-05,0.34635274602757,1.99994225706942e-05
"DS16","Istanbul Stock Exchange - FTSE (Daily)","mc.rf_OVERB",31,0.0100186665027178,0.413346607867031,0.0195631624271231
"DS16","Istanbul Stock Exchange - FTSE (Daily)","mc.rf_OVERB",32,0.277946386927578,0.428269937341889,0.337109402949622
"DS16","Istanbul Stock Exchange - FTSE (Daily)","mc.rf_OVERB",33,1e-05,0.413491789689609,1.99995163261563e-05
"DS16","Istanbul Stock Exchange - FTSE (Daily)","mc.rf_OVERB",34,1e-05,0.415650422173742,1.99995188380001e-05
"DS16","Istanbul Stock Exchange - FTSE (Daily)","mc.rf_OVERB",35,1e-05,0.400768153769229,1.99995009708036e-05
"DS16","Istanbul Stock Exchange - FTSE (Daily)","mc.rf_OVERB",36,1e-05,0.406630866027521,1.99995081655173e-05
"DS16","Istanbul Stock Exchange - FTSE (Daily)","mc.rf_OVERB",37,0.269884633756379,0.402377111529999,0.323074755149016
"DS16","Istanbul Stock Exchange - FTSE (Daily)","mc.rf_OVERB",38,1e-05,0.382490196085218,1.99994771244511e-05
"DS16","Istanbul Stock Exchange - FTSE (Daily)","mc.rf_OVERB",39,1e-05,0.392607744534672,1.99994905986732e-05
"DS16","Istanbul Stock Exchange - FTSE (Daily)","mc.rf_OVERB",40,1e-05,0.389164173906355,1.9999486091284e-05
"DS16","Istanbul Stock Exchange - FTSE (Daily)","mc.rf_OVERB",41,1e-05,0.383183089816331,1.99994780699201e-05
"DS16","Istanbul Stock Exchange - FTSE (Daily)","mc.rf_OVERB",42,1e-05,0.368621251322059,1.99994574524019e-05
"DS16","Istanbul Stock Exchange - FTSE (Daily)","mc.rf_OVERB",43,1e-05,0.387903257107348,1.99994844208175e-05
"DS16","Istanbul Stock Exchange - FTSE (Daily)","mc.rf_OVERB",44,1e-05,0.375466282289674,1.99994673431867e-05
"DS16","Istanbul Stock Exchange - FTSE (Daily)","mc.rf_OVERB",45,1e-05,0.3760121778278,1.99994681164788e-05
"DS16","Istanbul Stock Exchange - FTSE (Daily)","mc.rf_OVERB",46,1e-05,0.38944092287132,1.99994864564743e-05
"DS16","Istanbul Stock Exchange - FTSE (Daily)","mc.rf_OVERB",47,1e-05,0.392186107407929,1.99994900510326e-05
"DS16","Istanbul Stock Exchange - FTSE (Daily)","mc.rf_OVERB",48,0.334544660221021,0.388548691693506,0.359530037713004
"DS16","Istanbul Stock Exchange - FTSE (Daily)","mc.rf_OVERB",49,1e-05,0.383578575587497,1.99994786080381e-05
"DS16","Istanbul Stock Exchange - FTSE (Daily)","mc.rf_OVERB",50,1e-05,0.391467144689584,1.99994891144918e-05
"DS16","Istanbul Stock Exchange - FTSE (Daily)","mc.rf_OVERT",1,1e-05,0.369455260242886,1.99994586771166e-05
"DS16","Istanbul Stock Exchange - FTSE (Daily)","mc.rf_OVERT",2,0.170990158066172,0.385215653988883,0.236847886654601
"DS16","Istanbul Stock Exchange - FTSE (Daily)","mc.rf_OVERT",3,0.179006858271754,0.384212828493057,0.244227014617712
"DS16","Istanbul Stock Exchange - FTSE (Daily)","mc.rf_OVERT",4,0.108087868883034,0.365222634392248,0.166808621174188
"DS16","Istanbul Stock Exchange - FTSE (Daily)","mc.rf_OVERT",5,1e-05,0.364903784705339,1.99994519253358e-05
"DS16","Istanbul Stock Exchange - FTSE (Daily)","mc.rf_OVERT",6,0.454834758960132,0.366960571595646,0.406199492559053
"DS16","Istanbul Stock Exchange - FTSE (Daily)","mc.rf_OVERT",7,1e-05,0.382376406208518,1.99994769688547e-05
"DS16","Istanbul Stock Exchange - FTSE (Daily)","mc.rf_OVERT",8,1e-05,0.385461318699975,1.99994811546533e-05
"DS16","Istanbul Stock Exchange - FTSE (Daily)","mc.rf_OVERT",9,1e-05,0.381406517770512,1.99994756388602e-05
"DS16","Istanbul Stock Exchange - FTSE (Daily)","mc.rf_OVERT",10,0.430480504071828,0.386686206654267,0.407409824637235
"DS16","Istanbul Stock Exchange - FTSE (Daily)","mc.rf_OVERT",11,1e-05,0.366330773896114,1.99994540602241e-05
"DS16","Istanbul Stock Exchange - FTSE (Daily)","mc.rf_OVERT",12,1e-05,0.347120778168633,1.99994238482653e-05
"DS16","Istanbul Stock Exchange - FTSE (Daily)","mc.rf_OVERT",13,1e-05,0.358029973998657,1.99994414031546e-05
"DS16","Istanbul Stock Exchange - FTSE (Daily)","mc.rf_OVERT",14,0.432746526046654,0.364089377803234,0.395460125864306
"DS16","Istanbul Stock Exchange - FTSE (Daily)","mc.rf_OVERT",15,0.411178693114124,0.345845282960891,0.375692754686153
"DS16","Istanbul Stock Exchange - FTSE (Daily)","mc.rf_OVERT",16,0.390704715270347,0.347145858471148,0.367639542796556
"DS16","Istanbul Stock Exchange - FTSE (Daily)","mc.rf_OVERT",17,0.208745044851891,0.343223659861699,0.259602537825897
"DS16","Istanbul Stock Exchange - FTSE (Daily)","mc.rf_OVERT",18,0.380857598012821,0.336929534690105,0.357549383195088
"DS16","Istanbul Stock Exchange - FTSE (Daily)","mc.rf_OVERT",19,0.20457635571147,0.312360749501307,0.247231716028503
"DS16","Istanbul Stock Exchange - FTSE (Daily)","mc.rf_OVERT",20,0.264541463281782,0.34367433666236,0.298960046488125
"DS16","Istanbul Stock Exchange - FTSE (Daily)","mc.rf_OVERT",21,1e-05,0.340801010271086,1.99994131644989e-05
"DS16","Istanbul Stock Exchange - FTSE (Daily)","mc.rf_OVERT",22,0.477636708653933,0.33486187780411,0.393704869974663
"DS16","Istanbul Stock Exchange - FTSE (Daily)","mc.rf_OVERT",23,0.489046292374987,0.338347778104534,0.399973198549609
"DS16","Istanbul Stock Exchange - FTSE (Daily)","mc.rf_OVERT",24,0.343393194065383,0.342013888272739,0.342702153319038
"DS16","Istanbul Stock Exchange - FTSE (Daily)","mc.rf_OVERT",25,1e-05,0.332322137176085,1.99993981924177e-05
"DS16","Istanbul Stock Exchange - FTSE (Daily)","mc.rf_OVERT",26,1e-05,0.339858724731827,1.99994115374983e-05
"DS16","Istanbul Stock Exchange - FTSE (Daily)","mc.rf_OVERT",27,1e-05,0.354113973017125,1.9999435226036e-05
"DS16","Istanbul Stock Exchange - FTSE (Daily)","mc.rf_OVERT",28,1e-05,0.389318652993474,1.99994862951944e-05
"DS16","Istanbul Stock Exchange - FTSE (Daily)","mc.rf_OVERT",29,1e-05,0.393293400082118,1.99994914867251e-05
"DS16","Istanbul Stock Exchange - FTSE (Daily)","mc.rf_OVERT",30,0.0225503473037271,0.340717776698965,0.0423010095818837
"DS16","Istanbul Stock Exchange - FTSE (Daily)","mc.rf_OVERT",31,0.299571649517909,0.396096645949175,0.341137655312682
"DS16","Istanbul Stock Exchange - FTSE (Daily)","mc.rf_OVERT",32,0.249466237444572,0.403916552388799,0.308436475933853
"DS16","Istanbul Stock Exchange - FTSE (Daily)","mc.rf_OVERT",33,1e-05,0.387531747806201,1.99994839265676e-05
"DS16","Istanbul Stock Exchange - FTSE (Daily)","mc.rf_OVERT",34,1e-05,0.386857414491045,1.99994830270203e-05
"DS16","Istanbul Stock Exchange - FTSE (Daily)","mc.rf_OVERT",35,1e-05,0.40035619991997,1.99995004573312e-05
"DS16","Istanbul Stock Exchange - FTSE (Daily)","mc.rf_OVERT",36,1e-05,0.388132280317018,1.99994847250348e-05
"DS16","Istanbul Stock Exchange - FTSE (Daily)","mc.rf_OVERT",37,1e-05,0.399329983246929,1.99994991736155e-05
"DS16","Istanbul Stock Exchange - FTSE (Daily)","mc.rf_OVERT",38,1e-05,0.380857411500104,1.99994748828753e-05
"DS16","Istanbul Stock Exchange - FTSE (Daily)","mc.rf_OVERT",39,1e-05,0.383978457264424,1.99994791510104e-05
"DS16","Istanbul Stock Exchange - FTSE (Daily)","mc.rf_OVERT",40,1e-05,0.377909252145781,1.9999470786421e-05
"DS16","Istanbul Stock Exchange - FTSE (Daily)","mc.rf_OVERT",41,1e-05,0.383683946144886,1.99994787512234e-05
"DS16","Istanbul Stock Exchange - FTSE (Daily)","mc.rf_OVERT",42,1e-05,0.37624328858848,1.99994684431842e-05
"DS16","Istanbul Stock Exchange - FTSE (Daily)","mc.rf_OVERT",43,1e-05,0.38519172657883,1.99994807915277e-05
"DS16","Istanbul Stock Exchange - FTSE (Daily)","mc.rf_OVERT",44,1e-05,0.400468778182148,1.99995005977572e-05
"DS16","Istanbul Stock Exchange - FTSE (Daily)","mc.rf_OVERT",45,1e-05,0.395038564434501,1.99994937331305e-05
"DS16","Istanbul Stock Exchange - FTSE (Daily)","mc.rf_OVERT",46,1e-05,0.396976177211922,1.99994962041213e-05
"DS16","Istanbul Stock Exchange - FTSE (Daily)","mc.rf_OVERT",47,1e-05,0.396834354832298,1.9999496024077e-05
"DS16","Istanbul Stock Exchange - FTSE (Daily)","mc.rf_OVERT",48,1e-05,0.36984793194236,1.99994592518296e-05
"DS16","Istanbul Stock Exchange - FTSE (Daily)","mc.rf_OVERT",49,1e-05,0.403280468436797,1.99995040795267e-05
"DS16","Istanbul Stock Exchange - FTSE (Daily)","mc.rf_OVERT",50,1e-05,0.405387265169115,1.99995066567607e-05
"DS16","Istanbul Stock Exchange - FTSE (Daily)","mc.rf_OVERTPhi",1,1e-05,0.368727806329311,1.99994576091831e-05
"DS16","Istanbul Stock Exchange - FTSE (Daily)","mc.rf_OVERTPhi",2,0.174765942143861,0.387702468987802,0.240927973636171
"DS16","Istanbul Stock Exchange - FTSE (Daily)","mc.rf_OVERTPhi",3,1e-05,0.382701085246294,1.99994774125765e-05
"DS16","Istanbul Stock Exchange - FTSE (Daily)","mc.rf_OVERTPhi",4,0.0995962992230113,0.357385342424712,0.155779813708529
"DS16","Istanbul Stock Exchange - FTSE (Daily)","mc.rf_OVERTPhi",5,1e-05,0.363643572801862,1.99994500260276e-05
"DS16","Istanbul Stock Exchange - FTSE (Daily)","mc.rf_OVERTPhi",6,0.43594114889121,0.363084824311942,0.39619141495734
"DS16","Istanbul Stock Exchange - FTSE (Daily)","mc.rf_OVERTPhi",7,1e-05,0.390890495080728,1.99994883608424e-05
"DS16","Istanbul Stock Exchange - FTSE (Daily)","mc.rf_OVERTPhi",8,1e-05,0.385981908056258,1.99994818544228e-05
"DS16","Istanbul Stock Exchange - FTSE (Daily)","mc.rf_OVERTPhi",9,1e-05,0.378232295378311,1.99994712384034e-05
"DS16","Istanbul Stock Exchange - FTSE (Daily)","mc.rf_OVERTPhi",10,0.423693870917066,0.384780951358462,0.403300947028522
"DS16","Istanbul Stock Exchange - FTSE (Daily)","mc.rf_OVERTPhi",11,1e-05,0.355136972942926,1.99994368528659e-05
"DS16","Istanbul Stock Exchange - FTSE (Daily)","mc.rf_OVERTPhi",12,0.447899367652806,0.342241609989449,0.388006204047694
"DS16","Istanbul Stock Exchange - FTSE (Daily)","mc.rf_OVERTPhi",13,0.469611818926363,0.358970589921275,0.406904201377989
"DS16","Istanbul Stock Exchange - FTSE (Daily)","mc.rf_OVERTPhi",14,0.450410195973391,0.36374410425159,0.402464381100366
"DS16","Istanbul Stock Exchange - FTSE (Daily)","mc.rf_OVERTPhi",15,0.418192054418792,0.349456481026283,0.380746961617305
"DS16","Istanbul Stock Exchange - FTSE (Daily)","mc.rf_OVERTPhi",16,0.389211936795711,0.347410611604805,0.367125218470964
"DS16","Istanbul Stock Exchange - FTSE (Daily)","mc.rf_OVERTPhi",17,0.25489741071527,0.348435791367084,0.294415691738684
"DS16","Istanbul Stock Exchange - FTSE (Daily)","mc.rf_OVERTPhi",18,0.469830365441304,0.340936884731823,0.395138064868228
"DS16","Istanbul Stock Exchange - FTSE (Daily)","mc.rf_OVERTPhi",19,0.211959294734844,0.320807405988402,0.255264120023669
"DS16","Istanbul Stock Exchange - FTSE (Daily)","mc.rf_OVERTPhi",20,0.264337309905279,0.348692106588542,0.300710964142613
"DS16","Istanbul Stock Exchange - FTSE (Daily)","mc.rf_OVERTPhi",21,0.0959442837347876,0.329053380083042,0.148569244258767
"DS16","Istanbul Stock Exchange - FTSE (Daily)","mc.rf_OVERTPhi",22,1e-05,0.336334859661327,1.99994053722117e-05
"DS16","Istanbul Stock Exchange - FTSE (Daily)","mc.rf_OVERTPhi",23,0.331632885001087,0.328990904178732,0.330306611656733
"DS16","Istanbul Stock Exchange - FTSE (Daily)","mc.rf_OVERTPhi",24,0.219738061225238,0.348414705402533,0.269504880956336
"DS16","Istanbul Stock Exchange - FTSE (Daily)","mc.rf_OVERTPhi",25,1e-05,0.331982957701725,1.9999397577583e-05
"DS16","Istanbul Stock Exchange - FTSE (Daily)","mc.rf_OVERTPhi",26,1e-05,0.332362974197242,1.99993982663588e-05
"DS16","Istanbul Stock Exchange - FTSE (Daily)","mc.rf_OVERTPhi",27,1e-05,0.350377055789671,1.99994292026583e-05
"DS16","Istanbul Stock Exchange - FTSE (Daily)","mc.rf_OVERTPhi",28,1e-05,0.39134745241466,1.99994889582432e-05
"DS16","Istanbul Stock Exchange - FTSE (Daily)","mc.rf_OVERTPhi",29,1e-05,0.393457792804598,1.99994916991844e-05
"DS16","Istanbul Stock Exchange - FTSE (Daily)","mc.rf_OVERTPhi",30,0.0245641887178992,0.337978884878949,0.0457996730069307
"DS16","Istanbul Stock Exchange - FTSE (Daily)","mc.rf_OVERTPhi",31,0.273334906233791,0.400085776404988,0.324781851815472
"DS16","Istanbul Stock Exchange - FTSE (Daily)","mc.rf_OVERTPhi",32,0.282008190069684,0.405072118816589,0.332519077021217
"DS16","Istanbul Stock Exchange - FTSE (Daily)","mc.rf_OVERTPhi",33,1e-05,0.385476801323063,1.99994811754921e-05
"DS16","Istanbul Stock Exchange - FTSE (Daily)","mc.rf_OVERTPhi",34,1e-05,0.38906744074418,1.99994859635151e-05
"DS16","Istanbul Stock Exchange - FTSE (Daily)","mc.rf_OVERTPhi",35,1e-05,0.403881419154321,1.99995048174076e-05
"DS16","Istanbul Stock Exchange - FTSE (Daily)","mc.rf_OVERTPhi",36,1e-05,0.391977795495722,1.99994897800332e-05
"DS16","Istanbul Stock Exchange - FTSE (Daily)","mc.rf_OVERTPhi",37,1e-05,0.399372796731135,1.99994992273036e-05
"DS16","Istanbul Stock Exchange - FTSE (Daily)","mc.rf_OVERTPhi",38,1e-05,0.385482635349403,1.9999481183344e-05
"DS16","Istanbul Stock Exchange - FTSE (Daily)","mc.rf_OVERTPhi",39,1e-05,0.387419499572166,1.99994837770479e-05
"DS16","Istanbul Stock Exchange - FTSE (Daily)","mc.rf_OVERTPhi",40,1e-05,0.375383439108644,1.99994672256381e-05
"DS16","Istanbul Stock Exchange - FTSE (Daily)","mc.rf_OVERTPhi",41,1e-05,0.381337881100488,1.99994755444834e-05
"DS16","Istanbul Stock Exchange - FTSE (Daily)","mc.rf_OVERTPhi",42,1e-05,0.376475219540575,1.99994687706459e-05
"DS16","Istanbul Stock Exchange - FTSE (Daily)","mc.rf_OVERTPhi",43,1e-05,0.394561825334722,1.99994931214366e-05
"DS16","Istanbul Stock Exchange - FTSE (Daily)","mc.rf_OVERTPhi",44,1e-05,0.393691073535278,1.99994920003692e-05
"DS16","Istanbul Stock Exchange - FTSE (Daily)","mc.rf_OVERTPhi",45,1e-05,0.39631751478437,1.99994953668556e-05
"DS16","Istanbul Stock Exchange - FTSE (Daily)","mc.rf_OVERTPhi",46,1e-05,0.400634571298181,1.99995008044179e-05
"DS16","Istanbul Stock Exchange - FTSE (Daily)","mc.rf_OVERTPhi",47,1e-05,0.397496426922708,1.99994968634808e-05
"DS16","Istanbul Stock Exchange - FTSE (Daily)","mc.rf_OVERTPhi",48,1e-05,0.374435029472012,1.99994658762054e-05
"DS16","Istanbul Stock Exchange - FTSE (Daily)","mc.rf_OVERTPhi",49,1e-05,0.415373913475828,1.99995185177049e-05
"DS16","Istanbul Stock Exchange - FTSE (Daily)","mc.rf_OVERTPhi",50,1e-05,0.401735377437693,1.99995021722433e-05
"DS16","Istanbul Stock Exchange - FTSE (Daily)","mc.rf_SMOTEB",1,0.393979291285773,0.402054260999965,0.397975819869294
"DS16","Istanbul Stock Exchange - FTSE (Daily)","mc.rf_SMOTEB",2,0.32552523808024,0.426621869461944,0.36927931845845
"DS16","Istanbul Stock Exchange - FTSE (Daily)","mc.rf_SMOTEB",3,0.451783862558459,0.463024676710827,0.457335208242349
"DS16","Istanbul Stock Exchange - FTSE (Daily)","mc.rf_SMOTEB",4,0.224895887463414,0.419862159662125,0.292901417610796
"DS16","Istanbul Stock Exchange - FTSE (Daily)","mc.rf_SMOTEB",5,0.443082750227897,0.410024318285509,0.425913016810051
"DS16","Istanbul Stock Exchange - FTSE (Daily)","mc.rf_SMOTEB",6,0.382399971529384,0.428857402353187,0.404298472296567
"DS16","Istanbul Stock Exchange - FTSE (Daily)","mc.rf_SMOTEB",7,0.516794368291196,0.403619604922912,0.453248961503014
"DS16","Istanbul Stock Exchange - FTSE (Daily)","mc.rf_SMOTEB",8,0.430756964087721,0.403525817914894,0.416696976147086
"DS16","Istanbul Stock Exchange - FTSE (Daily)","mc.rf_SMOTEB",9,0.394607699397583,0.433176564178499,0.412993614266059
"DS16","Istanbul Stock Exchange - FTSE (Daily)","mc.rf_SMOTEB",10,0.393645061561487,0.37855952665452,0.385954941083364
"DS16","Istanbul Stock Exchange - FTSE (Daily)","mc.rf_SMOTEB",11,0.238429287185896,0.373089182510303,0.29093279189717
"DS16","Istanbul Stock Exchange - FTSE (Daily)","mc.rf_SMOTEB",12,0.380657124082596,0.432555194037364,0.404950128030312
"DS16","Istanbul Stock Exchange - FTSE (Daily)","mc.rf_SMOTEB",13,0.337373082124478,0.417871151240925,0.373332154015524
"DS16","Istanbul Stock Exchange - FTSE (Daily)","mc.rf_SMOTEB",14,0.350639106034743,0.40007363007713,0.373728733376422
"DS16","Istanbul Stock Exchange - FTSE (Daily)","mc.rf_SMOTEB",15,0.319915572343911,0.368834022345115,0.342637580532356
"DS16","Istanbul Stock Exchange - FTSE (Daily)","mc.rf_SMOTEB",16,0.468537337754993,0.392337601251257,0.427065086605128
"DS16","Istanbul Stock Exchange - FTSE (Daily)","mc.rf_SMOTEB",17,0.0514643881895316,0.341196156280886,0.0894383287696914
"DS16","Istanbul Stock Exchange - FTSE (Daily)","mc.rf_SMOTEB",18,0.33315875371571,0.387366336225189,0.358223433465142
"DS16","Istanbul Stock Exchange - FTSE (Daily)","mc.rf_SMOTEB",19,0.272227569623136,0.340006006776002,0.302365020312299
"DS16","Istanbul Stock Exchange - FTSE (Daily)","mc.rf_SMOTEB",20,0.208168527743716,0.332546342908814,0.256052446001139
"DS16","Istanbul Stock Exchange - FTSE (Daily)","mc.rf_SMOTEB",21,0.225266354175927,0.38452948554792,0.284100184487163
"DS16","Istanbul Stock Exchange - FTSE (Daily)","mc.rf_SMOTEB",22,0.204878971449213,0.319247735711014,0.249585250422919
"DS16","Istanbul Stock Exchange - FTSE (Daily)","mc.rf_SMOTEB",23,0.350560673039764,0.360448583327252,0.355435873262966
"DS16","Istanbul Stock Exchange - FTSE (Daily)","mc.rf_SMOTEB",24,0.307227734947504,0.330845920063711,0.318599716003039
"DS16","Istanbul Stock Exchange - FTSE (Daily)","mc.rf_SMOTEB",25,0.479303513067456,0.357889328856799,0.409792353733329
"DS16","Istanbul Stock Exchange - FTSE (Daily)","mc.rf_SMOTEB",26,0.431324630885415,0.356399255024968,0.390298630957015
"DS16","Istanbul Stock Exchange - FTSE (Daily)","mc.rf_SMOTEB",27,0.375005261681383,0.344699957172009,0.359214562447636
"DS16","Istanbul Stock Exchange - FTSE (Daily)","mc.rf_SMOTEB",28,0.535189695747814,0.37944739454669,0.444058824630335
"DS16","Istanbul Stock Exchange - FTSE (Daily)","mc.rf_SMOTEB",29,0.430556351865393,0.366675184805264,0.396056409280112
"DS16","Istanbul Stock Exchange - FTSE (Daily)","mc.rf_SMOTEB",30,0.289763823113254,0.342272110393691,0.31383682475904
"DS16","Istanbul Stock Exchange - FTSE (Daily)","mc.rf_SMOTEB",31,0.987167124168862,0.432299389778196,0.601284695615176
"DS16","Istanbul Stock Exchange - FTSE (Daily)","mc.rf_SMOTEB",32,1e-05,0.41683954115444,1.9999520210579e-05
"DS16","Istanbul Stock Exchange - FTSE (Daily)","mc.rf_SMOTEB",33,0.672891533791461,0.493809647306942,0.5696065734065
"DS16","Istanbul Stock Exchange - FTSE (Daily)","mc.rf_SMOTEB",34,0.0207667681938273,0.411730302334271,0.0395392631747074
"DS16","Istanbul Stock Exchange - FTSE (Daily)","mc.rf_SMOTEB",35,0.42047258416458,0.472638345338689,0.445031988468354
"DS16","Istanbul Stock Exchange - FTSE (Daily)","mc.rf_SMOTEB",36,0.58700850993738,0.430434086575552,0.496673665232691
"DS16","Istanbul Stock Exchange - FTSE (Daily)","mc.rf_SMOTEB",37,0.836473846805666,0.499682631333223,0.625632490882301
"DS16","Istanbul Stock Exchange - FTSE (Daily)","mc.rf_SMOTEB",38,0.504216667513967,0.46052834335406,0.481383296033394
"DS16","Istanbul Stock Exchange - FTSE (Daily)","mc.rf_SMOTEB",39,0.669739449113589,0.474086728403976,0.555179782652713
"DS16","Istanbul Stock Exchange - FTSE (Daily)","mc.rf_SMOTEB",40,0.4656064858921,0.370688574925766,0.412761028536375
"DS16","Istanbul Stock Exchange - FTSE (Daily)","mc.rf_SMOTEB",41,0.669475476831683,0.504790724805112,0.575585009119833
"DS16","Istanbul Stock Exchange - FTSE (Daily)","mc.rf_SMOTEB",42,0.841935525611105,0.526202289213384,0.647637096418493
"DS16","Istanbul Stock Exchange - FTSE (Daily)","mc.rf_SMOTEB",43,1e-05,0.474166642307067,1.9999578216255e-05
"DS16","Istanbul Stock Exchange - FTSE (Daily)","mc.rf_SMOTEB",44,0.175843941090961,0.423017343562607,0.248421591938135
"DS16","Istanbul Stock Exchange - FTSE (Daily)","mc.rf_SMOTEB",45,0.221872450334034,0.467034405186904,0.30083041571929
"DS16","Istanbul Stock Exchange - FTSE (Daily)","mc.rf_SMOTEB",46,0.190614900201057,0.410646348192548,0.260370389369944
"DS16","Istanbul Stock Exchange - FTSE (Daily)","mc.rf_SMOTEB",47,0.229717850431816,0.417090329240939,0.296264323427705
"DS16","Istanbul Stock Exchange - FTSE (Daily)","mc.rf_SMOTEB",48,0.387559200823956,0.402188512564467,0.394738359776416
"DS16","Istanbul Stock Exchange - FTSE (Daily)","mc.rf_SMOTEB",49,0.321969149250034,0.386583733120155,0.351330264158235
"DS16","Istanbul Stock Exchange - FTSE (Daily)","mc.rf_SMOTEB",50,0.313104695409586,0.379286147513247,0.34303247913822
"DS16","Istanbul Stock Exchange - FTSE (Daily)","mc.rf_SMOTET",1,0.268108988804803,0.352043235410055,0.304396089140398
"DS16","Istanbul Stock Exchange - FTSE (Daily)","mc.rf_SMOTET",2,0.287456326321291,0.404358066072169,0.336030257449111
"DS16","Istanbul Stock Exchange - FTSE (Daily)","mc.rf_SMOTET",3,0.182934078901024,0.387375716880817,0.248511319568229
"DS16","Istanbul Stock Exchange - FTSE (Daily)","mc.rf_SMOTET",4,0.250705085550145,0.389786373666927,0.305145134256438
"DS16","Istanbul Stock Exchange - FTSE (Daily)","mc.rf_SMOTET",5,0.271781854622474,0.350751821975759,0.306258068510263
"DS16","Istanbul Stock Exchange - FTSE (Daily)","mc.rf_SMOTET",6,0.287717424803119,0.318564252487912,0.302356115295086
"DS16","Istanbul Stock Exchange - FTSE (Daily)","mc.rf_SMOTET",7,0.318427755317265,0.376999792184678,0.345247173516971
"DS16","Istanbul Stock Exchange - FTSE (Daily)","mc.rf_SMOTET",8,0.280540467294344,0.340873341677909,0.307778054435785
"DS16","Istanbul Stock Exchange - FTSE (Daily)","mc.rf_SMOTET",9,0.25848991462998,0.37735933488823,0.306813548444052
"DS16","Istanbul Stock Exchange - FTSE (Daily)","mc.rf_SMOTET",10,0.241309668114583,0.355365940882253,0.287436710871075
"DS16","Istanbul Stock Exchange - FTSE (Daily)","mc.rf_SMOTET",11,0.265846750732007,0.290200797004737,0.277490438569737
"DS16","Istanbul Stock Exchange - FTSE (Daily)","mc.rf_SMOTET",12,0.287127709401484,0.342335021912042,0.312310374545599
"DS16","Istanbul Stock Exchange - FTSE (Daily)","mc.rf_SMOTET",13,0.356049680357015,0.318902350853004,0.33645377696769
"DS16","Istanbul Stock Exchange - FTSE (Daily)","mc.rf_SMOTET",14,0.274646518998662,0.341936610663213,0.304619751397843
"DS16","Istanbul Stock Exchange - FTSE (Daily)","mc.rf_SMOTET",15,0.257644182898462,0.359475023402935,0.30015804963238
"DS16","Istanbul Stock Exchange - FTSE (Daily)","mc.rf_SMOTET",16,0.28480636379065,0.330578584317309,0.30599020933465
"DS16","Istanbul Stock Exchange - FTSE (Daily)","mc.rf_SMOTET",17,0.311133803343481,0.37798956610592,0.341318656543753
"DS16","Istanbul Stock Exchange - FTSE (Daily)","mc.rf_SMOTET",18,0.319821963454753,0.315634762423831,0.317714567623451
"DS16","Istanbul Stock Exchange - FTSE (Daily)","mc.rf_SMOTET",19,0.335621282065887,0.364262352466653,0.349355783479204
"DS16","Istanbul Stock Exchange - FTSE (Daily)","mc.rf_SMOTET",20,0.297358587770738,0.353280175935266,0.322916186564552
"DS16","Istanbul Stock Exchange - FTSE (Daily)","mc.rf_SMOTET",21,0.299727213848558,0.373817233022559,0.332697265229976
"DS16","Istanbul Stock Exchange - FTSE (Daily)","mc.rf_SMOTET",22,0.211998094545655,0.362333577585287,0.267490134238943
"DS16","Istanbul Stock Exchange - FTSE (Daily)","mc.rf_SMOTET",23,0.300408161905747,0.349282056183578,0.323006804053012
"DS16","Istanbul Stock Exchange - FTSE (Daily)","mc.rf_SMOTET",24,0.306147962521066,0.362775924635117,0.332065014603987
"DS16","Istanbul Stock Exchange - FTSE (Daily)","mc.rf_SMOTET",25,0.519401803028966,0.320222098683561,0.396186757158106
"DS16","Istanbul Stock Exchange - FTSE (Daily)","mc.rf_SMOTET",26,0.351068014012414,0.351854207880337,0.351460671281233
"DS16","Istanbul Stock Exchange - FTSE (Daily)","mc.rf_SMOTET",27,0.522330397025639,0.345050307793261,0.415573607441736
"DS16","Istanbul Stock Exchange - FTSE (Daily)","mc.rf_SMOTET",28,0.391778334293229,0.338605287214847,0.363256271092181
"DS16","Istanbul Stock Exchange - FTSE (Daily)","mc.rf_SMOTET",29,0.514301927601703,0.390017387376222,0.443619174783782
"DS16","Istanbul Stock Exchange - FTSE (Daily)","mc.rf_SMOTET",30,0.43773789299585,0.349497950044014,0.388672588046498
"DS16","Istanbul Stock Exchange - FTSE (Daily)","mc.rf_SMOTET",31,0.539427952424625,0.431555900508782,0.479499870291217
"DS16","Istanbul Stock Exchange - FTSE (Daily)","mc.rf_SMOTET",32,0.589495552239994,0.414242308731056,0.486569268813558
"DS16","Istanbul Stock Exchange - FTSE (Daily)","mc.rf_SMOTET",33,1e-05,0.424906471685327,1.99995293192584e-05
"DS16","Istanbul Stock Exchange - FTSE (Daily)","mc.rf_SMOTET",34,1e-05,0.415062920975583,1.99995181569553e-05
"DS16","Istanbul Stock Exchange - FTSE (Daily)","mc.rf_SMOTET",35,1e-05,0.375113427793124,1.99994668421507e-05
"DS16","Istanbul Stock Exchange - FTSE (Daily)","mc.rf_SMOTET",36,0.528167045074655,0.401205227928277,0.45601399107527
"DS16","Istanbul Stock Exchange - FTSE (Daily)","mc.rf_SMOTET",37,0.230781685656906,0.37915940951329,0.286922945028774
"DS16","Istanbul Stock Exchange - FTSE (Daily)","mc.rf_SMOTET",38,0.418788209527156,0.393166315506109,0.40557300252855
"DS16","Istanbul Stock Exchange - FTSE (Daily)","mc.rf_SMOTET",39,0.45593435182812,0.413145530820957,0.433486595573626
"DS16","Istanbul Stock Exchange - FTSE (Daily)","mc.rf_SMOTET",40,0.320468747828867,0.366181213364268,0.341803368695728
"DS16","Istanbul Stock Exchange - FTSE (Daily)","mc.rf_SMOTET",41,0.426079074759526,0.36048131615664,0.390544826385716
"DS16","Istanbul Stock Exchange - FTSE (Daily)","mc.rf_SMOTET",42,0.608145004394205,0.49189153547706,0.543875351702729
"DS16","Istanbul Stock Exchange - FTSE (Daily)","mc.rf_SMOTET",43,1e-05,0.397164585197194,1.99994964431073e-05
"DS16","Istanbul Stock Exchange - FTSE (Daily)","mc.rf_SMOTET",44,0.299527079968984,0.392572663793635,0.339795368287504
"DS16","Istanbul Stock Exchange - FTSE (Daily)","mc.rf_SMOTET",45,0.27441870728436,0.41550856512922,0.330537225784541
"DS16","Istanbul Stock Exchange - FTSE (Daily)","mc.rf_SMOTET",46,0.187115262566284,0.388080495738851,0.252490679246306
"DS16","Istanbul Stock Exchange - FTSE (Daily)","mc.rf_SMOTET",47,0.147658497306448,0.390765904634636,0.214328719385415
"DS16","Istanbul Stock Exchange - FTSE (Daily)","mc.rf_SMOTET",48,0.489739970628734,0.390372383049953,0.434446712649939
"DS16","Istanbul Stock Exchange - FTSE (Daily)","mc.rf_SMOTET",49,0.360839559219543,0.423025478587282,0.389465838811116
"DS16","Istanbul Stock Exchange - FTSE (Daily)","mc.rf_SMOTET",50,0.347863724726967,0.419277888032398,0.380246789903591
"DS16","Istanbul Stock Exchange - FTSE (Daily)","mc.rf_SMOTETPhi",1,0.280902823200837,0.340094211048814,0.307677553253716
"DS16","Istanbul Stock Exchange - FTSE (Daily)","mc.rf_SMOTETPhi",2,0.226514391412843,0.375803031211725,0.28265758787152
"DS16","Istanbul Stock Exchange - FTSE (Daily)","mc.rf_SMOTETPhi",3,0.351819159080765,0.3929771826067,0.37126095869207
"DS16","Istanbul Stock Exchange - FTSE (Daily)","mc.rf_SMOTETPhi",4,0.243369108620385,0.350231032320276,0.287181246324883
"DS16","Istanbul Stock Exchange - FTSE (Daily)","mc.rf_SMOTETPhi",5,0.305117422376681,0.328348170338708,0.316306831903523
"DS16","Istanbul Stock Exchange - FTSE (Daily)","mc.rf_SMOTETPhi",6,0.225383901052332,0.335250397485843,0.269551979291039
"DS16","Istanbul Stock Exchange - FTSE (Daily)","mc.rf_SMOTETPhi",7,0.281863805659377,0.331500674828795,0.304673794320562
"DS16","Istanbul Stock Exchange - FTSE (Daily)","mc.rf_SMOTETPhi",8,0.205604113574687,0.327143909093938,0.252510119525887
"DS16","Istanbul Stock Exchange - FTSE (Daily)","mc.rf_SMOTETPhi",9,0.269410284771798,0.369270495739436,0.311533625093121
"DS16","Istanbul Stock Exchange - FTSE (Daily)","mc.rf_SMOTETPhi",10,0.254583807081676,0.389884243652916,0.308031453094317
"DS16","Istanbul Stock Exchange - FTSE (Daily)","mc.rf_SMOTETPhi",11,0.300293477926971,0.304095015250761,0.302182290962488
"DS16","Istanbul Stock Exchange - FTSE (Daily)","mc.rf_SMOTETPhi",12,0.222233529383302,0.32405429965898,0.263654897277513
"DS16","Istanbul Stock Exchange - FTSE (Daily)","mc.rf_SMOTETPhi",13,0.274186957799456,0.344832344457781,0.305478459663421
"DS16","Istanbul Stock Exchange - FTSE (Daily)","mc.rf_SMOTETPhi",14,0.313960875039556,0.350678306740182,0.331305379098232
"DS16","Istanbul Stock Exchange - FTSE (Daily)","mc.rf_SMOTETPhi",15,0.239316059406127,0.341082466864042,0.281277460943886
"DS16","Istanbul Stock Exchange - FTSE (Daily)","mc.rf_SMOTETPhi",16,0.320500794793814,0.3123415556378,0.316368576662977
"DS16","Istanbul Stock Exchange - FTSE (Daily)","mc.rf_SMOTETPhi",17,0.334369581629044,0.337232296171849,0.335794837715485
"DS16","Istanbul Stock Exchange - FTSE (Daily)","mc.rf_SMOTETPhi",18,0.299932183607078,0.319651992452138,0.309478272025334
"DS16","Istanbul Stock Exchange - FTSE (Daily)","mc.rf_SMOTETPhi",19,0.351763127052608,0.360154311871547,0.355909267110712
"DS16","Istanbul Stock Exchange - FTSE (Daily)","mc.rf_SMOTETPhi",20,0.305265647943403,0.375941622867254,0.336937281825828
"DS16","Istanbul Stock Exchange - FTSE (Daily)","mc.rf_SMOTETPhi",21,0.332207667821122,0.392051639515225,0.359657265041719
"DS16","Istanbul Stock Exchange - FTSE (Daily)","mc.rf_SMOTETPhi",22,0.309381971151248,0.351158410470954,0.328949097558674
"DS16","Istanbul Stock Exchange - FTSE (Daily)","mc.rf_SMOTETPhi",23,0.301570372874132,0.392352114993376,0.341023026880484
"DS16","Istanbul Stock Exchange - FTSE (Daily)","mc.rf_SMOTETPhi",24,0.341344255351163,0.354236329993763,0.347670820110913
"DS16","Istanbul Stock Exchange - FTSE (Daily)","mc.rf_SMOTETPhi",25,0.443981793570025,0.337236804279807,0.38331653044121
"DS16","Istanbul Stock Exchange - FTSE (Daily)","mc.rf_SMOTETPhi",26,0.406818955027424,0.345543407722667,0.373685912550212
"DS16","Istanbul Stock Exchange - FTSE (Daily)","mc.rf_SMOTETPhi",27,0.454174509475079,0.337118033969845,0.386988147384493
"DS16","Istanbul Stock Exchange - FTSE (Daily)","mc.rf_SMOTETPhi",28,0.411884998513116,0.401977000395521,0.406870689213252
"DS16","Istanbul Stock Exchange - FTSE (Daily)","mc.rf_SMOTETPhi",29,0.434350226349117,0.35949258361203,0.393391948893147
"DS16","Istanbul Stock Exchange - FTSE (Daily)","mc.rf_SMOTETPhi",30,0.455511297497333,0.324439898967002,0.378962273558409
"DS16","Istanbul Stock Exchange - FTSE (Daily)","mc.rf_SMOTETPhi",31,0.540970913253301,0.405140586175494,0.463305377921431
"DS16","Istanbul Stock Exchange - FTSE (Daily)","mc.rf_SMOTETPhi",32,0.322863276591511,0.418319230488241,0.364444427996033
"DS16","Istanbul Stock Exchange - FTSE (Daily)","mc.rf_SMOTETPhi",33,0.512774117997338,0.409361732712478,0.4552693646428
"DS16","Istanbul Stock Exchange - FTSE (Daily)","mc.rf_SMOTETPhi",34,0.535904962047421,0.417977065955853,0.469651334424753
"DS16","Istanbul Stock Exchange - FTSE (Daily)","mc.rf_SMOTETPhi",35,0.33020943826144,0.387513634449201,0.356573905494908
"DS16","Istanbul Stock Exchange - FTSE (Daily)","mc.rf_SMOTETPhi",36,0.358798414752732,0.385066465029589,0.371468638948206
"DS16","Istanbul Stock Exchange - FTSE (Daily)","mc.rf_SMOTETPhi",37,0.223368493174,0.398239981999865,0.286206730614701
"DS16","Istanbul Stock Exchange - FTSE (Daily)","mc.rf_SMOTETPhi",38,0.356093564504264,0.337607489634404,0.346604214221707
"DS16","Istanbul Stock Exchange - FTSE (Daily)","mc.rf_SMOTETPhi",39,0.355448436909299,0.401112268792685,0.376902283962032
"DS16","Istanbul Stock Exchange - FTSE (Daily)","mc.rf_SMOTETPhi",40,0.329963882999992,0.401485973073816,0.362228167919959
"DS16","Istanbul Stock Exchange - FTSE (Daily)","mc.rf_SMOTETPhi",41,0.329098771413316,0.319598339483917,0.324278986611844
"DS16","Istanbul Stock Exchange - FTSE (Daily)","mc.rf_SMOTETPhi",42,0.949501393689151,0.479863657383773,0.637529525609508
"DS16","Istanbul Stock Exchange - FTSE (Daily)","mc.rf_SMOTETPhi",43,1e-05,0.417101529894408,1.99995205119359e-05
"DS16","Istanbul Stock Exchange - FTSE (Daily)","mc.rf_SMOTETPhi",44,0.251996485348116,0.41623666200157,0.313932873020256
"DS16","Istanbul Stock Exchange - FTSE (Daily)","mc.rf_SMOTETPhi",45,0.198945548294845,0.447893304615346,0.275513379146574
"DS16","Istanbul Stock Exchange - FTSE (Daily)","mc.rf_SMOTETPhi",46,0.197085677602458,0.356413741938318,0.253817949420871
"DS16","Istanbul Stock Exchange - FTSE (Daily)","mc.rf_SMOTETPhi",47,0.347562065512617,0.34653518635055,0.347047866325627
"DS16","Istanbul Stock Exchange - FTSE (Daily)","mc.rf_SMOTETPhi",48,0.417949430634067,0.402035486964622,0.409838033030237
"DS16","Istanbul Stock Exchange - FTSE (Daily)","mc.rf_SMOTETPhi",49,0.401848044804499,0.379149703565737,0.390169030279635
"DS16","Istanbul Stock Exchange - FTSE (Daily)","mc.rf_SMOTETPhi",50,0.301106168424194,0.256750243912271,0.277164806128546
"DS16","Istanbul Stock Exchange - FTSE (Daily)","mc.rpart",1,0.484406263578686,0.399308416000252,0.437760065052598
"DS16","Istanbul Stock Exchange - FTSE (Daily)","mc.rpart",2,0.504905665289985,0.421626710462338,0.459523531656753
"DS16","Istanbul Stock Exchange - FTSE (Daily)","mc.rpart",3,0.170199442385095,0.376738793667195,0.234471566916963
"DS16","Istanbul Stock Exchange - FTSE (Daily)","mc.rpart",4,0.202032341990192,0.425030017046198,0.273879650157701
"DS16","Istanbul Stock Exchange - FTSE (Daily)","mc.rpart",5,0.20202810337314,0.388213327995125,0.265755666040649
"DS16","Istanbul Stock Exchange - FTSE (Daily)","mc.rpart",6,0.167514751410731,0.350735064347784,0.226737358427244
"DS16","Istanbul Stock Exchange - FTSE (Daily)","mc.rpart",7,0.169907185779996,0.370610959180901,0.232996674323329
"DS16","Istanbul Stock Exchange - FTSE (Daily)","mc.rpart",8,0.16960301701533,0.403580155496937,0.238836083340641
"DS16","Istanbul Stock Exchange - FTSE (Daily)","mc.rpart",9,0.168354508197724,0.37169539550579,0.231743752125878
"DS16","Istanbul Stock Exchange - FTSE (Daily)","mc.rpart",10,0.16960301701533,0.389114480976942,0.236237419358419
"DS16","Istanbul Stock Exchange - FTSE (Daily)","mc.rpart",11,0.162536181079869,0.40548529048251,0.232054715881813
"DS16","Istanbul Stock Exchange - FTSE (Daily)","mc.rpart",12,0.162536181079869,0.40548529048251,0.232054715881813
"DS16","Istanbul Stock Exchange - FTSE (Daily)","mc.rpart",13,0.162536181079869,0.35364965803397,0.222713838704771
"DS16","Istanbul Stock Exchange - FTSE (Daily)","mc.rpart",14,0.239276120043654,0.382348259824728,0.294347554822977
"DS16","Istanbul Stock Exchange - FTSE (Daily)","mc.rpart",15,0.162536181079869,0.373746093040201,0.226549582515848
"DS16","Istanbul Stock Exchange - FTSE (Daily)","mc.rpart",16,0.492061978819284,0.414029941042759,0.449685926149634
"DS16","Istanbul Stock Exchange - FTSE (Daily)","mc.rpart",17,1e-05,0.345825903372687,1.99994216910447e-05
"DS16","Istanbul Stock Exchange - FTSE (Daily)","mc.rpart",18,0.13644779321607,0.355555953285941,0.19721323480005
"DS16","Istanbul Stock Exchange - FTSE (Daily)","mc.rpart",19,0.136593823868301,0.338139934116844,0.194584125635491
"DS16","Istanbul Stock Exchange - FTSE (Daily)","mc.rpart",20,0.499682798146869,0.343165558984162,0.406891525124448
"DS16","Istanbul Stock Exchange - FTSE (Daily)","mc.rpart",21,0.415626511118527,0.305738069683673,0.352312410674296
"DS16","Istanbul Stock Exchange - FTSE (Daily)","mc.rpart",22,0.455375251405066,0.371954388370168,0.409459095799588
"DS16","Istanbul Stock Exchange - FTSE (Daily)","mc.rpart",23,0.491345597499647,0.378637381878203,0.427690690610273
"DS16","Istanbul Stock Exchange - FTSE (Daily)","mc.rpart",24,0.490623108855888,0.350096317792602,0.408615141722475
"DS16","Istanbul Stock Exchange - FTSE (Daily)","mc.rpart",25,1e-05,0.434990112837289,1.99995402300043e-05
"DS16","Istanbul Stock Exchange - FTSE (Daily)","mc.rpart",26,0.475645895020071,0.371764213044002,0.417337768730926
"DS16","Istanbul Stock Exchange - FTSE (Daily)","mc.rpart",27,0.475637511442821,0.381891156334127,0.423640085903303
"DS16","Istanbul Stock Exchange - FTSE (Daily)","mc.rpart",28,1e-05,0.39233194801758,1.99994902405898e-05
"DS16","Istanbul Stock Exchange - FTSE (Daily)","mc.rpart",29,1e-05,0.358397204368517,1.99994419755028e-05
"DS16","Istanbul Stock Exchange - FTSE (Daily)","mc.rpart",30,1e-05,0.368739772196995,1.99994576267836e-05
"DS16","Istanbul Stock Exchange - FTSE (Daily)","mc.rpart",31,0.186830017861819,0.363668779327234,0.246846114412706
"DS16","Istanbul Stock Exchange - FTSE (Daily)","mc.rpart",32,0.342620287995116,0.37695442205903,0.358968237327793
"DS16","Istanbul Stock Exchange - FTSE (Daily)","mc.rpart",33,0.134746469826698,0.390961116474508,0.200417995315978
"DS16","Istanbul Stock Exchange - FTSE (Daily)","mc.rpart",34,0.134746469826698,0.389573111611935,0.200235136689261
"DS16","Istanbul Stock Exchange - FTSE (Daily)","mc.rpart",35,0.133209537096745,0.392652716342649,0.198930751320078
"DS16","Istanbul Stock Exchange - FTSE (Daily)","mc.rpart",36,0.13310075867151,0.392763459564854,0.19882362265246
"DS16","Istanbul Stock Exchange - FTSE (Daily)","mc.rpart",37,0.301590871322941,0.310305079541022,0.305885924502603
"DS16","Istanbul Stock Exchange - FTSE (Daily)","mc.rpart",38,0.139614602893955,0.304273043335599,0.191404110826126
"DS16","Istanbul Stock Exchange - FTSE (Daily)","mc.rpart",39,1e-05,0.357526425762421,1.99994406164363e-05
"DS16","Istanbul Stock Exchange - FTSE (Daily)","mc.rpart",40,1e-05,0.341053738892645,1.99994135993447e-05
"DS16","Istanbul Stock Exchange - FTSE (Daily)","mc.rpart",41,1e-05,0.383985264954357,1.99994791602443e-05
"DS16","Istanbul Stock Exchange - FTSE (Daily)","mc.rpart",42,0.504144350621986,0.437757342218561,0.468611305617738
"DS16","Istanbul Stock Exchange - FTSE (Daily)","mc.rpart",43,1e-05,0.449445466698248,1.99995550170933e-05
"DS16","Istanbul Stock Exchange - FTSE (Daily)","mc.rpart",44,0.445385167740307,0.442555882991155,0.443966017829907
"DS16","Istanbul Stock Exchange - FTSE (Daily)","mc.rpart",45,0.455459036773906,0.520267799101176,0.485711086198799
"DS16","Istanbul Stock Exchange - FTSE (Daily)","mc.rpart",46,0.455459036773906,0.410971413214445,0.432073097169608
"DS16","Istanbul Stock Exchange - FTSE (Daily)","mc.rpart",47,0.454587434878752,0.362688289538348,0.403471030096706
"DS16","Istanbul Stock Exchange - FTSE (Daily)","mc.rpart",48,0.442548254578984,0.457360383351596,0.449832418169182
"DS16","Istanbul Stock Exchange - FTSE (Daily)","mc.rpart",49,0.458124157901735,0.396236548169102,0.424938866382765
"DS16","Istanbul Stock Exchange - FTSE (Daily)","mc.rpart",50,0.463543059103176,0.419835955450785,0.440608255131408
"DS16","Istanbul Stock Exchange - FTSE (Daily)","mc.rpart_UNDERB",1,0.347579427157334,0.418915140117545,0.379927766343511
"DS16","Istanbul Stock Exchange - FTSE (Daily)","mc.rpart_UNDERB",2,0.356811411145575,0.508060951905337,0.41921086380381
"DS16","Istanbul Stock Exchange - FTSE (Daily)","mc.rpart_UNDERB",3,0.361336370892706,0.441184331756828,0.397288057006932
"DS16","Istanbul Stock Exchange - FTSE (Daily)","mc.rpart_UNDERB",4,0.267122650286706,0.344118639340865,0.300771183209155
"DS16","Istanbul Stock Exchange - FTSE (Daily)","mc.rpart_UNDERB",5,0.346329716937806,0.447421247386128,0.39043801122479
"DS16","Istanbul Stock Exchange - FTSE (Daily)","mc.rpart_UNDERB",6,0.299464894612172,0.319599696186281,0.309204857648421
"DS16","Istanbul Stock Exchange - FTSE (Daily)","mc.rpart_UNDERB",7,0.394899780976614,0.53740574336701,0.455261509901742
"DS16","Istanbul Stock Exchange - FTSE (Daily)","mc.rpart_UNDERB",8,0.317567331654862,0.440275457829483,0.36898708881605
"DS16","Istanbul Stock Exchange - FTSE (Daily)","mc.rpart_UNDERB",9,0.279455479209183,0.406444719485094,0.331194550087529
"DS16","Istanbul Stock Exchange - FTSE (Daily)","mc.rpart_UNDERB",10,0.387229607905223,0.490857965464773,0.432928886066786
"DS16","Istanbul Stock Exchange - FTSE (Daily)","mc.rpart_UNDERB",11,0.287971620143472,0.301610154374391,0.294633140171074
"DS16","Istanbul Stock Exchange - FTSE (Daily)","mc.rpart_UNDERB",12,0.349593569944983,0.353082706519784,0.3513294755847
"DS16","Istanbul Stock Exchange - FTSE (Daily)","mc.rpart_UNDERB",13,0.339674115115549,0.401704497729963,0.368094297408048
"DS16","Istanbul Stock Exchange - FTSE (Daily)","mc.rpart_UNDERB",14,0.360991002031367,0.39654128808816,0.377931974123947
"DS16","Istanbul Stock Exchange - FTSE (Daily)","mc.rpart_UNDERB",15,0.329563218163439,0.393692175735064,0.358784632636204
"DS16","Istanbul Stock Exchange - FTSE (Daily)","mc.rpart_UNDERB",16,0.482315918055257,0.38535058553294,0.428415112640241
"DS16","Istanbul Stock Exchange - FTSE (Daily)","mc.rpart_UNDERB",17,0.32218031607568,0.381094227092963,0.349169637183882
"DS16","Istanbul Stock Exchange - FTSE (Daily)","mc.rpart_UNDERB",18,0.321071865663031,0.415518451619967,0.362240125477457
"DS16","Istanbul Stock Exchange - FTSE (Daily)","mc.rpart_UNDERB",19,0.235449939438085,0.365749671715008,0.286479686470952
"DS16","Istanbul Stock Exchange - FTSE (Daily)","mc.rpart_UNDERB",20,1e-05,0.345753476864695,1.99994215699072e-05
"DS16","Istanbul Stock Exchange - FTSE (Daily)","mc.rpart_UNDERB",21,0.339605450700666,0.337747920002308,0.338674138364608
"DS16","Istanbul Stock Exchange - FTSE (Daily)","mc.rpart_UNDERB",22,0.291123474828401,0.297077282465405,0.294070246226178
"DS16","Istanbul Stock Exchange - FTSE (Daily)","mc.rpart_UNDERB",23,0.355987946953178,0.43278937780176,0.390649673187952
"DS16","Istanbul Stock Exchange - FTSE (Daily)","mc.rpart_UNDERB",24,0.324702604073447,0.284410070491119,0.303223670658949
"DS16","Istanbul Stock Exchange - FTSE (Daily)","mc.rpart_UNDERB",25,0.275307705504782,0.350206254369827,0.308272833313931
"DS16","Istanbul Stock Exchange - FTSE (Daily)","mc.rpart_UNDERB",26,0.284377745020914,0.285429529946174,0.28490266675925
"DS16","Istanbul Stock Exchange - FTSE (Daily)","mc.rpart_UNDERB",27,0.337769378558915,0.270421972315025,0.300366854629783
"DS16","Istanbul Stock Exchange - FTSE (Daily)","mc.rpart_UNDERB",28,0.320718638063685,0.36195810764498,0.340092765865346
"DS16","Istanbul Stock Exchange - FTSE (Daily)","mc.rpart_UNDERB",29,0.398474706923348,0.314468469306045,0.351522352191058
"DS16","Istanbul Stock Exchange - FTSE (Daily)","mc.rpart_UNDERB",30,0.349417824255915,0.378594895816568,0.363421685152559
"DS16","Istanbul Stock Exchange - FTSE (Daily)","mc.rpart_UNDERB",31,0.343162981473753,0.36572509765465,0.354084991992696
"DS16","Istanbul Stock Exchange - FTSE (Daily)","mc.rpart_UNDERB",32,0.430093361070572,0.40328941553457,0.416260342979542
"DS16","Istanbul Stock Exchange - FTSE (Daily)","mc.rpart_UNDERB",33,0.365224060745938,0.399209938973303,0.381461512846151
"DS16","Istanbul Stock Exchange - FTSE (Daily)","mc.rpart_UNDERB",34,0.349622858607427,0.444732896896515,0.391484006132942
"DS16","Istanbul Stock Exchange - FTSE (Daily)","mc.rpart_UNDERB",35,0.339722437204372,0.420367132779906,0.375766626745207
"DS16","Istanbul Stock Exchange - FTSE (Daily)","mc.rpart_UNDERB",36,0.385995359816837,0.362588105660436,0.373925775185197
"DS16","Istanbul Stock Exchange - FTSE (Daily)","mc.rpart_UNDERB",37,0.32615553920984,0.519863916736401,0.400833562129508
"DS16","Istanbul Stock Exchange - FTSE (Daily)","mc.rpart_UNDERB",38,0.340016539255468,0.32313654986882,0.331361711783434
"DS16","Istanbul Stock Exchange - FTSE (Daily)","mc.rpart_UNDERB",39,0.30394272477003,0.319908447589716,0.311721287208862
"DS16","Istanbul Stock Exchange - FTSE (Daily)","mc.rpart_UNDERB",40,0.34613790412276,0.289136298360983,0.315079793667664
"DS16","Istanbul Stock Exchange - FTSE (Daily)","mc.rpart_UNDERB",41,0.361102736442218,0.629656410537262,0.458982697372158
"DS16","Istanbul Stock Exchange - FTSE (Daily)","mc.rpart_UNDERB",42,0.29954116830108,0.440318838026955,0.356536690831994
"DS16","Istanbul Stock Exchange - FTSE (Daily)","mc.rpart_UNDERB",43,0.403008687057753,0.649876648895435,0.497501344310651
"DS16","Istanbul Stock Exchange - FTSE (Daily)","mc.rpart_UNDERB",44,0.344868696098227,0.3587352513868,0.351665333409369
"DS16","Istanbul Stock Exchange - FTSE (Daily)","mc.rpart_UNDERB",45,0.312204329073496,0.384973120601773,0.344791056809966
"DS16","Istanbul Stock Exchange - FTSE (Daily)","mc.rpart_UNDERB",46,0.385978122748826,0.390910209816551,0.388428510568846
"DS16","Istanbul Stock Exchange - FTSE (Daily)","mc.rpart_UNDERB",47,0.318635786763397,0.343932546745118,0.330801253495949
"DS16","Istanbul Stock Exchange - FTSE (Daily)","mc.rpart_UNDERB",48,0.398893856942238,0.509252707690939,0.447367825062839
"DS16","Istanbul Stock Exchange - FTSE (Daily)","mc.rpart_UNDERB",49,0.36489788513901,0.226238178845382,0.279305689596907
"DS16","Istanbul Stock Exchange - FTSE (Daily)","mc.rpart_UNDERB",50,0.423912118006842,0.585872684043245,0.491903878669797
"DS16","Istanbul Stock Exchange - FTSE (Daily)","mc.rpart_UNDERT",1,0.292393870817053,0.330206077009424,0.310151754304382
"DS16","Istanbul Stock Exchange - FTSE (Daily)","mc.rpart_UNDERT",2,0.309131969099587,0.322823182136816,0.315829266585461
"DS16","Istanbul Stock Exchange - FTSE (Daily)","mc.rpart_UNDERT",3,0.2581090772984,0.480390609719675,0.33579750729001
"DS16","Istanbul Stock Exchange - FTSE (Daily)","mc.rpart_UNDERT",4,0.355752576938101,0.541069080541264,0.429264208995784
"DS16","Istanbul Stock Exchange - FTSE (Daily)","mc.rpart_UNDERT",5,0.326647735003719,0.496205916194858,0.393957147505882
"DS16","Istanbul Stock Exchange - FTSE (Daily)","mc.rpart_UNDERT",6,0.268306029256889,0.328252759220074,0.295267444282591
"DS16","Istanbul Stock Exchange - FTSE (Daily)","mc.rpart_UNDERT",7,0.36109019444135,0.322234473693979,0.340557612472498
"DS16","Istanbul Stock Exchange - FTSE (Daily)","mc.rpart_UNDERT",8,0.31100629666307,0.362424480342353,0.334752432766835
"DS16","Istanbul Stock Exchange - FTSE (Daily)","mc.rpart_UNDERT",9,0.363335647338514,0.463426065608004,0.407322223331155
"DS16","Istanbul Stock Exchange - FTSE (Daily)","mc.rpart_UNDERT",10,0.334758534702267,0.376331768172508,0.354329881214897
"DS16","Istanbul Stock Exchange - FTSE (Daily)","mc.rpart_UNDERT",11,0.363527721959875,0.421608621158681,0.390419888091503
"DS16","Istanbul Stock Exchange - FTSE (Daily)","mc.rpart_UNDERT",12,0.361388058534027,0.368091454047701,0.364708956583239
"DS16","Istanbul Stock Exchange - FTSE (Daily)","mc.rpart_UNDERT",13,0.363307617608283,0.387134275702614,0.37484269642648
"DS16","Istanbul Stock Exchange - FTSE (Daily)","mc.rpart_UNDERT",14,0.390329214181305,0.492571895793276,0.435530545472574
"DS16","Istanbul Stock Exchange - FTSE (Daily)","mc.rpart_UNDERT",15,0.334944176584611,0.416893907606323,0.371452815552981
"DS16","Istanbul Stock Exchange - FTSE (Daily)","mc.rpart_UNDERT",16,0.355341579469756,0.423625522724975,0.386490679579849
"DS16","Istanbul Stock Exchange - FTSE (Daily)","mc.rpart_UNDERT",17,0.309532866559143,0.39053628716162,0.345348215438493
"DS16","Istanbul Stock Exchange - FTSE (Daily)","mc.rpart_UNDERT",18,0.317186575200076,0.388148101891406,0.349097729370187
"DS16","Istanbul Stock Exchange - FTSE (Daily)","mc.rpart_UNDERT",19,0.36984519796243,0.309567345123257,0.337032329488139
"DS16","Istanbul Stock Exchange - FTSE (Daily)","mc.rpart_UNDERT",20,0.343731171493068,0.373693908291784,0.358086853934571
"DS16","Istanbul Stock Exchange - FTSE (Daily)","mc.rpart_UNDERT",21,0.377483623131376,0.350341750193635,0.363406602858912
"DS16","Istanbul Stock Exchange - FTSE (Daily)","mc.rpart_UNDERT",22,0.319219832595261,0.34334918351519,0.330845138297766
"DS16","Istanbul Stock Exchange - FTSE (Daily)","mc.rpart_UNDERT",23,0.339988303314452,0.340077354926171,0.340032823289852
"DS16","Istanbul Stock Exchange - FTSE (Daily)","mc.rpart_UNDERT",24,0.379773827125245,0.444076458608645,0.409415689094039
"DS16","Istanbul Stock Exchange - FTSE (Daily)","mc.rpart_UNDERT",25,0.252566058400939,0.372922217310015,0.301164700198646
"DS16","Istanbul Stock Exchange - FTSE (Daily)","mc.rpart_UNDERT",26,0.394461405020881,0.287100017726463,0.3323247842209
"DS16","Istanbul Stock Exchange - FTSE (Daily)","mc.rpart_UNDERT",27,0.36562836789568,0.388225715561959,0.376588355414879
"DS16","Istanbul Stock Exchange - FTSE (Daily)","mc.rpart_UNDERT",28,0.344588416426091,0.339372393749816,0.341960515869043
"DS16","Istanbul Stock Exchange - FTSE (Daily)","mc.rpart_UNDERT",29,0.344670915108778,0.26076362662822,0.296902907320657
"DS16","Istanbul Stock Exchange - FTSE (Daily)","mc.rpart_UNDERT",30,0.359408579862148,0.365831113264153,0.362591408423532
"DS16","Istanbul Stock Exchange - FTSE (Daily)","mc.rpart_UNDERT",31,0.401610933299673,0.406113889538571,0.403849859734244
"DS16","Istanbul Stock Exchange - FTSE (Daily)","mc.rpart_UNDERT",32,0.316573658789692,0.407308822827367,0.356254634071927
"DS16","Istanbul Stock Exchange - FTSE (Daily)","mc.rpart_UNDERT",33,0.373844097912134,0.515712284441751,0.433465483658649
"DS16","Istanbul Stock Exchange - FTSE (Daily)","mc.rpart_UNDERT",34,0.388477405460594,0.519203841976039,0.444426855805688
"DS16","Istanbul Stock Exchange - FTSE (Daily)","mc.rpart_UNDERT",35,0.278288569014623,0.358205424790148,0.313229900198245
"DS16","Istanbul Stock Exchange - FTSE (Daily)","mc.rpart_UNDERT",36,0.324805257572709,0.499355420689818,0.393596225385118
"DS16","Istanbul Stock Exchange - FTSE (Daily)","mc.rpart_UNDERT",37,0.322747968326441,0.340513195932152,0.331392664300777
"DS16","Istanbul Stock Exchange - FTSE (Daily)","mc.rpart_UNDERT",38,0.376917680306455,0.499947427197833,0.429801626092565
"DS16","Istanbul Stock Exchange - FTSE (Daily)","mc.rpart_UNDERT",39,0.323416948659859,0.376538333649187,0.3479618827093
"DS16","Istanbul Stock Exchange - FTSE (Daily)","mc.rpart_UNDERT",40,0.306915691009552,0.384764774397555,0.341459250380462
"DS16","Istanbul Stock Exchange - FTSE (Daily)","mc.rpart_UNDERT",41,0.352971771727357,0.602689692697894,0.445204618062804
"DS16","Istanbul Stock Exchange - FTSE (Daily)","mc.rpart_UNDERT",42,0.365907414940466,0.404046556435753,0.384032387589994
"DS16","Istanbul Stock Exchange - FTSE (Daily)","mc.rpart_UNDERT",43,0.342364421407038,0.361714055926815,0.351773353280495
"DS16","Istanbul Stock Exchange - FTSE (Daily)","mc.rpart_UNDERT",44,0.326592329378828,0.431188279666312,0.371671650016269
"DS16","Istanbul Stock Exchange - FTSE (Daily)","mc.rpart_UNDERT",45,0.35967770065909,0.554036027141083,0.436185641654237
"DS16","Istanbul Stock Exchange - FTSE (Daily)","mc.rpart_UNDERT",46,0.396365825580138,0.462275490556486,0.426791031403688
"DS16","Istanbul Stock Exchange - FTSE (Daily)","mc.rpart_UNDERT",47,1e-05,0.377725494377293,1.99994705289734e-05
"DS16","Istanbul Stock Exchange - FTSE (Daily)","mc.rpart_UNDERT",48,0.368338562654377,0.44430889181271,0.402772684969952
"DS16","Istanbul Stock Exchange - FTSE (Daily)","mc.rpart_UNDERT",49,0.361473228990805,0.3710805363048,0.366213883617426
"DS16","Istanbul Stock Exchange - FTSE (Daily)","mc.rpart_UNDERT",50,0.446392930944315,0.62522802806342,0.520888229386991
"DS16","Istanbul Stock Exchange - FTSE (Daily)","mc.rpart_UNDERTPhi",1,0.319446716777552,0.37951872590619,0.346901301674759
"DS16","Istanbul Stock Exchange - FTSE (Daily)","mc.rpart_UNDERTPhi",2,0.387140172166724,0.513530908059924,0.441467364776993
"DS16","Istanbul Stock Exchange - FTSE (Daily)","mc.rpart_UNDERTPhi",3,0.320047911873894,0.51914392714218,0.395978421426677
"DS16","Istanbul Stock Exchange - FTSE (Daily)","mc.rpart_UNDERTPhi",4,0.342311090378858,0.397359126629577,0.367786704887727
"DS16","Istanbul Stock Exchange - FTSE (Daily)","mc.rpart_UNDERTPhi",5,0.334046826171394,0.337284819584488,0.335658014068831
"DS16","Istanbul Stock Exchange - FTSE (Daily)","mc.rpart_UNDERTPhi",6,0.360545248223643,0.344795555537973,0.352494562897461
"DS16","Istanbul Stock Exchange - FTSE (Daily)","mc.rpart_UNDERTPhi",7,0.316052383942208,0.46164563781548,0.3752207162321
"DS16","Istanbul Stock Exchange - FTSE (Daily)","mc.rpart_UNDERTPhi",8,0.342216454784094,0.333484669834668,0.337794143823733
"DS16","Istanbul Stock Exchange - FTSE (Daily)","mc.rpart_UNDERTPhi",9,0.313151044616841,0.380672409051005,0.343626211887037
"DS16","Istanbul Stock Exchange - FTSE (Daily)","mc.rpart_UNDERTPhi",10,0.337388903507197,0.474843652491314,0.394485490807366
"DS16","Istanbul Stock Exchange - FTSE (Daily)","mc.rpart_UNDERTPhi",11,0.329997731372407,0.299855144512298,0.314205177805735
"DS16","Istanbul Stock Exchange - FTSE (Daily)","mc.rpart_UNDERTPhi",12,0.369330474907368,0.435936667365806,0.39987896670725
"DS16","Istanbul Stock Exchange - FTSE (Daily)","mc.rpart_UNDERTPhi",13,0.351316917727611,0.368695184098871,0.359796329339601
"DS16","Istanbul Stock Exchange - FTSE (Daily)","mc.rpart_UNDERTPhi",14,0.384595079541357,0.404220485623342,0.394163646575853
"DS16","Istanbul Stock Exchange - FTSE (Daily)","mc.rpart_UNDERTPhi",15,0.363568324043602,0.406991812668899,0.384056543238252
"DS16","Istanbul Stock Exchange - FTSE (Daily)","mc.rpart_UNDERTPhi",16,0.414178010715558,0.388159924488945,0.400747112433006
"DS16","Istanbul Stock Exchange - FTSE (Daily)","mc.rpart_UNDERTPhi",17,0.300268066674001,0.319752453924376,0.309704108055908
"DS16","Istanbul Stock Exchange - FTSE (Daily)","mc.rpart_UNDERTPhi",18,0.361112906764253,0.446375204509615,0.399242652263112
"DS16","Istanbul Stock Exchange - FTSE (Daily)","mc.rpart_UNDERTPhi",19,0.340671291036452,0.351081038299759,0.345797839786865
"DS16","Istanbul Stock Exchange - FTSE (Daily)","mc.rpart_UNDERTPhi",20,0.363640230800985,0.418004964271394,0.388932018368083
"DS16","Istanbul Stock Exchange - FTSE (Daily)","mc.rpart_UNDERTPhi",21,0.384594624985405,0.393798384137252,0.389142091699489
"DS16","Istanbul Stock Exchange - FTSE (Daily)","mc.rpart_UNDERTPhi",22,0.270905646943269,0.272362360532837,0.271632050729176
"DS16","Istanbul Stock Exchange - FTSE (Daily)","mc.rpart_UNDERTPhi",23,0.386529526002464,0.358516795176547,0.37199654025328
"DS16","Istanbul Stock Exchange - FTSE (Daily)","mc.rpart_UNDERTPhi",24,0.388832579188404,0.351179598035064,0.369048167219783
"DS16","Istanbul Stock Exchange - FTSE (Daily)","mc.rpart_UNDERTPhi",25,0.378541373702773,0.38449136389529,0.381493170329591
"DS16","Istanbul Stock Exchange - FTSE (Daily)","mc.rpart_UNDERTPhi",26,0.33554562336431,0.322939714156533,0.329122006281016
"DS16","Istanbul Stock Exchange - FTSE (Daily)","mc.rpart_UNDERTPhi",27,0.330920236659439,0.341420007841224,0.336088136086502
"DS16","Istanbul Stock Exchange - FTSE (Daily)","mc.rpart_UNDERTPhi",28,0.314226477320279,0.311419394857055,0.312816638826665
"DS16","Istanbul Stock Exchange - FTSE (Daily)","mc.rpart_UNDERTPhi",29,0.432760695329637,0.47131444997985,0.45121552152031
"DS16","Istanbul Stock Exchange - FTSE (Daily)","mc.rpart_UNDERTPhi",30,0.328019892683479,0.288426214765732,0.306951523811357
"DS16","Istanbul Stock Exchange - FTSE (Daily)","mc.rpart_UNDERTPhi",31,0.376957675826284,0.476950586669542,0.421099531486995
"DS16","Istanbul Stock Exchange - FTSE (Daily)","mc.rpart_UNDERTPhi",32,0.304794818589785,0.340534498616084,0.321674989689462
"DS16","Istanbul Stock Exchange - FTSE (Daily)","mc.rpart_UNDERTPhi",33,0.38116880302101,0.547628503051703,0.449482141353377
"DS16","Istanbul Stock Exchange - FTSE (Daily)","mc.rpart_UNDERTPhi",34,0.387908090880487,0.588953219149006,0.467742383718955
"DS16","Istanbul Stock Exchange - FTSE (Daily)","mc.rpart_UNDERTPhi",35,0.313913796891134,0.271771728483322,0.291326630007875
"DS16","Istanbul Stock Exchange - FTSE (Daily)","mc.rpart_UNDERTPhi",36,0.366319360763158,0.450408657186327,0.404035144519537
"DS16","Istanbul Stock Exchange - FTSE (Daily)","mc.rpart_UNDERTPhi",37,0.3270481310434,0.359247449898967,0.342392433622361
"DS16","Istanbul Stock Exchange - FTSE (Daily)","mc.rpart_UNDERTPhi",38,0.300531668775774,0.423229398639309,0.351480186416527
"DS16","Istanbul Stock Exchange - FTSE (Daily)","mc.rpart_UNDERTPhi",39,0.37293608728247,0.33067919403387,0.350538733433981
"DS16","Istanbul Stock Exchange - FTSE (Daily)","mc.rpart_UNDERTPhi",40,0.353639920143939,0.569842918903702,0.436433024664572
"DS16","Istanbul Stock Exchange - FTSE (Daily)","mc.rpart_UNDERTPhi",41,0.368845458525015,0.457844132565279,0.408554143729585
"DS16","Istanbul Stock Exchange - FTSE (Daily)","mc.rpart_UNDERTPhi",42,0.346376669972541,0.363421517539865,0.354694439226433
"DS16","Istanbul Stock Exchange - FTSE (Daily)","mc.rpart_UNDERTPhi",43,0.285439704678807,0.407755536548291,0.335806171223735
"DS16","Istanbul Stock Exchange - FTSE (Daily)","mc.rpart_UNDERTPhi",44,0.336164408116705,0.385813163468665,0.359281669806668
"DS16","Istanbul Stock Exchange - FTSE (Daily)","mc.rpart_UNDERTPhi",45,0.299063742782264,0.41322006859804,0.346994100759345
"DS16","Istanbul Stock Exchange - FTSE (Daily)","mc.rpart_UNDERTPhi",46,0.320609375819376,0.233990432490924,0.270535710198614
"DS16","Istanbul Stock Exchange - FTSE (Daily)","mc.rpart_UNDERTPhi",47,0.370063788287065,0.718057248732778,0.488414388900733
"DS16","Istanbul Stock Exchange - FTSE (Daily)","mc.rpart_UNDERTPhi",48,0.315113680905883,0.288585110337429,0.301266517979184
"DS16","Istanbul Stock Exchange - FTSE (Daily)","mc.rpart_UNDERTPhi",49,0.362509105942282,0.388302762994025,0.374962872250021
"DS16","Istanbul Stock Exchange - FTSE (Daily)","mc.rpart_UNDERTPhi",50,0.33069045553426,0.357558103822454,0.343599853935125
"DS16","Istanbul Stock Exchange - FTSE (Daily)","mc.rpart_OVERB",1,0.209756761219923,0.307948522712156,0.249540759004639
"DS16","Istanbul Stock Exchange - FTSE (Daily)","mc.rpart_OVERB",2,0.279697088192699,0.446970502779659,0.344081254451467
"DS16","Istanbul Stock Exchange - FTSE (Daily)","mc.rpart_OVERB",3,0.381241551076109,0.425658295736624,0.402227437608389
"DS16","Istanbul Stock Exchange - FTSE (Daily)","mc.rpart_OVERB",4,0.338981660813779,0.38533970664339,0.360677178954533
"DS16","Istanbul Stock Exchange - FTSE (Daily)","mc.rpart_OVERB",5,0.305230729616208,0.363696989842679,0.331908797735874
"DS16","Istanbul Stock Exchange - FTSE (Daily)","mc.rpart_OVERB",6,0.156099348657052,0.340403185986761,0.214044086004268
"DS16","Istanbul Stock Exchange - FTSE (Daily)","mc.rpart_OVERB",7,0.325491343631956,0.382431482451369,0.351671488710001
"DS16","Istanbul Stock Exchange - FTSE (Daily)","mc.rpart_OVERB",8,0.199569595144155,0.360525919509649,0.25692050699598
"DS16","Istanbul Stock Exchange - FTSE (Daily)","mc.rpart_OVERB",9,0.283787254412047,0.335150126702858,0.30733750190214
"DS16","Istanbul Stock Exchange - FTSE (Daily)","mc.rpart_OVERB",10,0.298561793203691,0.413441024211134,0.346733722264276
"DS16","Istanbul Stock Exchange - FTSE (Daily)","mc.rpart_OVERB",11,0.345721847157939,0.374599114988724,0.359581644248365
"DS16","Istanbul Stock Exchange - FTSE (Daily)","mc.rpart_OVERB",12,0.309877492319279,0.342713388654491,0.325469351646563
"DS16","Istanbul Stock Exchange - FTSE (Daily)","mc.rpart_OVERB",13,0.409178787836878,0.38866431034026,0.398657810649319
"DS16","Istanbul Stock Exchange - FTSE (Daily)","mc.rpart_OVERB",14,0.313130229304774,0.349898944316851,0.330495070281657
"DS16","Istanbul Stock Exchange - FTSE (Daily)","mc.rpart_OVERB",15,0.326276889835104,0.360234819690253,0.342415999459377
"DS16","Istanbul Stock Exchange - FTSE (Daily)","mc.rpart_OVERB",16,0.403158980587494,0.388971249491483,0.395938057829696
"DS16","Istanbul Stock Exchange - FTSE (Daily)","mc.rpart_OVERB",17,0.338260766217464,0.394190736558585,0.364090346128767
"DS16","Istanbul Stock Exchange - FTSE (Daily)","mc.rpart_OVERB",18,0.195075409322341,0.320802034222857,0.242618043957879
"DS16","Istanbul Stock Exchange - FTSE (Daily)","mc.rpart_OVERB",19,0.190782625696893,0.297688506323453,0.232536955218917
"DS16","Istanbul Stock Exchange - FTSE (Daily)","mc.rpart_OVERB",20,0.27387060399311,0.315005968238872,0.293001551941614
"DS16","Istanbul Stock Exchange - FTSE (Daily)","mc.rpart_OVERB",21,0.351299157546814,0.405078094999143,0.376276766745364
"DS16","Istanbul Stock Exchange - FTSE (Daily)","mc.rpart_OVERB",22,0.379889763219077,0.354001104735802,0.366488811155622
"DS16","Istanbul Stock Exchange - FTSE (Daily)","mc.rpart_OVERB",23,0.26859496988291,0.271809217146721,0.270192534571972
"DS16","Istanbul Stock Exchange - FTSE (Daily)","mc.rpart_OVERB",24,0.309623353703612,0.277229389407275,0.29253230661739
"DS16","Istanbul Stock Exchange - FTSE (Daily)","mc.rpart_OVERB",25,0.374509305618274,0.368662842319626,0.371563077188731
"DS16","Istanbul Stock Exchange - FTSE (Daily)","mc.rpart_OVERB",26,0.355848830690315,0.346617146687197,0.351172328107121
"DS16","Istanbul Stock Exchange - FTSE (Daily)","mc.rpart_OVERB",27,0.401192837732167,0.451387614421085,0.424812643755516
"DS16","Istanbul Stock Exchange - FTSE (Daily)","mc.rpart_OVERB",28,0.253075356810524,0.313748627756579,0.280164735721089
"DS16","Istanbul Stock Exchange - FTSE (Daily)","mc.rpart_OVERB",29,0.368258933081614,0.408327653882419,0.387259601673811
"DS16","Istanbul Stock Exchange - FTSE (Daily)","mc.rpart_OVERB",30,0.277372371720798,0.3530792506103,0.310680235178293
"DS16","Istanbul Stock Exchange - FTSE (Daily)","mc.rpart_OVERB",31,0.366200194612133,0.489772074718217,0.419066447602826
"DS16","Istanbul Stock Exchange - FTSE (Daily)","mc.rpart_OVERB",32,0.44403101542735,0.519878953580673,0.47897083146738
"DS16","Istanbul Stock Exchange - FTSE (Daily)","mc.rpart_OVERB",33,0.369381715742373,0.443796922344378,0.403184395011771
"DS16","Istanbul Stock Exchange - FTSE (Daily)","mc.rpart_OVERB",34,0.377009995456743,0.410868481435662,0.393211716939773
"DS16","Istanbul Stock Exchange - FTSE (Daily)","mc.rpart_OVERB",35,0.397424916296009,0.483166984959392,0.436121654720484
"DS16","Istanbul Stock Exchange - FTSE (Daily)","mc.rpart_OVERB",36,0.381110417511573,0.486103202557868,0.427251118278579
"DS16","Istanbul Stock Exchange - FTSE (Daily)","mc.rpart_OVERB",37,0.324003072225323,0.344736983559229,0.334048606231136
"DS16","Istanbul Stock Exchange - FTSE (Daily)","mc.rpart_OVERB",38,0.184752041918246,0.367387895874797,0.245863989517666
"DS16","Istanbul Stock Exchange - FTSE (Daily)","mc.rpart_OVERB",39,0.414088639155603,0.396803422065816,0.405261802188624
"DS16","Istanbul Stock Exchange - FTSE (Daily)","mc.rpart_OVERB",40,0.266089217189905,0.428615950039374,0.328340965350683
"DS16","Istanbul Stock Exchange - FTSE (Daily)","mc.rpart_OVERB",41,0.28732620185233,0.355965431424732,0.317983913084545
"DS16","Istanbul Stock Exchange - FTSE (Daily)","mc.rpart_OVERB",42,0.295151259361794,0.403528732871224,0.340934376308543
"DS16","Istanbul Stock Exchange - FTSE (Daily)","mc.rpart_OVERB",43,0.387099507295984,0.365463063853352,0.375970257825752
"DS16","Istanbul Stock Exchange - FTSE (Daily)","mc.rpart_OVERB",44,0.423542644246827,0.317857793213048,0.363167657934385
"DS16","Istanbul Stock Exchange - FTSE (Daily)","mc.rpart_OVERB",45,0.317622148262557,0.39890891630234,0.353654749173997
"DS16","Istanbul Stock Exchange - FTSE (Daily)","mc.rpart_OVERB",46,0.360598811634752,0.420613257362609,0.388300813010842
"DS16","Istanbul Stock Exchange - FTSE (Daily)","mc.rpart_OVERB",47,0.340661336804675,0.366838195585128,0.353265505849671
"DS16","Istanbul Stock Exchange - FTSE (Daily)","mc.rpart_OVERB",48,0.307439207136244,0.340808614964008,0.323265044008222
"DS16","Istanbul Stock Exchange - FTSE (Daily)","mc.rpart_OVERB",49,0.37491030547486,0.439673812585474,0.404717547840792
"DS16","Istanbul Stock Exchange - FTSE (Daily)","mc.rpart_OVERB",50,0.380929616503557,0.431260593073526,0.404535613444878
"DS16","Istanbul Stock Exchange - FTSE (Daily)","mc.rpart_OVERT",1,0.301341044565487,0.335971734108019,0.317715497596996
"DS16","Istanbul Stock Exchange - FTSE (Daily)","mc.rpart_OVERT",2,0.283392003067162,0.380361127802068,0.324793351273697
"DS16","Istanbul Stock Exchange - FTSE (Daily)","mc.rpart_OVERT",3,0.295638618524255,0.39051747184616,0.336518315603255
"DS16","Istanbul Stock Exchange - FTSE (Daily)","mc.rpart_OVERT",4,0.270405544517193,0.341534229025213,0.301836073299205
"DS16","Istanbul Stock Exchange - FTSE (Daily)","mc.rpart_OVERT",5,0.34595216930707,0.398200822656513,0.370242248316116
"DS16","Istanbul Stock Exchange - FTSE (Daily)","mc.rpart_OVERT",6,0.392426872224098,0.434244174418077,0.412277855479758
"DS16","Istanbul Stock Exchange - FTSE (Daily)","mc.rpart_OVERT",7,0.326091734547797,0.420273302639979,0.367240273629062
"DS16","Istanbul Stock Exchange - FTSE (Daily)","mc.rpart_OVERT",8,0.389451620637501,0.453944931725276,0.419232421202842
"DS16","Istanbul Stock Exchange - FTSE (Daily)","mc.rpart_OVERT",9,0.277496985657153,0.331104975363705,0.301939982071025
"DS16","Istanbul Stock Exchange - FTSE (Daily)","mc.rpart_OVERT",10,0.323027145162157,0.35825090122335,0.339728445641018
"DS16","Istanbul Stock Exchange - FTSE (Daily)","mc.rpart_OVERT",11,0.323436532763907,0.364531534109865,0.342756651515441
"DS16","Istanbul Stock Exchange - FTSE (Daily)","mc.rpart_OVERT",12,0.223679696901682,0.324484229368126,0.264813245075576
"DS16","Istanbul Stock Exchange - FTSE (Daily)","mc.rpart_OVERT",13,0.450403983396688,0.420783498262724,0.435090190699544
"DS16","Istanbul Stock Exchange - FTSE (Daily)","mc.rpart_OVERT",14,0.306495646459452,0.375154147735017,0.337367117283057
"DS16","Istanbul Stock Exchange - FTSE (Daily)","mc.rpart_OVERT",15,0.273320564543721,0.299108831413858,0.285633810001284
"DS16","Istanbul Stock Exchange - FTSE (Daily)","mc.rpart_OVERT",16,0.320509298304321,0.347132496668753,0.333290077893988
"DS16","Istanbul Stock Exchange - FTSE (Daily)","mc.rpart_OVERT",17,0.265411467141508,0.380714252585334,0.312774821541153
"DS16","Istanbul Stock Exchange - FTSE (Daily)","mc.rpart_OVERT",18,0.304859365349641,0.3254943523766,0.314839109852027
"DS16","Istanbul Stock Exchange - FTSE (Daily)","mc.rpart_OVERT",19,0.268401115514713,0.337874475751059,0.299157305693936
"DS16","Istanbul Stock Exchange - FTSE (Daily)","mc.rpart_OVERT",20,0.266911390958513,0.352866309288183,0.303928448529261
"DS16","Istanbul Stock Exchange - FTSE (Daily)","mc.rpart_OVERT",21,0.240771234398764,0.398669278754136,0.300225251256628
"DS16","Istanbul Stock Exchange - FTSE (Daily)","mc.rpart_OVERT",22,0.320655822148026,0.361116989506843,0.33968578148744
"DS16","Istanbul Stock Exchange - FTSE (Daily)","mc.rpart_OVERT",23,0.257758288314529,0.308654032610261,0.280919507531552
"DS16","Istanbul Stock Exchange - FTSE (Daily)","mc.rpart_OVERT",24,0.312934200275139,0.284737318524438,0.298170624693303
"DS16","Istanbul Stock Exchange - FTSE (Daily)","mc.rpart_OVERT",25,0.351887281811635,0.403003850252429,0.375714916764755
"DS16","Istanbul Stock Exchange - FTSE (Daily)","mc.rpart_OVERT",26,0.361616172481599,0.323699831545149,0.341609107122869
"DS16","Istanbul Stock Exchange - FTSE (Daily)","mc.rpart_OVERT",27,0.318351619075898,0.407881316021692,0.357597875477417
"DS16","Istanbul Stock Exchange - FTSE (Daily)","mc.rpart_OVERT",28,0.450878755995281,0.379225692791834,0.411959745203777
"DS16","Istanbul Stock Exchange - FTSE (Daily)","mc.rpart_OVERT",29,0.36645121801846,0.38633555852345,0.376130772740476
"DS16","Istanbul Stock Exchange - FTSE (Daily)","mc.rpart_OVERT",30,0.301813818341714,0.29317596981295,0.297432193482556
"DS16","Istanbul Stock Exchange - FTSE (Daily)","mc.rpart_OVERT",31,0.288509638777318,0.3450676421255,0.314264238267847
"DS16","Istanbul Stock Exchange - FTSE (Daily)","mc.rpart_OVERT",32,0.465711288851641,0.418808167217655,0.441016169849513
"DS16","Istanbul Stock Exchange - FTSE (Daily)","mc.rpart_OVERT",33,0.480921557248394,0.41967908947919,0.448218024249257
"DS16","Istanbul Stock Exchange - FTSE (Daily)","mc.rpart_OVERT",34,0.40440370812124,0.397636640777352,0.400991626508722
"DS16","Istanbul Stock Exchange - FTSE (Daily)","mc.rpart_OVERT",35,0.389781178568705,0.373201368742013,0.381311131858631
"DS16","Istanbul Stock Exchange - FTSE (Daily)","mc.rpart_OVERT",36,0.515368393214716,0.448766055360764,0.479766781951007
"DS16","Istanbul Stock Exchange - FTSE (Daily)","mc.rpart_OVERT",37,0.395138828783867,0.454311024551888,0.422663975842906
"DS16","Istanbul Stock Exchange - FTSE (Daily)","mc.rpart_OVERT",38,0.367247297270679,0.319912011053407,0.341949297639088
"DS16","Istanbul Stock Exchange - FTSE (Daily)","mc.rpart_OVERT",39,0.314912120636837,0.344823542266088,0.329189762041098
"DS16","Istanbul Stock Exchange - FTSE (Daily)","mc.rpart_OVERT",40,0.251114505445973,0.34284072308549,0.289894842199515
"DS16","Istanbul Stock Exchange - FTSE (Daily)","mc.rpart_OVERT",41,0.305562276064118,0.354941113976178,0.328405928843689
"DS16","Istanbul Stock Exchange - FTSE (Daily)","mc.rpart_OVERT",42,0.370541814020862,0.377015394316281,0.373750574713853
"DS16","Istanbul Stock Exchange - FTSE (Daily)","mc.rpart_OVERT",43,0.481769046038743,0.496451819244702,0.489000240845233
"DS16","Istanbul Stock Exchange - FTSE (Daily)","mc.rpart_OVERT",44,0.375665650173481,0.420191219944401,0.396682905593868
"DS16","Istanbul Stock Exchange - FTSE (Daily)","mc.rpart_OVERT",45,0.384747252206088,0.433317487845137,0.407590511163754
"DS16","Istanbul Stock Exchange - FTSE (Daily)","mc.rpart_OVERT",46,0.400617437396944,0.522465326613287,0.453499357668112
"DS16","Istanbul Stock Exchange - FTSE (Daily)","mc.rpart_OVERT",47,0.459412457337269,0.438361338323714,0.448640093115393
"DS16","Istanbul Stock Exchange - FTSE (Daily)","mc.rpart_OVERT",48,0.304658324054135,0.419945906266437,0.353130745427543
"DS16","Istanbul Stock Exchange - FTSE (Daily)","mc.rpart_OVERT",49,0.449110702364911,0.522522681925389,0.483043362806057
"DS16","Istanbul Stock Exchange - FTSE (Daily)","mc.rpart_OVERT",50,0.304728400885473,0.38677147354266,0.34088293288048
"DS16","Istanbul Stock Exchange - FTSE (Daily)","mc.rpart_OVERTPhi",1,0.190262228980431,0.314195250713179,0.237005064419157
"DS16","Istanbul Stock Exchange - FTSE (Daily)","mc.rpart_OVERTPhi",2,0.283703429016771,0.38035126374228,0.32499418777152
"DS16","Istanbul Stock Exchange - FTSE (Daily)","mc.rpart_OVERTPhi",3,0.295649303136794,0.390555475014614,0.336539347147632
"DS16","Istanbul Stock Exchange - FTSE (Daily)","mc.rpart_OVERTPhi",4,0.270395029524601,0.341585375164942,0.30184949352995
"DS16","Istanbul Stock Exchange - FTSE (Daily)","mc.rpart_OVERTPhi",5,0.345684568812089,0.394186348441808,0.368345706568589
"DS16","Istanbul Stock Exchange - FTSE (Daily)","mc.rpart_OVERTPhi",6,0.408531811712289,0.475018759817918,0.439273723086725
"DS16","Istanbul Stock Exchange - FTSE (Daily)","mc.rpart_OVERTPhi",7,0.325215151180335,0.420020736861715,0.366587572147763
"DS16","Istanbul Stock Exchange - FTSE (Daily)","mc.rpart_OVERTPhi",8,0.389420334789926,0.453944931725276,0.419214293752185
"DS16","Istanbul Stock Exchange - FTSE (Daily)","mc.rpart_OVERTPhi",9,0.444826783749928,0.483141444974553,0.463193131859113
"DS16","Istanbul Stock Exchange - FTSE (Daily)","mc.rpart_OVERTPhi",10,0.363179276957669,0.39560129294442,0.378697603059638
"DS16","Istanbul Stock Exchange - FTSE (Daily)","mc.rpart_OVERTPhi",11,0.336978693320941,0.387445510498254,0.360454223291944
"DS16","Istanbul Stock Exchange - FTSE (Daily)","mc.rpart_OVERTPhi",12,0.223785914208641,0.324456210224976,0.264878331634507
"DS16","Istanbul Stock Exchange - FTSE (Daily)","mc.rpart_OVERTPhi",13,0.444512616334178,0.420783498262724,0.432322694087551
"DS16","Istanbul Stock Exchange - FTSE (Daily)","mc.rpart_OVERTPhi",14,0.333094221068827,0.399662148840111,0.363354472579021
"DS16","Istanbul Stock Exchange - FTSE (Daily)","mc.rpart_OVERTPhi",15,0.277003859782429,0.337914238799067,0.304442326998374
"DS16","Istanbul Stock Exchange - FTSE (Daily)","mc.rpart_OVERTPhi",16,0.324721043231681,0.347428019741006,0.335690980566913
"DS16","Istanbul Stock Exchange - FTSE (Daily)","mc.rpart_OVERTPhi",17,0.231643267800982,0.34984290555587,0.278729770622489
"DS16","Istanbul Stock Exchange - FTSE (Daily)","mc.rpart_OVERTPhi",18,0.323483540424175,0.402362239269161,0.358636959346317
"DS16","Istanbul Stock Exchange - FTSE (Daily)","mc.rpart_OVERTPhi",19,0.26707999135462,0.337888264183051,0.298340264471009
"DS16","Istanbul Stock Exchange - FTSE (Daily)","mc.rpart_OVERTPhi",20,0.332908563277626,0.402149399936198,0.364267814664228
"DS16","Istanbul Stock Exchange - FTSE (Daily)","mc.rpart_OVERTPhi",21,0.240771234398764,0.398669278754136,0.300225251256628
"DS16","Istanbul Stock Exchange - FTSE (Daily)","mc.rpart_OVERTPhi",22,0.326491108076747,0.361116989506843,0.342932221024623
"DS16","Istanbul Stock Exchange - FTSE (Daily)","mc.rpart_OVERTPhi",23,0.257713641739423,0.3086602752864,0.280895575213165
"DS16","Istanbul Stock Exchange - FTSE (Daily)","mc.rpart_OVERTPhi",24,0.312796281250122,0.284722641084403,0.298099959649658
"DS16","Istanbul Stock Exchange - FTSE (Daily)","mc.rpart_OVERTPhi",25,0.351761443533529,0.403003850252429,0.375643176180717
"DS16","Istanbul Stock Exchange - FTSE (Daily)","mc.rpart_OVERTPhi",26,0.361270463895576,0.323699831545149,0.341454772808774
"DS16","Istanbul Stock Exchange - FTSE (Daily)","mc.rpart_OVERTPhi",27,0.402438703700739,0.411877653744688,0.407103474075608
"DS16","Istanbul Stock Exchange - FTSE (Daily)","mc.rpart_OVERTPhi",28,0.374096657729026,0.392155623844238,0.382913334727196
"DS16","Istanbul Stock Exchange - FTSE (Daily)","mc.rpart_OVERTPhi",29,0.328019226960074,0.32181237542638,0.32488615889373
"DS16","Istanbul Stock Exchange - FTSE (Daily)","mc.rpart_OVERTPhi",30,0.271001992703616,0.29317596981295,0.281653227565732
"DS16","Istanbul Stock Exchange - FTSE (Daily)","mc.rpart_OVERTPhi",31,0.36784499498766,0.374144911285421,0.370968208200374
"DS16","Istanbul Stock Exchange - FTSE (Daily)","mc.rpart_OVERTPhi",32,0.312021573101224,0.346769833645858,0.328479296754912
"DS16","Istanbul Stock Exchange - FTSE (Daily)","mc.rpart_OVERTPhi",33,0.480484076355998,0.41967908947919,0.448027929441528
"DS16","Istanbul Stock Exchange - FTSE (Daily)","mc.rpart_OVERTPhi",34,0.485650408847432,0.397636640777352,0.437258527107974
"DS16","Istanbul Stock Exchange - FTSE (Daily)","mc.rpart_OVERTPhi",35,0.388970675568569,0.373201368742013,0.380922889015177
"DS16","Istanbul Stock Exchange - FTSE (Daily)","mc.rpart_OVERTPhi",36,0.403502209516925,0.369444508363325,0.385723031019043
"DS16","Istanbul Stock Exchange - FTSE (Daily)","mc.rpart_OVERTPhi",37,0.394080827933755,0.454277325903305,0.422043411485594
"DS16","Istanbul Stock Exchange - FTSE (Daily)","mc.rpart_OVERTPhi",38,0.365807469283016,0.319912011053407,0.341323840178122
"DS16","Istanbul Stock Exchange - FTSE (Daily)","mc.rpart_OVERTPhi",39,0.31465177748201,0.344756199766471,0.329016799302644
"DS16","Istanbul Stock Exchange - FTSE (Daily)","mc.rpart_OVERTPhi",40,0.251114505445973,0.34284072308549,0.289894842199515
"DS16","Istanbul Stock Exchange - FTSE (Daily)","mc.rpart_OVERTPhi",41,0.30492319306304,0.354731210505306,0.327946793961449
"DS16","Istanbul Stock Exchange - FTSE (Daily)","mc.rpart_OVERTPhi",42,0.36998051220076,0.377015394316281,0.373464827530556
"DS16","Istanbul Stock Exchange - FTSE (Daily)","mc.rpart_OVERTPhi",43,0.495827110618405,0.521819007732934,0.508491127130025
"DS16","Istanbul Stock Exchange - FTSE (Daily)","mc.rpart_OVERTPhi",44,0.377140739967605,0.420191219944401,0.39750376401621
"DS16","Istanbul Stock Exchange - FTSE (Daily)","mc.rpart_OVERTPhi",45,0.384534252851505,0.433317487845137,0.407470958719462
"DS16","Istanbul Stock Exchange - FTSE (Daily)","mc.rpart_OVERTPhi",46,0.400805514679541,0.523054361079017,0.453841708896647
"DS16","Istanbul Stock Exchange - FTSE (Daily)","mc.rpart_OVERTPhi",47,0.361575242498366,0.457605568526334,0.403961719273043
"DS16","Istanbul Stock Exchange - FTSE (Daily)","mc.rpart_OVERTPhi",48,0.348712413286465,0.349681656568631,0.349196362361313
"DS16","Istanbul Stock Exchange - FTSE (Daily)","mc.rpart_OVERTPhi",49,0.448957901047165,0.522522681925389,0.482954967167647
"DS16","Istanbul Stock Exchange - FTSE (Daily)","mc.rpart_OVERTPhi",50,0.304728400885473,0.38677147354266,0.34088293288048
"DS16","Istanbul Stock Exchange - FTSE (Daily)","mc.rpart_SMOTEB",1,0.311882600189609,0.409563872122243,0.354110388735797
"DS16","Istanbul Stock Exchange - FTSE (Daily)","mc.rpart_SMOTEB",2,0.336252053627387,0.43701509543699,0.380068449783899
"DS16","Istanbul Stock Exchange - FTSE (Daily)","mc.rpart_SMOTEB",3,0.336479218533483,0.492365872891119,0.399763202694989
"DS16","Istanbul Stock Exchange - FTSE (Daily)","mc.rpart_SMOTEB",4,0.379628782916213,0.464990218248959,0.417995973044125
"DS16","Istanbul Stock Exchange - FTSE (Daily)","mc.rpart_SMOTEB",5,0.360451435511848,0.408099689796125,0.382798526148816
"DS16","Istanbul Stock Exchange - FTSE (Daily)","mc.rpart_SMOTEB",6,0.32731529813279,0.480459999784138,0.389370431296348
"DS16","Istanbul Stock Exchange - FTSE (Daily)","mc.rpart_SMOTEB",7,0.306193964281521,0.452472442218157,0.365231225803532
"DS16","Istanbul Stock Exchange - FTSE (Daily)","mc.rpart_SMOTEB",8,0.3135655207151,0.502631943386275,0.386200776130773
"DS16","Istanbul Stock Exchange - FTSE (Daily)","mc.rpart_SMOTEB",9,0.352378356657301,0.438749802855027,0.390849276832902
"DS16","Istanbul Stock Exchange - FTSE (Daily)","mc.rpart_SMOTEB",10,0.30254509782358,0.386433947134144,0.339382444774429
"DS16","Istanbul Stock Exchange - FTSE (Daily)","mc.rpart_SMOTEB",11,0.343034590023116,0.401284817437458,0.369880380525886
"DS16","Istanbul Stock Exchange - FTSE (Daily)","mc.rpart_SMOTEB",12,0.302917488320192,0.340441446778993,0.320585173694639
"DS16","Istanbul Stock Exchange - FTSE (Daily)","mc.rpart_SMOTEB",13,0.286384310623609,0.316716738502295,0.300787753396869
"DS16","Istanbul Stock Exchange - FTSE (Daily)","mc.rpart_SMOTEB",14,0.325990356197397,0.448285033072192,0.377479640020648
"DS16","Istanbul Stock Exchange - FTSE (Daily)","mc.rpart_SMOTEB",15,0.315796947551913,0.334418680390755,0.324841157097046
"DS16","Istanbul Stock Exchange - FTSE (Daily)","mc.rpart_SMOTEB",16,0.387226072375107,0.447675115193412,0.415262258905798
"DS16","Istanbul Stock Exchange - FTSE (Daily)","mc.rpart_SMOTEB",17,0.325149906398856,0.388951905383094,0.354200685511176
"DS16","Istanbul Stock Exchange - FTSE (Daily)","mc.rpart_SMOTEB",18,0.308288881079001,0.42796560622799,0.358400634994868
"DS16","Istanbul Stock Exchange - FTSE (Daily)","mc.rpart_SMOTEB",19,0.331028423731456,0.339301190557261,0.335113758623231
"DS16","Istanbul Stock Exchange - FTSE (Daily)","mc.rpart_SMOTEB",20,0.303116689331373,0.315894574634003,0.30937374879872
"DS16","Istanbul Stock Exchange - FTSE (Daily)","mc.rpart_SMOTEB",21,0.330125111838327,0.458938270956048,0.38401743466972
"DS16","Istanbul Stock Exchange - FTSE (Daily)","mc.rpart_SMOTEB",22,0.276836441685271,0.282869167033404,0.279820292825989
"DS16","Istanbul Stock Exchange - FTSE (Daily)","mc.rpart_SMOTEB",23,0.380583171976316,0.454608658588988,0.414315367947476
"DS16","Istanbul Stock Exchange - FTSE (Daily)","mc.rpart_SMOTEB",24,0.344278482624582,0.32455400520467,0.334125397539362
"DS16","Istanbul Stock Exchange - FTSE (Daily)","mc.rpart_SMOTEB",25,0.353343596824364,0.327733754119763,0.340057185342899
"DS16","Istanbul Stock Exchange - FTSE (Daily)","mc.rpart_SMOTEB",26,0.394348856567147,0.334100417481153,0.361733129007315
"DS16","Istanbul Stock Exchange - FTSE (Daily)","mc.rpart_SMOTEB",27,0.396892630847181,0.308486326428815,0.347149424897882
"DS16","Istanbul Stock Exchange - FTSE (Daily)","mc.rpart_SMOTEB",28,0.381453322238481,0.348351230034032,0.364151562465795
"DS16","Istanbul Stock Exchange - FTSE (Daily)","mc.rpart_SMOTEB",29,0.392096428766742,0.48029633657497,0.431737826819391
"DS16","Istanbul Stock Exchange - FTSE (Daily)","mc.rpart_SMOTEB",30,0.360081734026974,0.36563478687651,0.362837014968787
"DS16","Istanbul Stock Exchange - FTSE (Daily)","mc.rpart_SMOTEB",31,0.348689264948753,0.368847833667486,0.358485380748911
"DS16","Istanbul Stock Exchange - FTSE (Daily)","mc.rpart_SMOTEB",32,0.393592264657632,0.36275845892897,0.377546867930557
"DS16","Istanbul Stock Exchange - FTSE (Daily)","mc.rpart_SMOTEB",33,0.380761554088465,0.522264532678139,0.440426379751332
"DS16","Istanbul Stock Exchange - FTSE (Daily)","mc.rpart_SMOTEB",34,0.28525970732988,0.286732701366569,0.285994307722151
"DS16","Istanbul Stock Exchange - FTSE (Daily)","mc.rpart_SMOTEB",35,0.398409148552784,0.524650589878939,0.452897220187543
"DS16","Istanbul Stock Exchange - FTSE (Daily)","mc.rpart_SMOTEB",36,0.346723553676122,0.468141149127227,0.398386535308272
"DS16","Istanbul Stock Exchange - FTSE (Daily)","mc.rpart_SMOTEB",37,0.40518592503457,0.675877461936805,0.506641956291011
"DS16","Istanbul Stock Exchange - FTSE (Daily)","mc.rpart_SMOTEB",38,0.345696592775045,0.495826249789284,0.407369679088613
"DS16","Istanbul Stock Exchange - FTSE (Daily)","mc.rpart_SMOTEB",39,0.375916967291738,0.476883468296256,0.420423301097146
"DS16","Istanbul Stock Exchange - FTSE (Daily)","mc.rpart_SMOTEB",40,0.323959132890687,0.287458398784204,0.304619245565871
"DS16","Istanbul Stock Exchange - FTSE (Daily)","mc.rpart_SMOTEB",41,0.345478163109321,0.444438047926811,0.388759309578529
"DS16","Istanbul Stock Exchange - FTSE (Daily)","mc.rpart_SMOTEB",42,0.371656039336957,0.670242713764631,0.478164988009979
"DS16","Istanbul Stock Exchange - FTSE (Daily)","mc.rpart_SMOTEB",43,0.376669510168949,0.430035709035975,0.401587434967592
"DS16","Istanbul Stock Exchange - FTSE (Daily)","mc.rpart_SMOTEB",44,0.369533649439895,0.490393734585083,0.421470439877098
"DS16","Istanbul Stock Exchange - FTSE (Daily)","mc.rpart_SMOTEB",45,0.312911683912075,0.467720562305938,0.374965880439892
"DS16","Istanbul Stock Exchange - FTSE (Daily)","mc.rpart_SMOTEB",46,0.289027704296568,0.424360900021548,0.343857628182017
"DS16","Istanbul Stock Exchange - FTSE (Daily)","mc.rpart_SMOTEB",47,0.341077736616338,0.450884546121465,0.388368698405069
"DS16","Istanbul Stock Exchange - FTSE (Daily)","mc.rpart_SMOTEB",48,0.378869148905186,0.359356601357367,0.368855000414992
"DS16","Istanbul Stock Exchange - FTSE (Daily)","mc.rpart_SMOTEB",49,0.370975324954662,0.411951187641669,0.390390983680026
"DS16","Istanbul Stock Exchange - FTSE (Daily)","mc.rpart_SMOTEB",50,0.342879065957338,0.442121970202827,0.386227179836316
"DS16","Istanbul Stock Exchange - FTSE (Daily)","mc.rpart_SMOTET",1,0.245240734955595,0.346894519004032,0.28734200919041
"DS16","Istanbul Stock Exchange - FTSE (Daily)","mc.rpart_SMOTET",2,0.317416078191329,0.412512653195846,0.358769679699789
"DS16","Istanbul Stock Exchange - FTSE (Daily)","mc.rpart_SMOTET",3,0.297342863103343,0.410598747367812,0.344911516213146
"DS16","Istanbul Stock Exchange - FTSE (Daily)","mc.rpart_SMOTET",4,0.335670593695385,0.395000830173135,0.362926915828708
"DS16","Istanbul Stock Exchange - FTSE (Daily)","mc.rpart_SMOTET",5,0.31153210118787,0.316344142988371,0.313919682350589
"DS16","Istanbul Stock Exchange - FTSE (Daily)","mc.rpart_SMOTET",6,0.312190887577247,0.356842673205794,0.333026734094378
"DS16","Istanbul Stock Exchange - FTSE (Daily)","mc.rpart_SMOTET",7,0.300733557967862,0.427815164579062,0.353190864563436
"DS16","Istanbul Stock Exchange - FTSE (Daily)","mc.rpart_SMOTET",8,0.32217722458924,0.328143250623136,0.325132871509015
"DS16","Istanbul Stock Exchange - FTSE (Daily)","mc.rpart_SMOTET",9,0.305305631381592,0.332499893381344,0.318323018355273
"DS16","Istanbul Stock Exchange - FTSE (Daily)","mc.rpart_SMOTET",10,0.306998587205195,0.345283916458108,0.325017684644296
"DS16","Istanbul Stock Exchange - FTSE (Daily)","mc.rpart_SMOTET",11,0.358736086311788,0.302228639401393,0.32806688481963
"DS16","Istanbul Stock Exchange - FTSE (Daily)","mc.rpart_SMOTET",12,0.354854759067988,0.423533558629285,0.386164323095747
"DS16","Istanbul Stock Exchange - FTSE (Daily)","mc.rpart_SMOTET",13,0.394035784115341,0.402246724437218,0.398098920343131
"DS16","Istanbul Stock Exchange - FTSE (Daily)","mc.rpart_SMOTET",14,0.339995723445272,0.318853494025826,0.329085385546865
"DS16","Istanbul Stock Exchange - FTSE (Daily)","mc.rpart_SMOTET",15,0.337238242356479,0.297956702334562,0.316382853589979
"DS16","Istanbul Stock Exchange - FTSE (Daily)","mc.rpart_SMOTET",16,0.330962292656515,0.354331066786377,0.342248237509211
"DS16","Istanbul Stock Exchange - FTSE (Daily)","mc.rpart_SMOTET",17,0.412403475481763,0.446803163747031,0.428914696820577
"DS16","Istanbul Stock Exchange - FTSE (Daily)","mc.rpart_SMOTET",18,0.396774843331657,0.331265022090254,0.36107261012403
"DS16","Istanbul Stock Exchange - FTSE (Daily)","mc.rpart_SMOTET",19,0.299179287922378,0.372576514477486,0.331868145834414
"DS16","Istanbul Stock Exchange - FTSE (Daily)","mc.rpart_SMOTET",20,0.298537524461748,0.360929841071633,0.32678220906579
"DS16","Istanbul Stock Exchange - FTSE (Daily)","mc.rpart_SMOTET",21,0.351143385326862,0.415587927574195,0.380657341976091
"DS16","Istanbul Stock Exchange - FTSE (Daily)","mc.rpart_SMOTET",22,0.305674318423314,0.352302518103202,0.327336240796901
"DS16","Istanbul Stock Exchange - FTSE (Daily)","mc.rpart_SMOTET",23,0.319255919070734,0.342388281382497,0.330417724139169
"DS16","Istanbul Stock Exchange - FTSE (Daily)","mc.rpart_SMOTET",24,0.318872310284043,0.35080171169218,0.334075829696299
"DS16","Istanbul Stock Exchange - FTSE (Daily)","mc.rpart_SMOTET",25,0.354116482464833,0.280080432177485,0.312776978758588
"DS16","Istanbul Stock Exchange - FTSE (Daily)","mc.rpart_SMOTET",26,0.412669478477184,0.395138000663719,0.40371350073121
"DS16","Istanbul Stock Exchange - FTSE (Daily)","mc.rpart_SMOTET",27,0.362140427500163,0.366479784685439,0.364297184394729
"DS16","Istanbul Stock Exchange - FTSE (Daily)","mc.rpart_SMOTET",28,0.346255961985666,0.29779776041536,0.320203878724242
"DS16","Istanbul Stock Exchange - FTSE (Daily)","mc.rpart_SMOTET",29,0.406925017768731,0.428947498827063,0.417646148465156
"DS16","Istanbul Stock Exchange - FTSE (Daily)","mc.rpart_SMOTET",30,0.365382154582954,0.334585514730544,0.349306351204457
"DS16","Istanbul Stock Exchange - FTSE (Daily)","mc.rpart_SMOTET",31,0.343236748189075,0.388858673892291,0.364626202285067
"DS16","Istanbul Stock Exchange - FTSE (Daily)","mc.rpart_SMOTET",32,0.384008271575602,0.368124935095985,0.375898893430496
"DS16","Istanbul Stock Exchange - FTSE (Daily)","mc.rpart_SMOTET",33,0.343011508167185,0.348406975330574,0.345688190051097
"DS16","Istanbul Stock Exchange - FTSE (Daily)","mc.rpart_SMOTET",34,0.35494083426877,0.409543905866613,0.380292366835847
"DS16","Istanbul Stock Exchange - FTSE (Daily)","mc.rpart_SMOTET",35,0.341196471241388,0.38212904529151,0.360504582880629
"DS16","Istanbul Stock Exchange - FTSE (Daily)","mc.rpart_SMOTET",36,0.319561190974854,0.36933657704205,0.342650657063059
"DS16","Istanbul Stock Exchange - FTSE (Daily)","mc.rpart_SMOTET",37,0.290676231748927,0.385027278819474,0.331264457790496
"DS16","Istanbul Stock Exchange - FTSE (Daily)","mc.rpart_SMOTET",38,0.31725741014642,0.521923554454938,0.394632676777758
"DS16","Istanbul Stock Exchange - FTSE (Daily)","mc.rpart_SMOTET",39,0.380484278140151,0.483544719074754,0.425868029843168
"DS16","Istanbul Stock Exchange - FTSE (Daily)","mc.rpart_SMOTET",40,0.306102042798539,0.313141533336774,0.309581776003788
"DS16","Istanbul Stock Exchange - FTSE (Daily)","mc.rpart_SMOTET",41,0.395776304147181,0.535866875576073,0.455288926375
"DS16","Istanbul Stock Exchange - FTSE (Daily)","mc.rpart_SMOTET",42,0.355906933789365,0.486328566592955,0.411019741798357
"DS16","Istanbul Stock Exchange - FTSE (Daily)","mc.rpart_SMOTET",43,0.365482931720853,0.502885834874582,0.423313680365199
"DS16","Istanbul Stock Exchange - FTSE (Daily)","mc.rpart_SMOTET",44,0.345740849883781,0.393741920611754,0.368183470119138
"DS16","Istanbul Stock Exchange - FTSE (Daily)","mc.rpart_SMOTET",45,0.342165072103078,0.448555685910949,0.388203008600522
"DS16","Istanbul Stock Exchange - FTSE (Daily)","mc.rpart_SMOTET",46,0.301444392896844,0.432439233939547,0.355250826078844
"DS16","Istanbul Stock Exchange - FTSE (Daily)","mc.rpart_SMOTET",47,0.332270837548564,0.448895317564454,0.38187733086616
"DS16","Istanbul Stock Exchange - FTSE (Daily)","mc.rpart_SMOTET",48,0.383842905667043,0.484886070617656,0.428488247414832
"DS16","Istanbul Stock Exchange - FTSE (Daily)","mc.rpart_SMOTET",49,0.32830517736241,0.362033438650575,0.344345367708836
"DS16","Istanbul Stock Exchange - FTSE (Daily)","mc.rpart_SMOTET",50,0.337854854576133,0.36590465551104,0.351320763426982
"DS16","Istanbul Stock Exchange - FTSE (Daily)","mc.rpart_SMOTETPhi",1,0.276724080798267,0.286896587843441,0.281718535079501
"DS16","Istanbul Stock Exchange - FTSE (Daily)","mc.rpart_SMOTETPhi",2,0.248983334379679,0.192395383016403,0.217061865897319
"DS16","Istanbul Stock Exchange - FTSE (Daily)","mc.rpart_SMOTETPhi",3,0.339070710449673,0.464052188977853,0.391836680325277
"DS16","Istanbul Stock Exchange - FTSE (Daily)","mc.rpart_SMOTETPhi",4,0.331478042595681,0.3336464877666,0.332558730388598
"DS16","Istanbul Stock Exchange - FTSE (Daily)","mc.rpart_SMOTETPhi",5,0.326217872513082,0.395030644960629,0.357341619301766
"DS16","Istanbul Stock Exchange - FTSE (Daily)","mc.rpart_SMOTETPhi",6,0.26593623272895,0.21235443974277,0.236144014335961
"DS16","Istanbul Stock Exchange - FTSE (Daily)","mc.rpart_SMOTETPhi",7,0.332620552046634,0.322419851101997,0.327440775710459
"DS16","Istanbul Stock Exchange - FTSE (Daily)","mc.rpart_SMOTETPhi",8,0.300713934105127,0.273404143480029,0.286409499357134
"DS16","Istanbul Stock Exchange - FTSE (Daily)","mc.rpart_SMOTETPhi",9,0.300812172686271,0.36189918088614,0.328540256052356
"DS16","Istanbul Stock Exchange - FTSE (Daily)","mc.rpart_SMOTETPhi",10,0.280062535033736,0.371404183961244,0.319329888233703
"DS16","Istanbul Stock Exchange - FTSE (Daily)","mc.rpart_SMOTETPhi",11,0.286159085226777,0.235513219861503,0.25837770913668
"DS16","Istanbul Stock Exchange - FTSE (Daily)","mc.rpart_SMOTETPhi",12,0.353758162748314,0.290392141435874,0.31895844731769
"DS16","Istanbul Stock Exchange - FTSE (Daily)","mc.rpart_SMOTETPhi",13,0.353260463843659,0.385185649285302,0.368532946990226
"DS16","Istanbul Stock Exchange - FTSE (Daily)","mc.rpart_SMOTETPhi",14,0.362446984050152,0.419438543300305,0.388865709098729
"DS16","Istanbul Stock Exchange - FTSE (Daily)","mc.rpart_SMOTETPhi",15,0.379553607998598,0.372777087454442,0.376134828414359
"DS16","Istanbul Stock Exchange - FTSE (Daily)","mc.rpart_SMOTETPhi",16,0.342306845286324,0.259142669698614,0.294975081144857
"DS16","Istanbul Stock Exchange - FTSE (Daily)","mc.rpart_SMOTETPhi",17,0.366637229695474,0.34868838598232,0.357437622983512
"DS16","Istanbul Stock Exchange - FTSE (Daily)","mc.rpart_SMOTETPhi",18,0.356839019994291,0.302898887614065,0.327663882784579
"DS16","Istanbul Stock Exchange - FTSE (Daily)","mc.rpart_SMOTETPhi",19,0.317413701666672,0.431310016334752,0.36569887011504
"DS16","Istanbul Stock Exchange - FTSE (Daily)","mc.rpart_SMOTETPhi",20,0.347258021117028,0.418880055840084,0.379721263441552
"DS16","Istanbul Stock Exchange - FTSE (Daily)","mc.rpart_SMOTETPhi",21,0.291112770804746,0.320513647244063,0.305106559090808
"DS16","Istanbul Stock Exchange - FTSE (Daily)","mc.rpart_SMOTETPhi",22,0.39481026275429,0.45870766083734,0.424367168156261
"DS16","Istanbul Stock Exchange - FTSE (Daily)","mc.rpart_SMOTETPhi",23,0.364246034039125,0.447257231913261,0.401505895921511
"DS16","Istanbul Stock Exchange - FTSE (Daily)","mc.rpart_SMOTETPhi",24,0.330600807694464,0.395357622031755,0.360091001963167
"DS16","Istanbul Stock Exchange - FTSE (Daily)","mc.rpart_SMOTETPhi",25,0.382176928329243,0.353748875450726,0.367413828745441
"DS16","Istanbul Stock Exchange - FTSE (Daily)","mc.rpart_SMOTETPhi",26,0.310224894763958,0.288511088107635,0.298974254118351
"DS16","Istanbul Stock Exchange - FTSE (Daily)","mc.rpart_SMOTETPhi",27,0.36814051784422,0.342173828555943,0.354682546046617
"DS16","Istanbul Stock Exchange - FTSE (Daily)","mc.rpart_SMOTETPhi",28,0.398862766100368,0.443794030304883,0.420130509268704
"DS16","Istanbul Stock Exchange - FTSE (Daily)","mc.rpart_SMOTETPhi",29,0.394469199577157,0.42758942131632,0.410362114056985
"DS16","Istanbul Stock Exchange - FTSE (Daily)","mc.rpart_SMOTETPhi",30,0.38447426558516,0.329942370202865,0.355127090032692
"DS16","Istanbul Stock Exchange - FTSE (Daily)","mc.rpart_SMOTETPhi",31,0.325410289947708,0.442589077016477,0.37506030883574
"DS16","Istanbul Stock Exchange - FTSE (Daily)","mc.rpart_SMOTETPhi",32,0.386544498590442,0.447286651532287,0.414703131244971
"DS16","Istanbul Stock Exchange - FTSE (Daily)","mc.rpart_SMOTETPhi",33,0.291663977536937,0.435723940914416,0.349428343505453
"DS16","Istanbul Stock Exchange - FTSE (Daily)","mc.rpart_SMOTETPhi",34,0.370966097980746,0.433837656416107,0.399946102832008
"DS16","Istanbul Stock Exchange - FTSE (Daily)","mc.rpart_SMOTETPhi",35,0.366457204278967,0.519346193184808,0.429707437456994
"DS16","Istanbul Stock Exchange - FTSE (Daily)","mc.rpart_SMOTETPhi",36,0.337758758202964,0.330338691242152,0.334007520109557
"DS16","Istanbul Stock Exchange - FTSE (Daily)","mc.rpart_SMOTETPhi",37,0.34927176820053,0.358610812314944,0.353879685588141
"DS16","Istanbul Stock Exchange - FTSE (Daily)","mc.rpart_SMOTETPhi",38,0.309350409124025,0.334554476533897,0.321459167324961
"DS16","Istanbul Stock Exchange - FTSE (Daily)","mc.rpart_SMOTETPhi",39,0.354693452254533,0.467998535405886,0.403543534306783
"DS16","Istanbul Stock Exchange - FTSE (Daily)","mc.rpart_SMOTETPhi",40,0.278780723166804,0.276127321756313,0.277447678582506
"DS16","Istanbul Stock Exchange - FTSE (Daily)","mc.rpart_SMOTETPhi",41,0.315330932213648,0.306726875296281,0.310969399803287
"DS16","Istanbul Stock Exchange - FTSE (Daily)","mc.rpart_SMOTETPhi",42,0.423166103562707,0.519708188397807,0.466494613224948
"DS16","Istanbul Stock Exchange - FTSE (Daily)","mc.rpart_SMOTETPhi",43,0.294275434993618,0.415485653391718,0.344530641046006
"DS16","Istanbul Stock Exchange - FTSE (Daily)","mc.rpart_SMOTETPhi",44,0.303431657724748,0.480078849138033,0.371842163587104
"DS16","Istanbul Stock Exchange - FTSE (Daily)","mc.rpart_SMOTETPhi",45,0.387368142768412,0.43419187035495,0.409445678314154
"DS16","Istanbul Stock Exchange - FTSE (Daily)","mc.rpart_SMOTETPhi",46,0.309753255973644,0.334322419427856,0.321569225225622
"DS16","Istanbul Stock Exchange - FTSE (Daily)","mc.rpart_SMOTETPhi",47,0.28980795238357,0.314939141018853,0.301851364247494
"DS16","Istanbul Stock Exchange - FTSE (Daily)","mc.rpart_SMOTETPhi",48,0.353497532857624,0.448302761260235,0.395295240576349
"DS16","Istanbul Stock Exchange - FTSE (Daily)","mc.rpart_SMOTETPhi",49,0.343919649336914,0.40371504736189,0.371426147378692
"DS16","Istanbul Stock Exchange - FTSE (Daily)","mc.rpart_SMOTETPhi",50,0.38460324784678,0.32182564534901,0.350425045277162
"DS16","Istanbul Stock Exchange - FTSE (Daily)","mc.arima",1,1e-05,0.377593024729939,1.99994703432258e-05
"DS16","Istanbul Stock Exchange - FTSE (Daily)","mc.arima",2,1e-05,0.380763953963575,1.99994747539901e-05
"DS16","Istanbul Stock Exchange - FTSE (Daily)","mc.arima",3,1e-05,0.381953784041502,1.99994763901491e-05
"DS16","Istanbul Stock Exchange - FTSE (Daily)","mc.arima",4,1e-05,0.382033308458768,1.99994764991414e-05
"DS16","Istanbul Stock Exchange - FTSE (Daily)","mc.arima",5,1e-05,0.374061882506232,1.99994653434023e-05
"DS16","Istanbul Stock Exchange - FTSE (Daily)","mc.arima",6,1e-05,0.37849248907841,1.99994716018896e-05
"DS16","Istanbul Stock Exchange - FTSE (Daily)","mc.arima",7,1e-05,0.375694728004088,1.99994676670665e-05
"DS16","Istanbul Stock Exchange - FTSE (Daily)","mc.arima",8,1e-05,0.380856234412382,1.99994748812524e-05
"DS16","Istanbul Stock Exchange - FTSE (Daily)","mc.arima",9,1e-05,0.374686221676603,1.99994662342761e-05
"DS16","Istanbul Stock Exchange - FTSE (Daily)","mc.arima",10,1e-05,0.375922527856698,1.99994679896386e-05
"DS16","Istanbul Stock Exchange - FTSE (Daily)","mc.arima",11,1e-05,0.371675130524299,1.99994619101396e-05
"DS16","Istanbul Stock Exchange - FTSE (Daily)","mc.arima",12,1e-05,0.367989729944523,1.99994565213403e-05
"DS16","Istanbul Stock Exchange - FTSE (Daily)","mc.arima",13,1e-05,0.367566451337648,1.99994558955034e-05
"DS16","Istanbul Stock Exchange - FTSE (Daily)","mc.arima",14,1e-05,0.372230070859472,1.99994627123309e-05
"DS16","Istanbul Stock Exchange - FTSE (Daily)","mc.arima",15,1e-05,0.367069288282408,1.99994551585819e-05
"DS16","Istanbul Stock Exchange - FTSE (Daily)","mc.arima",16,1e-05,0.369977623255503,1.99994594413774e-05
"DS16","Istanbul Stock Exchange - FTSE (Daily)","mc.arima",17,1e-05,0.367805729896176,1.99994562494648e-05
"DS16","Istanbul Stock Exchange - FTSE (Daily)","mc.arima",18,1e-05,0.364501206731319,1.99994513200244e-05
"DS16","Istanbul Stock Exchange - FTSE (Daily)","mc.arima",19,1e-05,0.365959487704237,1.99994535063531e-05
"DS16","Istanbul Stock Exchange - FTSE (Daily)","mc.arima",20,1e-05,0.365327862457922,1.99994525615313e-05
"DS16","Istanbul Stock Exchange - FTSE (Daily)","mc.arima",21,1e-05,0.359817039243371,1.99994441774014e-05
"DS16","Istanbul Stock Exchange - FTSE (Daily)","mc.arima",22,1e-05,0.352382524139403,1.999943245107e-05
"DS16","Istanbul Stock Exchange - FTSE (Daily)","mc.arima",23,1e-05,0.351707916944391,1.99994313624915e-05
"DS16","Istanbul Stock Exchange - FTSE (Daily)","mc.arima",24,1e-05,0.349981287988812,1.99994285572045e-05
"DS16","Istanbul Stock Exchange - FTSE (Daily)","mc.arima",25,1e-05,0.355643482817996,1.99994376548813e-05
"DS16","Istanbul Stock Exchange - FTSE (Daily)","mc.arima",26,1e-05,0.349518088568189,1.99994277999207e-05
"DS16","Istanbul Stock Exchange - FTSE (Daily)","mc.arima",27,1e-05,0.350217827512902,1.99994289431499e-05
"DS16","Istanbul Stock Exchange - FTSE (Daily)","mc.arima",28,1e-05,0.368658180366653,1.99994575067482e-05
"DS16","Istanbul Stock Exchange - FTSE (Daily)","mc.arima",29,1e-05,0.356830373533778,1.99994395253037e-05
"DS16","Istanbul Stock Exchange - FTSE (Daily)","mc.arima",30,1e-05,0.351595352221149,1.9999431180445e-05
"DS16","Istanbul Stock Exchange - FTSE (Daily)","mc.arima",31,1e-05,0.385380793888296,1.9999481046244e-05
"DS16","Istanbul Stock Exchange - FTSE (Daily)","mc.arima",32,1e-05,0.385380793888296,1.9999481046244e-05
"DS16","Istanbul Stock Exchange - FTSE (Daily)","mc.arima",33,1e-05,0.379197107031545,1.99994725837246e-05
"DS16","Istanbul Stock Exchange - FTSE (Daily)","mc.arima",34,1e-05,0.387762493839472,1.99994842336597e-05
"DS16","Istanbul Stock Exchange - FTSE (Daily)","mc.arima",35,1e-05,0.388637541436565,1.99994853949178e-05
"DS16","Istanbul Stock Exchange - FTSE (Daily)","mc.arima",36,1e-05,0.387479808956526,1.99994838573935e-05
"DS16","Istanbul Stock Exchange - FTSE (Daily)","mc.arima",37,1e-05,0.387237506289511,1.99994835344405e-05
"DS16","Istanbul Stock Exchange - FTSE (Daily)","mc.arima",38,1e-05,0.383548454379839,1.99994785670927e-05
"DS16","Istanbul Stock Exchange - FTSE (Daily)","mc.arima",39,1e-05,0.396205024160765,1.99994952235837e-05
"DS16","Istanbul Stock Exchange - FTSE (Daily)","mc.arima",40,1e-05,0.396769822121631,1.99994959421098e-05
"DS16","Istanbul Stock Exchange - FTSE (Daily)","mc.arima",41,1e-05,0.38867129617633,1.99994854396083e-05
"DS16","Istanbul Stock Exchange - FTSE (Daily)","mc.arima",42,1e-05,0.382514016733592,1.99994771570117e-05
"DS16","Istanbul Stock Exchange - FTSE (Daily)","mc.arima",43,1e-05,0.390691048819476,1.99994880996593e-05
"DS16","Istanbul Stock Exchange - FTSE (Daily)","mc.arima",44,1e-05,0.385102926437376,1.99994806718075e-05
"DS16","Istanbul Stock Exchange - FTSE (Daily)","mc.arima",45,1e-05,0.384973242953882,1.99994804968693e-05
"DS16","Istanbul Stock Exchange - FTSE (Daily)","mc.arima",46,1e-05,0.392499712181211,1.99994904584682e-05
"DS16","Istanbul Stock Exchange - FTSE (Daily)","mc.arima",47,1e-05,0.375679080632748,1.99994676448949e-05
"DS16","Istanbul Stock Exchange - FTSE (Daily)","mc.arima",48,1e-05,0.38948969772515,1.99994865207825e-05
"DS16","Istanbul Stock Exchange - FTSE (Daily)","mc.arima",49,1e-05,0.394691513983594,1.99994932879837e-05
"DS16","Istanbul Stock Exchange - FTSE (Daily)","mc.arima",50,1e-05,0.394302318619586,1.99994927878472e-05
"DS16","Istanbul Stock Exchange - FTSE (Daily)","mc.BDES",1,1e-05,0.390067965099698,1.99994872819849e-05
"DS16","Istanbul Stock Exchange - FTSE (Daily)","mc.BDES",2,1e-05,0.396795416510381,1.99994959746221e-05
"DS16","Istanbul Stock Exchange - FTSE (Daily)","mc.BDES",3,1e-05,0.399843503482893,1.99994998168123e-05
"DS16","Istanbul Stock Exchange - FTSE (Daily)","mc.BDES",4,1e-05,0.401081365418432,1.99995013604948e-05
"DS16","Istanbul Stock Exchange - FTSE (Daily)","mc.BDES",5,1e-05,0.397725343192772,1.99994971530606e-05
"DS16","Istanbul Stock Exchange - FTSE (Daily)","mc.BDES",6,1e-05,0.393926356562802,1.99994923037778e-05
"DS16","Istanbul Stock Exchange - FTSE (Daily)","mc.BDES",7,1e-05,0.39733247348382,1.99994966558741e-05
"DS16","Istanbul Stock Exchange - FTSE (Daily)","mc.BDES",8,1e-05,0.401582101848878,1.99995019822375e-05
"DS16","Istanbul Stock Exchange - FTSE (Daily)","mc.BDES",9,1e-05,0.400718736793629,1.99995009092645e-05
"DS16","Istanbul Stock Exchange - FTSE (Daily)","mc.BDES",10,1e-05,0.403179660289451,1.99995039555333e-05
"DS16","Istanbul Stock Exchange - FTSE (Daily)","mc.BDES",11,1e-05,0.393084795643611,1.99994912168713e-05
"DS16","Istanbul Stock Exchange - FTSE (Daily)","mc.BDES",12,1e-05,0.391455783539569,1.99994890996649e-05
"DS16","Istanbul Stock Exchange - FTSE (Daily)","mc.BDES",13,1e-05,0.390825156120323,1.99994882753077e-05
"DS16","Istanbul Stock Exchange - FTSE (Daily)","mc.BDES",14,1e-05,0.394715840279785,1.99994933192115e-05
"DS16","Istanbul Stock Exchange - FTSE (Daily)","mc.BDES",15,1e-05,0.399605674631313,1.99994995191313e-05
"DS16","Istanbul Stock Exchange - FTSE (Daily)","mc.BDES",16,1e-05,0.391773996718031,1.99994895146262e-05
"DS16","Istanbul Stock Exchange - FTSE (Daily)","mc.BDES",17,1e-05,0.393993160798474,1.9999492389859e-05
"DS16","Istanbul Stock Exchange - FTSE (Daily)","mc.BDES",18,1e-05,0.387181952609073,1.99994834603389e-05
"DS16","Istanbul Stock Exchange - FTSE (Daily)","mc.BDES",19,1e-05,0.387543977125604,1.99994839428523e-05
"DS16","Istanbul Stock Exchange - FTSE (Daily)","mc.BDES",20,1e-05,0.398828289981318,1.99994985436328e-05
"DS16","Istanbul Stock Exchange - FTSE (Daily)","mc.BDES",21,1e-05,0.398103396880103,1.99994976305707e-05
"DS16","Istanbul Stock Exchange - FTSE (Daily)","mc.BDES",22,1e-05,0.390728744565777,1.99994881490439e-05
"DS16","Istanbul Stock Exchange - FTSE (Daily)","mc.BDES",23,1e-05,0.39179818721948,1.99994895461439e-05
"DS16","Istanbul Stock Exchange - FTSE (Daily)","mc.BDES",24,1e-05,0.379195482156951,1.99994725814646e-05
"DS16","Istanbul Stock Exchange - FTSE (Daily)","mc.BDES",25,1e-05,0.387817729324395,1.99994843071166e-05
"DS16","Istanbul Stock Exchange - FTSE (Daily)","mc.BDES",26,1e-05,0.385291466845446,1.99994809259315e-05
"DS16","Istanbul Stock Exchange - FTSE (Daily)","mc.BDES",27,1e-05,0.386083687413999,1.99994819910128e-05
"DS16","Istanbul Stock Exchange - FTSE (Daily)","mc.BDES",28,1e-05,0.393336624592202,1.99994915426052e-05
"DS16","Istanbul Stock Exchange - FTSE (Daily)","mc.BDES",29,1e-05,0.398480403348538,1.99994981058557e-05
"DS16","Istanbul Stock Exchange - FTSE (Daily)","mc.BDES",30,1e-05,0.40086573084177,1.99995010922722e-05
"DS16","Istanbul Stock Exchange - FTSE (Daily)","mc.BDES",31,1e-05,0.441288582710171,1.99995467921089e-05
"DS16","Istanbul Stock Exchange - FTSE (Daily)","mc.BDES",32,1e-05,0.438893506696367,1.99995443189746e-05
"DS16","Istanbul Stock Exchange - FTSE (Daily)","mc.BDES",33,1e-05,0.437008424445867,1.9999542353391e-05
"DS16","Istanbul Stock Exchange - FTSE (Daily)","mc.BDES",34,1e-05,0.44324047694221,1.99995487878516e-05
"DS16","Istanbul Stock Exchange - FTSE (Daily)","mc.BDES",35,1e-05,0.446624995188829,1.99995522070546e-05
"DS16","Istanbul Stock Exchange - FTSE (Daily)","mc.BDES",36,1e-05,0.443722281629992,1.99995492777779e-05
"DS16","Istanbul Stock Exchange - FTSE (Daily)","mc.BDES",37,1e-05,0.440930922134747,1.99995464244983e-05
"DS16","Istanbul Stock Exchange - FTSE (Daily)","mc.BDES",38,1e-05,0.420881078369726,1.99995248176778e-05
"DS16","Istanbul Stock Exchange - FTSE (Daily)","mc.BDES",39,1e-05,0.43504415390118,1.99995402871155e-05
"DS16","Istanbul Stock Exchange - FTSE (Daily)","mc.BDES",40,1e-05,0.43600782385188,1.99995413031554e-05
"DS16","Istanbul Stock Exchange - FTSE (Daily)","mc.BDES",41,1e-05,0.433251914713592,1.99995383854588e-05
"DS16","Istanbul Stock Exchange - FTSE (Daily)","mc.BDES",42,1e-05,0.396344392357277,1.99994954010758e-05
"DS16","Istanbul Stock Exchange - FTSE (Daily)","mc.BDES",43,1e-05,0.419100054515445,1.99995227983728e-05
"DS16","Istanbul Stock Exchange - FTSE (Daily)","mc.BDES",44,1e-05,0.415374936875191,1.99995185188912e-05
"DS16","Istanbul Stock Exchange - FTSE (Daily)","mc.BDES",45,1e-05,0.416506728973852,1.99995198272096e-05
"DS16","Istanbul Stock Exchange - FTSE (Daily)","mc.BDES",46,1e-05,0.41585565703494,1.99995190754595e-05
"DS16","Istanbul Stock Exchange - FTSE (Daily)","mc.BDES",47,1e-05,0.413615919256175,1.99995164713073e-05
"DS16","Istanbul Stock Exchange - FTSE (Daily)","mc.BDES",48,1e-05,0.398465664190302,1.99994980872912e-05
"DS16","Istanbul Stock Exchange - FTSE (Daily)","mc.BDES",49,1e-05,0.409774319119373,1.99995119383767e-05
"DS16","Istanbul Stock Exchange - FTSE (Daily)","mc.BDES",50,1e-05,0.410810268715511,1.99995131691028e-05
