"dataset_id","dataset_name","workflow","iteration","prec","rec","F1"
"DS09","Icelandic River - Flow of Vatnsdalsa River (Daily)","mc.lm",1,0.239298816800556,0.3450288017023,0.282598259589438
"DS09","Icelandic River - Flow of Vatnsdalsa River (Daily)","mc.lm",2,0.205474997820742,0.333722929596312,0.254347113535901
"DS09","Icelandic River - Flow of Vatnsdalsa River (Daily)","mc.lm",3,0.205905096094926,0.265041338756904,0.231760379895595
"DS09","Icelandic River - Flow of Vatnsdalsa River (Daily)","mc.lm",4,0.238744009417972,0.253506828669714,0.245904047320936
"DS09","Icelandic River - Flow of Vatnsdalsa River (Daily)","mc.lm",5,0.241022966206824,0.253573886085231,0.247139179692007
"DS09","Icelandic River - Flow of Vatnsdalsa River (Daily)","mc.lm",6,0.240894971502257,0.253554995323548,0.247062908163728
"DS09","Icelandic River - Flow of Vatnsdalsa River (Daily)","mc.lm",7,0.24952197799449,0.256220263451716,0.25282676311918
"DS09","Icelandic River - Flow of Vatnsdalsa River (Daily)","mc.lm",8,0.248355871821668,0.255425794482114,0.251841224551809
"DS09","Icelandic River - Flow of Vatnsdalsa River (Daily)","mc.lm",9,0.258880133700569,0.262855383128443,0.260852614143603
"DS09","Icelandic River - Flow of Vatnsdalsa River (Daily)","mc.lm",10,0.25252098395366,0.26135484141042,0.256861982823391
"DS09","Icelandic River - Flow of Vatnsdalsa River (Daily)","mc.lm",11,0.252363520518411,0.261394038079667,0.256799412829331
"DS09","Icelandic River - Flow of Vatnsdalsa River (Daily)","mc.lm",12,0.252437395921948,0.261703982640183,0.256987181482445
"DS09","Icelandic River - Flow of Vatnsdalsa River (Daily)","mc.lm",13,0.270433403174807,0.262838497183363,0.266581866514654
"DS09","Icelandic River - Flow of Vatnsdalsa River (Daily)","mc.lm",14,0.267437403400629,0.26218506888539,0.264785192102864
"DS09","Icelandic River - Flow of Vatnsdalsa River (Daily)","mc.lm",15,0.259963893165752,0.264821960891093,0.262370440883034
"DS09","Icelandic River - Flow of Vatnsdalsa River (Daily)","mc.lm",16,0.260666253458444,0.263802998316418,0.262225245768129
"DS09","Icelandic River - Flow of Vatnsdalsa River (Daily)","mc.lm",17,0.266072077777582,0.260876338255532,0.263448592881983
"DS09","Icelandic River - Flow of Vatnsdalsa River (Daily)","mc.lm",18,0.267122767773612,0.257218949356101,0.262077326412023
"DS09","Icelandic River - Flow of Vatnsdalsa River (Daily)","mc.lm",19,0.266702315669352,0.258939124939835,0.262763393079563
"DS09","Icelandic River - Flow of Vatnsdalsa River (Daily)","mc.lm",20,0.254057110392048,0.2592336301489,0.256619267757145
"DS09","Icelandic River - Flow of Vatnsdalsa River (Daily)","mc.lm",21,0.258280319233978,0.25956925446672,0.258923182760939
"DS09","Icelandic River - Flow of Vatnsdalsa River (Daily)","mc.lm",22,0.264731981159975,0.254408383523943,0.259467535085647
"DS09","Icelandic River - Flow of Vatnsdalsa River (Daily)","mc.lm",23,0.241115019567109,0.246337894317143,0.243698476372232
"DS09","Icelandic River - Flow of Vatnsdalsa River (Daily)","mc.lm",24,0.227993525803923,0.238617576784636,0.233184604258713
"DS09","Icelandic River - Flow of Vatnsdalsa River (Daily)","mc.lm",25,0.243471480448143,0.236468072003539,0.239918678405718
"DS09","Icelandic River - Flow of Vatnsdalsa River (Daily)","mc.lm",26,0.246728320519532,0.227867789013004,0.236923294373626
"DS09","Icelandic River - Flow of Vatnsdalsa River (Daily)","mc.lm",27,0.238754443344421,0.222144162691342,0.230149994862291
"DS09","Icelandic River - Flow of Vatnsdalsa River (Daily)","mc.lm",28,0.244891664274722,0.236568119900331,0.240657942785394
"DS09","Icelandic River - Flow of Vatnsdalsa River (Daily)","mc.lm",29,0.251966086839299,0.244840458610588,0.248352171770136
"DS09","Icelandic River - Flow of Vatnsdalsa River (Daily)","mc.lm",30,0.240064217731603,0.238870091233481,0.23946566582526
"DS09","Icelandic River - Flow of Vatnsdalsa River (Daily)","mc.lm",31,0.222583229065873,0.233701042825301,0.228006687727882
"DS09","Icelandic River - Flow of Vatnsdalsa River (Daily)","mc.lm",32,0.235859815411199,0.24914046809077,0.242318311202019
"DS09","Icelandic River - Flow of Vatnsdalsa River (Daily)","mc.lm",33,0.241646201499768,0.249947645469846,0.245726831098162
"DS09","Icelandic River - Flow of Vatnsdalsa River (Daily)","mc.lm",34,0.237334728990689,0.247949807955814,0.242526171737361
"DS09","Icelandic River - Flow of Vatnsdalsa River (Daily)","mc.lm",35,0.237248880474997,0.248703338751364,0.242841112169796
"DS09","Icelandic River - Flow of Vatnsdalsa River (Daily)","mc.lm",36,0.228829043052577,0.256371426896861,0.241818513856534
"DS09","Icelandic River - Flow of Vatnsdalsa River (Daily)","mc.lm",37,0.218286717859933,0.244030537305661,0.230441864113286
"DS09","Icelandic River - Flow of Vatnsdalsa River (Daily)","mc.lm",38,0.232793208406426,0.265122386195433,0.24790824618439
"DS09","Icelandic River - Flow of Vatnsdalsa River (Daily)","mc.lm",39,0.23602214435179,0.249962304676276,0.242792292118808
"DS09","Icelandic River - Flow of Vatnsdalsa River (Daily)","mc.lm",40,0.237399981213713,0.24990318332892,0.243491178979784
"DS09","Icelandic River - Flow of Vatnsdalsa River (Daily)","mc.lm",41,0.248392700541978,0.248692867696237,0.248542693490525
"DS09","Icelandic River - Flow of Vatnsdalsa River (Daily)","mc.lm",42,0.246613719448617,0.255634712696944,0.251043202062603
"DS09","Icelandic River - Flow of Vatnsdalsa River (Daily)","mc.lm",43,0.252796613193388,0.255146917995058,0.253966328048195
"DS09","Icelandic River - Flow of Vatnsdalsa River (Daily)","mc.lm",44,0.253330715866077,0.257771752364629,0.255531939740538
"DS09","Icelandic River - Flow of Vatnsdalsa River (Daily)","mc.lm",45,0.247235649938048,0.257818403576879,0.252416152808625
"DS09","Icelandic River - Flow of Vatnsdalsa River (Daily)","mc.lm",46,0.257260260258829,0.252044373897912,0.254625608632476
"DS09","Icelandic River - Flow of Vatnsdalsa River (Daily)","mc.lm",47,0.257032799518253,0.255703215583859,0.256366283668408
"DS09","Icelandic River - Flow of Vatnsdalsa River (Daily)","mc.lm",48,0.256656061291652,0.249706204959261,0.253133439501484
"DS09","Icelandic River - Flow of Vatnsdalsa River (Daily)","mc.lm",49,0.256971194789684,0.250072555149567,0.253474944868535
"DS09","Icelandic River - Flow of Vatnsdalsa River (Daily)","mc.lm",50,0.265956706343332,0.24758743390166,0.256443539287858
"DS09","Icelandic River - Flow of Vatnsdalsa River (Daily)","mc.lm_UNDERB",1,0.378990268240654,0.360691617159367,0.369614601729653
"DS09","Icelandic River - Flow of Vatnsdalsa River (Daily)","mc.lm_UNDERB",2,0.347934748083193,0.347880449760559,0.347907596803276
"DS09","Icelandic River - Flow of Vatnsdalsa River (Daily)","mc.lm_UNDERB",3,0.22476690049644,0.255800874809516,0.239281835901743
"DS09","Icelandic River - Flow of Vatnsdalsa River (Daily)","mc.lm_UNDERB",4,0.250344697585677,0.243178960123006,0.246709807241414
"DS09","Icelandic River - Flow of Vatnsdalsa River (Daily)","mc.lm_UNDERB",5,0.22791168272292,0.239588637680896,0.233604330058976
"DS09","Icelandic River - Flow of Vatnsdalsa River (Daily)","mc.lm_UNDERB",6,0.234812511650461,0.23876625194194,0.236772877612003
"DS09","Icelandic River - Flow of Vatnsdalsa River (Daily)","mc.lm_UNDERB",7,0.239976320840324,0.249443894678882,0.244618535168662
"DS09","Icelandic River - Flow of Vatnsdalsa River (Daily)","mc.lm_UNDERB",8,0.256680799622816,0.247877029140346,0.252202108146211
"DS09","Icelandic River - Flow of Vatnsdalsa River (Daily)","mc.lm_UNDERB",9,0.270033128623219,0.252128164135322,0.260773664841421
"DS09","Icelandic River - Flow of Vatnsdalsa River (Daily)","mc.lm_UNDERB",10,0.270498491244643,0.258453824485509,0.264339024523351
"DS09","Icelandic River - Flow of Vatnsdalsa River (Daily)","mc.lm_UNDERB",11,0.247274984194768,0.252944448511887,0.250077587627871
"DS09","Icelandic River - Flow of Vatnsdalsa River (Daily)","mc.lm_UNDERB",12,0.262996904946791,0.25559167603404,0.259241418698342
"DS09","Icelandic River - Flow of Vatnsdalsa River (Daily)","mc.lm_UNDERB",13,0.240082141348008,0.25174797915922,0.245776707836628
"DS09","Icelandic River - Flow of Vatnsdalsa River (Daily)","mc.lm_UNDERB",14,0.280671688602344,0.250084890304051,0.264496951126626
"DS09","Icelandic River - Flow of Vatnsdalsa River (Daily)","mc.lm_UNDERB",15,0.263325264412028,0.248968515817084,0.255945720162691
"DS09","Icelandic River - Flow of Vatnsdalsa River (Daily)","mc.lm_UNDERB",16,0.259441826362687,0.239483673677909,0.249063564311653
"DS09","Icelandic River - Flow of Vatnsdalsa River (Daily)","mc.lm_UNDERB",17,0.267834561461047,0.254855404692872,0.261183837348783
"DS09","Icelandic River - Flow of Vatnsdalsa River (Daily)","mc.lm_UNDERB",18,0.27063566091137,0.250958343000912,0.260425835074193
"DS09","Icelandic River - Flow of Vatnsdalsa River (Daily)","mc.lm_UNDERB",19,0.271908088681032,0.252899848670857,0.262059734945308
"DS09","Icelandic River - Flow of Vatnsdalsa River (Daily)","mc.lm_UNDERB",20,0.246179834929388,0.251698910833517,0.24890878290438
"DS09","Icelandic River - Flow of Vatnsdalsa River (Daily)","mc.lm_UNDERB",21,0.266483829402325,0.252703935846898,0.259411014807698
"DS09","Icelandic River - Flow of Vatnsdalsa River (Daily)","mc.lm_UNDERB",22,0.246026538799958,0.239594783972092,0.242768069073634
"DS09","Icelandic River - Flow of Vatnsdalsa River (Daily)","mc.lm_UNDERB",23,0.219116758894647,0.231752082911795,0.22525737228263
"DS09","Icelandic River - Flow of Vatnsdalsa River (Daily)","mc.lm_UNDERB",24,0.227818213529355,0.233607763607159,0.230676667585299
"DS09","Icelandic River - Flow of Vatnsdalsa River (Daily)","mc.lm_UNDERB",25,0.229299019069848,0.224759437909327,0.227006535599723
"DS09","Icelandic River - Flow of Vatnsdalsa River (Daily)","mc.lm_UNDERB",26,0.230598225474537,0.219717027874346,0.225026162705218
"DS09","Icelandic River - Flow of Vatnsdalsa River (Daily)","mc.lm_UNDERB",27,0.243860915484322,0.211412802893318,0.226480543802913
"DS09","Icelandic River - Flow of Vatnsdalsa River (Daily)","mc.lm_UNDERB",28,0.213898273536607,0.200071909794309,0.206754195405254
"DS09","Icelandic River - Flow of Vatnsdalsa River (Daily)","mc.lm_UNDERB",29,0.21431116297945,0.215700191209758,0.215003433666139
"DS09","Icelandic River - Flow of Vatnsdalsa River (Daily)","mc.lm_UNDERB",30,0.215813428012036,0.200659444474293,0.207960736152915
"DS09","Icelandic River - Flow of Vatnsdalsa River (Daily)","mc.lm_UNDERB",31,0.202778809010162,0.196317576964467,0.199495890434579
"DS09","Icelandic River - Flow of Vatnsdalsa River (Daily)","mc.lm_UNDERB",32,0.210968768044465,0.210302949276148,0.210635332497958
"DS09","Icelandic River - Flow of Vatnsdalsa River (Daily)","mc.lm_UNDERB",33,0.178558257989078,0.203078772406256,0.190030782903109
"DS09","Icelandic River - Flow of Vatnsdalsa River (Daily)","mc.lm_UNDERB",34,0.198290228969879,0.205664613750312,0.201910109936715
"DS09","Icelandic River - Flow of Vatnsdalsa River (Daily)","mc.lm_UNDERB",35,0.192976882515093,0.202662802594136,0.197701278806704
"DS09","Icelandic River - Flow of Vatnsdalsa River (Daily)","mc.lm_UNDERB",36,0.216243345680073,0.233670435252922,0.22461937752085
"DS09","Icelandic River - Flow of Vatnsdalsa River (Daily)","mc.lm_UNDERB",37,0.205089827299307,0.216343044700111,0.210566192734075
"DS09","Icelandic River - Flow of Vatnsdalsa River (Daily)","mc.lm_UNDERB",38,0.194427918411553,0.234516252196584,0.212598794307501
"DS09","Icelandic River - Flow of Vatnsdalsa River (Daily)","mc.lm_UNDERB",39,0.237422381861938,0.220848777803603,0.228835883522312
"DS09","Icelandic River - Flow of Vatnsdalsa River (Daily)","mc.lm_UNDERB",40,0.225251248481746,0.232170462094392,0.22865852336338
"DS09","Icelandic River - Flow of Vatnsdalsa River (Daily)","mc.lm_UNDERB",41,0.225432283557973,0.208847659283014,0.216823298077785
"DS09","Icelandic River - Flow of Vatnsdalsa River (Daily)","mc.lm_UNDERB",42,0.231548154535113,0.223076696793154,0.227233497294881
"DS09","Icelandic River - Flow of Vatnsdalsa River (Daily)","mc.lm_UNDERB",43,0.239385880401941,0.225751661616189,0.232368946328078
"DS09","Icelandic River - Flow of Vatnsdalsa River (Daily)","mc.lm_UNDERB",44,0.232211641939098,0.231679724686964,0.231945378353742
"DS09","Icelandic River - Flow of Vatnsdalsa River (Daily)","mc.lm_UNDERB",45,0.255448423043687,0.218797269664618,0.235706589902412
"DS09","Icelandic River - Flow of Vatnsdalsa River (Daily)","mc.lm_UNDERB",46,0.234429258398368,0.217445077309426,0.225617983531545
"DS09","Icelandic River - Flow of Vatnsdalsa River (Daily)","mc.lm_UNDERB",47,0.204195915846032,0.229749613410837,0.216220375889286
"DS09","Icelandic River - Flow of Vatnsdalsa River (Daily)","mc.lm_UNDERB",48,0.235766097729182,0.222632631126209,0.2290112226047
"DS09","Icelandic River - Flow of Vatnsdalsa River (Daily)","mc.lm_UNDERB",49,0.228557302821794,0.225495686716633,0.2270161727436
"DS09","Icelandic River - Flow of Vatnsdalsa River (Daily)","mc.lm_UNDERB",50,0.20456968923231,0.207179017699999,0.205866085565202
"DS09","Icelandic River - Flow of Vatnsdalsa River (Daily)","mc.lm_UNDERT",1,0.407103591505207,0.361299431196022,0.382836328601688
"DS09","Icelandic River - Flow of Vatnsdalsa River (Daily)","mc.lm_UNDERT",2,0.335250828059626,0.347683491271415,0.341353992769259
"DS09","Icelandic River - Flow of Vatnsdalsa River (Daily)","mc.lm_UNDERT",3,0.224190969561661,0.252355993814951,0.237441172753246
"DS09","Icelandic River - Flow of Vatnsdalsa River (Daily)","mc.lm_UNDERT",4,0.244022637962541,0.240197984412877,0.242095206528697
"DS09","Icelandic River - Flow of Vatnsdalsa River (Daily)","mc.lm_UNDERT",5,0.23995526453596,0.239356531185913,0.239655523906417
"DS09","Icelandic River - Flow of Vatnsdalsa River (Daily)","mc.lm_UNDERT",6,0.236012281863339,0.237232367623225,0.236620751974035
"DS09","Icelandic River - Flow of Vatnsdalsa River (Daily)","mc.lm_UNDERT",7,0.264929629819381,0.246118512381478,0.255177862876544
"DS09","Icelandic River - Flow of Vatnsdalsa River (Daily)","mc.lm_UNDERT",8,0.251262567865422,0.245047509819995,0.248116124715992
"DS09","Icelandic River - Flow of Vatnsdalsa River (Daily)","mc.lm_UNDERT",9,0.22739441355424,0.252381556928117,0.239237309329503
"DS09","Icelandic River - Flow of Vatnsdalsa River (Daily)","mc.lm_UNDERT",10,0.241380794721062,0.254631010634506,0.247828922795594
"DS09","Icelandic River - Flow of Vatnsdalsa River (Daily)","mc.lm_UNDERT",11,0.247748952063839,0.254367846033545,0.251014773982225
"DS09","Icelandic River - Flow of Vatnsdalsa River (Daily)","mc.lm_UNDERT",12,0.259718872561019,0.25290132684199,0.256264765036888
"DS09","Icelandic River - Flow of Vatnsdalsa River (Daily)","mc.lm_UNDERT",13,0.26593709611324,0.252999046839299,0.259306786584778
"DS09","Icelandic River - Flow of Vatnsdalsa River (Daily)","mc.lm_UNDERT",14,0.275987540058389,0.258514859002499,0.266965611866275
"DS09","Icelandic River - Flow of Vatnsdalsa River (Daily)","mc.lm_UNDERT",15,0.262452070798686,0.251505063453531,0.2568619844757
"DS09","Icelandic River - Flow of Vatnsdalsa River (Daily)","mc.lm_UNDERT",16,0.268893517211248,0.244663062852403,0.256206673445428
"DS09","Icelandic River - Flow of Vatnsdalsa River (Daily)","mc.lm_UNDERT",17,0.272713762686049,0.245061494717116,0.258149231189445
"DS09","Icelandic River - Flow of Vatnsdalsa River (Daily)","mc.lm_UNDERT",18,0.265020916681946,0.243762023946469,0.253947331483825
"DS09","Icelandic River - Flow of Vatnsdalsa River (Daily)","mc.lm_UNDERT",19,0.274683559215407,0.253974950256563,0.2639236559635
"DS09","Icelandic River - Flow of Vatnsdalsa River (Daily)","mc.lm_UNDERT",20,0.265208383818805,0.244915314122541,0.254658212872841
"DS09","Icelandic River - Flow of Vatnsdalsa River (Daily)","mc.lm_UNDERT",21,0.250683107809538,0.244694374266008,0.247652541441755
"DS09","Icelandic River - Flow of Vatnsdalsa River (Daily)","mc.lm_UNDERT",22,0.248152288927578,0.243733472354701,0.24592303259771
"DS09","Icelandic River - Flow of Vatnsdalsa River (Daily)","mc.lm_UNDERT",23,0.225866893969993,0.22824423240743,0.227049340330784
"DS09","Icelandic River - Flow of Vatnsdalsa River (Daily)","mc.lm_UNDERT",24,0.234157125941274,0.225177023340725,0.229579292965239
"DS09","Icelandic River - Flow of Vatnsdalsa River (Daily)","mc.lm_UNDERT",25,0.214003043196838,0.222811097875622,0.21831826637454
"DS09","Icelandic River - Flow of Vatnsdalsa River (Daily)","mc.lm_UNDERT",26,0.235540758028569,0.217189050304491,0.225992954749692
"DS09","Icelandic River - Flow of Vatnsdalsa River (Daily)","mc.lm_UNDERT",27,0.232278949356352,0.208374184816603,0.219678168467036
"DS09","Icelandic River - Flow of Vatnsdalsa River (Daily)","mc.lm_UNDERT",28,0.2168585375584,0.202169103725658,0.209256344231087
"DS09","Icelandic River - Flow of Vatnsdalsa River (Daily)","mc.lm_UNDERT",29,0.222611995263682,0.211878270233535,0.21711254881961
"DS09","Icelandic River - Flow of Vatnsdalsa River (Daily)","mc.lm_UNDERT",30,0.220051074920611,0.204529366140517,0.212006501098209
"DS09","Icelandic River - Flow of Vatnsdalsa River (Daily)","mc.lm_UNDERT",31,0.211400947347505,0.200559387913055,0.205837508979786
"DS09","Icelandic River - Flow of Vatnsdalsa River (Daily)","mc.lm_UNDERT",32,0.227174455549059,0.230663984620813,0.228905921929873
"DS09","Icelandic River - Flow of Vatnsdalsa River (Daily)","mc.lm_UNDERT",33,0.223876799922669,0.23076631077765,0.227269354669336
"DS09","Icelandic River - Flow of Vatnsdalsa River (Daily)","mc.lm_UNDERT",34,0.199290833102411,0.218826268159234,0.208602179411244
"DS09","Icelandic River - Flow of Vatnsdalsa River (Daily)","mc.lm_UNDERT",35,0.210797727387087,0.22952060894709,0.21976110809897
"DS09","Icelandic River - Flow of Vatnsdalsa River (Daily)","mc.lm_UNDERT",36,0.205978691893861,0.224674549952429,0.214920801258294
"DS09","Icelandic River - Flow of Vatnsdalsa River (Daily)","mc.lm_UNDERT",37,0.206841935662288,0.226364264892239,0.216163215831848
"DS09","Icelandic River - Flow of Vatnsdalsa River (Daily)","mc.lm_UNDERT",38,0.208720414371053,0.252402724291968,0.228492551275336
"DS09","Icelandic River - Flow of Vatnsdalsa River (Daily)","mc.lm_UNDERT",39,0.214608305471086,0.222377003670307,0.218423598849087
"DS09","Icelandic River - Flow of Vatnsdalsa River (Daily)","mc.lm_UNDERT",40,0.219425392958165,0.222307599647942,0.220857093433513
"DS09","Icelandic River - Flow of Vatnsdalsa River (Daily)","mc.lm_UNDERT",41,0.238465144790558,0.229437197786775,0.233864076376239
"DS09","Icelandic River - Flow of Vatnsdalsa River (Daily)","mc.lm_UNDERT",42,0.222312538039203,0.219367288398044,0.220830093327687
"DS09","Icelandic River - Flow of Vatnsdalsa River (Daily)","mc.lm_UNDERT",43,0.241363429597309,0.22097749672466,0.23072102613797
"DS09","Icelandic River - Flow of Vatnsdalsa River (Daily)","mc.lm_UNDERT",44,0.23365411591345,0.229672789486716,0.23164634711013
"DS09","Icelandic River - Flow of Vatnsdalsa River (Daily)","mc.lm_UNDERT",45,0.234034269362904,0.235781192094551,0.234904482922641
"DS09","Icelandic River - Flow of Vatnsdalsa River (Daily)","mc.lm_UNDERT",46,0.229303886841954,0.238775549838173,0.233943888024861
"DS09","Icelandic River - Flow of Vatnsdalsa River (Daily)","mc.lm_UNDERT",47,0.224530065754664,0.227451943344261,0.225981560181682
"DS09","Icelandic River - Flow of Vatnsdalsa River (Daily)","mc.lm_UNDERT",48,0.228220294182422,0.210394604258176,0.218945223470097
"DS09","Icelandic River - Flow of Vatnsdalsa River (Daily)","mc.lm_UNDERT",49,0.240625466447691,0.23735768435969,0.238980405135705
"DS09","Icelandic River - Flow of Vatnsdalsa River (Daily)","mc.lm_UNDERT",50,0.227553373392351,0.206444566535953,0.216485624524108
"DS09","Icelandic River - Flow of Vatnsdalsa River (Daily)","mc.lm_UNDERTPhi",1,0.395203179827154,0.348015418153968,0.370111297690692
"DS09","Icelandic River - Flow of Vatnsdalsa River (Daily)","mc.lm_UNDERTPhi",2,0.369998461223918,0.345275559380349,0.357209746164223
"DS09","Icelandic River - Flow of Vatnsdalsa River (Daily)","mc.lm_UNDERTPhi",3,0.234306606678119,0.253636623688722,0.243588732980762
"DS09","Icelandic River - Flow of Vatnsdalsa River (Daily)","mc.lm_UNDERTPhi",4,0.226101617909115,0.244353000009568,0.234873275928429
"DS09","Icelandic River - Flow of Vatnsdalsa River (Daily)","mc.lm_UNDERTPhi",5,0.253927221889242,0.243441389909281,0.248573771509169
"DS09","Icelandic River - Flow of Vatnsdalsa River (Daily)","mc.lm_UNDERTPhi",6,0.241167283051074,0.241983627822966,0.24157476577798
"DS09","Icelandic River - Flow of Vatnsdalsa River (Daily)","mc.lm_UNDERTPhi",7,0.25159500114598,0.245447539898064,0.248483254379867
"DS09","Icelandic River - Flow of Vatnsdalsa River (Daily)","mc.lm_UNDERTPhi",8,0.25309794050753,0.247035636309202,0.250030046691856
"DS09","Icelandic River - Flow of Vatnsdalsa River (Daily)","mc.lm_UNDERTPhi",9,0.245819759496002,0.253212588843991,0.249461414267206
"DS09","Icelandic River - Flow of Vatnsdalsa River (Daily)","mc.lm_UNDERTPhi",10,0.251356426006529,0.2517486014582,0.251552360880002
"DS09","Icelandic River - Flow of Vatnsdalsa River (Daily)","mc.lm_UNDERTPhi",11,0.24538256739623,0.252544769616893,0.248912157837397
"DS09","Icelandic River - Flow of Vatnsdalsa River (Daily)","mc.lm_UNDERTPhi",12,0.252022277654398,0.254008960750474,0.253011719334775
"DS09","Icelandic River - Flow of Vatnsdalsa River (Daily)","mc.lm_UNDERTPhi",13,0.2610917222313,0.253504900021689,0.257242383950964
"DS09","Icelandic River - Flow of Vatnsdalsa River (Daily)","mc.lm_UNDERTPhi",14,0.276382015327239,0.257933288054752,0.266839154788679
"DS09","Icelandic River - Flow of Vatnsdalsa River (Daily)","mc.lm_UNDERTPhi",15,0.259383414570311,0.253769660334674,0.256545830984813
"DS09","Icelandic River - Flow of Vatnsdalsa River (Daily)","mc.lm_UNDERTPhi",16,0.26356343825386,0.249184805366669,0.256172516942499
"DS09","Icelandic River - Flow of Vatnsdalsa River (Daily)","mc.lm_UNDERTPhi",17,0.275513010617502,0.255555119679472,0.265159049789844
"DS09","Icelandic River - Flow of Vatnsdalsa River (Daily)","mc.lm_UNDERTPhi",18,0.266050516261362,0.247237220103587,0.256299090694874
"DS09","Icelandic River - Flow of Vatnsdalsa River (Daily)","mc.lm_UNDERTPhi",19,0.269852654218479,0.249697023527921,0.259383875827764
"DS09","Icelandic River - Flow of Vatnsdalsa River (Daily)","mc.lm_UNDERTPhi",20,0.256880298651909,0.246248614730853,0.25145212692858
"DS09","Icelandic River - Flow of Vatnsdalsa River (Daily)","mc.lm_UNDERTPhi",21,0.257377244378866,0.249137195559669,0.253190194827249
"DS09","Icelandic River - Flow of Vatnsdalsa River (Daily)","mc.lm_UNDERTPhi",22,0.244597050095662,0.244600293810401,0.244598671942277
"DS09","Icelandic River - Flow of Vatnsdalsa River (Daily)","mc.lm_UNDERTPhi",23,0.21652632440143,0.229635654155735,0.222888397198949
"DS09","Icelandic River - Flow of Vatnsdalsa River (Daily)","mc.lm_UNDERTPhi",24,0.211639245112984,0.225990736373191,0.218579671740614
"DS09","Icelandic River - Flow of Vatnsdalsa River (Daily)","mc.lm_UNDERTPhi",25,0.205672214761842,0.222356036268222,0.213688971860586
"DS09","Icelandic River - Flow of Vatnsdalsa River (Daily)","mc.lm_UNDERTPhi",26,0.23675378845846,0.220793873545903,0.228495478706707
"DS09","Icelandic River - Flow of Vatnsdalsa River (Daily)","mc.lm_UNDERTPhi",27,0.228362094077082,0.211049967327476,0.219364995761594
"DS09","Icelandic River - Flow of Vatnsdalsa River (Daily)","mc.lm_UNDERTPhi",28,0.215215759069827,0.226948925235288,0.220926668041584
"DS09","Icelandic River - Flow of Vatnsdalsa River (Daily)","mc.lm_UNDERTPhi",29,0.243745506415709,0.232222272110405,0.237844399853432
"DS09","Icelandic River - Flow of Vatnsdalsa River (Daily)","mc.lm_UNDERTPhi",30,0.238520272863295,0.218457291887932,0.228048363374041
"DS09","Icelandic River - Flow of Vatnsdalsa River (Daily)","mc.lm_UNDERTPhi",31,0.224171649333626,0.233860409435011,0.228913556128893
"DS09","Icelandic River - Flow of Vatnsdalsa River (Daily)","mc.lm_UNDERTPhi",32,0.229141687965132,0.228572469530962,0.228856724804848
"DS09","Icelandic River - Flow of Vatnsdalsa River (Daily)","mc.lm_UNDERTPhi",33,0.186315592805247,0.213948596129721,0.199178245867186
"DS09","Icelandic River - Flow of Vatnsdalsa River (Daily)","mc.lm_UNDERTPhi",34,0.193997107426182,0.215513588633778,0.204190089334651
"DS09","Icelandic River - Flow of Vatnsdalsa River (Daily)","mc.lm_UNDERTPhi",35,0.214325065053864,0.231915012068337,0.222773357198495
"DS09","Icelandic River - Flow of Vatnsdalsa River (Daily)","mc.lm_UNDERTPhi",36,0.191758418393377,0.226746455617461,0.207789894004352
"DS09","Icelandic River - Flow of Vatnsdalsa River (Daily)","mc.lm_UNDERTPhi",37,0.202233233975621,0.21147958571996,0.206753083317273
"DS09","Icelandic River - Flow of Vatnsdalsa River (Daily)","mc.lm_UNDERTPhi",38,0.209808698204754,0.245435608774488,0.226228092391783
"DS09","Icelandic River - Flow of Vatnsdalsa River (Daily)","mc.lm_UNDERTPhi",39,0.235474208870727,0.232765469060498,0.234112004013018
"DS09","Icelandic River - Flow of Vatnsdalsa River (Daily)","mc.lm_UNDERTPhi",40,0.224024283419901,0.225564040089934,0.224791525064328
"DS09","Icelandic River - Flow of Vatnsdalsa River (Daily)","mc.lm_UNDERTPhi",41,0.231774617593606,0.226045608821725,0.228874267760463
"DS09","Icelandic River - Flow of Vatnsdalsa River (Daily)","mc.lm_UNDERTPhi",42,0.217706153447037,0.230550957851268,0.223944521758753
"DS09","Icelandic River - Flow of Vatnsdalsa River (Daily)","mc.lm_UNDERTPhi",43,0.241480198237131,0.236817991977494,0.239126372705627
"DS09","Icelandic River - Flow of Vatnsdalsa River (Daily)","mc.lm_UNDERTPhi",44,0.224732998254074,0.233114614823831,0.228847087239434
"DS09","Icelandic River - Flow of Vatnsdalsa River (Daily)","mc.lm_UNDERTPhi",45,0.231291905236119,0.225011906444051,0.228108690789258
"DS09","Icelandic River - Flow of Vatnsdalsa River (Daily)","mc.lm_UNDERTPhi",46,0.239859085271677,0.22596518023416,0.232704929509672
"DS09","Icelandic River - Flow of Vatnsdalsa River (Daily)","mc.lm_UNDERTPhi",47,0.227431137351248,0.227490727474188,0.227460928509869
"DS09","Icelandic River - Flow of Vatnsdalsa River (Daily)","mc.lm_UNDERTPhi",48,0.226943459110804,0.22280112964836,0.224853218115182
"DS09","Icelandic River - Flow of Vatnsdalsa River (Daily)","mc.lm_UNDERTPhi",49,0.236795501574664,0.231511535403387,0.234123708667376
"DS09","Icelandic River - Flow of Vatnsdalsa River (Daily)","mc.lm_UNDERTPhi",50,0.223933368934922,0.223170623531298,0.223551345623229
"DS09","Icelandic River - Flow of Vatnsdalsa River (Daily)","mc.lm_OVERB",1,0.438084628228875,0.393845263394919,0.414788692006969
"DS09","Icelandic River - Flow of Vatnsdalsa River (Daily)","mc.lm_OVERB",2,0.390631711610866,0.354070777026157,0.371453770523201
"DS09","Icelandic River - Flow of Vatnsdalsa River (Daily)","mc.lm_OVERB",3,0.245829446677705,0.266419011674979,0.255710435654991
"DS09","Icelandic River - Flow of Vatnsdalsa River (Daily)","mc.lm_OVERB",4,0.229545280987789,0.254036837520932,0.241170858136021
"DS09","Icelandic River - Flow of Vatnsdalsa River (Daily)","mc.lm_OVERB",5,0.218704460034558,0.256703105895324,0.236185194294158
"DS09","Icelandic River - Flow of Vatnsdalsa River (Daily)","mc.lm_OVERB",6,0.239284062347664,0.245753896867186,0.242475829625125
"DS09","Icelandic River - Flow of Vatnsdalsa River (Daily)","mc.lm_OVERB",7,0.214709548414795,0.245962309321389,0.229275808689398
"DS09","Icelandic River - Flow of Vatnsdalsa River (Daily)","mc.lm_OVERB",8,0.273948745869788,0.263574402012411,0.268661460103309
"DS09","Icelandic River - Flow of Vatnsdalsa River (Daily)","mc.lm_OVERB",9,0.233978787018763,0.262926962218278,0.247609659533297
"DS09","Icelandic River - Flow of Vatnsdalsa River (Daily)","mc.lm_OVERB",10,0.248447719354544,0.259487806526815,0.253847783614012
"DS09","Icelandic River - Flow of Vatnsdalsa River (Daily)","mc.lm_OVERB",11,0.256798366689834,0.258869611696023,0.257829829485466
"DS09","Icelandic River - Flow of Vatnsdalsa River (Daily)","mc.lm_OVERB",12,0.241953874518939,0.255289507540138,0.248442866016986
"DS09","Icelandic River - Flow of Vatnsdalsa River (Daily)","mc.lm_OVERB",13,0.223844381505566,0.257903570696561,0.239669997585903
"DS09","Icelandic River - Flow of Vatnsdalsa River (Daily)","mc.lm_OVERB",14,0.225119103917625,0.250048799921986,0.236929983356432
"DS09","Icelandic River - Flow of Vatnsdalsa River (Daily)","mc.lm_OVERB",15,0.240088073336251,0.253793746604732,0.246750737471568
"DS09","Icelandic River - Flow of Vatnsdalsa River (Daily)","mc.lm_OVERB",16,0.266315805998351,0.258419517704158,0.262308249642843
"DS09","Icelandic River - Flow of Vatnsdalsa River (Daily)","mc.lm_OVERB",17,0.236179974064722,0.25257999947291,0.244104840635794
"DS09","Icelandic River - Flow of Vatnsdalsa River (Daily)","mc.lm_OVERB",18,0.250619649421819,0.264273755239534,0.257265660386855
"DS09","Icelandic River - Flow of Vatnsdalsa River (Daily)","mc.lm_OVERB",19,0.252499168620292,0.245825396187469,0.249117593418397
"DS09","Icelandic River - Flow of Vatnsdalsa River (Daily)","mc.lm_OVERB",20,0.223720614435981,0.24923191097783,0.235788216638564
"DS09","Icelandic River - Flow of Vatnsdalsa River (Daily)","mc.lm_OVERB",21,0.252132550202337,0.242496348403499,0.247220584604182
"DS09","Icelandic River - Flow of Vatnsdalsa River (Daily)","mc.lm_OVERB",22,0.252195371960175,0.26980618295614,0.260703708741585
"DS09","Icelandic River - Flow of Vatnsdalsa River (Daily)","mc.lm_OVERB",23,0.215640956238014,0.228745233960749,0.221999882418135
"DS09","Icelandic River - Flow of Vatnsdalsa River (Daily)","mc.lm_OVERB",24,0.228212983420768,0.231206977412735,0.229700224636868
"DS09","Icelandic River - Flow of Vatnsdalsa River (Daily)","mc.lm_OVERB",25,0.231542215637805,0.23777189024038,0.234615706594322
"DS09","Icelandic River - Flow of Vatnsdalsa River (Daily)","mc.lm_OVERB",26,0.278206441287079,0.232023435051861,0.25302483117669
"DS09","Icelandic River - Flow of Vatnsdalsa River (Daily)","mc.lm_OVERB",27,0.236638490260151,0.20871176735488,0.22179952377654
"DS09","Icelandic River - Flow of Vatnsdalsa River (Daily)","mc.lm_OVERB",28,0.204680740651201,0.212723109507381,0.208624446521302
"DS09","Icelandic River - Flow of Vatnsdalsa River (Daily)","mc.lm_OVERB",29,0.223624358047278,0.208476588859488,0.215784962682105
"DS09","Icelandic River - Flow of Vatnsdalsa River (Daily)","mc.lm_OVERB",30,0.22734791828016,0.210588549546114,0.218647552192158
"DS09","Icelandic River - Flow of Vatnsdalsa River (Daily)","mc.lm_OVERB",31,0.190978618702387,0.208186649891817,0.199211714830011
"DS09","Icelandic River - Flow of Vatnsdalsa River (Daily)","mc.lm_OVERB",32,0.221045332251936,0.224019994944845,0.222522722790159
"DS09","Icelandic River - Flow of Vatnsdalsa River (Daily)","mc.lm_OVERB",33,0.219649513237322,0.237318737845211,0.228142524677854
"DS09","Icelandic River - Flow of Vatnsdalsa River (Daily)","mc.lm_OVERB",34,0.210533540959999,0.220922523478212,0.215602954642662
"DS09","Icelandic River - Flow of Vatnsdalsa River (Daily)","mc.lm_OVERB",35,0.20989598023468,0.21502167966756,0.212427914791366
"DS09","Icelandic River - Flow of Vatnsdalsa River (Daily)","mc.lm_OVERB",36,0.193833652086608,0.221924748511922,0.206930199993751
"DS09","Icelandic River - Flow of Vatnsdalsa River (Daily)","mc.lm_OVERB",37,0.222029238428113,0.197352278395136,0.208964746019517
"DS09","Icelandic River - Flow of Vatnsdalsa River (Daily)","mc.lm_OVERB",38,0.185574534628623,0.248681726271811,0.212542684026449
"DS09","Icelandic River - Flow of Vatnsdalsa River (Daily)","mc.lm_OVERB",39,0.245965145086151,0.235582308326338,0.240661792463402
"DS09","Icelandic River - Flow of Vatnsdalsa River (Daily)","mc.lm_OVERB",40,0.204041923327855,0.212471790749108,0.208171550525948
"DS09","Icelandic River - Flow of Vatnsdalsa River (Daily)","mc.lm_OVERB",41,0.233365477035734,0.248231837482655,0.240569203453832
"DS09","Icelandic River - Flow of Vatnsdalsa River (Daily)","mc.lm_OVERB",42,0.21370864935764,0.233589429593272,0.223207225122369
"DS09","Icelandic River - Flow of Vatnsdalsa River (Daily)","mc.lm_OVERB",43,0.228555952789364,0.221251929749009,0.224844639559896
"DS09","Icelandic River - Flow of Vatnsdalsa River (Daily)","mc.lm_OVERB",44,0.245936645125721,0.239305408391096,0.24257571607242
"DS09","Icelandic River - Flow of Vatnsdalsa River (Daily)","mc.lm_OVERB",45,0.207420017866573,0.212271839636326,0.209817884158655
"DS09","Icelandic River - Flow of Vatnsdalsa River (Daily)","mc.lm_OVERB",46,0.244212109670845,0.245625594067521,0.244916812481316
"DS09","Icelandic River - Flow of Vatnsdalsa River (Daily)","mc.lm_OVERB",47,0.247878750225855,0.239830746607865,0.243788345811768
"DS09","Icelandic River - Flow of Vatnsdalsa River (Daily)","mc.lm_OVERB",48,0.229562753194874,0.238085008149178,0.23374622732317
"DS09","Icelandic River - Flow of Vatnsdalsa River (Daily)","mc.lm_OVERB",49,0.247015032275334,0.24058269771344,0.243756437676363
"DS09","Icelandic River - Flow of Vatnsdalsa River (Daily)","mc.lm_OVERB",50,0.262164569961904,0.232795257554731,0.246608573840088
"DS09","Icelandic River - Flow of Vatnsdalsa River (Daily)","mc.lm_OVERT",1,0.354659092498626,0.369836259662413,0.362088705838384
"DS09","Icelandic River - Flow of Vatnsdalsa River (Daily)","mc.lm_OVERT",2,0.318071067034062,0.324410473058667,0.321209494386103
"DS09","Icelandic River - Flow of Vatnsdalsa River (Daily)","mc.lm_OVERT",3,0.215197319090215,0.226032317560856,0.22048178420667
"DS09","Icelandic River - Flow of Vatnsdalsa River (Daily)","mc.lm_OVERT",4,0.219504920165695,0.229419022825007,0.224352499241672
"DS09","Icelandic River - Flow of Vatnsdalsa River (Daily)","mc.lm_OVERT",5,0.210298611323171,0.210449234509112,0.210373895955404
"DS09","Icelandic River - Flow of Vatnsdalsa River (Daily)","mc.lm_OVERT",6,0.219486228106753,0.234325253223089,0.226663132582642
"DS09","Icelandic River - Flow of Vatnsdalsa River (Daily)","mc.lm_OVERT",7,0.230520750068174,0.241867206849116,0.236057711138959
"DS09","Icelandic River - Flow of Vatnsdalsa River (Daily)","mc.lm_OVERT",8,0.232776913205849,0.240846224462515,0.236742828754804
"DS09","Icelandic River - Flow of Vatnsdalsa River (Daily)","mc.lm_OVERT",9,0.270492633841087,0.264506118041219,0.267465882057947
"DS09","Icelandic River - Flow of Vatnsdalsa River (Daily)","mc.lm_OVERT",10,0.267609485993206,0.269698085309636,0.268649726293859
"DS09","Icelandic River - Flow of Vatnsdalsa River (Daily)","mc.lm_OVERT",11,0.250464064636633,0.26572392023671,0.257868431982186
"DS09","Icelandic River - Flow of Vatnsdalsa River (Daily)","mc.lm_OVERT",12,0.281481315181183,0.288714067911275,0.285051818926417
"DS09","Icelandic River - Flow of Vatnsdalsa River (Daily)","mc.lm_OVERT",13,0.2417962616681,0.266980458662781,0.253765057493638
"DS09","Icelandic River - Flow of Vatnsdalsa River (Daily)","mc.lm_OVERT",14,0.278905350026489,0.263560720679749,0.271016010121032
"DS09","Icelandic River - Flow of Vatnsdalsa River (Daily)","mc.lm_OVERT",15,0.253433921286964,0.266578386170488,0.259840025971175
"DS09","Icelandic River - Flow of Vatnsdalsa River (Daily)","mc.lm_OVERT",16,0.252810647175458,0.244550564531787,0.248612014894301
"DS09","Icelandic River - Flow of Vatnsdalsa River (Daily)","mc.lm_OVERT",17,0.224702124491801,0.254263795660992,0.238570690157446
"DS09","Icelandic River - Flow of Vatnsdalsa River (Daily)","mc.lm_OVERT",18,0.24522309647255,0.243655811189582,0.244436941569727
"DS09","Icelandic River - Flow of Vatnsdalsa River (Daily)","mc.lm_OVERT",19,0.238799599663583,0.252551030931512,0.245482884627735
"DS09","Icelandic River - Flow of Vatnsdalsa River (Daily)","mc.lm_OVERT",20,0.270638195300726,0.235255288691968,0.251709376701381
"DS09","Icelandic River - Flow of Vatnsdalsa River (Daily)","mc.lm_OVERT",21,0.298758850407227,0.272121734072686,0.284818852322477
"DS09","Icelandic River - Flow of Vatnsdalsa River (Daily)","mc.lm_OVERT",22,0.274598006143265,0.263508208357128,0.268938832770899
"DS09","Icelandic River - Flow of Vatnsdalsa River (Daily)","mc.lm_OVERT",23,0.203276278514534,0.2487210807404,0.223714119765488
"DS09","Icelandic River - Flow of Vatnsdalsa River (Daily)","mc.lm_OVERT",24,0.253287899662391,0.244554513014762,0.24884460374266
"DS09","Icelandic River - Flow of Vatnsdalsa River (Daily)","mc.lm_OVERT",25,0.243087196344167,0.238195130871123,0.240616300545738
"DS09","Icelandic River - Flow of Vatnsdalsa River (Daily)","mc.lm_OVERT",26,0.208945931117898,0.209617093198207,0.209280974056844
"DS09","Icelandic River - Flow of Vatnsdalsa River (Daily)","mc.lm_OVERT",27,0.280036261634853,0.243488784674384,0.260486826717941
"DS09","Icelandic River - Flow of Vatnsdalsa River (Daily)","mc.lm_OVERT",28,0.251287832350474,0.24435471068541,0.247772780749042
"DS09","Icelandic River - Flow of Vatnsdalsa River (Daily)","mc.lm_OVERT",29,0.23154223686211,0.213652970974552,0.222238181996933
"DS09","Icelandic River - Flow of Vatnsdalsa River (Daily)","mc.lm_OVERT",30,0.19821357214114,0.206447963501095,0.202246987680065
"DS09","Icelandic River - Flow of Vatnsdalsa River (Daily)","mc.lm_OVERT",31,0.20873909939362,0.199452328230173,0.203990072055596
"DS09","Icelandic River - Flow of Vatnsdalsa River (Daily)","mc.lm_OVERT",32,0.20503848044517,0.203085840277138,0.20405748923102
"DS09","Icelandic River - Flow of Vatnsdalsa River (Daily)","mc.lm_OVERT",33,0.225143618685004,0.220592433828201,0.222844791335976
"DS09","Icelandic River - Flow of Vatnsdalsa River (Daily)","mc.lm_OVERT",34,0.240621074031177,0.219277029728845,0.229453759310358
"DS09","Icelandic River - Flow of Vatnsdalsa River (Daily)","mc.lm_OVERT",35,0.184263655687773,0.186246650740281,0.185249846655329
"DS09","Icelandic River - Flow of Vatnsdalsa River (Daily)","mc.lm_OVERT",36,0.212610466609057,0.22224400541787,0.21732052782032
"DS09","Icelandic River - Flow of Vatnsdalsa River (Daily)","mc.lm_OVERT",37,0.224467672725788,0.189274123310848,0.205374087770614
"DS09","Icelandic River - Flow of Vatnsdalsa River (Daily)","mc.lm_OVERT",38,0.197868744088989,0.232793512405103,0.213915007582255
"DS09","Icelandic River - Flow of Vatnsdalsa River (Daily)","mc.lm_OVERT",39,0.244637460535366,0.247365343145407,0.24599383954249
"DS09","Icelandic River - Flow of Vatnsdalsa River (Daily)","mc.lm_OVERT",40,0.231754549678179,0.246127754204721,0.238725001430453
"DS09","Icelandic River - Flow of Vatnsdalsa River (Daily)","mc.lm_OVERT",41,0.227020868678575,0.231729141005875,0.229350843721964
"DS09","Icelandic River - Flow of Vatnsdalsa River (Daily)","mc.lm_OVERT",42,0.217544013469469,0.212632330079178,0.215060131374046
"DS09","Icelandic River - Flow of Vatnsdalsa River (Daily)","mc.lm_OVERT",43,0.218705179572814,0.223158613638829,0.22090945408475
"DS09","Icelandic River - Flow of Vatnsdalsa River (Daily)","mc.lm_OVERT",44,0.248322730927804,0.239680221589085,0.243924947041475
"DS09","Icelandic River - Flow of Vatnsdalsa River (Daily)","mc.lm_OVERT",45,0.225597765259573,0.211028021790351,0.218069805014097
"DS09","Icelandic River - Flow of Vatnsdalsa River (Daily)","mc.lm_OVERT",46,0.221062430959129,0.220052299059098,0.220556208431939
"DS09","Icelandic River - Flow of Vatnsdalsa River (Daily)","mc.lm_OVERT",47,0.145906946404528,0.193269287526977,0.166281294240296
"DS09","Icelandic River - Flow of Vatnsdalsa River (Daily)","mc.lm_OVERT",48,0.227155652605519,0.234918037355532,0.230971644755631
"DS09","Icelandic River - Flow of Vatnsdalsa River (Daily)","mc.lm_OVERT",49,0.23009664333402,0.246825351411901,0.238167605920021
"DS09","Icelandic River - Flow of Vatnsdalsa River (Daily)","mc.lm_OVERT",50,0.203042418240969,0.205873134303489,0.204447978462661
"DS09","Icelandic River - Flow of Vatnsdalsa River (Daily)","mc.lm_OVERTPhi",1,0.428226665864234,0.374700004706937,0.39967917269661
"DS09","Icelandic River - Flow of Vatnsdalsa River (Daily)","mc.lm_OVERTPhi",2,0.332712139635055,0.332044824052716,0.332378146901861
"DS09","Icelandic River - Flow of Vatnsdalsa River (Daily)","mc.lm_OVERTPhi",3,0.228517293988316,0.225286664199124,0.226890479669082
"DS09","Icelandic River - Flow of Vatnsdalsa River (Daily)","mc.lm_OVERTPhi",4,0.208140851557087,0.213562509791877,0.21081682871371
"DS09","Icelandic River - Flow of Vatnsdalsa River (Daily)","mc.lm_OVERTPhi",5,0.235116535547948,0.213810183735926,0.223957753038412
"DS09","Icelandic River - Flow of Vatnsdalsa River (Daily)","mc.lm_OVERTPhi",6,0.217684633375229,0.230105739740692,0.223722914114643
"DS09","Icelandic River - Flow of Vatnsdalsa River (Daily)","mc.lm_OVERTPhi",7,0.226813221966947,0.2357346736559,0.231187910991246
"DS09","Icelandic River - Flow of Vatnsdalsa River (Daily)","mc.lm_OVERTPhi",8,0.247275702305886,0.22506762653306,0.235649587998129
"DS09","Icelandic River - Flow of Vatnsdalsa River (Daily)","mc.lm_OVERTPhi",9,0.297482351551854,0.275584108580409,0.286114837891229
"DS09","Icelandic River - Flow of Vatnsdalsa River (Daily)","mc.lm_OVERTPhi",10,0.252459174063771,0.251428960809736,0.251943014286981
"DS09","Icelandic River - Flow of Vatnsdalsa River (Daily)","mc.lm_OVERTPhi",11,0.236188800278426,0.249266443322003,0.242551472968958
"DS09","Icelandic River - Flow of Vatnsdalsa River (Daily)","mc.lm_OVERTPhi",12,0.274668859517458,0.253695859417223,0.263766106529321
"DS09","Icelandic River - Flow of Vatnsdalsa River (Daily)","mc.lm_OVERTPhi",13,0.254894922221363,0.269675029267778,0.262076756074645
"DS09","Icelandic River - Flow of Vatnsdalsa River (Daily)","mc.lm_OVERTPhi",14,0.283991135229353,0.264454799758888,0.273875013047505
"DS09","Icelandic River - Flow of Vatnsdalsa River (Daily)","mc.lm_OVERTPhi",15,0.257147753266423,0.269411351567367,0.263136742386733
"DS09","Icelandic River - Flow of Vatnsdalsa River (Daily)","mc.lm_OVERTPhi",16,0.251453372945206,0.241408989781227,0.246328830645476
"DS09","Icelandic River - Flow of Vatnsdalsa River (Daily)","mc.lm_OVERTPhi",17,0.214097966675492,0.249231360505945,0.230332613912841
"DS09","Icelandic River - Flow of Vatnsdalsa River (Daily)","mc.lm_OVERTPhi",18,0.255464335568603,0.241079474413192,0.248063540465653
"DS09","Icelandic River - Flow of Vatnsdalsa River (Daily)","mc.lm_OVERTPhi",19,0.246984396986114,0.257106747500097,0.251943941832565
"DS09","Icelandic River - Flow of Vatnsdalsa River (Daily)","mc.lm_OVERTPhi",20,0.275141256960507,0.242553185578762,0.257821536706388
"DS09","Icelandic River - Flow of Vatnsdalsa River (Daily)","mc.lm_OVERTPhi",21,0.249720879155486,0.253203681043039,0.251450220726994
"DS09","Icelandic River - Flow of Vatnsdalsa River (Daily)","mc.lm_OVERTPhi",22,0.287262041808651,0.269109295871554,0.277889533720678
"DS09","Icelandic River - Flow of Vatnsdalsa River (Daily)","mc.lm_OVERTPhi",23,0.216168483129311,0.252695584099793,0.233009202138904
"DS09","Icelandic River - Flow of Vatnsdalsa River (Daily)","mc.lm_OVERTPhi",24,0.23027162782464,0.23733377162215,0.233749370703803
"DS09","Icelandic River - Flow of Vatnsdalsa River (Daily)","mc.lm_OVERTPhi",25,0.260648904919369,0.232604124894443,0.24582924693377
"DS09","Icelandic River - Flow of Vatnsdalsa River (Daily)","mc.lm_OVERTPhi",26,0.211371366240357,0.215144194467905,0.213241093702874
"DS09","Icelandic River - Flow of Vatnsdalsa River (Daily)","mc.lm_OVERTPhi",27,0.278333022078585,0.247182564244322,0.26183455601251
"DS09","Icelandic River - Flow of Vatnsdalsa River (Daily)","mc.lm_OVERTPhi",28,0.251535938000875,0.24563541175085,0.248550660579439
"DS09","Icelandic River - Flow of Vatnsdalsa River (Daily)","mc.lm_OVERTPhi",29,0.240375669465538,0.217766301755886,0.22851309794669
"DS09","Icelandic River - Flow of Vatnsdalsa River (Daily)","mc.lm_OVERTPhi",30,0.19125677520232,0.209196965832675,0.199825013315437
"DS09","Icelandic River - Flow of Vatnsdalsa River (Daily)","mc.lm_OVERTPhi",31,0.218673180583173,0.193218363226384,0.205159220522011
"DS09","Icelandic River - Flow of Vatnsdalsa River (Daily)","mc.lm_OVERTPhi",32,0.209364926745912,0.204844513044999,0.207080053460961
"DS09","Icelandic River - Flow of Vatnsdalsa River (Daily)","mc.lm_OVERTPhi",33,0.2097259408154,0.221579352790748,0.215489765222973
"DS09","Icelandic River - Flow of Vatnsdalsa River (Daily)","mc.lm_OVERTPhi",34,0.231114823086283,0.22357110174481,0.22728038324983
"DS09","Icelandic River - Flow of Vatnsdalsa River (Daily)","mc.lm_OVERTPhi",35,0.180419943560278,0.183512789926756,0.181953224618934
"DS09","Icelandic River - Flow of Vatnsdalsa River (Daily)","mc.lm_OVERTPhi",36,0.214257939812018,0.221353987611203,0.217748166976491
"DS09","Icelandic River - Flow of Vatnsdalsa River (Daily)","mc.lm_OVERTPhi",37,0.249860833759741,0.212922315862795,0.229917391810509
"DS09","Icelandic River - Flow of Vatnsdalsa River (Daily)","mc.lm_OVERTPhi",38,0.23390762613229,0.229671015168296,0.231769961612946
"DS09","Icelandic River - Flow of Vatnsdalsa River (Daily)","mc.lm_OVERTPhi",39,0.240017671679936,0.227577396490557,0.233632048543031
"DS09","Icelandic River - Flow of Vatnsdalsa River (Daily)","mc.lm_OVERTPhi",40,0.241987728327508,0.247445788357637,0.244686324771641
"DS09","Icelandic River - Flow of Vatnsdalsa River (Daily)","mc.lm_OVERTPhi",41,0.251427946300398,0.236667699007405,0.243824644161894
"DS09","Icelandic River - Flow of Vatnsdalsa River (Daily)","mc.lm_OVERTPhi",42,0.240216438450624,0.22255904780477,0.231050880595346
"DS09","Icelandic River - Flow of Vatnsdalsa River (Daily)","mc.lm_OVERTPhi",43,0.222975920894245,0.20665355649992,0.214504681318062
"DS09","Icelandic River - Flow of Vatnsdalsa River (Daily)","mc.lm_OVERTPhi",44,0.233839659467999,0.22774129271228,0.230750190548771
"DS09","Icelandic River - Flow of Vatnsdalsa River (Daily)","mc.lm_OVERTPhi",45,0.249574772538455,0.229136242534512,0.238919196802482
"DS09","Icelandic River - Flow of Vatnsdalsa River (Daily)","mc.lm_OVERTPhi",46,0.217494541279184,0.207663308822536,0.21246525770167
"DS09","Icelandic River - Flow of Vatnsdalsa River (Daily)","mc.lm_OVERTPhi",47,0.123762714743604,0.181386629379034,0.147133868071623
"DS09","Icelandic River - Flow of Vatnsdalsa River (Daily)","mc.lm_OVERTPhi",48,0.200966583133117,0.21700580514493,0.208678450553611
"DS09","Icelandic River - Flow of Vatnsdalsa River (Daily)","mc.lm_OVERTPhi",49,0.223354838422442,0.238535088922538,0.230695510294528
"DS09","Icelandic River - Flow of Vatnsdalsa River (Daily)","mc.lm_OVERTPhi",50,0.180526274881745,0.206283045982438,0.192547117423496
"DS09","Icelandic River - Flow of Vatnsdalsa River (Daily)","mc.lm_SMOTEB",1,0.432870951273356,0.376741688746491,0.402860640090862
"DS09","Icelandic River - Flow of Vatnsdalsa River (Daily)","mc.lm_SMOTEB",2,0.36759030884497,0.347159051852575,0.357082664514101
"DS09","Icelandic River - Flow of Vatnsdalsa River (Daily)","mc.lm_SMOTEB",3,0.207720921487184,0.268864918556295,0.234370658737974
"DS09","Icelandic River - Flow of Vatnsdalsa River (Daily)","mc.lm_SMOTEB",4,0.25671090941421,0.274077730389165,0.265110208253322
"DS09","Icelandic River - Flow of Vatnsdalsa River (Daily)","mc.lm_SMOTEB",5,0.23784278736354,0.247491071264117,0.24257102689473
"DS09","Icelandic River - Flow of Vatnsdalsa River (Daily)","mc.lm_SMOTEB",6,0.238792318960739,0.251351972083643,0.244911228737634
"DS09","Icelandic River - Flow of Vatnsdalsa River (Daily)","mc.lm_SMOTEB",7,0.249052834604988,0.25459159142747,0.251791757177196
"DS09","Icelandic River - Flow of Vatnsdalsa River (Daily)","mc.lm_SMOTEB",8,0.235419694346759,0.236397283485382,0.235907476149925
"DS09","Icelandic River - Flow of Vatnsdalsa River (Daily)","mc.lm_SMOTEB",9,0.247645462403235,0.262055395208902,0.25464673465845
"DS09","Icelandic River - Flow of Vatnsdalsa River (Daily)","mc.lm_SMOTEB",10,0.22776512423803,0.250081041540687,0.238401994513304
"DS09","Icelandic River - Flow of Vatnsdalsa River (Daily)","mc.lm_SMOTEB",11,0.228104075159609,0.262990437189984,0.244308127834824
"DS09","Icelandic River - Flow of Vatnsdalsa River (Daily)","mc.lm_SMOTEB",12,0.253285332147371,0.259531051894627,0.256370157925
"DS09","Icelandic River - Flow of Vatnsdalsa River (Daily)","mc.lm_SMOTEB",13,0.262218271103963,0.256837271971834,0.259499879386427
"DS09","Icelandic River - Flow of Vatnsdalsa River (Daily)","mc.lm_SMOTEB",14,0.252640062204046,0.253345222601142,0.252992151033378
"DS09","Icelandic River - Flow of Vatnsdalsa River (Daily)","mc.lm_SMOTEB",15,0.241353477710672,0.250065984247996,0.245632497804786
"DS09","Icelandic River - Flow of Vatnsdalsa River (Daily)","mc.lm_SMOTEB",16,0.2345727461081,0.253018865198278,0.243446887314974
"DS09","Icelandic River - Flow of Vatnsdalsa River (Daily)","mc.lm_SMOTEB",17,0.250243959745833,0.25108146874431,0.2506620146782
"DS09","Icelandic River - Flow of Vatnsdalsa River (Daily)","mc.lm_SMOTEB",18,0.246230963628229,0.255267758966548,0.250667941678248
"DS09","Icelandic River - Flow of Vatnsdalsa River (Daily)","mc.lm_SMOTEB",19,0.253143972516816,0.262740884353856,0.257853163635661
"DS09","Icelandic River - Flow of Vatnsdalsa River (Daily)","mc.lm_SMOTEB",20,0.253302470227946,0.259661122456718,0.256442385691417
"DS09","Icelandic River - Flow of Vatnsdalsa River (Daily)","mc.lm_SMOTEB",21,0.212068344107263,0.241832121520267,0.225974377408257
"DS09","Icelandic River - Flow of Vatnsdalsa River (Daily)","mc.lm_SMOTEB",22,0.270275261505503,0.27449812504412,0.272370326307458
"DS09","Icelandic River - Flow of Vatnsdalsa River (Daily)","mc.lm_SMOTEB",23,0.224342984706433,0.244035761111689,0.23377538588893
"DS09","Icelandic River - Flow of Vatnsdalsa River (Daily)","mc.lm_SMOTEB",24,0.213030509842761,0.236932234598204,0.22434655027873
"DS09","Icelandic River - Flow of Vatnsdalsa River (Daily)","mc.lm_SMOTEB",25,0.215218552026987,0.232989013920493,0.223751502758165
"DS09","Icelandic River - Flow of Vatnsdalsa River (Daily)","mc.lm_SMOTEB",26,0.270776223868545,0.226962199240999,0.246940820390925
"DS09","Icelandic River - Flow of Vatnsdalsa River (Daily)","mc.lm_SMOTEB",27,0.239107900199303,0.21378989471253,0.22574123072732
"DS09","Icelandic River - Flow of Vatnsdalsa River (Daily)","mc.lm_SMOTEB",28,0.245197669682545,0.246919825750577,0.246055734389916
"DS09","Icelandic River - Flow of Vatnsdalsa River (Daily)","mc.lm_SMOTEB",29,0.222297331244942,0.212753642314939,0.217420807094193
"DS09","Icelandic River - Flow of Vatnsdalsa River (Daily)","mc.lm_SMOTEB",30,0.232892291755952,0.241739816831954,0.237233591794521
"DS09","Icelandic River - Flow of Vatnsdalsa River (Daily)","mc.lm_SMOTEB",31,0.188558059153664,0.183356814690916,0.185921067115832
"DS09","Icelandic River - Flow of Vatnsdalsa River (Daily)","mc.lm_SMOTEB",32,0.234807820945697,0.24583656087061,0.240195659621268
"DS09","Icelandic River - Flow of Vatnsdalsa River (Daily)","mc.lm_SMOTEB",33,0.23475402077371,0.237856983546325,0.236295315793344
"DS09","Icelandic River - Flow of Vatnsdalsa River (Daily)","mc.lm_SMOTEB",34,0.187629166256522,0.203956651048909,0.19545251486435
"DS09","Icelandic River - Flow of Vatnsdalsa River (Daily)","mc.lm_SMOTEB",35,0.209335085402058,0.22385358840282,0.21635103999496
"DS09","Icelandic River - Flow of Vatnsdalsa River (Daily)","mc.lm_SMOTEB",36,0.200834268649634,0.210153767562663,0.205388354373463
"DS09","Icelandic River - Flow of Vatnsdalsa River (Daily)","mc.lm_SMOTEB",37,0.220368240437351,0.225598807233757,0.222952850236289
"DS09","Icelandic River - Flow of Vatnsdalsa River (Daily)","mc.lm_SMOTEB",38,0.216423657371654,0.229101153021494,0.222582034886995
"DS09","Icelandic River - Flow of Vatnsdalsa River (Daily)","mc.lm_SMOTEB",39,0.231424340930877,0.249978285449096,0.240343765434406
"DS09","Icelandic River - Flow of Vatnsdalsa River (Daily)","mc.lm_SMOTEB",40,0.235832505845241,0.247544334118555,0.24154653593806
"DS09","Icelandic River - Flow of Vatnsdalsa River (Daily)","mc.lm_SMOTEB",41,0.230520845925497,0.213864985294339,0.221880779540454
"DS09","Icelandic River - Flow of Vatnsdalsa River (Daily)","mc.lm_SMOTEB",42,0.246123411173548,0.236272534560857,0.241097391829057
"DS09","Icelandic River - Flow of Vatnsdalsa River (Daily)","mc.lm_SMOTEB",43,0.245859033549158,0.26746671578668,0.256208103080596
"DS09","Icelandic River - Flow of Vatnsdalsa River (Daily)","mc.lm_SMOTEB",44,0.219084727967069,0.223935003719435,0.221483314909748
"DS09","Icelandic River - Flow of Vatnsdalsa River (Daily)","mc.lm_SMOTEB",45,0.231018419429634,0.229639652651646,0.230326972690464
"DS09","Icelandic River - Flow of Vatnsdalsa River (Daily)","mc.lm_SMOTEB",46,0.240236502144583,0.223192915224498,0.231401301891386
"DS09","Icelandic River - Flow of Vatnsdalsa River (Daily)","mc.lm_SMOTEB",47,0.26518759524492,0.253922484108211,0.25943280863736
"DS09","Icelandic River - Flow of Vatnsdalsa River (Daily)","mc.lm_SMOTEB",48,0.265234879380945,0.236637839178533,0.250121620125671
"DS09","Icelandic River - Flow of Vatnsdalsa River (Daily)","mc.lm_SMOTEB",49,0.255921541278267,0.248051083899177,0.251924856771222
"DS09","Icelandic River - Flow of Vatnsdalsa River (Daily)","mc.lm_SMOTEB",50,0.265157230916682,0.256495830523894,0.260754624828893
"DS09","Icelandic River - Flow of Vatnsdalsa River (Daily)","mc.lm_SMOTET",1,0.323924489554075,0.358625312238469,0.340392806218483
"DS09","Icelandic River - Flow of Vatnsdalsa River (Daily)","mc.lm_SMOTET",2,0.285257140054754,0.314952229534955,0.299370109175151
"DS09","Icelandic River - Flow of Vatnsdalsa River (Daily)","mc.lm_SMOTET",3,0.198880565717265,0.218017607789608,0.208009859140375
"DS09","Icelandic River - Flow of Vatnsdalsa River (Daily)","mc.lm_SMOTET",4,0.247479758934014,0.21790246880984,0.23175122399331
"DS09","Icelandic River - Flow of Vatnsdalsa River (Daily)","mc.lm_SMOTET",5,0.243584609113469,0.208678349345036,0.224784423331535
"DS09","Icelandic River - Flow of Vatnsdalsa River (Daily)","mc.lm_SMOTET",6,0.251609662769242,0.216447192724325,0.232707648780352
"DS09","Icelandic River - Flow of Vatnsdalsa River (Daily)","mc.lm_SMOTET",7,0.23615114929585,0.213561345028362,0.224288885499617
"DS09","Icelandic River - Flow of Vatnsdalsa River (Daily)","mc.lm_SMOTET",8,0.229171018976918,0.222909000834858,0.225996640513864
"DS09","Icelandic River - Flow of Vatnsdalsa River (Daily)","mc.lm_SMOTET",9,0.244109674287246,0.245412844988148,0.244759525035295
"DS09","Icelandic River - Flow of Vatnsdalsa River (Daily)","mc.lm_SMOTET",10,0.24018997665916,0.231721702505714,0.235879859615948
"DS09","Icelandic River - Flow of Vatnsdalsa River (Daily)","mc.lm_SMOTET",11,0.263591952792158,0.244165632558383,0.253507176446668
"DS09","Icelandic River - Flow of Vatnsdalsa River (Daily)","mc.lm_SMOTET",12,0.257387536695028,0.235383810660026,0.245894407330546
"DS09","Icelandic River - Flow of Vatnsdalsa River (Daily)","mc.lm_SMOTET",13,0.268564779640359,0.248429778348301,0.258105187558582
"DS09","Icelandic River - Flow of Vatnsdalsa River (Daily)","mc.lm_SMOTET",14,0.272999855613963,0.24566561621738,0.258612463713291
"DS09","Icelandic River - Flow of Vatnsdalsa River (Daily)","mc.lm_SMOTET",15,0.265756948781965,0.249279906596893,0.257254861192844
"DS09","Icelandic River - Flow of Vatnsdalsa River (Daily)","mc.lm_SMOTET",16,0.286418373116595,0.250952915787752,0.267515318934682
"DS09","Icelandic River - Flow of Vatnsdalsa River (Daily)","mc.lm_SMOTET",17,0.265210153443505,0.238220530451116,0.250991866231015
"DS09","Icelandic River - Flow of Vatnsdalsa River (Daily)","mc.lm_SMOTET",18,0.260585889964135,0.226421160861667,0.242305155992309
"DS09","Icelandic River - Flow of Vatnsdalsa River (Daily)","mc.lm_SMOTET",19,0.261739584730955,0.229494966864853,0.244559008033601
"DS09","Icelandic River - Flow of Vatnsdalsa River (Daily)","mc.lm_SMOTET",20,0.273262424866988,0.24000921635781,0.255558636732226
"DS09","Icelandic River - Flow of Vatnsdalsa River (Daily)","mc.lm_SMOTET",21,0.266758031244735,0.236570580072374,0.250759049939136
"DS09","Icelandic River - Flow of Vatnsdalsa River (Daily)","mc.lm_SMOTET",22,0.305181677441293,0.265127655848013,0.283748127638407
"DS09","Icelandic River - Flow of Vatnsdalsa River (Daily)","mc.lm_SMOTET",23,0.239150801252682,0.246476667998028,0.242758477945113
"DS09","Icelandic River - Flow of Vatnsdalsa River (Daily)","mc.lm_SMOTET",24,0.252983373885825,0.231130850257474,0.241563909470783
"DS09","Icelandic River - Flow of Vatnsdalsa River (Daily)","mc.lm_SMOTET",25,0.256923984904707,0.246234378704274,0.251465631390759
"DS09","Icelandic River - Flow of Vatnsdalsa River (Daily)","mc.lm_SMOTET",26,0.233367075681465,0.204973261622715,0.21825055367693
"DS09","Icelandic River - Flow of Vatnsdalsa River (Daily)","mc.lm_SMOTET",27,0.236878136238934,0.221110914578741,0.228723115777496
"DS09","Icelandic River - Flow of Vatnsdalsa River (Daily)","mc.lm_SMOTET",28,0.216125642208555,0.219799514426051,0.217947097062247
"DS09","Icelandic River - Flow of Vatnsdalsa River (Daily)","mc.lm_SMOTET",29,0.248339241814301,0.230794573650525,0.239245687051424
"DS09","Icelandic River - Flow of Vatnsdalsa River (Daily)","mc.lm_SMOTET",30,0.248348844153748,0.233566154599333,0.24073077068888
"DS09","Icelandic River - Flow of Vatnsdalsa River (Daily)","mc.lm_SMOTET",31,0.211272022850272,0.209761286405672,0.210513944243123
"DS09","Icelandic River - Flow of Vatnsdalsa River (Daily)","mc.lm_SMOTET",32,0.232676353852154,0.228918799517046,0.230782282747393
"DS09","Icelandic River - Flow of Vatnsdalsa River (Daily)","mc.lm_SMOTET",33,0.203849238423454,0.194925613121905,0.199287581100662
"DS09","Icelandic River - Flow of Vatnsdalsa River (Daily)","mc.lm_SMOTET",34,0.22853705972821,0.221022247201026,0.224716844835758
"DS09","Icelandic River - Flow of Vatnsdalsa River (Daily)","mc.lm_SMOTET",35,0.247419995656909,0.240831364548437,0.244081225480094
"DS09","Icelandic River - Flow of Vatnsdalsa River (Daily)","mc.lm_SMOTET",36,0.244425368788474,0.248324677938122,0.24635959504224
"DS09","Icelandic River - Flow of Vatnsdalsa River (Daily)","mc.lm_SMOTET",37,0.233557331575413,0.23058591792601,0.232062113356239
"DS09","Icelandic River - Flow of Vatnsdalsa River (Daily)","mc.lm_SMOTET",38,0.266316166917878,0.275215273724272,0.270692599818729
"DS09","Icelandic River - Flow of Vatnsdalsa River (Daily)","mc.lm_SMOTET",39,0.267244511244998,0.251818817760919,0.259302451605256
"DS09","Icelandic River - Flow of Vatnsdalsa River (Daily)","mc.lm_SMOTET",40,0.253535822320937,0.224472322706491,0.23812052375139
"DS09","Icelandic River - Flow of Vatnsdalsa River (Daily)","mc.lm_SMOTET",41,0.235760879469328,0.221862499304739,0.228600637045568
"DS09","Icelandic River - Flow of Vatnsdalsa River (Daily)","mc.lm_SMOTET",42,0.256442123256431,0.246869387479003,0.251564721019893
"DS09","Icelandic River - Flow of Vatnsdalsa River (Daily)","mc.lm_SMOTET",43,0.273483637892311,0.272905852459925,0.273194439683414
"DS09","Icelandic River - Flow of Vatnsdalsa River (Daily)","mc.lm_SMOTET",44,0.296795348355971,0.283943071025762,0.290226993309911
"DS09","Icelandic River - Flow of Vatnsdalsa River (Daily)","mc.lm_SMOTET",45,0.26093391784144,0.257771366158001,0.259343000943943
"DS09","Icelandic River - Flow of Vatnsdalsa River (Daily)","mc.lm_SMOTET",46,0.253219052548318,0.274329646169636,0.263351964502255
"DS09","Icelandic River - Flow of Vatnsdalsa River (Daily)","mc.lm_SMOTET",47,0.235587440524865,0.261543411362777,0.247887825248169
"DS09","Icelandic River - Flow of Vatnsdalsa River (Daily)","mc.lm_SMOTET",48,0.257648136435973,0.221025932145738,0.237936095807756
"DS09","Icelandic River - Flow of Vatnsdalsa River (Daily)","mc.lm_SMOTET",49,0.275060701202017,0.247723118444556,0.260677136906705
"DS09","Icelandic River - Flow of Vatnsdalsa River (Daily)","mc.lm_SMOTET",50,0.252693664818389,0.237513386795061,0.24486848141058
"DS09","Icelandic River - Flow of Vatnsdalsa River (Daily)","mc.lm_SMOTETPhi",1,0.307668397942406,0.341868880872714,0.323868249952778
"DS09","Icelandic River - Flow of Vatnsdalsa River (Daily)","mc.lm_SMOTETPhi",2,0.324980051130778,0.311397294997697,0.318043718765272
"DS09","Icelandic River - Flow of Vatnsdalsa River (Daily)","mc.lm_SMOTETPhi",3,0.203773505973805,0.224160438862819,0.213481351871454
"DS09","Icelandic River - Flow of Vatnsdalsa River (Daily)","mc.lm_SMOTETPhi",4,0.257845815006684,0.225078327762313,0.240350397598473
"DS09","Icelandic River - Flow of Vatnsdalsa River (Daily)","mc.lm_SMOTETPhi",5,0.253137112619284,0.221841574716734,0.236458338784292
"DS09","Icelandic River - Flow of Vatnsdalsa River (Daily)","mc.lm_SMOTETPhi",6,0.248184248517896,0.218356389106524,0.232316810022928
"DS09","Icelandic River - Flow of Vatnsdalsa River (Daily)","mc.lm_SMOTETPhi",7,0.242809969219085,0.217609387547643,0.229520014376795
"DS09","Icelandic River - Flow of Vatnsdalsa River (Daily)","mc.lm_SMOTETPhi",8,0.238277077068565,0.227929235827835,0.232988316928248
"DS09","Icelandic River - Flow of Vatnsdalsa River (Daily)","mc.lm_SMOTETPhi",9,0.257390672004991,0.253627639482944,0.255495300649695
"DS09","Icelandic River - Flow of Vatnsdalsa River (Daily)","mc.lm_SMOTETPhi",10,0.255854172432273,0.240931790822308,0.248168863506627
"DS09","Icelandic River - Flow of Vatnsdalsa River (Daily)","mc.lm_SMOTETPhi",11,0.275729621389494,0.24695432901794,0.260549892865602
"DS09","Icelandic River - Flow of Vatnsdalsa River (Daily)","mc.lm_SMOTETPhi",12,0.256784061052357,0.232759505315991,0.244182275612242
"DS09","Icelandic River - Flow of Vatnsdalsa River (Daily)","mc.lm_SMOTETPhi",13,0.272455445987674,0.24883116703961,0.26010799010433
"DS09","Icelandic River - Flow of Vatnsdalsa River (Daily)","mc.lm_SMOTETPhi",14,0.272938087569787,0.250107375376223,0.261024456030246
"DS09","Icelandic River - Flow of Vatnsdalsa River (Daily)","mc.lm_SMOTETPhi",15,0.266061451971845,0.25443336143916,0.260117518293599
"DS09","Icelandic River - Flow of Vatnsdalsa River (Daily)","mc.lm_SMOTETPhi",16,0.284488652205891,0.249444376390141,0.265816462510922
"DS09","Icelandic River - Flow of Vatnsdalsa River (Daily)","mc.lm_SMOTETPhi",17,0.267368664586794,0.240311680031025,0.253119167033629
"DS09","Icelandic River - Flow of Vatnsdalsa River (Daily)","mc.lm_SMOTETPhi",18,0.262362208064108,0.231932828279443,0.246210884090915
"DS09","Icelandic River - Flow of Vatnsdalsa River (Daily)","mc.lm_SMOTETPhi",19,0.279552930876503,0.251500924502228,0.264786028198992
"DS09","Icelandic River - Flow of Vatnsdalsa River (Daily)","mc.lm_SMOTETPhi",20,0.279530462633258,0.25096128255008,0.264476588189003
"DS09","Icelandic River - Flow of Vatnsdalsa River (Daily)","mc.lm_SMOTETPhi",21,0.273196465453737,0.243837673695294,0.257683528239185
"DS09","Icelandic River - Flow of Vatnsdalsa River (Daily)","mc.lm_SMOTETPhi",22,0.310452199183063,0.274918732062865,0.291606980838201
"DS09","Icelandic River - Flow of Vatnsdalsa River (Daily)","mc.lm_SMOTETPhi",23,0.243470285642869,0.249836459997128,0.246612294752177
"DS09","Icelandic River - Flow of Vatnsdalsa River (Daily)","mc.lm_SMOTETPhi",24,0.261120843432448,0.239586678161148,0.249890695779864
"DS09","Icelandic River - Flow of Vatnsdalsa River (Daily)","mc.lm_SMOTETPhi",25,0.271508593972143,0.256374331278523,0.263724514987586
"DS09","Icelandic River - Flow of Vatnsdalsa River (Daily)","mc.lm_SMOTETPhi",26,0.227891351065507,0.208167631440458,0.217583421877675
"DS09","Icelandic River - Flow of Vatnsdalsa River (Daily)","mc.lm_SMOTETPhi",27,0.209558150291132,0.201915955412087,0.205666084664596
"DS09","Icelandic River - Flow of Vatnsdalsa River (Daily)","mc.lm_SMOTETPhi",28,0.236272825802289,0.219178281372573,0.22740474697981
"DS09","Icelandic River - Flow of Vatnsdalsa River (Daily)","mc.lm_SMOTETPhi",29,0.270698923621573,0.235427549775934,0.251834225889847
"DS09","Icelandic River - Flow of Vatnsdalsa River (Daily)","mc.lm_SMOTETPhi",30,0.250746423291105,0.222940004922761,0.236027065642018
"DS09","Icelandic River - Flow of Vatnsdalsa River (Daily)","mc.lm_SMOTETPhi",31,0.211871617530159,0.213623434626474,0.21274391985173
"DS09","Icelandic River - Flow of Vatnsdalsa River (Daily)","mc.lm_SMOTETPhi",32,0.207962192092409,0.215069439540182,0.211456112282911
"DS09","Icelandic River - Flow of Vatnsdalsa River (Daily)","mc.lm_SMOTETPhi",33,0.192488747109467,0.19201464659323,0.192251404563552
"DS09","Icelandic River - Flow of Vatnsdalsa River (Daily)","mc.lm_SMOTETPhi",34,0.221734757068282,0.208438711197315,0.214881253264214
"DS09","Icelandic River - Flow of Vatnsdalsa River (Daily)","mc.lm_SMOTETPhi",35,0.242454307869849,0.211390501342883,0.225859309847589
"DS09","Icelandic River - Flow of Vatnsdalsa River (Daily)","mc.lm_SMOTETPhi",36,0.237878375930563,0.241460933496353,0.239656266787139
"DS09","Icelandic River - Flow of Vatnsdalsa River (Daily)","mc.lm_SMOTETPhi",37,0.242575138812253,0.236959735121579,0.239734558483699
"DS09","Icelandic River - Flow of Vatnsdalsa River (Daily)","mc.lm_SMOTETPhi",38,0.226281074000653,0.260834489432334,0.24233226296117
"DS09","Icelandic River - Flow of Vatnsdalsa River (Daily)","mc.lm_SMOTETPhi",39,0.249010600377476,0.22586475977859,0.236873605815628
"DS09","Icelandic River - Flow of Vatnsdalsa River (Daily)","mc.lm_SMOTETPhi",40,0.26183440425197,0.221125627598825,0.239764341348513
"DS09","Icelandic River - Flow of Vatnsdalsa River (Daily)","mc.lm_SMOTETPhi",41,0.259052942919471,0.247327102882792,0.253054259924583
"DS09","Icelandic River - Flow of Vatnsdalsa River (Daily)","mc.lm_SMOTETPhi",42,0.268501725143146,0.243476861765005,0.255377701677477
"DS09","Icelandic River - Flow of Vatnsdalsa River (Daily)","mc.lm_SMOTETPhi",43,0.280516943155428,0.27500609440199,0.277734184670193
"DS09","Icelandic River - Flow of Vatnsdalsa River (Daily)","mc.lm_SMOTETPhi",44,0.282541543513383,0.282168557626249,0.282354927392922
"DS09","Icelandic River - Flow of Vatnsdalsa River (Daily)","mc.lm_SMOTETPhi",45,0.266913928192977,0.261344530528378,0.264099870445705
"DS09","Icelandic River - Flow of Vatnsdalsa River (Daily)","mc.lm_SMOTETPhi",46,0.239515823703209,0.268572945263317,0.253213509678574
"DS09","Icelandic River - Flow of Vatnsdalsa River (Daily)","mc.lm_SMOTETPhi",47,0.221977423855795,0.243774801089313,0.232366049794575
"DS09","Icelandic River - Flow of Vatnsdalsa River (Daily)","mc.lm_SMOTETPhi",48,0.254853723510292,0.215677722606548,0.233634844761681
"DS09","Icelandic River - Flow of Vatnsdalsa River (Daily)","mc.lm_SMOTETPhi",49,0.262413840747591,0.237542251084784,0.24935939561623
"DS09","Icelandic River - Flow of Vatnsdalsa River (Daily)","mc.lm_SMOTETPhi",50,0.263195133494403,0.251267258783537,0.257092921507769
"DS09","Icelandic River - Flow of Vatnsdalsa River (Daily)","mc.svm",1,0.402034127114039,0.355974473083297,0.377604915099026
"DS09","Icelandic River - Flow of Vatnsdalsa River (Daily)","mc.svm",2,0.31797655031691,0.34442147174242,0.330671130627013
"DS09","Icelandic River - Flow of Vatnsdalsa River (Daily)","mc.svm",3,0.293920971328947,0.312316702867938,0.302839736216678
"DS09","Icelandic River - Flow of Vatnsdalsa River (Daily)","mc.svm",4,0.283268722838115,0.295638066342678,0.28932124839554
"DS09","Icelandic River - Flow of Vatnsdalsa River (Daily)","mc.svm",5,0.284085337402306,0.295760895923147,0.289805569407145
"DS09","Icelandic River - Flow of Vatnsdalsa River (Daily)","mc.svm",6,0.284148676066679,0.295998942110767,0.289952780577258
"DS09","Icelandic River - Flow of Vatnsdalsa River (Daily)","mc.svm",7,0.296602980107948,0.31418809035627,0.305142391303359
"DS09","Icelandic River - Flow of Vatnsdalsa River (Daily)","mc.svm",8,0.28861711877962,0.31557872162067,0.301496353639147
"DS09","Icelandic River - Flow of Vatnsdalsa River (Daily)","mc.svm",9,0.289249568451295,0.315230205863613,0.301681561181109
"DS09","Icelandic River - Flow of Vatnsdalsa River (Daily)","mc.svm",10,0.279343750836196,0.309490340717726,0.293645336993009
"DS09","Icelandic River - Flow of Vatnsdalsa River (Daily)","mc.svm",11,0.275920788178576,0.308962419581505,0.291508298400175
"DS09","Icelandic River - Flow of Vatnsdalsa River (Daily)","mc.svm",12,0.279403201736913,0.308985073953356,0.293450507150927
"DS09","Icelandic River - Flow of Vatnsdalsa River (Daily)","mc.svm",13,0.268333208983489,0.305506026001681,0.285715605775694
"DS09","Icelandic River - Flow of Vatnsdalsa River (Daily)","mc.svm",14,0.260138848134731,0.305857423985598,0.281151667911177
"DS09","Icelandic River - Flow of Vatnsdalsa River (Daily)","mc.svm",15,0.246266398497254,0.307094437025706,0.273337165010567
"DS09","Icelandic River - Flow of Vatnsdalsa River (Daily)","mc.svm",16,0.24664690319622,0.305809344662492,0.273060276254706
"DS09","Icelandic River - Flow of Vatnsdalsa River (Daily)","mc.svm",17,0.261645300832427,0.305229634530837,0.281761971002001
"DS09","Icelandic River - Flow of Vatnsdalsa River (Daily)","mc.svm",18,0.270716764793181,0.305175421809344,0.286915172001251
"DS09","Icelandic River - Flow of Vatnsdalsa River (Daily)","mc.svm",19,0.2691885578821,0.306140321407364,0.286477785474587
"DS09","Icelandic River - Flow of Vatnsdalsa River (Daily)","mc.svm",20,0.270482371547587,0.306412944792075,0.287328732381121
"DS09","Icelandic River - Flow of Vatnsdalsa River (Daily)","mc.svm",21,0.273237979816002,0.306333855087831,0.288840963872357
"DS09","Icelandic River - Flow of Vatnsdalsa River (Daily)","mc.svm",22,0.297081700400605,0.310031394600695,0.303418439311866
"DS09","Icelandic River - Flow of Vatnsdalsa River (Daily)","mc.svm",23,0.292151265865531,0.30828917497551,0.300003352857372
"DS09","Icelandic River - Flow of Vatnsdalsa River (Daily)","mc.svm",24,0.281369101958398,0.294970497713505,0.288009305947806
"DS09","Icelandic River - Flow of Vatnsdalsa River (Daily)","mc.svm",25,0.258394659797982,0.293688885706422,0.274913608009185
"DS09","Icelandic River - Flow of Vatnsdalsa River (Daily)","mc.svm",26,0.270001144925941,0.299891088863671,0.284162276814498
"DS09","Icelandic River - Flow of Vatnsdalsa River (Daily)","mc.svm",27,0.279097133453164,0.301680378030728,0.289949686627211
"DS09","Icelandic River - Flow of Vatnsdalsa River (Daily)","mc.svm",28,0.27559333895452,0.303929266363985,0.289068555927041
"DS09","Icelandic River - Flow of Vatnsdalsa River (Daily)","mc.svm",29,0.272800813375473,0.302767832331702,0.287004205458538
"DS09","Icelandic River - Flow of Vatnsdalsa River (Daily)","mc.svm",30,0.276724823834313,0.305332169563229,0.290325489743321
"DS09","Icelandic River - Flow of Vatnsdalsa River (Daily)","mc.svm",31,0.275235889374787,0.303346085817675,0.288608125721909
"DS09","Icelandic River - Flow of Vatnsdalsa River (Daily)","mc.svm",32,0.283915366973245,0.300972627315465,0.292195274198061
"DS09","Icelandic River - Flow of Vatnsdalsa River (Daily)","mc.svm",33,0.275438102609601,0.302284353759681,0.288237467421261
"DS09","Icelandic River - Flow of Vatnsdalsa River (Daily)","mc.svm",34,0.274311446620947,0.300601933965766,0.286855565195065
"DS09","Icelandic River - Flow of Vatnsdalsa River (Daily)","mc.svm",35,0.283971124770769,0.302268727297815,0.292834375455415
"DS09","Icelandic River - Flow of Vatnsdalsa River (Daily)","mc.svm",36,0.286217417742217,0.303449167264978,0.294581511921854
"DS09","Icelandic River - Flow of Vatnsdalsa River (Daily)","mc.svm",37,0.264645857538878,0.291574998021323,0.277458547686182
"DS09","Icelandic River - Flow of Vatnsdalsa River (Daily)","mc.svm",38,0.245943565572784,0.305934423991405,0.272678398090564
"DS09","Icelandic River - Flow of Vatnsdalsa River (Daily)","mc.svm",39,0.260828666497653,0.290514335821819,0.274872326272672
"DS09","Icelandic River - Flow of Vatnsdalsa River (Daily)","mc.svm",40,0.273370511886651,0.290591226664641,0.281717949828108
"DS09","Icelandic River - Flow of Vatnsdalsa River (Daily)","mc.svm",41,0.261564761183104,0.289567733486058,0.274854833595249
"DS09","Icelandic River - Flow of Vatnsdalsa River (Daily)","mc.svm",42,0.26265374889406,0.294198247595602,0.277532533370318
"DS09","Icelandic River - Flow of Vatnsdalsa River (Daily)","mc.svm",43,0.259001906058625,0.293398082226927,0.275129124338205
"DS09","Icelandic River - Flow of Vatnsdalsa River (Daily)","mc.svm",44,0.263566817812534,0.294698941298654,0.278264826037232
"DS09","Icelandic River - Flow of Vatnsdalsa River (Daily)","mc.svm",45,0.268879822774508,0.296088505311002,0.281828983594074
"DS09","Icelandic River - Flow of Vatnsdalsa River (Daily)","mc.svm",46,0.256168467973041,0.285181486613606,0.269897517866657
"DS09","Icelandic River - Flow of Vatnsdalsa River (Daily)","mc.svm",47,0.248307834584278,0.28363912935997,0.264800150347792
"DS09","Icelandic River - Flow of Vatnsdalsa River (Daily)","mc.svm",48,0.247316007790239,0.278585292659924,0.262021038361197
"DS09","Icelandic River - Flow of Vatnsdalsa River (Daily)","mc.svm",49,0.254579379090278,0.278217457278576,0.26587405439105
"DS09","Icelandic River - Flow of Vatnsdalsa River (Daily)","mc.svm",50,0.236074040785501,0.272345333718551,0.252915866877538
"DS09","Icelandic River - Flow of Vatnsdalsa River (Daily)","mc.svm_UNDERB",1,0.379516554286026,0.362181664758023,0.370646534952454
"DS09","Icelandic River - Flow of Vatnsdalsa River (Daily)","mc.svm_UNDERB",2,0.355882323617517,0.360426258185308,0.358139878578371
"DS09","Icelandic River - Flow of Vatnsdalsa River (Daily)","mc.svm_UNDERB",3,0.260302785612351,0.304483425429373,0.280665080919269
"DS09","Icelandic River - Flow of Vatnsdalsa River (Daily)","mc.svm_UNDERB",4,0.295239617704938,0.279867666819238,0.287348205050292
"DS09","Icelandic River - Flow of Vatnsdalsa River (Daily)","mc.svm_UNDERB",5,0.263830928238218,0.266359849520007,0.265089357613465
"DS09","Icelandic River - Flow of Vatnsdalsa River (Daily)","mc.svm_UNDERB",6,0.333286271168538,0.306066835961473,0.319097141621332
"DS09","Icelandic River - Flow of Vatnsdalsa River (Daily)","mc.svm_UNDERB",7,0.280711996209116,0.276978629495692,0.278832816652563
"DS09","Icelandic River - Flow of Vatnsdalsa River (Daily)","mc.svm_UNDERB",8,0.318642590720304,0.310707024976384,0.314624777466101
"DS09","Icelandic River - Flow of Vatnsdalsa River (Daily)","mc.svm_UNDERB",9,0.319035037541819,0.31685191197499,0.317939727207645
"DS09","Icelandic River - Flow of Vatnsdalsa River (Daily)","mc.svm_UNDERB",10,0.333640370348363,0.321258546831291,0.327332410332771
"DS09","Icelandic River - Flow of Vatnsdalsa River (Daily)","mc.svm_UNDERB",11,0.293348353898289,0.293156928074945,0.293252609747473
"DS09","Icelandic River - Flow of Vatnsdalsa River (Daily)","mc.svm_UNDERB",12,0.308903764819052,0.310898917309016,0.309898129853779
"DS09","Icelandic River - Flow of Vatnsdalsa River (Daily)","mc.svm_UNDERB",13,0.297724931589966,0.305271442962666,0.301450964907906
"DS09","Icelandic River - Flow of Vatnsdalsa River (Daily)","mc.svm_UNDERB",14,0.359169391766362,0.309294887621158,0.33237155698169
"DS09","Icelandic River - Flow of Vatnsdalsa River (Daily)","mc.svm_UNDERB",15,0.264381981519837,0.286285700419197,0.27489821262473
"DS09","Icelandic River - Flow of Vatnsdalsa River (Daily)","mc.svm_UNDERB",16,0.314051292053254,0.306721652920256,0.310343200940971
"DS09","Icelandic River - Flow of Vatnsdalsa River (Daily)","mc.svm_UNDERB",17,0.321326125780933,0.308911014329687,0.314996286725324
"DS09","Icelandic River - Flow of Vatnsdalsa River (Daily)","mc.svm_UNDERB",18,0.328380367362444,0.31283458475911,0.320419028055977
"DS09","Icelandic River - Flow of Vatnsdalsa River (Daily)","mc.svm_UNDERB",19,0.303120384166664,0.301784341792261,0.302450887532876
"DS09","Icelandic River - Flow of Vatnsdalsa River (Daily)","mc.svm_UNDERB",20,0.300872596602864,0.297235440395464,0.299042959539529
"DS09","Icelandic River - Flow of Vatnsdalsa River (Daily)","mc.svm_UNDERB",21,0.304569842134405,0.306559009850355,0.305561188714194
"DS09","Icelandic River - Flow of Vatnsdalsa River (Daily)","mc.svm_UNDERB",22,0.342844922244324,0.323067058073715,0.332662284742454
"DS09","Icelandic River - Flow of Vatnsdalsa River (Daily)","mc.svm_UNDERB",23,0.292484221422278,0.297898378882339,0.295166474640016
"DS09","Icelandic River - Flow of Vatnsdalsa River (Daily)","mc.svm_UNDERB",24,0.317990768158078,0.30188537809479,0.309728851017583
"DS09","Icelandic River - Flow of Vatnsdalsa River (Daily)","mc.svm_UNDERB",25,0.294031246443575,0.30487193476917,0.299353477483034
"DS09","Icelandic River - Flow of Vatnsdalsa River (Daily)","mc.svm_UNDERB",26,0.30706842197029,0.295115752353856,0.30097346372671
"DS09","Icelandic River - Flow of Vatnsdalsa River (Daily)","mc.svm_UNDERB",27,0.311205239052198,0.317551415063984,0.314346300399042
"DS09","Icelandic River - Flow of Vatnsdalsa River (Daily)","mc.svm_UNDERB",28,0.269739609919104,0.296948844178775,0.282691008844435
"DS09","Icelandic River - Flow of Vatnsdalsa River (Daily)","mc.svm_UNDERB",29,0.294991579650738,0.302856134728725,0.298872128944321
"DS09","Icelandic River - Flow of Vatnsdalsa River (Daily)","mc.svm_UNDERB",30,0.274031201065662,0.292140081914614,0.282796036934538
"DS09","Icelandic River - Flow of Vatnsdalsa River (Daily)","mc.svm_UNDERB",31,0.297118149468022,0.291056045727853,0.294055857616605
"DS09","Icelandic River - Flow of Vatnsdalsa River (Daily)","mc.svm_UNDERB",32,0.294464474663895,0.288769098774231,0.291588978557803
"DS09","Icelandic River - Flow of Vatnsdalsa River (Daily)","mc.svm_UNDERB",33,0.294563796131905,0.304737612940261,0.299564348533174
"DS09","Icelandic River - Flow of Vatnsdalsa River (Daily)","mc.svm_UNDERB",34,0.287491763488166,0.312580966445873,0.299511871790066
"DS09","Icelandic River - Flow of Vatnsdalsa River (Daily)","mc.svm_UNDERB",35,0.306094939073804,0.318753316970062,0.312295909266887
"DS09","Icelandic River - Flow of Vatnsdalsa River (Daily)","mc.svm_UNDERB",36,0.313686514750148,0.316897393017731,0.315283779127874
"DS09","Icelandic River - Flow of Vatnsdalsa River (Daily)","mc.svm_UNDERB",37,0.304232978537611,0.312741811291258,0.30842872133812
"DS09","Icelandic River - Flow of Vatnsdalsa River (Daily)","mc.svm_UNDERB",38,0.285636355921453,0.315759559113651,0.299943539880291
"DS09","Icelandic River - Flow of Vatnsdalsa River (Daily)","mc.svm_UNDERB",39,0.286815783863895,0.297032246157786,0.291834628649634
"DS09","Icelandic River - Flow of Vatnsdalsa River (Daily)","mc.svm_UNDERB",40,0.292092069315922,0.300329043744753,0.296153293422858
"DS09","Icelandic River - Flow of Vatnsdalsa River (Daily)","mc.svm_UNDERB",41,0.314718068453759,0.31155719843693,0.313129656841611
"DS09","Icelandic River - Flow of Vatnsdalsa River (Daily)","mc.svm_UNDERB",42,0.302239856836736,0.302849762254499,0.302544502165845
"DS09","Icelandic River - Flow of Vatnsdalsa River (Daily)","mc.svm_UNDERB",43,0.303196029317324,0.314938022763326,0.308955501355977
"DS09","Icelandic River - Flow of Vatnsdalsa River (Daily)","mc.svm_UNDERB",44,0.307957033457382,0.318179121249383,0.312984636173663
"DS09","Icelandic River - Flow of Vatnsdalsa River (Daily)","mc.svm_UNDERB",45,0.308933752695274,0.322927976002655,0.315775895091386
"DS09","Icelandic River - Flow of Vatnsdalsa River (Daily)","mc.svm_UNDERB",46,0.279709764829135,0.303780981989089,0.291248858683968
"DS09","Icelandic River - Flow of Vatnsdalsa River (Daily)","mc.svm_UNDERB",47,0.299753547270394,0.305796603901778,0.302744922399451
"DS09","Icelandic River - Flow of Vatnsdalsa River (Daily)","mc.svm_UNDERB",48,0.266458438159248,0.289799245932537,0.277639146961142
"DS09","Icelandic River - Flow of Vatnsdalsa River (Daily)","mc.svm_UNDERB",49,0.272690025650405,0.304542392380832,0.287737383403407
"DS09","Icelandic River - Flow of Vatnsdalsa River (Daily)","mc.svm_UNDERB",50,0.273376414749672,0.29408843382186,0.283354438111709
"DS09","Icelandic River - Flow of Vatnsdalsa River (Daily)","mc.svm_UNDERT",1,0.266662846327822,0.363707581116354,0.3077152562652
"DS09","Icelandic River - Flow of Vatnsdalsa River (Daily)","mc.svm_UNDERT",2,0.30249345982507,0.358971137365114,0.328321188405773
"DS09","Icelandic River - Flow of Vatnsdalsa River (Daily)","mc.svm_UNDERT",3,0.236995989816299,0.278764424111835,0.256188915759481
"DS09","Icelandic River - Flow of Vatnsdalsa River (Daily)","mc.svm_UNDERT",4,0.287525322590034,0.28331656987054,0.28540543090136
"DS09","Icelandic River - Flow of Vatnsdalsa River (Daily)","mc.svm_UNDERT",5,0.290128713669992,0.286989487902722,0.288550562900712
"DS09","Icelandic River - Flow of Vatnsdalsa River (Daily)","mc.svm_UNDERT",6,0.304213590925865,0.314470340555087,0.309256945823517
"DS09","Icelandic River - Flow of Vatnsdalsa River (Daily)","mc.svm_UNDERT",7,0.297722222927782,0.276392293512084,0.286661025520837
"DS09","Icelandic River - Flow of Vatnsdalsa River (Daily)","mc.svm_UNDERT",8,0.324985681864994,0.317385855488794,0.321140812325632
"DS09","Icelandic River - Flow of Vatnsdalsa River (Daily)","mc.svm_UNDERT",9,0.346364492806156,0.308975526903922,0.326603437748046
"DS09","Icelandic River - Flow of Vatnsdalsa River (Daily)","mc.svm_UNDERT",10,0.330803088203505,0.318776044841751,0.324678225375209
"DS09","Icelandic River - Flow of Vatnsdalsa River (Daily)","mc.svm_UNDERT",11,0.301861200626978,0.305187135054055,0.303515056671634
"DS09","Icelandic River - Flow of Vatnsdalsa River (Daily)","mc.svm_UNDERT",12,0.264470427338175,0.284725855016506,0.274224611381515
"DS09","Icelandic River - Flow of Vatnsdalsa River (Daily)","mc.svm_UNDERT",13,0.31586264375738,0.313135807028902,0.314493314696116
"DS09","Icelandic River - Flow of Vatnsdalsa River (Daily)","mc.svm_UNDERT",14,0.339004232684053,0.304880294830378,0.321038030866936
"DS09","Icelandic River - Flow of Vatnsdalsa River (Daily)","mc.svm_UNDERT",15,0.345614393858843,0.31881455871421,0.331673988728754
"DS09","Icelandic River - Flow of Vatnsdalsa River (Daily)","mc.svm_UNDERT",16,0.320382524947996,0.305624462988529,0.312829533935071
"DS09","Icelandic River - Flow of Vatnsdalsa River (Daily)","mc.svm_UNDERT",17,0.300353501191587,0.298037315544371,0.299190925749093
"DS09","Icelandic River - Flow of Vatnsdalsa River (Daily)","mc.svm_UNDERT",18,0.339000089188514,0.304349753140684,0.320741800715015
"DS09","Icelandic River - Flow of Vatnsdalsa River (Daily)","mc.svm_UNDERT",19,0.325463591068151,0.311466093313057,0.318311034048035
"DS09","Icelandic River - Flow of Vatnsdalsa River (Daily)","mc.svm_UNDERT",20,0.334444471754347,0.316122613342646,0.325025544178038
"DS09","Icelandic River - Flow of Vatnsdalsa River (Daily)","mc.svm_UNDERT",21,0.291920029409271,0.303306506887752,0.297504358463323
"DS09","Icelandic River - Flow of Vatnsdalsa River (Daily)","mc.svm_UNDERT",22,0.330788387591497,0.305554614016347,0.317671186250896
"DS09","Icelandic River - Flow of Vatnsdalsa River (Daily)","mc.svm_UNDERT",23,0.308201422333507,0.302167690021396,0.305154733300706
"DS09","Icelandic River - Flow of Vatnsdalsa River (Daily)","mc.svm_UNDERT",24,0.299085411946663,0.29350027530243,0.296266523590157
"DS09","Icelandic River - Flow of Vatnsdalsa River (Daily)","mc.svm_UNDERT",25,0.308592929912602,0.320810711081241,0.31458323667649
"DS09","Icelandic River - Flow of Vatnsdalsa River (Daily)","mc.svm_UNDERT",26,0.303390397648411,0.308742326592026,0.30604296593318
"DS09","Icelandic River - Flow of Vatnsdalsa River (Daily)","mc.svm_UNDERT",27,0.328657095371943,0.324574029255425,0.326602801570753
"DS09","Icelandic River - Flow of Vatnsdalsa River (Daily)","mc.svm_UNDERT",28,0.289106794293549,0.293696840451734,0.291383742224789
"DS09","Icelandic River - Flow of Vatnsdalsa River (Daily)","mc.svm_UNDERT",29,0.277127763816583,0.295392203840192,0.285968649212809
"DS09","Icelandic River - Flow of Vatnsdalsa River (Daily)","mc.svm_UNDERT",30,0.290662522873633,0.272853725976592,0.281476718833378
"DS09","Icelandic River - Flow of Vatnsdalsa River (Daily)","mc.svm_UNDERT",31,0.291953703800729,0.305017353013538,0.298342591049612
"DS09","Icelandic River - Flow of Vatnsdalsa River (Daily)","mc.svm_UNDERT",32,0.283763312843183,0.304324954747165,0.293684680001341
"DS09","Icelandic River - Flow of Vatnsdalsa River (Daily)","mc.svm_UNDERT",33,0.294794285288498,0.296749181397257,0.295768503133255
"DS09","Icelandic River - Flow of Vatnsdalsa River (Daily)","mc.svm_UNDERT",34,0.278782513256132,0.283790686210257,0.281264307704031
"DS09","Icelandic River - Flow of Vatnsdalsa River (Daily)","mc.svm_UNDERT",35,0.32214802170341,0.319544533631111,0.32084099620491
"DS09","Icelandic River - Flow of Vatnsdalsa River (Daily)","mc.svm_UNDERT",36,0.284453282460224,0.29923087604735,0.291655011240168
"DS09","Icelandic River - Flow of Vatnsdalsa River (Daily)","mc.svm_UNDERT",37,0.256919925146159,0.274462815513514,0.265401792800409
"DS09","Icelandic River - Flow of Vatnsdalsa River (Daily)","mc.svm_UNDERT",38,0.237547072101365,0.303753454144848,0.266601417047078
"DS09","Icelandic River - Flow of Vatnsdalsa River (Daily)","mc.svm_UNDERT",39,0.269850100300154,0.284047967703758,0.276767069620371
"DS09","Icelandic River - Flow of Vatnsdalsa River (Daily)","mc.svm_UNDERT",40,0.277661331941406,0.308374960600429,0.292213309610279
"DS09","Icelandic River - Flow of Vatnsdalsa River (Daily)","mc.svm_UNDERT",41,0.293591754989242,0.297196129044933,0.295382946943657
"DS09","Icelandic River - Flow of Vatnsdalsa River (Daily)","mc.svm_UNDERT",42,0.296622391870586,0.310331222346499,0.303321991296745
"DS09","Icelandic River - Flow of Vatnsdalsa River (Daily)","mc.svm_UNDERT",43,0.294589709001244,0.313148862110566,0.303585905348931
"DS09","Icelandic River - Flow of Vatnsdalsa River (Daily)","mc.svm_UNDERT",44,0.288479688275543,0.320038329046618,0.303440669861762
"DS09","Icelandic River - Flow of Vatnsdalsa River (Daily)","mc.svm_UNDERT",45,0.30509030326255,0.322589460782465,0.3135959514934
"DS09","Icelandic River - Flow of Vatnsdalsa River (Daily)","mc.svm_UNDERT",46,0.273744731299505,0.303610903247766,0.287905339988
"DS09","Icelandic River - Flow of Vatnsdalsa River (Daily)","mc.svm_UNDERT",47,0.323429414655139,0.317702897074134,0.320540581577547
"DS09","Icelandic River - Flow of Vatnsdalsa River (Daily)","mc.svm_UNDERT",48,0.305734490948028,0.304410501401573,0.305071059673362
"DS09","Icelandic River - Flow of Vatnsdalsa River (Daily)","mc.svm_UNDERT",49,0.277978023194765,0.295627087268909,0.286531036152761
"DS09","Icelandic River - Flow of Vatnsdalsa River (Daily)","mc.svm_UNDERT",50,0.293068210140834,0.302732811269119,0.297822125042975
"DS09","Icelandic River - Flow of Vatnsdalsa River (Daily)","mc.svm_UNDERTPhi",1,0.324498927213717,0.344385982160055,0.334146817164723
"DS09","Icelandic River - Flow of Vatnsdalsa River (Daily)","mc.svm_UNDERTPhi",2,0.335656902297517,0.337603431804176,0.336627353148906
"DS09","Icelandic River - Flow of Vatnsdalsa River (Daily)","mc.svm_UNDERTPhi",3,0.233025175092604,0.287807906966017,0.257535437836276
"DS09","Icelandic River - Flow of Vatnsdalsa River (Daily)","mc.svm_UNDERTPhi",4,0.242816185645892,0.274263574717378,0.257583607711486
"DS09","Icelandic River - Flow of Vatnsdalsa River (Daily)","mc.svm_UNDERTPhi",5,0.229825400881415,0.276057171299845,0.250828763626368
"DS09","Icelandic River - Flow of Vatnsdalsa River (Daily)","mc.svm_UNDERTPhi",6,0.257565664630063,0.286432721299114,0.271233283559075
"DS09","Icelandic River - Flow of Vatnsdalsa River (Daily)","mc.svm_UNDERTPhi",7,0.309374495406709,0.294759246653673,0.301890084433745
"DS09","Icelandic River - Flow of Vatnsdalsa River (Daily)","mc.svm_UNDERTPhi",8,0.28605925045402,0.294459663497202,0.290198677785131
"DS09","Icelandic River - Flow of Vatnsdalsa River (Daily)","mc.svm_UNDERTPhi",9,0.283337498644473,0.293938970093895,0.28854088829414
"DS09","Icelandic River - Flow of Vatnsdalsa River (Daily)","mc.svm_UNDERTPhi",10,0.258936986035674,0.300142405765652,0.278021229435951
"DS09","Icelandic River - Flow of Vatnsdalsa River (Daily)","mc.svm_UNDERTPhi",11,0.290729120646965,0.302148724570086,0.296328944343346
"DS09","Icelandic River - Flow of Vatnsdalsa River (Daily)","mc.svm_UNDERTPhi",12,0.259336998269017,0.293815187007775,0.275501573247217
"DS09","Icelandic River - Flow of Vatnsdalsa River (Daily)","mc.svm_UNDERTPhi",13,0.275708518781325,0.294656773994862,0.284867903906228
"DS09","Icelandic River - Flow of Vatnsdalsa River (Daily)","mc.svm_UNDERTPhi",14,0.290968667008714,0.297263900763759,0.294082598257285
"DS09","Icelandic River - Flow of Vatnsdalsa River (Daily)","mc.svm_UNDERTPhi",15,0.29849959464613,0.303720583755052,0.301087457339145
"DS09","Icelandic River - Flow of Vatnsdalsa River (Daily)","mc.svm_UNDERTPhi",16,0.285526354595073,0.290476581276464,0.287980196564851
"DS09","Icelandic River - Flow of Vatnsdalsa River (Daily)","mc.svm_UNDERTPhi",17,0.293339079006218,0.294871739195924,0.294103412327819
"DS09","Icelandic River - Flow of Vatnsdalsa River (Daily)","mc.svm_UNDERTPhi",18,0.303703906814679,0.291097234838221,0.297266973084959
"DS09","Icelandic River - Flow of Vatnsdalsa River (Daily)","mc.svm_UNDERTPhi",19,0.288534571542838,0.294365532693577,0.291420887508616
"DS09","Icelandic River - Flow of Vatnsdalsa River (Daily)","mc.svm_UNDERTPhi",20,0.282472352660071,0.286739782910402,0.284590071147249
"DS09","Icelandic River - Flow of Vatnsdalsa River (Daily)","mc.svm_UNDERTPhi",21,0.288387529912533,0.29682840918921,0.292547095915857
"DS09","Icelandic River - Flow of Vatnsdalsa River (Daily)","mc.svm_UNDERTPhi",22,0.310422475879948,0.300493376495372,0.305377238303883
"DS09","Icelandic River - Flow of Vatnsdalsa River (Daily)","mc.svm_UNDERTPhi",23,0.294480804569219,0.30261514707232,0.298492568035994
"DS09","Icelandic River - Flow of Vatnsdalsa River (Daily)","mc.svm_UNDERTPhi",24,0.290125769896346,0.300314367415036,0.295132161759769
"DS09","Icelandic River - Flow of Vatnsdalsa River (Daily)","mc.svm_UNDERTPhi",25,0.299208326698759,0.309207740733521,0.304125862742697
"DS09","Icelandic River - Flow of Vatnsdalsa River (Daily)","mc.svm_UNDERTPhi",26,0.256330925045931,0.296039882586319,0.274758100556107
"DS09","Icelandic River - Flow of Vatnsdalsa River (Daily)","mc.svm_UNDERTPhi",27,0.275775172173601,0.294175451972391,0.284678294855775
"DS09","Icelandic River - Flow of Vatnsdalsa River (Daily)","mc.svm_UNDERTPhi",28,0.26138738109215,0.289655758877875,0.274796489565102
"DS09","Icelandic River - Flow of Vatnsdalsa River (Daily)","mc.svm_UNDERTPhi",29,0.323911556590138,0.3188325461662,0.321351984024166
"DS09","Icelandic River - Flow of Vatnsdalsa River (Daily)","mc.svm_UNDERTPhi",30,0.267732743972868,0.276277794534517,0.271938158523355
"DS09","Icelandic River - Flow of Vatnsdalsa River (Daily)","mc.svm_UNDERTPhi",31,0.283101103316198,0.288789036240129,0.285916784117414
"DS09","Icelandic River - Flow of Vatnsdalsa River (Daily)","mc.svm_UNDERTPhi",32,0.268703181650195,0.286262250126915,0.277204932023006
"DS09","Icelandic River - Flow of Vatnsdalsa River (Daily)","mc.svm_UNDERTPhi",33,0.257728737802508,0.293081311501998,0.274270509705806
"DS09","Icelandic River - Flow of Vatnsdalsa River (Daily)","mc.svm_UNDERTPhi",34,0.271258726245643,0.291455373957362,0.280994606208019
"DS09","Icelandic River - Flow of Vatnsdalsa River (Daily)","mc.svm_UNDERTPhi",35,0.271152305193861,0.300263314893226,0.284966273711733
"DS09","Icelandic River - Flow of Vatnsdalsa River (Daily)","mc.svm_UNDERTPhi",36,0.281685236379545,0.309578151510173,0.294973768280578
"DS09","Icelandic River - Flow of Vatnsdalsa River (Daily)","mc.svm_UNDERTPhi",37,0.286284104932942,0.295916242013218,0.291020494660434
"DS09","Icelandic River - Flow of Vatnsdalsa River (Daily)","mc.svm_UNDERTPhi",38,0.283852444098698,0.32137982340484,0.3014526926456
"DS09","Icelandic River - Flow of Vatnsdalsa River (Daily)","mc.svm_UNDERTPhi",39,0.283635653533716,0.295895548912968,0.289635923102409
"DS09","Icelandic River - Flow of Vatnsdalsa River (Daily)","mc.svm_UNDERTPhi",40,0.299614688322701,0.315110514889904,0.30716729430497
"DS09","Icelandic River - Flow of Vatnsdalsa River (Daily)","mc.svm_UNDERTPhi",41,0.2611322074544,0.280638006658168,0.270533965379733
"DS09","Icelandic River - Flow of Vatnsdalsa River (Daily)","mc.svm_UNDERTPhi",42,0.28884803260348,0.305736587911327,0.29705245936777
"DS09","Icelandic River - Flow of Vatnsdalsa River (Daily)","mc.svm_UNDERTPhi",43,0.291781690773795,0.294890438553028,0.293327828109916
"DS09","Icelandic River - Flow of Vatnsdalsa River (Daily)","mc.svm_UNDERTPhi",44,0.30643553376524,0.31261822484317,0.309496005031629
"DS09","Icelandic River - Flow of Vatnsdalsa River (Daily)","mc.svm_UNDERTPhi",45,0.291606477035372,0.315445111942013,0.303057728409523
"DS09","Icelandic River - Flow of Vatnsdalsa River (Daily)","mc.svm_UNDERTPhi",46,0.264698602702146,0.285502169464834,0.274707085663041
"DS09","Icelandic River - Flow of Vatnsdalsa River (Daily)","mc.svm_UNDERTPhi",47,0.258662220259496,0.293182592252438,0.274842704086523
"DS09","Icelandic River - Flow of Vatnsdalsa River (Daily)","mc.svm_UNDERTPhi",48,0.290815771535364,0.292515396348407,0.291663107883118
"DS09","Icelandic River - Flow of Vatnsdalsa River (Daily)","mc.svm_UNDERTPhi",49,0.280329156929384,0.295577256488717,0.287751347053771
"DS09","Icelandic River - Flow of Vatnsdalsa River (Daily)","mc.svm_UNDERTPhi",50,0.254320951240013,0.271702103360976,0.262724368357165
"DS09","Icelandic River - Flow of Vatnsdalsa River (Daily)","mc.svm_OVERB",1,0.400199198980037,0.397966907514127,0.399079931637966
"DS09","Icelandic River - Flow of Vatnsdalsa River (Daily)","mc.svm_OVERB",2,0.373759704505802,0.37916179206131,0.376441368739945
"DS09","Icelandic River - Flow of Vatnsdalsa River (Daily)","mc.svm_OVERB",3,0.229883872775073,0.27476153892023,0.250327240445647
"DS09","Icelandic River - Flow of Vatnsdalsa River (Daily)","mc.svm_OVERB",4,0.213218410739734,0.220715767465656,0.216902320802917
"DS09","Icelandic River - Flow of Vatnsdalsa River (Daily)","mc.svm_OVERB",5,0.248339958577575,0.272469597622328,0.259845802680339
"DS09","Icelandic River - Flow of Vatnsdalsa River (Daily)","mc.svm_OVERB",6,0.289347470754511,0.278185423197217,0.283656681262723
"DS09","Icelandic River - Flow of Vatnsdalsa River (Daily)","mc.svm_OVERB",7,0.308330924685627,0.299901572069332,0.304057838159422
"DS09","Icelandic River - Flow of Vatnsdalsa River (Daily)","mc.svm_OVERB",8,0.30465245181542,0.285716667353708,0.29488088183319
"DS09","Icelandic River - Flow of Vatnsdalsa River (Daily)","mc.svm_OVERB",9,0.294453713296927,0.29463240491078,0.294543032001965
"DS09","Icelandic River - Flow of Vatnsdalsa River (Daily)","mc.svm_OVERB",10,0.312438895854645,0.29623464635092,0.304121074441295
"DS09","Icelandic River - Flow of Vatnsdalsa River (Daily)","mc.svm_OVERB",11,0.312869750608034,0.285801884120107,0.298723904794886
"DS09","Icelandic River - Flow of Vatnsdalsa River (Daily)","mc.svm_OVERB",12,0.302631979851241,0.287844237669056,0.295052938458316
"DS09","Icelandic River - Flow of Vatnsdalsa River (Daily)","mc.svm_OVERB",13,0.280912495698596,0.282496545287358,0.281702293680025
"DS09","Icelandic River - Flow of Vatnsdalsa River (Daily)","mc.svm_OVERB",14,0.306607685131991,0.298050647373298,0.302268617268807
"DS09","Icelandic River - Flow of Vatnsdalsa River (Daily)","mc.svm_OVERB",15,0.309798152546045,0.305089031132481,0.307425559405772
"DS09","Icelandic River - Flow of Vatnsdalsa River (Daily)","mc.svm_OVERB",16,0.316920543071662,0.301012656093689,0.308761835646666
"DS09","Icelandic River - Flow of Vatnsdalsa River (Daily)","mc.svm_OVERB",17,0.267944874068324,0.276281926433535,0.272049542276574
"DS09","Icelandic River - Flow of Vatnsdalsa River (Daily)","mc.svm_OVERB",18,0.316938923642449,0.306178628177766,0.311465868915152
"DS09","Icelandic River - Flow of Vatnsdalsa River (Daily)","mc.svm_OVERB",19,0.26906532364126,0.272964866592616,0.2710010678215
"DS09","Icelandic River - Flow of Vatnsdalsa River (Daily)","mc.svm_OVERB",20,0.270058000466682,0.266690805880566,0.268363841436693
"DS09","Icelandic River - Flow of Vatnsdalsa River (Daily)","mc.svm_OVERB",21,0.266141190726192,0.28208108230082,0.273879405557002
"DS09","Icelandic River - Flow of Vatnsdalsa River (Daily)","mc.svm_OVERB",22,0.263067847933913,0.29979549598468,0.28023340585624
"DS09","Icelandic River - Flow of Vatnsdalsa River (Daily)","mc.svm_OVERB",23,0.256643291903046,0.26977611124832,0.263045886428556
"DS09","Icelandic River - Flow of Vatnsdalsa River (Daily)","mc.svm_OVERB",24,0.254074513446365,0.250829900311993,0.252441781624314
"DS09","Icelandic River - Flow of Vatnsdalsa River (Daily)","mc.svm_OVERB",25,0.24103720810582,0.278917314997888,0.258597426937098
"DS09","Icelandic River - Flow of Vatnsdalsa River (Daily)","mc.svm_OVERB",26,0.288820586434532,0.288245407356993,0.288532710246597
"DS09","Icelandic River - Flow of Vatnsdalsa River (Daily)","mc.svm_OVERB",27,0.31872276261756,0.311401010738226,0.315019348963202
"DS09","Icelandic River - Flow of Vatnsdalsa River (Daily)","mc.svm_OVERB",28,0.306735543990801,0.292241559049255,0.299313189558427
"DS09","Icelandic River - Flow of Vatnsdalsa River (Daily)","mc.svm_OVERB",29,0.262663109884593,0.28839602485921,0.274928739918602
"DS09","Icelandic River - Flow of Vatnsdalsa River (Daily)","mc.svm_OVERB",30,0.258486518799792,0.242108717596069,0.250029704769309
"DS09","Icelandic River - Flow of Vatnsdalsa River (Daily)","mc.svm_OVERB",31,0.279945340735771,0.292158961801832,0.285921779465195
"DS09","Icelandic River - Flow of Vatnsdalsa River (Daily)","mc.svm_OVERB",32,0.260240183116586,0.286815937173042,0.272882540720504
"DS09","Icelandic River - Flow of Vatnsdalsa River (Daily)","mc.svm_OVERB",33,0.241302627621588,0.27661029845959,0.25775294835962
"DS09","Icelandic River - Flow of Vatnsdalsa River (Daily)","mc.svm_OVERB",34,0.227313295475071,0.258104158444352,0.241732168293827
"DS09","Icelandic River - Flow of Vatnsdalsa River (Daily)","mc.svm_OVERB",35,0.266460675512189,0.291888802830501,0.278595720399056
"DS09","Icelandic River - Flow of Vatnsdalsa River (Daily)","mc.svm_OVERB",36,0.265357341034143,0.282268016317105,0.273551577783667
"DS09","Icelandic River - Flow of Vatnsdalsa River (Daily)","mc.svm_OVERB",37,0.248849308932975,0.290150622793591,0.267917592261538
"DS09","Icelandic River - Flow of Vatnsdalsa River (Daily)","mc.svm_OVERB",38,0.270701604441772,0.300949246884089,0.285025182060392
"DS09","Icelandic River - Flow of Vatnsdalsa River (Daily)","mc.svm_OVERB",39,0.283986764602384,0.293844867916972,0.288831724116316
"DS09","Icelandic River - Flow of Vatnsdalsa River (Daily)","mc.svm_OVERB",40,0.26531044364996,0.287883868511928,0.276136595027805
"DS09","Icelandic River - Flow of Vatnsdalsa River (Daily)","mc.svm_OVERB",41,0.257771919893864,0.287339167338718,0.271753668418794
"DS09","Icelandic River - Flow of Vatnsdalsa River (Daily)","mc.svm_OVERB",42,0.245075916763142,0.27889127920585,0.260892424008407
"DS09","Icelandic River - Flow of Vatnsdalsa River (Daily)","mc.svm_OVERB",43,0.255616956473749,0.297625978569244,0.275026546171726
"DS09","Icelandic River - Flow of Vatnsdalsa River (Daily)","mc.svm_OVERB",44,0.26908438067516,0.287704283399605,0.2780829923857
"DS09","Icelandic River - Flow of Vatnsdalsa River (Daily)","mc.svm_OVERB",45,0.295607948083041,0.317099592408881,0.305976844269615
"DS09","Icelandic River - Flow of Vatnsdalsa River (Daily)","mc.svm_OVERB",46,0.233938024876224,0.246261815101236,0.239941781862823
"DS09","Icelandic River - Flow of Vatnsdalsa River (Daily)","mc.svm_OVERB",47,0.255210288346555,0.283888698322054,0.268786691679078
"DS09","Icelandic River - Flow of Vatnsdalsa River (Daily)","mc.svm_OVERB",48,0.272641257902361,0.282723276926145,0.277590753551536
"DS09","Icelandic River - Flow of Vatnsdalsa River (Daily)","mc.svm_OVERB",49,0.24626516102051,0.260791179141952,0.253320101287143
"DS09","Icelandic River - Flow of Vatnsdalsa River (Daily)","mc.svm_OVERB",50,0.253208796090646,0.243686599747521,0.24835645917552
"DS09","Icelandic River - Flow of Vatnsdalsa River (Daily)","mc.svm_OVERT",1,0.424247673492648,0.410060197582361,0.417033305923616
"DS09","Icelandic River - Flow of Vatnsdalsa River (Daily)","mc.svm_OVERT",2,0.392913039461958,0.385084168967966,0.388959213833771
"DS09","Icelandic River - Flow of Vatnsdalsa River (Daily)","mc.svm_OVERT",3,0.317303525120739,0.317748128286408,0.317525671069009
"DS09","Icelandic River - Flow of Vatnsdalsa River (Daily)","mc.svm_OVERT",4,0.333491998259236,0.315876011622035,0.324445062630204
"DS09","Icelandic River - Flow of Vatnsdalsa River (Daily)","mc.svm_OVERT",5,0.284655040848365,0.291299060742191,0.287938729164937
"DS09","Icelandic River - Flow of Vatnsdalsa River (Daily)","mc.svm_OVERT",6,0.285124043313664,0.291572396205158,0.288312168509426
"DS09","Icelandic River - Flow of Vatnsdalsa River (Daily)","mc.svm_OVERT",7,0.311558415392889,0.302991335471035,0.307215161097781
"DS09","Icelandic River - Flow of Vatnsdalsa River (Daily)","mc.svm_OVERT",8,0.309764057735675,0.307890378748726,0.308824376302809
"DS09","Icelandic River - Flow of Vatnsdalsa River (Daily)","mc.svm_OVERT",9,0.309300180317097,0.315922461021306,0.312576249481095
"DS09","Icelandic River - Flow of Vatnsdalsa River (Daily)","mc.svm_OVERT",10,0.32510980509096,0.333128867154512,0.329070489587968
"DS09","Icelandic River - Flow of Vatnsdalsa River (Daily)","mc.svm_OVERT",11,0.292520621714406,0.296545583332942,0.294519351678784
"DS09","Icelandic River - Flow of Vatnsdalsa River (Daily)","mc.svm_OVERT",12,0.315998473655526,0.307905939469392,0.311899723274814
"DS09","Icelandic River - Flow of Vatnsdalsa River (Daily)","mc.svm_OVERT",13,0.327799010310558,0.331792549215174,0.329783690195654
"DS09","Icelandic River - Flow of Vatnsdalsa River (Daily)","mc.svm_OVERT",14,0.328902794536126,0.295333737878311,0.311215658376388
"DS09","Icelandic River - Flow of Vatnsdalsa River (Daily)","mc.svm_OVERT",15,0.328809121936663,0.326559287163716,0.327680342786001
"DS09","Icelandic River - Flow of Vatnsdalsa River (Daily)","mc.svm_OVERT",16,0.347999140299053,0.354647319356072,0.351291778530707
"DS09","Icelandic River - Flow of Vatnsdalsa River (Daily)","mc.svm_OVERT",17,0.304437041464564,0.2989817099068,0.301684715661165
"DS09","Icelandic River - Flow of Vatnsdalsa River (Daily)","mc.svm_OVERT",18,0.314304025680427,0.32907541013866,0.321520149388492
"DS09","Icelandic River - Flow of Vatnsdalsa River (Daily)","mc.svm_OVERT",19,0.332368911929701,0.31411948582735,0.322986621515791
"DS09","Icelandic River - Flow of Vatnsdalsa River (Daily)","mc.svm_OVERT",20,0.334083882752378,0.306857837335773,0.319892603452412
"DS09","Icelandic River - Flow of Vatnsdalsa River (Daily)","mc.svm_OVERT",21,0.294002697717672,0.312739486464917,0.303081786961611
"DS09","Icelandic River - Flow of Vatnsdalsa River (Daily)","mc.svm_OVERT",22,0.266963744518056,0.279112342387473,0.272902908044227
"DS09","Icelandic River - Flow of Vatnsdalsa River (Daily)","mc.svm_OVERT",23,0.263047136905354,0.288018427453561,0.274967000726239
"DS09","Icelandic River - Flow of Vatnsdalsa River (Daily)","mc.svm_OVERT",24,0.29988243639611,0.294587693470081,0.297211485697366
"DS09","Icelandic River - Flow of Vatnsdalsa River (Daily)","mc.svm_OVERT",25,0.285042621986859,0.293699973709552,0.289306545625535
"DS09","Icelandic River - Flow of Vatnsdalsa River (Daily)","mc.svm_OVERT",26,0.299496004867435,0.293547015246783,0.296491672021497
"DS09","Icelandic River - Flow of Vatnsdalsa River (Daily)","mc.svm_OVERT",27,0.313886395652346,0.287182523790275,0.299941269199093
"DS09","Icelandic River - Flow of Vatnsdalsa River (Daily)","mc.svm_OVERT",28,0.294265117570808,0.290146687014931,0.292191390718916
"DS09","Icelandic River - Flow of Vatnsdalsa River (Daily)","mc.svm_OVERT",29,0.252622726659936,0.259511191257374,0.256020632262795
"DS09","Icelandic River - Flow of Vatnsdalsa River (Daily)","mc.svm_OVERT",30,0.238159187367672,0.241263835762569,0.239701459021551
"DS09","Icelandic River - Flow of Vatnsdalsa River (Daily)","mc.svm_OVERT",31,0.281179121912748,0.288838753846607,0.284957474615228
"DS09","Icelandic River - Flow of Vatnsdalsa River (Daily)","mc.svm_OVERT",32,0.276461690190033,0.282813897214481,0.279601719774671
"DS09","Icelandic River - Flow of Vatnsdalsa River (Daily)","mc.svm_OVERT",33,0.280229737194315,0.302067193796947,0.290738988401136
"DS09","Icelandic River - Flow of Vatnsdalsa River (Daily)","mc.svm_OVERT",34,0.220971728781378,0.238882195057247,0.229578172025838
"DS09","Icelandic River - Flow of Vatnsdalsa River (Daily)","mc.svm_OVERT",35,0.307852028722507,0.3206670269402,0.314128884076133
"DS09","Icelandic River - Flow of Vatnsdalsa River (Daily)","mc.svm_OVERT",36,0.217773752399785,0.245629081033424,0.230864219274867
"DS09","Icelandic River - Flow of Vatnsdalsa River (Daily)","mc.svm_OVERT",37,0.198737973404155,0.255630168318883,0.223622287425359
"DS09","Icelandic River - Flow of Vatnsdalsa River (Daily)","mc.svm_OVERT",38,0.236769425480865,0.305635169358507,0.266830569446746
"DS09","Icelandic River - Flow of Vatnsdalsa River (Daily)","mc.svm_OVERT",39,0.246100786975626,0.273779707094594,0.259203421334117
"DS09","Icelandic River - Flow of Vatnsdalsa River (Daily)","mc.svm_OVERT",40,0.25924843076534,0.268030821475824,0.263566486141848
"DS09","Icelandic River - Flow of Vatnsdalsa River (Daily)","mc.svm_OVERT",41,0.266140552421414,0.295500656650576,0.280053196708343
"DS09","Icelandic River - Flow of Vatnsdalsa River (Daily)","mc.svm_OVERT",42,0.253594713425261,0.288368294314861,0.269865927796956
"DS09","Icelandic River - Flow of Vatnsdalsa River (Daily)","mc.svm_OVERT",43,0.271909771427055,0.278269088585025,0.275052677490035
"DS09","Icelandic River - Flow of Vatnsdalsa River (Daily)","mc.svm_OVERT",44,0.275423273784355,0.305163817547149,0.289531816756762
"DS09","Icelandic River - Flow of Vatnsdalsa River (Daily)","mc.svm_OVERT",45,0.23909175860266,0.281384160107824,0.258519678873116
"DS09","Icelandic River - Flow of Vatnsdalsa River (Daily)","mc.svm_OVERT",46,0.251013966370495,0.254004408635023,0.25250033362201
"DS09","Icelandic River - Flow of Vatnsdalsa River (Daily)","mc.svm_OVERT",47,0.270107945784594,0.283360869662395,0.276575735738363
"DS09","Icelandic River - Flow of Vatnsdalsa River (Daily)","mc.svm_OVERT",48,0.23884909883713,0.253414738784598,0.245916426781118
"DS09","Icelandic River - Flow of Vatnsdalsa River (Daily)","mc.svm_OVERT",49,0.256741190917,0.255328700973586,0.256032997844192
"DS09","Icelandic River - Flow of Vatnsdalsa River (Daily)","mc.svm_OVERT",50,0.341585831982598,0.326668729745795,0.333960787470894
"DS09","Icelandic River - Flow of Vatnsdalsa River (Daily)","mc.svm_OVERTPhi",1,0.373178750656677,0.387660838315421,0.380281965917455
"DS09","Icelandic River - Flow of Vatnsdalsa River (Daily)","mc.svm_OVERTPhi",2,0.351255331899901,0.380679612572068,0.365376034226628
"DS09","Icelandic River - Flow of Vatnsdalsa River (Daily)","mc.svm_OVERTPhi",3,0.334108989328513,0.336680735190759,0.335389932341557
"DS09","Icelandic River - Flow of Vatnsdalsa River (Daily)","mc.svm_OVERTPhi",4,0.310809958283407,0.302164295647607,0.306426155821995
"DS09","Icelandic River - Flow of Vatnsdalsa River (Daily)","mc.svm_OVERTPhi",5,0.2871855314682,0.297269630902282,0.292140586435306
"DS09","Icelandic River - Flow of Vatnsdalsa River (Daily)","mc.svm_OVERTPhi",6,0.293114126917013,0.293704927471442,0.293409229789693
"DS09","Icelandic River - Flow of Vatnsdalsa River (Daily)","mc.svm_OVERTPhi",7,0.284780479503739,0.295480494495889,0.290031832837323
"DS09","Icelandic River - Flow of Vatnsdalsa River (Daily)","mc.svm_OVERTPhi",8,0.313009233734618,0.311668899354253,0.312337628606915
"DS09","Icelandic River - Flow of Vatnsdalsa River (Daily)","mc.svm_OVERTPhi",9,0.328262455192356,0.333568493806538,0.330894204682874
"DS09","Icelandic River - Flow of Vatnsdalsa River (Daily)","mc.svm_OVERTPhi",10,0.307833774032664,0.317663809177672,0.312671549427464
"DS09","Icelandic River - Flow of Vatnsdalsa River (Daily)","mc.svm_OVERTPhi",11,0.302482250388944,0.299012431936611,0.300737333060923
"DS09","Icelandic River - Flow of Vatnsdalsa River (Daily)","mc.svm_OVERTPhi",12,0.308867360711226,0.300147079276439,0.304444788544503
"DS09","Icelandic River - Flow of Vatnsdalsa River (Daily)","mc.svm_OVERTPhi",13,0.324662276800368,0.319289947985331,0.32195370240979
"DS09","Icelandic River - Flow of Vatnsdalsa River (Daily)","mc.svm_OVERTPhi",14,0.344310197099768,0.315065787186957,0.329039473292563
"DS09","Icelandic River - Flow of Vatnsdalsa River (Daily)","mc.svm_OVERTPhi",15,0.3276403206881,0.336344388494384,0.331935304485021
"DS09","Icelandic River - Flow of Vatnsdalsa River (Daily)","mc.svm_OVERTPhi",16,0.33072758279102,0.35178023269209,0.340929212508912
"DS09","Icelandic River - Flow of Vatnsdalsa River (Daily)","mc.svm_OVERTPhi",17,0.320488318152959,0.321032418131423,0.320760137405467
"DS09","Icelandic River - Flow of Vatnsdalsa River (Daily)","mc.svm_OVERTPhi",18,0.300980596767421,0.317553029357085,0.309044799649935
"DS09","Icelandic River - Flow of Vatnsdalsa River (Daily)","mc.svm_OVERTPhi",19,0.321590911069052,0.320494561812924,0.32104180044279
"DS09","Icelandic River - Flow of Vatnsdalsa River (Daily)","mc.svm_OVERTPhi",20,0.323623700248824,0.302933637603064,0.31293705717996
"DS09","Icelandic River - Flow of Vatnsdalsa River (Daily)","mc.svm_OVERTPhi",21,0.3094688740157,0.317612282236117,0.31348770211713
"DS09","Icelandic River - Flow of Vatnsdalsa River (Daily)","mc.svm_OVERTPhi",22,0.317501103168662,0.312286528073421,0.314872227555418
"DS09","Icelandic River - Flow of Vatnsdalsa River (Daily)","mc.svm_OVERTPhi",23,0.290771929708604,0.281529416906107,0.286076041259563
"DS09","Icelandic River - Flow of Vatnsdalsa River (Daily)","mc.svm_OVERTPhi",24,0.311432917514715,0.30232019732404,0.306808906708313
"DS09","Icelandic River - Flow of Vatnsdalsa River (Daily)","mc.svm_OVERTPhi",25,0.283600207926299,0.294708656216884,0.289047743733339
"DS09","Icelandic River - Flow of Vatnsdalsa River (Daily)","mc.svm_OVERTPhi",26,0.307630779646228,0.282671038009214,0.294623222241001
"DS09","Icelandic River - Flow of Vatnsdalsa River (Daily)","mc.svm_OVERTPhi",27,0.310544666217486,0.285112410798582,0.297285608993176
"DS09","Icelandic River - Flow of Vatnsdalsa River (Daily)","mc.svm_OVERTPhi",28,0.295321686520017,0.297941531937159,0.296625824620849
"DS09","Icelandic River - Flow of Vatnsdalsa River (Daily)","mc.svm_OVERTPhi",29,0.244964728516372,0.239394956548006,0.24214781843859
"DS09","Icelandic River - Flow of Vatnsdalsa River (Daily)","mc.svm_OVERTPhi",30,0.254800744960636,0.244849399378454,0.249725973550223
"DS09","Icelandic River - Flow of Vatnsdalsa River (Daily)","mc.svm_OVERTPhi",31,0.227690549043283,0.259650923024278,0.242622738311905
"DS09","Icelandic River - Flow of Vatnsdalsa River (Daily)","mc.svm_OVERTPhi",32,0.28469824190896,0.285836312493297,0.285266142121189
"DS09","Icelandic River - Flow of Vatnsdalsa River (Daily)","mc.svm_OVERTPhi",33,0.25188487435349,0.288064135679589,0.268762410054071
"DS09","Icelandic River - Flow of Vatnsdalsa River (Daily)","mc.svm_OVERTPhi",34,0.221923961018332,0.240062769570209,0.230637276738153
"DS09","Icelandic River - Flow of Vatnsdalsa River (Daily)","mc.svm_OVERTPhi",35,0.284126187827417,0.31225292792295,0.297526293948339
"DS09","Icelandic River - Flow of Vatnsdalsa River (Daily)","mc.svm_OVERTPhi",36,0.219284543947228,0.246034330527919,0.231890554734237
"DS09","Icelandic River - Flow of Vatnsdalsa River (Daily)","mc.svm_OVERTPhi",37,0.197167274967567,0.254141337016874,0.222058048730338
"DS09","Icelandic River - Flow of Vatnsdalsa River (Daily)","mc.svm_OVERTPhi",38,0.256528961880003,0.29856209623132,0.275954092517837
"DS09","Icelandic River - Flow of Vatnsdalsa River (Daily)","mc.svm_OVERTPhi",39,0.243013391399936,0.269306773049471,0.255485365546988
"DS09","Icelandic River - Flow of Vatnsdalsa River (Daily)","mc.svm_OVERTPhi",40,0.250457698980027,0.252837517891266,0.25164198197839
"DS09","Icelandic River - Flow of Vatnsdalsa River (Daily)","mc.svm_OVERTPhi",41,0.251159333381769,0.268097024239923,0.259351932437167
"DS09","Icelandic River - Flow of Vatnsdalsa River (Daily)","mc.svm_OVERTPhi",42,0.263502611777275,0.291719186236957,0.276893910699843
"DS09","Icelandic River - Flow of Vatnsdalsa River (Daily)","mc.svm_OVERTPhi",43,0.278030975422634,0.286800153261067,0.282347492243787
"DS09","Icelandic River - Flow of Vatnsdalsa River (Daily)","mc.svm_OVERTPhi",44,0.2524273852544,0.288828920406504,0.269404082323031
"DS09","Icelandic River - Flow of Vatnsdalsa River (Daily)","mc.svm_OVERTPhi",45,0.240811653156235,0.276889579313468,0.257593504338868
"DS09","Icelandic River - Flow of Vatnsdalsa River (Daily)","mc.svm_OVERTPhi",46,0.23462681574292,0.241578582500777,0.238051957297802
"DS09","Icelandic River - Flow of Vatnsdalsa River (Daily)","mc.svm_OVERTPhi",47,0.257109663641284,0.271988807214805,0.264340022090947
"DS09","Icelandic River - Flow of Vatnsdalsa River (Daily)","mc.svm_OVERTPhi",48,0.263624141928015,0.273378229073781,0.268412599098691
"DS09","Icelandic River - Flow of Vatnsdalsa River (Daily)","mc.svm_OVERTPhi",49,0.245264769612471,0.248455837843674,0.246849991300049
"DS09","Icelandic River - Flow of Vatnsdalsa River (Daily)","mc.svm_OVERTPhi",50,0.333945439122842,0.325777830445011,0.329811075833992
"DS09","Icelandic River - Flow of Vatnsdalsa River (Daily)","mc.svm_SMOTEB",1,0.44994163398017,0.40027710876343,0.423658824035567
"DS09","Icelandic River - Flow of Vatnsdalsa River (Daily)","mc.svm_SMOTEB",2,0.41518562037805,0.36575675362131,0.388906914813793
"DS09","Icelandic River - Flow of Vatnsdalsa River (Daily)","mc.svm_SMOTEB",3,0.27362842935831,0.300888014023929,0.286611517001722
"DS09","Icelandic River - Flow of Vatnsdalsa River (Daily)","mc.svm_SMOTEB",4,0.320043324607966,0.31527021806699,0.317638841178178
"DS09","Icelandic River - Flow of Vatnsdalsa River (Daily)","mc.svm_SMOTEB",5,0.258657130075731,0.282165491213015,0.269900382456824
"DS09","Icelandic River - Flow of Vatnsdalsa River (Daily)","mc.svm_SMOTEB",6,0.296159649953997,0.300402071803524,0.298265775982686
"DS09","Icelandic River - Flow of Vatnsdalsa River (Daily)","mc.svm_SMOTEB",7,0.271444203125376,0.270000869517977,0.270720612569843
"DS09","Icelandic River - Flow of Vatnsdalsa River (Daily)","mc.svm_SMOTEB",8,0.313951802755969,0.289547447236485,0.301256192263437
"DS09","Icelandic River - Flow of Vatnsdalsa River (Daily)","mc.svm_SMOTEB",9,0.299721152392197,0.293074622495143,0.29636062641589
"DS09","Icelandic River - Flow of Vatnsdalsa River (Daily)","mc.svm_SMOTEB",10,0.309042748682141,0.30366454743692,0.306330043763631
"DS09","Icelandic River - Flow of Vatnsdalsa River (Daily)","mc.svm_SMOTEB",11,0.312021329970728,0.306449145115553,0.309210135905059
"DS09","Icelandic River - Flow of Vatnsdalsa River (Daily)","mc.svm_SMOTEB",12,0.306388267055604,0.28791045426777,0.296862106497096
"DS09","Icelandic River - Flow of Vatnsdalsa River (Daily)","mc.svm_SMOTEB",13,0.317086017680506,0.309969319877634,0.313487283677003
"DS09","Icelandic River - Flow of Vatnsdalsa River (Daily)","mc.svm_SMOTEB",14,0.279546394937251,0.284404800636491,0.281954670350132
"DS09","Icelandic River - Flow of Vatnsdalsa River (Daily)","mc.svm_SMOTEB",15,0.294225125747283,0.280908288349314,0.287412535725665
"DS09","Icelandic River - Flow of Vatnsdalsa River (Daily)","mc.svm_SMOTEB",16,0.312289419126552,0.282302660492009,0.296539886368771
"DS09","Icelandic River - Flow of Vatnsdalsa River (Daily)","mc.svm_SMOTEB",17,0.313404932470738,0.321910585345468,0.317600821741611
"DS09","Icelandic River - Flow of Vatnsdalsa River (Daily)","mc.svm_SMOTEB",18,0.322141371336799,0.302784145369753,0.312162960867718
"DS09","Icelandic River - Flow of Vatnsdalsa River (Daily)","mc.svm_SMOTEB",19,0.317452533789155,0.324819539377276,0.321093785975099
"DS09","Icelandic River - Flow of Vatnsdalsa River (Daily)","mc.svm_SMOTEB",20,0.288623114541334,0.285710382463692,0.287159362542787
"DS09","Icelandic River - Flow of Vatnsdalsa River (Daily)","mc.svm_SMOTEB",21,0.287492014274356,0.281018854242418,0.284218582015871
"DS09","Icelandic River - Flow of Vatnsdalsa River (Daily)","mc.svm_SMOTEB",22,0.311724095423719,0.322080445996587,0.316817659453702
"DS09","Icelandic River - Flow of Vatnsdalsa River (Daily)","mc.svm_SMOTEB",23,0.256128193867024,0.279652876001572,0.267374082692277
"DS09","Icelandic River - Flow of Vatnsdalsa River (Daily)","mc.svm_SMOTEB",24,0.276354566114969,0.28711693528231,0.281632969466752
"DS09","Icelandic River - Flow of Vatnsdalsa River (Daily)","mc.svm_SMOTEB",25,0.259813501188572,0.272190121746916,0.265857845590594
"DS09","Icelandic River - Flow of Vatnsdalsa River (Daily)","mc.svm_SMOTEB",26,0.303680379589658,0.281330677909946,0.29207860590897
"DS09","Icelandic River - Flow of Vatnsdalsa River (Daily)","mc.svm_SMOTEB",27,0.288193905388552,0.298003172918524,0.293016466303779
"DS09","Icelandic River - Flow of Vatnsdalsa River (Daily)","mc.svm_SMOTEB",28,0.2614592591647,0.244670186043491,0.25278626323077
"DS09","Icelandic River - Flow of Vatnsdalsa River (Daily)","mc.svm_SMOTEB",29,0.28718413003761,0.265060765596388,0.275679308135611
"DS09","Icelandic River - Flow of Vatnsdalsa River (Daily)","mc.svm_SMOTEB",30,0.268224268368663,0.258352855294775,0.263196035218146
"DS09","Icelandic River - Flow of Vatnsdalsa River (Daily)","mc.svm_SMOTEB",31,0.254451754438597,0.251150207139038,0.252790201346292
"DS09","Icelandic River - Flow of Vatnsdalsa River (Daily)","mc.svm_SMOTEB",32,0.306140087394736,0.29365343424366,0.299766785668342
"DS09","Icelandic River - Flow of Vatnsdalsa River (Daily)","mc.svm_SMOTEB",33,0.299910782069256,0.286896075966875,0.293259103357406
"DS09","Icelandic River - Flow of Vatnsdalsa River (Daily)","mc.svm_SMOTEB",34,0.265204996118259,0.276168384531787,0.270575680170293
"DS09","Icelandic River - Flow of Vatnsdalsa River (Daily)","mc.svm_SMOTEB",35,0.281575018449511,0.259837404700985,0.270269830887186
"DS09","Icelandic River - Flow of Vatnsdalsa River (Daily)","mc.svm_SMOTEB",36,0.289926976232987,0.296856898888767,0.293351016337535
"DS09","Icelandic River - Flow of Vatnsdalsa River (Daily)","mc.svm_SMOTEB",37,0.280717079765504,0.29119998722319,0.285862460693666
"DS09","Icelandic River - Flow of Vatnsdalsa River (Daily)","mc.svm_SMOTEB",38,0.269716529831256,0.285963310477285,0.277602411194783
"DS09","Icelandic River - Flow of Vatnsdalsa River (Daily)","mc.svm_SMOTEB",39,0.279169273778254,0.285475733420218,0.282287285512909
"DS09","Icelandic River - Flow of Vatnsdalsa River (Daily)","mc.svm_SMOTEB",40,0.306351054397465,0.301476055385041,0.303894005240547
"DS09","Icelandic River - Flow of Vatnsdalsa River (Daily)","mc.svm_SMOTEB",41,0.27511220025077,0.284127255551986,0.279547065626532
"DS09","Icelandic River - Flow of Vatnsdalsa River (Daily)","mc.svm_SMOTEB",42,0.269810137197789,0.288932907141253,0.279044287375267
"DS09","Icelandic River - Flow of Vatnsdalsa River (Daily)","mc.svm_SMOTEB",43,0.291152111781827,0.298102164027274,0.294586151162326
"DS09","Icelandic River - Flow of Vatnsdalsa River (Daily)","mc.svm_SMOTEB",44,0.297195773320128,0.292669207971552,0.294915122439128
"DS09","Icelandic River - Flow of Vatnsdalsa River (Daily)","mc.svm_SMOTEB",45,0.273939895630385,0.29736085896742,0.285170296081417
"DS09","Icelandic River - Flow of Vatnsdalsa River (Daily)","mc.svm_SMOTEB",46,0.304466341458292,0.304952098541783,0.304709026405679
"DS09","Icelandic River - Flow of Vatnsdalsa River (Daily)","mc.svm_SMOTEB",47,0.302366867372121,0.292381753844898,0.297290491589352
"DS09","Icelandic River - Flow of Vatnsdalsa River (Daily)","mc.svm_SMOTEB",48,0.323989131675952,0.302674531722895,0.312969346846947
"DS09","Icelandic River - Flow of Vatnsdalsa River (Daily)","mc.svm_SMOTEB",49,0.323045139948806,0.307883850804094,0.315282331700427
"DS09","Icelandic River - Flow of Vatnsdalsa River (Daily)","mc.svm_SMOTEB",50,0.299724013685297,0.303293217014807,0.301498052457519
"DS09","Icelandic River - Flow of Vatnsdalsa River (Daily)","mc.svm_SMOTET",1,0.356582672771202,0.344088261170953,0.350224066373683
"DS09","Icelandic River - Flow of Vatnsdalsa River (Daily)","mc.svm_SMOTET",2,0.336293583251028,0.339686126878711,0.337981341974836
"DS09","Icelandic River - Flow of Vatnsdalsa River (Daily)","mc.svm_SMOTET",3,0.311078130896712,0.296863869491675,0.303804828727868
"DS09","Icelandic River - Flow of Vatnsdalsa River (Daily)","mc.svm_SMOTET",4,0.283999188476831,0.275458721648944,0.279663767340703
"DS09","Icelandic River - Flow of Vatnsdalsa River (Daily)","mc.svm_SMOTET",5,0.259978620112249,0.245932861280003,0.252760762574034
"DS09","Icelandic River - Flow of Vatnsdalsa River (Daily)","mc.svm_SMOTET",6,0.276648628094017,0.270613518441217,0.27359779620949
"DS09","Icelandic River - Flow of Vatnsdalsa River (Daily)","mc.svm_SMOTET",7,0.280102779302554,0.252303774223269,0.265477529983237
"DS09","Icelandic River - Flow of Vatnsdalsa River (Daily)","mc.svm_SMOTET",8,0.298363133309379,0.28537040642663,0.291722173969056
"DS09","Icelandic River - Flow of Vatnsdalsa River (Daily)","mc.svm_SMOTET",9,0.304690507530995,0.277935043983412,0.290698440505526
"DS09","Icelandic River - Flow of Vatnsdalsa River (Daily)","mc.svm_SMOTET",10,0.295818774001651,0.280851386748065,0.288140842232808
"DS09","Icelandic River - Flow of Vatnsdalsa River (Daily)","mc.svm_SMOTET",11,0.302693303600325,0.264015899719344,0.282034752288932
"DS09","Icelandic River - Flow of Vatnsdalsa River (Daily)","mc.svm_SMOTET",12,0.276113039960779,0.257722256597186,0.266600864324355
"DS09","Icelandic River - Flow of Vatnsdalsa River (Daily)","mc.svm_SMOTET",13,0.323787391077796,0.28710967075479,0.304347481940827
"DS09","Icelandic River - Flow of Vatnsdalsa River (Daily)","mc.svm_SMOTET",14,0.292041003094708,0.262456034943789,0.276459271935452
"DS09","Icelandic River - Flow of Vatnsdalsa River (Daily)","mc.svm_SMOTET",15,0.300058659223437,0.261142491289135,0.279251265721454
"DS09","Icelandic River - Flow of Vatnsdalsa River (Daily)","mc.svm_SMOTET",16,0.305967591356362,0.259539715036385,0.280847800101979
"DS09","Icelandic River - Flow of Vatnsdalsa River (Daily)","mc.svm_SMOTET",17,0.300482955796675,0.273464452589622,0.286337757846077
"DS09","Icelandic River - Flow of Vatnsdalsa River (Daily)","mc.svm_SMOTET",18,0.308417425830753,0.286539590955978,0.297076261134065
"DS09","Icelandic River - Flow of Vatnsdalsa River (Daily)","mc.svm_SMOTET",19,0.27983266638424,0.242429111230436,0.259791497339199
"DS09","Icelandic River - Flow of Vatnsdalsa River (Daily)","mc.svm_SMOTET",20,0.296243733685236,0.280557324656751,0.288187229087151
"DS09","Icelandic River - Flow of Vatnsdalsa River (Daily)","mc.svm_SMOTET",21,0.310714752961481,0.275972870407518,0.292315156608684
"DS09","Icelandic River - Flow of Vatnsdalsa River (Daily)","mc.svm_SMOTET",22,0.289270662728707,0.251583652359329,0.269114132288455
"DS09","Icelandic River - Flow of Vatnsdalsa River (Daily)","mc.svm_SMOTET",23,0.294623011224372,0.287173260914069,0.290850440009325
"DS09","Icelandic River - Flow of Vatnsdalsa River (Daily)","mc.svm_SMOTET",24,0.299320415750796,0.27110969597556,0.284517472851801
"DS09","Icelandic River - Flow of Vatnsdalsa River (Daily)","mc.svm_SMOTET",25,0.311598287601737,0.322788207657558,0.317094558335509
"DS09","Icelandic River - Flow of Vatnsdalsa River (Daily)","mc.svm_SMOTET",26,0.316294271634453,0.280605975159379,0.297383232813327
"DS09","Icelandic River - Flow of Vatnsdalsa River (Daily)","mc.svm_SMOTET",27,0.275046104844374,0.25588624815658,0.265120463806363
"DS09","Icelandic River - Flow of Vatnsdalsa River (Daily)","mc.svm_SMOTET",28,0.306794243715595,0.269821610026044,0.287122583428499
"DS09","Icelandic River - Flow of Vatnsdalsa River (Daily)","mc.svm_SMOTET",29,0.30262155804536,0.262143822029864,0.280932134487693
"DS09","Icelandic River - Flow of Vatnsdalsa River (Daily)","mc.svm_SMOTET",30,0.266931762561528,0.251499421931713,0.258985902034652
"DS09","Icelandic River - Flow of Vatnsdalsa River (Daily)","mc.svm_SMOTET",31,0.242021802235694,0.228916879501994,0.235287003967549
"DS09","Icelandic River - Flow of Vatnsdalsa River (Daily)","mc.svm_SMOTET",32,0.276293661163274,0.260279328929267,0.268047516527377
"DS09","Icelandic River - Flow of Vatnsdalsa River (Daily)","mc.svm_SMOTET",33,0.256183665309166,0.246174371060019,0.251079302479743
"DS09","Icelandic River - Flow of Vatnsdalsa River (Daily)","mc.svm_SMOTET",34,0.276051891948745,0.256596975999619,0.26596914010484
"DS09","Icelandic River - Flow of Vatnsdalsa River (Daily)","mc.svm_SMOTET",35,0.27015378043551,0.270609089405127,0.27038124324087
"DS09","Icelandic River - Flow of Vatnsdalsa River (Daily)","mc.svm_SMOTET",36,0.260703223433124,0.256483728068163,0.25857626326966
"DS09","Icelandic River - Flow of Vatnsdalsa River (Daily)","mc.svm_SMOTET",37,0.291336885946181,0.295102795536011,0.293207749066976
"DS09","Icelandic River - Flow of Vatnsdalsa River (Daily)","mc.svm_SMOTET",38,0.274280792944802,0.291824498464403,0.282780804398728
"DS09","Icelandic River - Flow of Vatnsdalsa River (Daily)","mc.svm_SMOTET",39,0.296044462759788,0.300058228523309,0.298037832604416
"DS09","Icelandic River - Flow of Vatnsdalsa River (Daily)","mc.svm_SMOTET",40,0.304625350805125,0.29710393641323,0.300817636029809
"DS09","Icelandic River - Flow of Vatnsdalsa River (Daily)","mc.svm_SMOTET",41,0.279883932014458,0.279935703682861,0.279909815454758
"DS09","Icelandic River - Flow of Vatnsdalsa River (Daily)","mc.svm_SMOTET",42,0.285499313296788,0.283051184977788,0.284269978424937
"DS09","Icelandic River - Flow of Vatnsdalsa River (Daily)","mc.svm_SMOTET",43,0.276712075046392,0.286998056524329,0.281761221973586
"DS09","Icelandic River - Flow of Vatnsdalsa River (Daily)","mc.svm_SMOTET",44,0.336309115897758,0.323064473077207,0.329553773870357
"DS09","Icelandic River - Flow of Vatnsdalsa River (Daily)","mc.svm_SMOTET",45,0.307956129947681,0.308542917333077,0.308249244386553
"DS09","Icelandic River - Flow of Vatnsdalsa River (Daily)","mc.svm_SMOTET",46,0.268197345858306,0.252406785683768,0.260062592267545
"DS09","Icelandic River - Flow of Vatnsdalsa River (Daily)","mc.svm_SMOTET",47,0.281147726174538,0.251070282519058,0.265259115201681
"DS09","Icelandic River - Flow of Vatnsdalsa River (Daily)","mc.svm_SMOTET",48,0.255317438250606,0.25140898494415,0.253348138367969
"DS09","Icelandic River - Flow of Vatnsdalsa River (Daily)","mc.svm_SMOTET",49,0.255901584558956,0.254378897100174,0.255137968964208
"DS09","Icelandic River - Flow of Vatnsdalsa River (Daily)","mc.svm_SMOTET",50,0.285995675472317,0.25313513073173,0.268563962089729
"DS09","Icelandic River - Flow of Vatnsdalsa River (Daily)","mc.svm_SMOTETPhi",1,0.317423383315824,0.35453868966411,0.334956018843348
"DS09","Icelandic River - Flow of Vatnsdalsa River (Daily)","mc.svm_SMOTETPhi",2,0.312970982608603,0.315103896599054,0.314033817963924
"DS09","Icelandic River - Flow of Vatnsdalsa River (Daily)","mc.svm_SMOTETPhi",3,0.327689680337279,0.29995684977504,0.313210571562215
"DS09","Icelandic River - Flow of Vatnsdalsa River (Daily)","mc.svm_SMOTETPhi",4,0.249093008897912,0.248665866868919,0.248879254611633
"DS09","Icelandic River - Flow of Vatnsdalsa River (Daily)","mc.svm_SMOTETPhi",5,0.263490579204515,0.26519005034699,0.264337583256946
"DS09","Icelandic River - Flow of Vatnsdalsa River (Daily)","mc.svm_SMOTETPhi",6,0.250887200077052,0.256420231628705,0.253623542395682
"DS09","Icelandic River - Flow of Vatnsdalsa River (Daily)","mc.svm_SMOTETPhi",7,0.280689131883845,0.247145284413382,0.262851353338486
"DS09","Icelandic River - Flow of Vatnsdalsa River (Daily)","mc.svm_SMOTETPhi",8,0.31592061996552,0.29196218631043,0.30346926727784
"DS09","Icelandic River - Flow of Vatnsdalsa River (Daily)","mc.svm_SMOTETPhi",9,0.296215884573592,0.266565215681859,0.280609462982717
"DS09","Icelandic River - Flow of Vatnsdalsa River (Daily)","mc.svm_SMOTETPhi",10,0.309756523589021,0.28228370552006,0.295382695258063
"DS09","Icelandic River - Flow of Vatnsdalsa River (Daily)","mc.svm_SMOTETPhi",11,0.275411022166095,0.251014254083866,0.26264731354834
"DS09","Icelandic River - Flow of Vatnsdalsa River (Daily)","mc.svm_SMOTETPhi",12,0.305851135816542,0.277031738490395,0.290728980415715
"DS09","Icelandic River - Flow of Vatnsdalsa River (Daily)","mc.svm_SMOTETPhi",13,0.307242943165274,0.288726873474241,0.297697272245555
"DS09","Icelandic River - Flow of Vatnsdalsa River (Daily)","mc.svm_SMOTETPhi",14,0.301100956631137,0.251877717792786,0.274298540935539
"DS09","Icelandic River - Flow of Vatnsdalsa River (Daily)","mc.svm_SMOTETPhi",15,0.286331832527568,0.25780635727627,0.271321396290096
"DS09","Icelandic River - Flow of Vatnsdalsa River (Daily)","mc.svm_SMOTETPhi",16,0.30017094671745,0.271681469023361,0.285216540203591
"DS09","Icelandic River - Flow of Vatnsdalsa River (Daily)","mc.svm_SMOTETPhi",17,0.260997296843323,0.245152515863629,0.252826899658629
"DS09","Icelandic River - Flow of Vatnsdalsa River (Daily)","mc.svm_SMOTETPhi",18,0.315440579337542,0.288400162747764,0.301314926528572
"DS09","Icelandic River - Flow of Vatnsdalsa River (Daily)","mc.svm_SMOTETPhi",19,0.275392486118971,0.231086669408632,0.251301684197061
"DS09","Icelandic River - Flow of Vatnsdalsa River (Daily)","mc.svm_SMOTETPhi",20,0.311000018410752,0.264251280356431,0.285726093038082
"DS09","Icelandic River - Flow of Vatnsdalsa River (Daily)","mc.svm_SMOTETPhi",21,0.315950843105581,0.265338186874849,0.288441100820489
"DS09","Icelandic River - Flow of Vatnsdalsa River (Daily)","mc.svm_SMOTETPhi",22,0.271634206669569,0.242476001981279,0.25622823793925
"DS09","Icelandic River - Flow of Vatnsdalsa River (Daily)","mc.svm_SMOTETPhi",23,0.329963382095042,0.310642061594504,0.320011346373676
"DS09","Icelandic River - Flow of Vatnsdalsa River (Daily)","mc.svm_SMOTETPhi",24,0.30151652186635,0.290672316593176,0.295995129290161
"DS09","Icelandic River - Flow of Vatnsdalsa River (Daily)","mc.svm_SMOTETPhi",25,0.322389115977611,0.316732080539588,0.319535562279413
"DS09","Icelandic River - Flow of Vatnsdalsa River (Daily)","mc.svm_SMOTETPhi",26,0.292837821079215,0.271805377909299,0.28192987985034
"DS09","Icelandic River - Flow of Vatnsdalsa River (Daily)","mc.svm_SMOTETPhi",27,0.30305808246096,0.268875883073496,0.284945516282131
"DS09","Icelandic River - Flow of Vatnsdalsa River (Daily)","mc.svm_SMOTETPhi",28,0.287742161434505,0.260611180221718,0.273505488503093
"DS09","Icelandic River - Flow of Vatnsdalsa River (Daily)","mc.svm_SMOTETPhi",29,0.280176995479794,0.255932329343617,0.267506449753543
"DS09","Icelandic River - Flow of Vatnsdalsa River (Daily)","mc.svm_SMOTETPhi",30,0.293919214135012,0.27300425187912,0.283075935212135
"DS09","Icelandic River - Flow of Vatnsdalsa River (Daily)","mc.svm_SMOTETPhi",31,0.279273786373509,0.247388162032847,0.262365750645002
"DS09","Icelandic River - Flow of Vatnsdalsa River (Daily)","mc.svm_SMOTETPhi",32,0.265785014589974,0.256773323142111,0.261201464065556
"DS09","Icelandic River - Flow of Vatnsdalsa River (Daily)","mc.svm_SMOTETPhi",33,0.249925810291187,0.235540339177501,0.242519937547139
"DS09","Icelandic River - Flow of Vatnsdalsa River (Daily)","mc.svm_SMOTETPhi",34,0.244204081549514,0.231280862804789,0.237566851913348
"DS09","Icelandic River - Flow of Vatnsdalsa River (Daily)","mc.svm_SMOTETPhi",35,0.282738135148882,0.270561508375752,0.276515834472331
"DS09","Icelandic River - Flow of Vatnsdalsa River (Daily)","mc.svm_SMOTETPhi",36,0.275065228499235,0.267450863413826,0.271204611084719
"DS09","Icelandic River - Flow of Vatnsdalsa River (Daily)","mc.svm_SMOTETPhi",37,0.285529935312421,0.288213260853082,0.286865323292911
"DS09","Icelandic River - Flow of Vatnsdalsa River (Daily)","mc.svm_SMOTETPhi",38,0.267403833354433,0.289360596519823,0.277949267515532
"DS09","Icelandic River - Flow of Vatnsdalsa River (Daily)","mc.svm_SMOTETPhi",39,0.273374166244027,0.279071764392311,0.276193584502003
"DS09","Icelandic River - Flow of Vatnsdalsa River (Daily)","mc.svm_SMOTETPhi",40,0.276140071140743,0.286641539983463,0.281292827193874
"DS09","Icelandic River - Flow of Vatnsdalsa River (Daily)","mc.svm_SMOTETPhi",41,0.274523538545516,0.282934118897256,0.278665381873981
"DS09","Icelandic River - Flow of Vatnsdalsa River (Daily)","mc.svm_SMOTETPhi",42,0.293277687432914,0.299311750398695,0.296263997885737
"DS09","Icelandic River - Flow of Vatnsdalsa River (Daily)","mc.svm_SMOTETPhi",43,0.288769796242874,0.291055402174224,0.289908094407372
"DS09","Icelandic River - Flow of Vatnsdalsa River (Daily)","mc.svm_SMOTETPhi",44,0.308872893316345,0.305700970255955,0.307278746361665
"DS09","Icelandic River - Flow of Vatnsdalsa River (Daily)","mc.svm_SMOTETPhi",45,0.316916353169108,0.297604554158774,0.306957009487699
"DS09","Icelandic River - Flow of Vatnsdalsa River (Daily)","mc.svm_SMOTETPhi",46,0.260436351626931,0.244774108318079,0.252362454055422
"DS09","Icelandic River - Flow of Vatnsdalsa River (Daily)","mc.svm_SMOTETPhi",47,0.283940856962887,0.259081967960314,0.270942408421549
"DS09","Icelandic River - Flow of Vatnsdalsa River (Daily)","mc.svm_SMOTETPhi",48,0.286629941394807,0.272014688659682,0.279131133011863
"DS09","Icelandic River - Flow of Vatnsdalsa River (Daily)","mc.svm_SMOTETPhi",49,0.306295698772245,0.279924313349457,0.292516841417256
"DS09","Icelandic River - Flow of Vatnsdalsa River (Daily)","mc.svm_SMOTETPhi",50,0.259180986613094,0.24581984280195,0.252323662360255
"DS09","Icelandic River - Flow of Vatnsdalsa River (Daily)","mc.mars",1,0.263434616872158,0.372738054722539,0.308696399653154
"DS09","Icelandic River - Flow of Vatnsdalsa River (Daily)","mc.mars",2,0.204616654504564,0.354004782709375,0.259335820257346
"DS09","Icelandic River - Flow of Vatnsdalsa River (Daily)","mc.mars",3,0.253891179339686,0.322280588095233,0.284027101689007
"DS09","Icelandic River - Flow of Vatnsdalsa River (Daily)","mc.mars",4,0.287176820082849,0.311909497571612,0.299032626940808
"DS09","Icelandic River - Flow of Vatnsdalsa River (Daily)","mc.mars",5,0.287307240287788,0.311907783113546,0.299102528778271
"DS09","Icelandic River - Flow of Vatnsdalsa River (Daily)","mc.mars",6,0.296710652289545,0.311907408211109,0.304119304209048
"DS09","Icelandic River - Flow of Vatnsdalsa River (Daily)","mc.mars",7,0.219948656650552,0.278996563142337,0.245978583776192
"DS09","Icelandic River - Flow of Vatnsdalsa River (Daily)","mc.mars",8,0.219949009565383,0.27899177254756,0.24597694254961
"DS09","Icelandic River - Flow of Vatnsdalsa River (Daily)","mc.mars",9,0.219995835378706,0.282250827790601,0.247264984317846
"DS09","Icelandic River - Flow of Vatnsdalsa River (Daily)","mc.mars",10,0.220029495872509,0.282228564923047,0.24727769928661
"DS09","Icelandic River - Flow of Vatnsdalsa River (Daily)","mc.mars",11,0.232532456115687,0.282614541353574,0.255139033160632
"DS09","Icelandic River - Flow of Vatnsdalsa River (Daily)","mc.mars",12,0.227130138765025,0.282906708837435,0.251968618886481
"DS09","Icelandic River - Flow of Vatnsdalsa River (Daily)","mc.mars",13,0.234638639433631,0.289644106589541,0.259255905732728
"DS09","Icelandic River - Flow of Vatnsdalsa River (Daily)","mc.mars",14,0.240109683674377,0.286849321609873,0.261406671802881
"DS09","Icelandic River - Flow of Vatnsdalsa River (Daily)","mc.mars",15,0.260841436967738,0.29125679711814,0.275211318553499
"DS09","Icelandic River - Flow of Vatnsdalsa River (Daily)","mc.mars",16,0.260939136595046,0.290048747996263,0.274724987569401
"DS09","Icelandic River - Flow of Vatnsdalsa River (Daily)","mc.mars",17,0.249858224873449,0.285536695460925,0.266508661753983
"DS09","Icelandic River - Flow of Vatnsdalsa River (Daily)","mc.mars",18,0.253755324656626,0.285086118382586,0.26850986114669
"DS09","Icelandic River - Flow of Vatnsdalsa River (Daily)","mc.mars",19,0.253971573105268,0.287421093746587,0.269663007247314
"DS09","Icelandic River - Flow of Vatnsdalsa River (Daily)","mc.mars",20,0.250904145949915,0.288221362845453,0.268271241888899
"DS09","Icelandic River - Flow of Vatnsdalsa River (Daily)","mc.mars",21,0.25674894879687,0.288077737799697,0.271512604545457
"DS09","Icelandic River - Flow of Vatnsdalsa River (Daily)","mc.mars",22,0.227077054128673,0.280177206367302,0.250847827650303
"DS09","Icelandic River - Flow of Vatnsdalsa River (Daily)","mc.mars",23,0.259314917855697,0.273257462488052,0.266103684884331
"DS09","Icelandic River - Flow of Vatnsdalsa River (Daily)","mc.mars",24,0.249692928721585,0.26370205567609,0.256506357065079
"DS09","Icelandic River - Flow of Vatnsdalsa River (Daily)","mc.mars",25,0.258152322831274,0.27006590034324,0.263974760553057
"DS09","Icelandic River - Flow of Vatnsdalsa River (Daily)","mc.mars",26,0.205068822561572,0.25141711132716,0.225890031495514
"DS09","Icelandic River - Flow of Vatnsdalsa River (Daily)","mc.mars",27,0.20063865466893,0.25278164836907,0.223711948997194
"DS09","Icelandic River - Flow of Vatnsdalsa River (Daily)","mc.mars",28,0.22136780170523,0.257333152338037,0.237999418040849
"DS09","Icelandic River - Flow of Vatnsdalsa River (Daily)","mc.mars",29,0.220045898594808,0.258069546094746,0.237545746748446
"DS09","Icelandic River - Flow of Vatnsdalsa River (Daily)","mc.mars",30,0.21981740816132,0.257276599022621,0.237076443326221
"DS09","Icelandic River - Flow of Vatnsdalsa River (Daily)","mc.mars",31,0.239835268463222,0.307694733101638,0.269559836747719
"DS09","Icelandic River - Flow of Vatnsdalsa River (Daily)","mc.mars",32,0.199418806460588,0.254227562856096,0.223512235887665
"DS09","Icelandic River - Flow of Vatnsdalsa River (Daily)","mc.mars",33,0.190446185417815,0.255365314980834,0.218178984089151
"DS09","Icelandic River - Flow of Vatnsdalsa River (Daily)","mc.mars",34,0.181924232399307,0.253068373269875,0.21167840074356
"DS09","Icelandic River - Flow of Vatnsdalsa River (Daily)","mc.mars",35,0.258999831144243,0.308430752772295,0.281562239160045
"DS09","Icelandic River - Flow of Vatnsdalsa River (Daily)","mc.mars",36,0.258413150360591,0.308285391573334,0.281154770487842
"DS09","Icelandic River - Flow of Vatnsdalsa River (Daily)","mc.mars",37,0.254273885833376,0.295734891950512,0.273441672897509
"DS09","Icelandic River - Flow of Vatnsdalsa River (Daily)","mc.mars",38,0.262918607178227,0.314815284970721,0.286536058790122
"DS09","Icelandic River - Flow of Vatnsdalsa River (Daily)","mc.mars",39,0.261597225396207,0.29870197378523,0.27892100390914
"DS09","Icelandic River - Flow of Vatnsdalsa River (Daily)","mc.mars",40,0.26486969923011,0.298708454447095,0.280773191688368
"DS09","Icelandic River - Flow of Vatnsdalsa River (Daily)","mc.mars",41,0.264501413672297,0.297268260123491,0.279929226194399
"DS09","Icelandic River - Flow of Vatnsdalsa River (Daily)","mc.mars",42,0.264465205252648,0.304050909617123,0.282879883668966
"DS09","Icelandic River - Flow of Vatnsdalsa River (Daily)","mc.mars",43,0.263970864127407,0.303332967290132,0.282286355422034
"DS09","Icelandic River - Flow of Vatnsdalsa River (Daily)","mc.mars",44,0.265601082143107,0.306485441084591,0.284582354270126
"DS09","Icelandic River - Flow of Vatnsdalsa River (Daily)","mc.mars",45,0.265803467727919,0.306303723236427,0.284620061065756
"DS09","Icelandic River - Flow of Vatnsdalsa River (Daily)","mc.mars",46,0.243000654690127,0.28829928296327,0.263718888491464
"DS09","Icelandic River - Flow of Vatnsdalsa River (Daily)","mc.mars",47,0.243099702989693,0.288326252936428,0.263788494601573
"DS09","Icelandic River - Flow of Vatnsdalsa River (Daily)","mc.mars",48,0.243031632394869,0.283611041202566,0.261757953786158
"DS09","Icelandic River - Flow of Vatnsdalsa River (Daily)","mc.mars",49,0.242851145524445,0.283583841941404,0.261641655693186
"DS09","Icelandic River - Flow of Vatnsdalsa River (Daily)","mc.mars",50,0.168199315870749,0.244125416381105,0.199171792570922
"DS09","Icelandic River - Flow of Vatnsdalsa River (Daily)","mc.mars_UNDERB",1,0.327802787967034,0.356785104019264,0.341680456729328
"DS09","Icelandic River - Flow of Vatnsdalsa River (Daily)","mc.mars_UNDERB",2,0.311900067444235,0.331548184308154,0.321424141770832
"DS09","Icelandic River - Flow of Vatnsdalsa River (Daily)","mc.mars_UNDERB",3,0.290782882924194,0.30568860105101,0.298049496342299
"DS09","Icelandic River - Flow of Vatnsdalsa River (Daily)","mc.mars_UNDERB",4,0.281410041107365,0.284043204812215,0.282720491992158
"DS09","Icelandic River - Flow of Vatnsdalsa River (Daily)","mc.mars_UNDERB",5,0.299214556975956,0.299047977954688,0.299131244274357
"DS09","Icelandic River - Flow of Vatnsdalsa River (Daily)","mc.mars_UNDERB",6,0.278761483394732,0.283980653248766,0.281346865643301
"DS09","Icelandic River - Flow of Vatnsdalsa River (Daily)","mc.mars_UNDERB",7,0.319908386180823,0.315593730402748,0.317736411405491
"DS09","Icelandic River - Flow of Vatnsdalsa River (Daily)","mc.mars_UNDERB",8,0.32305447313625,0.320754124417209,0.32190018916694
"DS09","Icelandic River - Flow of Vatnsdalsa River (Daily)","mc.mars_UNDERB",9,0.326280207232463,0.322987323009781,0.324625414875654
"DS09","Icelandic River - Flow of Vatnsdalsa River (Daily)","mc.mars_UNDERB",10,0.324429335095436,0.319393314870368,0.321891628953484
"DS09","Icelandic River - Flow of Vatnsdalsa River (Daily)","mc.mars_UNDERB",11,0.341029782661474,0.327126923334786,0.333933709162542
"DS09","Icelandic River - Flow of Vatnsdalsa River (Daily)","mc.mars_UNDERB",12,0.29380449876504,0.298388753624433,0.296078882499978
"DS09","Icelandic River - Flow of Vatnsdalsa River (Daily)","mc.mars_UNDERB",13,0.308812560573673,0.311619606305195,0.310209733425557
"DS09","Icelandic River - Flow of Vatnsdalsa River (Daily)","mc.mars_UNDERB",14,0.313724294821413,0.299792538832709,0.306600235490966
"DS09","Icelandic River - Flow of Vatnsdalsa River (Daily)","mc.mars_UNDERB",15,0.308088940057693,0.306631405100337,0.307358444632178
"DS09","Icelandic River - Flow of Vatnsdalsa River (Daily)","mc.mars_UNDERB",16,0.29621717456159,0.304447478441909,0.300275940711755
"DS09","Icelandic River - Flow of Vatnsdalsa River (Daily)","mc.mars_UNDERB",17,0.327983395019439,0.321760223616284,0.324842006899491
"DS09","Icelandic River - Flow of Vatnsdalsa River (Daily)","mc.mars_UNDERB",18,0.313275671670864,0.304001781408825,0.308569061723672
"DS09","Icelandic River - Flow of Vatnsdalsa River (Daily)","mc.mars_UNDERB",19,0.310173873097894,0.306078794930665,0.308112727853961
"DS09","Icelandic River - Flow of Vatnsdalsa River (Daily)","mc.mars_UNDERB",20,0.310697354943266,0.306902796087346,0.308788418558223
"DS09","Icelandic River - Flow of Vatnsdalsa River (Daily)","mc.mars_UNDERB",21,0.309874808742901,0.307980992929182,0.308924998428775
"DS09","Icelandic River - Flow of Vatnsdalsa River (Daily)","mc.mars_UNDERB",22,0.273820728942408,0.302292321353118,0.287352989987445
"DS09","Icelandic River - Flow of Vatnsdalsa River (Daily)","mc.mars_UNDERB",23,0.244591716580757,0.287433061697826,0.264287487474581
"DS09","Icelandic River - Flow of Vatnsdalsa River (Daily)","mc.mars_UNDERB",24,0.23212883796311,0.284505766774681,0.255662289864338
"DS09","Icelandic River - Flow of Vatnsdalsa River (Daily)","mc.mars_UNDERB",25,0.270909253503952,0.27996389398472,0.275362158686523
"DS09","Icelandic River - Flow of Vatnsdalsa River (Daily)","mc.mars_UNDERB",26,0.22370167905844,0.241600929172802,0.232307030143168
"DS09","Icelandic River - Flow of Vatnsdalsa River (Daily)","mc.mars_UNDERB",27,0.317240578718309,0.309334397156228,0.31323760746861
"DS09","Icelandic River - Flow of Vatnsdalsa River (Daily)","mc.mars_UNDERB",28,0.205387533871988,0.243992364172369,0.223031738531448
"DS09","Icelandic River - Flow of Vatnsdalsa River (Daily)","mc.mars_UNDERB",29,0.227945782017079,0.261851525044815,0.243725107460269
"DS09","Icelandic River - Flow of Vatnsdalsa River (Daily)","mc.mars_UNDERB",30,0.221826780521888,0.226427914541701,0.224103733240075
"DS09","Icelandic River - Flow of Vatnsdalsa River (Daily)","mc.mars_UNDERB",31,0.224466669601562,0.218113577186256,0.221244525128363
"DS09","Icelandic River - Flow of Vatnsdalsa River (Daily)","mc.mars_UNDERB",32,0.180264891794456,0.229751210267397,0.202021710124203
"DS09","Icelandic River - Flow of Vatnsdalsa River (Daily)","mc.mars_UNDERB",33,0.268244982133981,0.272630358225554,0.270419892031986
"DS09","Icelandic River - Flow of Vatnsdalsa River (Daily)","mc.mars_UNDERB",34,0.193243368644131,0.234707095131819,0.211966540742887
"DS09","Icelandic River - Flow of Vatnsdalsa River (Daily)","mc.mars_UNDERB",35,0.152318730586433,0.238168346450413,0.185806406053092
"DS09","Icelandic River - Flow of Vatnsdalsa River (Daily)","mc.mars_UNDERB",36,0.180381319778524,0.288372378092151,0.221937407146748
"DS09","Icelandic River - Flow of Vatnsdalsa River (Daily)","mc.mars_UNDERB",37,0.219864237040353,0.269854011313127,0.242307680014464
"DS09","Icelandic River - Flow of Vatnsdalsa River (Daily)","mc.mars_UNDERB",38,0.22397211955626,0.288019252232692,0.251989724632141
"DS09","Icelandic River - Flow of Vatnsdalsa River (Daily)","mc.mars_UNDERB",39,0.279056420971594,0.257115386893509,0.267636972294079
"DS09","Icelandic River - Flow of Vatnsdalsa River (Daily)","mc.mars_UNDERB",40,0.289989281668241,0.288827276147574,0.289407112513467
"DS09","Icelandic River - Flow of Vatnsdalsa River (Daily)","mc.mars_UNDERB",41,0.223522782294826,0.277242784906032,0.247501356771625
"DS09","Icelandic River - Flow of Vatnsdalsa River (Daily)","mc.mars_UNDERB",42,0.306101018835508,0.295840402651872,0.300883260170669
"DS09","Icelandic River - Flow of Vatnsdalsa River (Daily)","mc.mars_UNDERB",43,0.215858437924384,0.28069900425144,0.244045274275404
"DS09","Icelandic River - Flow of Vatnsdalsa River (Daily)","mc.mars_UNDERB",44,0.309276294081554,0.30738289161816,0.30832668607982
"DS09","Icelandic River - Flow of Vatnsdalsa River (Daily)","mc.mars_UNDERB",45,0.273005302733258,0.264249825427872,0.268556221455035
"DS09","Icelandic River - Flow of Vatnsdalsa River (Daily)","mc.mars_UNDERB",46,0.185492225176284,0.25666263434496,0.215349541632556
"DS09","Icelandic River - Flow of Vatnsdalsa River (Daily)","mc.mars_UNDERB",47,0.192548421428778,0.250119752559257,0.217590359341005
"DS09","Icelandic River - Flow of Vatnsdalsa River (Daily)","mc.mars_UNDERB",48,0.226413762731561,0.265638650459288,0.244462763579999
"DS09","Icelandic River - Flow of Vatnsdalsa River (Daily)","mc.mars_UNDERB",49,0.260071696251455,0.29190374906957,0.275069856118437
"DS09","Icelandic River - Flow of Vatnsdalsa River (Daily)","mc.mars_UNDERB",50,0.239825803639605,0.257707662952406,0.24844538718167
"DS09","Icelandic River - Flow of Vatnsdalsa River (Daily)","mc.mars_UNDERT",1,0.325996646441827,0.353627107357263,0.339250211444113
"DS09","Icelandic River - Flow of Vatnsdalsa River (Daily)","mc.mars_UNDERT",2,0.31707943301122,0.343201846143389,0.329623904899683
"DS09","Icelandic River - Flow of Vatnsdalsa River (Daily)","mc.mars_UNDERT",3,0.293861718346485,0.309335859791529,0.301400305966505
"DS09","Icelandic River - Flow of Vatnsdalsa River (Daily)","mc.mars_UNDERT",4,0.290113491193208,0.287866348476723,0.288985551472921
"DS09","Icelandic River - Flow of Vatnsdalsa River (Daily)","mc.mars_UNDERT",5,0.286627473701203,0.281778563708277,0.284182336369778
"DS09","Icelandic River - Flow of Vatnsdalsa River (Daily)","mc.mars_UNDERT",6,0.293740076828162,0.281543523683724,0.287512511059734
"DS09","Icelandic River - Flow of Vatnsdalsa River (Daily)","mc.mars_UNDERT",7,0.324937295441652,0.315012883537639,0.319898135099385
"DS09","Icelandic River - Flow of Vatnsdalsa River (Daily)","mc.mars_UNDERT",8,0.310378787263878,0.320053974139904,0.315142138651971
"DS09","Icelandic River - Flow of Vatnsdalsa River (Daily)","mc.mars_UNDERT",9,0.309079007922644,0.32859963165657,0.318540537042851
"DS09","Icelandic River - Flow of Vatnsdalsa River (Daily)","mc.mars_UNDERT",10,0.31856681384775,0.326332340780551,0.32240282317584
"DS09","Icelandic River - Flow of Vatnsdalsa River (Daily)","mc.mars_UNDERT",11,0.288111140805853,0.307491561736033,0.297486039810948
"DS09","Icelandic River - Flow of Vatnsdalsa River (Daily)","mc.mars_UNDERT",12,0.328025586891205,0.325063956973752,0.326538056734042
"DS09","Icelandic River - Flow of Vatnsdalsa River (Daily)","mc.mars_UNDERT",13,0.313093841493522,0.314201873781191,0.313646879043433
"DS09","Icelandic River - Flow of Vatnsdalsa River (Daily)","mc.mars_UNDERT",14,0.276969328766246,0.295419178813938,0.285896905955296
"DS09","Icelandic River - Flow of Vatnsdalsa River (Daily)","mc.mars_UNDERT",15,0.314931207034777,0.320699129513016,0.317788998244083
"DS09","Icelandic River - Flow of Vatnsdalsa River (Daily)","mc.mars_UNDERT",16,0.299711295113077,0.308847544693096,0.304210838978015
"DS09","Icelandic River - Flow of Vatnsdalsa River (Daily)","mc.mars_UNDERT",17,0.310014945620508,0.315510046384265,0.312738359370925
"DS09","Icelandic River - Flow of Vatnsdalsa River (Daily)","mc.mars_UNDERT",18,0.327575674099404,0.309521127684108,0.31829257897792
"DS09","Icelandic River - Flow of Vatnsdalsa River (Daily)","mc.mars_UNDERT",19,0.312563910373921,0.308238431645516,0.310386101989385
"DS09","Icelandic River - Flow of Vatnsdalsa River (Daily)","mc.mars_UNDERT",20,0.329276226543656,0.31306058027337,0.320963723261609
"DS09","Icelandic River - Flow of Vatnsdalsa River (Daily)","mc.mars_UNDERT",21,0.328269934259985,0.311545593703063,0.319689182566382
"DS09","Icelandic River - Flow of Vatnsdalsa River (Daily)","mc.mars_UNDERT",22,0.37144531059052,0.304872253196171,0.334882235335826
"DS09","Icelandic River - Flow of Vatnsdalsa River (Daily)","mc.mars_UNDERT",23,0.262849063059499,0.279800621118015,0.271060071529601
"DS09","Icelandic River - Flow of Vatnsdalsa River (Daily)","mc.mars_UNDERT",24,0.244037608079182,0.281263591835203,0.261331572067261
"DS09","Icelandic River - Flow of Vatnsdalsa River (Daily)","mc.mars_UNDERT",25,0.248937376297109,0.272331925401858,0.260109677552542
"DS09","Icelandic River - Flow of Vatnsdalsa River (Daily)","mc.mars_UNDERT",26,0.264576726786745,0.315929980113249,0.287981926956668
"DS09","Icelandic River - Flow of Vatnsdalsa River (Daily)","mc.mars_UNDERT",27,0.266782872716858,0.276833400021834,0.271715227911511
"DS09","Icelandic River - Flow of Vatnsdalsa River (Daily)","mc.mars_UNDERT",28,0.212172447142124,0.264520461497496,0.235472156677361
"DS09","Icelandic River - Flow of Vatnsdalsa River (Daily)","mc.mars_UNDERT",29,0.208724039526801,0.258062188627238,0.230785653948768
"DS09","Icelandic River - Flow of Vatnsdalsa River (Daily)","mc.mars_UNDERT",30,0.271705760859847,0.266459769915196,0.269057196655025
"DS09","Icelandic River - Flow of Vatnsdalsa River (Daily)","mc.mars_UNDERT",31,0.209486689579741,0.223910826297457,0.216458729197744
"DS09","Icelandic River - Flow of Vatnsdalsa River (Daily)","mc.mars_UNDERT",32,0.280663610746251,0.285604700293814,0.283112598278138
"DS09","Icelandic River - Flow of Vatnsdalsa River (Daily)","mc.mars_UNDERT",33,0.2207362018684,0.241039231534795,0.230441381769272
"DS09","Icelandic River - Flow of Vatnsdalsa River (Daily)","mc.mars_UNDERT",34,0.184429340278443,0.258204535279826,0.215168764652273
"DS09","Icelandic River - Flow of Vatnsdalsa River (Daily)","mc.mars_UNDERT",35,0.188375802118932,0.274713136650883,0.223496193222359
"DS09","Icelandic River - Flow of Vatnsdalsa River (Daily)","mc.mars_UNDERT",36,0.260504941278539,0.276106949884462,0.268079131121601
"DS09","Icelandic River - Flow of Vatnsdalsa River (Daily)","mc.mars_UNDERT",37,0.167923867285479,0.245329425022305,0.199377314472722
"DS09","Icelandic River - Flow of Vatnsdalsa River (Daily)","mc.mars_UNDERT",38,0.140645903175175,0.25452110872133,0.181175807370448
"DS09","Icelandic River - Flow of Vatnsdalsa River (Daily)","mc.mars_UNDERT",39,0.271432911557131,0.246912880145648,0.258592943288791
"DS09","Icelandic River - Flow of Vatnsdalsa River (Daily)","mc.mars_UNDERT",40,0.23328677463516,0.241323874447098,0.237237274052258
"DS09","Icelandic River - Flow of Vatnsdalsa River (Daily)","mc.mars_UNDERT",41,0.214100444920161,0.270769655619094,0.239123442235158
"DS09","Icelandic River - Flow of Vatnsdalsa River (Daily)","mc.mars_UNDERT",42,0.23361698350357,0.272257638891539,0.251461550027976
"DS09","Icelandic River - Flow of Vatnsdalsa River (Daily)","mc.mars_UNDERT",43,0.241649245371795,0.284315574302924,0.2612518609904
"DS09","Icelandic River - Flow of Vatnsdalsa River (Daily)","mc.mars_UNDERT",44,0.219392578384614,0.277912124565146,0.24520925384795
"DS09","Icelandic River - Flow of Vatnsdalsa River (Daily)","mc.mars_UNDERT",45,0.27015701059948,0.287241010451027,0.278437202050963
"DS09","Icelandic River - Flow of Vatnsdalsa River (Daily)","mc.mars_UNDERT",46,0.263206295714772,0.301386785800837,0.281005566894559
"DS09","Icelandic River - Flow of Vatnsdalsa River (Daily)","mc.mars_UNDERT",47,0.222366112166906,0.269419862405547,0.243641951748415
"DS09","Icelandic River - Flow of Vatnsdalsa River (Daily)","mc.mars_UNDERT",48,0.234979141371736,0.220172198202762,0.227334820703718
"DS09","Icelandic River - Flow of Vatnsdalsa River (Daily)","mc.mars_UNDERT",49,0.215053391785653,0.261058127703685,0.235833133699874
"DS09","Icelandic River - Flow of Vatnsdalsa River (Daily)","mc.mars_UNDERT",50,0.225339543654911,0.224626799688797,0.224982607180789
"DS09","Icelandic River - Flow of Vatnsdalsa River (Daily)","mc.mars_UNDERTPhi",1,0.335030240928987,0.354355296696958,0.344421906022812
"DS09","Icelandic River - Flow of Vatnsdalsa River (Daily)","mc.mars_UNDERTPhi",2,0.313895072334504,0.338598736314051,0.325779259263187
"DS09","Icelandic River - Flow of Vatnsdalsa River (Daily)","mc.mars_UNDERTPhi",3,0.280567801835299,0.305302944516498,0.292413221073861
"DS09","Icelandic River - Flow of Vatnsdalsa River (Daily)","mc.mars_UNDERTPhi",4,0.286789590570477,0.290933052913275,0.288846463158454
"DS09","Icelandic River - Flow of Vatnsdalsa River (Daily)","mc.mars_UNDERTPhi",5,0.28585277169122,0.29204361960315,0.288915035206623
"DS09","Icelandic River - Flow of Vatnsdalsa River (Daily)","mc.mars_UNDERTPhi",6,0.290901415849359,0.291086966067941,0.290994161379981
"DS09","Icelandic River - Flow of Vatnsdalsa River (Daily)","mc.mars_UNDERTPhi",7,0.318080294125788,0.32023674548788,0.319154877194943
"DS09","Icelandic River - Flow of Vatnsdalsa River (Daily)","mc.mars_UNDERTPhi",8,0.296247292084669,0.319168003482185,0.307280814866897
"DS09","Icelandic River - Flow of Vatnsdalsa River (Daily)","mc.mars_UNDERTPhi",9,0.3105833947542,0.322976031511118,0.316658511048512
"DS09","Icelandic River - Flow of Vatnsdalsa River (Daily)","mc.mars_UNDERTPhi",10,0.314858199251507,0.322216422716179,0.318494817176454
"DS09","Icelandic River - Flow of Vatnsdalsa River (Daily)","mc.mars_UNDERTPhi",11,0.309186405432793,0.32446105757853,0.316639626769358
"DS09","Icelandic River - Flow of Vatnsdalsa River (Daily)","mc.mars_UNDERTPhi",12,0.315167844145253,0.32478885897071,0.319906031098003
"DS09","Icelandic River - Flow of Vatnsdalsa River (Daily)","mc.mars_UNDERTPhi",13,0.311414487352564,0.324043822912016,0.317603655068716
"DS09","Icelandic River - Flow of Vatnsdalsa River (Daily)","mc.mars_UNDERTPhi",14,0.278641456808388,0.295392814879839,0.286772718384148
"DS09","Icelandic River - Flow of Vatnsdalsa River (Daily)","mc.mars_UNDERTPhi",15,0.310015359953724,0.306900092944794,0.308449860794013
"DS09","Icelandic River - Flow of Vatnsdalsa River (Daily)","mc.mars_UNDERTPhi",16,0.297049809441443,0.320980897799539,0.308552029562889
"DS09","Icelandic River - Flow of Vatnsdalsa River (Daily)","mc.mars_UNDERTPhi",17,0.307739336412174,0.300717373730588,0.304187836198732
"DS09","Icelandic River - Flow of Vatnsdalsa River (Daily)","mc.mars_UNDERTPhi",18,0.306471762096202,0.301090366021847,0.303757231579703
"DS09","Icelandic River - Flow of Vatnsdalsa River (Daily)","mc.mars_UNDERTPhi",19,0.317681249574867,0.321975211656458,0.319813818105608
"DS09","Icelandic River - Flow of Vatnsdalsa River (Daily)","mc.mars_UNDERTPhi",20,0.312175306131394,0.304802286070955,0.308444741482742
"DS09","Icelandic River - Flow of Vatnsdalsa River (Daily)","mc.mars_UNDERTPhi",21,0.318562255457209,0.32129713400696,0.3199238500412
"DS09","Icelandic River - Flow of Vatnsdalsa River (Daily)","mc.mars_UNDERTPhi",22,0.36262118572881,0.311919758507242,0.335365002372809
"DS09","Icelandic River - Flow of Vatnsdalsa River (Daily)","mc.mars_UNDERTPhi",23,0.243423784982992,0.273226167216178,0.257465417337417
"DS09","Icelandic River - Flow of Vatnsdalsa River (Daily)","mc.mars_UNDERTPhi",24,0.244921815358627,0.271904987579816,0.257709015029723
"DS09","Icelandic River - Flow of Vatnsdalsa River (Daily)","mc.mars_UNDERTPhi",25,0.246407816070263,0.275966902439525,0.260351044291683
"DS09","Icelandic River - Flow of Vatnsdalsa River (Daily)","mc.mars_UNDERTPhi",26,0.180474185797299,0.220177659445411,0.198358671205389
"DS09","Icelandic River - Flow of Vatnsdalsa River (Daily)","mc.mars_UNDERTPhi",27,0.172966636878124,0.219017912228876,0.19328716797945
"DS09","Icelandic River - Flow of Vatnsdalsa River (Daily)","mc.mars_UNDERTPhi",28,0.267554984038606,0.251577011629114,0.259320110848999
"DS09","Icelandic River - Flow of Vatnsdalsa River (Daily)","mc.mars_UNDERTPhi",29,0.248059205976838,0.272536546089836,0.259722438972403
"DS09","Icelandic River - Flow of Vatnsdalsa River (Daily)","mc.mars_UNDERTPhi",30,0.219143053054114,0.239975207680502,0.229086508492409
"DS09","Icelandic River - Flow of Vatnsdalsa River (Daily)","mc.mars_UNDERTPhi",31,0.228728131448845,0.306923390761107,0.262118227078297
"DS09","Icelandic River - Flow of Vatnsdalsa River (Daily)","mc.mars_UNDERTPhi",32,0.285854249160312,0.313224081179615,0.298913948343693
"DS09","Icelandic River - Flow of Vatnsdalsa River (Daily)","mc.mars_UNDERTPhi",33,0.217840543033836,0.224649415338488,0.221192592978087
"DS09","Icelandic River - Flow of Vatnsdalsa River (Daily)","mc.mars_UNDERTPhi",34,0.289594697556638,0.298344161725774,0.29390432667851
"DS09","Icelandic River - Flow of Vatnsdalsa River (Daily)","mc.mars_UNDERTPhi",35,0.195132299003386,0.274764607789371,0.228200904613957
"DS09","Icelandic River - Flow of Vatnsdalsa River (Daily)","mc.mars_UNDERTPhi",36,0.294521940553173,0.329785870627412,0.311157966774527
"DS09","Icelandic River - Flow of Vatnsdalsa River (Daily)","mc.mars_UNDERTPhi",37,0.303880690875709,0.318511373592659,0.311024069183091
"DS09","Icelandic River - Flow of Vatnsdalsa River (Daily)","mc.mars_UNDERTPhi",38,0.31556781358194,0.337621732127359,0.326222464903303
"DS09","Icelandic River - Flow of Vatnsdalsa River (Daily)","mc.mars_UNDERTPhi",39,0.251582278143806,0.286842166002159,0.268057687109627
"DS09","Icelandic River - Flow of Vatnsdalsa River (Daily)","mc.mars_UNDERTPhi",40,0.24786696701946,0.292102081029592,0.268172618954634
"DS09","Icelandic River - Flow of Vatnsdalsa River (Daily)","mc.mars_UNDERTPhi",41,0.220676010589893,0.235421739180182,0.227810508754347
"DS09","Icelandic River - Flow of Vatnsdalsa River (Daily)","mc.mars_UNDERTPhi",42,0.249357932360968,0.300566106681852,0.272577801946704
"DS09","Icelandic River - Flow of Vatnsdalsa River (Daily)","mc.mars_UNDERTPhi",43,0.227323019105389,0.279879918327567,0.2508784682644
"DS09","Icelandic River - Flow of Vatnsdalsa River (Daily)","mc.mars_UNDERTPhi",44,0.198706285079606,0.225197272070345,0.211124028512601
"DS09","Icelandic River - Flow of Vatnsdalsa River (Daily)","mc.mars_UNDERTPhi",45,0.343884809971819,0.34805524578921,0.345957459931339
"DS09","Icelandic River - Flow of Vatnsdalsa River (Daily)","mc.mars_UNDERTPhi",46,0.221533920386812,0.277845513430544,0.246514780881694
"DS09","Icelandic River - Flow of Vatnsdalsa River (Daily)","mc.mars_UNDERTPhi",47,0.230773928606088,0.25977627455417,0.244417762142622
"DS09","Icelandic River - Flow of Vatnsdalsa River (Daily)","mc.mars_UNDERTPhi",48,0.266795922940574,0.298498435352792,0.281758218131504
"DS09","Icelandic River - Flow of Vatnsdalsa River (Daily)","mc.mars_UNDERTPhi",49,0.27277725053539,0.30119232740761,0.28628142713432
"DS09","Icelandic River - Flow of Vatnsdalsa River (Daily)","mc.mars_UNDERTPhi",50,0.243040617835259,0.211945588571781,0.226430542590384
"DS09","Icelandic River - Flow of Vatnsdalsa River (Daily)","mc.mars_OVERB",1,0.349074795212047,0.366701555735749,0.357671136529996
"DS09","Icelandic River - Flow of Vatnsdalsa River (Daily)","mc.mars_OVERB",2,0.330955825868981,0.330478640869842,0.330717061239341
"DS09","Icelandic River - Flow of Vatnsdalsa River (Daily)","mc.mars_OVERB",3,0.249330175947682,0.27357253726061,0.260889404956945
"DS09","Icelandic River - Flow of Vatnsdalsa River (Daily)","mc.mars_OVERB",4,0.266838240663625,0.280905110841235,0.273691046598237
"DS09","Icelandic River - Flow of Vatnsdalsa River (Daily)","mc.mars_OVERB",5,0.298414529418339,0.274879306747389,0.28616382662851
"DS09","Icelandic River - Flow of Vatnsdalsa River (Daily)","mc.mars_OVERB",6,0.24018582887818,0.246015817516463,0.24306586983201
"DS09","Icelandic River - Flow of Vatnsdalsa River (Daily)","mc.mars_OVERB",7,0.274464963857092,0.273143042481201,0.273802407615298
"DS09","Icelandic River - Flow of Vatnsdalsa River (Daily)","mc.mars_OVERB",8,0.317727365268463,0.325771191909638,0.321699004080809
"DS09","Icelandic River - Flow of Vatnsdalsa River (Daily)","mc.mars_OVERB",9,0.268713436641243,0.285777567081238,0.276982932634943
"DS09","Icelandic River - Flow of Vatnsdalsa River (Daily)","mc.mars_OVERB",10,0.234425725636126,0.299313881162212,0.26292548984819
"DS09","Icelandic River - Flow of Vatnsdalsa River (Daily)","mc.mars_OVERB",11,0.287981679173448,0.306902419307087,0.297141154992027
"DS09","Icelandic River - Flow of Vatnsdalsa River (Daily)","mc.mars_OVERB",12,0.237237224831417,0.273937624632847,0.254269950538129
"DS09","Icelandic River - Flow of Vatnsdalsa River (Daily)","mc.mars_OVERB",13,0.292615049882862,0.292028169991908,0.292321315374826
"DS09","Icelandic River - Flow of Vatnsdalsa River (Daily)","mc.mars_OVERB",14,0.240702947423603,0.265890655027666,0.252670637954644
"DS09","Icelandic River - Flow of Vatnsdalsa River (Daily)","mc.mars_OVERB",15,0.346460928143919,0.335441377604405,0.340862114830831
"DS09","Icelandic River - Flow of Vatnsdalsa River (Daily)","mc.mars_OVERB",16,0.31407504205737,0.308502973501732,0.311264072793724
"DS09","Icelandic River - Flow of Vatnsdalsa River (Daily)","mc.mars_OVERB",17,0.300594307366495,0.298988509173629,0.299789257951736
"DS09","Icelandic River - Flow of Vatnsdalsa River (Daily)","mc.mars_OVERB",18,0.297888810149862,0.309728725345164,0.303693412623901
"DS09","Icelandic River - Flow of Vatnsdalsa River (Daily)","mc.mars_OVERB",19,0.330838851285697,0.306532774427405,0.318222358453807
"DS09","Icelandic River - Flow of Vatnsdalsa River (Daily)","mc.mars_OVERB",20,0.278766811565982,0.278710683895217,0.278738744905091
"DS09","Icelandic River - Flow of Vatnsdalsa River (Daily)","mc.mars_OVERB",21,0.341606131858809,0.326955505063276,0.334120294095264
"DS09","Icelandic River - Flow of Vatnsdalsa River (Daily)","mc.mars_OVERB",22,0.257098970554497,0.254454185878818,0.255769741306463
"DS09","Icelandic River - Flow of Vatnsdalsa River (Daily)","mc.mars_OVERB",23,0.268965415130752,0.287806320690534,0.278067084018184
"DS09","Icelandic River - Flow of Vatnsdalsa River (Daily)","mc.mars_OVERB",24,0.262516965532498,0.283813388877875,0.272750100829104
"DS09","Icelandic River - Flow of Vatnsdalsa River (Daily)","mc.mars_OVERB",25,0.188101926918256,0.253189981185278,0.215845894578126
"DS09","Icelandic River - Flow of Vatnsdalsa River (Daily)","mc.mars_OVERB",26,0.239665250776193,0.240803360779393,0.240232957828782
"DS09","Icelandic River - Flow of Vatnsdalsa River (Daily)","mc.mars_OVERB",27,0.212828149920346,0.274771456556841,0.239865249984147
"DS09","Icelandic River - Flow of Vatnsdalsa River (Daily)","mc.mars_OVERB",28,0.287541980575129,0.278022203522682,0.282701971916057
"DS09","Icelandic River - Flow of Vatnsdalsa River (Daily)","mc.mars_OVERB",29,0.137050516027428,0.22713869826061,0.170952211570959
"DS09","Icelandic River - Flow of Vatnsdalsa River (Daily)","mc.mars_OVERB",30,0.223339760764023,0.256527655249651,0.238786061486535
"DS09","Icelandic River - Flow of Vatnsdalsa River (Daily)","mc.mars_OVERB",31,0.235770341715661,0.273731417655274,0.253336710587924
"DS09","Icelandic River - Flow of Vatnsdalsa River (Daily)","mc.mars_OVERB",32,0.237485939989069,0.241007881291559,0.239233949061724
"DS09","Icelandic River - Flow of Vatnsdalsa River (Daily)","mc.mars_OVERB",33,0.222147793548858,0.262719023447596,0.240736009709738
"DS09","Icelandic River - Flow of Vatnsdalsa River (Daily)","mc.mars_OVERB",34,0.179442627401936,0.234525125375454,0.203319241205584
"DS09","Icelandic River - Flow of Vatnsdalsa River (Daily)","mc.mars_OVERB",35,0.242043773840944,0.305575830288341,0.270124468152197
"DS09","Icelandic River - Flow of Vatnsdalsa River (Daily)","mc.mars_OVERB",36,0.305511255412673,0.310431209880347,0.307951583122952
"DS09","Icelandic River - Flow of Vatnsdalsa River (Daily)","mc.mars_OVERB",37,0.218105577275247,0.251546612652477,0.23363553004041
"DS09","Icelandic River - Flow of Vatnsdalsa River (Daily)","mc.mars_OVERB",38,0.306373588304084,0.327418016241432,0.316546422489219
"DS09","Icelandic River - Flow of Vatnsdalsa River (Daily)","mc.mars_OVERB",39,0.222032483834849,0.266153421408093,0.242099186403074
"DS09","Icelandic River - Flow of Vatnsdalsa River (Daily)","mc.mars_OVERB",40,0.284673479851131,0.290130018935545,0.287375850265338
"DS09","Icelandic River - Flow of Vatnsdalsa River (Daily)","mc.mars_OVERB",41,0.251940493308937,0.26124860936532,0.256510137011037
"DS09","Icelandic River - Flow of Vatnsdalsa River (Daily)","mc.mars_OVERB",42,0.216594794043335,0.234907956778987,0.225379980188461
"DS09","Icelandic River - Flow of Vatnsdalsa River (Daily)","mc.mars_OVERB",43,0.264337233367639,0.273661070544242,0.268918358076979
"DS09","Icelandic River - Flow of Vatnsdalsa River (Daily)","mc.mars_OVERB",44,0.282046862415198,0.28006445118942,0.281052161094099
"DS09","Icelandic River - Flow of Vatnsdalsa River (Daily)","mc.mars_OVERB",45,0.182219970274858,0.245560990320393,0.209201065398437
"DS09","Icelandic River - Flow of Vatnsdalsa River (Daily)","mc.mars_OVERB",46,0.297885496027507,0.30073499183366,0.299303461982326
"DS09","Icelandic River - Flow of Vatnsdalsa River (Daily)","mc.mars_OVERB",47,0.22704760318006,0.255825402117549,0.240578966917255
"DS09","Icelandic River - Flow of Vatnsdalsa River (Daily)","mc.mars_OVERB",48,0.136204259095257,0.205797949963317,0.163920328908025
"DS09","Icelandic River - Flow of Vatnsdalsa River (Daily)","mc.mars_OVERB",49,0.211641668387978,0.229064351849208,0.220008619657547
"DS09","Icelandic River - Flow of Vatnsdalsa River (Daily)","mc.mars_OVERB",50,0.262413684883319,0.235587151225395,0.248277866146891
"DS09","Icelandic River - Flow of Vatnsdalsa River (Daily)","mc.mars_OVERT",1,0.220464643662298,0.356078330507993,0.272322049763193
"DS09","Icelandic River - Flow of Vatnsdalsa River (Daily)","mc.mars_OVERT",2,0.330282107513877,0.354789940856657,0.342097651391788
"DS09","Icelandic River - Flow of Vatnsdalsa River (Daily)","mc.mars_OVERT",3,0.308249290271624,0.316658829117867,0.312397475101417
"DS09","Icelandic River - Flow of Vatnsdalsa River (Daily)","mc.mars_OVERT",4,0.293567550268781,0.278304477299465,0.285732330630169
"DS09","Icelandic River - Flow of Vatnsdalsa River (Daily)","mc.mars_OVERT",5,0.281702874494603,0.30172098791402,0.291368506045784
"DS09","Icelandic River - Flow of Vatnsdalsa River (Daily)","mc.mars_OVERT",6,0.249524775191389,0.284443042959145,0.265842187250042
"DS09","Icelandic River - Flow of Vatnsdalsa River (Daily)","mc.mars_OVERT",7,0.294850433946279,0.299459409826385,0.297137050182804
"DS09","Icelandic River - Flow of Vatnsdalsa River (Daily)","mc.mars_OVERT",8,0.271582362789218,0.268075341388803,0.269817456718382
"DS09","Icelandic River - Flow of Vatnsdalsa River (Daily)","mc.mars_OVERT",9,0.276860893730028,0.297099327062628,0.286623296309811
"DS09","Icelandic River - Flow of Vatnsdalsa River (Daily)","mc.mars_OVERT",10,0.257205389473323,0.274276919951736,0.265466980814634
"DS09","Icelandic River - Flow of Vatnsdalsa River (Daily)","mc.mars_OVERT",11,0.301120260416957,0.302895545933405,0.30200529427105
"DS09","Icelandic River - Flow of Vatnsdalsa River (Daily)","mc.mars_OVERT",12,0.343608555329183,0.347762274185215,0.345672937097166
"DS09","Icelandic River - Flow of Vatnsdalsa River (Daily)","mc.mars_OVERT",13,0.327252962216081,0.336157721975697,0.331645579155477
"DS09","Icelandic River - Flow of Vatnsdalsa River (Daily)","mc.mars_OVERT",14,0.305401479481539,0.299165048471654,0.302251097895659
"DS09","Icelandic River - Flow of Vatnsdalsa River (Daily)","mc.mars_OVERT",15,0.325457092247121,0.331802798229362,0.328599312010049
"DS09","Icelandic River - Flow of Vatnsdalsa River (Daily)","mc.mars_OVERT",16,0.293095470624755,0.309062794181988,0.300867431064635
"DS09","Icelandic River - Flow of Vatnsdalsa River (Daily)","mc.mars_OVERT",17,0.331222749943575,0.309640220180267,0.320068064476945
"DS09","Icelandic River - Flow of Vatnsdalsa River (Daily)","mc.mars_OVERT",18,0.302557540145185,0.306959541375193,0.304742644885064
"DS09","Icelandic River - Flow of Vatnsdalsa River (Daily)","mc.mars_OVERT",19,0.283942238685946,0.274851756232509,0.279323055298084
"DS09","Icelandic River - Flow of Vatnsdalsa River (Daily)","mc.mars_OVERT",20,0.27825940687072,0.310118261016509,0.293326304107016
"DS09","Icelandic River - Flow of Vatnsdalsa River (Daily)","mc.mars_OVERT",21,0.274603934611592,0.27718901569215,0.275890419760814
"DS09","Icelandic River - Flow of Vatnsdalsa River (Daily)","mc.mars_OVERT",22,0.361448641271168,0.310353587682092,0.333958054161589
"DS09","Icelandic River - Flow of Vatnsdalsa River (Daily)","mc.mars_OVERT",23,0.322878076640585,0.327876876383305,0.32535827727362
"DS09","Icelandic River - Flow of Vatnsdalsa River (Daily)","mc.mars_OVERT",24,0.303030281641951,0.315852797457372,0.309308705968175
"DS09","Icelandic River - Flow of Vatnsdalsa River (Daily)","mc.mars_OVERT",25,0.269647391763703,0.29657745106327,0.282472014953875
"DS09","Icelandic River - Flow of Vatnsdalsa River (Daily)","mc.mars_OVERT",26,0.252653808027786,0.258060173101035,0.255328374955297
"DS09","Icelandic River - Flow of Vatnsdalsa River (Daily)","mc.mars_OVERT",27,0.228767197482371,0.266017827094556,0.245990277643538
"DS09","Icelandic River - Flow of Vatnsdalsa River (Daily)","mc.mars_OVERT",28,0.21414059254967,0.247725634730393,0.229712029490922
"DS09","Icelandic River - Flow of Vatnsdalsa River (Daily)","mc.mars_OVERT",29,0.23580932772765,0.232054458839711,0.233916825820917
"DS09","Icelandic River - Flow of Vatnsdalsa River (Daily)","mc.mars_OVERT",30,0.263871553321343,0.286123269932389,0.274547281124538
"DS09","Icelandic River - Flow of Vatnsdalsa River (Daily)","mc.mars_OVERT",31,0.234827814084237,0.231268019946497,0.233034323100363
"DS09","Icelandic River - Flow of Vatnsdalsa River (Daily)","mc.mars_OVERT",32,0.258986002626836,0.281369745736915,0.269714261129608
"DS09","Icelandic River - Flow of Vatnsdalsa River (Daily)","mc.mars_OVERT",33,0.205739680728218,0.246527261729726,0.224294262337301
"DS09","Icelandic River - Flow of Vatnsdalsa River (Daily)","mc.mars_OVERT",34,0.230625926557689,0.242404057024611,0.236368358002478
"DS09","Icelandic River - Flow of Vatnsdalsa River (Daily)","mc.mars_OVERT",35,0.263041769842421,0.27885364547775,0.270717021623593
"DS09","Icelandic River - Flow of Vatnsdalsa River (Daily)","mc.mars_OVERT",36,0.225270000032168,0.237428309386147,0.23118941294726
"DS09","Icelandic River - Flow of Vatnsdalsa River (Daily)","mc.mars_OVERT",37,0.187274071599748,0.237976933808786,0.209602840554746
"DS09","Icelandic River - Flow of Vatnsdalsa River (Daily)","mc.mars_OVERT",38,0.215449684598192,0.262371205651405,0.236606622517967
"DS09","Icelandic River - Flow of Vatnsdalsa River (Daily)","mc.mars_OVERT",39,0.206292053305444,0.25516786309666,0.228141602530453
"DS09","Icelandic River - Flow of Vatnsdalsa River (Daily)","mc.mars_OVERT",40,0.231651093105617,0.236671063859523,0.23413417381236
"DS09","Icelandic River - Flow of Vatnsdalsa River (Daily)","mc.mars_OVERT",41,0.182163380048863,0.211415555570734,0.195702405348725
"DS09","Icelandic River - Flow of Vatnsdalsa River (Daily)","mc.mars_OVERT",42,0.251998939495785,0.250311133994038,0.251152201158326
"DS09","Icelandic River - Flow of Vatnsdalsa River (Daily)","mc.mars_OVERT",43,0.21681895057227,0.24964466221617,0.232076810253698
"DS09","Icelandic River - Flow of Vatnsdalsa River (Daily)","mc.mars_OVERT",44,0.234367274495059,0.253069850777801,0.243359761119808
"DS09","Icelandic River - Flow of Vatnsdalsa River (Daily)","mc.mars_OVERT",45,0.225981224639447,0.23885493772531,0.232239811393972
"DS09","Icelandic River - Flow of Vatnsdalsa River (Daily)","mc.mars_OVERT",46,0.244107404504136,0.244583381093176,0.244345161002068
"DS09","Icelandic River - Flow of Vatnsdalsa River (Daily)","mc.mars_OVERT",47,0.299149190264453,0.313314300570155,0.306067939449295
"DS09","Icelandic River - Flow of Vatnsdalsa River (Daily)","mc.mars_OVERT",48,0.191419337200203,0.222178485385658,0.205655136899754
"DS09","Icelandic River - Flow of Vatnsdalsa River (Daily)","mc.mars_OVERT",49,0.25062726906944,0.264703895265804,0.257473325790766
"DS09","Icelandic River - Flow of Vatnsdalsa River (Daily)","mc.mars_OVERT",50,0.112601617386135,0.200563352795622,0.144229144786313
"DS09","Icelandic River - Flow of Vatnsdalsa River (Daily)","mc.mars_OVERTPhi",1,0.351893369160336,0.327822401892015,0.339431669532735
"DS09","Icelandic River - Flow of Vatnsdalsa River (Daily)","mc.mars_OVERTPhi",2,0.306399685557179,0.334279857369995,0.3197331468344
"DS09","Icelandic River - Flow of Vatnsdalsa River (Daily)","mc.mars_OVERTPhi",3,0.317304420144373,0.31639594909626,0.31684953342956
"DS09","Icelandic River - Flow of Vatnsdalsa River (Daily)","mc.mars_OVERTPhi",4,0.199278915877295,0.26448051959276,0.227296253979989
"DS09","Icelandic River - Flow of Vatnsdalsa River (Daily)","mc.mars_OVERTPhi",5,0.287671561707089,0.296307447927974,0.291925651040607
"DS09","Icelandic River - Flow of Vatnsdalsa River (Daily)","mc.mars_OVERTPhi",6,0.322569773624288,0.306541508982328,0.31435146020329
"DS09","Icelandic River - Flow of Vatnsdalsa River (Daily)","mc.mars_OVERTPhi",7,0.18235331866385,0.266916384430022,0.21667647816617
"DS09","Icelandic River - Flow of Vatnsdalsa River (Daily)","mc.mars_OVERTPhi",8,0.288749609335385,0.295617460005075,0.292143177012093
"DS09","Icelandic River - Flow of Vatnsdalsa River (Daily)","mc.mars_OVERTPhi",9,0.327167790471307,0.315136953414353,0.321039698759525
"DS09","Icelandic River - Flow of Vatnsdalsa River (Daily)","mc.mars_OVERTPhi",10,0.207047845902953,0.24691057633009,0.225229009777278
"DS09","Icelandic River - Flow of Vatnsdalsa River (Daily)","mc.mars_OVERTPhi",11,0.273448073953174,0.287229235343549,0.280169287700459
"DS09","Icelandic River - Flow of Vatnsdalsa River (Daily)","mc.mars_OVERTPhi",12,0.319852710576136,0.309579007509333,0.314632014384393
"DS09","Icelandic River - Flow of Vatnsdalsa River (Daily)","mc.mars_OVERTPhi",13,0.246174752974447,0.268481021744133,0.256844486947921
"DS09","Icelandic River - Flow of Vatnsdalsa River (Daily)","mc.mars_OVERTPhi",14,0.312501616401329,0.303970574959734,0.308177067334162
"DS09","Icelandic River - Flow of Vatnsdalsa River (Daily)","mc.mars_OVERTPhi",15,0.313750952491452,0.322559610360616,0.318094310841868
"DS09","Icelandic River - Flow of Vatnsdalsa River (Daily)","mc.mars_OVERTPhi",16,0.284462721581977,0.309125461598839,0.296281740803807
"DS09","Icelandic River - Flow of Vatnsdalsa River (Daily)","mc.mars_OVERTPhi",17,0.312208007620223,0.307308952384069,0.309739109473366
"DS09","Icelandic River - Flow of Vatnsdalsa River (Daily)","mc.mars_OVERTPhi",18,0.302991436650564,0.314539228762425,0.308657361143196
"DS09","Icelandic River - Flow of Vatnsdalsa River (Daily)","mc.mars_OVERTPhi",19,0.280854043613902,0.278085086995873,0.279462706668291
"DS09","Icelandic River - Flow of Vatnsdalsa River (Daily)","mc.mars_OVERTPhi",20,0.273507822371409,0.309409501421509,0.29035307581589
"DS09","Icelandic River - Flow of Vatnsdalsa River (Daily)","mc.mars_OVERTPhi",21,0.211766355688712,0.245554385526189,0.227412197435526
"DS09","Icelandic River - Flow of Vatnsdalsa River (Daily)","mc.mars_OVERTPhi",22,0.281198707230905,0.29719027289399,0.288973418965708
"DS09","Icelandic River - Flow of Vatnsdalsa River (Daily)","mc.mars_OVERTPhi",23,0.221882827643632,0.242262350989156,0.231625180842806
"DS09","Icelandic River - Flow of Vatnsdalsa River (Daily)","mc.mars_OVERTPhi",24,0.327761153623996,0.336158931366842,0.331906931682377
"DS09","Icelandic River - Flow of Vatnsdalsa River (Daily)","mc.mars_OVERTPhi",25,0.208328004715016,0.246268067011039,0.22571481900684
"DS09","Icelandic River - Flow of Vatnsdalsa River (Daily)","mc.mars_OVERTPhi",26,0.135741115139593,0.225448415540605,0.169454631059238
"DS09","Icelandic River - Flow of Vatnsdalsa River (Daily)","mc.mars_OVERTPhi",27,0.225108924140374,0.270413199469978,0.245690036854578
"DS09","Icelandic River - Flow of Vatnsdalsa River (Daily)","mc.mars_OVERTPhi",28,0.22670013236665,0.252376635666736,0.23885030763133
"DS09","Icelandic River - Flow of Vatnsdalsa River (Daily)","mc.mars_OVERTPhi",29,0.240537461500781,0.231917243868074,0.236148712180702
"DS09","Icelandic River - Flow of Vatnsdalsa River (Daily)","mc.mars_OVERTPhi",30,0.282617719056217,0.291250516297579,0.286869185360018
"DS09","Icelandic River - Flow of Vatnsdalsa River (Daily)","mc.mars_OVERTPhi",31,0.278986098621714,0.27835975592619,0.278672575333439
"DS09","Icelandic River - Flow of Vatnsdalsa River (Daily)","mc.mars_OVERTPhi",32,0.201765572045499,0.247057189412816,0.222126146133342
"DS09","Icelandic River - Flow of Vatnsdalsa River (Daily)","mc.mars_OVERTPhi",33,0.208285671159075,0.245437734245063,0.225340648492494
"DS09","Icelandic River - Flow of Vatnsdalsa River (Daily)","mc.mars_OVERTPhi",34,0.233750753450157,0.240941916967791,0.23729186540571
"DS09","Icelandic River - Flow of Vatnsdalsa River (Daily)","mc.mars_OVERTPhi",35,0.237223899723089,0.247772210929039,0.242383346293503
"DS09","Icelandic River - Flow of Vatnsdalsa River (Daily)","mc.mars_OVERTPhi",36,0.225250614782142,0.237891223126039,0.231398417825683
"DS09","Icelandic River - Flow of Vatnsdalsa River (Daily)","mc.mars_OVERTPhi",37,0.209085566641511,0.238431973308632,0.222796560109099
"DS09","Icelandic River - Flow of Vatnsdalsa River (Daily)","mc.mars_OVERTPhi",38,0.184703758697804,0.262020932865717,0.216671485018738
"DS09","Icelandic River - Flow of Vatnsdalsa River (Daily)","mc.mars_OVERTPhi",39,0.320032963935488,0.323565941558956,0.321789755767643
"DS09","Icelandic River - Flow of Vatnsdalsa River (Daily)","mc.mars_OVERTPhi",40,0.240786799450608,0.236878995179113,0.238816912358018
"DS09","Icelandic River - Flow of Vatnsdalsa River (Daily)","mc.mars_OVERTPhi",41,0.24402638419965,0.253712023867263,0.248774966162468
"DS09","Icelandic River - Flow of Vatnsdalsa River (Daily)","mc.mars_OVERTPhi",42,0.241649326091396,0.249467137613937,0.245496008142489
"DS09","Icelandic River - Flow of Vatnsdalsa River (Daily)","mc.mars_OVERTPhi",43,0.245239690562161,0.259503064974197,0.252169845554604
"DS09","Icelandic River - Flow of Vatnsdalsa River (Daily)","mc.mars_OVERTPhi",44,0.238935059322765,0.258511015491085,0.248337851876968
"DS09","Icelandic River - Flow of Vatnsdalsa River (Daily)","mc.mars_OVERTPhi",45,0.220625564051857,0.251491781484379,0.23504968274943
"DS09","Icelandic River - Flow of Vatnsdalsa River (Daily)","mc.mars_OVERTPhi",46,0.23352489153397,0.252693029978992,0.242731128600167
"DS09","Icelandic River - Flow of Vatnsdalsa River (Daily)","mc.mars_OVERTPhi",47,0.240771394768986,0.253730158094364,0.247080979647468
"DS09","Icelandic River - Flow of Vatnsdalsa River (Daily)","mc.mars_OVERTPhi",48,0.215882941405655,0.232306939926161,0.223794010481362
"DS09","Icelandic River - Flow of Vatnsdalsa River (Daily)","mc.mars_OVERTPhi",49,0.257640153444654,0.271636636718516,0.264453329773908
"DS09","Icelandic River - Flow of Vatnsdalsa River (Daily)","mc.mars_OVERTPhi",50,0.17582839531774,0.208585244613035,0.190811173369773
"DS09","Icelandic River - Flow of Vatnsdalsa River (Daily)","mc.mars_SMOTEB",1,0.366446252552271,0.331340236717471,0.348010143308932
"DS09","Icelandic River - Flow of Vatnsdalsa River (Daily)","mc.mars_SMOTEB",2,0.340517159437891,0.338568960707118,0.339540265523932
"DS09","Icelandic River - Flow of Vatnsdalsa River (Daily)","mc.mars_SMOTEB",3,0.324829329324492,0.307286791597196,0.315814639497727
"DS09","Icelandic River - Flow of Vatnsdalsa River (Daily)","mc.mars_SMOTEB",4,0.23612935486297,0.250908810541405,0.243294837123846
"DS09","Icelandic River - Flow of Vatnsdalsa River (Daily)","mc.mars_SMOTEB",5,0.224981537810085,0.261084539728294,0.241692247045863
"DS09","Icelandic River - Flow of Vatnsdalsa River (Daily)","mc.mars_SMOTEB",6,0.243671091091784,0.262878108242991,0.252910459808583
"DS09","Icelandic River - Flow of Vatnsdalsa River (Daily)","mc.mars_SMOTEB",7,0.304380707357289,0.309243486877649,0.306792829115257
"DS09","Icelandic River - Flow of Vatnsdalsa River (Daily)","mc.mars_SMOTEB",8,0.287447831412948,0.295782377063743,0.291555552580874
"DS09","Icelandic River - Flow of Vatnsdalsa River (Daily)","mc.mars_SMOTEB",9,0.302923744924934,0.316335750593805,0.309484508245593
"DS09","Icelandic River - Flow of Vatnsdalsa River (Daily)","mc.mars_SMOTEB",10,0.236778902290693,0.292711084320791,0.261790821304616
"DS09","Icelandic River - Flow of Vatnsdalsa River (Daily)","mc.mars_SMOTEB",11,0.247186748296362,0.286710194599104,0.26548554603822
"DS09","Icelandic River - Flow of Vatnsdalsa River (Daily)","mc.mars_SMOTEB",12,0.307223598159119,0.315137596489111,0.311130279783348
"DS09","Icelandic River - Flow of Vatnsdalsa River (Daily)","mc.mars_SMOTEB",13,0.269119381086012,0.299931078451837,0.283691067632113
"DS09","Icelandic River - Flow of Vatnsdalsa River (Daily)","mc.mars_SMOTEB",14,0.293934416755759,0.288834642614938,0.291362215789416
"DS09","Icelandic River - Flow of Vatnsdalsa River (Daily)","mc.mars_SMOTEB",15,0.293821583148693,0.310516089652668,0.301938247973088
"DS09","Icelandic River - Flow of Vatnsdalsa River (Daily)","mc.mars_SMOTEB",16,0.31074243331682,0.315199928846581,0.312955309599277
"DS09","Icelandic River - Flow of Vatnsdalsa River (Daily)","mc.mars_SMOTEB",17,0.317089163448619,0.308059054741681,0.312508890271128
"DS09","Icelandic River - Flow of Vatnsdalsa River (Daily)","mc.mars_SMOTEB",18,0.274560845061713,0.27069311718017,0.272613263367379
"DS09","Icelandic River - Flow of Vatnsdalsa River (Daily)","mc.mars_SMOTEB",19,0.288832291571807,0.291871371024553,0.290343878873807
"DS09","Icelandic River - Flow of Vatnsdalsa River (Daily)","mc.mars_SMOTEB",20,0.307812924927696,0.309986082426508,0.308895681549307
"DS09","Icelandic River - Flow of Vatnsdalsa River (Daily)","mc.mars_SMOTEB",21,0.288092446318405,0.296265928496443,0.292122025729082
"DS09","Icelandic River - Flow of Vatnsdalsa River (Daily)","mc.mars_SMOTEB",22,0.31151436892736,0.313700481685436,0.312603603349045
"DS09","Icelandic River - Flow of Vatnsdalsa River (Daily)","mc.mars_SMOTEB",23,0.238354315141964,0.257057333943686,0.247352781863123
"DS09","Icelandic River - Flow of Vatnsdalsa River (Daily)","mc.mars_SMOTEB",24,0.230146163703538,0.284039068678411,0.254268298198433
"DS09","Icelandic River - Flow of Vatnsdalsa River (Daily)","mc.mars_SMOTEB",25,0.313139958538435,0.328237877036153,0.320511216648963
"DS09","Icelandic River - Flow of Vatnsdalsa River (Daily)","mc.mars_SMOTEB",26,0.255499401450171,0.243657909714718,0.249438197931735
"DS09","Icelandic River - Flow of Vatnsdalsa River (Daily)","mc.mars_SMOTEB",27,0.246564851800885,0.297706055072981,0.269732768818771
"DS09","Icelandic River - Flow of Vatnsdalsa River (Daily)","mc.mars_SMOTEB",28,0.241408732651584,0.268537677809387,0.254251580712421
"DS09","Icelandic River - Flow of Vatnsdalsa River (Daily)","mc.mars_SMOTEB",29,0.245477724429047,0.283468704427111,0.263108884807464
"DS09","Icelandic River - Flow of Vatnsdalsa River (Daily)","mc.mars_SMOTEB",30,0.25343979923602,0.262780589100393,0.258025685344784
"DS09","Icelandic River - Flow of Vatnsdalsa River (Daily)","mc.mars_SMOTEB",31,0.270590864496209,0.248216561477209,0.258921251276907
"DS09","Icelandic River - Flow of Vatnsdalsa River (Daily)","mc.mars_SMOTEB",32,0.300069041809852,0.315076529382537,0.30738971942959
"DS09","Icelandic River - Flow of Vatnsdalsa River (Daily)","mc.mars_SMOTEB",33,0.218185038733543,0.253830835683396,0.234661983704512
"DS09","Icelandic River - Flow of Vatnsdalsa River (Daily)","mc.mars_SMOTEB",34,0.196096015170207,0.257891174649922,0.22278792367005
"DS09","Icelandic River - Flow of Vatnsdalsa River (Daily)","mc.mars_SMOTEB",35,0.30504990336014,0.327968534613262,0.31609433086733
"DS09","Icelandic River - Flow of Vatnsdalsa River (Daily)","mc.mars_SMOTEB",36,0.274731068390606,0.288500605595384,0.281447522457795
"DS09","Icelandic River - Flow of Vatnsdalsa River (Daily)","mc.mars_SMOTEB",37,0.287057673162614,0.28575888914878,0.286406808747228
"DS09","Icelandic River - Flow of Vatnsdalsa River (Daily)","mc.mars_SMOTEB",38,0.194052027486742,0.266674582082275,0.224639698499954
"DS09","Icelandic River - Flow of Vatnsdalsa River (Daily)","mc.mars_SMOTEB",39,0.293444633423965,0.288247893154249,0.290823049900421
"DS09","Icelandic River - Flow of Vatnsdalsa River (Daily)","mc.mars_SMOTEB",40,0.239144621237342,0.270718099848392,0.253953759602088
"DS09","Icelandic River - Flow of Vatnsdalsa River (Daily)","mc.mars_SMOTEB",41,0.227725059349417,0.243753281548774,0.235466725370937
"DS09","Icelandic River - Flow of Vatnsdalsa River (Daily)","mc.mars_SMOTEB",42,0.249668210344853,0.284190072877753,0.26581296618592
"DS09","Icelandic River - Flow of Vatnsdalsa River (Daily)","mc.mars_SMOTEB",43,0.299270657063456,0.320577675247788,0.309557956390876
"DS09","Icelandic River - Flow of Vatnsdalsa River (Daily)","mc.mars_SMOTEB",44,0.256241680696076,0.282424952664546,0.268696964167907
"DS09","Icelandic River - Flow of Vatnsdalsa River (Daily)","mc.mars_SMOTEB",45,0.300956187308524,0.339562230152678,0.319095755421958
"DS09","Icelandic River - Flow of Vatnsdalsa River (Daily)","mc.mars_SMOTEB",46,0.266415472295842,0.279516287030081,0.272808688453832
"DS09","Icelandic River - Flow of Vatnsdalsa River (Daily)","mc.mars_SMOTEB",47,0.211642257626352,0.23058979119587,0.220710118700157
"DS09","Icelandic River - Flow of Vatnsdalsa River (Daily)","mc.mars_SMOTEB",48,0.245668130846364,0.247002437860041,0.246333477491458
"DS09","Icelandic River - Flow of Vatnsdalsa River (Daily)","mc.mars_SMOTEB",49,0.271591875741462,0.272972872615466,0.272280623098935
"DS09","Icelandic River - Flow of Vatnsdalsa River (Daily)","mc.mars_SMOTEB",50,0.260916823155498,0.218930152391499,0.238086568284911
"DS09","Icelandic River - Flow of Vatnsdalsa River (Daily)","mc.mars_SMOTET",1,0.347669737092003,0.370910517594698,0.358914293276903
"DS09","Icelandic River - Flow of Vatnsdalsa River (Daily)","mc.mars_SMOTET",2,0.341474744245476,0.345402841908825,0.343427561125807
"DS09","Icelandic River - Flow of Vatnsdalsa River (Daily)","mc.mars_SMOTET",3,0.289870031830186,0.280950757447182,0.285340711248543
"DS09","Icelandic River - Flow of Vatnsdalsa River (Daily)","mc.mars_SMOTET",4,0.360694258069869,0.351456173865683,0.35601529730738
"DS09","Icelandic River - Flow of Vatnsdalsa River (Daily)","mc.mars_SMOTET",5,0.292042603829818,0.285733220087148,0.288853462331513
"DS09","Icelandic River - Flow of Vatnsdalsa River (Daily)","mc.mars_SMOTET",6,0.305170845582426,0.297281210801338,0.301174367369814
"DS09","Icelandic River - Flow of Vatnsdalsa River (Daily)","mc.mars_SMOTET",7,0.286468522295373,0.278146238180292,0.282246046016926
"DS09","Icelandic River - Flow of Vatnsdalsa River (Daily)","mc.mars_SMOTET",8,0.299061437239165,0.317532488635537,0.308020298081139
"DS09","Icelandic River - Flow of Vatnsdalsa River (Daily)","mc.mars_SMOTET",9,0.332700871056258,0.318304837817497,0.325343680891864
"DS09","Icelandic River - Flow of Vatnsdalsa River (Daily)","mc.mars_SMOTET",10,0.36884736618269,0.34367635350235,0.355817257184496
"DS09","Icelandic River - Flow of Vatnsdalsa River (Daily)","mc.mars_SMOTET",11,0.297755521126835,0.275756574419869,0.286334126718876
"DS09","Icelandic River - Flow of Vatnsdalsa River (Daily)","mc.mars_SMOTET",12,0.318876825557422,0.30098271599467,0.309671487136302
"DS09","Icelandic River - Flow of Vatnsdalsa River (Daily)","mc.mars_SMOTET",13,0.207487360491518,0.246333051916942,0.22524766778478
"DS09","Icelandic River - Flow of Vatnsdalsa River (Daily)","mc.mars_SMOTET",14,0.29200352988564,0.255878174921812,0.272749864221596
"DS09","Icelandic River - Flow of Vatnsdalsa River (Daily)","mc.mars_SMOTET",15,0.29282446871643,0.274534748463575,0.28338480958366
"DS09","Icelandic River - Flow of Vatnsdalsa River (Daily)","mc.mars_SMOTET",16,0.314171115612903,0.314322737189437,0.314246908112127
"DS09","Icelandic River - Flow of Vatnsdalsa River (Daily)","mc.mars_SMOTET",17,0.262014057550248,0.282792213632924,0.272006910554328
"DS09","Icelandic River - Flow of Vatnsdalsa River (Daily)","mc.mars_SMOTET",18,0.342009361307642,0.313883538550562,0.32734340794928
"DS09","Icelandic River - Flow of Vatnsdalsa River (Daily)","mc.mars_SMOTET",19,0.238682863230656,0.255503413604668,0.246806879037195
"DS09","Icelandic River - Flow of Vatnsdalsa River (Daily)","mc.mars_SMOTET",20,0.273760745282183,0.302149354364332,0.287255363252286
"DS09","Icelandic River - Flow of Vatnsdalsa River (Daily)","mc.mars_SMOTET",21,0.254623047941685,0.288171506343594,0.270360513737168
"DS09","Icelandic River - Flow of Vatnsdalsa River (Daily)","mc.mars_SMOTET",22,0.299201551602037,0.314075973707873,0.30645838067139
"DS09","Icelandic River - Flow of Vatnsdalsa River (Daily)","mc.mars_SMOTET",23,0.32956263456763,0.334683871804145,0.332103511214661
"DS09","Icelandic River - Flow of Vatnsdalsa River (Daily)","mc.mars_SMOTET",24,0.305184681670865,0.313099538636817,0.309091449827462
"DS09","Icelandic River - Flow of Vatnsdalsa River (Daily)","mc.mars_SMOTET",25,0.310767293022743,0.290546661086609,0.300316993296523
"DS09","Icelandic River - Flow of Vatnsdalsa River (Daily)","mc.mars_SMOTET",26,0.330229396321881,0.312583420091429,0.321164206690774
"DS09","Icelandic River - Flow of Vatnsdalsa River (Daily)","mc.mars_SMOTET",27,0.236786460404466,0.270865231400623,0.252681988163709
"DS09","Icelandic River - Flow of Vatnsdalsa River (Daily)","mc.mars_SMOTET",28,0.30449764773933,0.299804711577946,0.302132957282476
"DS09","Icelandic River - Flow of Vatnsdalsa River (Daily)","mc.mars_SMOTET",29,0.318694684397486,0.303869645335791,0.311105651554934
"DS09","Icelandic River - Flow of Vatnsdalsa River (Daily)","mc.mars_SMOTET",30,0.334079664514767,0.35593004835455,0.344658890816319
"DS09","Icelandic River - Flow of Vatnsdalsa River (Daily)","mc.mars_SMOTET",31,0.29653756569622,0.290215555534005,0.293342502157607
"DS09","Icelandic River - Flow of Vatnsdalsa River (Daily)","mc.mars_SMOTET",32,0.280648572507302,0.265612281177677,0.27292348353379
"DS09","Icelandic River - Flow of Vatnsdalsa River (Daily)","mc.mars_SMOTET",33,0.235656306729185,0.238933613276803,0.23728364419354
"DS09","Icelandic River - Flow of Vatnsdalsa River (Daily)","mc.mars_SMOTET",34,0.183541283651942,0.22871268879545,0.203652230394752
"DS09","Icelandic River - Flow of Vatnsdalsa River (Daily)","mc.mars_SMOTET",35,0.204379307161012,0.217363751432117,0.21067164954799
"DS09","Icelandic River - Flow of Vatnsdalsa River (Daily)","mc.mars_SMOTET",36,0.219413568764094,0.268696240773887,0.241566958703408
"DS09","Icelandic River - Flow of Vatnsdalsa River (Daily)","mc.mars_SMOTET",37,0.307795492680189,0.330381530447126,0.318688834762768
"DS09","Icelandic River - Flow of Vatnsdalsa River (Daily)","mc.mars_SMOTET",38,0.286446496102107,0.28274056051695,0.284581463770814
"DS09","Icelandic River - Flow of Vatnsdalsa River (Daily)","mc.mars_SMOTET",39,0.235870781737045,0.259018629581491,0.24690334950214
"DS09","Icelandic River - Flow of Vatnsdalsa River (Daily)","mc.mars_SMOTET",40,0.254084067038123,0.268029377785275,0.260870487318768
"DS09","Icelandic River - Flow of Vatnsdalsa River (Daily)","mc.mars_SMOTET",41,0.238591750865243,0.26112275416621,0.249349316379556
"DS09","Icelandic River - Flow of Vatnsdalsa River (Daily)","mc.mars_SMOTET",42,0.232168271461098,0.243624609531545,0.237758515269582
"DS09","Icelandic River - Flow of Vatnsdalsa River (Daily)","mc.mars_SMOTET",43,0.237529647980208,0.241420554982873,0.239459296960309
"DS09","Icelandic River - Flow of Vatnsdalsa River (Daily)","mc.mars_SMOTET",44,0.238589113206502,0.255075452140129,0.246556995169904
"DS09","Icelandic River - Flow of Vatnsdalsa River (Daily)","mc.mars_SMOTET",45,0.233951604972192,0.227531099107849,0.230696688507466
"DS09","Icelandic River - Flow of Vatnsdalsa River (Daily)","mc.mars_SMOTET",46,0.279816390425209,0.272602210940371,0.276162194751245
"DS09","Icelandic River - Flow of Vatnsdalsa River (Daily)","mc.mars_SMOTET",47,0.295557878530143,0.281884791932157,0.288559454834464
"DS09","Icelandic River - Flow of Vatnsdalsa River (Daily)","mc.mars_SMOTET",48,0.308833145929875,0.293267828074327,0.300849292243743
"DS09","Icelandic River - Flow of Vatnsdalsa River (Daily)","mc.mars_SMOTET",49,0.250269029780661,0.202166562993839,0.223660695058431
"DS09","Icelandic River - Flow of Vatnsdalsa River (Daily)","mc.mars_SMOTET",50,0.265906072704385,0.234374504590593,0.24914660646909
"DS09","Icelandic River - Flow of Vatnsdalsa River (Daily)","mc.mars_SMOTETPhi",1,0.346000017719934,0.348686162708587,0.347337896952106
"DS09","Icelandic River - Flow of Vatnsdalsa River (Daily)","mc.mars_SMOTETPhi",2,0.335229086087431,0.351444860413431,0.343145505860171
"DS09","Icelandic River - Flow of Vatnsdalsa River (Daily)","mc.mars_SMOTETPhi",3,0.283127593897179,0.29228300155921,0.287632461487326
"DS09","Icelandic River - Flow of Vatnsdalsa River (Daily)","mc.mars_SMOTETPhi",4,0.357581792852928,0.352264397064942,0.354903178885307
"DS09","Icelandic River - Flow of Vatnsdalsa River (Daily)","mc.mars_SMOTETPhi",5,0.29014945959403,0.278692354249606,0.284305527514328
"DS09","Icelandic River - Flow of Vatnsdalsa River (Daily)","mc.mars_SMOTETPhi",6,0.302300457346,0.295137739365518,0.298676161254356
"DS09","Icelandic River - Flow of Vatnsdalsa River (Daily)","mc.mars_SMOTETPhi",7,0.288078857787058,0.275396699930745,0.281595060043782
"DS09","Icelandic River - Flow of Vatnsdalsa River (Daily)","mc.mars_SMOTETPhi",8,0.307861461083134,0.315191210328908,0.31148322119382
"DS09","Icelandic River - Flow of Vatnsdalsa River (Daily)","mc.mars_SMOTETPhi",9,0.316934468233821,0.292898317705059,0.304442708587785
"DS09","Icelandic River - Flow of Vatnsdalsa River (Daily)","mc.mars_SMOTETPhi",10,0.306643778431867,0.290906711292111,0.298568019458931
"DS09","Icelandic River - Flow of Vatnsdalsa River (Daily)","mc.mars_SMOTETPhi",11,0.305221754477936,0.254639973222635,0.27764590984435
"DS09","Icelandic River - Flow of Vatnsdalsa River (Daily)","mc.mars_SMOTETPhi",12,0.292520046813547,0.260498711289657,0.275582316530025
"DS09","Icelandic River - Flow of Vatnsdalsa River (Daily)","mc.mars_SMOTETPhi",13,0.229377540683633,0.246920116462296,0.237825772223292
"DS09","Icelandic River - Flow of Vatnsdalsa River (Daily)","mc.mars_SMOTETPhi",14,0.293152785627346,0.274694875510138,0.283623843028763
"DS09","Icelandic River - Flow of Vatnsdalsa River (Daily)","mc.mars_SMOTETPhi",15,0.304104031993544,0.309379534285216,0.306719100441783
"DS09","Icelandic River - Flow of Vatnsdalsa River (Daily)","mc.mars_SMOTETPhi",16,0.331915121884267,0.330109101827331,0.331009648419924
"DS09","Icelandic River - Flow of Vatnsdalsa River (Daily)","mc.mars_SMOTETPhi",17,0.313354043701354,0.334370058011293,0.323521108735822
"DS09","Icelandic River - Flow of Vatnsdalsa River (Daily)","mc.mars_SMOTETPhi",18,0.343117132876076,0.323884810722705,0.3332236995823
"DS09","Icelandic River - Flow of Vatnsdalsa River (Daily)","mc.mars_SMOTETPhi",19,0.283943703415272,0.294800877026206,0.28927045063312
"DS09","Icelandic River - Flow of Vatnsdalsa River (Daily)","mc.mars_SMOTETPhi",20,0.282666355349181,0.300278469734011,0.291206361142083
"DS09","Icelandic River - Flow of Vatnsdalsa River (Daily)","mc.mars_SMOTETPhi",21,0.254798852963708,0.277664670634655,0.265740793315343
"DS09","Icelandic River - Flow of Vatnsdalsa River (Daily)","mc.mars_SMOTETPhi",22,0.294953706166191,0.296290302128949,0.295620493359517
"DS09","Icelandic River - Flow of Vatnsdalsa River (Daily)","mc.mars_SMOTETPhi",23,0.27774185308402,0.279675183140648,0.278705165357695
"DS09","Icelandic River - Flow of Vatnsdalsa River (Daily)","mc.mars_SMOTETPhi",24,0.296545763769751,0.295270744726758,0.295906880787446
"DS09","Icelandic River - Flow of Vatnsdalsa River (Daily)","mc.mars_SMOTETPhi",25,0.300804085431837,0.300398211172566,0.300601011298471
"DS09","Icelandic River - Flow of Vatnsdalsa River (Daily)","mc.mars_SMOTETPhi",26,0.356578708975733,0.308248268246082,0.330656767252455
"DS09","Icelandic River - Flow of Vatnsdalsa River (Daily)","mc.mars_SMOTETPhi",27,0.283612814376283,0.264645893496513,0.273801275164011
"DS09","Icelandic River - Flow of Vatnsdalsa River (Daily)","mc.mars_SMOTETPhi",28,0.29753443356055,0.29231807254908,0.29490318760886
"DS09","Icelandic River - Flow of Vatnsdalsa River (Daily)","mc.mars_SMOTETPhi",29,0.295385004721765,0.293484079010388,0.294431473681093
"DS09","Icelandic River - Flow of Vatnsdalsa River (Daily)","mc.mars_SMOTETPhi",30,0.304354253742489,0.278785605109505,0.291009381400517
"DS09","Icelandic River - Flow of Vatnsdalsa River (Daily)","mc.mars_SMOTETPhi",31,0.255812830080131,0.287072982537907,0.270542903850886
"DS09","Icelandic River - Flow of Vatnsdalsa River (Daily)","mc.mars_SMOTETPhi",32,0.236097925332255,0.281945041592436,0.256992734687072
"DS09","Icelandic River - Flow of Vatnsdalsa River (Daily)","mc.mars_SMOTETPhi",33,0.226392363680927,0.259622081987869,0.241871233782427
"DS09","Icelandic River - Flow of Vatnsdalsa River (Daily)","mc.mars_SMOTETPhi",34,0.175873750287813,0.228144911094717,0.198627959342289
"DS09","Icelandic River - Flow of Vatnsdalsa River (Daily)","mc.mars_SMOTETPhi",35,0.308594043076655,0.313037802993416,0.310800039837993
"DS09","Icelandic River - Flow of Vatnsdalsa River (Daily)","mc.mars_SMOTETPhi",36,0.324812747118113,0.340199898197084,0.332328307683
"DS09","Icelandic River - Flow of Vatnsdalsa River (Daily)","mc.mars_SMOTETPhi",37,0.333128997916133,0.34413731668818,0.338543692434664
"DS09","Icelandic River - Flow of Vatnsdalsa River (Daily)","mc.mars_SMOTETPhi",38,0.306505559768951,0.321219772466014,0.313690211666327
"DS09","Icelandic River - Flow of Vatnsdalsa River (Daily)","mc.mars_SMOTETPhi",39,0.236175988550839,0.251703136886513,0.243692480682504
"DS09","Icelandic River - Flow of Vatnsdalsa River (Daily)","mc.mars_SMOTETPhi",40,0.257591705610744,0.257699976725766,0.257645829793499
"DS09","Icelandic River - Flow of Vatnsdalsa River (Daily)","mc.mars_SMOTETPhi",41,0.303786172384671,0.312040574536402,0.307858053392658
"DS09","Icelandic River - Flow of Vatnsdalsa River (Daily)","mc.mars_SMOTETPhi",42,0.24677278113748,0.258114211984137,0.252316113546984
"DS09","Icelandic River - Flow of Vatnsdalsa River (Daily)","mc.mars_SMOTETPhi",43,0.253698893326772,0.255219676254693,0.254457012540463
"DS09","Icelandic River - Flow of Vatnsdalsa River (Daily)","mc.mars_SMOTETPhi",44,0.247624146303125,0.26337505662691,0.255256850424893
"DS09","Icelandic River - Flow of Vatnsdalsa River (Daily)","mc.mars_SMOTETPhi",45,0.229946140426234,0.232663929382757,0.231297051532219
"DS09","Icelandic River - Flow of Vatnsdalsa River (Daily)","mc.mars_SMOTETPhi",46,0.275796017934575,0.270603732992537,0.273175205043343
"DS09","Icelandic River - Flow of Vatnsdalsa River (Daily)","mc.mars_SMOTETPhi",47,0.284601990233523,0.278790692780518,0.281666370246206
"DS09","Icelandic River - Flow of Vatnsdalsa River (Daily)","mc.mars_SMOTETPhi",48,0.291386106738471,0.28936113844503,0.290370092229253
"DS09","Icelandic River - Flow of Vatnsdalsa River (Daily)","mc.mars_SMOTETPhi",49,0.28279360564647,0.271094352089668,0.276820422712104
"DS09","Icelandic River - Flow of Vatnsdalsa River (Daily)","mc.mars_SMOTETPhi",50,0.25726630783454,0.232260427252759,0.244124695517331
"DS09","Icelandic River - Flow of Vatnsdalsa River (Daily)","mc.rf",1,0.244778013798266,0.329317654845922,0.280823304771692
"DS09","Icelandic River - Flow of Vatnsdalsa River (Daily)","mc.rf",2,0.242693765250551,0.315299753201955,0.274273022021366
"DS09","Icelandic River - Flow of Vatnsdalsa River (Daily)","mc.rf",3,0.23807343471508,0.274212242102058,0.254868145928909
"DS09","Icelandic River - Flow of Vatnsdalsa River (Daily)","mc.rf",4,0.224986938838233,0.263603852243614,0.242769306604969
"DS09","Icelandic River - Flow of Vatnsdalsa River (Daily)","mc.rf",5,0.238400043324259,0.264959116938902,0.250978903113108
"DS09","Icelandic River - Flow of Vatnsdalsa River (Daily)","mc.rf",6,0.229623607050593,0.268966373372906,0.247742759598754
"DS09","Icelandic River - Flow of Vatnsdalsa River (Daily)","mc.rf",7,0.251984818006529,0.273312309482612,0.262215606977001
"DS09","Icelandic River - Flow of Vatnsdalsa River (Daily)","mc.rf",8,0.238978591768919,0.26812724208919,0.252715178769912
"DS09","Icelandic River - Flow of Vatnsdalsa River (Daily)","mc.rf",9,0.244578350625914,0.268245658634877,0.255865870422289
"DS09","Icelandic River - Flow of Vatnsdalsa River (Daily)","mc.rf",10,0.251804230391262,0.271601895487073,0.261328642843694
"DS09","Icelandic River - Flow of Vatnsdalsa River (Daily)","mc.rf",11,0.289526102159682,0.271695292313732,0.280327442016135
"DS09","Icelandic River - Flow of Vatnsdalsa River (Daily)","mc.rf",12,0.272240147613765,0.270396466844917,0.27131517515284
"DS09","Icelandic River - Flow of Vatnsdalsa River (Daily)","mc.rf",13,0.249826776746144,0.260298139553212,0.254954985023455
"DS09","Icelandic River - Flow of Vatnsdalsa River (Daily)","mc.rf",14,0.261993990970681,0.25930053216244,0.260640303196551
"DS09","Icelandic River - Flow of Vatnsdalsa River (Daily)","mc.rf",15,0.274384335990646,0.265669918118474,0.269956818304769
"DS09","Icelandic River - Flow of Vatnsdalsa River (Daily)","mc.rf",16,0.26701873347126,0.272457300071856,0.269710603128662
"DS09","Icelandic River - Flow of Vatnsdalsa River (Daily)","mc.rf",17,0.289569816768815,0.265072825911262,0.276780340071293
"DS09","Icelandic River - Flow of Vatnsdalsa River (Daily)","mc.rf",18,0.263705701282497,0.262306037617892,0.263004007268964
"DS09","Icelandic River - Flow of Vatnsdalsa River (Daily)","mc.rf",19,0.25960384382757,0.253125162311465,0.256323571784487
"DS09","Icelandic River - Flow of Vatnsdalsa River (Daily)","mc.rf",20,0.25160253256689,0.261162464980657,0.256293381626354
"DS09","Icelandic River - Flow of Vatnsdalsa River (Daily)","mc.rf",21,0.24907062376581,0.25672845761887,0.252841570619361
"DS09","Icelandic River - Flow of Vatnsdalsa River (Daily)","mc.rf",22,0.219342536064873,0.247428323784276,0.232540463432799
"DS09","Icelandic River - Flow of Vatnsdalsa River (Daily)","mc.rf",23,0.226187309896726,0.256264558412075,0.240288388942455
"DS09","Icelandic River - Flow of Vatnsdalsa River (Daily)","mc.rf",24,0.224028146559975,0.249598101293018,0.236122893403997
"DS09","Icelandic River - Flow of Vatnsdalsa River (Daily)","mc.rf",25,0.25134749467354,0.263723233299337,0.25738668643769
"DS09","Icelandic River - Flow of Vatnsdalsa River (Daily)","mc.rf",26,0.274089208998135,0.273633815499686,0.273861322934942
"DS09","Icelandic River - Flow of Vatnsdalsa River (Daily)","mc.rf",27,0.270404787651275,0.277462507523124,0.273888188212066
"DS09","Icelandic River - Flow of Vatnsdalsa River (Daily)","mc.rf",28,0.234213172864789,0.256603833120569,0.244897781419693
"DS09","Icelandic River - Flow of Vatnsdalsa River (Daily)","mc.rf",29,0.23318631305593,0.254753948283863,0.243493470998436
"DS09","Icelandic River - Flow of Vatnsdalsa River (Daily)","mc.rf",30,0.221899351749089,0.255570202103961,0.237547553411988
"DS09","Icelandic River - Flow of Vatnsdalsa River (Daily)","mc.rf",31,0.228876912842705,0.251587407679366,0.23969542261612
"DS09","Icelandic River - Flow of Vatnsdalsa River (Daily)","mc.rf",32,0.189685374003501,0.245694386008132,0.214087267167715
"DS09","Icelandic River - Flow of Vatnsdalsa River (Daily)","mc.rf",33,0.201552963510089,0.249299411620993,0.22289795057162
"DS09","Icelandic River - Flow of Vatnsdalsa River (Daily)","mc.rf",34,0.20016144692386,0.238032200279777,0.217460339402542
"DS09","Icelandic River - Flow of Vatnsdalsa River (Daily)","mc.rf",35,0.191319449136087,0.237678124901249,0.211993963042073
"DS09","Icelandic River - Flow of Vatnsdalsa River (Daily)","mc.rf",36,0.204853821413125,0.243869643928097,0.222665549470828
"DS09","Icelandic River - Flow of Vatnsdalsa River (Daily)","mc.rf",37,0.18940429076487,0.230519131385208,0.20794892727915
"DS09","Icelandic River - Flow of Vatnsdalsa River (Daily)","mc.rf",38,0.197149043740672,0.247136858591746,0.219330818685225
"DS09","Icelandic River - Flow of Vatnsdalsa River (Daily)","mc.rf",39,0.219384449461667,0.248687093471517,0.233118555969376
"DS09","Icelandic River - Flow of Vatnsdalsa River (Daily)","mc.rf",40,0.215397404162311,0.248631500521011,0.230824326953316
"DS09","Icelandic River - Flow of Vatnsdalsa River (Daily)","mc.rf",41,0.232672153084283,0.255558817947404,0.24357905966452
"DS09","Icelandic River - Flow of Vatnsdalsa River (Daily)","mc.rf",42,0.207631089940959,0.246309840210631,0.225322623227822
"DS09","Icelandic River - Flow of Vatnsdalsa River (Daily)","mc.rf",43,0.225472225706692,0.250305203440653,0.237240641813852
"DS09","Icelandic River - Flow of Vatnsdalsa River (Daily)","mc.rf",44,0.213485314455164,0.248847628420242,0.22981409836086
"DS09","Icelandic River - Flow of Vatnsdalsa River (Daily)","mc.rf",45,0.229836084934758,0.254339679703009,0.24146783253488
"DS09","Icelandic River - Flow of Vatnsdalsa River (Daily)","mc.rf",46,0.215566343679757,0.238988813786777,0.226674118298485
"DS09","Icelandic River - Flow of Vatnsdalsa River (Daily)","mc.rf",47,0.211882213954909,0.243660780301586,0.226663064673153
"DS09","Icelandic River - Flow of Vatnsdalsa River (Daily)","mc.rf",48,0.212152868696572,0.237517845936212,0.22411996486428
"DS09","Icelandic River - Flow of Vatnsdalsa River (Daily)","mc.rf",49,0.214870687180675,0.231466975679146,0.2228602793909
"DS09","Icelandic River - Flow of Vatnsdalsa River (Daily)","mc.rf",50,0.19288684910571,0.228487687813156,0.209183357323818
"DS09","Icelandic River - Flow of Vatnsdalsa River (Daily)","mc.rf_UNDERB",1,0.319165810740134,0.32865493022093,0.323840873331995
"DS09","Icelandic River - Flow of Vatnsdalsa River (Daily)","mc.rf_UNDERB",2,0.236634168793101,0.327377376285453,0.274705984283299
"DS09","Icelandic River - Flow of Vatnsdalsa River (Daily)","mc.rf_UNDERB",3,0.19996360595992,0.268031655026749,0.229047517009284
"DS09","Icelandic River - Flow of Vatnsdalsa River (Daily)","mc.rf_UNDERB",4,0.241003410390538,0.261572343046552,0.250866964062379
"DS09","Icelandic River - Flow of Vatnsdalsa River (Daily)","mc.rf_UNDERB",5,0.253969823806293,0.280318131910319,0.266494296976941
"DS09","Icelandic River - Flow of Vatnsdalsa River (Daily)","mc.rf_UNDERB",6,0.243690303840626,0.268175556410357,0.255347300529967
"DS09","Icelandic River - Flow of Vatnsdalsa River (Daily)","mc.rf_UNDERB",7,0.267144052122303,0.274356367909612,0.270702179121528
"DS09","Icelandic River - Flow of Vatnsdalsa River (Daily)","mc.rf_UNDERB",8,0.240225217615723,0.273858212039619,0.255941525394726
"DS09","Icelandic River - Flow of Vatnsdalsa River (Daily)","mc.rf_UNDERB",9,0.304203793292271,0.277904462892201,0.290460033461088
"DS09","Icelandic River - Flow of Vatnsdalsa River (Daily)","mc.rf_UNDERB",10,0.222538376016775,0.264415772828842,0.241676374738954
"DS09","Icelandic River - Flow of Vatnsdalsa River (Daily)","mc.rf_UNDERB",11,0.2983576486368,0.266290060478101,0.281413260045407
"DS09","Icelandic River - Flow of Vatnsdalsa River (Daily)","mc.rf_UNDERB",12,0.261490939934341,0.266075284941684,0.263763194351756
"DS09","Icelandic River - Flow of Vatnsdalsa River (Daily)","mc.rf_UNDERB",13,0.222286690293677,0.272656680215506,0.244908628513257
"DS09","Icelandic River - Flow of Vatnsdalsa River (Daily)","mc.rf_UNDERB",14,0.251940348479645,0.249717250326836,0.250823873567961
"DS09","Icelandic River - Flow of Vatnsdalsa River (Daily)","mc.rf_UNDERB",15,0.263175143447031,0.266112429804596,0.264635636376703
"DS09","Icelandic River - Flow of Vatnsdalsa River (Daily)","mc.rf_UNDERB",16,0.258355626456148,0.26432456911735,0.261306015496283
"DS09","Icelandic River - Flow of Vatnsdalsa River (Daily)","mc.rf_UNDERB",17,0.288749112485156,0.261287029076571,0.274332510352963
"DS09","Icelandic River - Flow of Vatnsdalsa River (Daily)","mc.rf_UNDERB",18,0.236989713887688,0.253744696426512,0.245081175245629
"DS09","Icelandic River - Flow of Vatnsdalsa River (Daily)","mc.rf_UNDERB",19,0.254276986143561,0.265254856698992,0.259649938499737
"DS09","Icelandic River - Flow of Vatnsdalsa River (Daily)","mc.rf_UNDERB",20,0.272671090002691,0.267764062195849,0.270195298753136
"DS09","Icelandic River - Flow of Vatnsdalsa River (Daily)","mc.rf_UNDERB",21,0.241224394092233,0.250765479869658,0.245902422558769
"DS09","Icelandic River - Flow of Vatnsdalsa River (Daily)","mc.rf_UNDERB",22,0.239277089266935,0.261812759117297,0.250038172341882
"DS09","Icelandic River - Flow of Vatnsdalsa River (Daily)","mc.rf_UNDERB",23,0.202234628841295,0.25021243201694,0.223679730505658
"DS09","Icelandic River - Flow of Vatnsdalsa River (Daily)","mc.rf_UNDERB",24,0.234675277587582,0.254019752074716,0.243964649577289
"DS09","Icelandic River - Flow of Vatnsdalsa River (Daily)","mc.rf_UNDERB",25,0.233629050696569,0.255431626628069,0.24404435365137
"DS09","Icelandic River - Flow of Vatnsdalsa River (Daily)","mc.rf_UNDERB",26,0.294893188441393,0.28099458198254,0.287776169146946
"DS09","Icelandic River - Flow of Vatnsdalsa River (Daily)","mc.rf_UNDERB",27,0.269413929044149,0.277965560309264,0.273622944222253
"DS09","Icelandic River - Flow of Vatnsdalsa River (Daily)","mc.rf_UNDERB",28,0.232241866935557,0.255363447993159,0.2432544604962
"DS09","Icelandic River - Flow of Vatnsdalsa River (Daily)","mc.rf_UNDERB",29,0.246634122418506,0.265044362669747,0.255508041452048
"DS09","Icelandic River - Flow of Vatnsdalsa River (Daily)","mc.rf_UNDERB",30,0.219706747114999,0.268268828258761,0.241571400633894
"DS09","Icelandic River - Flow of Vatnsdalsa River (Daily)","mc.rf_UNDERB",31,0.23589868863846,0.262984355305561,0.248706246091514
"DS09","Icelandic River - Flow of Vatnsdalsa River (Daily)","mc.rf_UNDERB",32,0.211310047991984,0.255408208510211,0.231275807388886
"DS09","Icelandic River - Flow of Vatnsdalsa River (Daily)","mc.rf_UNDERB",33,0.277831029364945,0.270114860556639,0.273918615452922
"DS09","Icelandic River - Flow of Vatnsdalsa River (Daily)","mc.rf_UNDERB",34,0.240732693809371,0.258524321381544,0.24931149451198
"DS09","Icelandic River - Flow of Vatnsdalsa River (Daily)","mc.rf_UNDERB",35,0.209402463289541,0.244019403039488,0.225389500954646
"DS09","Icelandic River - Flow of Vatnsdalsa River (Daily)","mc.rf_UNDERB",36,0.21863145333721,0.258709691961695,0.236988059810301
"DS09","Icelandic River - Flow of Vatnsdalsa River (Daily)","mc.rf_UNDERB",37,0.236245464388315,0.249235609873974,0.242566746752194
"DS09","Icelandic River - Flow of Vatnsdalsa River (Daily)","mc.rf_UNDERB",38,0.202470716903846,0.255318464532172,0.225844186140266
"DS09","Icelandic River - Flow of Vatnsdalsa River (Daily)","mc.rf_UNDERB",39,0.20547707830878,0.247223516253796,0.22442544330271
"DS09","Icelandic River - Flow of Vatnsdalsa River (Daily)","mc.rf_UNDERB",40,0.230445595144678,0.249378745138079,0.239538633266966
"DS09","Icelandic River - Flow of Vatnsdalsa River (Daily)","mc.rf_UNDERB",41,0.220106322578734,0.240077016019418,0.229658332666641
"DS09","Icelandic River - Flow of Vatnsdalsa River (Daily)","mc.rf_UNDERB",42,0.236718136444984,0.245127858620926,0.240849609533677
"DS09","Icelandic River - Flow of Vatnsdalsa River (Daily)","mc.rf_UNDERB",43,0.252727519865538,0.253135412976313,0.252931301972437
"DS09","Icelandic River - Flow of Vatnsdalsa River (Daily)","mc.rf_UNDERB",44,0.203875928145328,0.243644316281121,0.221993135451602
"DS09","Icelandic River - Flow of Vatnsdalsa River (Daily)","mc.rf_UNDERB",45,0.235788227420706,0.245081744717682,0.240345180644907
"DS09","Icelandic River - Flow of Vatnsdalsa River (Daily)","mc.rf_UNDERB",46,0.25233521594333,0.252437868658015,0.252386531862735
"DS09","Icelandic River - Flow of Vatnsdalsa River (Daily)","mc.rf_UNDERB",47,0.25463650624324,0.254347294062151,0.25449181798536
"DS09","Icelandic River - Flow of Vatnsdalsa River (Daily)","mc.rf_UNDERB",48,0.268732504032308,0.242647014859795,0.255024448536804
"DS09","Icelandic River - Flow of Vatnsdalsa River (Daily)","mc.rf_UNDERB",49,0.225915576200339,0.234185672311378,0.229976298778687
"DS09","Icelandic River - Flow of Vatnsdalsa River (Daily)","mc.rf_UNDERB",50,0.273465627685892,0.242085204332013,0.256820387999382
"DS09","Icelandic River - Flow of Vatnsdalsa River (Daily)","mc.rf_UNDERT",1,0.325402739524231,0.318733716270693,0.322033704256737
"DS09","Icelandic River - Flow of Vatnsdalsa River (Daily)","mc.rf_UNDERT",2,0.281618682985986,0.311149103699979,0.295648322207765
"DS09","Icelandic River - Flow of Vatnsdalsa River (Daily)","mc.rf_UNDERT",3,0.234339380241099,0.27313656243713,0.25225492434145
"DS09","Icelandic River - Flow of Vatnsdalsa River (Daily)","mc.rf_UNDERT",4,0.226128242573124,0.266254986393701,0.244556551107045
"DS09","Icelandic River - Flow of Vatnsdalsa River (Daily)","mc.rf_UNDERT",5,0.252061098903356,0.254848303285713,0.253447038474513
"DS09","Icelandic River - Flow of Vatnsdalsa River (Daily)","mc.rf_UNDERT",6,0.243113362991104,0.261763187211462,0.252093818675935
"DS09","Icelandic River - Flow of Vatnsdalsa River (Daily)","mc.rf_UNDERT",7,0.250228351188917,0.270764354568688,0.260091618388134
"DS09","Icelandic River - Flow of Vatnsdalsa River (Daily)","mc.rf_UNDERT",8,0.264756642098176,0.27162544221711,0.268147061927455
"DS09","Icelandic River - Flow of Vatnsdalsa River (Daily)","mc.rf_UNDERT",9,0.233393680450523,0.274616181268468,0.25233242929827
"DS09","Icelandic River - Flow of Vatnsdalsa River (Daily)","mc.rf_UNDERT",10,0.274354359451504,0.277442086360823,0.275889583798809
"DS09","Icelandic River - Flow of Vatnsdalsa River (Daily)","mc.rf_UNDERT",11,0.315232633578638,0.282742776398955,0.298105067674667
"DS09","Icelandic River - Flow of Vatnsdalsa River (Daily)","mc.rf_UNDERT",12,0.269020125093984,0.271502612523309,0.270255668082842
"DS09","Icelandic River - Flow of Vatnsdalsa River (Daily)","mc.rf_UNDERT",13,0.279231180614959,0.27502296340448,0.277111096403329
"DS09","Icelandic River - Flow of Vatnsdalsa River (Daily)","mc.rf_UNDERT",14,0.266854074638276,0.272978035470045,0.269881319350627
"DS09","Icelandic River - Flow of Vatnsdalsa River (Daily)","mc.rf_UNDERT",15,0.299725148588057,0.264640467582523,0.281092260746836
"DS09","Icelandic River - Flow of Vatnsdalsa River (Daily)","mc.rf_UNDERT",16,0.246650820051719,0.256526046675869,0.25149152896762
"DS09","Icelandic River - Flow of Vatnsdalsa River (Daily)","mc.rf_UNDERT",17,0.24547325239764,0.247440824211967,0.246453111313236
"DS09","Icelandic River - Flow of Vatnsdalsa River (Daily)","mc.rf_UNDERT",18,0.232053248441605,0.252673201505999,0.241924645168199
"DS09","Icelandic River - Flow of Vatnsdalsa River (Daily)","mc.rf_UNDERT",19,0.228963514761342,0.247231877605744,0.237747280066163
"DS09","Icelandic River - Flow of Vatnsdalsa River (Daily)","mc.rf_UNDERT",20,0.253043683083345,0.255001682985202,0.254018909981834
"DS09","Icelandic River - Flow of Vatnsdalsa River (Daily)","mc.rf_UNDERT",21,0.245286533379139,0.260473648077759,0.252652069166723
"DS09","Icelandic River - Flow of Vatnsdalsa River (Daily)","mc.rf_UNDERT",22,0.254995302248436,0.263998949901113,0.25941902726085
"DS09","Icelandic River - Flow of Vatnsdalsa River (Daily)","mc.rf_UNDERT",23,0.201918422820035,0.248192631079977,0.222676889132149
"DS09","Icelandic River - Flow of Vatnsdalsa River (Daily)","mc.rf_UNDERT",24,0.226591301845834,0.245557505235288,0.23569346763051
"DS09","Icelandic River - Flow of Vatnsdalsa River (Daily)","mc.rf_UNDERT",25,0.220418438130687,0.249180183637855,0.233918518260238
"DS09","Icelandic River - Flow of Vatnsdalsa River (Daily)","mc.rf_UNDERT",26,0.293764321324255,0.300743736655609,0.297213060463338
"DS09","Icelandic River - Flow of Vatnsdalsa River (Daily)","mc.rf_UNDERT",27,0.264574969064913,0.292406322343884,0.277795304373113
"DS09","Icelandic River - Flow of Vatnsdalsa River (Daily)","mc.rf_UNDERT",28,0.242156794224641,0.271053866243078,0.255791784417724
"DS09","Icelandic River - Flow of Vatnsdalsa River (Daily)","mc.rf_UNDERT",29,0.208479201198684,0.26276407596766,0.232494965194425
"DS09","Icelandic River - Flow of Vatnsdalsa River (Daily)","mc.rf_UNDERT",30,0.232929774701613,0.270398337215014,0.250269445620065
"DS09","Icelandic River - Flow of Vatnsdalsa River (Daily)","mc.rf_UNDERT",31,0.195786474412448,0.265554899345764,0.225395164896303
"DS09","Icelandic River - Flow of Vatnsdalsa River (Daily)","mc.rf_UNDERT",32,0.231393994683516,0.277551632968487,0.252379734078097
"DS09","Icelandic River - Flow of Vatnsdalsa River (Daily)","mc.rf_UNDERT",33,0.236209359462409,0.266934343371271,0.250633725160978
"DS09","Icelandic River - Flow of Vatnsdalsa River (Daily)","mc.rf_UNDERT",34,0.233372497188541,0.251101923393683,0.241912804563782
"DS09","Icelandic River - Flow of Vatnsdalsa River (Daily)","mc.rf_UNDERT",35,0.229597718111286,0.253363069005049,0.240895675380036
"DS09","Icelandic River - Flow of Vatnsdalsa River (Daily)","mc.rf_UNDERT",36,0.203998173042059,0.243609892395533,0.222051284688435
"DS09","Icelandic River - Flow of Vatnsdalsa River (Daily)","mc.rf_UNDERT",37,0.238089564258295,0.243843374216428,0.240932121793567
"DS09","Icelandic River - Flow of Vatnsdalsa River (Daily)","mc.rf_UNDERT",38,0.204882846463117,0.240509497216244,0.221271295254016
"DS09","Icelandic River - Flow of Vatnsdalsa River (Daily)","mc.rf_UNDERT",39,0.225986464920855,0.24589147841877,0.23551914958664
"DS09","Icelandic River - Flow of Vatnsdalsa River (Daily)","mc.rf_UNDERT",40,0.190540345346422,0.238667297521751,0.211905589512809
"DS09","Icelandic River - Flow of Vatnsdalsa River (Daily)","mc.rf_UNDERT",41,0.263310927465072,0.25875042361969,0.261010756240482
"DS09","Icelandic River - Flow of Vatnsdalsa River (Daily)","mc.rf_UNDERT",42,0.222949267241079,0.24293671130722,0.232514238529663
"DS09","Icelandic River - Flow of Vatnsdalsa River (Daily)","mc.rf_UNDERT",43,0.238116120101513,0.242617879284447,0.240345921679185
"DS09","Icelandic River - Flow of Vatnsdalsa River (Daily)","mc.rf_UNDERT",44,0.256328212324417,0.239311366743641,0.247527668963206
"DS09","Icelandic River - Flow of Vatnsdalsa River (Daily)","mc.rf_UNDERT",45,0.200393867415836,0.238214758661242,0.217673679565378
"DS09","Icelandic River - Flow of Vatnsdalsa River (Daily)","mc.rf_UNDERT",46,0.255788898058005,0.250353442001993,0.25304198438379
"DS09","Icelandic River - Flow of Vatnsdalsa River (Daily)","mc.rf_UNDERT",47,0.291981938259639,0.262129087558691,0.27625134853285
"DS09","Icelandic River - Flow of Vatnsdalsa River (Daily)","mc.rf_UNDERT",48,0.239113607827225,0.242112460146784,0.240603690025993
"DS09","Icelandic River - Flow of Vatnsdalsa River (Daily)","mc.rf_UNDERT",49,0.299404291221975,0.253784799839764,0.274713508804371
"DS09","Icelandic River - Flow of Vatnsdalsa River (Daily)","mc.rf_UNDERT",50,0.304600840285464,0.236045879585088,0.265976914776268
"DS09","Icelandic River - Flow of Vatnsdalsa River (Daily)","mc.rf_UNDERTPhi",1,0.352727386679879,0.335410319865039,0.343850960254668
"DS09","Icelandic River - Flow of Vatnsdalsa River (Daily)","mc.rf_UNDERTPhi",2,0.343838748179814,0.309669430796207,0.325860801318082
"DS09","Icelandic River - Flow of Vatnsdalsa River (Daily)","mc.rf_UNDERTPhi",3,0.265068537077962,0.280268516504264,0.272456695068839
"DS09","Icelandic River - Flow of Vatnsdalsa River (Daily)","mc.rf_UNDERTPhi",4,0.23495079380671,0.26515964891829,0.249142847965356
"DS09","Icelandic River - Flow of Vatnsdalsa River (Daily)","mc.rf_UNDERTPhi",5,0.263220890598487,0.256606110395616,0.259871414074984
"DS09","Icelandic River - Flow of Vatnsdalsa River (Daily)","mc.rf_UNDERTPhi",6,0.255174938997521,0.25357945460681,0.25437469503464
"DS09","Icelandic River - Flow of Vatnsdalsa River (Daily)","mc.rf_UNDERTPhi",7,0.24030685447935,0.273494077505727,0.255828658115559
"DS09","Icelandic River - Flow of Vatnsdalsa River (Daily)","mc.rf_UNDERTPhi",8,0.228814813150533,0.266216789128227,0.246102853157275
"DS09","Icelandic River - Flow of Vatnsdalsa River (Daily)","mc.rf_UNDERTPhi",9,0.238813184592541,0.270282112663733,0.253575047388952
"DS09","Icelandic River - Flow of Vatnsdalsa River (Daily)","mc.rf_UNDERTPhi",10,0.228632717600687,0.269221526976188,0.247272570314173
"DS09","Icelandic River - Flow of Vatnsdalsa River (Daily)","mc.rf_UNDERTPhi",11,0.295346320291793,0.271283487933098,0.282803970966397
"DS09","Icelandic River - Flow of Vatnsdalsa River (Daily)","mc.rf_UNDERTPhi",12,0.277954742424647,0.26659014992202,0.272153857270411
"DS09","Icelandic River - Flow of Vatnsdalsa River (Daily)","mc.rf_UNDERTPhi",13,0.263610321592996,0.269665486668038,0.266603526962532
"DS09","Icelandic River - Flow of Vatnsdalsa River (Daily)","mc.rf_UNDERTPhi",14,0.288727065518946,0.269988690581754,0.279043651458874
"DS09","Icelandic River - Flow of Vatnsdalsa River (Daily)","mc.rf_UNDERTPhi",15,0.266141201873356,0.257886034279041,0.261948594936838
"DS09","Icelandic River - Flow of Vatnsdalsa River (Daily)","mc.rf_UNDERTPhi",16,0.284905838302466,0.269721947764098,0.277106050460593
"DS09","Icelandic River - Flow of Vatnsdalsa River (Daily)","mc.rf_UNDERTPhi",17,0.276022123325926,0.266197999484122,0.271021063039601
"DS09","Icelandic River - Flow of Vatnsdalsa River (Daily)","mc.rf_UNDERTPhi",18,0.26599924046379,0.269772223195433,0.26787244687543
"DS09","Icelandic River - Flow of Vatnsdalsa River (Daily)","mc.rf_UNDERTPhi",19,0.263256767559127,0.260615724838404,0.261929588942702
"DS09","Icelandic River - Flow of Vatnsdalsa River (Daily)","mc.rf_UNDERTPhi",20,0.267165587103687,0.258139784591249,0.262575145129837
"DS09","Icelandic River - Flow of Vatnsdalsa River (Daily)","mc.rf_UNDERTPhi",21,0.253106351369365,0.257691982550076,0.255378583480949
"DS09","Icelandic River - Flow of Vatnsdalsa River (Daily)","mc.rf_UNDERTPhi",22,0.246616215544646,0.255064790910144,0.250769363972781
"DS09","Icelandic River - Flow of Vatnsdalsa River (Daily)","mc.rf_UNDERTPhi",23,0.259713728679833,0.26836206563631,0.26396707992604
"DS09","Icelandic River - Flow of Vatnsdalsa River (Daily)","mc.rf_UNDERTPhi",24,0.267633408661138,0.271723743018849,0.269663065861952
"DS09","Icelandic River - Flow of Vatnsdalsa River (Daily)","mc.rf_UNDERTPhi",25,0.228000363437186,0.2626542661725,0.244103548735679
"DS09","Icelandic River - Flow of Vatnsdalsa River (Daily)","mc.rf_UNDERTPhi",26,0.306773160165105,0.288500749515892,0.297356511681892
"DS09","Icelandic River - Flow of Vatnsdalsa River (Daily)","mc.rf_UNDERTPhi",27,0.313518917017245,0.284468570915239,0.298288108291853
"DS09","Icelandic River - Flow of Vatnsdalsa River (Daily)","mc.rf_UNDERTPhi",28,0.233572686499048,0.271817371657046,0.251247972572651
"DS09","Icelandic River - Flow of Vatnsdalsa River (Daily)","mc.rf_UNDERTPhi",29,0.243294993513369,0.281170147701758,0.260864960835186
"DS09","Icelandic River - Flow of Vatnsdalsa River (Daily)","mc.rf_UNDERTPhi",30,0.227513132596467,0.264311923726133,0.244535868908994
"DS09","Icelandic River - Flow of Vatnsdalsa River (Daily)","mc.rf_UNDERTPhi",31,0.223660046399765,0.277908775455011,0.247850691290244
"DS09","Icelandic River - Flow of Vatnsdalsa River (Daily)","mc.rf_UNDERTPhi",32,0.221906190452899,0.270070439545883,0.243630687879281
"DS09","Icelandic River - Flow of Vatnsdalsa River (Daily)","mc.rf_UNDERTPhi",33,0.266606311210512,0.27301183733047,0.269771055937542
"DS09","Icelandic River - Flow of Vatnsdalsa River (Daily)","mc.rf_UNDERTPhi",34,0.208663429446105,0.25640449496496,0.230083557418144
"DS09","Icelandic River - Flow of Vatnsdalsa River (Daily)","mc.rf_UNDERTPhi",35,0.214551480214377,0.258844834369554,0.234626002142173
"DS09","Icelandic River - Flow of Vatnsdalsa River (Daily)","mc.rf_UNDERTPhi",36,0.211285548645776,0.261517390392311,0.233733087285229
"DS09","Icelandic River - Flow of Vatnsdalsa River (Daily)","mc.rf_UNDERTPhi",37,0.247696951529612,0.250842960252431,0.249260029533422
"DS09","Icelandic River - Flow of Vatnsdalsa River (Daily)","mc.rf_UNDERTPhi",38,0.233165383918068,0.259816893507246,0.2457707244139
"DS09","Icelandic River - Flow of Vatnsdalsa River (Daily)","mc.rf_UNDERTPhi",39,0.212738727741351,0.256585135093626,0.232613764266889
"DS09","Icelandic River - Flow of Vatnsdalsa River (Daily)","mc.rf_UNDERTPhi",40,0.218515546382255,0.253527809761956,0.234723218332112
"DS09","Icelandic River - Flow of Vatnsdalsa River (Daily)","mc.rf_UNDERTPhi",41,0.212649593909417,0.249250060604476,0.229499735067869
"DS09","Icelandic River - Flow of Vatnsdalsa River (Daily)","mc.rf_UNDERTPhi",42,0.206534843774393,0.248875672947343,0.225736983859921
"DS09","Icelandic River - Flow of Vatnsdalsa River (Daily)","mc.rf_UNDERTPhi",43,0.23228793080113,0.265724751916802,0.247883858895046
"DS09","Icelandic River - Flow of Vatnsdalsa River (Daily)","mc.rf_UNDERTPhi",44,0.201715442147156,0.244291661983279,0.220971370874889
"DS09","Icelandic River - Flow of Vatnsdalsa River (Daily)","mc.rf_UNDERTPhi",45,0.202389407299606,0.239565128477949,0.219413719906746
"DS09","Icelandic River - Flow of Vatnsdalsa River (Daily)","mc.rf_UNDERTPhi",46,0.265934150114145,0.247556526274841,0.256416474328498
"DS09","Icelandic River - Flow of Vatnsdalsa River (Daily)","mc.rf_UNDERTPhi",47,0.245387162306266,0.254352074453484,0.249789206793296
"DS09","Icelandic River - Flow of Vatnsdalsa River (Daily)","mc.rf_UNDERTPhi",48,0.26802683448221,0.255442585913069,0.261583447004529
"DS09","Icelandic River - Flow of Vatnsdalsa River (Daily)","mc.rf_UNDERTPhi",49,0.229067559903373,0.237289232369415,0.23310592383701
"DS09","Icelandic River - Flow of Vatnsdalsa River (Daily)","mc.rf_UNDERTPhi",50,0.225003893331604,0.245494356625827,0.234802939380735
"DS09","Icelandic River - Flow of Vatnsdalsa River (Daily)","mc.rf_OVERB",1,0.322885394322041,0.343526411955397,0.332886242228658
"DS09","Icelandic River - Flow of Vatnsdalsa River (Daily)","mc.rf_OVERB",2,0.21115967073822,0.276943410621612,0.239618562689909
"DS09","Icelandic River - Flow of Vatnsdalsa River (Daily)","mc.rf_OVERB",3,0.235413690110278,0.252286594524876,0.243558267458823
"DS09","Icelandic River - Flow of Vatnsdalsa River (Daily)","mc.rf_OVERB",4,0.222932974076875,0.273453460388553,0.245622317465965
"DS09","Icelandic River - Flow of Vatnsdalsa River (Daily)","mc.rf_OVERB",5,0.159535626202018,0.218629929342719,0.184465571614269
"DS09","Icelandic River - Flow of Vatnsdalsa River (Daily)","mc.rf_OVERB",6,0.206165829408855,0.2460967457279,0.224368508415585
"DS09","Icelandic River - Flow of Vatnsdalsa River (Daily)","mc.rf_OVERB",7,0.173067168153386,0.251097610291109,0.204905048941264
"DS09","Icelandic River - Flow of Vatnsdalsa River (Daily)","mc.rf_OVERB",8,0.224597315645507,0.269037098190541,0.244816845702015
"DS09","Icelandic River - Flow of Vatnsdalsa River (Daily)","mc.rf_OVERB",9,0.201591859007008,0.259260856881695,0.226818140827243
"DS09","Icelandic River - Flow of Vatnsdalsa River (Daily)","mc.rf_OVERB",10,0.177638458915354,0.258561785087418,0.21059372464285
"DS09","Icelandic River - Flow of Vatnsdalsa River (Daily)","mc.rf_OVERB",11,0.272660208988142,0.276071568055405,0.274355284642818
"DS09","Icelandic River - Flow of Vatnsdalsa River (Daily)","mc.rf_OVERB",12,0.23551659296074,0.251348127694988,0.243174960806592
"DS09","Icelandic River - Flow of Vatnsdalsa River (Daily)","mc.rf_OVERB",13,0.235452818598506,0.266261148649005,0.249911072943106
"DS09","Icelandic River - Flow of Vatnsdalsa River (Daily)","mc.rf_OVERB",14,0.215608513546589,0.243801025819472,0.228839726970429
"DS09","Icelandic River - Flow of Vatnsdalsa River (Daily)","mc.rf_OVERB",15,0.279762997651715,0.262938882140766,0.271090160568524
"DS09","Icelandic River - Flow of Vatnsdalsa River (Daily)","mc.rf_OVERB",16,0.219376161057828,0.250884847033581,0.234074922916463
"DS09","Icelandic River - Flow of Vatnsdalsa River (Daily)","mc.rf_OVERB",17,0.26842819843684,0.267007525006197,0.26771597698269
"DS09","Icelandic River - Flow of Vatnsdalsa River (Daily)","mc.rf_OVERB",18,0.174764958809867,0.242560297069933,0.203155882511676
"DS09","Icelandic River - Flow of Vatnsdalsa River (Daily)","mc.rf_OVERB",19,0.23730697311893,0.275616085583204,0.255030917027345
"DS09","Icelandic River - Flow of Vatnsdalsa River (Daily)","mc.rf_OVERB",20,0.197743870764799,0.242808324566948,0.21797125726557
"DS09","Icelandic River - Flow of Vatnsdalsa River (Daily)","mc.rf_OVERB",21,0.218088380527363,0.248398933260963,0.232258925284256
"DS09","Icelandic River - Flow of Vatnsdalsa River (Daily)","mc.rf_OVERB",22,0.169083661818522,0.239043019496265,0.198067271359847
"DS09","Icelandic River - Flow of Vatnsdalsa River (Daily)","mc.rf_OVERB",23,0.207749190371166,0.260527130067223,0.231163943077537
"DS09","Icelandic River - Flow of Vatnsdalsa River (Daily)","mc.rf_OVERB",24,0.209014837579887,0.237922093898564,0.222533625262842
"DS09","Icelandic River - Flow of Vatnsdalsa River (Daily)","mc.rf_OVERB",25,0.194553597288753,0.248091640963749,0.218084899759991
"DS09","Icelandic River - Flow of Vatnsdalsa River (Daily)","mc.rf_OVERB",26,0.253861023941518,0.282550235212299,0.267438428265141
"DS09","Icelandic River - Flow of Vatnsdalsa River (Daily)","mc.rf_OVERB",27,0.294111220660655,0.297349422000228,0.295721456879319
"DS09","Icelandic River - Flow of Vatnsdalsa River (Daily)","mc.rf_OVERB",28,0.248043933583496,0.258958715731924,0.253383837629281
"DS09","Icelandic River - Flow of Vatnsdalsa River (Daily)","mc.rf_OVERB",29,0.258306679529322,0.269359908176536,0.263717525803204
"DS09","Icelandic River - Flow of Vatnsdalsa River (Daily)","mc.rf_OVERB",30,0.277073940130716,0.279111637169404,0.278089055894851
"DS09","Icelandic River - Flow of Vatnsdalsa River (Daily)","mc.rf_OVERB",31,0.195303418991263,0.252405210992429,0.220212867819091
"DS09","Icelandic River - Flow of Vatnsdalsa River (Daily)","mc.rf_OVERB",32,0.228977316187775,0.277137873830028,0.250766180565945
"DS09","Icelandic River - Flow of Vatnsdalsa River (Daily)","mc.rf_OVERB",33,0.211939726069225,0.249215793269726,0.229071212390232
"DS09","Icelandic River - Flow of Vatnsdalsa River (Daily)","mc.rf_OVERB",34,0.20310388370095,0.240349876635997,0.220162721609232
"DS09","Icelandic River - Flow of Vatnsdalsa River (Daily)","mc.rf_OVERB",35,0.20339252045708,0.25409198762852,0.225932939272531
"DS09","Icelandic River - Flow of Vatnsdalsa River (Daily)","mc.rf_OVERB",36,0.241929874807557,0.265543793352367,0.253187429072346
"DS09","Icelandic River - Flow of Vatnsdalsa River (Daily)","mc.rf_OVERB",37,0.22837718683308,0.253371959096443,0.240226166376212
"DS09","Icelandic River - Flow of Vatnsdalsa River (Daily)","mc.rf_OVERB",38,0.178547045038207,0.241370496617079,0.20525929333889
"DS09","Icelandic River - Flow of Vatnsdalsa River (Daily)","mc.rf_OVERB",39,0.171895884749487,0.223218999121958,0.194224155622789
"DS09","Icelandic River - Flow of Vatnsdalsa River (Daily)","mc.rf_OVERB",40,0.249870055570465,0.262735265218503,0.256141216870026
"DS09","Icelandic River - Flow of Vatnsdalsa River (Daily)","mc.rf_OVERB",41,0.204348158598022,0.241316271254378,0.221298952159609
"DS09","Icelandic River - Flow of Vatnsdalsa River (Daily)","mc.rf_OVERB",42,0.228599242776874,0.241275742214103,0.234766496333621
"DS09","Icelandic River - Flow of Vatnsdalsa River (Daily)","mc.rf_OVERB",43,0.221793542999606,0.239822854932914,0.230456114323855
"DS09","Icelandic River - Flow of Vatnsdalsa River (Daily)","mc.rf_OVERB",44,0.210844627674819,0.227850041992522,0.219017738720346
"DS09","Icelandic River - Flow of Vatnsdalsa River (Daily)","mc.rf_OVERB",45,0.226472689280107,0.253066041453799,0.239031983447091
"DS09","Icelandic River - Flow of Vatnsdalsa River (Daily)","mc.rf_OVERB",46,0.236754487949324,0.241741564258443,0.239222037456748
"DS09","Icelandic River - Flow of Vatnsdalsa River (Daily)","mc.rf_OVERB",47,0.258711052419039,0.255701925008499,0.257197687567443
"DS09","Icelandic River - Flow of Vatnsdalsa River (Daily)","mc.rf_OVERB",48,0.212977793095338,0.232149593441681,0.222150825020412
"DS09","Icelandic River - Flow of Vatnsdalsa River (Daily)","mc.rf_OVERB",49,0.223289555726704,0.23492696940255,0.228960483742132
"DS09","Icelandic River - Flow of Vatnsdalsa River (Daily)","mc.rf_OVERB",50,0.20289273200341,0.22029455455645,0.211235854379147
"DS09","Icelandic River - Flow of Vatnsdalsa River (Daily)","mc.rf_OVERT",1,0.349318346981869,0.345401922825127,0.347349095655874
"DS09","Icelandic River - Flow of Vatnsdalsa River (Daily)","mc.rf_OVERT",2,0.362967195262684,0.349134642980515,0.355916570709362
"DS09","Icelandic River - Flow of Vatnsdalsa River (Daily)","mc.rf_OVERT",3,0.231319713065103,0.293570606222462,0.258753746831913
"DS09","Icelandic River - Flow of Vatnsdalsa River (Daily)","mc.rf_OVERT",4,0.216388756336429,0.268131488279343,0.239497275617094
"DS09","Icelandic River - Flow of Vatnsdalsa River (Daily)","mc.rf_OVERT",5,0.248740057001347,0.257925384087727,0.253249460244108
"DS09","Icelandic River - Flow of Vatnsdalsa River (Daily)","mc.rf_OVERT",6,0.252178276525972,0.273054957017489,0.26220171938852
"DS09","Icelandic River - Flow of Vatnsdalsa River (Daily)","mc.rf_OVERT",7,0.122408661326577,0.242792795669486,0.162759159517588
"DS09","Icelandic River - Flow of Vatnsdalsa River (Daily)","mc.rf_OVERT",8,0.206130279027685,0.255372251536989,0.228124224588064
"DS09","Icelandic River - Flow of Vatnsdalsa River (Daily)","mc.rf_OVERT",9,0.216597713356852,0.257464850676641,0.235269781489786
"DS09","Icelandic River - Flow of Vatnsdalsa River (Daily)","mc.rf_OVERT",10,0.2001374535342,0.264700794395453,0.227935386878074
"DS09","Icelandic River - Flow of Vatnsdalsa River (Daily)","mc.rf_OVERT",11,0.256041031647258,0.273936689170254,0.264686720766276
"DS09","Icelandic River - Flow of Vatnsdalsa River (Daily)","mc.rf_OVERT",12,0.233010635334228,0.267243439879425,0.248955747891167
"DS09","Icelandic River - Flow of Vatnsdalsa River (Daily)","mc.rf_OVERT",13,0.229504877386258,0.269579753525892,0.247933374208303
"DS09","Icelandic River - Flow of Vatnsdalsa River (Daily)","mc.rf_OVERT",14,0.217893528192224,0.27444860686012,0.242922841652927
"DS09","Icelandic River - Flow of Vatnsdalsa River (Daily)","mc.rf_OVERT",15,0.254931610712269,0.258729921926235,0.256816722861487
"DS09","Icelandic River - Flow of Vatnsdalsa River (Daily)","mc.rf_OVERT",16,0.250510161511079,0.252105720699165,0.251305408545753
"DS09","Icelandic River - Flow of Vatnsdalsa River (Daily)","mc.rf_OVERT",17,0.281469218008819,0.282446588857596,0.281957056450587
"DS09","Icelandic River - Flow of Vatnsdalsa River (Daily)","mc.rf_OVERT",18,0.190660345420826,0.236789070830913,0.211235689277021
"DS09","Icelandic River - Flow of Vatnsdalsa River (Daily)","mc.rf_OVERT",19,0.19965782599246,0.24918171302081,0.221687595563372
"DS09","Icelandic River - Flow of Vatnsdalsa River (Daily)","mc.rf_OVERT",20,0.184789634771018,0.257302496453112,0.215099211169342
"DS09","Icelandic River - Flow of Vatnsdalsa River (Daily)","mc.rf_OVERT",21,0.209324735823776,0.258767978013999,0.231435085555317
"DS09","Icelandic River - Flow of Vatnsdalsa River (Daily)","mc.rf_OVERT",22,0.204372882258226,0.241030070109449,0.221193011304994
"DS09","Icelandic River - Flow of Vatnsdalsa River (Daily)","mc.rf_OVERT",23,0.206713406528391,0.25194040256305,0.22709702971445
"DS09","Icelandic River - Flow of Vatnsdalsa River (Daily)","mc.rf_OVERT",24,0.253094602868466,0.25937101858132,0.256194375566951
"DS09","Icelandic River - Flow of Vatnsdalsa River (Daily)","mc.rf_OVERT",25,0.209034278319214,0.256099937962124,0.23018588543109
"DS09","Icelandic River - Flow of Vatnsdalsa River (Daily)","mc.rf_OVERT",26,0.211815806887657,0.276396921463006,0.239834947108959
"DS09","Icelandic River - Flow of Vatnsdalsa River (Daily)","mc.rf_OVERT",27,0.238910618646185,0.271604800635889,0.254210817132404
"DS09","Icelandic River - Flow of Vatnsdalsa River (Daily)","mc.rf_OVERT",28,0.251910602705068,0.275636412485512,0.2632399873274
"DS09","Icelandic River - Flow of Vatnsdalsa River (Daily)","mc.rf_OVERT",29,0.202908412238188,0.247033082864262,0.222807147862096
"DS09","Icelandic River - Flow of Vatnsdalsa River (Daily)","mc.rf_OVERT",30,0.22899709824671,0.259857119313998,0.243453054690133
"DS09","Icelandic River - Flow of Vatnsdalsa River (Daily)","mc.rf_OVERT",31,0.206240063086322,0.248448462655477,0.225385175612999
"DS09","Icelandic River - Flow of Vatnsdalsa River (Daily)","mc.rf_OVERT",32,0.197897890508106,0.249304878099521,0.220646708529497
"DS09","Icelandic River - Flow of Vatnsdalsa River (Daily)","mc.rf_OVERT",33,0.206132361254359,0.248794837746678,0.225463183934627
"DS09","Icelandic River - Flow of Vatnsdalsa River (Daily)","mc.rf_OVERT",34,0.21211912187678,0.257084830393188,0.232447353467591
"DS09","Icelandic River - Flow of Vatnsdalsa River (Daily)","mc.rf_OVERT",35,0.237995364837692,0.262994930848808,0.249871404922354
"DS09","Icelandic River - Flow of Vatnsdalsa River (Daily)","mc.rf_OVERT",36,0.19495905281332,0.243382921490103,0.216496282018405
"DS09","Icelandic River - Flow of Vatnsdalsa River (Daily)","mc.rf_OVERT",37,0.182589342457278,0.231043858362958,0.203978530222573
"DS09","Icelandic River - Flow of Vatnsdalsa River (Daily)","mc.rf_OVERT",38,0.188869027983496,0.238227515207453,0.210696152677776
"DS09","Icelandic River - Flow of Vatnsdalsa River (Daily)","mc.rf_OVERT",39,0.244709086878951,0.269838052727477,0.256659957486664
"DS09","Icelandic River - Flow of Vatnsdalsa River (Daily)","mc.rf_OVERT",40,0.182982030263338,0.241311776919624,0.208137465688562
"DS09","Icelandic River - Flow of Vatnsdalsa River (Daily)","mc.rf_OVERT",41,0.210464170298336,0.245864838362926,0.226791364254465
"DS09","Icelandic River - Flow of Vatnsdalsa River (Daily)","mc.rf_OVERT",42,0.215512724117556,0.249221134397017,0.231144447935181
"DS09","Icelandic River - Flow of Vatnsdalsa River (Daily)","mc.rf_OVERT",43,0.225749276120814,0.236223791410634,0.230867787156595
"DS09","Icelandic River - Flow of Vatnsdalsa River (Daily)","mc.rf_OVERT",44,0.225302533058707,0.247901949488368,0.236062587020674
"DS09","Icelandic River - Flow of Vatnsdalsa River (Daily)","mc.rf_OVERT",45,0.19322466203934,0.238636547660877,0.213542986664702
"DS09","Icelandic River - Flow of Vatnsdalsa River (Daily)","mc.rf_OVERT",46,0.22240283434021,0.240898120022216,0.231281305059681
"DS09","Icelandic River - Flow of Vatnsdalsa River (Daily)","mc.rf_OVERT",47,0.238056661114091,0.247888296662356,0.242873022091721
"DS09","Icelandic River - Flow of Vatnsdalsa River (Daily)","mc.rf_OVERT",48,0.24172746050005,0.242789971675423,0.242257551083216
"DS09","Icelandic River - Flow of Vatnsdalsa River (Daily)","mc.rf_OVERT",49,0.225650631477345,0.241960078697135,0.233520932529301
"DS09","Icelandic River - Flow of Vatnsdalsa River (Daily)","mc.rf_OVERT",50,0.220182925121774,0.247272568211433,0.232942806952351
"DS09","Icelandic River - Flow of Vatnsdalsa River (Daily)","mc.rf_OVERTPhi",1,0.301783443471508,0.32269834582128,0.31189065773973
"DS09","Icelandic River - Flow of Vatnsdalsa River (Daily)","mc.rf_OVERTPhi",2,0.315703442722273,0.345993121023828,0.330155015002797
"DS09","Icelandic River - Flow of Vatnsdalsa River (Daily)","mc.rf_OVERTPhi",3,0.219906350530498,0.289985105820738,0.25012996603462
"DS09","Icelandic River - Flow of Vatnsdalsa River (Daily)","mc.rf_OVERTPhi",4,0.254022051211934,0.284579657094876,0.268434010191628
"DS09","Icelandic River - Flow of Vatnsdalsa River (Daily)","mc.rf_OVERTPhi",5,0.284651308899575,0.288520055188956,0.286572625566928
"DS09","Icelandic River - Flow of Vatnsdalsa River (Daily)","mc.rf_OVERTPhi",6,0.206487292621605,0.264467220010467,0.231908257729283
"DS09","Icelandic River - Flow of Vatnsdalsa River (Daily)","mc.rf_OVERTPhi",7,0.206143457362602,0.260619764450404,0.230202624329114
"DS09","Icelandic River - Flow of Vatnsdalsa River (Daily)","mc.rf_OVERTPhi",8,0.204542593294194,0.259588678490796,0.228801396140002
"DS09","Icelandic River - Flow of Vatnsdalsa River (Daily)","mc.rf_OVERTPhi",9,0.271052199600639,0.272716960421903,0.271882031660982
"DS09","Icelandic River - Flow of Vatnsdalsa River (Daily)","mc.rf_OVERTPhi",10,0.208075906005919,0.262569995292112,0.232168131113839
"DS09","Icelandic River - Flow of Vatnsdalsa River (Daily)","mc.rf_OVERTPhi",11,0.225196339779937,0.253362105952672,0.238450368636303
"DS09","Icelandic River - Flow of Vatnsdalsa River (Daily)","mc.rf_OVERTPhi",12,0.222258453811875,0.262471504925116,0.24069694807531
"DS09","Icelandic River - Flow of Vatnsdalsa River (Daily)","mc.rf_OVERTPhi",13,0.275197354180853,0.277423794860209,0.276306089496652
"DS09","Icelandic River - Flow of Vatnsdalsa River (Daily)","mc.rf_OVERTPhi",14,0.256144244525698,0.279116172352816,0.267137261967359
"DS09","Icelandic River - Flow of Vatnsdalsa River (Daily)","mc.rf_OVERTPhi",15,0.27313828568041,0.265822310058028,0.269430643497702
"DS09","Icelandic River - Flow of Vatnsdalsa River (Daily)","mc.rf_OVERTPhi",16,0.234448288470987,0.251806398018875,0.242817522100325
"DS09","Icelandic River - Flow of Vatnsdalsa River (Daily)","mc.rf_OVERTPhi",17,0.315662504479451,0.2911471274196,0.302909599920649
"DS09","Icelandic River - Flow of Vatnsdalsa River (Daily)","mc.rf_OVERTPhi",18,0.245363381934377,0.243977523295865,0.244668490175291
"DS09","Icelandic River - Flow of Vatnsdalsa River (Daily)","mc.rf_OVERTPhi",19,0.214025159083276,0.250570989284835,0.230860699261973
"DS09","Icelandic River - Flow of Vatnsdalsa River (Daily)","mc.rf_OVERTPhi",20,0.223011942762214,0.266308276885834,0.242744623325333
"DS09","Icelandic River - Flow of Vatnsdalsa River (Daily)","mc.rf_OVERTPhi",21,0.247631244991414,0.263501650642925,0.255320063972875
"DS09","Icelandic River - Flow of Vatnsdalsa River (Daily)","mc.rf_OVERTPhi",22,0.241289870981036,0.263978990941667,0.252125003007857
"DS09","Icelandic River - Flow of Vatnsdalsa River (Daily)","mc.rf_OVERTPhi",23,0.225675357740807,0.256447892722028,0.24007956420422
"DS09","Icelandic River - Flow of Vatnsdalsa River (Daily)","mc.rf_OVERTPhi",24,0.230534106593726,0.259490741017591,0.244156868540202
"DS09","Icelandic River - Flow of Vatnsdalsa River (Daily)","mc.rf_OVERTPhi",25,0.204185965105175,0.25606559703688,0.227201840740611
"DS09","Icelandic River - Flow of Vatnsdalsa River (Daily)","mc.rf_OVERTPhi",26,0.237901670044651,0.272512668784395,0.254033690201037
"DS09","Icelandic River - Flow of Vatnsdalsa River (Daily)","mc.rf_OVERTPhi",27,0.241333005037477,0.275582463548265,0.257323094801919
"DS09","Icelandic River - Flow of Vatnsdalsa River (Daily)","mc.rf_OVERTPhi",28,0.253065811667135,0.267687063173595,0.260171175955721
"DS09","Icelandic River - Flow of Vatnsdalsa River (Daily)","mc.rf_OVERTPhi",29,0.184947464740155,0.251686061563877,0.213216329908031
"DS09","Icelandic River - Flow of Vatnsdalsa River (Daily)","mc.rf_OVERTPhi",30,0.233764291472229,0.261216499348825,0.246729129790451
"DS09","Icelandic River - Flow of Vatnsdalsa River (Daily)","mc.rf_OVERTPhi",31,0.220630368099026,0.25838665499807,0.238020529773719
"DS09","Icelandic River - Flow of Vatnsdalsa River (Daily)","mc.rf_OVERTPhi",32,0.192423742135892,0.246534059831166,0.216143812202828
"DS09","Icelandic River - Flow of Vatnsdalsa River (Daily)","mc.rf_OVERTPhi",33,0.227907847261228,0.24954394289747,0.238235666909689
"DS09","Icelandic River - Flow of Vatnsdalsa River (Daily)","mc.rf_OVERTPhi",34,0.178075673139434,0.250687633395204,0.208233159807374
"DS09","Icelandic River - Flow of Vatnsdalsa River (Daily)","mc.rf_OVERTPhi",35,0.251509221133314,0.266595175190347,0.258832564810497
"DS09","Icelandic River - Flow of Vatnsdalsa River (Daily)","mc.rf_OVERTPhi",36,0.228005023865789,0.254039340512881,0.24031914975771
"DS09","Icelandic River - Flow of Vatnsdalsa River (Daily)","mc.rf_OVERTPhi",37,0.215415232719375,0.243012130356507,0.228383027850425
"DS09","Icelandic River - Flow of Vatnsdalsa River (Daily)","mc.rf_OVERTPhi",38,0.179465356315287,0.237925477453209,0.204601429322753
"DS09","Icelandic River - Flow of Vatnsdalsa River (Daily)","mc.rf_OVERTPhi",39,0.228609618763703,0.262156748911362,0.244236599622241
"DS09","Icelandic River - Flow of Vatnsdalsa River (Daily)","mc.rf_OVERTPhi",40,0.183184893573681,0.241235092105145,0.208240074287919
"DS09","Icelandic River - Flow of Vatnsdalsa River (Daily)","mc.rf_OVERTPhi",41,0.23245606702104,0.256553287916948,0.243910950529987
"DS09","Icelandic River - Flow of Vatnsdalsa River (Daily)","mc.rf_OVERTPhi",42,0.199329571515043,0.241278117524603,0.218306965486514
"DS09","Icelandic River - Flow of Vatnsdalsa River (Daily)","mc.rf_OVERTPhi",43,0.198207561662477,0.237459307496179,0.216065226276079
"DS09","Icelandic River - Flow of Vatnsdalsa River (Daily)","mc.rf_OVERTPhi",44,0.213215963653128,0.243346577522622,0.227287043280248
"DS09","Icelandic River - Flow of Vatnsdalsa River (Daily)","mc.rf_OVERTPhi",45,0.162763890517598,0.231842276015021,0.191256772098823
"DS09","Icelandic River - Flow of Vatnsdalsa River (Daily)","mc.rf_OVERTPhi",46,0.223224706999757,0.238456380518026,0.230589283869284
"DS09","Icelandic River - Flow of Vatnsdalsa River (Daily)","mc.rf_OVERTPhi",47,0.235183941826695,0.246623524480958,0.240767927816161
"DS09","Icelandic River - Flow of Vatnsdalsa River (Daily)","mc.rf_OVERTPhi",48,0.237596485543867,0.246390437339118,0.241913569212466
"DS09","Icelandic River - Flow of Vatnsdalsa River (Daily)","mc.rf_OVERTPhi",49,0.236586254905803,0.235752228353391,0.236168505292929
"DS09","Icelandic River - Flow of Vatnsdalsa River (Daily)","mc.rf_OVERTPhi",50,0.189327011687095,0.235714997865381,0.209989672327544
"DS09","Icelandic River - Flow of Vatnsdalsa River (Daily)","mc.rf_SMOTEB",1,0.339935809475791,0.300903846640914,0.319231157766025
"DS09","Icelandic River - Flow of Vatnsdalsa River (Daily)","mc.rf_SMOTEB",2,0.274960926326325,0.299077010103857,0.286512394119674
"DS09","Icelandic River - Flow of Vatnsdalsa River (Daily)","mc.rf_SMOTEB",3,0.301323910342538,0.278532607281521,0.289480351890721
"DS09","Icelandic River - Flow of Vatnsdalsa River (Daily)","mc.rf_SMOTEB",4,0.21818139109519,0.248462375236845,0.23233940138147
"DS09","Icelandic River - Flow of Vatnsdalsa River (Daily)","mc.rf_SMOTEB",5,0.278680701987669,0.272848797133384,0.275733916110744
"DS09","Icelandic River - Flow of Vatnsdalsa River (Daily)","mc.rf_SMOTEB",6,0.257638942317671,0.271691153297891,0.264478524657984
"DS09","Icelandic River - Flow of Vatnsdalsa River (Daily)","mc.rf_SMOTEB",7,0.28862984187042,0.271906133730734,0.280018510134455
"DS09","Icelandic River - Flow of Vatnsdalsa River (Daily)","mc.rf_SMOTEB",8,0.29197641668284,0.298635260981166,0.29526830130179
"DS09","Icelandic River - Flow of Vatnsdalsa River (Daily)","mc.rf_SMOTEB",9,0.267563120992014,0.285208781161287,0.276104307489489
"DS09","Icelandic River - Flow of Vatnsdalsa River (Daily)","mc.rf_SMOTEB",10,0.278852081254384,0.287418568655668,0.283070528460268
"DS09","Icelandic River - Flow of Vatnsdalsa River (Daily)","mc.rf_SMOTEB",11,0.30425579054387,0.282285755712444,0.2928593083022
"DS09","Icelandic River - Flow of Vatnsdalsa River (Daily)","mc.rf_SMOTEB",12,0.348866797795434,0.303350077583532,0.324520183922172
"DS09","Icelandic River - Flow of Vatnsdalsa River (Daily)","mc.rf_SMOTEB",13,0.29232169619902,0.288242245768404,0.290267638440289
"DS09","Icelandic River - Flow of Vatnsdalsa River (Daily)","mc.rf_SMOTEB",14,0.265544186632604,0.265393552742795,0.26546884831931
"DS09","Icelandic River - Flow of Vatnsdalsa River (Daily)","mc.rf_SMOTEB",15,0.31234427281338,0.304440511203497,0.30834175080489
"DS09","Icelandic River - Flow of Vatnsdalsa River (Daily)","mc.rf_SMOTEB",16,0.331771898299262,0.299489745125878,0.314805381560801
"DS09","Icelandic River - Flow of Vatnsdalsa River (Daily)","mc.rf_SMOTEB",17,0.321613911614048,0.297777954718463,0.309237295531496
"DS09","Icelandic River - Flow of Vatnsdalsa River (Daily)","mc.rf_SMOTEB",18,0.264066934238356,0.278990504722226,0.271323664784407
"DS09","Icelandic River - Flow of Vatnsdalsa River (Daily)","mc.rf_SMOTEB",19,0.283654646189911,0.294581489414485,0.28901482632739
"DS09","Icelandic River - Flow of Vatnsdalsa River (Daily)","mc.rf_SMOTEB",20,0.265742335775592,0.30590764574139,0.284413941885221
"DS09","Icelandic River - Flow of Vatnsdalsa River (Daily)","mc.rf_SMOTEB",21,0.306475674926736,0.305155369041045,0.305814096935531
"DS09","Icelandic River - Flow of Vatnsdalsa River (Daily)","mc.rf_SMOTEB",22,0.279002534310033,0.288208662651392,0.28353088839081
"DS09","Icelandic River - Flow of Vatnsdalsa River (Daily)","mc.rf_SMOTEB",23,0.230187439842198,0.266443864679192,0.246992207352981
"DS09","Icelandic River - Flow of Vatnsdalsa River (Daily)","mc.rf_SMOTEB",24,0.268094867903251,0.283352712290078,0.275512707644139
"DS09","Icelandic River - Flow of Vatnsdalsa River (Daily)","mc.rf_SMOTEB",25,0.274617819735965,0.282504191272874,0.2785051875195
"DS09","Icelandic River - Flow of Vatnsdalsa River (Daily)","mc.rf_SMOTEB",26,0.272825360453114,0.281896689822045,0.277286853742663
"DS09","Icelandic River - Flow of Vatnsdalsa River (Daily)","mc.rf_SMOTEB",27,0.245272867909348,0.271367481040737,0.257661177519171
"DS09","Icelandic River - Flow of Vatnsdalsa River (Daily)","mc.rf_SMOTEB",28,0.27121953804838,0.288722015754817,0.279697233418548
"DS09","Icelandic River - Flow of Vatnsdalsa River (Daily)","mc.rf_SMOTEB",29,0.261256515581799,0.28484384870867,0.272540786509909
"DS09","Icelandic River - Flow of Vatnsdalsa River (Daily)","mc.rf_SMOTEB",30,0.297997709333463,0.291460074990705,0.29469263794343
"DS09","Icelandic River - Flow of Vatnsdalsa River (Daily)","mc.rf_SMOTEB",31,0.228793457564386,0.26646174090021,0.246195105869415
"DS09","Icelandic River - Flow of Vatnsdalsa River (Daily)","mc.rf_SMOTEB",32,0.292884551249014,0.293429648531087,0.293156846501128
"DS09","Icelandic River - Flow of Vatnsdalsa River (Daily)","mc.rf_SMOTEB",33,0.284340490862305,0.265045195071719,0.274354002286249
"DS09","Icelandic River - Flow of Vatnsdalsa River (Daily)","mc.rf_SMOTEB",34,0.203233339504917,0.2332677959775,0.217217273091692
"DS09","Icelandic River - Flow of Vatnsdalsa River (Daily)","mc.rf_SMOTEB",35,0.306148214415287,0.274344545477263,0.289375160330972
"DS09","Icelandic River - Flow of Vatnsdalsa River (Daily)","mc.rf_SMOTEB",36,0.272070669797683,0.259204351403569,0.265481713562922
"DS09","Icelandic River - Flow of Vatnsdalsa River (Daily)","mc.rf_SMOTEB",37,0.214878014171685,0.249525515229714,0.230909301084937
"DS09","Icelandic River - Flow of Vatnsdalsa River (Daily)","mc.rf_SMOTEB",38,0.221569317457464,0.258716025989128,0.23870615281473
"DS09","Icelandic River - Flow of Vatnsdalsa River (Daily)","mc.rf_SMOTEB",39,0.29164357108152,0.28343059889034,0.287478437844626
"DS09","Icelandic River - Flow of Vatnsdalsa River (Daily)","mc.rf_SMOTEB",40,0.282842997250891,0.273816392635855,0.278256508725412
"DS09","Icelandic River - Flow of Vatnsdalsa River (Daily)","mc.rf_SMOTEB",41,0.262576251089603,0.246430386654801,0.254247242704412
"DS09","Icelandic River - Flow of Vatnsdalsa River (Daily)","mc.rf_SMOTEB",42,0.262976540211748,0.260765519607474,0.261866362906054
"DS09","Icelandic River - Flow of Vatnsdalsa River (Daily)","mc.rf_SMOTEB",43,0.245887656842234,0.249397138799471,0.247629964102195
"DS09","Icelandic River - Flow of Vatnsdalsa River (Daily)","mc.rf_SMOTEB",44,0.286809909498227,0.248959949712263,0.266547956806971
"DS09","Icelandic River - Flow of Vatnsdalsa River (Daily)","mc.rf_SMOTEB",45,0.27560265884435,0.247573685235177,0.260837351240549
"DS09","Icelandic River - Flow of Vatnsdalsa River (Daily)","mc.rf_SMOTEB",46,0.279764057305228,0.256392023602952,0.267568625398632
"DS09","Icelandic River - Flow of Vatnsdalsa River (Daily)","mc.rf_SMOTEB",47,0.276817462638466,0.253871714088446,0.264848528334714
"DS09","Icelandic River - Flow of Vatnsdalsa River (Daily)","mc.rf_SMOTEB",48,0.274991483194996,0.263736201188124,0.269246267601719
"DS09","Icelandic River - Flow of Vatnsdalsa River (Daily)","mc.rf_SMOTEB",49,0.30848276947173,0.289082713220649,0.29846782842581
"DS09","Icelandic River - Flow of Vatnsdalsa River (Daily)","mc.rf_SMOTEB",50,0.301848559172544,0.282188322156495,0.29168753269288
"DS09","Icelandic River - Flow of Vatnsdalsa River (Daily)","mc.rf_SMOTET",1,0.328388900752173,0.364629214241831,0.345561491846543
"DS09","Icelandic River - Flow of Vatnsdalsa River (Daily)","mc.rf_SMOTET",2,0.247538268415861,0.309252221378882,0.274975096690704
"DS09","Icelandic River - Flow of Vatnsdalsa River (Daily)","mc.rf_SMOTET",3,0.256194906980501,0.271663305167831,0.263702462501162
"DS09","Icelandic River - Flow of Vatnsdalsa River (Daily)","mc.rf_SMOTET",4,0.238386702637363,0.253514101171178,0.245717795874123
"DS09","Icelandic River - Flow of Vatnsdalsa River (Daily)","mc.rf_SMOTET",5,0.260809216107858,0.263752268768358,0.262272486438371
"DS09","Icelandic River - Flow of Vatnsdalsa River (Daily)","mc.rf_SMOTET",6,0.232816038872467,0.248434592214702,0.240371872542426
"DS09","Icelandic River - Flow of Vatnsdalsa River (Daily)","mc.rf_SMOTET",7,0.261417331276803,0.250162728740257,0.255666231127226
"DS09","Icelandic River - Flow of Vatnsdalsa River (Daily)","mc.rf_SMOTET",8,0.2592416358254,0.293404270207356,0.275267045811444
"DS09","Icelandic River - Flow of Vatnsdalsa River (Daily)","mc.rf_SMOTET",9,0.257029618430633,0.276402290058945,0.266364175132924
"DS09","Icelandic River - Flow of Vatnsdalsa River (Daily)","mc.rf_SMOTET",10,0.310485464608449,0.297571505681784,0.303891351337506
"DS09","Icelandic River - Flow of Vatnsdalsa River (Daily)","mc.rf_SMOTET",11,0.275848155569619,0.27441996827681,0.275132208536788
"DS09","Icelandic River - Flow of Vatnsdalsa River (Daily)","mc.rf_SMOTET",12,0.317986458839222,0.291750945525052,0.304304277108383
"DS09","Icelandic River - Flow of Vatnsdalsa River (Daily)","mc.rf_SMOTET",13,0.28247186683711,0.290701587521789,0.286527645323833
"DS09","Icelandic River - Flow of Vatnsdalsa River (Daily)","mc.rf_SMOTET",14,0.35097258378884,0.307789080630498,0.327965437958798
"DS09","Icelandic River - Flow of Vatnsdalsa River (Daily)","mc.rf_SMOTET",15,0.300721774773639,0.275082679770976,0.287331405713559
"DS09","Icelandic River - Flow of Vatnsdalsa River (Daily)","mc.rf_SMOTET",16,0.308902419239101,0.305185985003822,0.307032956278575
"DS09","Icelandic River - Flow of Vatnsdalsa River (Daily)","mc.rf_SMOTET",17,0.314594753232285,0.287839664592162,0.300623090492889
"DS09","Icelandic River - Flow of Vatnsdalsa River (Daily)","mc.rf_SMOTET",18,0.272839333355648,0.253674730777151,0.262908245569503
"DS09","Icelandic River - Flow of Vatnsdalsa River (Daily)","mc.rf_SMOTET",19,0.275224823097342,0.284807734532889,0.279934290553602
"DS09","Icelandic River - Flow of Vatnsdalsa River (Daily)","mc.rf_SMOTET",20,0.24938020625039,0.271626573730696,0.260028443324699
"DS09","Icelandic River - Flow of Vatnsdalsa River (Daily)","mc.rf_SMOTET",21,0.302123606911045,0.299092905553133,0.300600617427656
"DS09","Icelandic River - Flow of Vatnsdalsa River (Daily)","mc.rf_SMOTET",22,0.301283419857057,0.279268281149617,0.289858431751943
"DS09","Icelandic River - Flow of Vatnsdalsa River (Daily)","mc.rf_SMOTET",23,0.246925403209213,0.269218233658143,0.257590392088445
"DS09","Icelandic River - Flow of Vatnsdalsa River (Daily)","mc.rf_SMOTET",24,0.246940963828745,0.275801166214755,0.26057438991763
"DS09","Icelandic River - Flow of Vatnsdalsa River (Daily)","mc.rf_SMOTET",25,0.284425711566715,0.277690236692727,0.281017620692038
"DS09","Icelandic River - Flow of Vatnsdalsa River (Daily)","mc.rf_SMOTET",26,0.305444150492106,0.28143836078893,0.292950290304019
"DS09","Icelandic River - Flow of Vatnsdalsa River (Daily)","mc.rf_SMOTET",27,0.300899340289564,0.262878388151248,0.28060680506076
"DS09","Icelandic River - Flow of Vatnsdalsa River (Daily)","mc.rf_SMOTET",28,0.282704495363365,0.292324089293015,0.287433829730468
"DS09","Icelandic River - Flow of Vatnsdalsa River (Daily)","mc.rf_SMOTET",29,0.349427260340072,0.307745462331067,0.32726450771526
"DS09","Icelandic River - Flow of Vatnsdalsa River (Daily)","mc.rf_SMOTET",30,0.311291090781237,0.289867463440245,0.300197537713354
"DS09","Icelandic River - Flow of Vatnsdalsa River (Daily)","mc.rf_SMOTET",31,0.263491317541988,0.273914241424927,0.26860170373121
"DS09","Icelandic River - Flow of Vatnsdalsa River (Daily)","mc.rf_SMOTET",32,0.280178633036896,0.296240956774906,0.287986001120589
"DS09","Icelandic River - Flow of Vatnsdalsa River (Daily)","mc.rf_SMOTET",33,0.283395259254999,0.297984867198541,0.290507001706208
"DS09","Icelandic River - Flow of Vatnsdalsa River (Daily)","mc.rf_SMOTET",34,0.263819439017789,0.25068814876353,0.257086225143535
"DS09","Icelandic River - Flow of Vatnsdalsa River (Daily)","mc.rf_SMOTET",35,0.207623914542278,0.232392616185609,0.219311145439742
"DS09","Icelandic River - Flow of Vatnsdalsa River (Daily)","mc.rf_SMOTET",36,0.299331763416503,0.286032077382104,0.29253083347158
"DS09","Icelandic River - Flow of Vatnsdalsa River (Daily)","mc.rf_SMOTET",37,0.310544069322539,0.288936598776273,0.299350928011603
"DS09","Icelandic River - Flow of Vatnsdalsa River (Daily)","mc.rf_SMOTET",38,0.229260426640825,0.24680350491115,0.237708732303756
"DS09","Icelandic River - Flow of Vatnsdalsa River (Daily)","mc.rf_SMOTET",39,0.313245330592345,0.299621766055093,0.306282127639107
"DS09","Icelandic River - Flow of Vatnsdalsa River (Daily)","mc.rf_SMOTET",40,0.289459606286353,0.267441655933509,0.278015374296355
"DS09","Icelandic River - Flow of Vatnsdalsa River (Daily)","mc.rf_SMOTET",41,0.274336144286054,0.279509299961226,0.2768985623694
"DS09","Icelandic River - Flow of Vatnsdalsa River (Daily)","mc.rf_SMOTET",42,0.319084389497405,0.280409233614631,0.298499285623389
"DS09","Icelandic River - Flow of Vatnsdalsa River (Daily)","mc.rf_SMOTET",43,0.241938311187703,0.252807788787175,0.247253649810973
"DS09","Icelandic River - Flow of Vatnsdalsa River (Daily)","mc.rf_SMOTET",44,0.31518367600903,0.305912930717966,0.310479113870816
"DS09","Icelandic River - Flow of Vatnsdalsa River (Daily)","mc.rf_SMOTET",45,0.262195163979687,0.270511128724537,0.266288236972793
"DS09","Icelandic River - Flow of Vatnsdalsa River (Daily)","mc.rf_SMOTET",46,0.348621765519721,0.31442743599008,0.330642877219664
"DS09","Icelandic River - Flow of Vatnsdalsa River (Daily)","mc.rf_SMOTET",47,0.335747708330336,0.307467869650306,0.320986108403635
"DS09","Icelandic River - Flow of Vatnsdalsa River (Daily)","mc.rf_SMOTET",48,0.292600375892732,0.273951086674513,0.282968790068813
"DS09","Icelandic River - Flow of Vatnsdalsa River (Daily)","mc.rf_SMOTET",49,0.297613466889605,0.252936778097037,0.273462384655455
"DS09","Icelandic River - Flow of Vatnsdalsa River (Daily)","mc.rf_SMOTET",50,0.276039240942686,0.270820727966515,0.273405085139208
"DS09","Icelandic River - Flow of Vatnsdalsa River (Daily)","mc.rf_SMOTETPhi",1,0.316489459440434,0.333665865346348,0.324850771288606
"DS09","Icelandic River - Flow of Vatnsdalsa River (Daily)","mc.rf_SMOTETPhi",2,0.275304678706601,0.32126082222871,0.296512645488308
"DS09","Icelandic River - Flow of Vatnsdalsa River (Daily)","mc.rf_SMOTETPhi",3,0.248286594817148,0.277576000461112,0.262115619465136
"DS09","Icelandic River - Flow of Vatnsdalsa River (Daily)","mc.rf_SMOTETPhi",4,0.224525432028886,0.24930360004268,0.236266647745151
"DS09","Icelandic River - Flow of Vatnsdalsa River (Daily)","mc.rf_SMOTETPhi",5,0.249887006905386,0.255564687277607,0.252693958728296
"DS09","Icelandic River - Flow of Vatnsdalsa River (Daily)","mc.rf_SMOTETPhi",6,0.27127816608585,0.26701278895449,0.269128578256025
"DS09","Icelandic River - Flow of Vatnsdalsa River (Daily)","mc.rf_SMOTETPhi",7,0.248060399902069,0.257027638876487,0.252464418043918
"DS09","Icelandic River - Flow of Vatnsdalsa River (Daily)","mc.rf_SMOTETPhi",8,0.294107644002606,0.298904915545337,0.296486875619807
"DS09","Icelandic River - Flow of Vatnsdalsa River (Daily)","mc.rf_SMOTETPhi",9,0.270150884793115,0.29141569870214,0.28038067492188
"DS09","Icelandic River - Flow of Vatnsdalsa River (Daily)","mc.rf_SMOTETPhi",10,0.331787730640851,0.312536428752218,0.321874481739043
"DS09","Icelandic River - Flow of Vatnsdalsa River (Daily)","mc.rf_SMOTETPhi",11,0.233426098931119,0.258662770777925,0.245397306210584
"DS09","Icelandic River - Flow of Vatnsdalsa River (Daily)","mc.rf_SMOTETPhi",12,0.296213560100417,0.286890506980858,0.291477501973824
"DS09","Icelandic River - Flow of Vatnsdalsa River (Daily)","mc.rf_SMOTETPhi",13,0.293952629135683,0.291596643071906,0.29276989639136
"DS09","Icelandic River - Flow of Vatnsdalsa River (Daily)","mc.rf_SMOTETPhi",14,0.322203826628618,0.305878257450594,0.313828868968806
"DS09","Icelandic River - Flow of Vatnsdalsa River (Daily)","mc.rf_SMOTETPhi",15,0.290734835960475,0.269518333382221,0.279724855590385
"DS09","Icelandic River - Flow of Vatnsdalsa River (Daily)","mc.rf_SMOTETPhi",16,0.306009344419399,0.298425774652585,0.302169985752973
"DS09","Icelandic River - Flow of Vatnsdalsa River (Daily)","mc.rf_SMOTETPhi",17,0.308805948612437,0.284988433624333,0.296419522385589
"DS09","Icelandic River - Flow of Vatnsdalsa River (Daily)","mc.rf_SMOTETPhi",18,0.264452086609751,0.255268060947075,0.25977892786963
"DS09","Icelandic River - Flow of Vatnsdalsa River (Daily)","mc.rf_SMOTETPhi",19,0.276897332076117,0.295713072124352,0.285996063398802
"DS09","Icelandic River - Flow of Vatnsdalsa River (Daily)","mc.rf_SMOTETPhi",20,0.265588411022179,0.274524643102536,0.269982601572885
"DS09","Icelandic River - Flow of Vatnsdalsa River (Daily)","mc.rf_SMOTETPhi",21,0.273720555647691,0.267556637496603,0.270603500056485
"DS09","Icelandic River - Flow of Vatnsdalsa River (Daily)","mc.rf_SMOTETPhi",22,0.293385105503403,0.270069197559004,0.281244741901605
"DS09","Icelandic River - Flow of Vatnsdalsa River (Daily)","mc.rf_SMOTETPhi",23,0.247762887418998,0.27462527577574,0.260503419022039
"DS09","Icelandic River - Flow of Vatnsdalsa River (Daily)","mc.rf_SMOTETPhi",24,0.26079270665697,0.270456998540084,0.265536948043769
"DS09","Icelandic River - Flow of Vatnsdalsa River (Daily)","mc.rf_SMOTETPhi",25,0.256903694215279,0.26922139437799,0.262918352600983
"DS09","Icelandic River - Flow of Vatnsdalsa River (Daily)","mc.rf_SMOTETPhi",26,0.326396210507066,0.297374877833027,0.31121042651397
"DS09","Icelandic River - Flow of Vatnsdalsa River (Daily)","mc.rf_SMOTETPhi",27,0.278307963146531,0.277923745363948,0.278115721555771
"DS09","Icelandic River - Flow of Vatnsdalsa River (Daily)","mc.rf_SMOTETPhi",28,0.273783668127313,0.281790166881676,0.277729225782653
"DS09","Icelandic River - Flow of Vatnsdalsa River (Daily)","mc.rf_SMOTETPhi",29,0.315622824626549,0.293312206917175,0.304058799211975
"DS09","Icelandic River - Flow of Vatnsdalsa River (Daily)","mc.rf_SMOTETPhi",30,0.295833804915083,0.283240200549116,0.289400060934134
"DS09","Icelandic River - Flow of Vatnsdalsa River (Daily)","mc.rf_SMOTETPhi",31,0.272199141558171,0.270198043408937,0.271194901098427
"DS09","Icelandic River - Flow of Vatnsdalsa River (Daily)","mc.rf_SMOTETPhi",32,0.263063368262075,0.279788074815668,0.271168085851548
"DS09","Icelandic River - Flow of Vatnsdalsa River (Daily)","mc.rf_SMOTETPhi",33,0.287945771836616,0.288095151671063,0.288020442385133
"DS09","Icelandic River - Flow of Vatnsdalsa River (Daily)","mc.rf_SMOTETPhi",34,0.264448799283141,0.240871315320303,0.252110012158106
"DS09","Icelandic River - Flow of Vatnsdalsa River (Daily)","mc.rf_SMOTETPhi",35,0.242056366473175,0.239310052394141,0.240675375234257
"DS09","Icelandic River - Flow of Vatnsdalsa River (Daily)","mc.rf_SMOTETPhi",36,0.269072595555534,0.276087421418394,0.272534876983961
"DS09","Icelandic River - Flow of Vatnsdalsa River (Daily)","mc.rf_SMOTETPhi",37,0.295826717245012,0.276347912669915,0.285755751997628
"DS09","Icelandic River - Flow of Vatnsdalsa River (Daily)","mc.rf_SMOTETPhi",38,0.246656807852953,0.257054429746579,0.251748304794268
"DS09","Icelandic River - Flow of Vatnsdalsa River (Daily)","mc.rf_SMOTETPhi",39,0.275917557805688,0.272362929953092,0.274128721146544
"DS09","Icelandic River - Flow of Vatnsdalsa River (Daily)","mc.rf_SMOTETPhi",40,0.266067830894931,0.270327099640674,0.268180554807603
"DS09","Icelandic River - Flow of Vatnsdalsa River (Daily)","mc.rf_SMOTETPhi",41,0.291009395863022,0.27232681675064,0.281358310172236
"DS09","Icelandic River - Flow of Vatnsdalsa River (Daily)","mc.rf_SMOTETPhi",42,0.313906034637005,0.294105629006353,0.303683423481032
"DS09","Icelandic River - Flow of Vatnsdalsa River (Daily)","mc.rf_SMOTETPhi",43,0.254254785919139,0.264859727672548,0.259448933115183
"DS09","Icelandic River - Flow of Vatnsdalsa River (Daily)","mc.rf_SMOTETPhi",44,0.297923866816225,0.288885431736395,0.293335041220598
"DS09","Icelandic River - Flow of Vatnsdalsa River (Daily)","mc.rf_SMOTETPhi",45,0.26128571725753,0.276633771423299,0.268740787069269
"DS09","Icelandic River - Flow of Vatnsdalsa River (Daily)","mc.rf_SMOTETPhi",46,0.340319405172403,0.305645326296443,0.322051748560353
"DS09","Icelandic River - Flow of Vatnsdalsa River (Daily)","mc.rf_SMOTETPhi",47,0.35148670067443,0.311065516063002,0.330043094483836
"DS09","Icelandic River - Flow of Vatnsdalsa River (Daily)","mc.rf_SMOTETPhi",48,0.306076633839666,0.263383677692403,0.28312979094018
"DS09","Icelandic River - Flow of Vatnsdalsa River (Daily)","mc.rf_SMOTETPhi",49,0.327046076612277,0.294357672008871,0.309842101740898
"DS09","Icelandic River - Flow of Vatnsdalsa River (Daily)","mc.rf_SMOTETPhi",50,0.262748362145816,0.235174096884857,0.248197716953399
"DS09","Icelandic River - Flow of Vatnsdalsa River (Daily)","mc.rpart",1,0.350545955745648,0.369306458256738,0.359681742686271
"DS09","Icelandic River - Flow of Vatnsdalsa River (Daily)","mc.rpart",2,0.314293496850791,0.350779168578751,0.331535536628391
"DS09","Icelandic River - Flow of Vatnsdalsa River (Daily)","mc.rpart",3,0.288478757541392,0.318005796372443,0.302523506778432
"DS09","Icelandic River - Flow of Vatnsdalsa River (Daily)","mc.rpart",4,0.28947516209575,0.31363148051364,0.30106955303033
"DS09","Icelandic River - Flow of Vatnsdalsa River (Daily)","mc.rpart",5,0.289283084133654,0.313558551609109,0.30093205076721
"DS09","Icelandic River - Flow of Vatnsdalsa River (Daily)","mc.rpart",6,0.289283084133654,0.313425038532746,0.300870548717151
"DS09","Icelandic River - Flow of Vatnsdalsa River (Daily)","mc.rpart",7,0.338718779521039,0.300563426225703,0.31850245786495
"DS09","Icelandic River - Flow of Vatnsdalsa River (Daily)","mc.rpart",8,0.333950751159927,0.329249456735858,0.331583440677134
"DS09","Icelandic River - Flow of Vatnsdalsa River (Daily)","mc.rpart",9,0.381887208738084,0.310609414408023,0.34258004533554
"DS09","Icelandic River - Flow of Vatnsdalsa River (Daily)","mc.rpart",10,0.359620860914749,0.320372213194916,0.338863837027076
"DS09","Icelandic River - Flow of Vatnsdalsa River (Daily)","mc.rpart",11,0.358773160261096,0.322631065457956,0.339743613508146
"DS09","Icelandic River - Flow of Vatnsdalsa River (Daily)","mc.rpart",12,0.359869989000244,0.324055463686108,0.341024992399777
"DS09","Icelandic River - Flow of Vatnsdalsa River (Daily)","mc.rpart",13,0.352566545386845,0.319684224331536,0.33532118567736
"DS09","Icelandic River - Flow of Vatnsdalsa River (Daily)","mc.rpart",14,0.360585038986415,0.325358679295109,0.342067341478431
"DS09","Icelandic River - Flow of Vatnsdalsa River (Daily)","mc.rpart",15,0.332710046691845,0.320523882676595,0.326503297445938
"DS09","Icelandic River - Flow of Vatnsdalsa River (Daily)","mc.rpart",16,0.332710046691845,0.322224079141546,0.327383118966359
"DS09","Icelandic River - Flow of Vatnsdalsa River (Daily)","mc.rpart",17,0.362603573756055,0.319637181733776,0.339767401666781
"DS09","Icelandic River - Flow of Vatnsdalsa River (Daily)","mc.rpart",18,0.3500952636587,0.333467590543339,0.341579192945425
"DS09","Icelandic River - Flow of Vatnsdalsa River (Daily)","mc.rpart",19,0.368235637174367,0.334729266596523,0.350683922070317
"DS09","Icelandic River - Flow of Vatnsdalsa River (Daily)","mc.rpart",20,0.368042324756892,0.334378424555594,0.350403694203059
"DS09","Icelandic River - Flow of Vatnsdalsa River (Daily)","mc.rpart",21,0.36521338884606,0.332064356553003,0.347850909546242
"DS09","Icelandic River - Flow of Vatnsdalsa River (Daily)","mc.rpart",22,0.288645071594992,0.27151105860835,0.279816018160473
"DS09","Icelandic River - Flow of Vatnsdalsa River (Daily)","mc.rpart",23,0.274833753876823,0.280453964551983,0.277615417411186
"DS09","Icelandic River - Flow of Vatnsdalsa River (Daily)","mc.rpart",24,0.290210453037318,0.286216552311964,0.288199666366786
"DS09","Icelandic River - Flow of Vatnsdalsa River (Daily)","mc.rpart",25,0.311731129090974,0.270751979713436,0.289800061371486
"DS09","Icelandic River - Flow of Vatnsdalsa River (Daily)","mc.rpart",26,0.304743872428273,0.279810753478705,0.29174557443582
"DS09","Icelandic River - Flow of Vatnsdalsa River (Daily)","mc.rpart",27,0.299723105280269,0.273378077793868,0.28594506105331
"DS09","Icelandic River - Flow of Vatnsdalsa River (Daily)","mc.rpart",28,0.284182275335359,0.263269948690387,0.273326693226618
"DS09","Icelandic River - Flow of Vatnsdalsa River (Daily)","mc.rpart",29,0.284873589866386,0.263302510969411,0.273663632567439
"DS09","Icelandic River - Flow of Vatnsdalsa River (Daily)","mc.rpart",30,0.28574449614789,0.263069592567158,0.273938624119261
"DS09","Icelandic River - Flow of Vatnsdalsa River (Daily)","mc.rpart",31,0.300603573183811,0.268808182670441,0.283818166312899
"DS09","Icelandic River - Flow of Vatnsdalsa River (Daily)","mc.rpart",32,0.308493421184803,0.300245730994627,0.3043137029023
"DS09","Icelandic River - Flow of Vatnsdalsa River (Daily)","mc.rpart",33,0.347216746331991,0.288788703638689,0.315318914513961
"DS09","Icelandic River - Flow of Vatnsdalsa River (Daily)","mc.rpart",34,0.347216746331991,0.292027676582481,0.317239841497769
"DS09","Icelandic River - Flow of Vatnsdalsa River (Daily)","mc.rpart",35,0.343115438700299,0.302077504590836,0.321291348849756
"DS09","Icelandic River - Flow of Vatnsdalsa River (Daily)","mc.rpart",36,0.276218636885811,0.284039578145323,0.280074519184202
"DS09","Icelandic River - Flow of Vatnsdalsa River (Daily)","mc.rpart",37,0.291591101433592,0.286144834698525,0.288842297323168
"DS09","Icelandic River - Flow of Vatnsdalsa River (Daily)","mc.rpart",38,0.278741879885754,0.289965486760669,0.284242932734534
"DS09","Icelandic River - Flow of Vatnsdalsa River (Daily)","mc.rpart",39,0.299929906660928,0.28642800050598,0.293023501198836
"DS09","Icelandic River - Flow of Vatnsdalsa River (Daily)","mc.rpart",40,0.301866300870682,0.290925276381752,0.296294820578204
"DS09","Icelandic River - Flow of Vatnsdalsa River (Daily)","mc.rpart",41,0.292087951838208,0.286412057790868,0.289222160585756
"DS09","Icelandic River - Flow of Vatnsdalsa River (Daily)","mc.rpart",42,0.267591994188855,0.287354563955316,0.277121390085621
"DS09","Icelandic River - Flow of Vatnsdalsa River (Daily)","mc.rpart",43,0.283890895902196,0.283234223010988,0.283562179276565
"DS09","Icelandic River - Flow of Vatnsdalsa River (Daily)","mc.rpart",44,0.301553488253195,0.287788505541176,0.294510245795909
"DS09","Icelandic River - Flow of Vatnsdalsa River (Daily)","mc.rpart",45,0.30055256665696,0.298865311971548,0.299706564653375
"DS09","Icelandic River - Flow of Vatnsdalsa River (Daily)","mc.rpart",46,0.279855089930241,0.277722658561462,0.278784796551257
"DS09","Icelandic River - Flow of Vatnsdalsa River (Daily)","mc.rpart",47,0.26228419248229,0.255464446297681,0.258829404797712
"DS09","Icelandic River - Flow of Vatnsdalsa River (Daily)","mc.rpart",48,0.261637667741232,0.250026099077236,0.255700128401764
"DS09","Icelandic River - Flow of Vatnsdalsa River (Daily)","mc.rpart",49,0.261637667741232,0.255256912310424,0.258407906714957
"DS09","Icelandic River - Flow of Vatnsdalsa River (Daily)","mc.rpart",50,0.333247453841514,0.323120810310845,0.328106013651815
"DS09","Icelandic River - Flow of Vatnsdalsa River (Daily)","mc.rpart_UNDERB",1,0.292479286920224,0.364712996857882,0.324626444602468
"DS09","Icelandic River - Flow of Vatnsdalsa River (Daily)","mc.rpart_UNDERB",2,0.26631613823679,0.290743510539633,0.277994247525902
"DS09","Icelandic River - Flow of Vatnsdalsa River (Daily)","mc.rpart_UNDERB",3,0.32218015634091,0.334073096688107,0.32801886169243
"DS09","Icelandic River - Flow of Vatnsdalsa River (Daily)","mc.rpart_UNDERB",4,0.235665075593244,0.27008930755312,0.251705646861443
"DS09","Icelandic River - Flow of Vatnsdalsa River (Daily)","mc.rpart_UNDERB",5,0.301718973922614,0.350481904776621,0.324277516763086
"DS09","Icelandic River - Flow of Vatnsdalsa River (Daily)","mc.rpart_UNDERB",6,0.35542461888753,0.320206758847101,0.336897808417487
"DS09","Icelandic River - Flow of Vatnsdalsa River (Daily)","mc.rpart_UNDERB",7,0.346605387127675,0.329032066936435,0.337590186132874
"DS09","Icelandic River - Flow of Vatnsdalsa River (Daily)","mc.rpart_UNDERB",8,0.222667128133676,0.271311706869945,0.2445942794182
"DS09","Icelandic River - Flow of Vatnsdalsa River (Daily)","mc.rpart_UNDERB",9,0.367462399598877,0.312645975712208,0.337845098312723
"DS09","Icelandic River - Flow of Vatnsdalsa River (Daily)","mc.rpart_UNDERB",10,0.293621784262583,0.312291585037838,0.302669051567126
"DS09","Icelandic River - Flow of Vatnsdalsa River (Daily)","mc.rpart_UNDERB",11,0.254184471572374,0.304963549517025,0.27726825727396
"DS09","Icelandic River - Flow of Vatnsdalsa River (Daily)","mc.rpart_UNDERB",12,0.329185468385759,0.330785638938407,0.329983613769738
"DS09","Icelandic River - Flow of Vatnsdalsa River (Daily)","mc.rpart_UNDERB",13,0.361504850816699,0.307524050332868,0.332336721917719
"DS09","Icelandic River - Flow of Vatnsdalsa River (Daily)","mc.rpart_UNDERB",14,0.24082586010626,0.270331702938625,0.254727190130483
"DS09","Icelandic River - Flow of Vatnsdalsa River (Daily)","mc.rpart_UNDERB",15,0.259536374560196,0.265804748901756,0.262633164585454
"DS09","Icelandic River - Flow of Vatnsdalsa River (Daily)","mc.rpart_UNDERB",16,0.295874058665652,0.298341856591405,0.297102833206205
"DS09","Icelandic River - Flow of Vatnsdalsa River (Daily)","mc.rpart_UNDERB",17,0.287038640364265,0.282460181471832,0.284731006765989
"DS09","Icelandic River - Flow of Vatnsdalsa River (Daily)","mc.rpart_UNDERB",18,0.253331074035986,0.269881448456073,0.261344498690978
"DS09","Icelandic River - Flow of Vatnsdalsa River (Daily)","mc.rpart_UNDERB",19,0.270004459931148,0.263215588995067,0.266566807062824
"DS09","Icelandic River - Flow of Vatnsdalsa River (Daily)","mc.rpart_UNDERB",20,0.274713402048307,0.269503957770876,0.27208374657258
"DS09","Icelandic River - Flow of Vatnsdalsa River (Daily)","mc.rpart_UNDERB",21,0.267890646298783,0.270548335469557,0.269212931819942
"DS09","Icelandic River - Flow of Vatnsdalsa River (Daily)","mc.rpart_UNDERB",22,0.290816190620618,0.281570455293022,0.286118649986758
"DS09","Icelandic River - Flow of Vatnsdalsa River (Daily)","mc.rpart_UNDERB",23,0.253161694582555,0.231563429223506,0.241881376749209
"DS09","Icelandic River - Flow of Vatnsdalsa River (Daily)","mc.rpart_UNDERB",24,0.28446451689105,0.26506569634023,0.27442271030175
"DS09","Icelandic River - Flow of Vatnsdalsa River (Daily)","mc.rpart_UNDERB",25,0.258961228775138,0.228979217299914,0.243049084997698
"DS09","Icelandic River - Flow of Vatnsdalsa River (Daily)","mc.rpart_UNDERB",26,0.273969247581365,0.303408189229717,0.287938211691803
"DS09","Icelandic River - Flow of Vatnsdalsa River (Daily)","mc.rpart_UNDERB",27,0.30304565798968,0.317785972569495,0.31024082671327
"DS09","Icelandic River - Flow of Vatnsdalsa River (Daily)","mc.rpart_UNDERB",28,0.32638228084328,0.300967564543767,0.313160131935756
"DS09","Icelandic River - Flow of Vatnsdalsa River (Daily)","mc.rpart_UNDERB",29,0.344526002556299,0.353813348234933,0.34910791832174
"DS09","Icelandic River - Flow of Vatnsdalsa River (Daily)","mc.rpart_UNDERB",30,0.31484676576165,0.329460752761176,0.321988024259195
"DS09","Icelandic River - Flow of Vatnsdalsa River (Daily)","mc.rpart_UNDERB",31,0.304666463981375,0.312244579328233,0.308408976992625
"DS09","Icelandic River - Flow of Vatnsdalsa River (Daily)","mc.rpart_UNDERB",32,0.331664263806257,0.339487727414294,0.335530397456931
"DS09","Icelandic River - Flow of Vatnsdalsa River (Daily)","mc.rpart_UNDERB",33,0.306757244179522,0.319953551420188,0.313216464079539
"DS09","Icelandic River - Flow of Vatnsdalsa River (Daily)","mc.rpart_UNDERB",34,0.278186440421798,0.332083858936305,0.302755112730192
"DS09","Icelandic River - Flow of Vatnsdalsa River (Daily)","mc.rpart_UNDERB",35,0.250273193076325,0.306515572037977,0.275553803338013
"DS09","Icelandic River - Flow of Vatnsdalsa River (Daily)","mc.rpart_UNDERB",36,0.279943477674376,0.248021211423743,0.263017288453815
"DS09","Icelandic River - Flow of Vatnsdalsa River (Daily)","mc.rpart_UNDERB",37,0.274402077054114,0.306502199895917,0.289565229971029
"DS09","Icelandic River - Flow of Vatnsdalsa River (Daily)","mc.rpart_UNDERB",38,0.273087847368299,0.285933777671572,0.279363217223112
"DS09","Icelandic River - Flow of Vatnsdalsa River (Daily)","mc.rpart_UNDERB",39,0.283455033048563,0.301051207354125,0.291988259598677
"DS09","Icelandic River - Flow of Vatnsdalsa River (Daily)","mc.rpart_UNDERB",40,0.28754184860155,0.28763708940558,0.287589461118357
"DS09","Icelandic River - Flow of Vatnsdalsa River (Daily)","mc.rpart_UNDERB",41,0.276410643474301,0.281101369612555,0.278736273415542
"DS09","Icelandic River - Flow of Vatnsdalsa River (Daily)","mc.rpart_UNDERB",42,0.265055094964786,0.303095372832566,0.282801748420553
"DS09","Icelandic River - Flow of Vatnsdalsa River (Daily)","mc.rpart_UNDERB",43,0.295901580466316,0.293646680311449,0.294769818125539
"DS09","Icelandic River - Flow of Vatnsdalsa River (Daily)","mc.rpart_UNDERB",44,0.337977052735286,0.302954585227024,0.319508951541855
"DS09","Icelandic River - Flow of Vatnsdalsa River (Daily)","mc.rpart_UNDERB",45,0.297245501082794,0.300774340404064,0.298999509126547
"DS09","Icelandic River - Flow of Vatnsdalsa River (Daily)","mc.rpart_UNDERB",46,0.325000239269038,0.324123842856207,0.32456144944178
"DS09","Icelandic River - Flow of Vatnsdalsa River (Daily)","mc.rpart_UNDERB",47,0.296704269445565,0.303283426665064,0.299957776224176
"DS09","Icelandic River - Flow of Vatnsdalsa River (Daily)","mc.rpart_UNDERB",48,0.290077468141374,0.28913924034371,0.289607594361665
"DS09","Icelandic River - Flow of Vatnsdalsa River (Daily)","mc.rpart_UNDERB",49,0.301595294481539,0.317517548595059,0.30935167842976
"DS09","Icelandic River - Flow of Vatnsdalsa River (Daily)","mc.rpart_UNDERB",50,0.253024833572131,0.255395377671408,0.254204579209559
"DS09","Icelandic River - Flow of Vatnsdalsa River (Daily)","mc.rpart_UNDERT",1,0.370729184416268,0.375471976300116,0.373085507964823
"DS09","Icelandic River - Flow of Vatnsdalsa River (Daily)","mc.rpart_UNDERT",2,0.228057568254573,0.331748003139707,0.270299713812834
"DS09","Icelandic River - Flow of Vatnsdalsa River (Daily)","mc.rpart_UNDERT",3,0.287487934706355,0.303659372017266,0.295352460283769
"DS09","Icelandic River - Flow of Vatnsdalsa River (Daily)","mc.rpart_UNDERT",4,0.333153075759601,0.290920145959908,0.31060759556364
"DS09","Icelandic River - Flow of Vatnsdalsa River (Daily)","mc.rpart_UNDERT",5,0.324556545260528,0.302697659876809,0.313246227585045
"DS09","Icelandic River - Flow of Vatnsdalsa River (Daily)","mc.rpart_UNDERT",6,0.381589048060356,0.333047178844515,0.355669503307682
"DS09","Icelandic River - Flow of Vatnsdalsa River (Daily)","mc.rpart_UNDERT",7,0.271511850232528,0.262275319617266,0.266813671522491
"DS09","Icelandic River - Flow of Vatnsdalsa River (Daily)","mc.rpart_UNDERT",8,0.306762849716646,0.34610597328288,0.325248965574472
"DS09","Icelandic River - Flow of Vatnsdalsa River (Daily)","mc.rpart_UNDERT",9,0.309431032893021,0.343503085435309,0.325578068428456
"DS09","Icelandic River - Flow of Vatnsdalsa River (Daily)","mc.rpart_UNDERT",10,0.334067148183041,0.343681937154835,0.338806343265226
"DS09","Icelandic River - Flow of Vatnsdalsa River (Daily)","mc.rpart_UNDERT",11,0.334499555736259,0.325371245887721,0.329872262663972
"DS09","Icelandic River - Flow of Vatnsdalsa River (Daily)","mc.rpart_UNDERT",12,0.319824155775708,0.337212152808933,0.328288073825779
"DS09","Icelandic River - Flow of Vatnsdalsa River (Daily)","mc.rpart_UNDERT",13,0.315950681142323,0.333925018090531,0.324689281475543
"DS09","Icelandic River - Flow of Vatnsdalsa River (Daily)","mc.rpart_UNDERT",14,0.159094448392018,0.300471004167785,0.208036824350494
"DS09","Icelandic River - Flow of Vatnsdalsa River (Daily)","mc.rpart_UNDERT",15,0.310913985027771,0.274407723623839,0.291522414471282
"DS09","Icelandic River - Flow of Vatnsdalsa River (Daily)","mc.rpart_UNDERT",16,0.305173957490316,0.31008932285095,0.307612005635792
"DS09","Icelandic River - Flow of Vatnsdalsa River (Daily)","mc.rpart_UNDERT",17,0.265939301816661,0.267393461132163,0.266664399054184
"DS09","Icelandic River - Flow of Vatnsdalsa River (Daily)","mc.rpart_UNDERT",18,0.318152473121513,0.338442482340003,0.327983978159476
"DS09","Icelandic River - Flow of Vatnsdalsa River (Daily)","mc.rpart_UNDERT",19,0.254956153268828,0.26408567986845,0.259440626069288
"DS09","Icelandic River - Flow of Vatnsdalsa River (Daily)","mc.rpart_UNDERT",20,0.256719909460661,0.293744503128752,0.273987057194296
"DS09","Icelandic River - Flow of Vatnsdalsa River (Daily)","mc.rpart_UNDERT",21,0.28052203448502,0.294542680590034,0.287361438933021
"DS09","Icelandic River - Flow of Vatnsdalsa River (Daily)","mc.rpart_UNDERT",22,0.320932518151406,0.341595934564069,0.330941993572041
"DS09","Icelandic River - Flow of Vatnsdalsa River (Daily)","mc.rpart_UNDERT",23,0.320093902344679,0.272596378073603,0.294441941450516
"DS09","Icelandic River - Flow of Vatnsdalsa River (Daily)","mc.rpart_UNDERT",24,0.288783625069762,0.28174686601313,0.285221850859834
"DS09","Icelandic River - Flow of Vatnsdalsa River (Daily)","mc.rpart_UNDERT",25,0.208583576000953,0.286267201884784,0.24132784802736
"DS09","Icelandic River - Flow of Vatnsdalsa River (Daily)","mc.rpart_UNDERT",26,0.337769296397462,0.345931346680752,0.34180160206992
"DS09","Icelandic River - Flow of Vatnsdalsa River (Daily)","mc.rpart_UNDERT",27,0.331419034748513,0.3131073701481,0.322003075742953
"DS09","Icelandic River - Flow of Vatnsdalsa River (Daily)","mc.rpart_UNDERT",28,0.293020665090416,0.318829631974443,0.305380813770465
"DS09","Icelandic River - Flow of Vatnsdalsa River (Daily)","mc.rpart_UNDERT",29,0.336319187731359,0.311955194192574,0.323679356904576
"DS09","Icelandic River - Flow of Vatnsdalsa River (Daily)","mc.rpart_UNDERT",30,0.322055844927272,0.318007699676304,0.320018970854095
"DS09","Icelandic River - Flow of Vatnsdalsa River (Daily)","mc.rpart_UNDERT",31,0.276998945862445,0.322728230910113,0.29812015604574
"DS09","Icelandic River - Flow of Vatnsdalsa River (Daily)","mc.rpart_UNDERT",32,0.320203107415529,0.322526278567408,0.321360494393802
"DS09","Icelandic River - Flow of Vatnsdalsa River (Daily)","mc.rpart_UNDERT",33,0.295258337520957,0.336630816641998,0.314590160711657
"DS09","Icelandic River - Flow of Vatnsdalsa River (Daily)","mc.rpart_UNDERT",34,0.22033859131546,0.286879212814646,0.249244254103719
"DS09","Icelandic River - Flow of Vatnsdalsa River (Daily)","mc.rpart_UNDERT",35,0.307062421534797,0.315808789790975,0.311374197336188
"DS09","Icelandic River - Flow of Vatnsdalsa River (Daily)","mc.rpart_UNDERT",36,0.277515473813064,0.307264898796983,0.291633467775874
"DS09","Icelandic River - Flow of Vatnsdalsa River (Daily)","mc.rpart_UNDERT",37,0.252782426883873,0.295337714904765,0.272408104107775
"DS09","Icelandic River - Flow of Vatnsdalsa River (Daily)","mc.rpart_UNDERT",38,0.263308500373252,0.307437351681025,0.283666951721119
"DS09","Icelandic River - Flow of Vatnsdalsa River (Daily)","mc.rpart_UNDERT",39,0.284595122135164,0.312949496456198,0.298099580834807
"DS09","Icelandic River - Flow of Vatnsdalsa River (Daily)","mc.rpart_UNDERT",40,0.270856995226302,0.269912512055633,0.270383928845516
"DS09","Icelandic River - Flow of Vatnsdalsa River (Daily)","mc.rpart_UNDERT",41,0.254233333512613,0.23790925798379,0.245800565835291
"DS09","Icelandic River - Flow of Vatnsdalsa River (Daily)","mc.rpart_UNDERT",42,0.248645025903942,0.290916133130456,0.268124746368132
"DS09","Icelandic River - Flow of Vatnsdalsa River (Daily)","mc.rpart_UNDERT",43,0.262850935096127,0.286016606370171,0.273944902030745
"DS09","Icelandic River - Flow of Vatnsdalsa River (Daily)","mc.rpart_UNDERT",44,0.268853613894242,0.286952076566774,0.277608178985874
"DS09","Icelandic River - Flow of Vatnsdalsa River (Daily)","mc.rpart_UNDERT",45,0.27962801250936,0.309809871030486,0.293946218630448
"DS09","Icelandic River - Flow of Vatnsdalsa River (Daily)","mc.rpart_UNDERT",46,0.336805702865174,0.323542307975466,0.330040804713184
"DS09","Icelandic River - Flow of Vatnsdalsa River (Daily)","mc.rpart_UNDERT",47,0.30470957400303,0.299669135955009,0.302168336687593
"DS09","Icelandic River - Flow of Vatnsdalsa River (Daily)","mc.rpart_UNDERT",48,0.368861303124735,0.320671902944474,0.343082696973741
"DS09","Icelandic River - Flow of Vatnsdalsa River (Daily)","mc.rpart_UNDERT",49,0.305128612862127,0.260399520155847,0.280995196299427
"DS09","Icelandic River - Flow of Vatnsdalsa River (Daily)","mc.rpart_UNDERT",50,0.31690792868487,0.2828253049593,0.298898165204888
"DS09","Icelandic River - Flow of Vatnsdalsa River (Daily)","mc.rpart_UNDERTPhi",1,0.300775092802854,0.31825319701181,0.309267400023644
"DS09","Icelandic River - Flow of Vatnsdalsa River (Daily)","mc.rpart_UNDERTPhi",2,0.233210949340824,0.36353860344199,0.284143263904883
"DS09","Icelandic River - Flow of Vatnsdalsa River (Daily)","mc.rpart_UNDERTPhi",3,0.353517118463445,0.330738735294514,0.341748788916958
"DS09","Icelandic River - Flow of Vatnsdalsa River (Daily)","mc.rpart_UNDERTPhi",4,0.296446429756905,0.294022955341707,0.29522971919388
"DS09","Icelandic River - Flow of Vatnsdalsa River (Daily)","mc.rpart_UNDERTPhi",5,0.34107960265418,0.298308621750213,0.318263559732144
"DS09","Icelandic River - Flow of Vatnsdalsa River (Daily)","mc.rpart_UNDERTPhi",6,0.35565460156689,0.294407750579462,0.322145932262724
"DS09","Icelandic River - Flow of Vatnsdalsa River (Daily)","mc.rpart_UNDERTPhi",7,0.276962643234396,0.264795874343159,0.27074263863381
"DS09","Icelandic River - Flow of Vatnsdalsa River (Daily)","mc.rpart_UNDERTPhi",8,0.306085260812848,0.337049546800861,0.320822002535304
"DS09","Icelandic River - Flow of Vatnsdalsa River (Daily)","mc.rpart_UNDERTPhi",9,0.310758222937696,0.34164532837392,0.325470622920427
"DS09","Icelandic River - Flow of Vatnsdalsa River (Daily)","mc.rpart_UNDERTPhi",10,0.322288981802529,0.345241787917101,0.333370772856571
"DS09","Icelandic River - Flow of Vatnsdalsa River (Daily)","mc.rpart_UNDERTPhi",11,0.339410557182912,0.323065032571294,0.331036145051086
"DS09","Icelandic River - Flow of Vatnsdalsa River (Daily)","mc.rpart_UNDERTPhi",12,0.284893015325433,0.2963143006605,0.290491438346795
"DS09","Icelandic River - Flow of Vatnsdalsa River (Daily)","mc.rpart_UNDERTPhi",13,0.339846516251429,0.317946505317912,0.328531950457059
"DS09","Icelandic River - Flow of Vatnsdalsa River (Daily)","mc.rpart_UNDERTPhi",14,0.265867927556867,0.256216164785565,0.260952830156057
"DS09","Icelandic River - Flow of Vatnsdalsa River (Daily)","mc.rpart_UNDERTPhi",15,0.270050891295858,0.235110543727247,0.251372363306763
"DS09","Icelandic River - Flow of Vatnsdalsa River (Daily)","mc.rpart_UNDERTPhi",16,0.311323279859247,0.266673017317434,0.287273530321068
"DS09","Icelandic River - Flow of Vatnsdalsa River (Daily)","mc.rpart_UNDERTPhi",17,0.250105947045578,0.253951836035386,0.25201421974826
"DS09","Icelandic River - Flow of Vatnsdalsa River (Daily)","mc.rpart_UNDERTPhi",18,0.264333096099003,0.262307819813751,0.263316563705183
"DS09","Icelandic River - Flow of Vatnsdalsa River (Daily)","mc.rpart_UNDERTPhi",19,0.241166117248651,0.280050873798839,0.259158020656331
"DS09","Icelandic River - Flow of Vatnsdalsa River (Daily)","mc.rpart_UNDERTPhi",20,0.286921818493442,0.259835219991816,0.272707577885915
"DS09","Icelandic River - Flow of Vatnsdalsa River (Daily)","mc.rpart_UNDERTPhi",21,0.252187138873234,0.243033941045675,0.247525950435838
"DS09","Icelandic River - Flow of Vatnsdalsa River (Daily)","mc.rpart_UNDERTPhi",22,0.30772490082472,0.253604279671281,0.278055567115223
"DS09","Icelandic River - Flow of Vatnsdalsa River (Daily)","mc.rpart_UNDERTPhi",23,0.308254199967071,0.262254202273483,0.28339971503427
"DS09","Icelandic River - Flow of Vatnsdalsa River (Daily)","mc.rpart_UNDERTPhi",24,0.295498494743039,0.27074643809985,0.282581477643857
"DS09","Icelandic River - Flow of Vatnsdalsa River (Daily)","mc.rpart_UNDERTPhi",25,0.284617923296971,0.311528031271912,0.297465614351193
"DS09","Icelandic River - Flow of Vatnsdalsa River (Daily)","mc.rpart_UNDERTPhi",26,0.289493551290743,0.274025416758332,0.281547190207045
"DS09","Icelandic River - Flow of Vatnsdalsa River (Daily)","mc.rpart_UNDERTPhi",27,0.250377936003189,0.281990147749415,0.26524546952196
"DS09","Icelandic River - Flow of Vatnsdalsa River (Daily)","mc.rpart_UNDERTPhi",28,0.28866729540051,0.279446435844047,0.283982035314293
"DS09","Icelandic River - Flow of Vatnsdalsa River (Daily)","mc.rpart_UNDERTPhi",29,0.305131659904867,0.317597297144729,0.311239711473228
"DS09","Icelandic River - Flow of Vatnsdalsa River (Daily)","mc.rpart_UNDERTPhi",30,0.321905784222755,0.304375235306728,0.312895156532156
"DS09","Icelandic River - Flow of Vatnsdalsa River (Daily)","mc.rpart_UNDERTPhi",31,0.371393701899412,0.325491961258317,0.346931127503668
"DS09","Icelandic River - Flow of Vatnsdalsa River (Daily)","mc.rpart_UNDERTPhi",32,0.350727430730978,0.362402431068165,0.356469362308089
"DS09","Icelandic River - Flow of Vatnsdalsa River (Daily)","mc.rpart_UNDERTPhi",33,0.334133342980758,0.342141074821707,0.338089799323442
"DS09","Icelandic River - Flow of Vatnsdalsa River (Daily)","mc.rpart_UNDERTPhi",34,0.307622511867332,0.334237573137028,0.320378238843611
"DS09","Icelandic River - Flow of Vatnsdalsa River (Daily)","mc.rpart_UNDERTPhi",35,0.303167931461108,0.319464699416808,0.311103039879157
"DS09","Icelandic River - Flow of Vatnsdalsa River (Daily)","mc.rpart_UNDERTPhi",36,0.277791908047568,0.255221829942084,0.266029012244258
"DS09","Icelandic River - Flow of Vatnsdalsa River (Daily)","mc.rpart_UNDERTPhi",37,0.323486943394566,0.315748578033711,0.319570921719394
"DS09","Icelandic River - Flow of Vatnsdalsa River (Daily)","mc.rpart_UNDERTPhi",38,0.253126952354205,0.255921717736965,0.254516663172537
"DS09","Icelandic River - Flow of Vatnsdalsa River (Daily)","mc.rpart_UNDERTPhi",39,0.252655255246266,0.266493564656246,0.259389974583222
"DS09","Icelandic River - Flow of Vatnsdalsa River (Daily)","mc.rpart_UNDERTPhi",40,0.351740152444713,0.314042527926289,0.331824091865419
"DS09","Icelandic River - Flow of Vatnsdalsa River (Daily)","mc.rpart_UNDERTPhi",41,0.305791516347596,0.312949409803827,0.309329060093813
"DS09","Icelandic River - Flow of Vatnsdalsa River (Daily)","mc.rpart_UNDERTPhi",42,0.298146974117843,0.284264301484621,0.29104018032512
"DS09","Icelandic River - Flow of Vatnsdalsa River (Daily)","mc.rpart_UNDERTPhi",43,0.275044956736567,0.301338714449767,0.287592094718085
"DS09","Icelandic River - Flow of Vatnsdalsa River (Daily)","mc.rpart_UNDERTPhi",44,0.272590728060327,0.29706420470475,0.284301752459412
"DS09","Icelandic River - Flow of Vatnsdalsa River (Daily)","mc.rpart_UNDERTPhi",45,0.331100087777983,0.314415109218906,0.322541965690098
"DS09","Icelandic River - Flow of Vatnsdalsa River (Daily)","mc.rpart_UNDERTPhi",46,0.367267547491416,0.309909345889893,0.33615927100324
"DS09","Icelandic River - Flow of Vatnsdalsa River (Daily)","mc.rpart_UNDERTPhi",47,0.372029310820316,0.337965675144057,0.354180352510477
"DS09","Icelandic River - Flow of Vatnsdalsa River (Daily)","mc.rpart_UNDERTPhi",48,0.301938015765612,0.307118933505327,0.304506439004271
"DS09","Icelandic River - Flow of Vatnsdalsa River (Daily)","mc.rpart_UNDERTPhi",49,0.306708418185018,0.271412880967084,0.28798321569727
"DS09","Icelandic River - Flow of Vatnsdalsa River (Daily)","mc.rpart_UNDERTPhi",50,0.316942454581972,0.306450731793083,0.311608305210144
"DS09","Icelandic River - Flow of Vatnsdalsa River (Daily)","mc.rpart_OVERB",1,0.315926821482338,0.299059577271194,0.307261890255251
"DS09","Icelandic River - Flow of Vatnsdalsa River (Daily)","mc.rpart_OVERB",2,0.279784509586687,0.306838626817592,0.292687721976409
"DS09","Icelandic River - Flow of Vatnsdalsa River (Daily)","mc.rpart_OVERB",3,0.202497006789685,0.236924900711709,0.218362272836441
"DS09","Icelandic River - Flow of Vatnsdalsa River (Daily)","mc.rpart_OVERB",4,0.287493082202733,0.300371584522251,0.293791267032619
"DS09","Icelandic River - Flow of Vatnsdalsa River (Daily)","mc.rpart_OVERB",5,0.281105743066012,0.298206759980886,0.289403844767178
"DS09","Icelandic River - Flow of Vatnsdalsa River (Daily)","mc.rpart_OVERB",6,0.259015106621872,0.248206255092506,0.253495512924406
"DS09","Icelandic River - Flow of Vatnsdalsa River (Daily)","mc.rpart_OVERB",7,0.296900520293159,0.33070684396059,0.312893186500946
"DS09","Icelandic River - Flow of Vatnsdalsa River (Daily)","mc.rpart_OVERB",8,0.247188696502028,0.251633885109632,0.249391484463369
"DS09","Icelandic River - Flow of Vatnsdalsa River (Daily)","mc.rpart_OVERB",9,0.236235086573892,0.277500036980801,0.255210291275475
"DS09","Icelandic River - Flow of Vatnsdalsa River (Daily)","mc.rpart_OVERB",10,0.265089635166395,0.287593643956748,0.275883483479448
"DS09","Icelandic River - Flow of Vatnsdalsa River (Daily)","mc.rpart_OVERB",11,0.281017413268812,0.303031977231527,0.29160979795351
"DS09","Icelandic River - Flow of Vatnsdalsa River (Daily)","mc.rpart_OVERB",12,0.216919815292101,0.267000270174628,0.239368652092055
"DS09","Icelandic River - Flow of Vatnsdalsa River (Daily)","mc.rpart_OVERB",13,0.267995418175056,0.300247947147653,0.283206383259189
"DS09","Icelandic River - Flow of Vatnsdalsa River (Daily)","mc.rpart_OVERB",14,0.227428842146065,0.254481073613359,0.240195663244524
"DS09","Icelandic River - Flow of Vatnsdalsa River (Daily)","mc.rpart_OVERB",15,0.266016185688073,0.215982296569266,0.238402355295514
"DS09","Icelandic River - Flow of Vatnsdalsa River (Daily)","mc.rpart_OVERB",16,0.267640022655208,0.26073065814596,0.264140164428812
"DS09","Icelandic River - Flow of Vatnsdalsa River (Daily)","mc.rpart_OVERB",17,0.276090861989164,0.285653718216214,0.280790893483619
"DS09","Icelandic River - Flow of Vatnsdalsa River (Daily)","mc.rpart_OVERB",18,0.235155022789537,0.250143005403917,0.242417569077586
"DS09","Icelandic River - Flow of Vatnsdalsa River (Daily)","mc.rpart_OVERB",19,0.284392004910102,0.279049674851906,0.281695512955897
"DS09","Icelandic River - Flow of Vatnsdalsa River (Daily)","mc.rpart_OVERB",20,0.24360488331867,0.266712112643587,0.254635348594278
"DS09","Icelandic River - Flow of Vatnsdalsa River (Daily)","mc.rpart_OVERB",21,0.209824142200677,0.2767992459373,0.238702724761435
"DS09","Icelandic River - Flow of Vatnsdalsa River (Daily)","mc.rpart_OVERB",22,0.286400531240385,0.265734550225372,0.275680785040613
"DS09","Icelandic River - Flow of Vatnsdalsa River (Daily)","mc.rpart_OVERB",23,0.292504143827733,0.265870255966647,0.278551995289978
"DS09","Icelandic River - Flow of Vatnsdalsa River (Daily)","mc.rpart_OVERB",24,0.233825786603178,0.227050834101986,0.230388513965294
"DS09","Icelandic River - Flow of Vatnsdalsa River (Daily)","mc.rpart_OVERB",25,0.237239166092104,0.283349094162462,0.258252088816542
"DS09","Icelandic River - Flow of Vatnsdalsa River (Daily)","mc.rpart_OVERB",26,0.269830116254107,0.285961152614638,0.277661544454338
"DS09","Icelandic River - Flow of Vatnsdalsa River (Daily)","mc.rpart_OVERB",27,0.295009210787254,0.310494745333326,0.302553959717261
"DS09","Icelandic River - Flow of Vatnsdalsa River (Daily)","mc.rpart_OVERB",28,0.233258611823222,0.27002709309218,0.250299757271784
"DS09","Icelandic River - Flow of Vatnsdalsa River (Daily)","mc.rpart_OVERB",29,0.277770806836201,0.264635715057419,0.271044219131241
"DS09","Icelandic River - Flow of Vatnsdalsa River (Daily)","mc.rpart_OVERB",30,0.24715833420619,0.271770596920193,0.258880798475496
"DS09","Icelandic River - Flow of Vatnsdalsa River (Daily)","mc.rpart_OVERB",31,0.245452400378016,0.213539010250522,0.228386246132849
"DS09","Icelandic River - Flow of Vatnsdalsa River (Daily)","mc.rpart_OVERB",32,0.310201559063546,0.329074443349395,0.319359415931939
"DS09","Icelandic River - Flow of Vatnsdalsa River (Daily)","mc.rpart_OVERB",33,0.253931682306491,0.228357748746973,0.240466672389567
"DS09","Icelandic River - Flow of Vatnsdalsa River (Daily)","mc.rpart_OVERB",34,0.215514442041557,0.18224794017358,0.197490084009445
"DS09","Icelandic River - Flow of Vatnsdalsa River (Daily)","mc.rpart_OVERB",35,0.274089503800653,0.298138040976418,0.285608438325563
"DS09","Icelandic River - Flow of Vatnsdalsa River (Daily)","mc.rpart_OVERB",36,0.247813260023518,0.252855772220458,0.250309123170139
"DS09","Icelandic River - Flow of Vatnsdalsa River (Daily)","mc.rpart_OVERB",37,0.174525845813166,0.21110928704955,0.191082314558998
"DS09","Icelandic River - Flow of Vatnsdalsa River (Daily)","mc.rpart_OVERB",38,0.249333994193197,0.256684963213393,0.252956084710101
"DS09","Icelandic River - Flow of Vatnsdalsa River (Daily)","mc.rpart_OVERB",39,0.224672024862554,0.261305417591708,0.241607993084615
"DS09","Icelandic River - Flow of Vatnsdalsa River (Daily)","mc.rpart_OVERB",40,0.259140889669137,0.276497035971042,0.26753776931228
"DS09","Icelandic River - Flow of Vatnsdalsa River (Daily)","mc.rpart_OVERB",41,0.236476923285424,0.227331583638644,0.231814089918237
"DS09","Icelandic River - Flow of Vatnsdalsa River (Daily)","mc.rpart_OVERB",42,0.277835377497915,0.244060372880201,0.259854983614352
"DS09","Icelandic River - Flow of Vatnsdalsa River (Daily)","mc.rpart_OVERB",43,0.220523413444425,0.212183723989033,0.216273202096681
"DS09","Icelandic River - Flow of Vatnsdalsa River (Daily)","mc.rpart_OVERB",44,0.232928304973062,0.221661561467011,0.2271553134016
"DS09","Icelandic River - Flow of Vatnsdalsa River (Daily)","mc.rpart_OVERB",45,0.254288317214146,0.270372215505986,0.262083733823188
"DS09","Icelandic River - Flow of Vatnsdalsa River (Daily)","mc.rpart_OVERB",46,0.282218570660874,0.231091718007783,0.254108969905417
"DS09","Icelandic River - Flow of Vatnsdalsa River (Daily)","mc.rpart_OVERB",47,0.29482094136937,0.269992134276231,0.281860808900923
"DS09","Icelandic River - Flow of Vatnsdalsa River (Daily)","mc.rpart_OVERB",48,0.26444956492833,0.294941804888562,0.278864623912549
"DS09","Icelandic River - Flow of Vatnsdalsa River (Daily)","mc.rpart_OVERB",49,0.287470309870436,0.240021434435633,0.261611814317694
"DS09","Icelandic River - Flow of Vatnsdalsa River (Daily)","mc.rpart_OVERB",50,0.228113889801933,0.237754460790305,0.232834425432382
"DS09","Icelandic River - Flow of Vatnsdalsa River (Daily)","mc.rpart_OVERT",1,0.361208538943209,0.381910560596505,0.371271188388216
"DS09","Icelandic River - Flow of Vatnsdalsa River (Daily)","mc.rpart_OVERT",2,0.329352208675114,0.295417957866356,0.311463517677802
"DS09","Icelandic River - Flow of Vatnsdalsa River (Daily)","mc.rpart_OVERT",3,0.260575857508845,0.294248306043723,0.276390286165334
"DS09","Icelandic River - Flow of Vatnsdalsa River (Daily)","mc.rpart_OVERT",4,0.243009252521177,0.23787103423906,0.240412692382603
"DS09","Icelandic River - Flow of Vatnsdalsa River (Daily)","mc.rpart_OVERT",5,0.195056286775757,0.222775826127703,0.207996580855964
"DS09","Icelandic River - Flow of Vatnsdalsa River (Daily)","mc.rpart_OVERT",6,0.259148648175929,0.264071624115402,0.261586976022306
"DS09","Icelandic River - Flow of Vatnsdalsa River (Daily)","mc.rpart_OVERT",7,0.306193740181157,0.309766494786067,0.307969755958028
"DS09","Icelandic River - Flow of Vatnsdalsa River (Daily)","mc.rpart_OVERT",8,0.257509903482134,0.287290791159563,0.271586378763559
"DS09","Icelandic River - Flow of Vatnsdalsa River (Daily)","mc.rpart_OVERT",9,0.298228456812886,0.287268848327591,0.292646079068109
"DS09","Icelandic River - Flow of Vatnsdalsa River (Daily)","mc.rpart_OVERT",10,0.303757285246908,0.282533732950263,0.292761366106361
"DS09","Icelandic River - Flow of Vatnsdalsa River (Daily)","mc.rpart_OVERT",11,0.245160688324582,0.291702930944632,0.266414369571289
"DS09","Icelandic River - Flow of Vatnsdalsa River (Daily)","mc.rpart_OVERT",12,0.285539811953052,0.273586399030883,0.279435331048845
"DS09","Icelandic River - Flow of Vatnsdalsa River (Daily)","mc.rpart_OVERT",13,0.280838995833988,0.263991944876378,0.272155001368603
"DS09","Icelandic River - Flow of Vatnsdalsa River (Daily)","mc.rpart_OVERT",14,0.280132769089131,0.295732922803975,0.287721542512998
"DS09","Icelandic River - Flow of Vatnsdalsa River (Daily)","mc.rpart_OVERT",15,0.258123238785495,0.287623235307258,0.27207593478599
"DS09","Icelandic River - Flow of Vatnsdalsa River (Daily)","mc.rpart_OVERT",16,0.250876535474551,0.268993590224084,0.259619380473497
"DS09","Icelandic River - Flow of Vatnsdalsa River (Daily)","mc.rpart_OVERT",17,0.296365037569904,0.302942507136774,0.299617678109002
"DS09","Icelandic River - Flow of Vatnsdalsa River (Daily)","mc.rpart_OVERT",18,0.285458180707307,0.262821811442658,0.273672711821661
"DS09","Icelandic River - Flow of Vatnsdalsa River (Daily)","mc.rpart_OVERT",19,0.305924460567027,0.319323275406239,0.312480302301572
"DS09","Icelandic River - Flow of Vatnsdalsa River (Daily)","mc.rpart_OVERT",20,0.241969430418128,0.180108583487463,0.206505763977677
"DS09","Icelandic River - Flow of Vatnsdalsa River (Daily)","mc.rpart_OVERT",21,0.281559072390061,0.280473833091609,0.281015404986937
"DS09","Icelandic River - Flow of Vatnsdalsa River (Daily)","mc.rpart_OVERT",22,0.29812649006122,0.296682809187308,0.29740289762201
"DS09","Icelandic River - Flow of Vatnsdalsa River (Daily)","mc.rpart_OVERT",23,0.335238019128105,0.294130870199293,0.313341990562686
"DS09","Icelandic River - Flow of Vatnsdalsa River (Daily)","mc.rpart_OVERT",24,0.291403667361576,0.272147659615733,0.281446683840699
"DS09","Icelandic River - Flow of Vatnsdalsa River (Daily)","mc.rpart_OVERT",25,0.220388320652153,0.244052987724841,0.231617761575846
"DS09","Icelandic River - Flow of Vatnsdalsa River (Daily)","mc.rpart_OVERT",26,0.248370548502522,0.276284207975402,0.261584820990079
"DS09","Icelandic River - Flow of Vatnsdalsa River (Daily)","mc.rpart_OVERT",27,0.329137938669807,0.331914707850326,0.330520491313759
"DS09","Icelandic River - Flow of Vatnsdalsa River (Daily)","mc.rpart_OVERT",28,0.318385354141636,0.338564005761048,0.32816477936689
"DS09","Icelandic River - Flow of Vatnsdalsa River (Daily)","mc.rpart_OVERT",29,0.263555240781709,0.241481522851691,0.252035992158818
"DS09","Icelandic River - Flow of Vatnsdalsa River (Daily)","mc.rpart_OVERT",30,0.266526597096196,0.26931060099039,0.26791136673681
"DS09","Icelandic River - Flow of Vatnsdalsa River (Daily)","mc.rpart_OVERT",31,0.300226371372227,0.278295600915701,0.288845307296958
"DS09","Icelandic River - Flow of Vatnsdalsa River (Daily)","mc.rpart_OVERT",32,0.249738160953816,0.262363929837935,0.255895402563341
"DS09","Icelandic River - Flow of Vatnsdalsa River (Daily)","mc.rpart_OVERT",33,0.263386989082077,0.284324118485432,0.273455376225187
"DS09","Icelandic River - Flow of Vatnsdalsa River (Daily)","mc.rpart_OVERT",34,0.326510073394531,0.290766629173892,0.307603488151164
"DS09","Icelandic River - Flow of Vatnsdalsa River (Daily)","mc.rpart_OVERT",35,0.270516204568951,0.276658878542353,0.273553062241162
"DS09","Icelandic River - Flow of Vatnsdalsa River (Daily)","mc.rpart_OVERT",36,0.222172023984056,0.238858087326329,0.230213096300444
"DS09","Icelandic River - Flow of Vatnsdalsa River (Daily)","mc.rpart_OVERT",37,0.296502401156646,0.303156337006081,0.299792452365679
"DS09","Icelandic River - Flow of Vatnsdalsa River (Daily)","mc.rpart_OVERT",38,0.231538559470857,0.241194883458314,0.236268098663147
"DS09","Icelandic River - Flow of Vatnsdalsa River (Daily)","mc.rpart_OVERT",39,0.263848676086401,0.249892696293424,0.25668112644015
"DS09","Icelandic River - Flow of Vatnsdalsa River (Daily)","mc.rpart_OVERT",40,0.29166720727052,0.251062215368565,0.26984575426785
"DS09","Icelandic River - Flow of Vatnsdalsa River (Daily)","mc.rpart_OVERT",41,0.250302642029768,0.265565732360711,0.257708391296503
"DS09","Icelandic River - Flow of Vatnsdalsa River (Daily)","mc.rpart_OVERT",42,0.229482781991457,0.25067962395454,0.239613334077346
"DS09","Icelandic River - Flow of Vatnsdalsa River (Daily)","mc.rpart_OVERT",43,0.246154256430869,0.286957883353019,0.26499454479642
"DS09","Icelandic River - Flow of Vatnsdalsa River (Daily)","mc.rpart_OVERT",44,0.267056316558549,0.284958667435002,0.275717197189391
"DS09","Icelandic River - Flow of Vatnsdalsa River (Daily)","mc.rpart_OVERT",45,0.219315347916122,0.228325745615631,0.223729863327876
"DS09","Icelandic River - Flow of Vatnsdalsa River (Daily)","mc.rpart_OVERT",46,0.336634281256033,0.33660218855815,0.336618234142173
"DS09","Icelandic River - Flow of Vatnsdalsa River (Daily)","mc.rpart_OVERT",47,0.274667583236173,0.249866812176519,0.261680888924184
"DS09","Icelandic River - Flow of Vatnsdalsa River (Daily)","mc.rpart_OVERT",48,0.18812152878965,0.180821703181872,0.1843993996537
"DS09","Icelandic River - Flow of Vatnsdalsa River (Daily)","mc.rpart_OVERT",49,0.299537569514714,0.249807227514152,0.272421437980294
"DS09","Icelandic River - Flow of Vatnsdalsa River (Daily)","mc.rpart_OVERT",50,0.306640692999382,0.248619617470616,0.274598743533103
"DS09","Icelandic River - Flow of Vatnsdalsa River (Daily)","mc.rpart_OVERTPhi",1,0.327241375002012,0.323953733391116,0.325589255157442
"DS09","Icelandic River - Flow of Vatnsdalsa River (Daily)","mc.rpart_OVERTPhi",2,0.301360880228935,0.317396788526063,0.309171038686311
"DS09","Icelandic River - Flow of Vatnsdalsa River (Daily)","mc.rpart_OVERTPhi",3,0.31631737075348,0.320600190379652,0.318444381101809
"DS09","Icelandic River - Flow of Vatnsdalsa River (Daily)","mc.rpart_OVERTPhi",4,0.252092041227959,0.264770341510624,0.258275696112308
"DS09","Icelandic River - Flow of Vatnsdalsa River (Daily)","mc.rpart_OVERTPhi",5,0.241597931539928,0.277703168802335,0.258395413067709
"DS09","Icelandic River - Flow of Vatnsdalsa River (Daily)","mc.rpart_OVERTPhi",6,0.296965879979371,0.305190798250601,0.301022166624491
"DS09","Icelandic River - Flow of Vatnsdalsa River (Daily)","mc.rpart_OVERTPhi",7,0.302941593334442,0.318263914036362,0.310413787627546
"DS09","Icelandic River - Flow of Vatnsdalsa River (Daily)","mc.rpart_OVERTPhi",8,0.15202634005862,0.191965308743687,0.169677277969604
"DS09","Icelandic River - Flow of Vatnsdalsa River (Daily)","mc.rpart_OVERTPhi",9,0.282514367272839,0.296321325369115,0.289253177750694
"DS09","Icelandic River - Flow of Vatnsdalsa River (Daily)","mc.rpart_OVERTPhi",10,0.28136174273962,0.255702764114356,0.267919307332348
"DS09","Icelandic River - Flow of Vatnsdalsa River (Daily)","mc.rpart_OVERTPhi",11,0.246833121567282,0.2638660532923,0.255065544712052
"DS09","Icelandic River - Flow of Vatnsdalsa River (Daily)","mc.rpart_OVERTPhi",12,0.366892603977614,0.365210040983822,0.366049388996221
"DS09","Icelandic River - Flow of Vatnsdalsa River (Daily)","mc.rpart_OVERTPhi",13,0.312872204928025,0.308322009308163,0.310580442217082
"DS09","Icelandic River - Flow of Vatnsdalsa River (Daily)","mc.rpart_OVERTPhi",14,0.339635746777823,0.340549518566617,0.340092018884386
"DS09","Icelandic River - Flow of Vatnsdalsa River (Daily)","mc.rpart_OVERTPhi",15,0.273768641218962,0.246124682377444,0.259211714429438
"DS09","Icelandic River - Flow of Vatnsdalsa River (Daily)","mc.rpart_OVERTPhi",16,0.241570886841033,0.271454405879094,0.255642294817196
"DS09","Icelandic River - Flow of Vatnsdalsa River (Daily)","mc.rpart_OVERTPhi",17,0.255738849606853,0.285152487344502,0.269645912567367
"DS09","Icelandic River - Flow of Vatnsdalsa River (Daily)","mc.rpart_OVERTPhi",18,0.28058959432549,0.263283219226164,0.271661056903931
"DS09","Icelandic River - Flow of Vatnsdalsa River (Daily)","mc.rpart_OVERTPhi",19,0.308750651457693,0.280147502185234,0.293754440454172
"DS09","Icelandic River - Flow of Vatnsdalsa River (Daily)","mc.rpart_OVERTPhi",20,0.178765083963494,0.203783740288367,0.190456303266851
"DS09","Icelandic River - Flow of Vatnsdalsa River (Daily)","mc.rpart_OVERTPhi",21,0.325712259546993,0.268423467837099,0.294305863778298
"DS09","Icelandic River - Flow of Vatnsdalsa River (Daily)","mc.rpart_OVERTPhi",22,0.277911423326265,0.28012952195771,0.279016064397772
"DS09","Icelandic River - Flow of Vatnsdalsa River (Daily)","mc.rpart_OVERTPhi",23,0.272658443261231,0.286107265337246,0.279221005770912
"DS09","Icelandic River - Flow of Vatnsdalsa River (Daily)","mc.rpart_OVERTPhi",24,0.236454694120249,0.259253905348266,0.247329995704454
"DS09","Icelandic River - Flow of Vatnsdalsa River (Daily)","mc.rpart_OVERTPhi",25,0.282653822893852,0.263729373079504,0.272863865725314
"DS09","Icelandic River - Flow of Vatnsdalsa River (Daily)","mc.rpart_OVERTPhi",26,0.269806851329556,0.273982237515057,0.271878514448411
"DS09","Icelandic River - Flow of Vatnsdalsa River (Daily)","mc.rpart_OVERTPhi",27,0.341861181811392,0.356190463135927,0.34887875004373
"DS09","Icelandic River - Flow of Vatnsdalsa River (Daily)","mc.rpart_OVERTPhi",28,0.310917185322733,0.301229329556173,0.305996597238772
"DS09","Icelandic River - Flow of Vatnsdalsa River (Daily)","mc.rpart_OVERTPhi",29,0.221294315095674,0.216209192240697,0.218722201362871
"DS09","Icelandic River - Flow of Vatnsdalsa River (Daily)","mc.rpart_OVERTPhi",30,0.28312358403166,0.25005990354864,0.265566574226062
"DS09","Icelandic River - Flow of Vatnsdalsa River (Daily)","mc.rpart_OVERTPhi",31,0.238830813039036,0.209188045961357,0.223028785915257
"DS09","Icelandic River - Flow of Vatnsdalsa River (Daily)","mc.rpart_OVERTPhi",32,0.246530996108938,0.216255710325174,0.230403055833245
"DS09","Icelandic River - Flow of Vatnsdalsa River (Daily)","mc.rpart_OVERTPhi",33,0.230225838918634,0.225611282827018,0.227895203705423
"DS09","Icelandic River - Flow of Vatnsdalsa River (Daily)","mc.rpart_OVERTPhi",34,0.235782718071438,0.262853435864511,0.248583248821191
"DS09","Icelandic River - Flow of Vatnsdalsa River (Daily)","mc.rpart_OVERTPhi",35,0.212664384239716,0.222623597358713,0.217530059413393
"DS09","Icelandic River - Flow of Vatnsdalsa River (Daily)","mc.rpart_OVERTPhi",36,0.219921448814781,0.237053254701339,0.228166219351084
"DS09","Icelandic River - Flow of Vatnsdalsa River (Daily)","mc.rpart_OVERTPhi",37,0.271881727907394,0.275124633339403,0.273493567905535
"DS09","Icelandic River - Flow of Vatnsdalsa River (Daily)","mc.rpart_OVERTPhi",38,0.197603784068779,0.21083742575721,0.204006217544477
"DS09","Icelandic River - Flow of Vatnsdalsa River (Daily)","mc.rpart_OVERTPhi",39,0.287863139432795,0.258390659356706,0.272331822926852
"DS09","Icelandic River - Flow of Vatnsdalsa River (Daily)","mc.rpart_OVERTPhi",40,0.200393399867498,0.215636050385498,0.20773549201611
"DS09","Icelandic River - Flow of Vatnsdalsa River (Daily)","mc.rpart_OVERTPhi",41,0.26340653496511,0.269546622274562,0.266441209027166
"DS09","Icelandic River - Flow of Vatnsdalsa River (Daily)","mc.rpart_OVERTPhi",42,0.237917549089885,0.234523479698647,0.236208322706488
"DS09","Icelandic River - Flow of Vatnsdalsa River (Daily)","mc.rpart_OVERTPhi",43,0.271315833085819,0.318522447441664,0.293030093288909
"DS09","Icelandic River - Flow of Vatnsdalsa River (Daily)","mc.rpart_OVERTPhi",44,0.252428849398662,0.258682501597043,0.255517417527508
"DS09","Icelandic River - Flow of Vatnsdalsa River (Daily)","mc.rpart_OVERTPhi",45,0.213094418809814,0.21731875181851,0.215185855245258
"DS09","Icelandic River - Flow of Vatnsdalsa River (Daily)","mc.rpart_OVERTPhi",46,0.246052160845826,0.232046364890036,0.238844114441617
"DS09","Icelandic River - Flow of Vatnsdalsa River (Daily)","mc.rpart_OVERTPhi",47,0.302079423781322,0.310014397254123,0.305995477386191
"DS09","Icelandic River - Flow of Vatnsdalsa River (Daily)","mc.rpart_OVERTPhi",48,0.263340271262365,0.230779787772182,0.245987228417895
"DS09","Icelandic River - Flow of Vatnsdalsa River (Daily)","mc.rpart_OVERTPhi",49,0.322850597592403,0.312101119022877,0.317384866121547
"DS09","Icelandic River - Flow of Vatnsdalsa River (Daily)","mc.rpart_OVERTPhi",50,0.322615581343458,0.30331621549939,0.31266836958213
"DS09","Icelandic River - Flow of Vatnsdalsa River (Daily)","mc.rpart_SMOTEB",1,0.275681537696013,0.282627443066751,0.27911128348065
"DS09","Icelandic River - Flow of Vatnsdalsa River (Daily)","mc.rpart_SMOTEB",2,0.319212432699107,0.321611484080077,0.320407467727354
"DS09","Icelandic River - Flow of Vatnsdalsa River (Daily)","mc.rpart_SMOTEB",3,0.320006930660602,0.299338962909326,0.309328095147614
"DS09","Icelandic River - Flow of Vatnsdalsa River (Daily)","mc.rpart_SMOTEB",4,0.330929931674301,0.319745770417384,0.325241731379303
"DS09","Icelandic River - Flow of Vatnsdalsa River (Daily)","mc.rpart_SMOTEB",5,0.267931655859267,0.323557583527201,0.293128981383289
"DS09","Icelandic River - Flow of Vatnsdalsa River (Daily)","mc.rpart_SMOTEB",6,0.28855699766525,0.24421839144664,0.264542721944986
"DS09","Icelandic River - Flow of Vatnsdalsa River (Daily)","mc.rpart_SMOTEB",7,0.320117401760239,0.295019539239605,0.307056468487751
"DS09","Icelandic River - Flow of Vatnsdalsa River (Daily)","mc.rpart_SMOTEB",8,0.332311663497529,0.352487203511325,0.342102227686442
"DS09","Icelandic River - Flow of Vatnsdalsa River (Daily)","mc.rpart_SMOTEB",9,0.291921382281886,0.248683326503893,0.268573244900244
"DS09","Icelandic River - Flow of Vatnsdalsa River (Daily)","mc.rpart_SMOTEB",10,0.356446242261362,0.394528791128214,0.374521918330186
"DS09","Icelandic River - Flow of Vatnsdalsa River (Daily)","mc.rpart_SMOTEB",11,0.366651008107766,0.343252793259345,0.354566301636869
"DS09","Icelandic River - Flow of Vatnsdalsa River (Daily)","mc.rpart_SMOTEB",12,0.291837563185055,0.312811331189026,0.301960683233796
"DS09","Icelandic River - Flow of Vatnsdalsa River (Daily)","mc.rpart_SMOTEB",13,0.315820418157896,0.34321019925016,0.328946139314575
"DS09","Icelandic River - Flow of Vatnsdalsa River (Daily)","mc.rpart_SMOTEB",14,0.317620995253157,0.291523200246605,0.304013038902045
"DS09","Icelandic River - Flow of Vatnsdalsa River (Daily)","mc.rpart_SMOTEB",15,0.308816833811363,0.346557488477611,0.326600486730953
"DS09","Icelandic River - Flow of Vatnsdalsa River (Daily)","mc.rpart_SMOTEB",16,0.316421091356599,0.345199198904994,0.330184272945302
"DS09","Icelandic River - Flow of Vatnsdalsa River (Daily)","mc.rpart_SMOTEB",17,0.268237609306806,0.259777379137347,0.263939716321746
"DS09","Icelandic River - Flow of Vatnsdalsa River (Daily)","mc.rpart_SMOTEB",18,0.27667765724207,0.249059249865849,0.262143018059812
"DS09","Icelandic River - Flow of Vatnsdalsa River (Daily)","mc.rpart_SMOTEB",19,0.286753741072945,0.298256600372629,0.292392082318451
"DS09","Icelandic River - Flow of Vatnsdalsa River (Daily)","mc.rpart_SMOTEB",20,0.301574153479167,0.323256449306774,0.312039101867644
"DS09","Icelandic River - Flow of Vatnsdalsa River (Daily)","mc.rpart_SMOTEB",21,0.317840989887954,0.345044086583285,0.330884365713653
"DS09","Icelandic River - Flow of Vatnsdalsa River (Daily)","mc.rpart_SMOTEB",22,0.330805729087369,0.361346133202705,0.345402151058365
"DS09","Icelandic River - Flow of Vatnsdalsa River (Daily)","mc.rpart_SMOTEB",23,0.30544050095199,0.32907369903612,0.316816977415479
"DS09","Icelandic River - Flow of Vatnsdalsa River (Daily)","mc.rpart_SMOTEB",24,0.324151078020344,0.310892672133812,0.317383470969795
"DS09","Icelandic River - Flow of Vatnsdalsa River (Daily)","mc.rpart_SMOTEB",25,0.327044250659259,0.315177432290446,0.321001205361703
"DS09","Icelandic River - Flow of Vatnsdalsa River (Daily)","mc.rpart_SMOTEB",26,0.300860082716073,0.29595561834462,0.298387698772669
"DS09","Icelandic River - Flow of Vatnsdalsa River (Daily)","mc.rpart_SMOTEB",27,0.296451598756985,0.307792051665078,0.302015406325148
"DS09","Icelandic River - Flow of Vatnsdalsa River (Daily)","mc.rpart_SMOTEB",28,0.321062236889038,0.296524416458044,0.308305860964689
"DS09","Icelandic River - Flow of Vatnsdalsa River (Daily)","mc.rpart_SMOTEB",29,0.33151504395893,0.326908519535103,0.329195667448833
"DS09","Icelandic River - Flow of Vatnsdalsa River (Daily)","mc.rpart_SMOTEB",30,0.317709177974523,0.32657596117201,0.322081556335886
"DS09","Icelandic River - Flow of Vatnsdalsa River (Daily)","mc.rpart_SMOTEB",31,0.266551860167079,0.271423715171585,0.268965728144445
"DS09","Icelandic River - Flow of Vatnsdalsa River (Daily)","mc.rpart_SMOTEB",32,0.295650905194382,0.272306332538247,0.283498856450861
"DS09","Icelandic River - Flow of Vatnsdalsa River (Daily)","mc.rpart_SMOTEB",33,0.330941276528758,0.330375944407873,0.330658368829056
"DS09","Icelandic River - Flow of Vatnsdalsa River (Daily)","mc.rpart_SMOTEB",34,0.292155725374098,0.267753256178383,0.279422725326437
"DS09","Icelandic River - Flow of Vatnsdalsa River (Daily)","mc.rpart_SMOTEB",35,0.317469487270012,0.335091503374281,0.326042559362113
"DS09","Icelandic River - Flow of Vatnsdalsa River (Daily)","mc.rpart_SMOTEB",36,0.282662419077241,0.279741823625645,0.281194537946888
"DS09","Icelandic River - Flow of Vatnsdalsa River (Daily)","mc.rpart_SMOTEB",37,0.307312233066812,0.278285373984275,0.292079402918324
"DS09","Icelandic River - Flow of Vatnsdalsa River (Daily)","mc.rpart_SMOTEB",38,0.260008245051364,0.274895229191194,0.267244576103028
"DS09","Icelandic River - Flow of Vatnsdalsa River (Daily)","mc.rpart_SMOTEB",39,0.29556361976959,0.283203565350858,0.289251612941163
"DS09","Icelandic River - Flow of Vatnsdalsa River (Daily)","mc.rpart_SMOTEB",40,0.316136233110633,0.319331360432423,0.31772576423084
"DS09","Icelandic River - Flow of Vatnsdalsa River (Daily)","mc.rpart_SMOTEB",41,0.302797451904513,0.3172797249248,0.30986946734419
"DS09","Icelandic River - Flow of Vatnsdalsa River (Daily)","mc.rpart_SMOTEB",42,0.257013882534195,0.236236249968268,0.246187448512688
"DS09","Icelandic River - Flow of Vatnsdalsa River (Daily)","mc.rpart_SMOTEB",43,0.371805989993664,0.333296382534711,0.351499573105289
"DS09","Icelandic River - Flow of Vatnsdalsa River (Daily)","mc.rpart_SMOTEB",44,0.2695293800506,0.313038607714145,0.289659245413836
"DS09","Icelandic River - Flow of Vatnsdalsa River (Daily)","mc.rpart_SMOTEB",45,0.317403748354711,0.24067233408153,0.273763034707664
"DS09","Icelandic River - Flow of Vatnsdalsa River (Daily)","mc.rpart_SMOTEB",46,0.331540771955707,0.304741167940484,0.317576582739895
"DS09","Icelandic River - Flow of Vatnsdalsa River (Daily)","mc.rpart_SMOTEB",47,0.288821115884953,0.22337059029986,0.251914048459847
"DS09","Icelandic River - Flow of Vatnsdalsa River (Daily)","mc.rpart_SMOTEB",48,0.272804645729141,0.23651828469214,0.253368866822994
"DS09","Icelandic River - Flow of Vatnsdalsa River (Daily)","mc.rpart_SMOTEB",49,0.301445033703477,0.280093151929572,0.290377112662383
"DS09","Icelandic River - Flow of Vatnsdalsa River (Daily)","mc.rpart_SMOTEB",50,0.272210363407945,0.240766098847644,0.255524500970088
"DS09","Icelandic River - Flow of Vatnsdalsa River (Daily)","mc.rpart_SMOTET",1,0.331135585030144,0.395004536161668,0.360261206767567
"DS09","Icelandic River - Flow of Vatnsdalsa River (Daily)","mc.rpart_SMOTET",2,0.28573884755312,0.301859373394505,0.293577980334085
"DS09","Icelandic River - Flow of Vatnsdalsa River (Daily)","mc.rpart_SMOTET",3,0.315911739556535,0.298001637032413,0.306695436638575
"DS09","Icelandic River - Flow of Vatnsdalsa River (Daily)","mc.rpart_SMOTET",4,0.301047996486329,0.264634027985251,0.281668995939854
"DS09","Icelandic River - Flow of Vatnsdalsa River (Daily)","mc.rpart_SMOTET",5,0.320574547949945,0.346346649799635,0.332962638069231
"DS09","Icelandic River - Flow of Vatnsdalsa River (Daily)","mc.rpart_SMOTET",6,0.280521307052486,0.298086922913672,0.289037483050967
"DS09","Icelandic River - Flow of Vatnsdalsa River (Daily)","mc.rpart_SMOTET",7,0.290347737257548,0.308588793976158,0.299190493154447
"DS09","Icelandic River - Flow of Vatnsdalsa River (Daily)","mc.rpart_SMOTET",8,0.289884023891587,0.277888079110544,0.283759325751043
"DS09","Icelandic River - Flow of Vatnsdalsa River (Daily)","mc.rpart_SMOTET",9,0.274568687436235,0.249053823564103,0.261189616566837
"DS09","Icelandic River - Flow of Vatnsdalsa River (Daily)","mc.rpart_SMOTET",10,0.318941418937303,0.296615660386812,0.3073736710385
"DS09","Icelandic River - Flow of Vatnsdalsa River (Daily)","mc.rpart_SMOTET",11,0.23044807498172,0.277886993115893,0.251953983287728
"DS09","Icelandic River - Flow of Vatnsdalsa River (Daily)","mc.rpart_SMOTET",12,0.313170614465035,0.330671239621904,0.321683079908387
"DS09","Icelandic River - Flow of Vatnsdalsa River (Daily)","mc.rpart_SMOTET",13,0.302519508874143,0.289961934029537,0.296107643287227
"DS09","Icelandic River - Flow of Vatnsdalsa River (Daily)","mc.rpart_SMOTET",14,0.281926203329385,0.291484306864993,0.286625593718846
"DS09","Icelandic River - Flow of Vatnsdalsa River (Daily)","mc.rpart_SMOTET",15,0.262117843947222,0.228158743703525,0.24396220208613
"DS09","Icelandic River - Flow of Vatnsdalsa River (Daily)","mc.rpart_SMOTET",16,0.302546519424262,0.32560077088596,0.313650576777154
"DS09","Icelandic River - Flow of Vatnsdalsa River (Daily)","mc.rpart_SMOTET",17,0.295141216629346,0.28421067919565,0.289572835581762
"DS09","Icelandic River - Flow of Vatnsdalsa River (Daily)","mc.rpart_SMOTET",18,0.321709223239108,0.286172326027224,0.302902026981611
"DS09","Icelandic River - Flow of Vatnsdalsa River (Daily)","mc.rpart_SMOTET",19,0.328207646620391,0.336197305829967,0.332154437258846
"DS09","Icelandic River - Flow of Vatnsdalsa River (Daily)","mc.rpart_SMOTET",20,0.268984188460105,0.249419376513813,0.25883258955277
"DS09","Icelandic River - Flow of Vatnsdalsa River (Daily)","mc.rpart_SMOTET",21,0.302012780753466,0.28763710364524,0.294649702537829
"DS09","Icelandic River - Flow of Vatnsdalsa River (Daily)","mc.rpart_SMOTET",22,0.301612863697324,0.318411372619618,0.309784554552499
"DS09","Icelandic River - Flow of Vatnsdalsa River (Daily)","mc.rpart_SMOTET",23,0.264181271960306,0.213448183692326,0.236120331349355
"DS09","Icelandic River - Flow of Vatnsdalsa River (Daily)","mc.rpart_SMOTET",24,0.228362934964389,0.25889909030374,0.242674179621687
"DS09","Icelandic River - Flow of Vatnsdalsa River (Daily)","mc.rpart_SMOTET",25,0.27551138251316,0.281669403257847,0.278556363338487
"DS09","Icelandic River - Flow of Vatnsdalsa River (Daily)","mc.rpart_SMOTET",26,0.31480848418213,0.29345417719928,0.30375648734122
"DS09","Icelandic River - Flow of Vatnsdalsa River (Daily)","mc.rpart_SMOTET",27,0.308346017367568,0.288106772621724,0.297883009034553
"DS09","Icelandic River - Flow of Vatnsdalsa River (Daily)","mc.rpart_SMOTET",28,0.275598157426545,0.234007283805145,0.253105524482685
"DS09","Icelandic River - Flow of Vatnsdalsa River (Daily)","mc.rpart_SMOTET",29,0.272369603659641,0.257628727799142,0.264794171290507
"DS09","Icelandic River - Flow of Vatnsdalsa River (Daily)","mc.rpart_SMOTET",30,0.330761466387996,0.273729036525047,0.299554805502121
"DS09","Icelandic River - Flow of Vatnsdalsa River (Daily)","mc.rpart_SMOTET",31,0.269402914736455,0.207766330876718,0.234603783193782
"DS09","Icelandic River - Flow of Vatnsdalsa River (Daily)","mc.rpart_SMOTET",32,0.273185890370421,0.289612650686697,0.281159541358347
"DS09","Icelandic River - Flow of Vatnsdalsa River (Daily)","mc.rpart_SMOTET",33,0.299476969944486,0.279587141357051,0.289190465424819
"DS09","Icelandic River - Flow of Vatnsdalsa River (Daily)","mc.rpart_SMOTET",34,0.240524578638614,0.230796674836369,0.235560236492316
"DS09","Icelandic River - Flow of Vatnsdalsa River (Daily)","mc.rpart_SMOTET",35,0.215234587929709,0.222621269084793,0.218865621405938
"DS09","Icelandic River - Flow of Vatnsdalsa River (Daily)","mc.rpart_SMOTET",36,0.269841549338049,0.290966923966423,0.280006345505407
"DS09","Icelandic River - Flow of Vatnsdalsa River (Daily)","mc.rpart_SMOTET",37,0.302170793191516,0.258957065600025,0.278899935866405
"DS09","Icelandic River - Flow of Vatnsdalsa River (Daily)","mc.rpart_SMOTET",38,0.283318691950393,0.27345342666964,0.27829865958596
"DS09","Icelandic River - Flow of Vatnsdalsa River (Daily)","mc.rpart_SMOTET",39,0.315746770497143,0.308432399006174,0.312046728442988
"DS09","Icelandic River - Flow of Vatnsdalsa River (Daily)","mc.rpart_SMOTET",40,0.274084187831409,0.247531074331572,0.260131780614988
"DS09","Icelandic River - Flow of Vatnsdalsa River (Daily)","mc.rpart_SMOTET",41,0.258326834696419,0.24877864837809,0.253462851105173
"DS09","Icelandic River - Flow of Vatnsdalsa River (Daily)","mc.rpart_SMOTET",42,0.250682373928608,0.22659279128958,0.238029644008877
"DS09","Icelandic River - Flow of Vatnsdalsa River (Daily)","mc.rpart_SMOTET",43,0.311182004273953,0.266337764408557,0.287018813335415
"DS09","Icelandic River - Flow of Vatnsdalsa River (Daily)","mc.rpart_SMOTET",44,0.322394705112248,0.282172659307203,0.300945689899888
"DS09","Icelandic River - Flow of Vatnsdalsa River (Daily)","mc.rpart_SMOTET",45,0.315199230232028,0.282368863715746,0.29788219748049
"DS09","Icelandic River - Flow of Vatnsdalsa River (Daily)","mc.rpart_SMOTET",46,0.283918877399815,0.257083143591584,0.26983543386097
"DS09","Icelandic River - Flow of Vatnsdalsa River (Daily)","mc.rpart_SMOTET",47,0.269190749927612,0.252476415964976,0.260565817426361
"DS09","Icelandic River - Flow of Vatnsdalsa River (Daily)","mc.rpart_SMOTET",48,0.27415539883275,0.220516681691363,0.244427940037838
"DS09","Icelandic River - Flow of Vatnsdalsa River (Daily)","mc.rpart_SMOTET",49,0.308342830499279,0.25710049411925,0.280399787663865
"DS09","Icelandic River - Flow of Vatnsdalsa River (Daily)","mc.rpart_SMOTET",50,0.29218509909304,0.272040519626181,0.281753197824408
"DS09","Icelandic River - Flow of Vatnsdalsa River (Daily)","mc.rpart_SMOTETPhi",1,0.361994422531646,0.373098781830247,0.36746273064282
"DS09","Icelandic River - Flow of Vatnsdalsa River (Daily)","mc.rpart_SMOTETPhi",2,0.266711276262267,0.321363308504167,0.291497780639689
"DS09","Icelandic River - Flow of Vatnsdalsa River (Daily)","mc.rpart_SMOTETPhi",3,0.261679524634748,0.278952757012831,0.270040200441652
"DS09","Icelandic River - Flow of Vatnsdalsa River (Daily)","mc.rpart_SMOTETPhi",4,0.243338166777908,0.284434514932106,0.262286305565061
"DS09","Icelandic River - Flow of Vatnsdalsa River (Daily)","mc.rpart_SMOTETPhi",5,0.278493900468238,0.2614498791721,0.269702881570702
"DS09","Icelandic River - Flow of Vatnsdalsa River (Daily)","mc.rpart_SMOTETPhi",6,0.307623938186156,0.280034169656266,0.293181402406346
"DS09","Icelandic River - Flow of Vatnsdalsa River (Daily)","mc.rpart_SMOTETPhi",7,0.299438251537307,0.305205735811305,0.302294486682136
"DS09","Icelandic River - Flow of Vatnsdalsa River (Daily)","mc.rpart_SMOTETPhi",8,0.310469809421927,0.30416050177738,0.30728277242376
"DS09","Icelandic River - Flow of Vatnsdalsa River (Daily)","mc.rpart_SMOTETPhi",9,0.307066963565686,0.281411523255459,0.293680003241006
"DS09","Icelandic River - Flow of Vatnsdalsa River (Daily)","mc.rpart_SMOTETPhi",10,0.231489195039131,0.253009843527865,0.241771563421351
"DS09","Icelandic River - Flow of Vatnsdalsa River (Daily)","mc.rpart_SMOTETPhi",11,0.258036848309227,0.28653481951206,0.271540170473977
"DS09","Icelandic River - Flow of Vatnsdalsa River (Daily)","mc.rpart_SMOTETPhi",12,0.30057326169917,0.292083634240934,0.296267642321056
"DS09","Icelandic River - Flow of Vatnsdalsa River (Daily)","mc.rpart_SMOTETPhi",13,0.359818641517932,0.311111388941989,0.333697024272788
"DS09","Icelandic River - Flow of Vatnsdalsa River (Daily)","mc.rpart_SMOTETPhi",14,0.250529194947875,0.286357243626716,0.26724776250174
"DS09","Icelandic River - Flow of Vatnsdalsa River (Daily)","mc.rpart_SMOTETPhi",15,0.27370051404437,0.276588139296626,0.275136750301672
"DS09","Icelandic River - Flow of Vatnsdalsa River (Daily)","mc.rpart_SMOTETPhi",16,0.305234971353423,0.288239216947072,0.296493734225304
"DS09","Icelandic River - Flow of Vatnsdalsa River (Daily)","mc.rpart_SMOTETPhi",17,0.265700660149082,0.258599031426835,0.262101750079226
"DS09","Icelandic River - Flow of Vatnsdalsa River (Daily)","mc.rpart_SMOTETPhi",18,0.282410096379943,0.251976934707338,0.266326936383302
"DS09","Icelandic River - Flow of Vatnsdalsa River (Daily)","mc.rpart_SMOTETPhi",19,0.300041495879031,0.337023565794221,0.317459113396639
"DS09","Icelandic River - Flow of Vatnsdalsa River (Daily)","mc.rpart_SMOTETPhi",20,0.279712327312724,0.238591925930088,0.25752095400485
"DS09","Icelandic River - Flow of Vatnsdalsa River (Daily)","mc.rpart_SMOTETPhi",21,0.2885640010031,0.276493459560275,0.282399807135909
"DS09","Icelandic River - Flow of Vatnsdalsa River (Daily)","mc.rpart_SMOTETPhi",22,0.369615942112013,0.349828128695857,0.35944991031758
"DS09","Icelandic River - Flow of Vatnsdalsa River (Daily)","mc.rpart_SMOTETPhi",23,0.261478194886286,0.252500019890049,0.256910691976827
"DS09","Icelandic River - Flow of Vatnsdalsa River (Daily)","mc.rpart_SMOTETPhi",24,0.248636793380698,0.239887287932731,0.244183688484823
"DS09","Icelandic River - Flow of Vatnsdalsa River (Daily)","mc.rpart_SMOTETPhi",25,0.267001206510788,0.254384701862122,0.260540306994621
"DS09","Icelandic River - Flow of Vatnsdalsa River (Daily)","mc.rpart_SMOTETPhi",26,0.289983189416967,0.293578927663821,0.291769980599279
"DS09","Icelandic River - Flow of Vatnsdalsa River (Daily)","mc.rpart_SMOTETPhi",27,0.257889580510682,0.247226184024894,0.252445325867259
"DS09","Icelandic River - Flow of Vatnsdalsa River (Daily)","mc.rpart_SMOTETPhi",28,0.268677473293659,0.198570222544101,0.228364296452447
"DS09","Icelandic River - Flow of Vatnsdalsa River (Daily)","mc.rpart_SMOTETPhi",29,0.354898330738363,0.307134529777449,0.329293418593156
"DS09","Icelandic River - Flow of Vatnsdalsa River (Daily)","mc.rpart_SMOTETPhi",30,0.297291487761115,0.260005968840534,0.277401450115083
"DS09","Icelandic River - Flow of Vatnsdalsa River (Daily)","mc.rpart_SMOTETPhi",31,0.282563253711364,0.269974947976264,0.276125703119642
"DS09","Icelandic River - Flow of Vatnsdalsa River (Daily)","mc.rpart_SMOTETPhi",32,0.250039121500521,0.242258401841719,0.246087274871433
"DS09","Icelandic River - Flow of Vatnsdalsa River (Daily)","mc.rpart_SMOTETPhi",33,0.286149537251168,0.239704647191565,0.260876021909038
"DS09","Icelandic River - Flow of Vatnsdalsa River (Daily)","mc.rpart_SMOTETPhi",34,0.281539077514387,0.235494162184954,0.256466331720296
"DS09","Icelandic River - Flow of Vatnsdalsa River (Daily)","mc.rpart_SMOTETPhi",35,0.244698262115716,0.251317516401491,0.247963722793344
"DS09","Icelandic River - Flow of Vatnsdalsa River (Daily)","mc.rpart_SMOTETPhi",36,0.319621193598752,0.291944176872908,0.30515640937733
"DS09","Icelandic River - Flow of Vatnsdalsa River (Daily)","mc.rpart_SMOTETPhi",37,0.325438889705205,0.277305180576084,0.299450113326096
"DS09","Icelandic River - Flow of Vatnsdalsa River (Daily)","mc.rpart_SMOTETPhi",38,0.308780871700408,0.290186749596982,0.299195196235742
"DS09","Icelandic River - Flow of Vatnsdalsa River (Daily)","mc.rpart_SMOTETPhi",39,0.323560843203569,0.33990503516413,0.331531623170809
"DS09","Icelandic River - Flow of Vatnsdalsa River (Daily)","mc.rpart_SMOTETPhi",40,0.301081302709538,0.257844255071355,0.277790425334198
"DS09","Icelandic River - Flow of Vatnsdalsa River (Daily)","mc.rpart_SMOTETPhi",41,0.288334401985976,0.271501164492244,0.27966471081795
"DS09","Icelandic River - Flow of Vatnsdalsa River (Daily)","mc.rpart_SMOTETPhi",42,0.283776639132803,0.24108482974871,0.260694475735796
"DS09","Icelandic River - Flow of Vatnsdalsa River (Daily)","mc.rpart_SMOTETPhi",43,0.296662197789217,0.283982080173952,0.290183684691377
"DS09","Icelandic River - Flow of Vatnsdalsa River (Daily)","mc.rpart_SMOTETPhi",44,0.254448282792106,0.278933240516741,0.266128768851356
"DS09","Icelandic River - Flow of Vatnsdalsa River (Daily)","mc.rpart_SMOTETPhi",45,0.281387015213537,0.294340823156034,0.287718189615163
"DS09","Icelandic River - Flow of Vatnsdalsa River (Daily)","mc.rpart_SMOTETPhi",46,0.298609861125741,0.278669419042537,0.288295247652145
"DS09","Icelandic River - Flow of Vatnsdalsa River (Daily)","mc.rpart_SMOTETPhi",47,0.299004034390216,0.258738780947458,0.277417968386228
"DS09","Icelandic River - Flow of Vatnsdalsa River (Daily)","mc.rpart_SMOTETPhi",48,0.273194983001259,0.259339652573959,0.266087075819833
"DS09","Icelandic River - Flow of Vatnsdalsa River (Daily)","mc.rpart_SMOTETPhi",49,0.299676591354573,0.244266005084787,0.269149003099882
"DS09","Icelandic River - Flow of Vatnsdalsa River (Daily)","mc.rpart_SMOTETPhi",50,0.301698958720217,0.233013134106847,0.262944567258576
"DS09","Icelandic River - Flow of Vatnsdalsa River (Daily)","mc.arima",1,0.367556175521462,0.346086666899204,0.356498472689671
"DS09","Icelandic River - Flow of Vatnsdalsa River (Daily)","mc.arima",2,0.293729848254546,0.328689118485269,0.31022770852019
"DS09","Icelandic River - Flow of Vatnsdalsa River (Daily)","mc.arima",3,0.258030762703633,0.285236029633224,0.270952214694473
"DS09","Icelandic River - Flow of Vatnsdalsa River (Daily)","mc.arima",4,0.13867286840186,0.254407882793342,0.179502408824274
"DS09","Icelandic River - Flow of Vatnsdalsa River (Daily)","mc.arima",5,0.229772325487647,0.269843558449877,0.248201003756091
"DS09","Icelandic River - Flow of Vatnsdalsa River (Daily)","mc.arima",6,0.300314927968293,0.260635447397475,0.279071800460491
"DS09","Icelandic River - Flow of Vatnsdalsa River (Daily)","mc.arima",7,0.21183260207056,0.265532328086118,0.235662070834883
"DS09","Icelandic River - Flow of Vatnsdalsa River (Daily)","mc.arima",8,0.211825389125302,0.265517973343332,0.235651953898945
"DS09","Icelandic River - Flow of Vatnsdalsa River (Daily)","mc.arima",9,0.211813446516264,0.26867414740542,0.236879361180911
"DS09","Icelandic River - Flow of Vatnsdalsa River (Daily)","mc.arima",10,0.211897507696758,0.268692778017202,0.236939162902058
"DS09","Icelandic River - Flow of Vatnsdalsa River (Daily)","mc.arima",11,0.241181830203749,0.279679056785493,0.259007763762368
"DS09","Icelandic River - Flow of Vatnsdalsa River (Daily)","mc.arima",12,0.259823508774552,0.300559504762376,0.278710893215738
"DS09","Icelandic River - Flow of Vatnsdalsa River (Daily)","mc.arima",13,0.229314741411963,0.280603825373778,0.252379881204964
"DS09","Icelandic River - Flow of Vatnsdalsa River (Daily)","mc.arima",14,0.241247806589227,0.279683141468975,0.259047555807094
"DS09","Icelandic River - Flow of Vatnsdalsa River (Daily)","mc.arima",15,0.25522279651834,0.288894350103746,0.271016726414751
"DS09","Icelandic River - Flow of Vatnsdalsa River (Daily)","mc.arima",16,0.254965631343286,0.287306905926705,0.270171847638364
"DS09","Icelandic River - Flow of Vatnsdalsa River (Daily)","mc.arima",17,0.25170140680594,0.27801969603985,0.264206761773513
"DS09","Icelandic River - Flow of Vatnsdalsa River (Daily)","mc.arima",18,0.270016188944056,0.278871833353939,0.274372573592767
"DS09","Icelandic River - Flow of Vatnsdalsa River (Daily)","mc.arima",19,0.300632081548904,0.278993712278421,0.289408999235478
"DS09","Icelandic River - Flow of Vatnsdalsa River (Daily)","mc.arima",20,0.250945673906141,0.25425252010825,0.252588274292532
"DS09","Icelandic River - Flow of Vatnsdalsa River (Daily)","mc.arima",21,0.293621699854008,0.256012797636776,0.273530548645196
"DS09","Icelandic River - Flow of Vatnsdalsa River (Daily)","mc.arima",22,0.249315337405747,0.28710820758473,0.266880454127781
"DS09","Icelandic River - Flow of Vatnsdalsa River (Daily)","mc.arima",23,0.209649657806844,0.26302173756121,0.233322421520903
"DS09","Icelandic River - Flow of Vatnsdalsa River (Daily)","mc.arima",24,0.301125371136269,0.305434599853691,0.303264678309353
"DS09","Icelandic River - Flow of Vatnsdalsa River (Daily)","mc.arima",25,0.304476945614087,0.310443269971186,0.307431163365838
"DS09","Icelandic River - Flow of Vatnsdalsa River (Daily)","mc.arima",26,0.277068066112347,0.257432237524918,0.266889473104616
"DS09","Icelandic River - Flow of Vatnsdalsa River (Daily)","mc.arima",27,0.276164678472247,0.257878079257614,0.266708295590233
"DS09","Icelandic River - Flow of Vatnsdalsa River (Daily)","mc.arima",28,0.285831409326548,0.28899701796093,0.287405497061929
"DS09","Icelandic River - Flow of Vatnsdalsa River (Daily)","mc.arima",29,0.295875124493941,0.275489395644663,0.285318588607329
"DS09","Icelandic River - Flow of Vatnsdalsa River (Daily)","mc.arima",30,0.295914531652366,0.294927239961855,0.295420060929005
"DS09","Icelandic River - Flow of Vatnsdalsa River (Daily)","mc.arima",31,0.294516244696382,0.29280771385924,0.293659494211794
"DS09","Icelandic River - Flow of Vatnsdalsa River (Daily)","mc.arima",32,0.272933800705577,0.282604967459767,0.277685203219205
"DS09","Icelandic River - Flow of Vatnsdalsa River (Daily)","mc.arima",33,0.267634111837143,0.282226560996076,0.27473670593622
"DS09","Icelandic River - Flow of Vatnsdalsa River (Daily)","mc.arima",34,0.26208187975551,0.283193294980842,0.272228902108452
"DS09","Icelandic River - Flow of Vatnsdalsa River (Daily)","mc.arima",35,0.261621332940467,0.283257378633317,0.272009793699698
"DS09","Icelandic River - Flow of Vatnsdalsa River (Daily)","mc.arima",36,0.251543773797336,0.294677729419653,0.271407653033402
"DS09","Icelandic River - Flow of Vatnsdalsa River (Daily)","mc.arima",37,0.252484328089805,0.261216520194242,0.256776206648317
"DS09","Icelandic River - Flow of Vatnsdalsa River (Daily)","mc.arima",38,0.248952756735779,0.296621068601822,0.270704455766884
"DS09","Icelandic River - Flow of Vatnsdalsa River (Daily)","mc.arima",39,0.270463782145772,0.286572836089705,0.278285378633033
"DS09","Icelandic River - Flow of Vatnsdalsa River (Daily)","mc.arima",40,0.272073683730022,0.286679802303382,0.279185837093865
"DS09","Icelandic River - Flow of Vatnsdalsa River (Daily)","mc.arima",41,0.269619541930192,0.282873299311952,0.276087448348835
"DS09","Icelandic River - Flow of Vatnsdalsa River (Daily)","mc.arima",42,0.267175122697718,0.29208114922881,0.279073551071949
"DS09","Icelandic River - Flow of Vatnsdalsa River (Daily)","mc.arima",43,0.27302387415078,0.291302854242469,0.28186732903084
"DS09","Icelandic River - Flow of Vatnsdalsa River (Daily)","mc.arima",44,0.273763485091837,0.294698852815631,0.283845664415875
"DS09","Icelandic River - Flow of Vatnsdalsa River (Daily)","mc.arima",45,0.266774415857749,0.29561591532801,0.280455615101374
"DS09","Icelandic River - Flow of Vatnsdalsa River (Daily)","mc.arima",46,0.287741562641168,0.295609156673307,0.291622304922063
"DS09","Icelandic River - Flow of Vatnsdalsa River (Daily)","mc.arima",47,0.28726711242654,0.2954209697578,0.291286990509353
"DS09","Icelandic River - Flow of Vatnsdalsa River (Daily)","mc.arima",48,0.282009551377494,0.291947894731282,0.286892679507704
"DS09","Icelandic River - Flow of Vatnsdalsa River (Daily)","mc.arima",49,0.280751349957907,0.265880313421234,0.273113549474241
"DS09","Icelandic River - Flow of Vatnsdalsa River (Daily)","mc.arima",50,0.299239113361354,0.295836401312626,0.297528028782377
"DS09","Icelandic River - Flow of Vatnsdalsa River (Daily)","mc.BDES",1,0.308938334952216,0.334284996338301,0.321112264261503
"DS09","Icelandic River - Flow of Vatnsdalsa River (Daily)","mc.BDES",2,0.277345335192893,0.321625085939123,0.297848488403299
"DS09","Icelandic River - Flow of Vatnsdalsa River (Daily)","mc.BDES",3,0.299235616316961,0.290960502869748,0.295040047095188
"DS09","Icelandic River - Flow of Vatnsdalsa River (Daily)","mc.BDES",4,0.298826401937912,0.286803586414535,0.292691581700783
"DS09","Icelandic River - Flow of Vatnsdalsa River (Daily)","mc.BDES",5,0.261596539274453,0.28509563344699,0.272841042156246
"DS09","Icelandic River - Flow of Vatnsdalsa River (Daily)","mc.BDES",6,0.272744854532982,0.282986638569474,0.277771371712343
"DS09","Icelandic River - Flow of Vatnsdalsa River (Daily)","mc.BDES",7,0.308909602366531,0.303585981448339,0.306224656279661
"DS09","Icelandic River - Flow of Vatnsdalsa River (Daily)","mc.BDES",8,0.314503100952457,0.301434886593542,0.307830361126545
"DS09","Icelandic River - Flow of Vatnsdalsa River (Daily)","mc.BDES",9,0.32266620823915,0.309188210589953,0.315783460779409
"DS09","Icelandic River - Flow of Vatnsdalsa River (Daily)","mc.BDES",10,0.34030980393432,0.305906505740539,0.322192372529795
"DS09","Icelandic River - Flow of Vatnsdalsa River (Daily)","mc.BDES",11,0.30937744405538,0.305958121429543,0.307658282424362
"DS09","Icelandic River - Flow of Vatnsdalsa River (Daily)","mc.BDES",12,0.312035327643691,0.305134633981331,0.308546401834286
"DS09","Icelandic River - Flow of Vatnsdalsa River (Daily)","mc.BDES",13,0.314975242423369,0.304052026097595,0.309417259947938
"DS09","Icelandic River - Flow of Vatnsdalsa River (Daily)","mc.BDES",14,0.303694953068869,0.296461271169649,0.300034518341751
"DS09","Icelandic River - Flow of Vatnsdalsa River (Daily)","mc.BDES",15,0.306269632880716,0.294321590504594,0.300176765703018
"DS09","Icelandic River - Flow of Vatnsdalsa River (Daily)","mc.BDES",16,0.304076664475673,0.296641583829406,0.300313112212356
"DS09","Icelandic River - Flow of Vatnsdalsa River (Daily)","mc.BDES",17,0.299406643892121,0.299892107703714,0.299649179172185
"DS09","Icelandic River - Flow of Vatnsdalsa River (Daily)","mc.BDES",18,0.301119552114337,0.294079144117917,0.297557708790411
"DS09","Icelandic River - Flow of Vatnsdalsa River (Daily)","mc.BDES",19,0.302746570700375,0.29898108835354,0.300852047737396
"DS09","Icelandic River - Flow of Vatnsdalsa River (Daily)","mc.BDES",20,0.29279413594174,0.301035929672894,0.296857838697553
"DS09","Icelandic River - Flow of Vatnsdalsa River (Daily)","mc.BDES",21,0.297193477413745,0.299353853825918,0.298269753754001
"DS09","Icelandic River - Flow of Vatnsdalsa River (Daily)","mc.BDES",22,0.278706027954393,0.300724647494683,0.289296979129626
"DS09","Icelandic River - Flow of Vatnsdalsa River (Daily)","mc.BDES",23,0.262759986562051,0.296021702076747,0.27840088550232
"DS09","Icelandic River - Flow of Vatnsdalsa River (Daily)","mc.BDES",24,0.28921051973464,0.299814819048055,0.294417214105705
"DS09","Icelandic River - Flow of Vatnsdalsa River (Daily)","mc.BDES",25,0.309089177092024,0.30795603190426,0.30852156404114
"DS09","Icelandic River - Flow of Vatnsdalsa River (Daily)","mc.BDES",26,0.289825873257918,0.305816338121111,0.297606467638638
"DS09","Icelandic River - Flow of Vatnsdalsa River (Daily)","mc.BDES",27,0.302708737005506,0.307418258294211,0.305045321441512
"DS09","Icelandic River - Flow of Vatnsdalsa River (Daily)","mc.BDES",28,0.32313495013688,0.303999172619874,0.313275115869519
"DS09","Icelandic River - Flow of Vatnsdalsa River (Daily)","mc.BDES",29,0.306083965521021,0.305418027966199,0.30575063413414
"DS09","Icelandic River - Flow of Vatnsdalsa River (Daily)","mc.BDES",30,0.287421768628976,0.30603077510347,0.296434508754223
"DS09","Icelandic River - Flow of Vatnsdalsa River (Daily)","mc.BDES",31,0.301504441893678,0.309170635623587,0.30528941944898
"DS09","Icelandic River - Flow of Vatnsdalsa River (Daily)","mc.BDES",32,0.329702725886616,0.298477848620373,0.313314242116269
"DS09","Icelandic River - Flow of Vatnsdalsa River (Daily)","mc.BDES",33,0.301703976564132,0.298071908136192,0.299876944974808
"DS09","Icelandic River - Flow of Vatnsdalsa River (Daily)","mc.BDES",34,0.295546283287164,0.292878907659218,0.294206549766064
"DS09","Icelandic River - Flow of Vatnsdalsa River (Daily)","mc.BDES",35,0.304244217670494,0.296924749191022,0.300539924727819
"DS09","Icelandic River - Flow of Vatnsdalsa River (Daily)","mc.BDES",36,0.289956813990841,0.292348737467929,0.291147863104126
"DS09","Icelandic River - Flow of Vatnsdalsa River (Daily)","mc.BDES",37,0.292445779175021,0.285159828208487,0.28875685098561
"DS09","Icelandic River - Flow of Vatnsdalsa River (Daily)","mc.BDES",38,0.31250522127901,0.292255398024171,0.302041286797949
"DS09","Icelandic River - Flow of Vatnsdalsa River (Daily)","mc.BDES",39,0.311950853454486,0.292277977221265,0.301794154172205
"DS09","Icelandic River - Flow of Vatnsdalsa River (Daily)","mc.BDES",40,0.308191557456129,0.291863598837777,0.299805430041194
"DS09","Icelandic River - Flow of Vatnsdalsa River (Daily)","mc.BDES",41,0.318604252413654,0.291919819988344,0.304678882345116
"DS09","Icelandic River - Flow of Vatnsdalsa River (Daily)","mc.BDES",42,0.308801893353364,0.289667915546312,0.298929033459124
"DS09","Icelandic River - Flow of Vatnsdalsa River (Daily)","mc.BDES",43,0.322736449008549,0.296692158319779,0.309166778840919
"DS09","Icelandic River - Flow of Vatnsdalsa River (Daily)","mc.BDES",44,0.309354655857012,0.296628816205566,0.30285811275417
"DS09","Icelandic River - Flow of Vatnsdalsa River (Daily)","mc.BDES",45,0.309008897413918,0.291770083115598,0.300142164103189
"DS09","Icelandic River - Flow of Vatnsdalsa River (Daily)","mc.BDES",46,0.312198990755503,0.295422226452379,0.303579000644482
"DS09","Icelandic River - Flow of Vatnsdalsa River (Daily)","mc.BDES",47,0.352139332150315,0.300122537646164,0.324056808664759
"DS09","Icelandic River - Flow of Vatnsdalsa River (Daily)","mc.BDES",48,0.34278619938607,0.298758298605846,0.319261476124255
"DS09","Icelandic River - Flow of Vatnsdalsa River (Daily)","mc.BDES",49,0.340692360892265,0.288828236199608,0.31262384150024
"DS09","Icelandic River - Flow of Vatnsdalsa River (Daily)","mc.BDES",50,0.28569652432669,0.28737108791619,0.286531359496334
