"dataset_id","dataset_name","workflow","iteration","prec","rec","F1"
"DS24","Water Consumption of Oporto - Rotunda AEP (Half-Hourly)","mc.lm",1,0.586759522262532,0.548666603771033,0.567074064844234
"DS24","Water Consumption of Oporto - Rotunda AEP (Half-Hourly)","mc.lm",2,0.589188110463694,0.550328398960818,0.569095659144049
"DS24","Water Consumption of Oporto - Rotunda AEP (Half-Hourly)","mc.lm",3,0.586447036428464,0.55412343886549,0.569827214674243
"DS24","Water Consumption of Oporto - Rotunda AEP (Half-Hourly)","mc.lm",4,0.584687586856986,0.556394388390207,0.570190221816737
"DS24","Water Consumption of Oporto - Rotunda AEP (Half-Hourly)","mc.lm",5,0.713398730297179,0.591744697987738,0.646901952775083
"DS24","Water Consumption of Oporto - Rotunda AEP (Half-Hourly)","mc.lm",6,0.714467089307128,0.591146489937246,0.646982719441426
"DS24","Water Consumption of Oporto - Rotunda AEP (Half-Hourly)","mc.lm",7,0.714199877277429,0.59185473325481,0.647296942176702
"DS24","Water Consumption of Oporto - Rotunda AEP (Half-Hourly)","mc.lm",8,1e-05,0.718155867140191,1.99997215128021e-05
"DS24","Water Consumption of Oporto - Rotunda AEP (Half-Hourly)","mc.lm",9,0.231930071827188,0.673865681000099,0.345088206272547
"DS24","Water Consumption of Oporto - Rotunda AEP (Half-Hourly)","mc.lm",10,0.231930071827188,0.750162539936218,0.354315366362591
"DS24","Water Consumption of Oporto - Rotunda AEP (Half-Hourly)","mc.lm",11,0.865256792841995,0.82678178484205,0.845581850162987
"DS24","Water Consumption of Oporto - Rotunda AEP (Half-Hourly)","mc.lm",12,0.856836084422319,0.818186375947925,0.837065325726974
"DS24","Water Consumption of Oporto - Rotunda AEP (Half-Hourly)","mc.lm",13,0.83460287175588,0.809417847449766,0.821817452834103
"DS24","Water Consumption of Oporto - Rotunda AEP (Half-Hourly)","mc.lm",14,0.837110732952055,0.810401645951928,0.823539688702888
"DS24","Water Consumption of Oporto - Rotunda AEP (Half-Hourly)","mc.lm",15,0.83706401468,0.810904145392902,0.823776448973638
"DS24","Water Consumption of Oporto - Rotunda AEP (Half-Hourly)","mc.lm",16,0.83821668759249,0.810307345549797,0.824025765428426
"DS24","Water Consumption of Oporto - Rotunda AEP (Half-Hourly)","mc.lm",17,0.839351679776957,0.813935021614692,0.826447980312819
"DS24","Water Consumption of Oporto - Rotunda AEP (Half-Hourly)","mc.lm",18,0.832918585886797,0.812306583652873,0.822483467295839
"DS24","Water Consumption of Oporto - Rotunda AEP (Half-Hourly)","mc.lm",19,0.833419734455337,0.812298341432552,0.82272350037838
"DS24","Water Consumption of Oporto - Rotunda AEP (Half-Hourly)","mc.lm",20,0.831673470200419,0.811308880903715,0.821364967106509
"DS24","Water Consumption of Oporto - Rotunda AEP (Half-Hourly)","mc.lm",21,0.81921955898941,0.808260615655968,0.813703190271389
"DS24","Water Consumption of Oporto - Rotunda AEP (Half-Hourly)","mc.lm",22,0.81920129589202,0.808306682031927,0.813717524436831
"DS24","Water Consumption of Oporto - Rotunda AEP (Half-Hourly)","mc.lm",23,0.833016805355899,0.806971876568095,0.819787529072672
"DS24","Water Consumption of Oporto - Rotunda AEP (Half-Hourly)","mc.lm",24,0.833609590778237,0.802109662273498,0.817556320963512
"DS24","Water Consumption of Oporto - Rotunda AEP (Half-Hourly)","mc.lm",25,0.736159145736074,0.785723126801423,0.760134047486858
"DS24","Water Consumption of Oporto - Rotunda AEP (Half-Hourly)","mc.lm",26,0.749659799848917,0.787596803585912,0.768160189806454
"DS24","Water Consumption of Oporto - Rotunda AEP (Half-Hourly)","mc.lm",27,0.784810975697437,0.792676560759918,0.788724158746211
"DS24","Water Consumption of Oporto - Rotunda AEP (Half-Hourly)","mc.lm",28,0.772495279150238,0.793327302428723,0.782772714044267
"DS24","Water Consumption of Oporto - Rotunda AEP (Half-Hourly)","mc.lm",29,0.798215825301028,0.799415418076028,0.798815171327147
"DS24","Water Consumption of Oporto - Rotunda AEP (Half-Hourly)","mc.lm",30,0.806238013703278,0.799435269225876,0.802822230895217
"DS24","Water Consumption of Oporto - Rotunda AEP (Half-Hourly)","mc.lm",31,0.813904784502612,0.797673452168431,0.805707379781554
"DS24","Water Consumption of Oporto - Rotunda AEP (Half-Hourly)","mc.lm",32,0.800714953802677,0.792086306181159,0.796377258099377
"DS24","Water Consumption of Oporto - Rotunda AEP (Half-Hourly)","mc.lm",33,0.948547768987465,0.789691427137255,0.86186071867387
"DS24","Water Consumption of Oporto - Rotunda AEP (Half-Hourly)","mc.lm",34,0.895538538484883,0.788582066818893,0.838663964291318
"DS24","Water Consumption of Oporto - Rotunda AEP (Half-Hourly)","mc.lm",35,0.884876916001664,0.791211043154002,0.83542678526879
"DS24","Water Consumption of Oporto - Rotunda AEP (Half-Hourly)","mc.lm",36,0.703459970488307,0.799321869659993,0.748333422482917
"DS24","Water Consumption of Oporto - Rotunda AEP (Half-Hourly)","mc.lm",37,0.707154741662073,0.800757348533413,0.751050886345427
"DS24","Water Consumption of Oporto - Rotunda AEP (Half-Hourly)","mc.lm",38,0.705157058458019,0.798232411879753,0.748813571775932
"DS24","Water Consumption of Oporto - Rotunda AEP (Half-Hourly)","mc.lm",39,0.705115456782533,0.79824681622766,0.74879645253111
"DS24","Water Consumption of Oporto - Rotunda AEP (Half-Hourly)","mc.lm",40,0.769820996141546,0.79553265307234,0.782465661684603
"DS24","Water Consumption of Oporto - Rotunda AEP (Half-Hourly)","mc.lm",41,0.694569912160317,0.805632250515407,0.745990021072858
"DS24","Water Consumption of Oporto - Rotunda AEP (Half-Hourly)","mc.lm",42,0.694658705866304,0.803283160334377,0.745032438431514
"DS24","Water Consumption of Oporto - Rotunda AEP (Half-Hourly)","mc.lm",43,0.694737011570434,0.804539343961722,0.745617387284697
"DS24","Water Consumption of Oporto - Rotunda AEP (Half-Hourly)","mc.lm",44,0.698447138323947,0.80883413586749,0.749598495315242
"DS24","Water Consumption of Oporto - Rotunda AEP (Half-Hourly)","mc.lm",45,0.518942005397865,0.806299708521819,0.631466370696184
"DS24","Water Consumption of Oporto - Rotunda AEP (Half-Hourly)","mc.lm",46,0.520972179872337,0.811220163712917,0.634477654943626
"DS24","Water Consumption of Oporto - Rotunda AEP (Half-Hourly)","mc.lm",47,0.520206477719118,0.811674286095616,0.634048081324664
"DS24","Water Consumption of Oporto - Rotunda AEP (Half-Hourly)","mc.lm",48,0.52246025207041,0.778325794658993,0.625228556060968
"DS24","Water Consumption of Oporto - Rotunda AEP (Half-Hourly)","mc.lm",49,0.521178599185398,0.796308227566936,0.630015872851167
"DS24","Water Consumption of Oporto - Rotunda AEP (Half-Hourly)","mc.lm",50,0.841633885222931,0.829296733959675,0.835419764522123
"DS24","Water Consumption of Oporto - Rotunda AEP (Half-Hourly)","mc.lm_UNDERB",1,0.636217868241578,0.61748268440204,0.626710287904016
"DS24","Water Consumption of Oporto - Rotunda AEP (Half-Hourly)","mc.lm_UNDERB",2,0.609941343089152,0.61628571247417,0.613097115232815
"DS24","Water Consumption of Oporto - Rotunda AEP (Half-Hourly)","mc.lm_UNDERB",3,0.627247755888434,0.599447445950608,0.613032584919018
"DS24","Water Consumption of Oporto - Rotunda AEP (Half-Hourly)","mc.lm_UNDERB",4,0.671996159321448,0.615255206137496,0.64237513607844
"DS24","Water Consumption of Oporto - Rotunda AEP (Half-Hourly)","mc.lm_UNDERB",5,0.644685047294751,0.705328090451596,0.673644515949207
"DS24","Water Consumption of Oporto - Rotunda AEP (Half-Hourly)","mc.lm_UNDERB",6,0.618866162689979,0.707642893241637,0.660283832872473
"DS24","Water Consumption of Oporto - Rotunda AEP (Half-Hourly)","mc.lm_UNDERB",7,0.652544023027339,0.695669158222213,0.673416871331328
"DS24","Water Consumption of Oporto - Rotunda AEP (Half-Hourly)","mc.lm_UNDERB",8,0.733203925138086,0.866896641670772,0.794465089940765
"DS24","Water Consumption of Oporto - Rotunda AEP (Half-Hourly)","mc.lm_UNDERB",9,0.762215536977945,0.748939571855786,0.75551923768654
"DS24","Water Consumption of Oporto - Rotunda AEP (Half-Hourly)","mc.lm_UNDERB",10,0.788521044558669,0.840770994864039,0.813808214934538
"DS24","Water Consumption of Oporto - Rotunda AEP (Half-Hourly)","mc.lm_UNDERB",11,0.84995034485602,0.896535079119357,0.872621424962732
"DS24","Water Consumption of Oporto - Rotunda AEP (Half-Hourly)","mc.lm_UNDERB",12,0.824826881649835,0.879012270488595,0.851057975853044
"DS24","Water Consumption of Oporto - Rotunda AEP (Half-Hourly)","mc.lm_UNDERB",13,0.812145886806016,0.873759318797167,0.841826734339619
"DS24","Water Consumption of Oporto - Rotunda AEP (Half-Hourly)","mc.lm_UNDERB",14,0.763695849866339,0.844288775250205,0.8019726354045
"DS24","Water Consumption of Oporto - Rotunda AEP (Half-Hourly)","mc.lm_UNDERB",15,0.80050507587266,0.871629007903888,0.834554419857342
"DS24","Water Consumption of Oporto - Rotunda AEP (Half-Hourly)","mc.lm_UNDERB",16,0.796358558464617,0.862758079640099,0.828229631149689
"DS24","Water Consumption of Oporto - Rotunda AEP (Half-Hourly)","mc.lm_UNDERB",17,0.80054869131604,0.86595506919798,0.831968356520371
"DS24","Water Consumption of Oporto - Rotunda AEP (Half-Hourly)","mc.lm_UNDERB",18,0.795426318160408,0.861922940102701,0.827340631270907
"DS24","Water Consumption of Oporto - Rotunda AEP (Half-Hourly)","mc.lm_UNDERB",19,0.789711940977725,0.866858854301781,0.826489022183784
"DS24","Water Consumption of Oporto - Rotunda AEP (Half-Hourly)","mc.lm_UNDERB",20,0.793389714377651,0.871043039544253,0.830404937329275
"DS24","Water Consumption of Oporto - Rotunda AEP (Half-Hourly)","mc.lm_UNDERB",21,0.78672667871451,0.865745990782381,0.824347029165685
"DS24","Water Consumption of Oporto - Rotunda AEP (Half-Hourly)","mc.lm_UNDERB",22,0.788650200037298,0.863791033019701,0.8245121912398
"DS24","Water Consumption of Oporto - Rotunda AEP (Half-Hourly)","mc.lm_UNDERB",23,0.804243957861771,0.871348939743897,0.836452721874941
"DS24","Water Consumption of Oporto - Rotunda AEP (Half-Hourly)","mc.lm_UNDERB",24,0.77653973241488,0.864856505754296,0.81832213811433
"DS24","Water Consumption of Oporto - Rotunda AEP (Half-Hourly)","mc.lm_UNDERB",25,0.755334148991166,0.845435574055114,0.797849123033814
"DS24","Water Consumption of Oporto - Rotunda AEP (Half-Hourly)","mc.lm_UNDERB",26,0.766871836679085,0.850017891768019,0.806307035540735
"DS24","Water Consumption of Oporto - Rotunda AEP (Half-Hourly)","mc.lm_UNDERB",27,0.757525645752048,0.841502275005652,0.79730884745704
"DS24","Water Consumption of Oporto - Rotunda AEP (Half-Hourly)","mc.lm_UNDERB",28,0.756128372818928,0.843833092317958,0.79757688785405
"DS24","Water Consumption of Oporto - Rotunda AEP (Half-Hourly)","mc.lm_UNDERB",29,0.765430344644384,0.852420919822276,0.806586925228556
"DS24","Water Consumption of Oporto - Rotunda AEP (Half-Hourly)","mc.lm_UNDERB",30,0.761284879244047,0.85629262103346,0.805998630036818
"DS24","Water Consumption of Oporto - Rotunda AEP (Half-Hourly)","mc.lm_UNDERB",31,0.76450486078515,0.854770989588728,0.807121993757682
"DS24","Water Consumption of Oporto - Rotunda AEP (Half-Hourly)","mc.lm_UNDERB",32,0.760909439568383,0.857778457964744,0.806445426222664
"DS24","Water Consumption of Oporto - Rotunda AEP (Half-Hourly)","mc.lm_UNDERB",33,0.793430903248596,0.880407632389129,0.83465950642285
"DS24","Water Consumption of Oporto - Rotunda AEP (Half-Hourly)","mc.lm_UNDERB",34,0.806167644833688,0.882923340479061,0.84280152597097
"DS24","Water Consumption of Oporto - Rotunda AEP (Half-Hourly)","mc.lm_UNDERB",35,0.78782662074357,0.883866515489768,0.833087789850808
"DS24","Water Consumption of Oporto - Rotunda AEP (Half-Hourly)","mc.lm_UNDERB",36,0.780152474477833,0.911012649873742,0.840519666407045
"DS24","Water Consumption of Oporto - Rotunda AEP (Half-Hourly)","mc.lm_UNDERB",37,0.760307219986485,0.898930786752602,0.823828244845175
"DS24","Water Consumption of Oporto - Rotunda AEP (Half-Hourly)","mc.lm_UNDERB",38,0.775047262438162,0.904303448846538,0.834701063610147
"DS24","Water Consumption of Oporto - Rotunda AEP (Half-Hourly)","mc.lm_UNDERB",39,0.77296679879208,0.90478740182733,0.833698549310351
"DS24","Water Consumption of Oporto - Rotunda AEP (Half-Hourly)","mc.lm_UNDERB",40,0.750109166689108,0.881665881294297,0.810584351480547
"DS24","Water Consumption of Oporto - Rotunda AEP (Half-Hourly)","mc.lm_UNDERB",41,0.748642284665706,0.895647041364012,0.815573313876412
"DS24","Water Consumption of Oporto - Rotunda AEP (Half-Hourly)","mc.lm_UNDERB",42,0.771653865010227,0.893787764543583,0.828242516303239
"DS24","Water Consumption of Oporto - Rotunda AEP (Half-Hourly)","mc.lm_UNDERB",43,0.779246062050047,0.898942893508262,0.834825789377386
"DS24","Water Consumption of Oporto - Rotunda AEP (Half-Hourly)","mc.lm_UNDERB",44,0.716727735763322,0.909287142699781,0.801605598543978
"DS24","Water Consumption of Oporto - Rotunda AEP (Half-Hourly)","mc.lm_UNDERB",45,0.747186692374498,0.902208772121435,0.817412685779014
"DS24","Water Consumption of Oporto - Rotunda AEP (Half-Hourly)","mc.lm_UNDERB",46,0.74291318523417,0.907296465280269,0.816917422295938
"DS24","Water Consumption of Oporto - Rotunda AEP (Half-Hourly)","mc.lm_UNDERB",47,0.70223833333327,0.894293755314106,0.786714355079695
"DS24","Water Consumption of Oporto - Rotunda AEP (Half-Hourly)","mc.lm_UNDERB",48,0.714091203133598,0.876928192314379,0.787176711614163
"DS24","Water Consumption of Oporto - Rotunda AEP (Half-Hourly)","mc.lm_UNDERB",49,0.68964663143377,0.88187987240139,0.77400601497543
"DS24","Water Consumption of Oporto - Rotunda AEP (Half-Hourly)","mc.lm_UNDERB",50,0.78679810370168,0.922395965699888,0.8492182481406
"DS24","Water Consumption of Oporto - Rotunda AEP (Half-Hourly)","mc.lm_UNDERT",1,0.667441332051535,0.588504670216333,0.625492402218681
"DS24","Water Consumption of Oporto - Rotunda AEP (Half-Hourly)","mc.lm_UNDERT",2,0.63126537135138,0.591966297248729,0.610984548638896
"DS24","Water Consumption of Oporto - Rotunda AEP (Half-Hourly)","mc.lm_UNDERT",3,0.627364800195519,0.590225583208124,0.60822877730777
"DS24","Water Consumption of Oporto - Rotunda AEP (Half-Hourly)","mc.lm_UNDERT",4,0.660336286028371,0.601501000644324,0.629546996277419
"DS24","Water Consumption of Oporto - Rotunda AEP (Half-Hourly)","mc.lm_UNDERT",5,0.655233477220332,0.69062295924785,0.672462932560137
"DS24","Water Consumption of Oporto - Rotunda AEP (Half-Hourly)","mc.lm_UNDERT",6,0.663392172838908,0.676570452054428,0.669916509503714
"DS24","Water Consumption of Oporto - Rotunda AEP (Half-Hourly)","mc.lm_UNDERT",7,0.657895788760512,0.67909025274341,0.668325028981824
"DS24","Water Consumption of Oporto - Rotunda AEP (Half-Hourly)","mc.lm_UNDERT",8,0.794588126027458,0.905689443987597,0.846508935661114
"DS24","Water Consumption of Oporto - Rotunda AEP (Half-Hourly)","mc.lm_UNDERT",9,0.752758230790346,0.76272033095479,0.75770653760513
"DS24","Water Consumption of Oporto - Rotunda AEP (Half-Hourly)","mc.lm_UNDERT",10,0.777425635416784,0.85447833992554,0.814132910273894
"DS24","Water Consumption of Oporto - Rotunda AEP (Half-Hourly)","mc.lm_UNDERT",11,0.837033400615618,0.896317848369725,0.86566179485267
"DS24","Water Consumption of Oporto - Rotunda AEP (Half-Hourly)","mc.lm_UNDERT",12,0.823142090488772,0.882864706413885,0.851958036012148
"DS24","Water Consumption of Oporto - Rotunda AEP (Half-Hourly)","mc.lm_UNDERT",13,0.816489631894993,0.873008061424688,0.843803496781846
"DS24","Water Consumption of Oporto - Rotunda AEP (Half-Hourly)","mc.lm_UNDERT",14,0.815871153453413,0.875680046182246,0.844718255632735
"DS24","Water Consumption of Oporto - Rotunda AEP (Half-Hourly)","mc.lm_UNDERT",15,0.807327484961921,0.87033913644082,0.837649980184018
"DS24","Water Consumption of Oporto - Rotunda AEP (Half-Hourly)","mc.lm_UNDERT",16,0.796045100976821,0.861373036872904,0.82742160286214
"DS24","Water Consumption of Oporto - Rotunda AEP (Half-Hourly)","mc.lm_UNDERT",17,0.800184672557938,0.865806649661658,0.831703264258275
"DS24","Water Consumption of Oporto - Rotunda AEP (Half-Hourly)","mc.lm_UNDERT",18,0.784613958933256,0.863611534070122,0.822219614492751
"DS24","Water Consumption of Oporto - Rotunda AEP (Half-Hourly)","mc.lm_UNDERT",19,0.804471555238535,0.863996474562178,0.833172197725199
"DS24","Water Consumption of Oporto - Rotunda AEP (Half-Hourly)","mc.lm_UNDERT",20,0.792612437728017,0.868762297878002,0.828942186214358
"DS24","Water Consumption of Oporto - Rotunda AEP (Half-Hourly)","mc.lm_UNDERT",21,0.791366524952924,0.863314782755868,0.825776439713352
"DS24","Water Consumption of Oporto - Rotunda AEP (Half-Hourly)","mc.lm_UNDERT",22,0.789882015581485,0.861150316243663,0.823977985653663
"DS24","Water Consumption of Oporto - Rotunda AEP (Half-Hourly)","mc.lm_UNDERT",23,0.798115221300394,0.866172808703432,0.830752478465082
"DS24","Water Consumption of Oporto - Rotunda AEP (Half-Hourly)","mc.lm_UNDERT",24,0.787247780775566,0.868513776252628,0.825886481088587
"DS24","Water Consumption of Oporto - Rotunda AEP (Half-Hourly)","mc.lm_UNDERT",25,0.755684717651667,0.847183503165496,0.798822533348853
"DS24","Water Consumption of Oporto - Rotunda AEP (Half-Hourly)","mc.lm_UNDERT",26,0.766221675231919,0.845930160767235,0.804105432799467
"DS24","Water Consumption of Oporto - Rotunda AEP (Half-Hourly)","mc.lm_UNDERT",27,0.759204580908582,0.839953536054748,0.797540362717928
"DS24","Water Consumption of Oporto - Rotunda AEP (Half-Hourly)","mc.lm_UNDERT",28,0.754119677995428,0.837355930752936,0.793561122012533
"DS24","Water Consumption of Oporto - Rotunda AEP (Half-Hourly)","mc.lm_UNDERT",29,0.762383286694536,0.854161087342516,0.805666887458841
"DS24","Water Consumption of Oporto - Rotunda AEP (Half-Hourly)","mc.lm_UNDERT",30,0.768839207896025,0.857186979065397,0.810612969567214
"DS24","Water Consumption of Oporto - Rotunda AEP (Half-Hourly)","mc.lm_UNDERT",31,0.760887466580951,0.853043126822246,0.804334246224824
"DS24","Water Consumption of Oporto - Rotunda AEP (Half-Hourly)","mc.lm_UNDERT",32,0.764839171573813,0.864837877586025,0.811770511439134
"DS24","Water Consumption of Oporto - Rotunda AEP (Half-Hourly)","mc.lm_UNDERT",33,0.809560297001026,0.882180690316186,0.844311826709946
"DS24","Water Consumption of Oporto - Rotunda AEP (Half-Hourly)","mc.lm_UNDERT",34,0.776005475931022,0.880619340205432,0.825009288227264
"DS24","Water Consumption of Oporto - Rotunda AEP (Half-Hourly)","mc.lm_UNDERT",35,0.795365560662407,0.892266425891595,0.841034054513995
"DS24","Water Consumption of Oporto - Rotunda AEP (Half-Hourly)","mc.lm_UNDERT",36,0.774780574897618,0.910782648686249,0.837294851100904
"DS24","Water Consumption of Oporto - Rotunda AEP (Half-Hourly)","mc.lm_UNDERT",37,0.77216455811183,0.909174849643152,0.835087303352376
"DS24","Water Consumption of Oporto - Rotunda AEP (Half-Hourly)","mc.lm_UNDERT",38,0.755385520011774,0.896941496007573,0.820099909779464
"DS24","Water Consumption of Oporto - Rotunda AEP (Half-Hourly)","mc.lm_UNDERT",39,0.767641645277064,0.90826622825841,0.832054067911294
"DS24","Water Consumption of Oporto - Rotunda AEP (Half-Hourly)","mc.lm_UNDERT",40,0.776074372545849,0.8895086817201,0.828928812972644
"DS24","Water Consumption of Oporto - Rotunda AEP (Half-Hourly)","mc.lm_UNDERT",41,0.744999542515006,0.897132726661222,0.814019045217513
"DS24","Water Consumption of Oporto - Rotunda AEP (Half-Hourly)","mc.lm_UNDERT",42,0.782729625503192,0.895882431457888,0.835492295151768
"DS24","Water Consumption of Oporto - Rotunda AEP (Half-Hourly)","mc.lm_UNDERT",43,0.771687307164942,0.899451341491908,0.830685334457021
"DS24","Water Consumption of Oporto - Rotunda AEP (Half-Hourly)","mc.lm_UNDERT",44,0.753846158407765,0.903467408164258,0.821902926070868
"DS24","Water Consumption of Oporto - Rotunda AEP (Half-Hourly)","mc.lm_UNDERT",45,0.76339732364593,0.905542671144624,0.828416664178207
"DS24","Water Consumption of Oporto - Rotunda AEP (Half-Hourly)","mc.lm_UNDERT",46,0.77750825483549,0.910689524871894,0.838845580406862
"DS24","Water Consumption of Oporto - Rotunda AEP (Half-Hourly)","mc.lm_UNDERT",47,0.731836748213745,0.907832246310851,0.81038917157343
"DS24","Water Consumption of Oporto - Rotunda AEP (Half-Hourly)","mc.lm_UNDERT",48,0.707448150769004,0.87855347515509,0.783770988870218
"DS24","Water Consumption of Oporto - Rotunda AEP (Half-Hourly)","mc.lm_UNDERT",49,0.715729420040903,0.882857659118131,0.790557122070204
"DS24","Water Consumption of Oporto - Rotunda AEP (Half-Hourly)","mc.lm_UNDERT",50,0.797881659837313,0.921620646917765,0.855298895051526
"DS24","Water Consumption of Oporto - Rotunda AEP (Half-Hourly)","mc.lm_UNDERTPhi",1,0.387659118455841,0.690408742258228,0.496523927947828
"DS24","Water Consumption of Oporto - Rotunda AEP (Half-Hourly)","mc.lm_UNDERTPhi",2,0.389691677056813,0.683239392529298,0.496309058901106
"DS24","Water Consumption of Oporto - Rotunda AEP (Half-Hourly)","mc.lm_UNDERTPhi",3,0.523231063868166,0.678561904415324,0.590858286772548
"DS24","Water Consumption of Oporto - Rotunda AEP (Half-Hourly)","mc.lm_UNDERTPhi",4,0.375733443357313,0.686502725033722,0.485658538894985
"DS24","Water Consumption of Oporto - Rotunda AEP (Half-Hourly)","mc.lm_UNDERTPhi",5,0.350321501157641,0.829547879124873,0.492611238419591
"DS24","Water Consumption of Oporto - Rotunda AEP (Half-Hourly)","mc.lm_UNDERTPhi",6,0.365757622511838,0.809308100016542,0.503819660239428
"DS24","Water Consumption of Oporto - Rotunda AEP (Half-Hourly)","mc.lm_UNDERTPhi",7,0.353670673197723,0.871236739617382,0.503108857030944
"DS24","Water Consumption of Oporto - Rotunda AEP (Half-Hourly)","mc.lm_UNDERTPhi",8,0.394355908213839,0.984064783647834,0.563067231633868
"DS24","Water Consumption of Oporto - Rotunda AEP (Half-Hourly)","mc.lm_UNDERTPhi",9,0.553553462969097,0.769053746944951,0.643747231437523
"DS24","Water Consumption of Oporto - Rotunda AEP (Half-Hourly)","mc.lm_UNDERTPhi",10,0.689796057662194,0.872273269618923,0.770376387371394
"DS24","Water Consumption of Oporto - Rotunda AEP (Half-Hourly)","mc.lm_UNDERTPhi",11,0.72823178212635,0.914834836640778,0.810937056146966
"DS24","Water Consumption of Oporto - Rotunda AEP (Half-Hourly)","mc.lm_UNDERTPhi",12,0.851386337192737,0.88690497114504,0.868782776740983
"DS24","Water Consumption of Oporto - Rotunda AEP (Half-Hourly)","mc.lm_UNDERTPhi",13,0.832659965203404,0.871973240892357,0.851863269849903
"DS24","Water Consumption of Oporto - Rotunda AEP (Half-Hourly)","mc.lm_UNDERTPhi",14,0.840413546916483,0.87418934853443,0.856968774551406
"DS24","Water Consumption of Oporto - Rotunda AEP (Half-Hourly)","mc.lm_UNDERTPhi",15,0.826324643604279,0.872374970896809,0.848725614301524
"DS24","Water Consumption of Oporto - Rotunda AEP (Half-Hourly)","mc.lm_UNDERTPhi",16,0.825882098932655,0.877996860878069,0.851142490073136
"DS24","Water Consumption of Oporto - Rotunda AEP (Half-Hourly)","mc.lm_UNDERTPhi",17,0.827681290952296,0.883038955249832,0.854464456201908
"DS24","Water Consumption of Oporto - Rotunda AEP (Half-Hourly)","mc.lm_UNDERTPhi",18,0.824544595224046,0.882986051474335,0.852765223053697
"DS24","Water Consumption of Oporto - Rotunda AEP (Half-Hourly)","mc.lm_UNDERTPhi",19,0.825509175987157,0.884461850338903,0.85396929190556
"DS24","Water Consumption of Oporto - Rotunda AEP (Half-Hourly)","mc.lm_UNDERTPhi",20,0.820295750260353,0.890214548905562,0.853826149592027
"DS24","Water Consumption of Oporto - Rotunda AEP (Half-Hourly)","mc.lm_UNDERTPhi",21,0.819350735374313,0.890417613637376,0.853407219692352
"DS24","Water Consumption of Oporto - Rotunda AEP (Half-Hourly)","mc.lm_UNDERTPhi",22,0.816419583035641,0.889379661787066,0.851339306006134
"DS24","Water Consumption of Oporto - Rotunda AEP (Half-Hourly)","mc.lm_UNDERTPhi",23,0.822503975266708,0.90151387687583,0.860198456259565
"DS24","Water Consumption of Oporto - Rotunda AEP (Half-Hourly)","mc.lm_UNDERTPhi",24,0.823105699538796,0.903104448388542,0.86125135996911
"DS24","Water Consumption of Oporto - Rotunda AEP (Half-Hourly)","mc.lm_UNDERTPhi",25,0.787559473414409,0.880894495971153,0.83161635635196
"DS24","Water Consumption of Oporto - Rotunda AEP (Half-Hourly)","mc.lm_UNDERTPhi",26,0.800471707953113,0.884107715196467,0.840213531131326
"DS24","Water Consumption of Oporto - Rotunda AEP (Half-Hourly)","mc.lm_UNDERTPhi",27,0.787763843549167,0.877462204904694,0.830197197247363
"DS24","Water Consumption of Oporto - Rotunda AEP (Half-Hourly)","mc.lm_UNDERTPhi",28,0.779539128943408,0.876366701857065,0.825121963693334
"DS24","Water Consumption of Oporto - Rotunda AEP (Half-Hourly)","mc.lm_UNDERTPhi",29,0.802824856637574,0.878627648768419,0.839017592102605
"DS24","Water Consumption of Oporto - Rotunda AEP (Half-Hourly)","mc.lm_UNDERTPhi",30,0.793152642666075,0.885040252164083,0.836580844826941
"DS24","Water Consumption of Oporto - Rotunda AEP (Half-Hourly)","mc.lm_UNDERTPhi",31,0.794637605668674,0.87891797395677,0.834655607387096
"DS24","Water Consumption of Oporto - Rotunda AEP (Half-Hourly)","mc.lm_UNDERTPhi",32,0.806176526698694,0.894715946034948,0.848141790641395
"DS24","Water Consumption of Oporto - Rotunda AEP (Half-Hourly)","mc.lm_UNDERTPhi",33,0.844993252767011,0.94081933996221,0.890335298986574
"DS24","Water Consumption of Oporto - Rotunda AEP (Half-Hourly)","mc.lm_UNDERTPhi",34,0.847877673301062,0.93298102245736,0.888395896248582
"DS24","Water Consumption of Oporto - Rotunda AEP (Half-Hourly)","mc.lm_UNDERTPhi",35,0.838292354984981,0.92993496856589,0.881738862870316
"DS24","Water Consumption of Oporto - Rotunda AEP (Half-Hourly)","mc.lm_UNDERTPhi",36,0.780366579507012,0.944577603986905,0.854655821278973
"DS24","Water Consumption of Oporto - Rotunda AEP (Half-Hourly)","mc.lm_UNDERTPhi",37,0.793265193091928,0.946485747118176,0.863128372680499
"DS24","Water Consumption of Oporto - Rotunda AEP (Half-Hourly)","mc.lm_UNDERTPhi",38,0.800411605277519,0.94453822189987,0.866522741985971
"DS24","Water Consumption of Oporto - Rotunda AEP (Half-Hourly)","mc.lm_UNDERTPhi",39,0.79228530464237,0.941369584124265,0.860417252097456
"DS24","Water Consumption of Oporto - Rotunda AEP (Half-Hourly)","mc.lm_UNDERTPhi",40,0.8159121875578,0.935853160605666,0.871776577043465
"DS24","Water Consumption of Oporto - Rotunda AEP (Half-Hourly)","mc.lm_UNDERTPhi",41,0.794936671948882,0.938293643912406,0.860686568630515
"DS24","Water Consumption of Oporto - Rotunda AEP (Half-Hourly)","mc.lm_UNDERTPhi",42,0.777691216674736,0.939831922781874,0.851108220561423
"DS24","Water Consumption of Oporto - Rotunda AEP (Half-Hourly)","mc.lm_UNDERTPhi",43,0.771796397316462,0.941329821042228,0.84817447398943
"DS24","Water Consumption of Oporto - Rotunda AEP (Half-Hourly)","mc.lm_UNDERTPhi",44,0.776468226362566,0.944064500360665,0.852103626721452
"DS24","Water Consumption of Oporto - Rotunda AEP (Half-Hourly)","mc.lm_UNDERTPhi",45,0.760296699043599,0.946596517317017,0.843279709057377
"DS24","Water Consumption of Oporto - Rotunda AEP (Half-Hourly)","mc.lm_UNDERTPhi",46,0.790981456414318,0.951047962850412,0.863660848038721
"DS24","Water Consumption of Oporto - Rotunda AEP (Half-Hourly)","mc.lm_UNDERTPhi",47,0.743830668262166,0.947292825651618,0.833322295007181
"DS24","Water Consumption of Oporto - Rotunda AEP (Half-Hourly)","mc.lm_UNDERTPhi",48,0.609330153142459,0.918752808397432,0.732713868986174
"DS24","Water Consumption of Oporto - Rotunda AEP (Half-Hourly)","mc.lm_UNDERTPhi",49,0.639558071680849,0.932134765012172,0.75861427747196
"DS24","Water Consumption of Oporto - Rotunda AEP (Half-Hourly)","mc.lm_UNDERTPhi",50,0.84541860850924,0.94783766220027,0.893703382565568
"DS24","Water Consumption of Oporto - Rotunda AEP (Half-Hourly)","mc.lm_OVERB",1,0.68546286268836,0.611516476487858,0.646381668378318
"DS24","Water Consumption of Oporto - Rotunda AEP (Half-Hourly)","mc.lm_OVERB",2,0.68078625594988,0.613611426240971,0.645455768696384
"DS24","Water Consumption of Oporto - Rotunda AEP (Half-Hourly)","mc.lm_OVERB",3,0.670805401453148,0.603453495486052,0.635349480816128
"DS24","Water Consumption of Oporto - Rotunda AEP (Half-Hourly)","mc.lm_OVERB",4,0.673623433146658,0.608913170801429,0.639635826908654
"DS24","Water Consumption of Oporto - Rotunda AEP (Half-Hourly)","mc.lm_OVERB",5,0.688463339830382,0.692782842821259,0.690616337241602
"DS24","Water Consumption of Oporto - Rotunda AEP (Half-Hourly)","mc.lm_OVERB",6,0.6926106045651,0.698609591621526,0.695597164178969
"DS24","Water Consumption of Oporto - Rotunda AEP (Half-Hourly)","mc.lm_OVERB",7,0.695654442815932,0.698283961377577,0.696966721941302
"DS24","Water Consumption of Oporto - Rotunda AEP (Half-Hourly)","mc.lm_OVERB",8,0.828417967138645,0.862639086980314,0.845182268770806
"DS24","Water Consumption of Oporto - Rotunda AEP (Half-Hourly)","mc.lm_OVERB",9,0.801675193832979,0.756114078044901,0.778228366338383
"DS24","Water Consumption of Oporto - Rotunda AEP (Half-Hourly)","mc.lm_OVERB",10,0.80178794643908,0.834016689867577,0.817584831614922
"DS24","Water Consumption of Oporto - Rotunda AEP (Half-Hourly)","mc.lm_OVERB",11,0.861230482948356,0.896482866627826,0.878503167045949
"DS24","Water Consumption of Oporto - Rotunda AEP (Half-Hourly)","mc.lm_OVERB",12,0.815716596160245,0.880898023675459,0.847055222837129
"DS24","Water Consumption of Oporto - Rotunda AEP (Half-Hourly)","mc.lm_OVERB",13,0.815334072311712,0.87080778256541,0.842158390773745
"DS24","Water Consumption of Oporto - Rotunda AEP (Half-Hourly)","mc.lm_OVERB",14,0.81394768397247,0.873998655207112,0.842904972378031
"DS24","Water Consumption of Oporto - Rotunda AEP (Half-Hourly)","mc.lm_OVERB",15,0.799164176003141,0.87172714391199,0.833870038536537
"DS24","Water Consumption of Oporto - Rotunda AEP (Half-Hourly)","mc.lm_OVERB",16,0.793568012604077,0.863652443453432,0.827128280521552
"DS24","Water Consumption of Oporto - Rotunda AEP (Half-Hourly)","mc.lm_OVERB",17,0.794836612247802,0.868098729767,0.829853856649203
"DS24","Water Consumption of Oporto - Rotunda AEP (Half-Hourly)","mc.lm_OVERB",18,0.793364360506924,0.866030035053858,0.828106165452125
"DS24","Water Consumption of Oporto - Rotunda AEP (Half-Hourly)","mc.lm_OVERB",19,0.795180361152359,0.86705181621043,0.829562302717403
"DS24","Water Consumption of Oporto - Rotunda AEP (Half-Hourly)","mc.lm_OVERB",20,0.794578039695133,0.870514982640814,0.830814950460378
"DS24","Water Consumption of Oporto - Rotunda AEP (Half-Hourly)","mc.lm_OVERB",21,0.79375759673772,0.864935720468612,0.827819454856308
"DS24","Water Consumption of Oporto - Rotunda AEP (Half-Hourly)","mc.lm_OVERB",22,0.791384579530222,0.865337864263023,0.826710647190141
"DS24","Water Consumption of Oporto - Rotunda AEP (Half-Hourly)","mc.lm_OVERB",23,0.797839379924374,0.868478360347235,0.831661597006381
"DS24","Water Consumption of Oporto - Rotunda AEP (Half-Hourly)","mc.lm_OVERB",24,0.791241733771088,0.866440680775357,0.827135548342136
"DS24","Water Consumption of Oporto - Rotunda AEP (Half-Hourly)","mc.lm_OVERB",25,0.760381082312222,0.848117015627366,0.80185625969496
"DS24","Water Consumption of Oporto - Rotunda AEP (Half-Hourly)","mc.lm_OVERB",26,0.770352872529457,0.851017188681115,0.808678476994891
"DS24","Water Consumption of Oporto - Rotunda AEP (Half-Hourly)","mc.lm_OVERB",27,0.763103054373048,0.844215450128327,0.801612607255705
"DS24","Water Consumption of Oporto - Rotunda AEP (Half-Hourly)","mc.lm_OVERB",28,0.756825894911402,0.843728408904998,0.797917954560006
"DS24","Water Consumption of Oporto - Rotunda AEP (Half-Hourly)","mc.lm_OVERB",29,0.770624947117885,0.856286472155809,0.811200547866854
"DS24","Water Consumption of Oporto - Rotunda AEP (Half-Hourly)","mc.lm_OVERB",30,0.763228619692735,0.858435324389633,0.808037214023557
"DS24","Water Consumption of Oporto - Rotunda AEP (Half-Hourly)","mc.lm_OVERB",31,0.762736005442128,0.856509258750388,0.80690734762686
"DS24","Water Consumption of Oporto - Rotunda AEP (Half-Hourly)","mc.lm_OVERB",32,0.76454349025239,0.862397066367165,0.810527539461855
"DS24","Water Consumption of Oporto - Rotunda AEP (Half-Hourly)","mc.lm_OVERB",33,0.785505319093694,0.889325582645958,0.834197619412075
"DS24","Water Consumption of Oporto - Rotunda AEP (Half-Hourly)","mc.lm_OVERB",34,0.785187638600109,0.883540322814042,0.8314655902217
"DS24","Water Consumption of Oporto - Rotunda AEP (Half-Hourly)","mc.lm_OVERB",35,0.796905700171388,0.892498240722528,0.84199748586875
"DS24","Water Consumption of Oporto - Rotunda AEP (Half-Hourly)","mc.lm_OVERB",36,0.771867976512059,0.909170091269121,0.834911822763705
"DS24","Water Consumption of Oporto - Rotunda AEP (Half-Hourly)","mc.lm_OVERB",37,0.777131152918291,0.909498882026257,0.838120868386171
"DS24","Water Consumption of Oporto - Rotunda AEP (Half-Hourly)","mc.lm_OVERB",38,0.774558049800002,0.904159017914983,0.834355781678651
"DS24","Water Consumption of Oporto - Rotunda AEP (Half-Hourly)","mc.lm_OVERB",39,0.775770758266445,0.907776149803902,0.836598242310622
"DS24","Water Consumption of Oporto - Rotunda AEP (Half-Hourly)","mc.lm_OVERB",40,0.779129466118566,0.894510966676261,0.832842990940237
"DS24","Water Consumption of Oporto - Rotunda AEP (Half-Hourly)","mc.lm_OVERB",41,0.754747120329213,0.892640460078484,0.817922661001059
"DS24","Water Consumption of Oporto - Rotunda AEP (Half-Hourly)","mc.lm_OVERB",42,0.771195006307125,0.89753986668139,0.829584464674893
"DS24","Water Consumption of Oporto - Rotunda AEP (Half-Hourly)","mc.lm_OVERB",43,0.767177844842268,0.900265385090395,0.828410401651437
"DS24","Water Consumption of Oporto - Rotunda AEP (Half-Hourly)","mc.lm_OVERB",44,0.728022158092506,0.898435092217288,0.80430107169123
"DS24","Water Consumption of Oporto - Rotunda AEP (Half-Hourly)","mc.lm_OVERB",45,0.744790811413836,0.90282747647864,0.816229843665239
"DS24","Water Consumption of Oporto - Rotunda AEP (Half-Hourly)","mc.lm_OVERB",46,0.741705778799601,0.90658233592998,0.815897841533881
"DS24","Water Consumption of Oporto - Rotunda AEP (Half-Hourly)","mc.lm_OVERB",47,0.734517686878193,0.905117002198347,0.810942158320998
"DS24","Water Consumption of Oporto - Rotunda AEP (Half-Hourly)","mc.lm_OVERB",48,0.695797847849456,0.867729828137566,0.772310661596384
"DS24","Water Consumption of Oporto - Rotunda AEP (Half-Hourly)","mc.lm_OVERB",49,0.714264424442827,0.884173504862689,0.7901885559394
"DS24","Water Consumption of Oporto - Rotunda AEP (Half-Hourly)","mc.lm_OVERB",50,0.807266783133407,0.928629827927393,0.863705832635466
"DS24","Water Consumption of Oporto - Rotunda AEP (Half-Hourly)","mc.lm_OVERT",1,0.602323323929292,0.57789504808276,0.58985637657898
"DS24","Water Consumption of Oporto - Rotunda AEP (Half-Hourly)","mc.lm_OVERT",2,0.602753180497273,0.572025107922453,0.586987275000383
"DS24","Water Consumption of Oporto - Rotunda AEP (Half-Hourly)","mc.lm_OVERT",3,0.60298820099663,0.569834011887531,0.585942493107763
"DS24","Water Consumption of Oporto - Rotunda AEP (Half-Hourly)","mc.lm_OVERT",4,0.616087707266799,0.56856666370382,0.591374059562402
"DS24","Water Consumption of Oporto - Rotunda AEP (Half-Hourly)","mc.lm_OVERT",5,0.685178532409375,0.691122100272069,0.688137482662491
"DS24","Water Consumption of Oporto - Rotunda AEP (Half-Hourly)","mc.lm_OVERT",6,0.697921826998905,0.683688684330461,0.69073194182241
"DS24","Water Consumption of Oporto - Rotunda AEP (Half-Hourly)","mc.lm_OVERT",7,0.694122537488447,0.689153368606213,0.691629027626424
"DS24","Water Consumption of Oporto - Rotunda AEP (Half-Hourly)","mc.lm_OVERT",8,0.740095176169202,0.880271173377313,0.804119944011032
"DS24","Water Consumption of Oporto - Rotunda AEP (Half-Hourly)","mc.lm_OVERT",9,0.743416478627955,0.774391967074061,0.758588148419089
"DS24","Water Consumption of Oporto - Rotunda AEP (Half-Hourly)","mc.lm_OVERT",10,0.741788466836214,0.842686909265056,0.789025111876174
"DS24","Water Consumption of Oporto - Rotunda AEP (Half-Hourly)","mc.lm_OVERT",11,0.840684190895112,0.902163789155527,0.870339632397596
"DS24","Water Consumption of Oporto - Rotunda AEP (Half-Hourly)","mc.lm_OVERT",12,0.829828011322511,0.881354318093327,0.854815396911642
"DS24","Water Consumption of Oporto - Rotunda AEP (Half-Hourly)","mc.lm_OVERT",13,0.812770120642839,0.875106278278332,0.842787109087132
"DS24","Water Consumption of Oporto - Rotunda AEP (Half-Hourly)","mc.lm_OVERT",14,0.819569220756598,0.877354447831704,0.847477956076783
"DS24","Water Consumption of Oporto - Rotunda AEP (Half-Hourly)","mc.lm_OVERT",15,0.795880189082711,0.872515328665381,0.832437701214942
"DS24","Water Consumption of Oporto - Rotunda AEP (Half-Hourly)","mc.lm_OVERT",16,0.789861299238751,0.865508050322179,0.825956229418409
"DS24","Water Consumption of Oporto - Rotunda AEP (Half-Hourly)","mc.lm_OVERT",17,0.79222425113908,0.868971265161698,0.828824907181436
"DS24","Water Consumption of Oporto - Rotunda AEP (Half-Hourly)","mc.lm_OVERT",18,0.791789576728208,0.867100468817554,0.82773552717294
"DS24","Water Consumption of Oporto - Rotunda AEP (Half-Hourly)","mc.lm_OVERT",19,0.794100874295,0.867948464548932,0.829384084374681
"DS24","Water Consumption of Oporto - Rotunda AEP (Half-Hourly)","mc.lm_OVERT",20,0.790281795471456,0.871651585820197,0.828974720674006
"DS24","Water Consumption of Oporto - Rotunda AEP (Half-Hourly)","mc.lm_OVERT",21,0.785893017605868,0.8650407736539,0.823569676213635
"DS24","Water Consumption of Oporto - Rotunda AEP (Half-Hourly)","mc.lm_OVERT",22,0.788141122544786,0.864326451877429,0.824477563822714
"DS24","Water Consumption of Oporto - Rotunda AEP (Half-Hourly)","mc.lm_OVERT",23,0.796728172810185,0.870628440852416,0.832040609900733
"DS24","Water Consumption of Oporto - Rotunda AEP (Half-Hourly)","mc.lm_OVERT",24,0.785513830652766,0.866876717719537,0.824192140181796
"DS24","Water Consumption of Oporto - Rotunda AEP (Half-Hourly)","mc.lm_OVERT",25,0.756580947234316,0.847735800164233,0.799568733210216
"DS24","Water Consumption of Oporto - Rotunda AEP (Half-Hourly)","mc.lm_OVERT",26,0.762311564016135,0.850000110139117,0.803771285367054
"DS24","Water Consumption of Oporto - Rotunda AEP (Half-Hourly)","mc.lm_OVERT",27,0.755659871486253,0.845137949408261,0.797898180397493
"DS24","Water Consumption of Oporto - Rotunda AEP (Half-Hourly)","mc.lm_OVERT",28,0.753843993236435,0.845592385640968,0.797086710118866
"DS24","Water Consumption of Oporto - Rotunda AEP (Half-Hourly)","mc.lm_OVERT",29,0.770013797031517,0.856342774719737,0.810887062499972
"DS24","Water Consumption of Oporto - Rotunda AEP (Half-Hourly)","mc.lm_OVERT",30,0.764940900247051,0.857109915643174,0.808406770071419
"DS24","Water Consumption of Oporto - Rotunda AEP (Half-Hourly)","mc.lm_OVERT",31,0.771025051793894,0.854564067166079,0.810648024722845
"DS24","Water Consumption of Oporto - Rotunda AEP (Half-Hourly)","mc.lm_OVERT",32,0.760416491546324,0.861199173467273,0.807676033402263
"DS24","Water Consumption of Oporto - Rotunda AEP (Half-Hourly)","mc.lm_OVERT",33,0.787510978087691,0.882992762862837,0.832523121355954
"DS24","Water Consumption of Oporto - Rotunda AEP (Half-Hourly)","mc.lm_OVERT",34,0.794103394509656,0.888624202913174,0.838709125657102
"DS24","Water Consumption of Oporto - Rotunda AEP (Half-Hourly)","mc.lm_OVERT",35,0.79780847948866,0.888986254852554,0.840933111576533
"DS24","Water Consumption of Oporto - Rotunda AEP (Half-Hourly)","mc.lm_OVERT",36,0.768732862156771,0.902221951358473,0.830145324527818
"DS24","Water Consumption of Oporto - Rotunda AEP (Half-Hourly)","mc.lm_OVERT",37,0.754356038169729,0.894717335968282,0.818563243367632
"DS24","Water Consumption of Oporto - Rotunda AEP (Half-Hourly)","mc.lm_OVERT",38,0.766685689105444,0.896783473818957,0.826647191216382
"DS24","Water Consumption of Oporto - Rotunda AEP (Half-Hourly)","mc.lm_OVERT",39,0.761237648272059,0.895172247731701,0.822790081495802
"DS24","Water Consumption of Oporto - Rotunda AEP (Half-Hourly)","mc.lm_OVERT",40,0.783593006539385,0.890740053176586,0.833738152948011
"DS24","Water Consumption of Oporto - Rotunda AEP (Half-Hourly)","mc.lm_OVERT",41,0.783714515412938,0.900477170648796,0.838048347199318
"DS24","Water Consumption of Oporto - Rotunda AEP (Half-Hourly)","mc.lm_OVERT",42,0.764075375782734,0.893756551300406,0.823843915220835
"DS24","Water Consumption of Oporto - Rotunda AEP (Half-Hourly)","mc.lm_OVERT",43,0.779999449046465,0.898064504716808,0.83487857219787
"DS24","Water Consumption of Oporto - Rotunda AEP (Half-Hourly)","mc.lm_OVERT",44,0.767830918545146,0.904651780240904,0.83064489443156
"DS24","Water Consumption of Oporto - Rotunda AEP (Half-Hourly)","mc.lm_OVERT",45,0.782254106308505,0.905541460377821,0.839394935968331
"DS24","Water Consumption of Oporto - Rotunda AEP (Half-Hourly)","mc.lm_OVERT",46,0.73918091891968,0.901337924851821,0.812245221173363
"DS24","Water Consumption of Oporto - Rotunda AEP (Half-Hourly)","mc.lm_OVERT",47,0.749128447550099,0.903184569222372,0.818974670446394
"DS24","Water Consumption of Oporto - Rotunda AEP (Half-Hourly)","mc.lm_OVERT",48,0.705621551916363,0.8678687238237,0.778380248300076
"DS24","Water Consumption of Oporto - Rotunda AEP (Half-Hourly)","mc.lm_OVERT",49,0.759506904640642,0.905805447031811,0.826229974924342
"DS24","Water Consumption of Oporto - Rotunda AEP (Half-Hourly)","mc.lm_OVERT",50,0.808982738552696,0.922461774241709,0.862003543078424
"DS24","Water Consumption of Oporto - Rotunda AEP (Half-Hourly)","mc.lm_OVERTPhi",1,0.5996968270655,0.58084880290156,0.59012235573576
"DS24","Water Consumption of Oporto - Rotunda AEP (Half-Hourly)","mc.lm_OVERTPhi",2,0.594079558410562,0.573276645942624,0.583492742658421
"DS24","Water Consumption of Oporto - Rotunda AEP (Half-Hourly)","mc.lm_OVERTPhi",3,0.605003462275749,0.570239544353579,0.587107341570036
"DS24","Water Consumption of Oporto - Rotunda AEP (Half-Hourly)","mc.lm_OVERTPhi",4,0.604305081234672,0.570886390925968,0.5871205756965
"DS24","Water Consumption of Oporto - Rotunda AEP (Half-Hourly)","mc.lm_OVERTPhi",5,0.683483295218416,0.693980586980005,0.688691942542532
"DS24","Water Consumption of Oporto - Rotunda AEP (Half-Hourly)","mc.lm_OVERTPhi",6,0.703277398243112,0.687497801780822,0.695298083149533
"DS24","Water Consumption of Oporto - Rotunda AEP (Half-Hourly)","mc.lm_OVERTPhi",7,0.69294832196491,0.692076414736591,0.692512093907199
"DS24","Water Consumption of Oporto - Rotunda AEP (Half-Hourly)","mc.lm_OVERTPhi",8,0.750254952707916,0.887122706956688,0.81296846897281
"DS24","Water Consumption of Oporto - Rotunda AEP (Half-Hourly)","mc.lm_OVERTPhi",9,0.725592491549421,0.772725238281109,0.748417534898859
"DS24","Water Consumption of Oporto - Rotunda AEP (Half-Hourly)","mc.lm_OVERTPhi",10,0.762937531812496,0.850187628713895,0.804203005322706
"DS24","Water Consumption of Oporto - Rotunda AEP (Half-Hourly)","mc.lm_OVERTPhi",11,0.833955058789244,0.902329020197836,0.866795774024865
"DS24","Water Consumption of Oporto - Rotunda AEP (Half-Hourly)","mc.lm_OVERTPhi",12,0.828261076444409,0.881696978184845,0.854144095841576
"DS24","Water Consumption of Oporto - Rotunda AEP (Half-Hourly)","mc.lm_OVERTPhi",13,0.811363350948691,0.875278709529393,0.842109992889083
"DS24","Water Consumption of Oporto - Rotunda AEP (Half-Hourly)","mc.lm_OVERTPhi",14,0.821534590752768,0.877652368699062,0.848666799767564
"DS24","Water Consumption of Oporto - Rotunda AEP (Half-Hourly)","mc.lm_OVERTPhi",15,0.794717693973138,0.872199474437163,0.831657826969684
"DS24","Water Consumption of Oporto - Rotunda AEP (Half-Hourly)","mc.lm_OVERTPhi",16,0.790748335628211,0.865983057948719,0.82665743452441
"DS24","Water Consumption of Oporto - Rotunda AEP (Half-Hourly)","mc.lm_OVERTPhi",17,0.791946674242223,0.869168778607632,0.82876277189832
"DS24","Water Consumption of Oporto - Rotunda AEP (Half-Hourly)","mc.lm_OVERTPhi",18,0.791534136046315,0.867195044744464,0.827639000355941
"DS24","Water Consumption of Oporto - Rotunda AEP (Half-Hourly)","mc.lm_OVERTPhi",19,0.795607679742685,0.867964636679513,0.830212577920818
"DS24","Water Consumption of Oporto - Rotunda AEP (Half-Hourly)","mc.lm_OVERTPhi",20,0.78714072662165,0.871297799516581,0.827083997635209
"DS24","Water Consumption of Oporto - Rotunda AEP (Half-Hourly)","mc.lm_OVERTPhi",21,0.787756034554291,0.865318903616873,0.824717830266342
"DS24","Water Consumption of Oporto - Rotunda AEP (Half-Hourly)","mc.lm_OVERTPhi",22,0.789475664719798,0.864373167605556,0.825228482462789
"DS24","Water Consumption of Oporto - Rotunda AEP (Half-Hourly)","mc.lm_OVERTPhi",23,0.80015886293763,0.87091942836554,0.834040993935493
"DS24","Water Consumption of Oporto - Rotunda AEP (Half-Hourly)","mc.lm_OVERTPhi",24,0.787044736843044,0.86701405918552,0.825096246505016
"DS24","Water Consumption of Oporto - Rotunda AEP (Half-Hourly)","mc.lm_OVERTPhi",25,0.757279422689791,0.846977673532406,0.799620915069247
"DS24","Water Consumption of Oporto - Rotunda AEP (Half-Hourly)","mc.lm_OVERTPhi",26,0.761229973136983,0.849306742473802,0.802859993804244
"DS24","Water Consumption of Oporto - Rotunda AEP (Half-Hourly)","mc.lm_OVERTPhi",27,0.758894546681534,0.84512685763131,0.799692774405662
"DS24","Water Consumption of Oporto - Rotunda AEP (Half-Hourly)","mc.lm_OVERTPhi",28,0.755592814428883,0.845247066995525,0.797909419486267
"DS24","Water Consumption of Oporto - Rotunda AEP (Half-Hourly)","mc.lm_OVERTPhi",29,0.767500664613956,0.856416437344041,0.809524308913731
"DS24","Water Consumption of Oporto - Rotunda AEP (Half-Hourly)","mc.lm_OVERTPhi",30,0.768066843798563,0.857606430227269,0.810370785582029
"DS24","Water Consumption of Oporto - Rotunda AEP (Half-Hourly)","mc.lm_OVERTPhi",31,0.769272201379417,0.854648930701092,0.809716249562789
"DS24","Water Consumption of Oporto - Rotunda AEP (Half-Hourly)","mc.lm_OVERTPhi",32,0.760434962963312,0.861351075434905,0.80775325183299
"DS24","Water Consumption of Oporto - Rotunda AEP (Half-Hourly)","mc.lm_OVERTPhi",33,0.780583359740191,0.883216491146186,0.82873441257919
"DS24","Water Consumption of Oporto - Rotunda AEP (Half-Hourly)","mc.lm_OVERTPhi",34,0.786757414521511,0.887923749080787,0.834284887538086
"DS24","Water Consumption of Oporto - Rotunda AEP (Half-Hourly)","mc.lm_OVERTPhi",35,0.791354495184132,0.890655186197724,0.83807363662447
"DS24","Water Consumption of Oporto - Rotunda AEP (Half-Hourly)","mc.lm_OVERTPhi",36,0.772046763837847,0.903380391850771,0.832566078059411
"DS24","Water Consumption of Oporto - Rotunda AEP (Half-Hourly)","mc.lm_OVERTPhi",37,0.752772232761721,0.894116531156643,0.817378941740494
"DS24","Water Consumption of Oporto - Rotunda AEP (Half-Hourly)","mc.lm_OVERTPhi",38,0.768256935383169,0.895379791979147,0.826961467820622
"DS24","Water Consumption of Oporto - Rotunda AEP (Half-Hourly)","mc.lm_OVERTPhi",39,0.758962082971473,0.894543171522693,0.821194062639329
"DS24","Water Consumption of Oporto - Rotunda AEP (Half-Hourly)","mc.lm_OVERTPhi",40,0.783260096934504,0.891019848355511,0.833672164271926
"DS24","Water Consumption of Oporto - Rotunda AEP (Half-Hourly)","mc.lm_OVERTPhi",41,0.7805854080478,0.899403977590759,0.835792924466181
"DS24","Water Consumption of Oporto - Rotunda AEP (Half-Hourly)","mc.lm_OVERTPhi",42,0.767774000235899,0.894255768490875,0.826202203507147
"DS24","Water Consumption of Oporto - Rotunda AEP (Half-Hourly)","mc.lm_OVERTPhi",43,0.782577931710164,0.89982947994853,0.8371179161838
"DS24","Water Consumption of Oporto - Rotunda AEP (Half-Hourly)","mc.lm_OVERTPhi",44,0.764012649662461,0.905751135017416,0.828866131782954
"DS24","Water Consumption of Oporto - Rotunda AEP (Half-Hourly)","mc.lm_OVERTPhi",45,0.777617730759974,0.90463230360636,0.836330039805911
"DS24","Water Consumption of Oporto - Rotunda AEP (Half-Hourly)","mc.lm_OVERTPhi",46,0.733227956370352,0.902306285954046,0.809027627730932
"DS24","Water Consumption of Oporto - Rotunda AEP (Half-Hourly)","mc.lm_OVERTPhi",47,0.73452188151133,0.903505746276286,0.810297371610881
"DS24","Water Consumption of Oporto - Rotunda AEP (Half-Hourly)","mc.lm_OVERTPhi",48,0.712869348311026,0.869168564565248,0.783298077942479
"DS24","Water Consumption of Oporto - Rotunda AEP (Half-Hourly)","mc.lm_OVERTPhi",49,0.757794590944038,0.906126026359737,0.825348750833662
"DS24","Water Consumption of Oporto - Rotunda AEP (Half-Hourly)","mc.lm_OVERTPhi",50,0.809400876627786,0.922361113937852,0.862196881853069
"DS24","Water Consumption of Oporto - Rotunda AEP (Half-Hourly)","mc.lm_SMOTEB",1,0.579966225298005,0.592505775701382,0.58616894545523
"DS24","Water Consumption of Oporto - Rotunda AEP (Half-Hourly)","mc.lm_SMOTEB",2,0.703893526779266,0.593278251243403,0.643869574877317
"DS24","Water Consumption of Oporto - Rotunda AEP (Half-Hourly)","mc.lm_SMOTEB",3,0.672989374497751,0.580863261866385,0.623541861196286
"DS24","Water Consumption of Oporto - Rotunda AEP (Half-Hourly)","mc.lm_SMOTEB",4,0.6505003327748,0.588827998705724,0.618129674559469
"DS24","Water Consumption of Oporto - Rotunda AEP (Half-Hourly)","mc.lm_SMOTEB",5,0.773846468023224,0.656692847532086,0.710472526148716
"DS24","Water Consumption of Oporto - Rotunda AEP (Half-Hourly)","mc.lm_SMOTEB",6,0.756824801519524,0.658678984091303,0.70434935811191
"DS24","Water Consumption of Oporto - Rotunda AEP (Half-Hourly)","mc.lm_SMOTEB",7,0.660616874365153,0.638195685448633,0.649212753247241
"DS24","Water Consumption of Oporto - Rotunda AEP (Half-Hourly)","mc.lm_SMOTEB",8,0.791629516665797,0.882236998169687,0.83448093650932
"DS24","Water Consumption of Oporto - Rotunda AEP (Half-Hourly)","mc.lm_SMOTEB",9,0.796089670793668,0.749851689536886,0.772279207977016
"DS24","Water Consumption of Oporto - Rotunda AEP (Half-Hourly)","mc.lm_SMOTEB",10,0.795185938598105,0.833119532233894,0.81371087805204
"DS24","Water Consumption of Oporto - Rotunda AEP (Half-Hourly)","mc.lm_SMOTEB",11,0.848209403055815,0.891999245149492,0.869553369976386
"DS24","Water Consumption of Oporto - Rotunda AEP (Half-Hourly)","mc.lm_SMOTEB",12,0.816969432548157,0.880761930568657,0.847667175454289
"DS24","Water Consumption of Oporto - Rotunda AEP (Half-Hourly)","mc.lm_SMOTEB",13,0.812509367027617,0.869527362208227,0.840051961293337
"DS24","Water Consumption of Oporto - Rotunda AEP (Half-Hourly)","mc.lm_SMOTEB",14,0.810046831384003,0.869529302652732,0.838734776156306
"DS24","Water Consumption of Oporto - Rotunda AEP (Half-Hourly)","mc.lm_SMOTEB",15,0.801542908946932,0.87096591411778,0.834813595920358
"DS24","Water Consumption of Oporto - Rotunda AEP (Half-Hourly)","mc.lm_SMOTEB",16,0.794602555361126,0.863036243447531,0.827406796831177
"DS24","Water Consumption of Oporto - Rotunda AEP (Half-Hourly)","mc.lm_SMOTEB",17,0.795633457534181,0.866745201298753,0.829668352208787
"DS24","Water Consumption of Oporto - Rotunda AEP (Half-Hourly)","mc.lm_SMOTEB",18,0.796776157864829,0.865819989616732,0.829864457191685
"DS24","Water Consumption of Oporto - Rotunda AEP (Half-Hourly)","mc.lm_SMOTEB",19,0.796517133332852,0.864755936715889,0.829235039276591
"DS24","Water Consumption of Oporto - Rotunda AEP (Half-Hourly)","mc.lm_SMOTEB",20,0.794407994719056,0.871060437802964,0.830970268978672
"DS24","Water Consumption of Oporto - Rotunda AEP (Half-Hourly)","mc.lm_SMOTEB",21,0.790051398673288,0.863871451179072,0.825314008254827
"DS24","Water Consumption of Oporto - Rotunda AEP (Half-Hourly)","mc.lm_SMOTEB",22,0.793782865145795,0.864608592349334,0.827683334429794
"DS24","Water Consumption of Oporto - Rotunda AEP (Half-Hourly)","mc.lm_SMOTEB",23,0.801606518520954,0.868627740678367,0.833772454685129
"DS24","Water Consumption of Oporto - Rotunda AEP (Half-Hourly)","mc.lm_SMOTEB",24,0.788408731113436,0.864952342533209,0.824908714399725
"DS24","Water Consumption of Oporto - Rotunda AEP (Half-Hourly)","mc.lm_SMOTEB",25,0.763400009318905,0.845288329693556,0.802259956905455
"DS24","Water Consumption of Oporto - Rotunda AEP (Half-Hourly)","mc.lm_SMOTEB",26,0.765429490933933,0.84796075300743,0.804584222501374
"DS24","Water Consumption of Oporto - Rotunda AEP (Half-Hourly)","mc.lm_SMOTEB",27,0.75950487633789,0.84100575172365,0.798180228563612
"DS24","Water Consumption of Oporto - Rotunda AEP (Half-Hourly)","mc.lm_SMOTEB",28,0.757543440981108,0.841438381833997,0.797290023004607
"DS24","Water Consumption of Oporto - Rotunda AEP (Half-Hourly)","mc.lm_SMOTEB",29,0.773001008567913,0.853692027402387,0.811345206005394
"DS24","Water Consumption of Oporto - Rotunda AEP (Half-Hourly)","mc.lm_SMOTEB",30,0.76881151562003,0.857141700930837,0.810577332097737
"DS24","Water Consumption of Oporto - Rotunda AEP (Half-Hourly)","mc.lm_SMOTEB",31,0.767537847349089,0.85415542777799,0.808533436493266
"DS24","Water Consumption of Oporto - Rotunda AEP (Half-Hourly)","mc.lm_SMOTEB",32,0.770894360529247,0.860081218032262,0.813049280802817
"DS24","Water Consumption of Oporto - Rotunda AEP (Half-Hourly)","mc.lm_SMOTEB",33,0.797182567383148,0.888301947368405,0.840279244118688
"DS24","Water Consumption of Oporto - Rotunda AEP (Half-Hourly)","mc.lm_SMOTEB",34,0.808798456917423,0.886888757006267,0.846045487910792
"DS24","Water Consumption of Oporto - Rotunda AEP (Half-Hourly)","mc.lm_SMOTEB",35,0.802364795183883,0.890932318125115,0.844332304515907
"DS24","Water Consumption of Oporto - Rotunda AEP (Half-Hourly)","mc.lm_SMOTEB",36,0.78464198492943,0.911173362895645,0.843187174823246
"DS24","Water Consumption of Oporto - Rotunda AEP (Half-Hourly)","mc.lm_SMOTEB",37,0.784987050952073,0.912818071766681,0.844090239360861
"DS24","Water Consumption of Oporto - Rotunda AEP (Half-Hourly)","mc.lm_SMOTEB",38,0.783081865322909,0.909050922377965,0.841377576444771
"DS24","Water Consumption of Oporto - Rotunda AEP (Half-Hourly)","mc.lm_SMOTEB",39,0.788062410112457,0.907562079686196,0.843601356487964
"DS24","Water Consumption of Oporto - Rotunda AEP (Half-Hourly)","mc.lm_SMOTEB",40,0.798812365891336,0.893999066276909,0.843729544433188
"DS24","Water Consumption of Oporto - Rotunda AEP (Half-Hourly)","mc.lm_SMOTEB",41,0.781729934576344,0.905207682361223,0.838949745628243
"DS24","Water Consumption of Oporto - Rotunda AEP (Half-Hourly)","mc.lm_SMOTEB",42,0.778818928009125,0.906768386671079,0.837937467503685
"DS24","Water Consumption of Oporto - Rotunda AEP (Half-Hourly)","mc.lm_SMOTEB",43,0.778583787457834,0.901487431310505,0.835540173267081
"DS24","Water Consumption of Oporto - Rotunda AEP (Half-Hourly)","mc.lm_SMOTEB",44,0.778487911713834,0.913859258445478,0.84075938820591
"DS24","Water Consumption of Oporto - Rotunda AEP (Half-Hourly)","mc.lm_SMOTEB",45,0.783354435293086,0.911899137559424,0.842753255780058
"DS24","Water Consumption of Oporto - Rotunda AEP (Half-Hourly)","mc.lm_SMOTEB",46,0.770773099311153,0.912102025669686,0.835503115801785
"DS24","Water Consumption of Oporto - Rotunda AEP (Half-Hourly)","mc.lm_SMOTEB",47,0.77837903877694,0.912953791420241,0.840312541595499
"DS24","Water Consumption of Oporto - Rotunda AEP (Half-Hourly)","mc.lm_SMOTEB",48,0.726843102506928,0.883652468670563,0.797613744937934
"DS24","Water Consumption of Oporto - Rotunda AEP (Half-Hourly)","mc.lm_SMOTEB",49,0.727273620823486,0.902631358059221,0.805519321125763
"DS24","Water Consumption of Oporto - Rotunda AEP (Half-Hourly)","mc.lm_SMOTEB",50,0.806503713323781,0.922187633770984,0.860474893065799
"DS24","Water Consumption of Oporto - Rotunda AEP (Half-Hourly)","mc.lm_SMOTET",1,0.582873109737875,0.568191526809833,0.575438688050829
"DS24","Water Consumption of Oporto - Rotunda AEP (Half-Hourly)","mc.lm_SMOTET",2,0.574522571940673,0.609783063774285,0.591627910161841
"DS24","Water Consumption of Oporto - Rotunda AEP (Half-Hourly)","mc.lm_SMOTET",3,0.560680695584001,0.629402324628803,0.593057336641879
"DS24","Water Consumption of Oporto - Rotunda AEP (Half-Hourly)","mc.lm_SMOTET",4,0.54537064820714,0.67622237199702,0.603788376732129
"DS24","Water Consumption of Oporto - Rotunda AEP (Half-Hourly)","mc.lm_SMOTET",5,0.577448649061222,0.709043038615374,0.636515492010917
"DS24","Water Consumption of Oporto - Rotunda AEP (Half-Hourly)","mc.lm_SMOTET",6,0.595686486932788,0.727255877886253,0.654928756565356
"DS24","Water Consumption of Oporto - Rotunda AEP (Half-Hourly)","mc.lm_SMOTET",7,0.557054756022316,0.654251314218968,0.601753454677116
"DS24","Water Consumption of Oporto - Rotunda AEP (Half-Hourly)","mc.lm_SMOTET",8,0.711759890504127,0.884434139710162,0.788757174281256
"DS24","Water Consumption of Oporto - Rotunda AEP (Half-Hourly)","mc.lm_SMOTET",9,0.687359772326979,0.758574765178029,0.721213532647851
"DS24","Water Consumption of Oporto - Rotunda AEP (Half-Hourly)","mc.lm_SMOTET",10,0.760438231952099,0.842073197118187,0.799176394719766
"DS24","Water Consumption of Oporto - Rotunda AEP (Half-Hourly)","mc.lm_SMOTET",11,0.83487415932881,0.898532054350345,0.865534215333768
"DS24","Water Consumption of Oporto - Rotunda AEP (Half-Hourly)","mc.lm_SMOTET",12,0.801226880173713,0.89155162353158,0.843979438860336
"DS24","Water Consumption of Oporto - Rotunda AEP (Half-Hourly)","mc.lm_SMOTET",13,0.797172317780036,0.87701189281991,0.835188384758891
"DS24","Water Consumption of Oporto - Rotunda AEP (Half-Hourly)","mc.lm_SMOTET",14,0.794515879378927,0.880493942046375,0.835298288648263
"DS24","Water Consumption of Oporto - Rotunda AEP (Half-Hourly)","mc.lm_SMOTET",15,0.781793569457853,0.867367724640866,0.822360446981152
"DS24","Water Consumption of Oporto - Rotunda AEP (Half-Hourly)","mc.lm_SMOTET",16,0.787681865548749,0.857840127597392,0.821265367297318
"DS24","Water Consumption of Oporto - Rotunda AEP (Half-Hourly)","mc.lm_SMOTET",17,0.785157839514563,0.862567740237367,0.822044437110325
"DS24","Water Consumption of Oporto - Rotunda AEP (Half-Hourly)","mc.lm_SMOTET",18,0.791134309885762,0.861053092188843,0.824614257448577
"DS24","Water Consumption of Oporto - Rotunda AEP (Half-Hourly)","mc.lm_SMOTET",19,0.786477716224782,0.859915222017597,0.821558625830016
"DS24","Water Consumption of Oporto - Rotunda AEP (Half-Hourly)","mc.lm_SMOTET",20,0.780614696131627,0.868244289225188,0.822100929213024
"DS24","Water Consumption of Oporto - Rotunda AEP (Half-Hourly)","mc.lm_SMOTET",21,0.781705391179631,0.864273796904393,0.820918625686736
"DS24","Water Consumption of Oporto - Rotunda AEP (Half-Hourly)","mc.lm_SMOTET",22,0.775341946248165,0.865055312306796,0.817745416189128
"DS24","Water Consumption of Oporto - Rotunda AEP (Half-Hourly)","mc.lm_SMOTET",23,0.789840195557579,0.869503963029319,0.827759782855441
"DS24","Water Consumption of Oporto - Rotunda AEP (Half-Hourly)","mc.lm_SMOTET",24,0.780851557971725,0.86352404695302,0.820109584926825
"DS24","Water Consumption of Oporto - Rotunda AEP (Half-Hourly)","mc.lm_SMOTET",25,0.755441344271112,0.842932951456816,0.796792595677909
"DS24","Water Consumption of Oporto - Rotunda AEP (Half-Hourly)","mc.lm_SMOTET",26,0.741720740997632,0.84599977416557,0.790435814597276
"DS24","Water Consumption of Oporto - Rotunda AEP (Half-Hourly)","mc.lm_SMOTET",27,0.754191280463915,0.840722402274859,0.795109493320744
"DS24","Water Consumption of Oporto - Rotunda AEP (Half-Hourly)","mc.lm_SMOTET",28,0.734640822491346,0.839120363375314,0.783412476372394
"DS24","Water Consumption of Oporto - Rotunda AEP (Half-Hourly)","mc.lm_SMOTET",29,0.761858513937079,0.851689848160902,0.804273583980447
"DS24","Water Consumption of Oporto - Rotunda AEP (Half-Hourly)","mc.lm_SMOTET",30,0.753189457423518,0.855171267143966,0.800947166721641
"DS24","Water Consumption of Oporto - Rotunda AEP (Half-Hourly)","mc.lm_SMOTET",31,0.754228988357368,0.849436766892734,0.799006689853702
"DS24","Water Consumption of Oporto - Rotunda AEP (Half-Hourly)","mc.lm_SMOTET",32,0.762163843164487,0.859526656433582,0.807922522740443
"DS24","Water Consumption of Oporto - Rotunda AEP (Half-Hourly)","mc.lm_SMOTET",33,0.766938601055131,0.895767794784735,0.826362250270202
"DS24","Water Consumption of Oporto - Rotunda AEP (Half-Hourly)","mc.lm_SMOTET",34,0.770448506144842,0.903313121330009,0.831607360911608
"DS24","Water Consumption of Oporto - Rotunda AEP (Half-Hourly)","mc.lm_SMOTET",35,0.782877261431207,0.902805492349553,0.838575218107256
"DS24","Water Consumption of Oporto - Rotunda AEP (Half-Hourly)","mc.lm_SMOTET",36,0.743990415954679,0.9078499971843,0.817792919530385
"DS24","Water Consumption of Oporto - Rotunda AEP (Half-Hourly)","mc.lm_SMOTET",37,0.717535753644614,0.90232349392543,0.799389662053991
"DS24","Water Consumption of Oporto - Rotunda AEP (Half-Hourly)","mc.lm_SMOTET",38,0.704459788708293,0.904076519154213,0.791882098708518
"DS24","Water Consumption of Oporto - Rotunda AEP (Half-Hourly)","mc.lm_SMOTET",39,0.712739203700419,0.904814228889215,0.797372822439449
"DS24","Water Consumption of Oporto - Rotunda AEP (Half-Hourly)","mc.lm_SMOTET",40,0.74172912880764,0.90802083254549,0.816494034660553
"DS24","Water Consumption of Oporto - Rotunda AEP (Half-Hourly)","mc.lm_SMOTET",41,0.732637784280759,0.922918308143287,0.816843147078408
"DS24","Water Consumption of Oporto - Rotunda AEP (Half-Hourly)","mc.lm_SMOTET",42,0.70794232381615,0.912567523389453,0.797335695628773
"DS24","Water Consumption of Oporto - Rotunda AEP (Half-Hourly)","mc.lm_SMOTET",43,0.724633894403564,0.916168888095154,0.809222212922829
"DS24","Water Consumption of Oporto - Rotunda AEP (Half-Hourly)","mc.lm_SMOTET",44,0.745439037479635,0.923703695400131,0.825052022276701
"DS24","Water Consumption of Oporto - Rotunda AEP (Half-Hourly)","mc.lm_SMOTET",45,0.732752118428191,0.92577940073231,0.818033072325512
"DS24","Water Consumption of Oporto - Rotunda AEP (Half-Hourly)","mc.lm_SMOTET",46,0.71014058595938,0.924993661718377,0.803451510937778
"DS24","Water Consumption of Oporto - Rotunda AEP (Half-Hourly)","mc.lm_SMOTET",47,0.732174185166801,0.925320696832591,0.817493839141311
"DS24","Water Consumption of Oporto - Rotunda AEP (Half-Hourly)","mc.lm_SMOTET",48,0.653879409839593,0.910280920012224,0.761065140709997
"DS24","Water Consumption of Oporto - Rotunda AEP (Half-Hourly)","mc.lm_SMOTET",49,0.629172349372568,0.921214421886052,0.747687806473493
"DS24","Water Consumption of Oporto - Rotunda AEP (Half-Hourly)","mc.lm_SMOTET",50,0.773948052423554,0.914351904688174,0.838311785630577
"DS24","Water Consumption of Oporto - Rotunda AEP (Half-Hourly)","mc.lm_SMOTETPhi",1,0.577451612344953,0.686388711099134,0.627225228641953
"DS24","Water Consumption of Oporto - Rotunda AEP (Half-Hourly)","mc.lm_SMOTETPhi",2,0.550636143140312,0.673555869339437,0.605924891359676
"DS24","Water Consumption of Oporto - Rotunda AEP (Half-Hourly)","mc.lm_SMOTETPhi",3,0.582183141920653,0.659705917496295,0.618524917148326
"DS24","Water Consumption of Oporto - Rotunda AEP (Half-Hourly)","mc.lm_SMOTETPhi",4,0.51170763441098,0.67655112822239,0.58269526515173
"DS24","Water Consumption of Oporto - Rotunda AEP (Half-Hourly)","mc.lm_SMOTETPhi",5,0.362682710478172,0.811283010024369,0.501272423720469
"DS24","Water Consumption of Oporto - Rotunda AEP (Half-Hourly)","mc.lm_SMOTETPhi",6,0.381869806270207,0.774462462966893,0.5115205007499
"DS24","Water Consumption of Oporto - Rotunda AEP (Half-Hourly)","mc.lm_SMOTETPhi",7,0.36299887325995,0.810037521032921,0.501336035034936
"DS24","Water Consumption of Oporto - Rotunda AEP (Half-Hourly)","mc.lm_SMOTETPhi",8,0.789443909405782,0.96424141300026,0.868131244487466
"DS24","Water Consumption of Oporto - Rotunda AEP (Half-Hourly)","mc.lm_SMOTETPhi",9,0.767172662125422,0.807725893263058,0.786927160079085
"DS24","Water Consumption of Oporto - Rotunda AEP (Half-Hourly)","mc.lm_SMOTETPhi",10,0.788927105443241,0.885345278046287,0.83435992185589
"DS24","Water Consumption of Oporto - Rotunda AEP (Half-Hourly)","mc.lm_SMOTETPhi",11,0.843814657660999,0.923760805007084,0.881979778403468
"DS24","Water Consumption of Oporto - Rotunda AEP (Half-Hourly)","mc.lm_SMOTETPhi",12,0.846024518747035,0.902643873486019,0.873417569686583
"DS24","Water Consumption of Oporto - Rotunda AEP (Half-Hourly)","mc.lm_SMOTETPhi",13,0.812209133127087,0.88825236212162,0.848530452530324
"DS24","Water Consumption of Oporto - Rotunda AEP (Half-Hourly)","mc.lm_SMOTETPhi",14,0.781948902497214,0.888167820403937,0.831680615941365
"DS24","Water Consumption of Oporto - Rotunda AEP (Half-Hourly)","mc.lm_SMOTETPhi",15,0.81111393515698,0.886562160154851,0.847161510337916
"DS24","Water Consumption of Oporto - Rotunda AEP (Half-Hourly)","mc.lm_SMOTETPhi",16,0.798196850807681,0.886619230870944,0.840087752773133
"DS24","Water Consumption of Oporto - Rotunda AEP (Half-Hourly)","mc.lm_SMOTETPhi",17,0.798569600087945,0.8885041553761,0.841139761361537
"DS24","Water Consumption of Oporto - Rotunda AEP (Half-Hourly)","mc.lm_SMOTETPhi",18,0.804756870340407,0.888906270462284,0.84474109521467
"DS24","Water Consumption of Oporto - Rotunda AEP (Half-Hourly)","mc.lm_SMOTETPhi",19,0.798944584432169,0.889430756731875,0.841762929122635
"DS24","Water Consumption of Oporto - Rotunda AEP (Half-Hourly)","mc.lm_SMOTETPhi",20,0.802164201108266,0.898206697080371,0.847473052333594
"DS24","Water Consumption of Oporto - Rotunda AEP (Half-Hourly)","mc.lm_SMOTETPhi",21,0.794384794841945,0.895515800172526,0.841924237788295
"DS24","Water Consumption of Oporto - Rotunda AEP (Half-Hourly)","mc.lm_SMOTETPhi",22,0.791383739449653,0.896014029540277,0.840454984981277
"DS24","Water Consumption of Oporto - Rotunda AEP (Half-Hourly)","mc.lm_SMOTETPhi",23,0.791804856618046,0.913893086487102,0.848479635254547
"DS24","Water Consumption of Oporto - Rotunda AEP (Half-Hourly)","mc.lm_SMOTETPhi",24,0.798483311426136,0.909101470184785,0.850209442193208
"DS24","Water Consumption of Oporto - Rotunda AEP (Half-Hourly)","mc.lm_SMOTETPhi",25,0.771923535218054,0.886696527839121,0.825339007624863
"DS24","Water Consumption of Oporto - Rotunda AEP (Half-Hourly)","mc.lm_SMOTETPhi",26,0.737433430220627,0.893901389143937,0.808163670450147
"DS24","Water Consumption of Oporto - Rotunda AEP (Half-Hourly)","mc.lm_SMOTETPhi",27,0.765383163889877,0.885079764208903,0.820891082970841
"DS24","Water Consumption of Oporto - Rotunda AEP (Half-Hourly)","mc.lm_SMOTETPhi",28,0.748747931010973,0.890578068805144,0.813527616223248
"DS24","Water Consumption of Oporto - Rotunda AEP (Half-Hourly)","mc.lm_SMOTETPhi",29,0.781529618864933,0.89002647353185,0.832256905769375
"DS24","Water Consumption of Oporto - Rotunda AEP (Half-Hourly)","mc.lm_SMOTETPhi",30,0.778069451111759,0.898660078575391,0.834028317260766
"DS24","Water Consumption of Oporto - Rotunda AEP (Half-Hourly)","mc.lm_SMOTETPhi",31,0.769056005025457,0.888506225603376,0.82447709736189
"DS24","Water Consumption of Oporto - Rotunda AEP (Half-Hourly)","mc.lm_SMOTETPhi",32,0.765325119960234,0.908709824402932,0.830876867549241
"DS24","Water Consumption of Oporto - Rotunda AEP (Half-Hourly)","mc.lm_SMOTETPhi",33,0.766976524214401,0.960440841193797,0.852875040906287
"DS24","Water Consumption of Oporto - Rotunda AEP (Half-Hourly)","mc.lm_SMOTETPhi",34,0.754445380604796,0.96107542851805,0.845316376930401
"DS24","Water Consumption of Oporto - Rotunda AEP (Half-Hourly)","mc.lm_SMOTETPhi",35,0.769514243075023,0.957525583656049,0.853286141208127
"DS24","Water Consumption of Oporto - Rotunda AEP (Half-Hourly)","mc.lm_SMOTETPhi",36,0.76862904831529,0.951963858042557,0.85052899094729
"DS24","Water Consumption of Oporto - Rotunda AEP (Half-Hourly)","mc.lm_SMOTETPhi",37,0.711943192249973,0.94536070764378,0.812214488930792
"DS24","Water Consumption of Oporto - Rotunda AEP (Half-Hourly)","mc.lm_SMOTETPhi",38,0.669868146663391,0.947242680673456,0.784767114555986
"DS24","Water Consumption of Oporto - Rotunda AEP (Half-Hourly)","mc.lm_SMOTETPhi",39,0.683175783072313,0.941838890513444,0.791920875563126
"DS24","Water Consumption of Oporto - Rotunda AEP (Half-Hourly)","mc.lm_SMOTETPhi",40,0.670132881600816,0.950326045165901,0.786005397098242
"DS24","Water Consumption of Oporto - Rotunda AEP (Half-Hourly)","mc.lm_SMOTETPhi",41,0.612019107933946,0.950408770937534,0.744569827545472
"DS24","Water Consumption of Oporto - Rotunda AEP (Half-Hourly)","mc.lm_SMOTETPhi",42,0.621169788199458,0.943493931571932,0.749132121153343
"DS24","Water Consumption of Oporto - Rotunda AEP (Half-Hourly)","mc.lm_SMOTETPhi",43,0.628108209397792,0.945425923498487,0.754772040227527
"DS24","Water Consumption of Oporto - Rotunda AEP (Half-Hourly)","mc.lm_SMOTETPhi",44,0.688375433911757,0.952561775966315,0.799201970570572
"DS24","Water Consumption of Oporto - Rotunda AEP (Half-Hourly)","mc.lm_SMOTETPhi",45,0.643371326130248,0.952140242764744,0.76787877015995
"DS24","Water Consumption of Oporto - Rotunda AEP (Half-Hourly)","mc.lm_SMOTETPhi",46,0.574390206318229,0.940620397015765,0.713240082571106
"DS24","Water Consumption of Oporto - Rotunda AEP (Half-Hourly)","mc.lm_SMOTETPhi",47,0.614608257088475,0.948273963350723,0.745823325949138
"DS24","Water Consumption of Oporto - Rotunda AEP (Half-Hourly)","mc.lm_SMOTETPhi",48,0.514702500973723,0.924538437601992,0.66126835795958
"DS24","Water Consumption of Oporto - Rotunda AEP (Half-Hourly)","mc.lm_SMOTETPhi",49,0.499550874805553,0.937271125331668,0.651736416264094
"DS24","Water Consumption of Oporto - Rotunda AEP (Half-Hourly)","mc.lm_SMOTETPhi",50,0.752536763925372,0.957563013188924,0.842759446955543
"DS24","Water Consumption of Oporto - Rotunda AEP (Half-Hourly)","mc.svm",1,0.827345021688974,0.559145447450966,0.667305275651223
"DS24","Water Consumption of Oporto - Rotunda AEP (Half-Hourly)","mc.svm",2,0.828387459720345,0.560241129145668,0.668424558625615
"DS24","Water Consumption of Oporto - Rotunda AEP (Half-Hourly)","mc.svm",3,0.838754033792349,0.559693730161693,0.671380634960683
"DS24","Water Consumption of Oporto - Rotunda AEP (Half-Hourly)","mc.svm",4,0.808057574494947,0.55988507527772,0.661459566305679
"DS24","Water Consumption of Oporto - Rotunda AEP (Half-Hourly)","mc.svm",5,0.780518752194159,0.611970035147406,0.686043711885638
"DS24","Water Consumption of Oporto - Rotunda AEP (Half-Hourly)","mc.svm",6,0.797568706990246,0.612644007824559,0.692981539639747
"DS24","Water Consumption of Oporto - Rotunda AEP (Half-Hourly)","mc.svm",7,0.807757600355632,0.613535907747782,0.697376424712838
"DS24","Water Consumption of Oporto - Rotunda AEP (Half-Hourly)","mc.svm",8,1e-05,0.729294787663712,1.99997257662319e-05
"DS24","Water Consumption of Oporto - Rotunda AEP (Half-Hourly)","mc.svm",9,1e-05,0.691077837234192,1.99997106011867e-05
"DS24","Water Consumption of Oporto - Rotunda AEP (Half-Hourly)","mc.svm",10,0.973901047486215,0.768660335225451,0.859193957887725
"DS24","Water Consumption of Oporto - Rotunda AEP (Half-Hourly)","mc.svm",11,0.888397958237675,0.857339626060625,0.872592513513032
"DS24","Water Consumption of Oporto - Rotunda AEP (Half-Hourly)","mc.svm",12,0.853780355373972,0.851321295944667,0.85254905245909
"DS24","Water Consumption of Oporto - Rotunda AEP (Half-Hourly)","mc.svm",13,0.848880160974494,0.845138141612847,0.847005018307362
"DS24","Water Consumption of Oporto - Rotunda AEP (Half-Hourly)","mc.svm",14,0.851955848108784,0.845069524293782,0.848498714266491
"DS24","Water Consumption of Oporto - Rotunda AEP (Half-Hourly)","mc.svm",15,0.865634831255393,0.819532302187139,0.841952933965526
"DS24","Water Consumption of Oporto - Rotunda AEP (Half-Hourly)","mc.svm",16,0.862266387270684,0.817482817924719,0.839277618215401
"DS24","Water Consumption of Oporto - Rotunda AEP (Half-Hourly)","mc.svm",17,0.867765132648863,0.821243184954888,0.843863459879708
"DS24","Water Consumption of Oporto - Rotunda AEP (Half-Hourly)","mc.svm",18,0.866425162418949,0.820308811848336,0.842736562353447
"DS24","Water Consumption of Oporto - Rotunda AEP (Half-Hourly)","mc.svm",19,0.865357680618491,0.820652476791754,0.842412390920768
"DS24","Water Consumption of Oporto - Rotunda AEP (Half-Hourly)","mc.svm",20,0.867895563376999,0.817224726414007,0.841798319839427
"DS24","Water Consumption of Oporto - Rotunda AEP (Half-Hourly)","mc.svm",21,0.860757688163508,0.81142598795318,0.835364161822653
"DS24","Water Consumption of Oporto - Rotunda AEP (Half-Hourly)","mc.svm",22,0.861278070058271,0.811813292713852,0.835814470810185
"DS24","Water Consumption of Oporto - Rotunda AEP (Half-Hourly)","mc.svm",23,0.876758801260743,0.820965788241872,0.84794552052274
"DS24","Water Consumption of Oporto - Rotunda AEP (Half-Hourly)","mc.svm",24,0.872757394076068,0.814002417046383,0.842356598240588
"DS24","Water Consumption of Oporto - Rotunda AEP (Half-Hourly)","mc.svm",25,0.838913553717977,0.793631594581381,0.815644580545525
"DS24","Water Consumption of Oporto - Rotunda AEP (Half-Hourly)","mc.svm",26,0.840913114812536,0.795565995749714,0.817611267026779
"DS24","Water Consumption of Oporto - Rotunda AEP (Half-Hourly)","mc.svm",27,0.857856101739641,0.797319910989047,0.826480985007579
"DS24","Water Consumption of Oporto - Rotunda AEP (Half-Hourly)","mc.svm",28,0.857382394218841,0.793982092903373,0.824465189955365
"DS24","Water Consumption of Oporto - Rotunda AEP (Half-Hourly)","mc.svm",29,0.858970556253714,0.800626287989261,0.828772855686144
"DS24","Water Consumption of Oporto - Rotunda AEP (Half-Hourly)","mc.svm",30,0.8584164537639,0.798979322840976,0.827632128215977
"DS24","Water Consumption of Oporto - Rotunda AEP (Half-Hourly)","mc.svm",31,0.86194320223217,0.79980846756915,0.82971419164138
"DS24","Water Consumption of Oporto - Rotunda AEP (Half-Hourly)","mc.svm",32,0.85523457431581,0.808315125321241,0.831113181972222
"DS24","Water Consumption of Oporto - Rotunda AEP (Half-Hourly)","mc.svm",33,0.898477995840896,0.838312855744216,0.867353318713414
"DS24","Water Consumption of Oporto - Rotunda AEP (Half-Hourly)","mc.svm",34,0.903497831932551,0.836320423728029,0.868612209557822
"DS24","Water Consumption of Oporto - Rotunda AEP (Half-Hourly)","mc.svm",35,0.897605643778458,0.836084758713053,0.865753651308756
"DS24","Water Consumption of Oporto - Rotunda AEP (Half-Hourly)","mc.svm",36,0.912025300788915,0.839041032073403,0.874012177939755
"DS24","Water Consumption of Oporto - Rotunda AEP (Half-Hourly)","mc.svm",37,0.903234778688387,0.844099416152536,0.872666432775835
"DS24","Water Consumption of Oporto - Rotunda AEP (Half-Hourly)","mc.svm",38,0.899623821800578,0.841541403286262,0.869613845394885
"DS24","Water Consumption of Oporto - Rotunda AEP (Half-Hourly)","mc.svm",39,0.897650909537024,0.844167811872204,0.870088252945045
"DS24","Water Consumption of Oporto - Rotunda AEP (Half-Hourly)","mc.svm",40,0.893051643753825,0.826041601112875,0.858240600835001
"DS24","Water Consumption of Oporto - Rotunda AEP (Half-Hourly)","mc.svm",41,0.896698155589452,0.845912244831585,0.870565158509033
"DS24","Water Consumption of Oporto - Rotunda AEP (Half-Hourly)","mc.svm",42,0.897799708883763,0.84054052787005,0.868227088427694
"DS24","Water Consumption of Oporto - Rotunda AEP (Half-Hourly)","mc.svm",43,0.89890827928785,0.842324080010834,0.869696781502758
"DS24","Water Consumption of Oporto - Rotunda AEP (Half-Hourly)","mc.svm",44,0.904078155965133,0.842421232443374,0.872161352506742
"DS24","Water Consumption of Oporto - Rotunda AEP (Half-Hourly)","mc.svm",45,0.908009665527348,0.842038727652917,0.873780755362738
"DS24","Water Consumption of Oporto - Rotunda AEP (Half-Hourly)","mc.svm",46,0.889656252409272,0.846082743330072,0.867322569242114
"DS24","Water Consumption of Oporto - Rotunda AEP (Half-Hourly)","mc.svm",47,0.891977856314834,0.843094797825315,0.866847723799892
"DS24","Water Consumption of Oporto - Rotunda AEP (Half-Hourly)","mc.svm",48,0.811195608033527,0.801735646620823,0.806437885639588
"DS24","Water Consumption of Oporto - Rotunda AEP (Half-Hourly)","mc.svm",49,0.855989066840356,0.810687301408641,0.832722512722921
"DS24","Water Consumption of Oporto - Rotunda AEP (Half-Hourly)","mc.svm",50,0.894679587303285,0.829810880806898,0.8610251782878
"DS24","Water Consumption of Oporto - Rotunda AEP (Half-Hourly)","mc.svm_UNDERB",1,0.553741142567213,0.557601965446044,0.555664847727895
"DS24","Water Consumption of Oporto - Rotunda AEP (Half-Hourly)","mc.svm_UNDERB",2,0.531955342349806,0.523106452015147,0.527493788995746
"DS24","Water Consumption of Oporto - Rotunda AEP (Half-Hourly)","mc.svm_UNDERB",3,0.559842977591017,0.554717730741822,0.557268570081861
"DS24","Water Consumption of Oporto - Rotunda AEP (Half-Hourly)","mc.svm_UNDERB",4,0.52930869870648,0.546960396407256,0.537989796382123
"DS24","Water Consumption of Oporto - Rotunda AEP (Half-Hourly)","mc.svm_UNDERB",5,0.579404494439031,0.636618299203094,0.606665443656083
"DS24","Water Consumption of Oporto - Rotunda AEP (Half-Hourly)","mc.svm_UNDERB",6,0.63412574069925,0.607989307466333,0.620782544263834
"DS24","Water Consumption of Oporto - Rotunda AEP (Half-Hourly)","mc.svm_UNDERB",7,0.555422097958775,0.619507411001091,0.58571702097064
"DS24","Water Consumption of Oporto - Rotunda AEP (Half-Hourly)","mc.svm_UNDERB",8,0.746949262312891,0.922774335900186,0.825604441620826
"DS24","Water Consumption of Oporto - Rotunda AEP (Half-Hourly)","mc.svm_UNDERB",9,0.687911012751084,0.740142306458191,0.713071475366899
"DS24","Water Consumption of Oporto - Rotunda AEP (Half-Hourly)","mc.svm_UNDERB",10,0.739655799109825,0.850603112742176,0.791259235073756
"DS24","Water Consumption of Oporto - Rotunda AEP (Half-Hourly)","mc.svm_UNDERB",11,0.811859928392777,0.911751533921507,0.858911130757552
"DS24","Water Consumption of Oporto - Rotunda AEP (Half-Hourly)","mc.svm_UNDERB",12,0.802456165632286,0.903971236590448,0.850194144106417
"DS24","Water Consumption of Oporto - Rotunda AEP (Half-Hourly)","mc.svm_UNDERB",13,0.801130927978997,0.894468258287997,0.845230631877862
"DS24","Water Consumption of Oporto - Rotunda AEP (Half-Hourly)","mc.svm_UNDERB",14,0.80009481960895,0.891733830291742,0.84343248133119
"DS24","Water Consumption of Oporto - Rotunda AEP (Half-Hourly)","mc.svm_UNDERB",15,0.766848406026924,0.902927141865111,0.829342890272671
"DS24","Water Consumption of Oporto - Rotunda AEP (Half-Hourly)","mc.svm_UNDERB",16,0.76909648910361,0.895347509281112,0.827433817640044
"DS24","Water Consumption of Oporto - Rotunda AEP (Half-Hourly)","mc.svm_UNDERB",17,0.772680598429769,0.90175829647294,0.832244332449295
"DS24","Water Consumption of Oporto - Rotunda AEP (Half-Hourly)","mc.svm_UNDERB",18,0.761189537985572,0.904403548242469,0.826639501246036
"DS24","Water Consumption of Oporto - Rotunda AEP (Half-Hourly)","mc.svm_UNDERB",19,0.757754520686624,0.901889235387743,0.823563060171621
"DS24","Water Consumption of Oporto - Rotunda AEP (Half-Hourly)","mc.svm_UNDERB",20,0.771748873704358,0.904525415005729,0.832878574788388
"DS24","Water Consumption of Oporto - Rotunda AEP (Half-Hourly)","mc.svm_UNDERB",21,0.761128745921891,0.901726087138755,0.825483538578913
"DS24","Water Consumption of Oporto - Rotunda AEP (Half-Hourly)","mc.svm_UNDERB",22,0.769259561072878,0.897367288233262,0.828389830098887
"DS24","Water Consumption of Oporto - Rotunda AEP (Half-Hourly)","mc.svm_UNDERB",23,0.760752040659238,0.910133356168882,0.828765167607413
"DS24","Water Consumption of Oporto - Rotunda AEP (Half-Hourly)","mc.svm_UNDERB",24,0.770684956886144,0.905397137096702,0.832627418517546
"DS24","Water Consumption of Oporto - Rotunda AEP (Half-Hourly)","mc.svm_UNDERB",25,0.75664426627046,0.879263529997732,0.813358442365954
"DS24","Water Consumption of Oporto - Rotunda AEP (Half-Hourly)","mc.svm_UNDERB",26,0.757293419238619,0.882075440043853,0.81493548231676
"DS24","Water Consumption of Oporto - Rotunda AEP (Half-Hourly)","mc.svm_UNDERB",27,0.764756033794022,0.881601590950552,0.819032421569335
"DS24","Water Consumption of Oporto - Rotunda AEP (Half-Hourly)","mc.svm_UNDERB",28,0.752482820446628,0.875646975916568,0.809406360137976
"DS24","Water Consumption of Oporto - Rotunda AEP (Half-Hourly)","mc.svm_UNDERB",29,0.758808716771818,0.891584667238148,0.819855706881969
"DS24","Water Consumption of Oporto - Rotunda AEP (Half-Hourly)","mc.svm_UNDERB",30,0.763558037487268,0.894719730212384,0.823951758395451
"DS24","Water Consumption of Oporto - Rotunda AEP (Half-Hourly)","mc.svm_UNDERB",31,0.78117234764343,0.88999961549869,0.832042547834124
"DS24","Water Consumption of Oporto - Rotunda AEP (Half-Hourly)","mc.svm_UNDERB",32,0.75872700039098,0.895519998072302,0.821467655747558
"DS24","Water Consumption of Oporto - Rotunda AEP (Half-Hourly)","mc.svm_UNDERB",33,0.812737352860505,0.923957954129012,0.864786285505583
"DS24","Water Consumption of Oporto - Rotunda AEP (Half-Hourly)","mc.svm_UNDERB",34,0.82067436199666,0.929578543173957,0.871738336318551
"DS24","Water Consumption of Oporto - Rotunda AEP (Half-Hourly)","mc.svm_UNDERB",35,0.81944226060102,0.931058685517037,0.871691998458183
"DS24","Water Consumption of Oporto - Rotunda AEP (Half-Hourly)","mc.svm_UNDERB",36,0.819932446667622,0.941524850129229,0.876531920891476
"DS24","Water Consumption of Oporto - Rotunda AEP (Half-Hourly)","mc.svm_UNDERB",37,0.813551549012766,0.9387772646721,0.87168993842648
"DS24","Water Consumption of Oporto - Rotunda AEP (Half-Hourly)","mc.svm_UNDERB",38,0.805871148953589,0.937963117313884,0.86691428153172
"DS24","Water Consumption of Oporto - Rotunda AEP (Half-Hourly)","mc.svm_UNDERB",39,0.810382852480607,0.939141363338837,0.87002403284665
"DS24","Water Consumption of Oporto - Rotunda AEP (Half-Hourly)","mc.svm_UNDERB",40,0.802847485311065,0.922128337434691,0.858363818299883
"DS24","Water Consumption of Oporto - Rotunda AEP (Half-Hourly)","mc.svm_UNDERB",41,0.807883277225363,0.935102748775616,0.866850177745333
"DS24","Water Consumption of Oporto - Rotunda AEP (Half-Hourly)","mc.svm_UNDERB",42,0.797813141204585,0.931410601539639,0.859451092877464
"DS24","Water Consumption of Oporto - Rotunda AEP (Half-Hourly)","mc.svm_UNDERB",43,0.81119795405529,0.934861706242425,0.868650620218999
"DS24","Water Consumption of Oporto - Rotunda AEP (Half-Hourly)","mc.svm_UNDERB",44,0.820495277702937,0.93993223260904,0.876162129595242
"DS24","Water Consumption of Oporto - Rotunda AEP (Half-Hourly)","mc.svm_UNDERB",45,0.786385831951733,0.931508962536914,0.852817591420821
"DS24","Water Consumption of Oporto - Rotunda AEP (Half-Hourly)","mc.svm_UNDERB",46,0.812750161821378,0.944230131411308,0.87357063144877
"DS24","Water Consumption of Oporto - Rotunda AEP (Half-Hourly)","mc.svm_UNDERB",47,0.782461612335692,0.944245610988169,0.8557744280382
"DS24","Water Consumption of Oporto - Rotunda AEP (Half-Hourly)","mc.svm_UNDERB",48,0.783378992373616,0.913099632981711,0.843279791128652
"DS24","Water Consumption of Oporto - Rotunda AEP (Half-Hourly)","mc.svm_UNDERB",49,0.785372770006453,0.922927054642422,0.848611896998117
"DS24","Water Consumption of Oporto - Rotunda AEP (Half-Hourly)","mc.svm_UNDERB",50,0.800278966690069,0.944081004609076,0.86625258922627
"DS24","Water Consumption of Oporto - Rotunda AEP (Half-Hourly)","mc.svm_UNDERT",1,0.521893612859475,0.538205724240156,0.529924168529023
"DS24","Water Consumption of Oporto - Rotunda AEP (Half-Hourly)","mc.svm_UNDERT",2,0.575885648997528,0.555387484920488,0.56545085816865
"DS24","Water Consumption of Oporto - Rotunda AEP (Half-Hourly)","mc.svm_UNDERT",3,0.589185502653486,0.571448608194456,0.580181527171738
"DS24","Water Consumption of Oporto - Rotunda AEP (Half-Hourly)","mc.svm_UNDERT",4,0.58060977649752,0.588069262588195,0.58431571320644
"DS24","Water Consumption of Oporto - Rotunda AEP (Half-Hourly)","mc.svm_UNDERT",5,0.527411673116948,0.58960949109275,0.556778936955722
"DS24","Water Consumption of Oporto - Rotunda AEP (Half-Hourly)","mc.svm_UNDERT",6,0.596062804539365,0.60260057851934,0.599313862300055
"DS24","Water Consumption of Oporto - Rotunda AEP (Half-Hourly)","mc.svm_UNDERT",7,0.607834164476831,0.622858280280198,0.615254516259478
"DS24","Water Consumption of Oporto - Rotunda AEP (Half-Hourly)","mc.svm_UNDERT",8,0.733092411597016,0.897212053588947,0.806891426877625
"DS24","Water Consumption of Oporto - Rotunda AEP (Half-Hourly)","mc.svm_UNDERT",9,0.728613383834225,0.769914086460699,0.748694593749906
"DS24","Water Consumption of Oporto - Rotunda AEP (Half-Hourly)","mc.svm_UNDERT",10,0.732144529098709,0.843188969480788,0.783753016816311
"DS24","Water Consumption of Oporto - Rotunda AEP (Half-Hourly)","mc.svm_UNDERT",11,0.785998933971307,0.922618858352442,0.848846877733364
"DS24","Water Consumption of Oporto - Rotunda AEP (Half-Hourly)","mc.svm_UNDERT",12,0.796643830611521,0.907830489767824,0.84861068338491
"DS24","Water Consumption of Oporto - Rotunda AEP (Half-Hourly)","mc.svm_UNDERT",13,0.794566649000626,0.889844397758941,0.839510857660892
"DS24","Water Consumption of Oporto - Rotunda AEP (Half-Hourly)","mc.svm_UNDERT",14,0.784717323988826,0.883958758317203,0.831386940459481
"DS24","Water Consumption of Oporto - Rotunda AEP (Half-Hourly)","mc.svm_UNDERT",15,0.782419386763592,0.896930501335398,0.835770815596752
"DS24","Water Consumption of Oporto - Rotunda AEP (Half-Hourly)","mc.svm_UNDERT",16,0.766860323562475,0.893307259799391,0.825268365863702
"DS24","Water Consumption of Oporto - Rotunda AEP (Half-Hourly)","mc.svm_UNDERT",17,0.773197582396481,0.898452208938139,0.8311323094715
"DS24","Water Consumption of Oporto - Rotunda AEP (Half-Hourly)","mc.svm_UNDERT",18,0.759047403186822,0.901300837624201,0.824080206155527
"DS24","Water Consumption of Oporto - Rotunda AEP (Half-Hourly)","mc.svm_UNDERT",19,0.778423141127906,0.894211659333421,0.832309657194189
"DS24","Water Consumption of Oporto - Rotunda AEP (Half-Hourly)","mc.svm_UNDERT",20,0.766435879105917,0.906056360101651,0.830418326129921
"DS24","Water Consumption of Oporto - Rotunda AEP (Half-Hourly)","mc.svm_UNDERT",21,0.765701649483206,0.898855333501953,0.82695277908111
"DS24","Water Consumption of Oporto - Rotunda AEP (Half-Hourly)","mc.svm_UNDERT",22,0.766626382886647,0.895629224095631,0.826122035133346
"DS24","Water Consumption of Oporto - Rotunda AEP (Half-Hourly)","mc.svm_UNDERT",23,0.784835078994316,0.906550911298432,0.841313526498026
"DS24","Water Consumption of Oporto - Rotunda AEP (Half-Hourly)","mc.svm_UNDERT",24,0.781503465137299,0.901103990878165,0.837053097325468
"DS24","Water Consumption of Oporto - Rotunda AEP (Half-Hourly)","mc.svm_UNDERT",25,0.777248524038042,0.872308078150265,0.822039286617164
"DS24","Water Consumption of Oporto - Rotunda AEP (Half-Hourly)","mc.svm_UNDERT",26,0.761268597631579,0.873954388179504,0.813728815282492
"DS24","Water Consumption of Oporto - Rotunda AEP (Half-Hourly)","mc.svm_UNDERT",27,0.76974715422674,0.877453329241234,0.820078927767448
"DS24","Water Consumption of Oporto - Rotunda AEP (Half-Hourly)","mc.svm_UNDERT",28,0.761989237998918,0.878351068396909,0.816042937789996
"DS24","Water Consumption of Oporto - Rotunda AEP (Half-Hourly)","mc.svm_UNDERT",29,0.771926287440583,0.893735086088511,0.828376785250155
"DS24","Water Consumption of Oporto - Rotunda AEP (Half-Hourly)","mc.svm_UNDERT",30,0.770058381895637,0.890971642139333,0.826114123324562
"DS24","Water Consumption of Oporto - Rotunda AEP (Half-Hourly)","mc.svm_UNDERT",31,0.760300389821246,0.895688578545292,0.822460038605393
"DS24","Water Consumption of Oporto - Rotunda AEP (Half-Hourly)","mc.svm_UNDERT",32,0.771509589559039,0.891803402421633,0.827306562609551
"DS24","Water Consumption of Oporto - Rotunda AEP (Half-Hourly)","mc.svm_UNDERT",33,0.826850303167747,0.926271372429397,0.873741709739545
"DS24","Water Consumption of Oporto - Rotunda AEP (Half-Hourly)","mc.svm_UNDERT",34,0.813667685583057,0.933918036520384,0.869655682909996
"DS24","Water Consumption of Oporto - Rotunda AEP (Half-Hourly)","mc.svm_UNDERT",35,0.814990008314777,0.930561609070184,0.86894985626342
"DS24","Water Consumption of Oporto - Rotunda AEP (Half-Hourly)","mc.svm_UNDERT",36,0.809833255460556,0.939930187939058,0.870045293123087
"DS24","Water Consumption of Oporto - Rotunda AEP (Half-Hourly)","mc.svm_UNDERT",37,0.810208015296896,0.93761666924473,0.869268579871652
"DS24","Water Consumption of Oporto - Rotunda AEP (Half-Hourly)","mc.svm_UNDERT",38,0.812632683906466,0.937306191040082,0.870528287098388
"DS24","Water Consumption of Oporto - Rotunda AEP (Half-Hourly)","mc.svm_UNDERT",39,0.808093133432335,0.935758580612488,0.867252734224056
"DS24","Water Consumption of Oporto - Rotunda AEP (Half-Hourly)","mc.svm_UNDERT",40,0.816820272142451,0.925497056599216,0.867769315230745
"DS24","Water Consumption of Oporto - Rotunda AEP (Half-Hourly)","mc.svm_UNDERT",41,0.809815911437068,0.935620495742772,0.868184439607678
"DS24","Water Consumption of Oporto - Rotunda AEP (Half-Hourly)","mc.svm_UNDERT",42,0.821837843712764,0.934583819718818,0.87459220887305
"DS24","Water Consumption of Oporto - Rotunda AEP (Half-Hourly)","mc.svm_UNDERT",43,0.814263944974694,0.935543442878911,0.870700740872083
"DS24","Water Consumption of Oporto - Rotunda AEP (Half-Hourly)","mc.svm_UNDERT",44,0.810648407166203,0.933536917409143,0.867763539190216
"DS24","Water Consumption of Oporto - Rotunda AEP (Half-Hourly)","mc.svm_UNDERT",45,0.820841277083391,0.929891742730468,0.871970217061802
"DS24","Water Consumption of Oporto - Rotunda AEP (Half-Hourly)","mc.svm_UNDERT",46,0.808320702864424,0.943904068174252,0.870866811648744
"DS24","Water Consumption of Oporto - Rotunda AEP (Half-Hourly)","mc.svm_UNDERT",47,0.824081402894174,0.94509851617013,0.880450996177483
"DS24","Water Consumption of Oporto - Rotunda AEP (Half-Hourly)","mc.svm_UNDERT",48,0.777502066266183,0.907068917744082,0.83730274887313
"DS24","Water Consumption of Oporto - Rotunda AEP (Half-Hourly)","mc.svm_UNDERT",49,0.825581037551945,0.918549224938283,0.869587367957651
"DS24","Water Consumption of Oporto - Rotunda AEP (Half-Hourly)","mc.svm_UNDERT",50,0.821848770682726,0.951150185992151,0.881784626154904
"DS24","Water Consumption of Oporto - Rotunda AEP (Half-Hourly)","mc.svm_UNDERTPhi",1,0.31984204736441,0.6735407740916,0.433723345151296
"DS24","Water Consumption of Oporto - Rotunda AEP (Half-Hourly)","mc.svm_UNDERTPhi",2,0.30030191164438,0.642071339318751,0.409212062019854
"DS24","Water Consumption of Oporto - Rotunda AEP (Half-Hourly)","mc.svm_UNDERTPhi",3,0.294723311620978,0.705183496322077,0.415706771242102
"DS24","Water Consumption of Oporto - Rotunda AEP (Half-Hourly)","mc.svm_UNDERTPhi",4,0.302294047222068,0.662964955649493,0.415246807361508
"DS24","Water Consumption of Oporto - Rotunda AEP (Half-Hourly)","mc.svm_UNDERTPhi",5,0.308542600470904,0.843050460241854,0.451751560868592
"DS24","Water Consumption of Oporto - Rotunda AEP (Half-Hourly)","mc.svm_UNDERTPhi",6,0.294572547967672,0.74889081763431,0.42282783195338
"DS24","Water Consumption of Oporto - Rotunda AEP (Half-Hourly)","mc.svm_UNDERTPhi",7,0.313057963297157,0.774658220183007,0.445912138377806
"DS24","Water Consumption of Oporto - Rotunda AEP (Half-Hourly)","mc.svm_UNDERTPhi",8,0.322589468512919,0.981398661546728,0.485570175570797
"DS24","Water Consumption of Oporto - Rotunda AEP (Half-Hourly)","mc.svm_UNDERTPhi",9,0.306391580697367,0.873199324600208,0.45361645317304
"DS24","Water Consumption of Oporto - Rotunda AEP (Half-Hourly)","mc.svm_UNDERTPhi",10,0.309712251946648,0.852441505829274,0.454348792759453
"DS24","Water Consumption of Oporto - Rotunda AEP (Half-Hourly)","mc.svm_UNDERTPhi",11,0.709595356616835,0.92544979190871,0.803274301890236
"DS24","Water Consumption of Oporto - Rotunda AEP (Half-Hourly)","mc.svm_UNDERTPhi",12,0.729985336931442,0.912670140191382,0.811169267169535
"DS24","Water Consumption of Oporto - Rotunda AEP (Half-Hourly)","mc.svm_UNDERTPhi",13,0.762489756766595,0.905402006144665,0.827823208667005
"DS24","Water Consumption of Oporto - Rotunda AEP (Half-Hourly)","mc.svm_UNDERTPhi",14,0.796149699327862,0.902122070914381,0.845829540478158
"DS24","Water Consumption of Oporto - Rotunda AEP (Half-Hourly)","mc.svm_UNDERTPhi",15,0.768719050575486,0.886235598083095,0.823304962582308
"DS24","Water Consumption of Oporto - Rotunda AEP (Half-Hourly)","mc.svm_UNDERTPhi",16,0.74430469290288,0.893330512518146,0.812036881693254
"DS24","Water Consumption of Oporto - Rotunda AEP (Half-Hourly)","mc.svm_UNDERTPhi",17,0.70670986025108,0.896631070662815,0.790422057377046
"DS24","Water Consumption of Oporto - Rotunda AEP (Half-Hourly)","mc.svm_UNDERTPhi",18,0.750063774894589,0.894246119968342,0.815833587724298
"DS24","Water Consumption of Oporto - Rotunda AEP (Half-Hourly)","mc.svm_UNDERTPhi",19,0.738196223705318,0.899197896541424,0.810781574677473
"DS24","Water Consumption of Oporto - Rotunda AEP (Half-Hourly)","mc.svm_UNDERTPhi",20,0.662210354244672,0.90598816992493,0.765151526035468
"DS24","Water Consumption of Oporto - Rotunda AEP (Half-Hourly)","mc.svm_UNDERTPhi",21,0.532001002223267,0.909421311073689,0.67129951364188
"DS24","Water Consumption of Oporto - Rotunda AEP (Half-Hourly)","mc.svm_UNDERTPhi",22,0.530785272109204,0.906163196525231,0.669443740456573
"DS24","Water Consumption of Oporto - Rotunda AEP (Half-Hourly)","mc.svm_UNDERTPhi",23,0.408546009125403,0.913558342945695,0.564600841876071
"DS24","Water Consumption of Oporto - Rotunda AEP (Half-Hourly)","mc.svm_UNDERTPhi",24,0.463372407175256,0.915533246136244,0.615318159139191
"DS24","Water Consumption of Oporto - Rotunda AEP (Half-Hourly)","mc.svm_UNDERTPhi",25,0.64557813834212,0.894009106700309,0.749749956195021
"DS24","Water Consumption of Oporto - Rotunda AEP (Half-Hourly)","mc.svm_UNDERTPhi",26,0.703803263568001,0.892049860615579,0.786823791804542
"DS24","Water Consumption of Oporto - Rotunda AEP (Half-Hourly)","mc.svm_UNDERTPhi",27,0.707352314842443,0.886385419070983,0.786812992728586
"DS24","Water Consumption of Oporto - Rotunda AEP (Half-Hourly)","mc.svm_UNDERTPhi",28,0.702370475635394,0.894371474148862,0.786827348999682
"DS24","Water Consumption of Oporto - Rotunda AEP (Half-Hourly)","mc.svm_UNDERTPhi",29,0.716800248759219,0.895359246350787,0.796191360048179
"DS24","Water Consumption of Oporto - Rotunda AEP (Half-Hourly)","mc.svm_UNDERTPhi",30,0.750745532630271,0.899813289809317,0.818547995190177
"DS24","Water Consumption of Oporto - Rotunda AEP (Half-Hourly)","mc.svm_UNDERTPhi",31,0.737633693075932,0.898974797136768,0.810351533136676
"DS24","Water Consumption of Oporto - Rotunda AEP (Half-Hourly)","mc.svm_UNDERTPhi",32,0.782158312205351,0.905621240253236,0.839374051832718
"DS24","Water Consumption of Oporto - Rotunda AEP (Half-Hourly)","mc.svm_UNDERTPhi",33,0.853759076635539,0.940171972271254,0.894884288238465
"DS24","Water Consumption of Oporto - Rotunda AEP (Half-Hourly)","mc.svm_UNDERTPhi",34,0.851215912751347,0.943966708951015,0.895195256518972
"DS24","Water Consumption of Oporto - Rotunda AEP (Half-Hourly)","mc.svm_UNDERTPhi",35,0.841360414190058,0.944190045686418,0.889814257019442
"DS24","Water Consumption of Oporto - Rotunda AEP (Half-Hourly)","mc.svm_UNDERTPhi",36,0.809479840163793,0.953028480338168,0.875408453919778
"DS24","Water Consumption of Oporto - Rotunda AEP (Half-Hourly)","mc.svm_UNDERTPhi",37,0.762933180166906,0.951286015152642,0.846761798923174
"DS24","Water Consumption of Oporto - Rotunda AEP (Half-Hourly)","mc.svm_UNDERTPhi",38,0.820205203842554,0.9499879747688,0.880339038595164
"DS24","Water Consumption of Oporto - Rotunda AEP (Half-Hourly)","mc.svm_UNDERTPhi",39,0.815350840418947,0.952020227984139,0.878401267125043
"DS24","Water Consumption of Oporto - Rotunda AEP (Half-Hourly)","mc.svm_UNDERTPhi",40,0.829705461042159,0.947437960397821,0.884671929408783
"DS24","Water Consumption of Oporto - Rotunda AEP (Half-Hourly)","mc.svm_UNDERTPhi",41,0.811276139912294,0.949234236626369,0.874849813582932
"DS24","Water Consumption of Oporto - Rotunda AEP (Half-Hourly)","mc.svm_UNDERTPhi",42,0.795586969255831,0.947881153726323,0.865082514979329
"DS24","Water Consumption of Oporto - Rotunda AEP (Half-Hourly)","mc.svm_UNDERTPhi",43,0.834512477078787,0.949829920390111,0.888444864385525
"DS24","Water Consumption of Oporto - Rotunda AEP (Half-Hourly)","mc.svm_UNDERTPhi",44,0.815423274347867,0.948714170690396,0.877033269329879
"DS24","Water Consumption of Oporto - Rotunda AEP (Half-Hourly)","mc.svm_UNDERTPhi",45,0.796520262089282,0.948095396986345,0.865723278551026
"DS24","Water Consumption of Oporto - Rotunda AEP (Half-Hourly)","mc.svm_UNDERTPhi",46,0.827644456806075,0.949117115139796,0.884228398011702
"DS24","Water Consumption of Oporto - Rotunda AEP (Half-Hourly)","mc.svm_UNDERTPhi",47,0.802813363853318,0.954622121188949,0.872161058364038
"DS24","Water Consumption of Oporto - Rotunda AEP (Half-Hourly)","mc.svm_UNDERTPhi",48,0.756530850776522,0.914202643883617,0.827926783260078
"DS24","Water Consumption of Oporto - Rotunda AEP (Half-Hourly)","mc.svm_UNDERTPhi",49,0.782933256087758,0.934297289239934,0.851944336546844
"DS24","Water Consumption of Oporto - Rotunda AEP (Half-Hourly)","mc.svm_UNDERTPhi",50,0.772096818439403,0.951832172444876,0.852594968724307
"DS24","Water Consumption of Oporto - Rotunda AEP (Half-Hourly)","mc.svm_OVERB",1,0.470104145774308,0.4885794103486,0.479163755084576
"DS24","Water Consumption of Oporto - Rotunda AEP (Half-Hourly)","mc.svm_OVERB",2,0.381624901220783,0.48721995934155,0.428005682708814
"DS24","Water Consumption of Oporto - Rotunda AEP (Half-Hourly)","mc.svm_OVERB",3,0.465650105739214,0.490437850496697,0.477722651881099
"DS24","Water Consumption of Oporto - Rotunda AEP (Half-Hourly)","mc.svm_OVERB",4,0.418468800467966,0.488571918053785,0.450811303870694
"DS24","Water Consumption of Oporto - Rotunda AEP (Half-Hourly)","mc.svm_OVERB",5,0.292833998363395,0.539502949353408,0.379617428305624
"DS24","Water Consumption of Oporto - Rotunda AEP (Half-Hourly)","mc.svm_OVERB",6,0.292966670869645,0.541902858435712,0.380321644994635
"DS24","Water Consumption of Oporto - Rotunda AEP (Half-Hourly)","mc.svm_OVERB",7,0.314110454883411,0.564047173001792,0.403510960814556
"DS24","Water Consumption of Oporto - Rotunda AEP (Half-Hourly)","mc.svm_OVERB",8,0.712996691788081,0.865237453212442,0.7817742933846
"DS24","Water Consumption of Oporto - Rotunda AEP (Half-Hourly)","mc.svm_OVERB",9,0.696661983776546,0.750714271942782,0.722678836100019
"DS24","Water Consumption of Oporto - Rotunda AEP (Half-Hourly)","mc.svm_OVERB",10,0.721830447149214,0.824580444257943,0.769791876268538
"DS24","Water Consumption of Oporto - Rotunda AEP (Half-Hourly)","mc.svm_OVERB",11,0.77820099555124,0.909806815653336,0.838873570372268
"DS24","Water Consumption of Oporto - Rotunda AEP (Half-Hourly)","mc.svm_OVERB",12,0.786217087927376,0.90459687589215,0.84126289080972
"DS24","Water Consumption of Oporto - Rotunda AEP (Half-Hourly)","mc.svm_OVERB",13,0.790532930178121,0.893748488776578,0.838978099174552
"DS24","Water Consumption of Oporto - Rotunda AEP (Half-Hourly)","mc.svm_OVERB",14,0.787682289901061,0.89594512687829,0.838332878321946
"DS24","Water Consumption of Oporto - Rotunda AEP (Half-Hourly)","mc.svm_OVERB",15,0.77152668646638,0.9036292516558,0.832369174066999
"DS24","Water Consumption of Oporto - Rotunda AEP (Half-Hourly)","mc.svm_OVERB",16,0.766772596976181,0.902055879550479,0.828930880685993
"DS24","Water Consumption of Oporto - Rotunda AEP (Half-Hourly)","mc.svm_OVERB",17,0.773815074327177,0.906215285499924,0.834798067075068
"DS24","Water Consumption of Oporto - Rotunda AEP (Half-Hourly)","mc.svm_OVERB",18,0.762781556088144,0.901486966592303,0.826354187199261
"DS24","Water Consumption of Oporto - Rotunda AEP (Half-Hourly)","mc.svm_OVERB",19,0.767068636574523,0.90088751577576,0.828609981694528
"DS24","Water Consumption of Oporto - Rotunda AEP (Half-Hourly)","mc.svm_OVERB",20,0.78560917455307,0.908645309274358,0.842659822588089
"DS24","Water Consumption of Oporto - Rotunda AEP (Half-Hourly)","mc.svm_OVERB",21,0.775397179870147,0.906434950209833,0.83581124603086
"DS24","Water Consumption of Oporto - Rotunda AEP (Half-Hourly)","mc.svm_OVERB",22,0.770737830474339,0.906471253297188,0.8331122147068
"DS24","Water Consumption of Oporto - Rotunda AEP (Half-Hourly)","mc.svm_OVERB",23,0.769864580230076,0.912305663733285,0.835054382125718
"DS24","Water Consumption of Oporto - Rotunda AEP (Half-Hourly)","mc.svm_OVERB",24,0.773394961437128,0.907753341715714,0.835205150424878
"DS24","Water Consumption of Oporto - Rotunda AEP (Half-Hourly)","mc.svm_OVERB",25,0.769318659971124,0.871224512899423,0.817106536276041
"DS24","Water Consumption of Oporto - Rotunda AEP (Half-Hourly)","mc.svm_OVERB",26,0.771177732412365,0.876671447420262,0.820547786977558
"DS24","Water Consumption of Oporto - Rotunda AEP (Half-Hourly)","mc.svm_OVERB",27,0.75988377444088,0.870180804510702,0.811300708838033
"DS24","Water Consumption of Oporto - Rotunda AEP (Half-Hourly)","mc.svm_OVERB",28,0.759423918644221,0.870859461510695,0.811333186486884
"DS24","Water Consumption of Oporto - Rotunda AEP (Half-Hourly)","mc.svm_OVERB",29,0.772438805431713,0.884742368222842,0.824785302765376
"DS24","Water Consumption of Oporto - Rotunda AEP (Half-Hourly)","mc.svm_OVERB",30,0.77474519165829,0.890505314571326,0.828601712510343
"DS24","Water Consumption of Oporto - Rotunda AEP (Half-Hourly)","mc.svm_OVERB",31,0.768021015617974,0.888531210009959,0.823892699261493
"DS24","Water Consumption of Oporto - Rotunda AEP (Half-Hourly)","mc.svm_OVERB",32,0.767881876827222,0.887092582898818,0.823193751991331
"DS24","Water Consumption of Oporto - Rotunda AEP (Half-Hourly)","mc.svm_OVERB",33,0.821878996035716,0.92809655937647,0.871764255318265
"DS24","Water Consumption of Oporto - Rotunda AEP (Half-Hourly)","mc.svm_OVERB",34,0.819533234844651,0.936691094453988,0.874204359752401
"DS24","Water Consumption of Oporto - Rotunda AEP (Half-Hourly)","mc.svm_OVERB",35,0.821453442179162,0.937284538104847,0.875554651981985
"DS24","Water Consumption of Oporto - Rotunda AEP (Half-Hourly)","mc.svm_OVERB",36,0.837183821838947,0.945905050847749,0.888229877596937
"DS24","Water Consumption of Oporto - Rotunda AEP (Half-Hourly)","mc.svm_OVERB",37,0.83671055214259,0.946050712706467,0.888027611762744
"DS24","Water Consumption of Oporto - Rotunda AEP (Half-Hourly)","mc.svm_OVERB",38,0.832279498229632,0.94336725597793,0.884348448914291
"DS24","Water Consumption of Oporto - Rotunda AEP (Half-Hourly)","mc.svm_OVERB",39,0.826411203490693,0.943919954241662,0.88126565696661
"DS24","Water Consumption of Oporto - Rotunda AEP (Half-Hourly)","mc.svm_OVERB",40,0.822219189413928,0.925412487040151,0.870769184627644
"DS24","Water Consumption of Oporto - Rotunda AEP (Half-Hourly)","mc.svm_OVERB",41,0.815399534981826,0.93877507760486,0.872748649124236
"DS24","Water Consumption of Oporto - Rotunda AEP (Half-Hourly)","mc.svm_OVERB",42,0.822461025748225,0.937539066410936,0.876237843025795
"DS24","Water Consumption of Oporto - Rotunda AEP (Half-Hourly)","mc.svm_OVERB",43,0.819942216201947,0.939800770447616,0.875789626502509
"DS24","Water Consumption of Oporto - Rotunda AEP (Half-Hourly)","mc.svm_OVERB",44,0.825710999488555,0.940199484939878,0.87924395180156
"DS24","Water Consumption of Oporto - Rotunda AEP (Half-Hourly)","mc.svm_OVERB",45,0.810430329346217,0.938840690518327,0.869922340655156
"DS24","Water Consumption of Oporto - Rotunda AEP (Half-Hourly)","mc.svm_OVERB",46,0.829266518992435,0.949050091807659,0.88512412379559
"DS24","Water Consumption of Oporto - Rotunda AEP (Half-Hourly)","mc.svm_OVERB",47,0.826868035205873,0.951140314589517,0.884661225826341
"DS24","Water Consumption of Oporto - Rotunda AEP (Half-Hourly)","mc.svm_OVERB",48,0.802944273020872,0.91024246067579,0.853233283312899
"DS24","Water Consumption of Oporto - Rotunda AEP (Half-Hourly)","mc.svm_OVERB",49,0.818355761198376,0.925649455002549,0.868702177395553
"DS24","Water Consumption of Oporto - Rotunda AEP (Half-Hourly)","mc.svm_OVERB",50,0.830436464318524,0.93306010086859,0.878762279959171
"DS24","Water Consumption of Oporto - Rotunda AEP (Half-Hourly)","mc.svm_OVERT",1,0.552959090498757,0.493109839079242,0.521322372595935
"DS24","Water Consumption of Oporto - Rotunda AEP (Half-Hourly)","mc.svm_OVERT",2,0.55927195372396,0.513886890157226,0.535619729903062
"DS24","Water Consumption of Oporto - Rotunda AEP (Half-Hourly)","mc.svm_OVERT",3,0.550715536726425,0.513080849926759,0.531232478689713
"DS24","Water Consumption of Oporto - Rotunda AEP (Half-Hourly)","mc.svm_OVERT",4,0.502830035760474,0.493604647215748,0.498174635330219
"DS24","Water Consumption of Oporto - Rotunda AEP (Half-Hourly)","mc.svm_OVERT",5,0.303301980745449,0.527170596067738,0.385062410107905
"DS24","Water Consumption of Oporto - Rotunda AEP (Half-Hourly)","mc.svm_OVERT",6,0.331030065638018,0.548407447626665,0.412853331012263
"DS24","Water Consumption of Oporto - Rotunda AEP (Half-Hourly)","mc.svm_OVERT",7,0.292346544938256,0.536185098310304,0.378384729697935
"DS24","Water Consumption of Oporto - Rotunda AEP (Half-Hourly)","mc.svm_OVERT",8,0.649295571230415,0.827740981430704,0.727739001990944
"DS24","Water Consumption of Oporto - Rotunda AEP (Half-Hourly)","mc.svm_OVERT",9,0.675697850607248,0.747640744834859,0.709851114736899
"DS24","Water Consumption of Oporto - Rotunda AEP (Half-Hourly)","mc.svm_OVERT",10,0.667841432383002,0.803335459409257,0.729349008795732
"DS24","Water Consumption of Oporto - Rotunda AEP (Half-Hourly)","mc.svm_OVERT",11,0.761640128812471,0.902388352369721,0.826061799674806
"DS24","Water Consumption of Oporto - Rotunda AEP (Half-Hourly)","mc.svm_OVERT",12,0.78602652444223,0.898159116183325,0.838359942586215
"DS24","Water Consumption of Oporto - Rotunda AEP (Half-Hourly)","mc.svm_OVERT",13,0.775888085221518,0.900088879085439,0.833386438830405
"DS24","Water Consumption of Oporto - Rotunda AEP (Half-Hourly)","mc.svm_OVERT",14,0.775252245923028,0.901005679920505,0.833411930441756
"DS24","Water Consumption of Oporto - Rotunda AEP (Half-Hourly)","mc.svm_OVERT",15,0.768232255719893,0.900824748626045,0.829261824902723
"DS24","Water Consumption of Oporto - Rotunda AEP (Half-Hourly)","mc.svm_OVERT",16,0.7662806060387,0.899939269788951,0.827749109293704
"DS24","Water Consumption of Oporto - Rotunda AEP (Half-Hourly)","mc.svm_OVERT",17,0.765012826883262,0.905897132463466,0.829515584959786
"DS24","Water Consumption of Oporto - Rotunda AEP (Half-Hourly)","mc.svm_OVERT",18,0.755899389048025,0.902310298514253,0.822641199716243
"DS24","Water Consumption of Oporto - Rotunda AEP (Half-Hourly)","mc.svm_OVERT",19,0.75105217534675,0.905592977729697,0.821114376412562
"DS24","Water Consumption of Oporto - Rotunda AEP (Half-Hourly)","mc.svm_OVERT",20,0.771258140464608,0.909759217932344,0.834803042560072
"DS24","Water Consumption of Oporto - Rotunda AEP (Half-Hourly)","mc.svm_OVERT",21,0.758670743579722,0.906913861996172,0.826195213068138
"DS24","Water Consumption of Oporto - Rotunda AEP (Half-Hourly)","mc.svm_OVERT",22,0.760651932237986,0.904885020043379,0.826523287887914
"DS24","Water Consumption of Oporto - Rotunda AEP (Half-Hourly)","mc.svm_OVERT",23,0.767459567506333,0.912023648887365,0.833519821214536
"DS24","Water Consumption of Oporto - Rotunda AEP (Half-Hourly)","mc.svm_OVERT",24,0.77928196621312,0.910565713779095,0.839824142970443
"DS24","Water Consumption of Oporto - Rotunda AEP (Half-Hourly)","mc.svm_OVERT",25,0.755925133634297,0.875534651792377,0.811345341846131
"DS24","Water Consumption of Oporto - Rotunda AEP (Half-Hourly)","mc.svm_OVERT",26,0.761037008535673,0.874842152278468,0.813980971772472
"DS24","Water Consumption of Oporto - Rotunda AEP (Half-Hourly)","mc.svm_OVERT",27,0.767268848444522,0.868862991618054,0.814911721306456
"DS24","Water Consumption of Oporto - Rotunda AEP (Half-Hourly)","mc.svm_OVERT",28,0.757832895669007,0.874176242710776,0.811857602704667
"DS24","Water Consumption of Oporto - Rotunda AEP (Half-Hourly)","mc.svm_OVERT",29,0.766254940307808,0.882745694328282,0.820385674943983
"DS24","Water Consumption of Oporto - Rotunda AEP (Half-Hourly)","mc.svm_OVERT",30,0.772038879947833,0.887663647043753,0.825823708392223
"DS24","Water Consumption of Oporto - Rotunda AEP (Half-Hourly)","mc.svm_OVERT",31,0.765857121243987,0.886283734503743,0.82168140464659
"DS24","Water Consumption of Oporto - Rotunda AEP (Half-Hourly)","mc.svm_OVERT",32,0.771215208882908,0.883857126579305,0.823703041724931
"DS24","Water Consumption of Oporto - Rotunda AEP (Half-Hourly)","mc.svm_OVERT",33,0.827416306568711,0.925785681525291,0.87384131946442
"DS24","Water Consumption of Oporto - Rotunda AEP (Half-Hourly)","mc.svm_OVERT",34,0.826982968791266,0.937152680475142,0.878627792859697
"DS24","Water Consumption of Oporto - Rotunda AEP (Half-Hourly)","mc.svm_OVERT",35,0.821011208009516,0.937861913985132,0.875555073664253
"DS24","Water Consumption of Oporto - Rotunda AEP (Half-Hourly)","mc.svm_OVERT",36,0.826444640359112,0.947076463219997,0.882657968330758
"DS24","Water Consumption of Oporto - Rotunda AEP (Half-Hourly)","mc.svm_OVERT",37,0.826336839444477,0.944377060092016,0.881422521486476
"DS24","Water Consumption of Oporto - Rotunda AEP (Half-Hourly)","mc.svm_OVERT",38,0.82008796883246,0.943128912849282,0.877315414253549
"DS24","Water Consumption of Oporto - Rotunda AEP (Half-Hourly)","mc.svm_OVERT",39,0.817965322373136,0.94170250357806,0.875483407219131
"DS24","Water Consumption of Oporto - Rotunda AEP (Half-Hourly)","mc.svm_OVERT",40,0.835500093603803,0.922657371576684,0.876918405300429
"DS24","Water Consumption of Oporto - Rotunda AEP (Half-Hourly)","mc.svm_OVERT",41,0.822621525380336,0.934730158846126,0.875099908562088
"DS24","Water Consumption of Oporto - Rotunda AEP (Half-Hourly)","mc.svm_OVERT",42,0.829002174784213,0.934705478532234,0.878686298184263
"DS24","Water Consumption of Oporto - Rotunda AEP (Half-Hourly)","mc.svm_OVERT",43,0.835249137186069,0.937544962993957,0.883445653766927
"DS24","Water Consumption of Oporto - Rotunda AEP (Half-Hourly)","mc.svm_OVERT",44,0.821854962414165,0.937806530092777,0.87601047567746
"DS24","Water Consumption of Oporto - Rotunda AEP (Half-Hourly)","mc.svm_OVERT",45,0.812902006493221,0.940225690478362,0.871940306078825
"DS24","Water Consumption of Oporto - Rotunda AEP (Half-Hourly)","mc.svm_OVERT",46,0.82608337284467,0.951217962991976,0.884245487621769
"DS24","Water Consumption of Oporto - Rotunda AEP (Half-Hourly)","mc.svm_OVERT",47,0.838271328456866,0.945918773046441,0.888847646700677
"DS24","Water Consumption of Oporto - Rotunda AEP (Half-Hourly)","mc.svm_OVERT",48,0.806310431742469,0.902024639414878,0.851486208681793
"DS24","Water Consumption of Oporto - Rotunda AEP (Half-Hourly)","mc.svm_OVERT",49,0.815664793531307,0.912703269403242,0.861459939880104
"DS24","Water Consumption of Oporto - Rotunda AEP (Half-Hourly)","mc.svm_OVERT",50,0.827742576687694,0.931594377673277,0.8766033461545
"DS24","Water Consumption of Oporto - Rotunda AEP (Half-Hourly)","mc.svm_OVERTPhi",1,0.579215802919077,0.492007949491926,0.532062099754852
"DS24","Water Consumption of Oporto - Rotunda AEP (Half-Hourly)","mc.svm_OVERTPhi",2,0.558026669079758,0.506758312200565,0.531158229985052
"DS24","Water Consumption of Oporto - Rotunda AEP (Half-Hourly)","mc.svm_OVERTPhi",3,0.538782733639516,0.514597117520195,0.526412274537628
"DS24","Water Consumption of Oporto - Rotunda AEP (Half-Hourly)","mc.svm_OVERTPhi",4,0.511597618157213,0.496223186705187,0.503793133001291
"DS24","Water Consumption of Oporto - Rotunda AEP (Half-Hourly)","mc.svm_OVERTPhi",5,0.297391676081094,0.533793825154952,0.3819745173815
"DS24","Water Consumption of Oporto - Rotunda AEP (Half-Hourly)","mc.svm_OVERTPhi",6,0.298179819099309,0.541890329592997,0.384683971216521
"DS24","Water Consumption of Oporto - Rotunda AEP (Half-Hourly)","mc.svm_OVERTPhi",7,0.293032019996844,0.534205217803956,0.378462735749432
"DS24","Water Consumption of Oporto - Rotunda AEP (Half-Hourly)","mc.svm_OVERTPhi",8,0.611997491911502,0.840546787816692,0.70829169638029
"DS24","Water Consumption of Oporto - Rotunda AEP (Half-Hourly)","mc.svm_OVERTPhi",9,0.660762374766927,0.743313635323703,0.699611245179561
"DS24","Water Consumption of Oporto - Rotunda AEP (Half-Hourly)","mc.svm_OVERTPhi",10,0.656895387057921,0.815536070550206,0.727669705717943
"DS24","Water Consumption of Oporto - Rotunda AEP (Half-Hourly)","mc.svm_OVERTPhi",11,0.755015493538152,0.899525794281333,0.82095976270822
"DS24","Water Consumption of Oporto - Rotunda AEP (Half-Hourly)","mc.svm_OVERTPhi",12,0.787268411674712,0.898229260748988,0.839096410513279
"DS24","Water Consumption of Oporto - Rotunda AEP (Half-Hourly)","mc.svm_OVERTPhi",13,0.777042731961256,0.900067041130229,0.834042665315702
"DS24","Water Consumption of Oporto - Rotunda AEP (Half-Hourly)","mc.svm_OVERTPhi",14,0.7773807691974,0.901811565166652,0.834985908229348
"DS24","Water Consumption of Oporto - Rotunda AEP (Half-Hourly)","mc.svm_OVERTPhi",15,0.770895937278481,0.900934789530327,0.830858002385787
"DS24","Water Consumption of Oporto - Rotunda AEP (Half-Hourly)","mc.svm_OVERTPhi",16,0.761412084194703,0.899939785326568,0.824900540537132
"DS24","Water Consumption of Oporto - Rotunda AEP (Half-Hourly)","mc.svm_OVERTPhi",17,0.766898093015352,0.905728138514502,0.830551583041723
"DS24","Water Consumption of Oporto - Rotunda AEP (Half-Hourly)","mc.svm_OVERTPhi",18,0.757846571240042,0.900656444625632,0.823102993356346
"DS24","Water Consumption of Oporto - Rotunda AEP (Half-Hourly)","mc.svm_OVERTPhi",19,0.749834175840048,0.905121922384882,0.820192573608662
"DS24","Water Consumption of Oporto - Rotunda AEP (Half-Hourly)","mc.svm_OVERTPhi",20,0.766950511084076,0.910924689415954,0.832760572298186
"DS24","Water Consumption of Oporto - Rotunda AEP (Half-Hourly)","mc.svm_OVERTPhi",21,0.75467296925768,0.906661040908883,0.823714648187291
"DS24","Water Consumption of Oporto - Rotunda AEP (Half-Hourly)","mc.svm_OVERTPhi",22,0.757971134602613,0.90582418296881,0.825328183658481
"DS24","Water Consumption of Oporto - Rotunda AEP (Half-Hourly)","mc.svm_OVERTPhi",23,0.769111670767161,0.912091017749014,0.834521442708144
"DS24","Water Consumption of Oporto - Rotunda AEP (Half-Hourly)","mc.svm_OVERTPhi",24,0.781416510102746,0.910013631050164,0.840826538938757
"DS24","Water Consumption of Oporto - Rotunda AEP (Half-Hourly)","mc.svm_OVERTPhi",25,0.761898661206401,0.87491322477638,0.814504367102221
"DS24","Water Consumption of Oporto - Rotunda AEP (Half-Hourly)","mc.svm_OVERTPhi",26,0.756203308809279,0.875036585381827,0.81129153786793
"DS24","Water Consumption of Oporto - Rotunda AEP (Half-Hourly)","mc.svm_OVERTPhi",27,0.769401963483903,0.869716220840828,0.816489469018255
"DS24","Water Consumption of Oporto - Rotunda AEP (Half-Hourly)","mc.svm_OVERTPhi",28,0.762989449345982,0.873358403857204,0.814451824942079
"DS24","Water Consumption of Oporto - Rotunda AEP (Half-Hourly)","mc.svm_OVERTPhi",29,0.761863046001177,0.882575125577183,0.817788573773767
"DS24","Water Consumption of Oporto - Rotunda AEP (Half-Hourly)","mc.svm_OVERTPhi",30,0.772893052246885,0.887947542563224,0.826435105875139
"DS24","Water Consumption of Oporto - Rotunda AEP (Half-Hourly)","mc.svm_OVERTPhi",31,0.770325878575629,0.885594852302758,0.823948417265485
"DS24","Water Consumption of Oporto - Rotunda AEP (Half-Hourly)","mc.svm_OVERTPhi",32,0.772911514979154,0.882035104335447,0.82387562329841
"DS24","Water Consumption of Oporto - Rotunda AEP (Half-Hourly)","mc.svm_OVERTPhi",33,0.824603631721276,0.925345393724866,0.872074741797172
"DS24","Water Consumption of Oporto - Rotunda AEP (Half-Hourly)","mc.svm_OVERTPhi",34,0.823712334565396,0.935993989997595,0.876270982127166
"DS24","Water Consumption of Oporto - Rotunda AEP (Half-Hourly)","mc.svm_OVERTPhi",35,0.81892652737587,0.937411313312499,0.874172353119696
"DS24","Water Consumption of Oporto - Rotunda AEP (Half-Hourly)","mc.svm_OVERTPhi",36,0.828439421229687,0.946604597189339,0.8835888648298
"DS24","Water Consumption of Oporto - Rotunda AEP (Half-Hourly)","mc.svm_OVERTPhi",37,0.829592860247003,0.943983966942966,0.883099448704792
"DS24","Water Consumption of Oporto - Rotunda AEP (Half-Hourly)","mc.svm_OVERTPhi",38,0.820598395934103,0.942734942893236,0.877436800966612
"DS24","Water Consumption of Oporto - Rotunda AEP (Half-Hourly)","mc.svm_OVERTPhi",39,0.818413715210134,0.942152611099206,0.875934757153987
"DS24","Water Consumption of Oporto - Rotunda AEP (Half-Hourly)","mc.svm_OVERTPhi",40,0.83956470494786,0.9220313778895,0.878867760064083
"DS24","Water Consumption of Oporto - Rotunda AEP (Half-Hourly)","mc.svm_OVERTPhi",41,0.81770289309271,0.934635952445991,0.872267968320478
"DS24","Water Consumption of Oporto - Rotunda AEP (Half-Hourly)","mc.svm_OVERTPhi",42,0.830335763183906,0.935603606996164,0.879832171105126
"DS24","Water Consumption of Oporto - Rotunda AEP (Half-Hourly)","mc.svm_OVERTPhi",43,0.835410353665024,0.935498088220376,0.882625854898615
"DS24","Water Consumption of Oporto - Rotunda AEP (Half-Hourly)","mc.svm_OVERTPhi",44,0.823723741552105,0.938712656853688,0.877467014010002
"DS24","Water Consumption of Oporto - Rotunda AEP (Half-Hourly)","mc.svm_OVERTPhi",45,0.82156794994987,0.94067588313231,0.877096735836619
"DS24","Water Consumption of Oporto - Rotunda AEP (Half-Hourly)","mc.svm_OVERTPhi",46,0.830498970109335,0.950908033908639,0.88663415047609
"DS24","Water Consumption of Oporto - Rotunda AEP (Half-Hourly)","mc.svm_OVERTPhi",47,0.838857894523327,0.94625463554881,0.889325639574482
"DS24","Water Consumption of Oporto - Rotunda AEP (Half-Hourly)","mc.svm_OVERTPhi",48,0.802723914025577,0.900325782092603,0.848728063951178
"DS24","Water Consumption of Oporto - Rotunda AEP (Half-Hourly)","mc.svm_OVERTPhi",49,0.821611143654612,0.912449206560994,0.864650917179566
"DS24","Water Consumption of Oporto - Rotunda AEP (Half-Hourly)","mc.svm_OVERTPhi",50,0.82899443456548,0.929957410692135,0.876578309889768
"DS24","Water Consumption of Oporto - Rotunda AEP (Half-Hourly)","mc.svm_SMOTEB",1,0.590416635150407,0.544266265122139,0.56640292508525
"DS24","Water Consumption of Oporto - Rotunda AEP (Half-Hourly)","mc.svm_SMOTEB",2,0.577665013560238,0.536479112412188,0.556310815669177
"DS24","Water Consumption of Oporto - Rotunda AEP (Half-Hourly)","mc.svm_SMOTEB",3,0.556735411341595,0.546011856349643,0.551321493779153
"DS24","Water Consumption of Oporto - Rotunda AEP (Half-Hourly)","mc.svm_SMOTEB",4,0.557520069798388,0.540868803933427,0.54906822261632
"DS24","Water Consumption of Oporto - Rotunda AEP (Half-Hourly)","mc.svm_SMOTEB",5,0.624700411760073,0.593640712026734,0.608774652681816
"DS24","Water Consumption of Oporto - Rotunda AEP (Half-Hourly)","mc.svm_SMOTEB",6,0.587442960559653,0.580284275242891,0.583841674944949
"DS24","Water Consumption of Oporto - Rotunda AEP (Half-Hourly)","mc.svm_SMOTEB",7,0.623230034177424,0.583520897987595,0.602722135119626
"DS24","Water Consumption of Oporto - Rotunda AEP (Half-Hourly)","mc.svm_SMOTEB",8,0.724194841867187,0.90442619508682,0.804337866783847
"DS24","Water Consumption of Oporto - Rotunda AEP (Half-Hourly)","mc.svm_SMOTEB",9,0.724764662597256,0.776031717281579,0.749522551201464
"DS24","Water Consumption of Oporto - Rotunda AEP (Half-Hourly)","mc.svm_SMOTEB",10,0.737566963261329,0.831406769313842,0.781680602225561
"DS24","Water Consumption of Oporto - Rotunda AEP (Half-Hourly)","mc.svm_SMOTEB",11,0.806770599933839,0.913699610494453,0.856912230679566
"DS24","Water Consumption of Oporto - Rotunda AEP (Half-Hourly)","mc.svm_SMOTEB",12,0.789309171305288,0.896991107926463,0.83971202138234
"DS24","Water Consumption of Oporto - Rotunda AEP (Half-Hourly)","mc.svm_SMOTEB",13,0.790402057027979,0.894318845426245,0.839155558685184
"DS24","Water Consumption of Oporto - Rotunda AEP (Half-Hourly)","mc.svm_SMOTEB",14,0.79461366721134,0.892461482770111,0.840700062088669
"DS24","Water Consumption of Oporto - Rotunda AEP (Half-Hourly)","mc.svm_SMOTEB",15,0.780406844719898,0.898465227505495,0.83528509990483
"DS24","Water Consumption of Oporto - Rotunda AEP (Half-Hourly)","mc.svm_SMOTEB",16,0.774230576281505,0.895415424453723,0.8304251317715
"DS24","Water Consumption of Oporto - Rotunda AEP (Half-Hourly)","mc.svm_SMOTEB",17,0.77502254428175,0.902273905993438,0.833821138949334
"DS24","Water Consumption of Oporto - Rotunda AEP (Half-Hourly)","mc.svm_SMOTEB",18,0.768550955092516,0.901263646349009,0.829633464210608
"DS24","Water Consumption of Oporto - Rotunda AEP (Half-Hourly)","mc.svm_SMOTEB",19,0.773602739030513,0.897192728312356,0.830826711739295
"DS24","Water Consumption of Oporto - Rotunda AEP (Half-Hourly)","mc.svm_SMOTEB",20,0.7857477103097,0.90357307086237,0.840551397272244
"DS24","Water Consumption of Oporto - Rotunda AEP (Half-Hourly)","mc.svm_SMOTEB",21,0.783134356537407,0.899726266328519,0.837391452467451
"DS24","Water Consumption of Oporto - Rotunda AEP (Half-Hourly)","mc.svm_SMOTEB",22,0.784357181750737,0.899243748190651,0.837880615880087
"DS24","Water Consumption of Oporto - Rotunda AEP (Half-Hourly)","mc.svm_SMOTEB",23,0.782060057225343,0.91039875089035,0.841363459843234
"DS24","Water Consumption of Oporto - Rotunda AEP (Half-Hourly)","mc.svm_SMOTEB",24,0.785085504358257,0.907524575416893,0.841876575736017
"DS24","Water Consumption of Oporto - Rotunda AEP (Half-Hourly)","mc.svm_SMOTEB",25,0.769010768689789,0.869692548241358,0.816258718874576
"DS24","Water Consumption of Oporto - Rotunda AEP (Half-Hourly)","mc.svm_SMOTEB",26,0.785306606611574,0.870537956287106,0.825728723210155
"DS24","Water Consumption of Oporto - Rotunda AEP (Half-Hourly)","mc.svm_SMOTEB",27,0.7720034673686,0.872196697334993,0.819047326505336
"DS24","Water Consumption of Oporto - Rotunda AEP (Half-Hourly)","mc.svm_SMOTEB",28,0.769180852457355,0.867271304185343,0.815286262243884
"DS24","Water Consumption of Oporto - Rotunda AEP (Half-Hourly)","mc.svm_SMOTEB",29,0.777505798234683,0.880094735916018,0.82562565114173
"DS24","Water Consumption of Oporto - Rotunda AEP (Half-Hourly)","mc.svm_SMOTEB",30,0.779549321543358,0.888031287569709,0.830261738414474
"DS24","Water Consumption of Oporto - Rotunda AEP (Half-Hourly)","mc.svm_SMOTEB",31,0.7876811958745,0.883480417025298,0.832834964664683
"DS24","Water Consumption of Oporto - Rotunda AEP (Half-Hourly)","mc.svm_SMOTEB",32,0.778730058056463,0.88899752946112,0.830218439643113
"DS24","Water Consumption of Oporto - Rotunda AEP (Half-Hourly)","mc.svm_SMOTEB",33,0.818990085405488,0.925838913371925,0.869142926058082
"DS24","Water Consumption of Oporto - Rotunda AEP (Half-Hourly)","mc.svm_SMOTEB",34,0.835426187028506,0.93350430525469,0.881746281966139
"DS24","Water Consumption of Oporto - Rotunda AEP (Half-Hourly)","mc.svm_SMOTEB",35,0.829060611865691,0.936011275191605,0.879295722983035
"DS24","Water Consumption of Oporto - Rotunda AEP (Half-Hourly)","mc.svm_SMOTEB",36,0.834061117036895,0.946260865975327,0.886625455860883
"DS24","Water Consumption of Oporto - Rotunda AEP (Half-Hourly)","mc.svm_SMOTEB",37,0.838791536229242,0.944399797276958,0.888468379010064
"DS24","Water Consumption of Oporto - Rotunda AEP (Half-Hourly)","mc.svm_SMOTEB",38,0.841051538586743,0.94234722611833,0.888822623515543
"DS24","Water Consumption of Oporto - Rotunda AEP (Half-Hourly)","mc.svm_SMOTEB",39,0.832563066333111,0.939023197154128,0.882594371489033
"DS24","Water Consumption of Oporto - Rotunda AEP (Half-Hourly)","mc.svm_SMOTEB",40,0.830454259720754,0.921214802341043,0.873483209004627
"DS24","Water Consumption of Oporto - Rotunda AEP (Half-Hourly)","mc.svm_SMOTEB",41,0.842356116237995,0.933990434386881,0.885809758953634
"DS24","Water Consumption of Oporto - Rotunda AEP (Half-Hourly)","mc.svm_SMOTEB",42,0.838229537542252,0.931003092471501,0.882183923599382
"DS24","Water Consumption of Oporto - Rotunda AEP (Half-Hourly)","mc.svm_SMOTEB",43,0.83541844893029,0.934890681625218,0.882359933281982
"DS24","Water Consumption of Oporto - Rotunda AEP (Half-Hourly)","mc.svm_SMOTEB",44,0.830014079131404,0.939938902139868,0.88156299128246
"DS24","Water Consumption of Oporto - Rotunda AEP (Half-Hourly)","mc.svm_SMOTEB",45,0.822927815687544,0.939166695225498,0.87721333025201
"DS24","Water Consumption of Oporto - Rotunda AEP (Half-Hourly)","mc.svm_SMOTEB",46,0.835703852432225,0.943804144752381,0.88647059856876
"DS24","Water Consumption of Oporto - Rotunda AEP (Half-Hourly)","mc.svm_SMOTEB",47,0.847684270099805,0.948564127182145,0.895291420729982
"DS24","Water Consumption of Oporto - Rotunda AEP (Half-Hourly)","mc.svm_SMOTEB",48,0.819828138641872,0.903160762038827,0.859479252761458
"DS24","Water Consumption of Oporto - Rotunda AEP (Half-Hourly)","mc.svm_SMOTEB",49,0.826356111587746,0.922136627073667,0.871622993509949
"DS24","Water Consumption of Oporto - Rotunda AEP (Half-Hourly)","mc.svm_SMOTEB",50,0.839568752534056,0.934228618104085,0.884372892266814
"DS24","Water Consumption of Oporto - Rotunda AEP (Half-Hourly)","mc.svm_SMOTET",1,0.573298406273717,0.516904740858507,0.543643017191858
"DS24","Water Consumption of Oporto - Rotunda AEP (Half-Hourly)","mc.svm_SMOTET",2,0.537623621432141,0.536115748916572,0.536868626407403
"DS24","Water Consumption of Oporto - Rotunda AEP (Half-Hourly)","mc.svm_SMOTET",3,0.499460726705664,0.497274092857391,0.498365011266149
"DS24","Water Consumption of Oporto - Rotunda AEP (Half-Hourly)","mc.svm_SMOTET",4,0.501770547868736,0.543403773205736,0.521757956538912
"DS24","Water Consumption of Oporto - Rotunda AEP (Half-Hourly)","mc.svm_SMOTET",5,0.351724600647068,0.5752896384703,0.436548889561865
"DS24","Water Consumption of Oporto - Rotunda AEP (Half-Hourly)","mc.svm_SMOTET",6,0.613892840113567,0.605499643034518,0.609667355978067
"DS24","Water Consumption of Oporto - Rotunda AEP (Half-Hourly)","mc.svm_SMOTET",7,0.486201237619763,0.586280572567094,0.531571421103879
"DS24","Water Consumption of Oporto - Rotunda AEP (Half-Hourly)","mc.svm_SMOTET",8,0.739208550329874,0.920801516288069,0.820072561829241
"DS24","Water Consumption of Oporto - Rotunda AEP (Half-Hourly)","mc.svm_SMOTET",9,0.723538581504502,0.770518724660995,0.746290015467613
"DS24","Water Consumption of Oporto - Rotunda AEP (Half-Hourly)","mc.svm_SMOTET",10,0.716533310500336,0.829457512650254,0.768871235920356
"DS24","Water Consumption of Oporto - Rotunda AEP (Half-Hourly)","mc.svm_SMOTET",11,0.781626381460413,0.909133566948117,0.840572052663925
"DS24","Water Consumption of Oporto - Rotunda AEP (Half-Hourly)","mc.svm_SMOTET",12,0.780605159817587,0.885352596617569,0.829685869894353
"DS24","Water Consumption of Oporto - Rotunda AEP (Half-Hourly)","mc.svm_SMOTET",13,0.788597332875871,0.87130452431265,0.827890421376398
"DS24","Water Consumption of Oporto - Rotunda AEP (Half-Hourly)","mc.svm_SMOTET",14,0.789838263020909,0.882775621170367,0.833724949735824
"DS24","Water Consumption of Oporto - Rotunda AEP (Half-Hourly)","mc.svm_SMOTET",15,0.784789736753589,0.895610847649958,0.836546009189052
"DS24","Water Consumption of Oporto - Rotunda AEP (Half-Hourly)","mc.svm_SMOTET",16,0.78172422072031,0.888633943887416,0.831757753528441
"DS24","Water Consumption of Oporto - Rotunda AEP (Half-Hourly)","mc.svm_SMOTET",17,0.782455150991229,0.893917897588026,0.83448092192104
"DS24","Water Consumption of Oporto - Rotunda AEP (Half-Hourly)","mc.svm_SMOTET",18,0.77611641122832,0.887916168385459,0.828260598405915
"DS24","Water Consumption of Oporto - Rotunda AEP (Half-Hourly)","mc.svm_SMOTET",19,0.780726390390951,0.895150009735098,0.834031955944178
"DS24","Water Consumption of Oporto - Rotunda AEP (Half-Hourly)","mc.svm_SMOTET",20,0.78410673987849,0.903307614083183,0.839496934138643
"DS24","Water Consumption of Oporto - Rotunda AEP (Half-Hourly)","mc.svm_SMOTET",21,0.783222012775537,0.891587012526749,0.833898747816564
"DS24","Water Consumption of Oporto - Rotunda AEP (Half-Hourly)","mc.svm_SMOTET",22,0.785195351436817,0.891776792219014,0.835099133183113
"DS24","Water Consumption of Oporto - Rotunda AEP (Half-Hourly)","mc.svm_SMOTET",23,0.782902717522424,0.897083752189076,0.836113052213629
"DS24","Water Consumption of Oporto - Rotunda AEP (Half-Hourly)","mc.svm_SMOTET",24,0.800340662968233,0.893237977156365,0.8442414870952
"DS24","Water Consumption of Oporto - Rotunda AEP (Half-Hourly)","mc.svm_SMOTET",25,0.777571866466544,0.855613400568776,0.814728031513233
"DS24","Water Consumption of Oporto - Rotunda AEP (Half-Hourly)","mc.svm_SMOTET",26,0.784546915391921,0.869441647504854,0.824815573656145
"DS24","Water Consumption of Oporto - Rotunda AEP (Half-Hourly)","mc.svm_SMOTET",27,0.786493099196499,0.86164505488939,0.82235568413639
"DS24","Water Consumption of Oporto - Rotunda AEP (Half-Hourly)","mc.svm_SMOTET",28,0.784688180090801,0.859843154145348,0.820548378426898
"DS24","Water Consumption of Oporto - Rotunda AEP (Half-Hourly)","mc.svm_SMOTET",29,0.778836983877182,0.874605479425548,0.823947743930094
"DS24","Water Consumption of Oporto - Rotunda AEP (Half-Hourly)","mc.svm_SMOTET",30,0.780763006779937,0.878513528374915,0.826758951119425
"DS24","Water Consumption of Oporto - Rotunda AEP (Half-Hourly)","mc.svm_SMOTET",31,0.794499497768792,0.880350060850496,0.835224486410644
"DS24","Water Consumption of Oporto - Rotunda AEP (Half-Hourly)","mc.svm_SMOTET",32,0.796788920004421,0.88448558422899,0.838350086964093
"DS24","Water Consumption of Oporto - Rotunda AEP (Half-Hourly)","mc.svm_SMOTET",33,0.802081546720762,0.916786277041187,0.855606632384554
"DS24","Water Consumption of Oporto - Rotunda AEP (Half-Hourly)","mc.svm_SMOTET",34,0.811280988287184,0.927604311224363,0.865551905650067
"DS24","Water Consumption of Oporto - Rotunda AEP (Half-Hourly)","mc.svm_SMOTET",35,0.79741069336461,0.928107150209941,0.857809229758436
"DS24","Water Consumption of Oporto - Rotunda AEP (Half-Hourly)","mc.svm_SMOTET",36,0.805997967205204,0.945171295129194,0.8700542647937
"DS24","Water Consumption of Oporto - Rotunda AEP (Half-Hourly)","mc.svm_SMOTET",37,0.817470222427943,0.933684536305989,0.871721133457578
"DS24","Water Consumption of Oporto - Rotunda AEP (Half-Hourly)","mc.svm_SMOTET",38,0.80777275909389,0.93751060275194,0.867819567664687
"DS24","Water Consumption of Oporto - Rotunda AEP (Half-Hourly)","mc.svm_SMOTET",39,0.82278637458032,0.933898228505274,0.874828340055073
"DS24","Water Consumption of Oporto - Rotunda AEP (Half-Hourly)","mc.svm_SMOTET",40,0.807102418697832,0.922616216073226,0.861002205276122
"DS24","Water Consumption of Oporto - Rotunda AEP (Half-Hourly)","mc.svm_SMOTET",41,0.814310254902825,0.934676237918365,0.870351427726814
"DS24","Water Consumption of Oporto - Rotunda AEP (Half-Hourly)","mc.svm_SMOTET",42,0.80286026163876,0.931839366911472,0.862554860346737
"DS24","Water Consumption of Oporto - Rotunda AEP (Half-Hourly)","mc.svm_SMOTET",43,0.805333796067393,0.932286852886913,0.86417263826943
"DS24","Water Consumption of Oporto - Rotunda AEP (Half-Hourly)","mc.svm_SMOTET",44,0.799882192073557,0.935446868013187,0.862369343733953
"DS24","Water Consumption of Oporto - Rotunda AEP (Half-Hourly)","mc.svm_SMOTET",45,0.784190256164697,0.938840339626346,0.854575012455113
"DS24","Water Consumption of Oporto - Rotunda AEP (Half-Hourly)","mc.svm_SMOTET",46,0.810037867964647,0.94043083575028,0.87037784513676
"DS24","Water Consumption of Oporto - Rotunda AEP (Half-Hourly)","mc.svm_SMOTET",47,0.796446859247433,0.937509457913839,0.861240223736033
"DS24","Water Consumption of Oporto - Rotunda AEP (Half-Hourly)","mc.svm_SMOTET",48,0.760952251450532,0.903153461303012,0.82597716541299
"DS24","Water Consumption of Oporto - Rotunda AEP (Half-Hourly)","mc.svm_SMOTET",49,0.807192507826137,0.918512181818237,0.859261907277435
"DS24","Water Consumption of Oporto - Rotunda AEP (Half-Hourly)","mc.svm_SMOTET",50,0.824609354399399,0.930245374878169,0.874247908061434
"DS24","Water Consumption of Oporto - Rotunda AEP (Half-Hourly)","mc.svm_SMOTETPhi",1,0.2981008110266,0.628537154903508,0.404402674023869
"DS24","Water Consumption of Oporto - Rotunda AEP (Half-Hourly)","mc.svm_SMOTETPhi",2,0.29441001302239,0.571154013372541,0.388540778930378
"DS24","Water Consumption of Oporto - Rotunda AEP (Half-Hourly)","mc.svm_SMOTETPhi",3,0.29156954641891,0.564314115273947,0.384484055467947
"DS24","Water Consumption of Oporto - Rotunda AEP (Half-Hourly)","mc.svm_SMOTETPhi",4,0.292904736524195,0.647233903256778,0.403297700745752
"DS24","Water Consumption of Oporto - Rotunda AEP (Half-Hourly)","mc.svm_SMOTETPhi",5,0.300711051137578,0.800244303654696,0.437151796703449
"DS24","Water Consumption of Oporto - Rotunda AEP (Half-Hourly)","mc.svm_SMOTETPhi",6,0.300687937211924,0.754771376882008,0.430050965206712
"DS24","Water Consumption of Oporto - Rotunda AEP (Half-Hourly)","mc.svm_SMOTETPhi",7,0.299584702032703,0.730798857489269,0.424960503190354
"DS24","Water Consumption of Oporto - Rotunda AEP (Half-Hourly)","mc.svm_SMOTETPhi",8,0.295083613534363,0.90290470341474,0.444799634172247
"DS24","Water Consumption of Oporto - Rotunda AEP (Half-Hourly)","mc.svm_SMOTETPhi",9,0.296901956818415,0.717548542574102,0.420013724730833
"DS24","Water Consumption of Oporto - Rotunda AEP (Half-Hourly)","mc.svm_SMOTETPhi",10,0.306123743860849,0.826873110810778,0.446824704473914
"DS24","Water Consumption of Oporto - Rotunda AEP (Half-Hourly)","mc.svm_SMOTETPhi",11,0.709824474851853,0.915990396702597,0.799835717687967
"DS24","Water Consumption of Oporto - Rotunda AEP (Half-Hourly)","mc.svm_SMOTETPhi",12,0.605150784525239,0.914555861833862,0.728356618834107
"DS24","Water Consumption of Oporto - Rotunda AEP (Half-Hourly)","mc.svm_SMOTETPhi",13,0.742065532181138,0.903427161260123,0.814834559739501
"DS24","Water Consumption of Oporto - Rotunda AEP (Half-Hourly)","mc.svm_SMOTETPhi",14,0.750664068542095,0.906394076895199,0.821211334482232
"DS24","Water Consumption of Oporto - Rotunda AEP (Half-Hourly)","mc.svm_SMOTETPhi",15,0.740989325509589,0.882839138882179,0.805718574835802
"DS24","Water Consumption of Oporto - Rotunda AEP (Half-Hourly)","mc.svm_SMOTETPhi",16,0.64538820480712,0.884729228033106,0.74633985074046
"DS24","Water Consumption of Oporto - Rotunda AEP (Half-Hourly)","mc.svm_SMOTETPhi",17,0.644444820395438,0.890156209289847,0.747629575795768
"DS24","Water Consumption of Oporto - Rotunda AEP (Half-Hourly)","mc.svm_SMOTETPhi",18,0.62915306006198,0.890378696816878,0.737311976772324
"DS24","Water Consumption of Oporto - Rotunda AEP (Half-Hourly)","mc.svm_SMOTETPhi",19,0.602737551183699,0.896078353159286,0.720702350017704
"DS24","Water Consumption of Oporto - Rotunda AEP (Half-Hourly)","mc.svm_SMOTETPhi",20,0.528022762678013,0.903480523381773,0.666513708529338
"DS24","Water Consumption of Oporto - Rotunda AEP (Half-Hourly)","mc.svm_SMOTETPhi",21,0.481839484482752,0.900520957236824,0.627776288593952
"DS24","Water Consumption of Oporto - Rotunda AEP (Half-Hourly)","mc.svm_SMOTETPhi",22,0.490158427579891,0.898330799319354,0.634249662886169
"DS24","Water Consumption of Oporto - Rotunda AEP (Half-Hourly)","mc.svm_SMOTETPhi",23,0.369677993454134,0.909084395962164,0.525615232604953
"DS24","Water Consumption of Oporto - Rotunda AEP (Half-Hourly)","mc.svm_SMOTETPhi",24,0.373325830620431,0.908002922567127,0.529108465614105
"DS24","Water Consumption of Oporto - Rotunda AEP (Half-Hourly)","mc.svm_SMOTETPhi",25,0.402645067984069,0.875597598243576,0.551624607418142
"DS24","Water Consumption of Oporto - Rotunda AEP (Half-Hourly)","mc.svm_SMOTETPhi",26,0.375268589479865,0.879015392919644,0.525984340485624
"DS24","Water Consumption of Oporto - Rotunda AEP (Half-Hourly)","mc.svm_SMOTETPhi",27,0.510091284606786,0.877998126745042,0.645288680528973
"DS24","Water Consumption of Oporto - Rotunda AEP (Half-Hourly)","mc.svm_SMOTETPhi",28,0.577954655322549,0.883608658037723,0.698821231660635
"DS24","Water Consumption of Oporto - Rotunda AEP (Half-Hourly)","mc.svm_SMOTETPhi",29,0.488882382570274,0.879142139092632,0.628347075321563
"DS24","Water Consumption of Oporto - Rotunda AEP (Half-Hourly)","mc.svm_SMOTETPhi",30,0.497860405872401,0.886879930814753,0.637725919607229
"DS24","Water Consumption of Oporto - Rotunda AEP (Half-Hourly)","mc.svm_SMOTETPhi",31,0.499713732024009,0.881773647500645,0.637913030149555
"DS24","Water Consumption of Oporto - Rotunda AEP (Half-Hourly)","mc.svm_SMOTETPhi",32,0.780478073261054,0.892843739367405,0.832888158351394
"DS24","Water Consumption of Oporto - Rotunda AEP (Half-Hourly)","mc.svm_SMOTETPhi",33,0.810247241986959,0.94433430256991,0.872167231605289
"DS24","Water Consumption of Oporto - Rotunda AEP (Half-Hourly)","mc.svm_SMOTETPhi",34,0.832051899476862,0.947704217901287,0.886120392504831
"DS24","Water Consumption of Oporto - Rotunda AEP (Half-Hourly)","mc.svm_SMOTETPhi",35,0.822934777093203,0.949696403164626,0.881783200643941
"DS24","Water Consumption of Oporto - Rotunda AEP (Half-Hourly)","mc.svm_SMOTETPhi",36,0.759603354413645,0.952592500976686,0.845221598747786
"DS24","Water Consumption of Oporto - Rotunda AEP (Half-Hourly)","mc.svm_SMOTETPhi",37,0.7657743479111,0.948709438786851,0.847482323811671
"DS24","Water Consumption of Oporto - Rotunda AEP (Half-Hourly)","mc.svm_SMOTETPhi",38,0.695088629463833,0.951619193031447,0.80337224566455
"DS24","Water Consumption of Oporto - Rotunda AEP (Half-Hourly)","mc.svm_SMOTETPhi",39,0.769090419055466,0.951227187035052,0.850517036277134
"DS24","Water Consumption of Oporto - Rotunda AEP (Half-Hourly)","mc.svm_SMOTETPhi",40,0.837405381298131,0.941615488886262,0.886458265579872
"DS24","Water Consumption of Oporto - Rotunda AEP (Half-Hourly)","mc.svm_SMOTETPhi",41,0.828223072661669,0.941524849357075,0.881247090639129
"DS24","Water Consumption of Oporto - Rotunda AEP (Half-Hourly)","mc.svm_SMOTETPhi",42,0.785652871175467,0.944351660842065,0.857723294949577
"DS24","Water Consumption of Oporto - Rotunda AEP (Half-Hourly)","mc.svm_SMOTETPhi",43,0.807647841917996,0.942394337740252,0.869833609679382
"DS24","Water Consumption of Oporto - Rotunda AEP (Half-Hourly)","mc.svm_SMOTETPhi",44,0.818903812488895,0.946459469208356,0.87807339796462
"DS24","Water Consumption of Oporto - Rotunda AEP (Half-Hourly)","mc.svm_SMOTETPhi",45,0.818877488890377,0.953171921452396,0.880935965965839
"DS24","Water Consumption of Oporto - Rotunda AEP (Half-Hourly)","mc.svm_SMOTETPhi",46,0.643806536237118,0.951139330720409,0.767862697632613
"DS24","Water Consumption of Oporto - Rotunda AEP (Half-Hourly)","mc.svm_SMOTETPhi",47,0.681953511702673,0.956692036662659,0.796291174343248
"DS24","Water Consumption of Oporto - Rotunda AEP (Half-Hourly)","mc.svm_SMOTETPhi",48,0.609727808857382,0.917947870580115,0.73274498155289
"DS24","Water Consumption of Oporto - Rotunda AEP (Half-Hourly)","mc.svm_SMOTETPhi",49,0.785029595630536,0.92600061192268,0.849707834171807
"DS24","Water Consumption of Oporto - Rotunda AEP (Half-Hourly)","mc.svm_SMOTETPhi",50,0.741739910123867,0.946210519714286,0.831590896799531
"DS24","Water Consumption of Oporto - Rotunda AEP (Half-Hourly)","mc.mars",1,0.827310906500377,0.570232858746361,0.675127140941398
"DS24","Water Consumption of Oporto - Rotunda AEP (Half-Hourly)","mc.mars",2,0.571081987626593,0.546053368026845,0.558287303655452
"DS24","Water Consumption of Oporto - Rotunda AEP (Half-Hourly)","mc.mars",3,0.757703622690046,0.57717194387291,0.65523002104771
"DS24","Water Consumption of Oporto - Rotunda AEP (Half-Hourly)","mc.mars",4,0.755344322623464,0.577156815060996,0.654336587325299
"DS24","Water Consumption of Oporto - Rotunda AEP (Half-Hourly)","mc.mars",5,0.820756289765441,0.630347088181938,0.713059241985194
"DS24","Water Consumption of Oporto - Rotunda AEP (Half-Hourly)","mc.mars",6,0.822546643870103,0.630520867022551,0.71384546027164
"DS24","Water Consumption of Oporto - Rotunda AEP (Half-Hourly)","mc.mars",7,0.821960326555054,0.631232761686558,0.714080312005815
"DS24","Water Consumption of Oporto - Rotunda AEP (Half-Hourly)","mc.mars",8,0.971136324636266,0.74264199985712,0.841656837356684
"DS24","Water Consumption of Oporto - Rotunda AEP (Half-Hourly)","mc.mars",9,0.977665872517225,0.693318869726011,0.811299086780851
"DS24","Water Consumption of Oporto - Rotunda AEP (Half-Hourly)","mc.mars",10,0.978273092841073,0.76994433493788,0.861695820996449
"DS24","Water Consumption of Oporto - Rotunda AEP (Half-Hourly)","mc.mars",11,0.910096175987412,0.847029091723159,0.877430825784829
"DS24","Water Consumption of Oporto - Rotunda AEP (Half-Hourly)","mc.mars",12,0.893159546984329,0.831766171101517,0.861370305733882
"DS24","Water Consumption of Oporto - Rotunda AEP (Half-Hourly)","mc.mars",13,0.858469065191904,0.817811721732185,0.837647331801344
"DS24","Water Consumption of Oporto - Rotunda AEP (Half-Hourly)","mc.mars",14,0.868548348141255,0.812277184034174,0.839470834920752
"DS24","Water Consumption of Oporto - Rotunda AEP (Half-Hourly)","mc.mars",15,0.863777214167306,0.811323211090971,0.83672894173778
"DS24","Water Consumption of Oporto - Rotunda AEP (Half-Hourly)","mc.mars",16,0.858560095777779,0.813044892033515,0.835182839804652
"DS24","Water Consumption of Oporto - Rotunda AEP (Half-Hourly)","mc.mars",17,0.858246176241429,0.815026665485916,0.836078255433814
"DS24","Water Consumption of Oporto - Rotunda AEP (Half-Hourly)","mc.mars",18,0.856635620845879,0.815536330935183,0.835580898757356
"DS24","Water Consumption of Oporto - Rotunda AEP (Half-Hourly)","mc.mars",19,0.856760501649177,0.815637404073845,0.835693358723775
"DS24","Water Consumption of Oporto - Rotunda AEP (Half-Hourly)","mc.mars",20,0.869611177513112,0.815649372077702,0.841766350090543
"DS24","Water Consumption of Oporto - Rotunda AEP (Half-Hourly)","mc.mars",21,0.866549839415129,0.811870231357287,0.838319358615409
"DS24","Water Consumption of Oporto - Rotunda AEP (Half-Hourly)","mc.mars",22,0.86660608778738,0.811850617464159,0.838335222192039
"DS24","Water Consumption of Oporto - Rotunda AEP (Half-Hourly)","mc.mars",23,0.845502704127504,0.807364475352344,0.825993589323628
"DS24","Water Consumption of Oporto - Rotunda AEP (Half-Hourly)","mc.mars",24,0.831205829558894,0.79886555151402,0.814714878332721
"DS24","Water Consumption of Oporto - Rotunda AEP (Half-Hourly)","mc.mars",25,0.816059723044038,0.7965703247176,0.806197254573576
"DS24","Water Consumption of Oporto - Rotunda AEP (Half-Hourly)","mc.mars",26,0.812264383725906,0.79839052934025,0.805267703250748
"DS24","Water Consumption of Oporto - Rotunda AEP (Half-Hourly)","mc.mars",27,0.823877859386613,0.797712332900862,0.810583996329638
"DS24","Water Consumption of Oporto - Rotunda AEP (Half-Hourly)","mc.mars",28,0.81671131440448,0.799609799041804,0.80807008527373
"DS24","Water Consumption of Oporto - Rotunda AEP (Half-Hourly)","mc.mars",29,0.828915001956488,0.798886340476984,0.813623696230064
"DS24","Water Consumption of Oporto - Rotunda AEP (Half-Hourly)","mc.mars",30,0.830665215841781,0.798798809092378,0.81442041679403
"DS24","Water Consumption of Oporto - Rotunda AEP (Half-Hourly)","mc.mars",31,0.838375723200696,0.798699965832264,0.818057058645275
"DS24","Water Consumption of Oporto - Rotunda AEP (Half-Hourly)","mc.mars",32,0.840084016755134,0.806768958265053,0.823089513554606
"DS24","Water Consumption of Oporto - Rotunda AEP (Half-Hourly)","mc.mars",33,0.924459983943773,0.826081372821646,0.872506290358138
"DS24","Water Consumption of Oporto - Rotunda AEP (Half-Hourly)","mc.mars",34,0.890626447071459,0.821822167208369,0.854842067437069
"DS24","Water Consumption of Oporto - Rotunda AEP (Half-Hourly)","mc.mars",35,0.882192518645845,0.824214942310146,0.852218795919669
"DS24","Water Consumption of Oporto - Rotunda AEP (Half-Hourly)","mc.mars",36,0.91112379799227,0.837063089046766,0.872524678575056
"DS24","Water Consumption of Oporto - Rotunda AEP (Half-Hourly)","mc.mars",37,0.914838971371589,0.841762433321238,0.876780670425923
"DS24","Water Consumption of Oporto - Rotunda AEP (Half-Hourly)","mc.mars",38,0.884168363191186,0.839791151270922,0.861408590413824
"DS24","Water Consumption of Oporto - Rotunda AEP (Half-Hourly)","mc.mars",39,0.884267422324414,0.839898363150847,0.8615120040712
"DS24","Water Consumption of Oporto - Rotunda AEP (Half-Hourly)","mc.mars",40,0.904986892662204,0.820852724069261,0.86086905050382
"DS24","Water Consumption of Oporto - Rotunda AEP (Half-Hourly)","mc.mars",41,0.920572093260343,0.83043442462093,0.873183222086182
"DS24","Water Consumption of Oporto - Rotunda AEP (Half-Hourly)","mc.mars",42,0.920477506696868,0.827966302689221,0.871774493223199
"DS24","Water Consumption of Oporto - Rotunda AEP (Half-Hourly)","mc.mars",43,0.920473255299316,0.830521551990437,0.873186914517644
"DS24","Water Consumption of Oporto - Rotunda AEP (Half-Hourly)","mc.mars",44,0.898753052559203,0.835748437318477,0.86610644452607
"DS24","Water Consumption of Oporto - Rotunda AEP (Half-Hourly)","mc.mars",45,0.882516326703134,0.839300780466144,0.860366224370698
"DS24","Water Consumption of Oporto - Rotunda AEP (Half-Hourly)","mc.mars",46,0.907377016700429,0.84664930196708,0.875961905057383
"DS24","Water Consumption of Oporto - Rotunda AEP (Half-Hourly)","mc.mars",47,0.912354130782477,0.84692717793452,0.87842405354038
"DS24","Water Consumption of Oporto - Rotunda AEP (Half-Hourly)","mc.mars",48,0.821273580907007,0.808870765364567,0.81502499024866
"DS24","Water Consumption of Oporto - Rotunda AEP (Half-Hourly)","mc.mars",49,0.882103251580083,0.818199464517183,0.848950485415096
"DS24","Water Consumption of Oporto - Rotunda AEP (Half-Hourly)","mc.mars",50,0.880380751785915,0.824573295335723,0.851563663989428
"DS24","Water Consumption of Oporto - Rotunda AEP (Half-Hourly)","mc.mars_UNDERB",1,0.30952913555904,0.516775373893666,0.38716243934201
"DS24","Water Consumption of Oporto - Rotunda AEP (Half-Hourly)","mc.mars_UNDERB",2,0.295635412894537,0.512424784189118,0.374949572316234
"DS24","Water Consumption of Oporto - Rotunda AEP (Half-Hourly)","mc.mars_UNDERB",3,0.268073084018828,0.69581132876461,0.38703455792697
"DS24","Water Consumption of Oporto - Rotunda AEP (Half-Hourly)","mc.mars_UNDERB",4,0.292735265969685,0.635407533546728,0.40081373993066
"DS24","Water Consumption of Oporto - Rotunda AEP (Half-Hourly)","mc.mars_UNDERB",5,0.264825246123865,0.568881991187032,0.361408193642344
"DS24","Water Consumption of Oporto - Rotunda AEP (Half-Hourly)","mc.mars_UNDERB",6,0.264959604733908,0.617633138274379,0.370834302647798
"DS24","Water Consumption of Oporto - Rotunda AEP (Half-Hourly)","mc.mars_UNDERB",7,0.293785311536324,0.563671861404954,0.386254890933089
"DS24","Water Consumption of Oporto - Rotunda AEP (Half-Hourly)","mc.mars_UNDERB",8,0.420490834873901,0.804745668675026,0.552363853186169
"DS24","Water Consumption of Oporto - Rotunda AEP (Half-Hourly)","mc.mars_UNDERB",9,0.34566472490065,0.813423613317205,0.48516034585819
"DS24","Water Consumption of Oporto - Rotunda AEP (Half-Hourly)","mc.mars_UNDERB",10,0.502196528165531,0.815661561071184,0.621648730578075
"DS24","Water Consumption of Oporto - Rotunda AEP (Half-Hourly)","mc.mars_UNDERB",11,0.788282563966024,0.879889318503976,0.83157067360426
"DS24","Water Consumption of Oporto - Rotunda AEP (Half-Hourly)","mc.mars_UNDERB",12,0.755508465853572,0.871321699321113,0.809292739231124
"DS24","Water Consumption of Oporto - Rotunda AEP (Half-Hourly)","mc.mars_UNDERB",13,0.789908073821534,0.87479438280635,0.830186972045689
"DS24","Water Consumption of Oporto - Rotunda AEP (Half-Hourly)","mc.mars_UNDERB",14,0.789433230353477,0.861376469803603,0.823837186130937
"DS24","Water Consumption of Oporto - Rotunda AEP (Half-Hourly)","mc.mars_UNDERB",15,0.781506006565448,0.889331908576075,0.831939737641933
"DS24","Water Consumption of Oporto - Rotunda AEP (Half-Hourly)","mc.mars_UNDERB",16,0.767344376850632,0.876379179983537,0.81824541961855
"DS24","Water Consumption of Oporto - Rotunda AEP (Half-Hourly)","mc.mars_UNDERB",17,0.765211823722169,0.885367877503735,0.820916394048075
"DS24","Water Consumption of Oporto - Rotunda AEP (Half-Hourly)","mc.mars_UNDERB",18,0.737008307894346,0.873396049097093,0.79942672965592
"DS24","Water Consumption of Oporto - Rotunda AEP (Half-Hourly)","mc.mars_UNDERB",19,0.737813251995169,0.88627064602747,0.805256709077072
"DS24","Water Consumption of Oporto - Rotunda AEP (Half-Hourly)","mc.mars_UNDERB",20,0.567361128341768,0.883616475056534,0.691023264777206
"DS24","Water Consumption of Oporto - Rotunda AEP (Half-Hourly)","mc.mars_UNDERB",21,0.556311866877839,0.870168152118112,0.67871244287487
"DS24","Water Consumption of Oporto - Rotunda AEP (Half-Hourly)","mc.mars_UNDERB",22,0.503715573113123,0.874201072392394,0.639151425643299
"DS24","Water Consumption of Oporto - Rotunda AEP (Half-Hourly)","mc.mars_UNDERB",23,0.440116033607076,0.886972337565684,0.588311608493158
"DS24","Water Consumption of Oporto - Rotunda AEP (Half-Hourly)","mc.mars_UNDERB",24,0.416933588821229,0.879646128259546,0.565725365461819
"DS24","Water Consumption of Oporto - Rotunda AEP (Half-Hourly)","mc.mars_UNDERB",25,0.558597911150348,0.869036599186123,0.680064856241335
"DS24","Water Consumption of Oporto - Rotunda AEP (Half-Hourly)","mc.mars_UNDERB",26,0.515434595378497,0.86667995940717,0.646425193415262
"DS24","Water Consumption of Oporto - Rotunda AEP (Half-Hourly)","mc.mars_UNDERB",27,0.712826292723672,0.85973812477287,0.77941982328542
"DS24","Water Consumption of Oporto - Rotunda AEP (Half-Hourly)","mc.mars_UNDERB",28,0.770458704219355,0.877530175709046,0.820516170132833
"DS24","Water Consumption of Oporto - Rotunda AEP (Half-Hourly)","mc.mars_UNDERB",29,0.789356373999812,0.876101953874579,0.830470087410972
"DS24","Water Consumption of Oporto - Rotunda AEP (Half-Hourly)","mc.mars_UNDERB",30,0.753457726274536,0.881017967085045,0.812260221407741
"DS24","Water Consumption of Oporto - Rotunda AEP (Half-Hourly)","mc.mars_UNDERB",31,0.7727919038961,0.880014469738601,0.822925260180195
"DS24","Water Consumption of Oporto - Rotunda AEP (Half-Hourly)","mc.mars_UNDERB",32,0.762189961715625,0.88054831945405,0.817105314445544
"DS24","Water Consumption of Oporto - Rotunda AEP (Half-Hourly)","mc.mars_UNDERB",33,0.793044263882103,0.907732555624004,0.846521528422176
"DS24","Water Consumption of Oporto - Rotunda AEP (Half-Hourly)","mc.mars_UNDERB",34,0.818831731863229,0.914246488119997,0.863912576576512
"DS24","Water Consumption of Oporto - Rotunda AEP (Half-Hourly)","mc.mars_UNDERB",35,0.81428128452131,0.920857978472061,0.864296524854549
"DS24","Water Consumption of Oporto - Rotunda AEP (Half-Hourly)","mc.mars_UNDERB",36,0.804422326584701,0.926766621296092,0.861271396882069
"DS24","Water Consumption of Oporto - Rotunda AEP (Half-Hourly)","mc.mars_UNDERB",37,0.780520861373053,0.931184153328859,0.849221859152816
"DS24","Water Consumption of Oporto - Rotunda AEP (Half-Hourly)","mc.mars_UNDERB",38,0.803976846222003,0.930593754735023,0.862664029510197
"DS24","Water Consumption of Oporto - Rotunda AEP (Half-Hourly)","mc.mars_UNDERB",39,0.791510959916745,0.926011893677726,0.85349497542376
"DS24","Water Consumption of Oporto - Rotunda AEP (Half-Hourly)","mc.mars_UNDERB",40,0.753158279966693,0.909472376352554,0.823967305122739
"DS24","Water Consumption of Oporto - Rotunda AEP (Half-Hourly)","mc.mars_UNDERB",41,0.782204967674998,0.917733827166462,0.844566828866263
"DS24","Water Consumption of Oporto - Rotunda AEP (Half-Hourly)","mc.mars_UNDERB",42,0.811705781476687,0.922994781551733,0.863780431535006
"DS24","Water Consumption of Oporto - Rotunda AEP (Half-Hourly)","mc.mars_UNDERB",43,0.802378760443522,0.926803630557563,0.860114643928116
"DS24","Water Consumption of Oporto - Rotunda AEP (Half-Hourly)","mc.mars_UNDERB",44,0.806268347505732,0.934882277624493,0.865825136795754
"DS24","Water Consumption of Oporto - Rotunda AEP (Half-Hourly)","mc.mars_UNDERB",45,0.798657877459979,0.928331304009483,0.858626234368196
"DS24","Water Consumption of Oporto - Rotunda AEP (Half-Hourly)","mc.mars_UNDERB",46,0.754305189553624,0.929995928915844,0.832987341458778
"DS24","Water Consumption of Oporto - Rotunda AEP (Half-Hourly)","mc.mars_UNDERB",47,0.796952425451536,0.936834646836667,0.861250676022353
"DS24","Water Consumption of Oporto - Rotunda AEP (Half-Hourly)","mc.mars_UNDERB",48,0.671118232695298,0.918239842305426,0.775467164827719
"DS24","Water Consumption of Oporto - Rotunda AEP (Half-Hourly)","mc.mars_UNDERB",49,0.722512611446009,0.904956415672552,0.803508284627727
"DS24","Water Consumption of Oporto - Rotunda AEP (Half-Hourly)","mc.mars_UNDERB",50,0.772897343418967,0.925527231103593,0.842354201549358
"DS24","Water Consumption of Oporto - Rotunda AEP (Half-Hourly)","mc.mars_UNDERT",1,0.287505804737628,0.521615355908756,0.370692178027445
"DS24","Water Consumption of Oporto - Rotunda AEP (Half-Hourly)","mc.mars_UNDERT",2,0.297563572359165,0.552375082788161,0.386773096908138
"DS24","Water Consumption of Oporto - Rotunda AEP (Half-Hourly)","mc.mars_UNDERT",3,0.30261499671404,0.588368229617256,0.399668690970546
"DS24","Water Consumption of Oporto - Rotunda AEP (Half-Hourly)","mc.mars_UNDERT",4,0.291104565818322,0.631518564297322,0.398511443004771
"DS24","Water Consumption of Oporto - Rotunda AEP (Half-Hourly)","mc.mars_UNDERT",5,0.280264716429706,0.650959371167855,0.39183037895485
"DS24","Water Consumption of Oporto - Rotunda AEP (Half-Hourly)","mc.mars_UNDERT",6,0.279613217057915,0.587755426252004,0.378948874495679
"DS24","Water Consumption of Oporto - Rotunda AEP (Half-Hourly)","mc.mars_UNDERT",7,0.305242062048354,0.379986359284862,0.338537679545417
"DS24","Water Consumption of Oporto - Rotunda AEP (Half-Hourly)","mc.mars_UNDERT",8,0.652239292179469,0.8709043737736,0.745875868446935
"DS24","Water Consumption of Oporto - Rotunda AEP (Half-Hourly)","mc.mars_UNDERT",9,0.611658876850198,0.837294348728308,0.706908286472394
"DS24","Water Consumption of Oporto - Rotunda AEP (Half-Hourly)","mc.mars_UNDERT",10,0.404768906665937,0.782230154625266,0.533483900323186
"DS24","Water Consumption of Oporto - Rotunda AEP (Half-Hourly)","mc.mars_UNDERT",11,0.770740614824714,0.893703178825602,0.827679901414032
"DS24","Water Consumption of Oporto - Rotunda AEP (Half-Hourly)","mc.mars_UNDERT",12,0.769844713896087,0.8898461140895,0.825507155382948
"DS24","Water Consumption of Oporto - Rotunda AEP (Half-Hourly)","mc.mars_UNDERT",13,0.767828170177177,0.870313029642626,0.815864787608493
"DS24","Water Consumption of Oporto - Rotunda AEP (Half-Hourly)","mc.mars_UNDERT",14,0.754130547811375,0.877438881015425,0.811125107298643
"DS24","Water Consumption of Oporto - Rotunda AEP (Half-Hourly)","mc.mars_UNDERT",15,0.80568544149301,0.883449851396475,0.842777587509532
"DS24","Water Consumption of Oporto - Rotunda AEP (Half-Hourly)","mc.mars_UNDERT",16,0.782452603054177,0.878123186605849,0.827531965045263
"DS24","Water Consumption of Oporto - Rotunda AEP (Half-Hourly)","mc.mars_UNDERT",17,0.768474086678572,0.876561232608038,0.818966723387346
"DS24","Water Consumption of Oporto - Rotunda AEP (Half-Hourly)","mc.mars_UNDERT",18,0.753417400213712,0.879126739693154,0.811432127912644
"DS24","Water Consumption of Oporto - Rotunda AEP (Half-Hourly)","mc.mars_UNDERT",19,0.788686321785724,0.873150969823935,0.828772143014141
"DS24","Water Consumption of Oporto - Rotunda AEP (Half-Hourly)","mc.mars_UNDERT",20,0.602241575156402,0.883118080235682,0.716123427426531
"DS24","Water Consumption of Oporto - Rotunda AEP (Half-Hourly)","mc.mars_UNDERT",21,0.637094067634298,0.873487924943442,0.736794133474381
"DS24","Water Consumption of Oporto - Rotunda AEP (Half-Hourly)","mc.mars_UNDERT",22,0.493837156164448,0.874366707559662,0.631184839853959
"DS24","Water Consumption of Oporto - Rotunda AEP (Half-Hourly)","mc.mars_UNDERT",23,0.440252867832178,0.875535141768461,0.585895074645663
"DS24","Water Consumption of Oporto - Rotunda AEP (Half-Hourly)","mc.mars_UNDERT",24,0.438188044189496,0.887629768621714,0.586730316214432
"DS24","Water Consumption of Oporto - Rotunda AEP (Half-Hourly)","mc.mars_UNDERT",25,0.430917469311797,0.874907483505119,0.57743255382077
"DS24","Water Consumption of Oporto - Rotunda AEP (Half-Hourly)","mc.mars_UNDERT",26,0.45129526281069,0.873637871807062,0.595152498880312
"DS24","Water Consumption of Oporto - Rotunda AEP (Half-Hourly)","mc.mars_UNDERT",27,0.7651875120643,0.865392296286773,0.812210938420642
"DS24","Water Consumption of Oporto - Rotunda AEP (Half-Hourly)","mc.mars_UNDERT",28,0.769290084515967,0.865238965075333,0.814448365706003
"DS24","Water Consumption of Oporto - Rotunda AEP (Half-Hourly)","mc.mars_UNDERT",29,0.77615850130711,0.877569356225969,0.823754541255007
"DS24","Water Consumption of Oporto - Rotunda AEP (Half-Hourly)","mc.mars_UNDERT",30,0.766175148019029,0.881671762984498,0.819875910799824
"DS24","Water Consumption of Oporto - Rotunda AEP (Half-Hourly)","mc.mars_UNDERT",31,0.77305721480968,0.882196295940175,0.824028714666162
"DS24","Water Consumption of Oporto - Rotunda AEP (Half-Hourly)","mc.mars_UNDERT",32,0.785107501076034,0.879894621499,0.829802987190115
"DS24","Water Consumption of Oporto - Rotunda AEP (Half-Hourly)","mc.mars_UNDERT",33,0.812277984702484,0.908583642810028,0.857736006795823
"DS24","Water Consumption of Oporto - Rotunda AEP (Half-Hourly)","mc.mars_UNDERT",34,0.819292076773533,0.921097124796967,0.867217028931293
"DS24","Water Consumption of Oporto - Rotunda AEP (Half-Hourly)","mc.mars_UNDERT",35,0.817712480451998,0.918448517908119,0.865158031375533
"DS24","Water Consumption of Oporto - Rotunda AEP (Half-Hourly)","mc.mars_UNDERT",36,0.809504985105459,0.931672682978374,0.866302957110129
"DS24","Water Consumption of Oporto - Rotunda AEP (Half-Hourly)","mc.mars_UNDERT",37,0.804709674812627,0.933272021658798,0.864235827782922
"DS24","Water Consumption of Oporto - Rotunda AEP (Half-Hourly)","mc.mars_UNDERT",38,0.796806860825257,0.934161019376055,0.860034340172492
"DS24","Water Consumption of Oporto - Rotunda AEP (Half-Hourly)","mc.mars_UNDERT",39,0.787586692327274,0.935476854653847,0.855185083563976
"DS24","Water Consumption of Oporto - Rotunda AEP (Half-Hourly)","mc.mars_UNDERT",40,0.777538406569333,0.909040282590613,0.838162769843716
"DS24","Water Consumption of Oporto - Rotunda AEP (Half-Hourly)","mc.mars_UNDERT",41,0.842414504744852,0.918427973049287,0.87878053354252
"DS24","Water Consumption of Oporto - Rotunda AEP (Half-Hourly)","mc.mars_UNDERT",42,0.78848985192351,0.919623600089782,0.849023084977747
"DS24","Water Consumption of Oporto - Rotunda AEP (Half-Hourly)","mc.mars_UNDERT",43,0.846875229392389,0.926067088836776,0.884702531185242
"DS24","Water Consumption of Oporto - Rotunda AEP (Half-Hourly)","mc.mars_UNDERT",44,0.789963282388547,0.927682479396264,0.853301784038086
"DS24","Water Consumption of Oporto - Rotunda AEP (Half-Hourly)","mc.mars_UNDERT",45,0.848049426298342,0.922788808695806,0.883841905312819
"DS24","Water Consumption of Oporto - Rotunda AEP (Half-Hourly)","mc.mars_UNDERT",46,0.745286126579806,0.934233158901428,0.829131309582502
"DS24","Water Consumption of Oporto - Rotunda AEP (Half-Hourly)","mc.mars_UNDERT",47,0.800418729990243,0.93701854545955,0.863348800824909
"DS24","Water Consumption of Oporto - Rotunda AEP (Half-Hourly)","mc.mars_UNDERT",48,0.670259014741285,0.898821183892659,0.767893192035667
"DS24","Water Consumption of Oporto - Rotunda AEP (Half-Hourly)","mc.mars_UNDERT",49,0.752405031578117,0.892168724087108,0.816347986470502
"DS24","Water Consumption of Oporto - Rotunda AEP (Half-Hourly)","mc.mars_UNDERT",50,0.781126971740007,0.925354337125224,0.847145793382015
"DS24","Water Consumption of Oporto - Rotunda AEP (Half-Hourly)","mc.mars_UNDERTPhi",1,0.294234528995585,0.855289461485932,0.437843305470791
"DS24","Water Consumption of Oporto - Rotunda AEP (Half-Hourly)","mc.mars_UNDERTPhi",2,0.301227455734894,0.729460056096462,0.426382185164428
"DS24","Water Consumption of Oporto - Rotunda AEP (Half-Hourly)","mc.mars_UNDERTPhi",3,0.284584602132638,0.539036722001085,0.372505049518737
"DS24","Water Consumption of Oporto - Rotunda AEP (Half-Hourly)","mc.mars_UNDERTPhi",4,0.291362369317406,0.469354558163464,0.359535199431644
"DS24","Water Consumption of Oporto - Rotunda AEP (Half-Hourly)","mc.mars_UNDERTPhi",5,0.288484095192023,0.544928340650207,0.377251772438694
"DS24","Water Consumption of Oporto - Rotunda AEP (Half-Hourly)","mc.mars_UNDERTPhi",6,0.288100670157235,0.690375566341398,0.406545720588719
"DS24","Water Consumption of Oporto - Rotunda AEP (Half-Hourly)","mc.mars_UNDERTPhi",7,0.288629101949516,0.400546802804519,0.335500597698577
"DS24","Water Consumption of Oporto - Rotunda AEP (Half-Hourly)","mc.mars_UNDERTPhi",8,0.303683883868542,0.80831206946366,0.441496838000111
"DS24","Water Consumption of Oporto - Rotunda AEP (Half-Hourly)","mc.mars_UNDERTPhi",9,0.299505263035708,0.892679903052028,0.448524837878434
"DS24","Water Consumption of Oporto - Rotunda AEP (Half-Hourly)","mc.mars_UNDERTPhi",10,0.298810062802992,0.890836938689028,0.447512650833474
"DS24","Water Consumption of Oporto - Rotunda AEP (Half-Hourly)","mc.mars_UNDERTPhi",11,0.352911422141649,0.899030884809999,0.506857650461709
"DS24","Water Consumption of Oporto - Rotunda AEP (Half-Hourly)","mc.mars_UNDERTPhi",12,0.42260024324027,0.887873265073208,0.572641042197574
"DS24","Water Consumption of Oporto - Rotunda AEP (Half-Hourly)","mc.mars_UNDERTPhi",13,0.548129334108426,0.877069538164126,0.674639239861467
"DS24","Water Consumption of Oporto - Rotunda AEP (Half-Hourly)","mc.mars_UNDERTPhi",14,0.456088736602403,0.875337023711044,0.599705021707992
"DS24","Water Consumption of Oporto - Rotunda AEP (Half-Hourly)","mc.mars_UNDERTPhi",15,0.80485330599507,0.875771540846914,0.838816135881286
"DS24","Water Consumption of Oporto - Rotunda AEP (Half-Hourly)","mc.mars_UNDERTPhi",16,0.494497720120611,0.874863995655952,0.631853872184734
"DS24","Water Consumption of Oporto - Rotunda AEP (Half-Hourly)","mc.mars_UNDERTPhi",17,0.512927566908151,0.882388202751849,0.64874380946221
"DS24","Water Consumption of Oporto - Rotunda AEP (Half-Hourly)","mc.mars_UNDERTPhi",18,0.467563597944904,0.878626807832172,0.610335521272294
"DS24","Water Consumption of Oporto - Rotunda AEP (Half-Hourly)","mc.mars_UNDERTPhi",19,0.476975918300747,0.882883005201547,0.619349441151673
"DS24","Water Consumption of Oporto - Rotunda AEP (Half-Hourly)","mc.mars_UNDERTPhi",20,0.413018434495975,0.89338068244936,0.564885089232068
"DS24","Water Consumption of Oporto - Rotunda AEP (Half-Hourly)","mc.mars_UNDERTPhi",21,0.397322083239873,0.892742557931045,0.549904743675649
"DS24","Water Consumption of Oporto - Rotunda AEP (Half-Hourly)","mc.mars_UNDERTPhi",22,0.377709064132173,0.890714373795744,0.530470949173022
"DS24","Water Consumption of Oporto - Rotunda AEP (Half-Hourly)","mc.mars_UNDERTPhi",23,0.343256124747248,0.901342380120875,0.497174456277425
"DS24","Water Consumption of Oporto - Rotunda AEP (Half-Hourly)","mc.mars_UNDERTPhi",24,0.352962886549231,0.908534652995164,0.508410050117092
"DS24","Water Consumption of Oporto - Rotunda AEP (Half-Hourly)","mc.mars_UNDERTPhi",25,0.365898390642461,0.882805085629677,0.517363755640705
"DS24","Water Consumption of Oporto - Rotunda AEP (Half-Hourly)","mc.mars_UNDERTPhi",26,0.385188314814696,0.884295929463161,0.53662809980154
"DS24","Water Consumption of Oporto - Rotunda AEP (Half-Hourly)","mc.mars_UNDERTPhi",27,0.371590372073178,0.884305941265828,0.523290928162461
"DS24","Water Consumption of Oporto - Rotunda AEP (Half-Hourly)","mc.mars_UNDERTPhi",28,0.362098282228771,0.879384836662779,0.512973126945009
"DS24","Water Consumption of Oporto - Rotunda AEP (Half-Hourly)","mc.mars_UNDERTPhi",29,0.408613849194583,0.883968704766508,0.558884001513555
"DS24","Water Consumption of Oporto - Rotunda AEP (Half-Hourly)","mc.mars_UNDERTPhi",30,0.4258611537881,0.893973778019182,0.576903513293503
"DS24","Water Consumption of Oporto - Rotunda AEP (Half-Hourly)","mc.mars_UNDERTPhi",31,0.422808186566173,0.884803758100029,0.572191580162884
"DS24","Water Consumption of Oporto - Rotunda AEP (Half-Hourly)","mc.mars_UNDERTPhi",32,0.396503518949981,0.888590522649626,0.548332274107538
"DS24","Water Consumption of Oporto - Rotunda AEP (Half-Hourly)","mc.mars_UNDERTPhi",33,0.334577603463113,0.935484805539912,0.492876983201783
"DS24","Water Consumption of Oporto - Rotunda AEP (Half-Hourly)","mc.mars_UNDERTPhi",34,0.873611043119378,0.926860868135986,0.899448511000922
"DS24","Water Consumption of Oporto - Rotunda AEP (Half-Hourly)","mc.mars_UNDERTPhi",35,0.877462244883035,0.924283266207191,0.900264398808731
"DS24","Water Consumption of Oporto - Rotunda AEP (Half-Hourly)","mc.mars_UNDERTPhi",36,0.647708349717266,0.921054249563129,0.760566994978416
"DS24","Water Consumption of Oporto - Rotunda AEP (Half-Hourly)","mc.mars_UNDERTPhi",37,0.802902582866876,0.939350078282953,0.865783271149471
"DS24","Water Consumption of Oporto - Rotunda AEP (Half-Hourly)","mc.mars_UNDERTPhi",38,0.817651126003855,0.939102578279697,0.874178638350069
"DS24","Water Consumption of Oporto - Rotunda AEP (Half-Hourly)","mc.mars_UNDERTPhi",39,0.825753858670823,0.942207613674018,0.880145393245983
"DS24","Water Consumption of Oporto - Rotunda AEP (Half-Hourly)","mc.mars_UNDERTPhi",40,0.891509378609856,0.934640659950768,0.912565666984272
"DS24","Water Consumption of Oporto - Rotunda AEP (Half-Hourly)","mc.mars_UNDERTPhi",41,0.871694538012618,0.937267604374095,0.903292592194461
"DS24","Water Consumption of Oporto - Rotunda AEP (Half-Hourly)","mc.mars_UNDERTPhi",42,0.891739290636933,0.942350806521873,0.916346738953246
"DS24","Water Consumption of Oporto - Rotunda AEP (Half-Hourly)","mc.mars_UNDERTPhi",43,0.821624393396787,0.944221574868174,0.878667214044137
"DS24","Water Consumption of Oporto - Rotunda AEP (Half-Hourly)","mc.mars_UNDERTPhi",44,0.741178067128243,0.937900431239768,0.828015163627779
"DS24","Water Consumption of Oporto - Rotunda AEP (Half-Hourly)","mc.mars_UNDERTPhi",45,0.881568008410962,0.942832590726643,0.911171646912119
"DS24","Water Consumption of Oporto - Rotunda AEP (Half-Hourly)","mc.mars_UNDERTPhi",46,0.764750981170488,0.94561843017402,0.845621556947754
"DS24","Water Consumption of Oporto - Rotunda AEP (Half-Hourly)","mc.mars_UNDERTPhi",47,0.845938583545533,0.948771401345579,0.894408948654158
"DS24","Water Consumption of Oporto - Rotunda AEP (Half-Hourly)","mc.mars_UNDERTPhi",48,0.734722736806484,0.923552950560093,0.818386661024735
"DS24","Water Consumption of Oporto - Rotunda AEP (Half-Hourly)","mc.mars_UNDERTPhi",49,0.687750216716218,0.933515362133253,0.792005209992401
"DS24","Water Consumption of Oporto - Rotunda AEP (Half-Hourly)","mc.mars_UNDERTPhi",50,0.897951383039696,0.941901154456028,0.919401340154895
"DS24","Water Consumption of Oporto - Rotunda AEP (Half-Hourly)","mc.mars_OVERB",1,0.307394392483319,0.561540714817276,0.397301168834445
"DS24","Water Consumption of Oporto - Rotunda AEP (Half-Hourly)","mc.mars_OVERB",2,0.307902555846753,0.596165535727113,0.406077581697571
"DS24","Water Consumption of Oporto - Rotunda AEP (Half-Hourly)","mc.mars_OVERB",3,0.29413517172679,0.454284696427296,0.357075253830609
"DS24","Water Consumption of Oporto - Rotunda AEP (Half-Hourly)","mc.mars_OVERB",4,0.305169023330743,0.561370808931784,0.395395514689279
"DS24","Water Consumption of Oporto - Rotunda AEP (Half-Hourly)","mc.mars_OVERB",5,0.301411174854817,0.711725917098382,0.42348098110528
"DS24","Water Consumption of Oporto - Rotunda AEP (Half-Hourly)","mc.mars_OVERB",6,0.309338109107452,0.593280035673609,0.406648427062125
"DS24","Water Consumption of Oporto - Rotunda AEP (Half-Hourly)","mc.mars_OVERB",7,0.315118800152884,0.534181037271019,0.396398256803738
"DS24","Water Consumption of Oporto - Rotunda AEP (Half-Hourly)","mc.mars_OVERB",8,0.535033105240127,0.819032917411028,0.647250160281435
"DS24","Water Consumption of Oporto - Rotunda AEP (Half-Hourly)","mc.mars_OVERB",9,0.508509355471043,0.842791361365328,0.634303359163157
"DS24","Water Consumption of Oporto - Rotunda AEP (Half-Hourly)","mc.mars_OVERB",10,0.621118021886894,0.780795112947885,0.691863003495291
"DS24","Water Consumption of Oporto - Rotunda AEP (Half-Hourly)","mc.mars_OVERB",11,0.768310730030595,0.887244921805897,0.823505743020412
"DS24","Water Consumption of Oporto - Rotunda AEP (Half-Hourly)","mc.mars_OVERB",12,0.782514263369255,0.891860800597141,0.833617046056525
"DS24","Water Consumption of Oporto - Rotunda AEP (Half-Hourly)","mc.mars_OVERB",13,0.788214816108583,0.868133531196452,0.826246136886674
"DS24","Water Consumption of Oporto - Rotunda AEP (Half-Hourly)","mc.mars_OVERB",14,0.777090039692491,0.870931692876488,0.821339100585569
"DS24","Water Consumption of Oporto - Rotunda AEP (Half-Hourly)","mc.mars_OVERB",15,0.787536034673025,0.887925265900822,0.834723121034217
"DS24","Water Consumption of Oporto - Rotunda AEP (Half-Hourly)","mc.mars_OVERB",16,0.77461519380632,0.882009413035042,0.824831273899533
"DS24","Water Consumption of Oporto - Rotunda AEP (Half-Hourly)","mc.mars_OVERB",17,0.772274624729059,0.886213543870765,0.825330255566922
"DS24","Water Consumption of Oporto - Rotunda AEP (Half-Hourly)","mc.mars_OVERB",18,0.747172862304034,0.88268627437607,0.80929598797776
"DS24","Water Consumption of Oporto - Rotunda AEP (Half-Hourly)","mc.mars_OVERB",19,0.754314454263279,0.88391783276427,0.813989570239679
"DS24","Water Consumption of Oporto - Rotunda AEP (Half-Hourly)","mc.mars_OVERB",20,0.6016340096808,0.884676250308111,0.71620486525635
"DS24","Water Consumption of Oporto - Rotunda AEP (Half-Hourly)","mc.mars_OVERB",21,0.546759511649775,0.873964326859146,0.672682889666077
"DS24","Water Consumption of Oporto - Rotunda AEP (Half-Hourly)","mc.mars_OVERB",22,0.53507377491477,0.877922978192826,0.664903951113725
"DS24","Water Consumption of Oporto - Rotunda AEP (Half-Hourly)","mc.mars_OVERB",23,0.438618264654429,0.884807729557307,0.586497216449807
"DS24","Water Consumption of Oporto - Rotunda AEP (Half-Hourly)","mc.mars_OVERB",24,0.436311531023781,0.883924818430129,0.584238709983543
"DS24","Water Consumption of Oporto - Rotunda AEP (Half-Hourly)","mc.mars_OVERB",25,0.465944163588257,0.875804080563178,0.608274766244651
"DS24","Water Consumption of Oporto - Rotunda AEP (Half-Hourly)","mc.mars_OVERB",26,0.45896250587953,0.873365762622377,0.601716781725673
"DS24","Water Consumption of Oporto - Rotunda AEP (Half-Hourly)","mc.mars_OVERB",27,0.761755219576348,0.868795032241617,0.811761734805997
"DS24","Water Consumption of Oporto - Rotunda AEP (Half-Hourly)","mc.mars_OVERB",28,0.758832821913536,0.869173341959633,0.810263836154161
"DS24","Water Consumption of Oporto - Rotunda AEP (Half-Hourly)","mc.mars_OVERB",29,0.788784718961434,0.88460068763877,0.83394955165752
"DS24","Water Consumption of Oporto - Rotunda AEP (Half-Hourly)","mc.mars_OVERB",30,0.762879260279247,0.88574839212568,0.819735223041624
"DS24","Water Consumption of Oporto - Rotunda AEP (Half-Hourly)","mc.mars_OVERB",31,0.776892773977967,0.884137883547311,0.827053167039605
"DS24","Water Consumption of Oporto - Rotunda AEP (Half-Hourly)","mc.mars_OVERB",32,0.77757642426084,0.885346284994324,0.827969207091839
"DS24","Water Consumption of Oporto - Rotunda AEP (Half-Hourly)","mc.mars_OVERB",33,0.767129948435259,0.914496173089895,0.834355976190988
"DS24","Water Consumption of Oporto - Rotunda AEP (Half-Hourly)","mc.mars_OVERB",34,0.831772447247368,0.915853648615723,0.87179040463265
"DS24","Water Consumption of Oporto - Rotunda AEP (Half-Hourly)","mc.mars_OVERB",35,0.789646478026377,0.918511147090964,0.849217989795904
"DS24","Water Consumption of Oporto - Rotunda AEP (Half-Hourly)","mc.mars_OVERB",36,0.80507254713466,0.925485309296362,0.861089749206693
"DS24","Water Consumption of Oporto - Rotunda AEP (Half-Hourly)","mc.mars_OVERB",37,0.773259696059079,0.927133338818836,0.843234274754325
"DS24","Water Consumption of Oporto - Rotunda AEP (Half-Hourly)","mc.mars_OVERB",38,0.801467814438529,0.935881108344909,0.86347489170775
"DS24","Water Consumption of Oporto - Rotunda AEP (Half-Hourly)","mc.mars_OVERB",39,0.784536374343876,0.935155552788909,0.853249974901934
"DS24","Water Consumption of Oporto - Rotunda AEP (Half-Hourly)","mc.mars_OVERB",40,0.804935842612019,0.908654446736695,0.853656252925134
"DS24","Water Consumption of Oporto - Rotunda AEP (Half-Hourly)","mc.mars_OVERB",41,0.755052135064339,0.912685781795317,0.826419236764779
"DS24","Water Consumption of Oporto - Rotunda AEP (Half-Hourly)","mc.mars_OVERB",42,0.78870413641515,0.921993470492028,0.85015617136393
"DS24","Water Consumption of Oporto - Rotunda AEP (Half-Hourly)","mc.mars_OVERB",43,0.794261628349246,0.9274427177175,0.855701113675872
"DS24","Water Consumption of Oporto - Rotunda AEP (Half-Hourly)","mc.mars_OVERB",44,0.775702633043667,0.922526915871074,0.842767761463291
"DS24","Water Consumption of Oporto - Rotunda AEP (Half-Hourly)","mc.mars_OVERB",45,0.811536527627562,0.92940062610649,0.86647878732165
"DS24","Water Consumption of Oporto - Rotunda AEP (Half-Hourly)","mc.mars_OVERB",46,0.802150537693816,0.930137896560037,0.861416146528047
"DS24","Water Consumption of Oporto - Rotunda AEP (Half-Hourly)","mc.mars_OVERB",47,0.837410715085746,0.924837411799727,0.878955405357161
"DS24","Water Consumption of Oporto - Rotunda AEP (Half-Hourly)","mc.mars_OVERB",48,0.732960234942832,0.878303170493498,0.799076421674975
"DS24","Water Consumption of Oporto - Rotunda AEP (Half-Hourly)","mc.mars_OVERB",49,0.698546836331593,0.875186838041926,0.776953568279729
"DS24","Water Consumption of Oporto - Rotunda AEP (Half-Hourly)","mc.mars_OVERB",50,0.832571357695392,0.923651594318871,0.875749700273055
"DS24","Water Consumption of Oporto - Rotunda AEP (Half-Hourly)","mc.mars_OVERT",1,0.343868067893896,0.351589468876541,0.347685904493477
"DS24","Water Consumption of Oporto - Rotunda AEP (Half-Hourly)","mc.mars_OVERT",2,0.305305823629328,0.631930692957171,0.411704233191036
"DS24","Water Consumption of Oporto - Rotunda AEP (Half-Hourly)","mc.mars_OVERT",3,0.37598767388471,0.587427422968113,0.458505313149792
"DS24","Water Consumption of Oporto - Rotunda AEP (Half-Hourly)","mc.mars_OVERT",4,0.361295679771343,0.439068310852574,0.396403350710156
"DS24","Water Consumption of Oporto - Rotunda AEP (Half-Hourly)","mc.mars_OVERT",5,0.31184003172436,0.622679182130301,0.415564052682625
"DS24","Water Consumption of Oporto - Rotunda AEP (Half-Hourly)","mc.mars_OVERT",6,0.320840153572463,0.62422470650933,0.423836202486347
"DS24","Water Consumption of Oporto - Rotunda AEP (Half-Hourly)","mc.mars_OVERT",7,0.31722582968073,0.558755540899854,0.404692830244054
"DS24","Water Consumption of Oporto - Rotunda AEP (Half-Hourly)","mc.mars_OVERT",8,0.497225378822914,0.776768723946401,0.606327960518003
"DS24","Water Consumption of Oporto - Rotunda AEP (Half-Hourly)","mc.mars_OVERT",9,0.49343072683947,0.828410841454554,0.618475577444837
"DS24","Water Consumption of Oporto - Rotunda AEP (Half-Hourly)","mc.mars_OVERT",10,0.572913411437946,0.77620558280837,0.659242943462304
"DS24","Water Consumption of Oporto - Rotunda AEP (Half-Hourly)","mc.mars_OVERT",11,0.749573764898375,0.89663514230426,0.816535709916998
"DS24","Water Consumption of Oporto - Rotunda AEP (Half-Hourly)","mc.mars_OVERT",12,0.726574398010571,0.872175618753351,0.792744917604949
"DS24","Water Consumption of Oporto - Rotunda AEP (Half-Hourly)","mc.mars_OVERT",13,0.763775788953778,0.858095932335267,0.808193261050877
"DS24","Water Consumption of Oporto - Rotunda AEP (Half-Hourly)","mc.mars_OVERT",14,0.769247243073833,0.856696356519156,0.8106201353709
"DS24","Water Consumption of Oporto - Rotunda AEP (Half-Hourly)","mc.mars_OVERT",15,0.778005008587594,0.888704113178647,0.829678366999848
"DS24","Water Consumption of Oporto - Rotunda AEP (Half-Hourly)","mc.mars_OVERT",16,0.766653448067538,0.879171693189121,0.819066367539108
"DS24","Water Consumption of Oporto - Rotunda AEP (Half-Hourly)","mc.mars_OVERT",17,0.762470412528155,0.885814304499326,0.819527344029461
"DS24","Water Consumption of Oporto - Rotunda AEP (Half-Hourly)","mc.mars_OVERT",18,0.755032061440804,0.884148865548803,0.814505256356114
"DS24","Water Consumption of Oporto - Rotunda AEP (Half-Hourly)","mc.mars_OVERT",19,0.765764438255016,0.883986299881358,0.820639453834657
"DS24","Water Consumption of Oporto - Rotunda AEP (Half-Hourly)","mc.mars_OVERT",20,0.61372162232643,0.882176585269751,0.723860543907137
"DS24","Water Consumption of Oporto - Rotunda AEP (Half-Hourly)","mc.mars_OVERT",21,0.551021851172339,0.875161113350337,0.676256705834016
"DS24","Water Consumption of Oporto - Rotunda AEP (Half-Hourly)","mc.mars_OVERT",22,0.548625450751488,0.878585210789574,0.675463293936658
"DS24","Water Consumption of Oporto - Rotunda AEP (Half-Hourly)","mc.mars_OVERT",23,0.464960615012998,0.879681444094967,0.608365955075449
"DS24","Water Consumption of Oporto - Rotunda AEP (Half-Hourly)","mc.mars_OVERT",24,0.453372818956685,0.883316048802675,0.599199255316077
"DS24","Water Consumption of Oporto - Rotunda AEP (Half-Hourly)","mc.mars_OVERT",25,0.527462151298206,0.873772653663918,0.657822660434944
"DS24","Water Consumption of Oporto - Rotunda AEP (Half-Hourly)","mc.mars_OVERT",26,0.614280044660625,0.87622513380914,0.722235148329555
"DS24","Water Consumption of Oporto - Rotunda AEP (Half-Hourly)","mc.mars_OVERT",27,0.76127844115291,0.865947232401524,0.810246507189535
"DS24","Water Consumption of Oporto - Rotunda AEP (Half-Hourly)","mc.mars_OVERT",28,0.758718881131465,0.865721025375974,0.8086958281608
"DS24","Water Consumption of Oporto - Rotunda AEP (Half-Hourly)","mc.mars_OVERT",29,0.790214879203412,0.885882470989418,0.835318437465206
"DS24","Water Consumption of Oporto - Rotunda AEP (Half-Hourly)","mc.mars_OVERT",30,0.774190432331067,0.881348698118213,0.824301542719068
"DS24","Water Consumption of Oporto - Rotunda AEP (Half-Hourly)","mc.mars_OVERT",31,0.776050451245517,0.880451084368599,0.824960854709434
"DS24","Water Consumption of Oporto - Rotunda AEP (Half-Hourly)","mc.mars_OVERT",32,0.764902048971259,0.884089964474093,0.820188599808003
"DS24","Water Consumption of Oporto - Rotunda AEP (Half-Hourly)","mc.mars_OVERT",33,0.801516532425475,0.911230710920622,0.852859617779704
"DS24","Water Consumption of Oporto - Rotunda AEP (Half-Hourly)","mc.mars_OVERT",34,0.798160156822531,0.919256396735897,0.854438986579707
"DS24","Water Consumption of Oporto - Rotunda AEP (Half-Hourly)","mc.mars_OVERT",35,0.810842766808878,0.923187107125193,0.863375653990764
"DS24","Water Consumption of Oporto - Rotunda AEP (Half-Hourly)","mc.mars_OVERT",36,0.825553153404743,0.9275033087964,0.873563741818997
"DS24","Water Consumption of Oporto - Rotunda AEP (Half-Hourly)","mc.mars_OVERT",37,0.807575075843212,0.929074778104649,0.864074738711725
"DS24","Water Consumption of Oporto - Rotunda AEP (Half-Hourly)","mc.mars_OVERT",38,0.794754520185128,0.92833668691915,0.856367643385032
"DS24","Water Consumption of Oporto - Rotunda AEP (Half-Hourly)","mc.mars_OVERT",39,0.795889420700086,0.931472347894248,0.858359841976803
"DS24","Water Consumption of Oporto - Rotunda AEP (Half-Hourly)","mc.mars_OVERT",40,0.793739733171098,0.907282548036223,0.846721663255267
"DS24","Water Consumption of Oporto - Rotunda AEP (Half-Hourly)","mc.mars_OVERT",41,0.780577675749387,0.906397923852336,0.838795753621763
"DS24","Water Consumption of Oporto - Rotunda AEP (Half-Hourly)","mc.mars_OVERT",42,0.804700401035787,0.904632743647067,0.851745411790939
"DS24","Water Consumption of Oporto - Rotunda AEP (Half-Hourly)","mc.mars_OVERT",43,0.797117338842646,0.919901316363718,0.854119187434878
"DS24","Water Consumption of Oporto - Rotunda AEP (Half-Hourly)","mc.mars_OVERT",44,0.79542766888669,0.92324911394649,0.854585222589162
"DS24","Water Consumption of Oporto - Rotunda AEP (Half-Hourly)","mc.mars_OVERT",45,0.78445269135577,0.924495298923995,0.848735982032972
"DS24","Water Consumption of Oporto - Rotunda AEP (Half-Hourly)","mc.mars_OVERT",46,0.835787578279604,0.934235059661237,0.882273527265773
"DS24","Water Consumption of Oporto - Rotunda AEP (Half-Hourly)","mc.mars_OVERT",47,0.805324608648112,0.925361074209079,0.861180111821743
"DS24","Water Consumption of Oporto - Rotunda AEP (Half-Hourly)","mc.mars_OVERT",48,0.794028208181106,0.897347974427383,0.842532384665192
"DS24","Water Consumption of Oporto - Rotunda AEP (Half-Hourly)","mc.mars_OVERT",49,0.812404655915101,0.90381027966043,0.855673335593982
"DS24","Water Consumption of Oporto - Rotunda AEP (Half-Hourly)","mc.mars_OVERT",50,0.808730660575104,0.91316575955463,0.857781152577739
"DS24","Water Consumption of Oporto - Rotunda AEP (Half-Hourly)","mc.mars_OVERTPhi",1,0.315335365280583,0.552692110800187,0.401561870907082
"DS24","Water Consumption of Oporto - Rotunda AEP (Half-Hourly)","mc.mars_OVERTPhi",2,0.331933326046898,0.411783923508139,0.367571970192909
"DS24","Water Consumption of Oporto - Rotunda AEP (Half-Hourly)","mc.mars_OVERTPhi",3,0.398852606129398,0.549356727373979,0.462160315588263
"DS24","Water Consumption of Oporto - Rotunda AEP (Half-Hourly)","mc.mars_OVERTPhi",4,0.334061474602807,0.632512712815809,0.437210371016786
"DS24","Water Consumption of Oporto - Rotunda AEP (Half-Hourly)","mc.mars_OVERTPhi",5,0.303979820580758,0.466764360534294,0.368181687375015
"DS24","Water Consumption of Oporto - Rotunda AEP (Half-Hourly)","mc.mars_OVERTPhi",6,0.317142696291981,0.550228644783373,0.40236744683618
"DS24","Water Consumption of Oporto - Rotunda AEP (Half-Hourly)","mc.mars_OVERTPhi",7,0.334935439427302,0.432642862602142,0.377570410517351
"DS24","Water Consumption of Oporto - Rotunda AEP (Half-Hourly)","mc.mars_OVERTPhi",8,0.477630999448818,0.792296129586444,0.595979381149666
"DS24","Water Consumption of Oporto - Rotunda AEP (Half-Hourly)","mc.mars_OVERTPhi",9,0.529572582435962,0.63821331536608,0.578839450278625
"DS24","Water Consumption of Oporto - Rotunda AEP (Half-Hourly)","mc.mars_OVERTPhi",10,0.572988668803268,0.818088983474604,0.673946155106655
"DS24","Water Consumption of Oporto - Rotunda AEP (Half-Hourly)","mc.mars_OVERTPhi",11,0.770042314975805,0.87990943223863,0.821317953466213
"DS24","Water Consumption of Oporto - Rotunda AEP (Half-Hourly)","mc.mars_OVERTPhi",12,0.770055982585074,0.878880017179095,0.82087699619637
"DS24","Water Consumption of Oporto - Rotunda AEP (Half-Hourly)","mc.mars_OVERTPhi",13,0.764749029152447,0.863261161538943,0.811024573392324
"DS24","Water Consumption of Oporto - Rotunda AEP (Half-Hourly)","mc.mars_OVERTPhi",14,0.750706625986444,0.854520722991256,0.799256714883163
"DS24","Water Consumption of Oporto - Rotunda AEP (Half-Hourly)","mc.mars_OVERTPhi",15,0.777386779497439,0.888336143944654,0.829166440989206
"DS24","Water Consumption of Oporto - Rotunda AEP (Half-Hourly)","mc.mars_OVERTPhi",16,0.772311932411356,0.883501493620837,0.82417346676758
"DS24","Water Consumption of Oporto - Rotunda AEP (Half-Hourly)","mc.mars_OVERTPhi",17,0.762811718510491,0.88851650570885,0.820879571612867
"DS24","Water Consumption of Oporto - Rotunda AEP (Half-Hourly)","mc.mars_OVERTPhi",18,0.752967891700993,0.882585081349945,0.812640420580398
"DS24","Water Consumption of Oporto - Rotunda AEP (Half-Hourly)","mc.mars_OVERTPhi",19,0.764437583101425,0.883971777854132,0.81987067702766
"DS24","Water Consumption of Oporto - Rotunda AEP (Half-Hourly)","mc.mars_OVERTPhi",20,0.61945723394611,0.882211471628029,0.727846662771445
"DS24","Water Consumption of Oporto - Rotunda AEP (Half-Hourly)","mc.mars_OVERTPhi",21,0.551624208008316,0.875729701481739,0.676880064288763
"DS24","Water Consumption of Oporto - Rotunda AEP (Half-Hourly)","mc.mars_OVERTPhi",22,0.539516016346754,0.875246757650074,0.66754604049094
"DS24","Water Consumption of Oporto - Rotunda AEP (Half-Hourly)","mc.mars_OVERTPhi",23,0.46081842514023,0.883851507209156,0.605791874736609
"DS24","Water Consumption of Oporto - Rotunda AEP (Half-Hourly)","mc.mars_OVERTPhi",24,0.487173661803607,0.877352287099505,0.626478267770024
"DS24","Water Consumption of Oporto - Rotunda AEP (Half-Hourly)","mc.mars_OVERTPhi",25,0.530741662002411,0.873434717129564,0.660270604618084
"DS24","Water Consumption of Oporto - Rotunda AEP (Half-Hourly)","mc.mars_OVERTPhi",26,0.773599685571009,0.873601199666961,0.820564898226342
"DS24","Water Consumption of Oporto - Rotunda AEP (Half-Hourly)","mc.mars_OVERTPhi",27,0.777697158457632,0.871122024921764,0.821762786702886
"DS24","Water Consumption of Oporto - Rotunda AEP (Half-Hourly)","mc.mars_OVERTPhi",28,0.756507173720737,0.865926439465062,0.807527109948696
"DS24","Water Consumption of Oporto - Rotunda AEP (Half-Hourly)","mc.mars_OVERTPhi",29,0.78631433370606,0.886213098635646,0.833280278338541
"DS24","Water Consumption of Oporto - Rotunda AEP (Half-Hourly)","mc.mars_OVERTPhi",30,0.765234709169732,0.881807367341337,0.819395708117649
"DS24","Water Consumption of Oporto - Rotunda AEP (Half-Hourly)","mc.mars_OVERTPhi",31,0.774927288958421,0.880273273393612,0.824247884889717
"DS24","Water Consumption of Oporto - Rotunda AEP (Half-Hourly)","mc.mars_OVERTPhi",32,0.761569003876295,0.884282853869422,0.818351188774208
"DS24","Water Consumption of Oporto - Rotunda AEP (Half-Hourly)","mc.mars_OVERTPhi",33,0.795055935125247,0.914234610470046,0.850490462284729
"DS24","Water Consumption of Oporto - Rotunda AEP (Half-Hourly)","mc.mars_OVERTPhi",34,0.788815188003105,0.908254988980641,0.844332001827859
"DS24","Water Consumption of Oporto - Rotunda AEP (Half-Hourly)","mc.mars_OVERTPhi",35,0.815401397171102,0.918193034076445,0.86374975526418
"DS24","Water Consumption of Oporto - Rotunda AEP (Half-Hourly)","mc.mars_OVERTPhi",36,0.829721359055615,0.928251138343309,0.876225079960802
"DS24","Water Consumption of Oporto - Rotunda AEP (Half-Hourly)","mc.mars_OVERTPhi",37,0.810361803970923,0.928927581215942,0.865603431934498
"DS24","Water Consumption of Oporto - Rotunda AEP (Half-Hourly)","mc.mars_OVERTPhi",38,0.805594807297193,0.926215088611581,0.8617043563367
"DS24","Water Consumption of Oporto - Rotunda AEP (Half-Hourly)","mc.mars_OVERTPhi",39,0.805186614074038,0.929654359187882,0.862955460783491
"DS24","Water Consumption of Oporto - Rotunda AEP (Half-Hourly)","mc.mars_OVERTPhi",40,0.795725034231813,0.907429882070197,0.847914264359542
"DS24","Water Consumption of Oporto - Rotunda AEP (Half-Hourly)","mc.mars_OVERTPhi",41,0.778061401898191,0.907807142444061,0.837941606151497
"DS24","Water Consumption of Oporto - Rotunda AEP (Half-Hourly)","mc.mars_OVERTPhi",42,0.78712029979683,0.904112672214105,0.841569966267993
"DS24","Water Consumption of Oporto - Rotunda AEP (Half-Hourly)","mc.mars_OVERTPhi",43,0.796078904487418,0.919730851884548,0.853449313098326
"DS24","Water Consumption of Oporto - Rotunda AEP (Half-Hourly)","mc.mars_OVERTPhi",44,0.822951401375534,0.921531442408592,0.869456062172217
"DS24","Water Consumption of Oporto - Rotunda AEP (Half-Hourly)","mc.mars_OVERTPhi",45,0.780321342122105,0.924548585245993,0.846334352333824
"DS24","Water Consumption of Oporto - Rotunda AEP (Half-Hourly)","mc.mars_OVERTPhi",46,0.825842955682642,0.92646096203114,0.873263195355536
"DS24","Water Consumption of Oporto - Rotunda AEP (Half-Hourly)","mc.mars_OVERTPhi",47,0.805853277522796,0.925989796226776,0.861754651507088
"DS24","Water Consumption of Oporto - Rotunda AEP (Half-Hourly)","mc.mars_OVERTPhi",48,0.79089442391614,0.897569683217923,0.840862242239973
"DS24","Water Consumption of Oporto - Rotunda AEP (Half-Hourly)","mc.mars_OVERTPhi",49,0.815319126637757,0.909529042188462,0.859851246887905
"DS24","Water Consumption of Oporto - Rotunda AEP (Half-Hourly)","mc.mars_OVERTPhi",50,0.709705081139403,0.909956352384823,0.797451409949777
"DS24","Water Consumption of Oporto - Rotunda AEP (Half-Hourly)","mc.mars_SMOTEB",1,0.32916220663919,0.563725769850287,0.415633815728694
"DS24","Water Consumption of Oporto - Rotunda AEP (Half-Hourly)","mc.mars_SMOTEB",2,0.316627226479282,0.54737838110395,0.401189291186324
"DS24","Water Consumption of Oporto - Rotunda AEP (Half-Hourly)","mc.mars_SMOTEB",3,0.34455094382343,0.617881972782157,0.442403440739382
"DS24","Water Consumption of Oporto - Rotunda AEP (Half-Hourly)","mc.mars_SMOTEB",4,0.428248139643898,0.561073192128819,0.485744202649885
"DS24","Water Consumption of Oporto - Rotunda AEP (Half-Hourly)","mc.mars_SMOTEB",5,0.327496836942687,0.429220622079348,0.371521482438706
"DS24","Water Consumption of Oporto - Rotunda AEP (Half-Hourly)","mc.mars_SMOTEB",6,0.323177914773597,0.622197292252077,0.425398131860134
"DS24","Water Consumption of Oporto - Rotunda AEP (Half-Hourly)","mc.mars_SMOTEB",7,0.314426608146351,0.544902211320356,0.398757146730475
"DS24","Water Consumption of Oporto - Rotunda AEP (Half-Hourly)","mc.mars_SMOTEB",8,0.679276942387228,0.841815796273872,0.751862191715569
"DS24","Water Consumption of Oporto - Rotunda AEP (Half-Hourly)","mc.mars_SMOTEB",9,0.679981822426653,0.765508103569234,0.72021476730632
"DS24","Water Consumption of Oporto - Rotunda AEP (Half-Hourly)","mc.mars_SMOTEB",10,0.708456949170517,0.82567312453607,0.762587048968559
"DS24","Water Consumption of Oporto - Rotunda AEP (Half-Hourly)","mc.mars_SMOTEB",11,0.797854566530569,0.890984071309729,0.841851547060221
"DS24","Water Consumption of Oporto - Rotunda AEP (Half-Hourly)","mc.mars_SMOTEB",12,0.778735061959114,0.879921812905633,0.826241976717602
"DS24","Water Consumption of Oporto - Rotunda AEP (Half-Hourly)","mc.mars_SMOTEB",13,0.797838951784373,0.880228733787056,0.837011255664583
"DS24","Water Consumption of Oporto - Rotunda AEP (Half-Hourly)","mc.mars_SMOTEB",14,0.771751834103063,0.874480057440596,0.81991072057716
"DS24","Water Consumption of Oporto - Rotunda AEP (Half-Hourly)","mc.mars_SMOTEB",15,0.797322918060092,0.886845633397792,0.839704966201254
"DS24","Water Consumption of Oporto - Rotunda AEP (Half-Hourly)","mc.mars_SMOTEB",16,0.785946840494814,0.878049369238301,0.829449158014597
"DS24","Water Consumption of Oporto - Rotunda AEP (Half-Hourly)","mc.mars_SMOTEB",17,0.78487665168121,0.878485356544764,0.829047004543772
"DS24","Water Consumption of Oporto - Rotunda AEP (Half-Hourly)","mc.mars_SMOTEB",18,0.785043667440359,0.88345466634502,0.831346939030274
"DS24","Water Consumption of Oporto - Rotunda AEP (Half-Hourly)","mc.mars_SMOTEB",19,0.771155333757024,0.880864692968087,0.822367156949258
"DS24","Water Consumption of Oporto - Rotunda AEP (Half-Hourly)","mc.mars_SMOTEB",20,0.740952766772373,0.879972675978164,0.804501147003658
"DS24","Water Consumption of Oporto - Rotunda AEP (Half-Hourly)","mc.mars_SMOTEB",21,0.735498468883905,0.875389013205276,0.79936964691694
"DS24","Water Consumption of Oporto - Rotunda AEP (Half-Hourly)","mc.mars_SMOTEB",22,0.697965488306257,0.877222307156917,0.777394159263257
"DS24","Water Consumption of Oporto - Rotunda AEP (Half-Hourly)","mc.mars_SMOTEB",23,0.687728277600087,0.882406086655561,0.772998326684167
"DS24","Water Consumption of Oporto - Rotunda AEP (Half-Hourly)","mc.mars_SMOTEB",24,0.761729894069336,0.877435833490915,0.815499120387883
"DS24","Water Consumption of Oporto - Rotunda AEP (Half-Hourly)","mc.mars_SMOTEB",25,0.489106363200174,0.870442562666433,0.626294483560484
"DS24","Water Consumption of Oporto - Rotunda AEP (Half-Hourly)","mc.mars_SMOTEB",26,0.758824932691647,0.871266730124575,0.811167780222908
"DS24","Water Consumption of Oporto - Rotunda AEP (Half-Hourly)","mc.mars_SMOTEB",27,0.79364339452431,0.870400914472481,0.830251854021196
"DS24","Water Consumption of Oporto - Rotunda AEP (Half-Hourly)","mc.mars_SMOTEB",28,0.789272928573192,0.873296131963345,0.829161340659031
"DS24","Water Consumption of Oporto - Rotunda AEP (Half-Hourly)","mc.mars_SMOTEB",29,0.798769028293447,0.880742418141908,0.837755249610454
"DS24","Water Consumption of Oporto - Rotunda AEP (Half-Hourly)","mc.mars_SMOTEB",30,0.767419980427921,0.881149880178663,0.8203619876345
"DS24","Water Consumption of Oporto - Rotunda AEP (Half-Hourly)","mc.mars_SMOTEB",31,0.80036675000726,0.882598430368278,0.839473621335102
"DS24","Water Consumption of Oporto - Rotunda AEP (Half-Hourly)","mc.mars_SMOTEB",32,0.769734595115464,0.880610817735341,0.821448171959246
"DS24","Water Consumption of Oporto - Rotunda AEP (Half-Hourly)","mc.mars_SMOTEB",33,0.810930353173733,0.911582408016565,0.858315666200358
"DS24","Water Consumption of Oporto - Rotunda AEP (Half-Hourly)","mc.mars_SMOTEB",34,0.816739610325789,0.914562804119757,0.86288757183354
"DS24","Water Consumption of Oporto - Rotunda AEP (Half-Hourly)","mc.mars_SMOTEB",35,0.815677398895346,0.918514434891957,0.864046814779766
"DS24","Water Consumption of Oporto - Rotunda AEP (Half-Hourly)","mc.mars_SMOTEB",36,0.807127822267043,0.934543577117965,0.866175011519648
"DS24","Water Consumption of Oporto - Rotunda AEP (Half-Hourly)","mc.mars_SMOTEB",37,0.77187238127975,0.933891652676578,0.845187446163737
"DS24","Water Consumption of Oporto - Rotunda AEP (Half-Hourly)","mc.mars_SMOTEB",38,0.782881623597209,0.926133429050853,0.848503752473727
"DS24","Water Consumption of Oporto - Rotunda AEP (Half-Hourly)","mc.mars_SMOTEB",39,0.782404314140218,0.929508471636785,0.849636084595765
"DS24","Water Consumption of Oporto - Rotunda AEP (Half-Hourly)","mc.mars_SMOTEB",40,0.787787654513738,0.911599839643311,0.845183458154054
"DS24","Water Consumption of Oporto - Rotunda AEP (Half-Hourly)","mc.mars_SMOTEB",41,0.787229519485659,0.925435121244762,0.850755983964218
"DS24","Water Consumption of Oporto - Rotunda AEP (Half-Hourly)","mc.mars_SMOTEB",42,0.790480851309627,0.922267168329016,0.851303902262811
"DS24","Water Consumption of Oporto - Rotunda AEP (Half-Hourly)","mc.mars_SMOTEB",43,0.777104016861282,0.913281011642936,0.839707321945309
"DS24","Water Consumption of Oporto - Rotunda AEP (Half-Hourly)","mc.mars_SMOTEB",44,0.800113725102558,0.926801063491289,0.858810470831438
"DS24","Water Consumption of Oporto - Rotunda AEP (Half-Hourly)","mc.mars_SMOTEB",45,0.786996333403246,0.927144171903772,0.851341020838626
"DS24","Water Consumption of Oporto - Rotunda AEP (Half-Hourly)","mc.mars_SMOTEB",46,0.802564654255395,0.931587808065774,0.862276487602601
"DS24","Water Consumption of Oporto - Rotunda AEP (Half-Hourly)","mc.mars_SMOTEB",47,0.773987422791491,0.928490103430239,0.844228074876543
"DS24","Water Consumption of Oporto - Rotunda AEP (Half-Hourly)","mc.mars_SMOTEB",48,0.743236602168958,0.894296926892633,0.811799205912714
"DS24","Water Consumption of Oporto - Rotunda AEP (Half-Hourly)","mc.mars_SMOTEB",49,0.796733563603124,0.909643189383842,0.849452805327378
"DS24","Water Consumption of Oporto - Rotunda AEP (Half-Hourly)","mc.mars_SMOTEB",50,0.852863872282959,0.922764463751812,0.88643829092967
"DS24","Water Consumption of Oporto - Rotunda AEP (Half-Hourly)","mc.mars_SMOTET",1,0.327281649699631,0.54393875159813,0.408670806361777
"DS24","Water Consumption of Oporto - Rotunda AEP (Half-Hourly)","mc.mars_SMOTET",2,0.307429871393013,0.419478141446605,0.354818240545556
"DS24","Water Consumption of Oporto - Rotunda AEP (Half-Hourly)","mc.mars_SMOTET",3,0.29596263636269,0.289496510404544,0.292693865695781
"DS24","Water Consumption of Oporto - Rotunda AEP (Half-Hourly)","mc.mars_SMOTET",4,0.345932020724794,0.426487227259094,0.382009093440225
"DS24","Water Consumption of Oporto - Rotunda AEP (Half-Hourly)","mc.mars_SMOTET",5,0.32002703224225,0.551896357604231,0.405131357837498
"DS24","Water Consumption of Oporto - Rotunda AEP (Half-Hourly)","mc.mars_SMOTET",6,0.319255282002662,0.483633824248471,0.384617630864146
"DS24","Water Consumption of Oporto - Rotunda AEP (Half-Hourly)","mc.mars_SMOTET",7,0.348581023142915,0.388690315639362,0.367544649531867
"DS24","Water Consumption of Oporto - Rotunda AEP (Half-Hourly)","mc.mars_SMOTET",8,0.646590386063042,0.881913250081504,0.7461370916757
"DS24","Water Consumption of Oporto - Rotunda AEP (Half-Hourly)","mc.mars_SMOTET",9,0.640478018833753,0.746831140709342,0.689577987883259
"DS24","Water Consumption of Oporto - Rotunda AEP (Half-Hourly)","mc.mars_SMOTET",10,0.685191345790399,0.867743714265684,0.765737729377287
"DS24","Water Consumption of Oporto - Rotunda AEP (Half-Hourly)","mc.mars_SMOTET",11,0.823490281706028,0.913848066136399,0.866319450501678
"DS24","Water Consumption of Oporto - Rotunda AEP (Half-Hourly)","mc.mars_SMOTET",12,0.772181190584345,0.895666308581903,0.829352416060576
"DS24","Water Consumption of Oporto - Rotunda AEP (Half-Hourly)","mc.mars_SMOTET",13,0.76193365524236,0.889494707210704,0.820787590903504
"DS24","Water Consumption of Oporto - Rotunda AEP (Half-Hourly)","mc.mars_SMOTET",14,0.768420319260143,0.885676153160122,0.822892211814693
"DS24","Water Consumption of Oporto - Rotunda AEP (Half-Hourly)","mc.mars_SMOTET",15,0.776126818156758,0.87886767832334,0.824308209131394
"DS24","Water Consumption of Oporto - Rotunda AEP (Half-Hourly)","mc.mars_SMOTET",16,0.76743589619239,0.864390797750517,0.81303306165346
"DS24","Water Consumption of Oporto - Rotunda AEP (Half-Hourly)","mc.mars_SMOTET",17,0.754913818335218,0.867595450541399,0.807341821587187
"DS24","Water Consumption of Oporto - Rotunda AEP (Half-Hourly)","mc.mars_SMOTET",18,0.743012170909693,0.869004935458896,0.801084853350081
"DS24","Water Consumption of Oporto - Rotunda AEP (Half-Hourly)","mc.mars_SMOTET",19,0.740716262324519,0.865661702022081,0.798329801069068
"DS24","Water Consumption of Oporto - Rotunda AEP (Half-Hourly)","mc.mars_SMOTET",20,0.704043354424951,0.87218594700407,0.779146434156934
"DS24","Water Consumption of Oporto - Rotunda AEP (Half-Hourly)","mc.mars_SMOTET",21,0.729287104044658,0.861078750805728,0.789722222234931
"DS24","Water Consumption of Oporto - Rotunda AEP (Half-Hourly)","mc.mars_SMOTET",22,0.705312845020559,0.870969725363547,0.779436563551223
"DS24","Water Consumption of Oporto - Rotunda AEP (Half-Hourly)","mc.mars_SMOTET",23,0.62397035366083,0.864754816417245,0.724890502928055
"DS24","Water Consumption of Oporto - Rotunda AEP (Half-Hourly)","mc.mars_SMOTET",24,0.630417298117248,0.851266863064458,0.724382928358817
"DS24","Water Consumption of Oporto - Rotunda AEP (Half-Hourly)","mc.mars_SMOTET",25,0.627944869203771,0.860791026579963,0.72615876345613
"DS24","Water Consumption of Oporto - Rotunda AEP (Half-Hourly)","mc.mars_SMOTET",26,0.470998538735701,0.846858896901845,0.605329972984724
"DS24","Water Consumption of Oporto - Rotunda AEP (Half-Hourly)","mc.mars_SMOTET",27,0.747426557100007,0.856131333926735,0.798094411088055
"DS24","Water Consumption of Oporto - Rotunda AEP (Half-Hourly)","mc.mars_SMOTET",28,0.718898015702709,0.856706517665687,0.781775632839511
"DS24","Water Consumption of Oporto - Rotunda AEP (Half-Hourly)","mc.mars_SMOTET",29,0.770632242623622,0.871849100869377,0.818121959794693
"DS24","Water Consumption of Oporto - Rotunda AEP (Half-Hourly)","mc.mars_SMOTET",30,0.749166323542123,0.871058580508348,0.80552737180854
"DS24","Water Consumption of Oporto - Rotunda AEP (Half-Hourly)","mc.mars_SMOTET",31,0.750237201475473,0.867573133266207,0.804650119484958
"DS24","Water Consumption of Oporto - Rotunda AEP (Half-Hourly)","mc.mars_SMOTET",32,0.757911125841926,0.87554416186597,0.812491981185872
"DS24","Water Consumption of Oporto - Rotunda AEP (Half-Hourly)","mc.mars_SMOTET",33,0.724894877765551,0.904270639146014,0.804707867465021
"DS24","Water Consumption of Oporto - Rotunda AEP (Half-Hourly)","mc.mars_SMOTET",34,0.782867821131507,0.92823824211188,0.849377914909187
"DS24","Water Consumption of Oporto - Rotunda AEP (Half-Hourly)","mc.mars_SMOTET",35,0.783001353516017,0.921692068037336,0.846704900334038
"DS24","Water Consumption of Oporto - Rotunda AEP (Half-Hourly)","mc.mars_SMOTET",36,0.740926776129515,0.935325451830557,0.826853691941168
"DS24","Water Consumption of Oporto - Rotunda AEP (Half-Hourly)","mc.mars_SMOTET",37,0.695813678322112,0.915693600409336,0.790753030688628
"DS24","Water Consumption of Oporto - Rotunda AEP (Half-Hourly)","mc.mars_SMOTET",38,0.66183155762353,0.918244401916534,0.769232794322629
"DS24","Water Consumption of Oporto - Rotunda AEP (Half-Hourly)","mc.mars_SMOTET",39,0.660838462499208,0.912174635622757,0.76642729098112
"DS24","Water Consumption of Oporto - Rotunda AEP (Half-Hourly)","mc.mars_SMOTET",40,0.714929405862872,0.906434004655136,0.799372084257113
"DS24","Water Consumption of Oporto - Rotunda AEP (Half-Hourly)","mc.mars_SMOTET",41,0.646855966682111,0.910028653002426,0.756199215540558
"DS24","Water Consumption of Oporto - Rotunda AEP (Half-Hourly)","mc.mars_SMOTET",42,0.720662323973685,0.919631421059712,0.808079307876189
"DS24","Water Consumption of Oporto - Rotunda AEP (Half-Hourly)","mc.mars_SMOTET",43,0.704724268999243,0.921909971521801,0.798817969743099
"DS24","Water Consumption of Oporto - Rotunda AEP (Half-Hourly)","mc.mars_SMOTET",44,0.711426259194631,0.913753688408714,0.799995556588752
"DS24","Water Consumption of Oporto - Rotunda AEP (Half-Hourly)","mc.mars_SMOTET",45,0.699528722642862,0.918040357703543,0.794025561642695
"DS24","Water Consumption of Oporto - Rotunda AEP (Half-Hourly)","mc.mars_SMOTET",46,0.664455443209858,0.919954175939679,0.771604201740292
"DS24","Water Consumption of Oporto - Rotunda AEP (Half-Hourly)","mc.mars_SMOTET",47,0.697102584419404,0.937194319271464,0.799512720842674
"DS24","Water Consumption of Oporto - Rotunda AEP (Half-Hourly)","mc.mars_SMOTET",48,0.61068378325922,0.913838944907845,0.732119782611441
"DS24","Water Consumption of Oporto - Rotunda AEP (Half-Hourly)","mc.mars_SMOTET",49,0.601154496020981,0.900545818428494,0.721005599335775
"DS24","Water Consumption of Oporto - Rotunda AEP (Half-Hourly)","mc.mars_SMOTET",50,0.755811798548659,0.904577284273671,0.823530088491076
"DS24","Water Consumption of Oporto - Rotunda AEP (Half-Hourly)","mc.mars_SMOTETPhi",1,0.301634906024274,0.456877166591256,0.363369565718811
"DS24","Water Consumption of Oporto - Rotunda AEP (Half-Hourly)","mc.mars_SMOTETPhi",2,0.292428015779601,0.53199004433231,0.377402681007453
"DS24","Water Consumption of Oporto - Rotunda AEP (Half-Hourly)","mc.mars_SMOTETPhi",3,0.319714247233913,0.596540576127367,0.416308905292047
"DS24","Water Consumption of Oporto - Rotunda AEP (Half-Hourly)","mc.mars_SMOTETPhi",4,0.3050185374724,0.436764910141282,0.359192145737766
"DS24","Water Consumption of Oporto - Rotunda AEP (Half-Hourly)","mc.mars_SMOTETPhi",5,0.32064492086562,0.602393982293625,0.418518808083524
"DS24","Water Consumption of Oporto - Rotunda AEP (Half-Hourly)","mc.mars_SMOTETPhi",6,0.311669429993006,0.529521567787627,0.392385761704052
"DS24","Water Consumption of Oporto - Rotunda AEP (Half-Hourly)","mc.mars_SMOTETPhi",7,0.307561780958945,0.523614950268515,0.387508313432904
"DS24","Water Consumption of Oporto - Rotunda AEP (Half-Hourly)","mc.mars_SMOTETPhi",8,0.307384261254399,0.907498577877964,0.459222520831152
"DS24","Water Consumption of Oporto - Rotunda AEP (Half-Hourly)","mc.mars_SMOTETPhi",9,0.309630096630497,0.891921412340415,0.459681854715156
"DS24","Water Consumption of Oporto - Rotunda AEP (Half-Hourly)","mc.mars_SMOTETPhi",10,0.306507291134109,0.888436129473052,0.455774134062504
"DS24","Water Consumption of Oporto - Rotunda AEP (Half-Hourly)","mc.mars_SMOTETPhi",11,0.38093064561802,0.909538611022632,0.536969212599921
"DS24","Water Consumption of Oporto - Rotunda AEP (Half-Hourly)","mc.mars_SMOTETPhi",12,0.43866735878579,0.911327605577843,0.592253577650723
"DS24","Water Consumption of Oporto - Rotunda AEP (Half-Hourly)","mc.mars_SMOTETPhi",13,0.509972604719326,0.889977540045247,0.648400467596506
"DS24","Water Consumption of Oporto - Rotunda AEP (Half-Hourly)","mc.mars_SMOTETPhi",14,0.650418086432469,0.898117780518504,0.754457240110301
"DS24","Water Consumption of Oporto - Rotunda AEP (Half-Hourly)","mc.mars_SMOTETPhi",15,0.476987297337062,0.881665779680013,0.619059249955768
"DS24","Water Consumption of Oporto - Rotunda AEP (Half-Hourly)","mc.mars_SMOTETPhi",16,0.572522049537706,0.880271804439475,0.693801142189935
"DS24","Water Consumption of Oporto - Rotunda AEP (Half-Hourly)","mc.mars_SMOTETPhi",17,0.558676464606177,0.884750783696302,0.684883066291421
"DS24","Water Consumption of Oporto - Rotunda AEP (Half-Hourly)","mc.mars_SMOTETPhi",18,0.487174534375328,0.883516712426192,0.628043469298346
"DS24","Water Consumption of Oporto - Rotunda AEP (Half-Hourly)","mc.mars_SMOTETPhi",19,0.485596398203874,0.878408044345187,0.625440459255673
"DS24","Water Consumption of Oporto - Rotunda AEP (Half-Hourly)","mc.mars_SMOTETPhi",20,0.428928512386598,0.893891552544303,0.579694221508202
"DS24","Water Consumption of Oporto - Rotunda AEP (Half-Hourly)","mc.mars_SMOTETPhi",21,0.409490114695981,0.890877214835136,0.561080557159824
"DS24","Water Consumption of Oporto - Rotunda AEP (Half-Hourly)","mc.mars_SMOTETPhi",22,0.405044478122399,0.892970409173091,0.55730136364749
"DS24","Water Consumption of Oporto - Rotunda AEP (Half-Hourly)","mc.mars_SMOTETPhi",23,0.353414156776194,0.911514576167689,0.509344355829105
"DS24","Water Consumption of Oporto - Rotunda AEP (Half-Hourly)","mc.mars_SMOTETPhi",24,0.353792974809401,0.873708708986576,0.503644120981295
"DS24","Water Consumption of Oporto - Rotunda AEP (Half-Hourly)","mc.mars_SMOTETPhi",25,0.372696644358903,0.891121229855857,0.525578722789641
"DS24","Water Consumption of Oporto - Rotunda AEP (Half-Hourly)","mc.mars_SMOTETPhi",26,0.376169034245824,0.885001764179078,0.527938419368529
"DS24","Water Consumption of Oporto - Rotunda AEP (Half-Hourly)","mc.mars_SMOTETPhi",27,0.771868637461402,0.877974807824318,0.821509726364893
"DS24","Water Consumption of Oporto - Rotunda AEP (Half-Hourly)","mc.mars_SMOTETPhi",28,0.388346662717795,0.882248446993309,0.53930357115212
"DS24","Water Consumption of Oporto - Rotunda AEP (Half-Hourly)","mc.mars_SMOTETPhi",29,0.801684482540943,0.892743898395906,0.84476740153679
"DS24","Water Consumption of Oporto - Rotunda AEP (Half-Hourly)","mc.mars_SMOTETPhi",30,0.45442246394877,0.897618540324435,0.603381151150213
"DS24","Water Consumption of Oporto - Rotunda AEP (Half-Hourly)","mc.mars_SMOTETPhi",31,0.458942838496273,0.892414235502496,0.606156774158966
"DS24","Water Consumption of Oporto - Rotunda AEP (Half-Hourly)","mc.mars_SMOTETPhi",32,0.793153439128758,0.902702303028301,0.844389553141647
"DS24","Water Consumption of Oporto - Rotunda AEP (Half-Hourly)","mc.mars_SMOTETPhi",33,0.680949213948352,0.941125831030958,0.790171696248733
"DS24","Water Consumption of Oporto - Rotunda AEP (Half-Hourly)","mc.mars_SMOTETPhi",34,0.770833430218476,0.951350190527511,0.851631059393851
"DS24","Water Consumption of Oporto - Rotunda AEP (Half-Hourly)","mc.mars_SMOTETPhi",35,0.79023815898896,0.938500394789683,0.858011551333718
"DS24","Water Consumption of Oporto - Rotunda AEP (Half-Hourly)","mc.mars_SMOTETPhi",36,0.584626415917069,0.945752973824895,0.722581831846787
"DS24","Water Consumption of Oporto - Rotunda AEP (Half-Hourly)","mc.mars_SMOTETPhi",37,0.561450294812004,0.944558567794303,0.704275651389643
"DS24","Water Consumption of Oporto - Rotunda AEP (Half-Hourly)","mc.mars_SMOTETPhi",38,0.557272898254937,0.931881730094677,0.697459380878699
"DS24","Water Consumption of Oporto - Rotunda AEP (Half-Hourly)","mc.mars_SMOTETPhi",39,0.599047588427365,0.939280590288547,0.731539316842868
"DS24","Water Consumption of Oporto - Rotunda AEP (Half-Hourly)","mc.mars_SMOTETPhi",40,0.668767539164091,0.9379781111133,0.780819681137121
"DS24","Water Consumption of Oporto - Rotunda AEP (Half-Hourly)","mc.mars_SMOTETPhi",41,0.601740232450182,0.945044689489245,0.735294743390753
"DS24","Water Consumption of Oporto - Rotunda AEP (Half-Hourly)","mc.mars_SMOTETPhi",42,0.593166664066515,0.929059109890965,0.724054082334863
"DS24","Water Consumption of Oporto - Rotunda AEP (Half-Hourly)","mc.mars_SMOTETPhi",43,0.60965638273054,0.93632532071575,0.738477961044522
"DS24","Water Consumption of Oporto - Rotunda AEP (Half-Hourly)","mc.mars_SMOTETPhi",44,0.612210337946861,0.929345757584427,0.738156829932493
"DS24","Water Consumption of Oporto - Rotunda AEP (Half-Hourly)","mc.mars_SMOTETPhi",45,0.563636573754363,0.944984850595822,0.70611223577052
"DS24","Water Consumption of Oporto - Rotunda AEP (Half-Hourly)","mc.mars_SMOTETPhi",46,0.485055414656631,0.927425658316877,0.636968304730734
"DS24","Water Consumption of Oporto - Rotunda AEP (Half-Hourly)","mc.mars_SMOTETPhi",47,0.572252699996233,0.941231556059594,0.71176465446746
"DS24","Water Consumption of Oporto - Rotunda AEP (Half-Hourly)","mc.mars_SMOTETPhi",48,0.472352714187867,0.917484891789503,0.623636138494571
"DS24","Water Consumption of Oporto - Rotunda AEP (Half-Hourly)","mc.mars_SMOTETPhi",49,0.491163958442177,0.902090962312942,0.636027996490978
"DS24","Water Consumption of Oporto - Rotunda AEP (Half-Hourly)","mc.mars_SMOTETPhi",50,0.615932861205584,0.93272909906128,0.741928861758216
"DS24","Water Consumption of Oporto - Rotunda AEP (Half-Hourly)","mc.rf",1,0.311138519582168,0.603355745922744,0.410559629839011
"DS24","Water Consumption of Oporto - Rotunda AEP (Half-Hourly)","mc.rf",2,0.316685209824501,0.612146858756115,0.417422832320661
"DS24","Water Consumption of Oporto - Rotunda AEP (Half-Hourly)","mc.rf",3,0.345868608005493,0.562188457335509,0.428262378207186
"DS24","Water Consumption of Oporto - Rotunda AEP (Half-Hourly)","mc.rf",4,0.348142831097069,0.533471240647464,0.421327639792237
"DS24","Water Consumption of Oporto - Rotunda AEP (Half-Hourly)","mc.rf",5,0.334303562883233,0.59432753647541,0.427911176139946
"DS24","Water Consumption of Oporto - Rotunda AEP (Half-Hourly)","mc.rf",6,0.457025858279625,0.62067045893965,0.526423714498018
"DS24","Water Consumption of Oporto - Rotunda AEP (Half-Hourly)","mc.rf",7,0.567696976907743,0.632402040142394,0.598305175287262
"DS24","Water Consumption of Oporto - Rotunda AEP (Half-Hourly)","mc.rf",8,0.362322890001855,0.790787069990861,0.496952184121275
"DS24","Water Consumption of Oporto - Rotunda AEP (Half-Hourly)","mc.rf",9,0.402581900536143,0.74188661387117,0.521936810379186
"DS24","Water Consumption of Oporto - Rotunda AEP (Half-Hourly)","mc.rf",10,0.344513408208541,0.766656301123354,0.475397003727483
"DS24","Water Consumption of Oporto - Rotunda AEP (Half-Hourly)","mc.rf",11,0.847104973181544,0.837819510064273,0.84243665595834
"DS24","Water Consumption of Oporto - Rotunda AEP (Half-Hourly)","mc.rf",12,0.830091197642986,0.824614822330798,0.827343947746772
"DS24","Water Consumption of Oporto - Rotunda AEP (Half-Hourly)","mc.rf",13,0.825266582612996,0.807060868818854,0.816062199513427
"DS24","Water Consumption of Oporto - Rotunda AEP (Half-Hourly)","mc.rf",14,0.82625953158712,0.806738289732,0.816382229890427
"DS24","Water Consumption of Oporto - Rotunda AEP (Half-Hourly)","mc.rf",15,0.87984703117084,0.835496743620651,0.857098548093534
"DS24","Water Consumption of Oporto - Rotunda AEP (Half-Hourly)","mc.rf",16,0.870497964337554,0.827077676624397,0.848232522284064
"DS24","Water Consumption of Oporto - Rotunda AEP (Half-Hourly)","mc.rf",17,0.873753391979755,0.829454148963692,0.851027674228423
"DS24","Water Consumption of Oporto - Rotunda AEP (Half-Hourly)","mc.rf",18,0.875556625338855,0.830765760096211,0.852573313889268
"DS24","Water Consumption of Oporto - Rotunda AEP (Half-Hourly)","mc.rf",19,0.881859056722825,0.831486282803727,0.85593218379884
"DS24","Water Consumption of Oporto - Rotunda AEP (Half-Hourly)","mc.rf",20,0.852260156849255,0.823234677639814,0.837496005415027
"DS24","Water Consumption of Oporto - Rotunda AEP (Half-Hourly)","mc.rf",21,0.822381119052957,0.818371793246212,0.820371557577318
"DS24","Water Consumption of Oporto - Rotunda AEP (Half-Hourly)","mc.rf",22,0.818527374071541,0.817953819646298,0.818240496349155
"DS24","Water Consumption of Oporto - Rotunda AEP (Half-Hourly)","mc.rf",23,0.413062622893221,0.813394226521254,0.547891681331429
"DS24","Water Consumption of Oporto - Rotunda AEP (Half-Hourly)","mc.rf",24,0.670023400493314,0.802684413480153,0.73037887779231
"DS24","Water Consumption of Oporto - Rotunda AEP (Half-Hourly)","mc.rf",25,0.731740886508249,0.81057568959316,0.769143485683364
"DS24","Water Consumption of Oporto - Rotunda AEP (Half-Hourly)","mc.rf",26,0.46038939332663,0.812264975672666,0.587682230902105
"DS24","Water Consumption of Oporto - Rotunda AEP (Half-Hourly)","mc.rf",27,0.830343668388572,0.817352487167579,0.823796863605806
"DS24","Water Consumption of Oporto - Rotunda AEP (Half-Hourly)","mc.rf",28,0.857333306888508,0.817074082503353,0.836719701027973
"DS24","Water Consumption of Oporto - Rotunda AEP (Half-Hourly)","mc.rf",29,0.915159115955548,0.819250352697676,0.864552969839649
"DS24","Water Consumption of Oporto - Rotunda AEP (Half-Hourly)","mc.rf",30,0.907538151661906,0.819812483645025,0.861447688626762
"DS24","Water Consumption of Oporto - Rotunda AEP (Half-Hourly)","mc.rf",31,0.898589626122733,0.820269129415473,0.85764502516168
"DS24","Water Consumption of Oporto - Rotunda AEP (Half-Hourly)","mc.rf",32,0.862603531845245,0.824340640122806,0.843038150793018
"DS24","Water Consumption of Oporto - Rotunda AEP (Half-Hourly)","mc.rf",33,0.921298408430739,0.864246983898459,0.891861247748013
"DS24","Water Consumption of Oporto - Rotunda AEP (Half-Hourly)","mc.rf",34,0.933758520076466,0.871104988991913,0.901344285886937
"DS24","Water Consumption of Oporto - Rotunda AEP (Half-Hourly)","mc.rf",35,0.934181832484707,0.87387010156049,0.903020048769206
"DS24","Water Consumption of Oporto - Rotunda AEP (Half-Hourly)","mc.rf",36,0.922043720402697,0.887351986912572,0.904365279536981
"DS24","Water Consumption of Oporto - Rotunda AEP (Half-Hourly)","mc.rf",37,0.912153774032036,0.893214276405794,0.902584681328829
"DS24","Water Consumption of Oporto - Rotunda AEP (Half-Hourly)","mc.rf",38,0.916991046693009,0.887936852394265,0.902230104688456
"DS24","Water Consumption of Oporto - Rotunda AEP (Half-Hourly)","mc.rf",39,0.905112458104046,0.886633895023247,0.895777890394113
"DS24","Water Consumption of Oporto - Rotunda AEP (Half-Hourly)","mc.rf",40,0.940019812299441,0.86068045432048,0.898602276145389
"DS24","Water Consumption of Oporto - Rotunda AEP (Half-Hourly)","mc.rf",41,0.884710584283842,0.865524058571541,0.875012157594256
"DS24","Water Consumption of Oporto - Rotunda AEP (Half-Hourly)","mc.rf",42,0.902857713456096,0.864079296998077,0.883042976310636
"DS24","Water Consumption of Oporto - Rotunda AEP (Half-Hourly)","mc.rf",43,0.9317551499254,0.870500109718899,0.900086661865301
"DS24","Water Consumption of Oporto - Rotunda AEP (Half-Hourly)","mc.rf",44,0.9061168041921,0.879311454045745,0.892512909385463
"DS24","Water Consumption of Oporto - Rotunda AEP (Half-Hourly)","mc.rf",45,0.928596075077479,0.885356018604137,0.906460679734276
"DS24","Water Consumption of Oporto - Rotunda AEP (Half-Hourly)","mc.rf",46,0.920814555309413,0.892289759081152,0.906327772973866
"DS24","Water Consumption of Oporto - Rotunda AEP (Half-Hourly)","mc.rf",47,0.93640459454806,0.892109600493306,0.913720583638638
"DS24","Water Consumption of Oporto - Rotunda AEP (Half-Hourly)","mc.rf",48,0.846517928941569,0.859422231296907,0.852921273888176
"DS24","Water Consumption of Oporto - Rotunda AEP (Half-Hourly)","mc.rf",49,0.786618219844091,0.860788104359441,0.822033515795266
"DS24","Water Consumption of Oporto - Rotunda AEP (Half-Hourly)","mc.rf",50,0.451942853738989,0.877770865257935,0.596673199811561
"DS24","Water Consumption of Oporto - Rotunda AEP (Half-Hourly)","mc.rf_UNDERB",1,0.348688299590567,0.584517451571321,0.436804843981419
"DS24","Water Consumption of Oporto - Rotunda AEP (Half-Hourly)","mc.rf_UNDERB",2,0.367815729888742,0.596112380357285,0.454929175622584
"DS24","Water Consumption of Oporto - Rotunda AEP (Half-Hourly)","mc.rf_UNDERB",3,0.371227424906714,0.538986979865793,0.439647510618849
"DS24","Water Consumption of Oporto - Rotunda AEP (Half-Hourly)","mc.rf_UNDERB",4,0.363567806680972,0.62822706709626,0.460585435397418
"DS24","Water Consumption of Oporto - Rotunda AEP (Half-Hourly)","mc.rf_UNDERB",5,0.349612958537072,0.554739251961533,0.428912604720643
"DS24","Water Consumption of Oporto - Rotunda AEP (Half-Hourly)","mc.rf_UNDERB",6,0.411652870111929,0.655176332153683,0.505620237968178
"DS24","Water Consumption of Oporto - Rotunda AEP (Half-Hourly)","mc.rf_UNDERB",7,0.398252902662732,0.590613328550832,0.475723540802898
"DS24","Water Consumption of Oporto - Rotunda AEP (Half-Hourly)","mc.rf_UNDERB",8,0.663041402777652,0.881308050616684,0.756750649764911
"DS24","Water Consumption of Oporto - Rotunda AEP (Half-Hourly)","mc.rf_UNDERB",9,0.674710348116069,0.716705896427032,0.695074370119793
"DS24","Water Consumption of Oporto - Rotunda AEP (Half-Hourly)","mc.rf_UNDERB",10,0.682366703910537,0.855232071318081,0.759082146767618
"DS24","Water Consumption of Oporto - Rotunda AEP (Half-Hourly)","mc.rf_UNDERB",11,0.761370972676612,0.916077557830397,0.831590178259279
"DS24","Water Consumption of Oporto - Rotunda AEP (Half-Hourly)","mc.rf_UNDERB",12,0.757234522330593,0.896577354700187,0.821035734895967
"DS24","Water Consumption of Oporto - Rotunda AEP (Half-Hourly)","mc.rf_UNDERB",13,0.767793732579574,0.887190103317716,0.823185080311856
"DS24","Water Consumption of Oporto - Rotunda AEP (Half-Hourly)","mc.rf_UNDERB",14,0.764122924393446,0.879688356989456,0.817843322418557
"DS24","Water Consumption of Oporto - Rotunda AEP (Half-Hourly)","mc.rf_UNDERB",15,0.775645340958577,0.913377420192211,0.838895670092874
"DS24","Water Consumption of Oporto - Rotunda AEP (Half-Hourly)","mc.rf_UNDERB",16,0.775621733904808,0.903679471129448,0.834767981098786
"DS24","Water Consumption of Oporto - Rotunda AEP (Half-Hourly)","mc.rf_UNDERB",17,0.781153785118059,0.915482788358823,0.843000624313341
"DS24","Water Consumption of Oporto - Rotunda AEP (Half-Hourly)","mc.rf_UNDERB",18,0.774829771826757,0.914859209090984,0.839042167214185
"DS24","Water Consumption of Oporto - Rotunda AEP (Half-Hourly)","mc.rf_UNDERB",19,0.744579127519026,0.917928528741614,0.822216271283268
"DS24","Water Consumption of Oporto - Rotunda AEP (Half-Hourly)","mc.rf_UNDERB",20,0.650561757208796,0.910970187754886,0.759052503564926
"DS24","Water Consumption of Oporto - Rotunda AEP (Half-Hourly)","mc.rf_UNDERB",21,0.545653676126518,0.916862584174213,0.684148892067218
"DS24","Water Consumption of Oporto - Rotunda AEP (Half-Hourly)","mc.rf_UNDERB",22,0.57427141390311,0.907349492840874,0.703371387088608
"DS24","Water Consumption of Oporto - Rotunda AEP (Half-Hourly)","mc.rf_UNDERB",23,0.462290729666439,0.920828764531424,0.615551444743327
"DS24","Water Consumption of Oporto - Rotunda AEP (Half-Hourly)","mc.rf_UNDERB",24,0.439098940052007,0.910617938794843,0.592496660571923
"DS24","Water Consumption of Oporto - Rotunda AEP (Half-Hourly)","mc.rf_UNDERB",25,0.4617471096493,0.90058212333379,0.61048560418929
"DS24","Water Consumption of Oporto - Rotunda AEP (Half-Hourly)","mc.rf_UNDERB",26,0.498218331103529,0.90907448625905,0.643672116854258
"DS24","Water Consumption of Oporto - Rotunda AEP (Half-Hourly)","mc.rf_UNDERB",27,0.766645019894508,0.906764878427296,0.830838611578299
"DS24","Water Consumption of Oporto - Rotunda AEP (Half-Hourly)","mc.rf_UNDERB",28,0.827125634431764,0.907435900423426,0.865421583220507
"DS24","Water Consumption of Oporto - Rotunda AEP (Half-Hourly)","mc.rf_UNDERB",29,0.819192772949266,0.908836882522542,0.861689616951546
"DS24","Water Consumption of Oporto - Rotunda AEP (Half-Hourly)","mc.rf_UNDERB",30,0.79363194474259,0.916411565661444,0.850614020772671
"DS24","Water Consumption of Oporto - Rotunda AEP (Half-Hourly)","mc.rf_UNDERB",31,0.811040302501275,0.908752919708414,0.85712076705622
"DS24","Water Consumption of Oporto - Rotunda AEP (Half-Hourly)","mc.rf_UNDERB",32,0.79911074372341,0.91005542472633,0.850982286809718
"DS24","Water Consumption of Oporto - Rotunda AEP (Half-Hourly)","mc.rf_UNDERB",33,0.820105296635593,0.934741814903786,0.873679203559677
"DS24","Water Consumption of Oporto - Rotunda AEP (Half-Hourly)","mc.rf_UNDERB",34,0.822766798613256,0.948690235099367,0.881252903969659
"DS24","Water Consumption of Oporto - Rotunda AEP (Half-Hourly)","mc.rf_UNDERB",35,0.812583677371776,0.948260111964276,0.875194828242482
"DS24","Water Consumption of Oporto - Rotunda AEP (Half-Hourly)","mc.rf_UNDERB",36,0.758484822870634,0.955277374544138,0.845582183241579
"DS24","Water Consumption of Oporto - Rotunda AEP (Half-Hourly)","mc.rf_UNDERB",37,0.79198007328458,0.956924156639414,0.866673944445779
"DS24","Water Consumption of Oporto - Rotunda AEP (Half-Hourly)","mc.rf_UNDERB",38,0.781980539068843,0.955052238804724,0.859894268032958
"DS24","Water Consumption of Oporto - Rotunda AEP (Half-Hourly)","mc.rf_UNDERB",39,0.748110404217453,0.952510450149188,0.838026860664182
"DS24","Water Consumption of Oporto - Rotunda AEP (Half-Hourly)","mc.rf_UNDERB",40,0.749907838362477,0.938839016809009,0.833804943007996
"DS24","Water Consumption of Oporto - Rotunda AEP (Half-Hourly)","mc.rf_UNDERB",41,0.78291457256672,0.949277641449116,0.858107192595295
"DS24","Water Consumption of Oporto - Rotunda AEP (Half-Hourly)","mc.rf_UNDERB",42,0.791411930601943,0.946663491494013,0.862103878703016
"DS24","Water Consumption of Oporto - Rotunda AEP (Half-Hourly)","mc.rf_UNDERB",43,0.777536859631766,0.949174020645406,0.854824968889081
"DS24","Water Consumption of Oporto - Rotunda AEP (Half-Hourly)","mc.rf_UNDERB",44,0.764197393493933,0.95202473065703,0.847832931963614
"DS24","Water Consumption of Oporto - Rotunda AEP (Half-Hourly)","mc.rf_UNDERB",45,0.73650707577387,0.95710555982703,0.832439487350674
"DS24","Water Consumption of Oporto - Rotunda AEP (Half-Hourly)","mc.rf_UNDERB",46,0.726653181468645,0.959748360749117,0.8270915108753
"DS24","Water Consumption of Oporto - Rotunda AEP (Half-Hourly)","mc.rf_UNDERB",47,0.755505479005632,0.951376579782094,0.842202558662431
"DS24","Water Consumption of Oporto - Rotunda AEP (Half-Hourly)","mc.rf_UNDERB",48,0.685092151758915,0.912685736208585,0.782679294296915
"DS24","Water Consumption of Oporto - Rotunda AEP (Half-Hourly)","mc.rf_UNDERB",49,0.624219042863041,0.904533489943796,0.738676819450444
"DS24","Water Consumption of Oporto - Rotunda AEP (Half-Hourly)","mc.rf_UNDERB",50,0.683324299201243,0.929617891934175,0.787666784367134
"DS24","Water Consumption of Oporto - Rotunda AEP (Half-Hourly)","mc.rf_UNDERT",1,0.353465606118633,0.569305030975801,0.436142503350278
"DS24","Water Consumption of Oporto - Rotunda AEP (Half-Hourly)","mc.rf_UNDERT",2,0.342520098062154,0.552316959703398,0.422824820579936
"DS24","Water Consumption of Oporto - Rotunda AEP (Half-Hourly)","mc.rf_UNDERT",3,0.390205239909139,0.615672671371136,0.47766970473007
"DS24","Water Consumption of Oporto - Rotunda AEP (Half-Hourly)","mc.rf_UNDERT",4,0.443780044544705,0.59282920765658,0.507589087445564
"DS24","Water Consumption of Oporto - Rotunda AEP (Half-Hourly)","mc.rf_UNDERT",5,0.366748721956768,0.596341720215025,0.454178661030359
"DS24","Water Consumption of Oporto - Rotunda AEP (Half-Hourly)","mc.rf_UNDERT",6,0.437831552988306,0.580529430778267,0.49918271867204
"DS24","Water Consumption of Oporto - Rotunda AEP (Half-Hourly)","mc.rf_UNDERT",7,0.466223325579519,0.386771508003167,0.422797165003373
"DS24","Water Consumption of Oporto - Rotunda AEP (Half-Hourly)","mc.rf_UNDERT",8,0.669969029466682,0.908017104587767,0.771037622157992
"DS24","Water Consumption of Oporto - Rotunda AEP (Half-Hourly)","mc.rf_UNDERT",9,0.684730216126612,0.779715407968198,0.729142401781315
"DS24","Water Consumption of Oporto - Rotunda AEP (Half-Hourly)","mc.rf_UNDERT",10,0.694090015446935,0.852382729131718,0.765135168018662
"DS24","Water Consumption of Oporto - Rotunda AEP (Half-Hourly)","mc.rf_UNDERT",11,0.729572216322696,0.92625268603214,0.816231503780711
"DS24","Water Consumption of Oporto - Rotunda AEP (Half-Hourly)","mc.rf_UNDERT",12,0.681141510823396,0.913045076121705,0.78022598821529
"DS24","Water Consumption of Oporto - Rotunda AEP (Half-Hourly)","mc.rf_UNDERT",13,0.751784031293059,0.890854863666327,0.815432366491795
"DS24","Water Consumption of Oporto - Rotunda AEP (Half-Hourly)","mc.rf_UNDERT",14,0.731442435002636,0.889194224558523,0.802640598019648
"DS24","Water Consumption of Oporto - Rotunda AEP (Half-Hourly)","mc.rf_UNDERT",15,0.785422214265357,0.909786721589621,0.843042631815468
"DS24","Water Consumption of Oporto - Rotunda AEP (Half-Hourly)","mc.rf_UNDERT",16,0.780661800971838,0.905579824000096,0.838493802855142
"DS24","Water Consumption of Oporto - Rotunda AEP (Half-Hourly)","mc.rf_UNDERT",17,0.781472408743118,0.911957123581028,0.841687612542353
"DS24","Water Consumption of Oporto - Rotunda AEP (Half-Hourly)","mc.rf_UNDERT",18,0.760637421298941,0.918445372401798,0.832125637030571
"DS24","Water Consumption of Oporto - Rotunda AEP (Half-Hourly)","mc.rf_UNDERT",19,0.788638631104389,0.906779991822855,0.843593106496995
"DS24","Water Consumption of Oporto - Rotunda AEP (Half-Hourly)","mc.rf_UNDERT",20,0.64294596250323,0.919534597549046,0.756759568076049
"DS24","Water Consumption of Oporto - Rotunda AEP (Half-Hourly)","mc.rf_UNDERT",21,0.577762939787391,0.902879020393554,0.704626845819215
"DS24","Water Consumption of Oporto - Rotunda AEP (Half-Hourly)","mc.rf_UNDERT",22,0.558087653416326,0.906941799324268,0.690979993095993
"DS24","Water Consumption of Oporto - Rotunda AEP (Half-Hourly)","mc.rf_UNDERT",23,0.546755189778513,0.907311175578435,0.682330746120759
"DS24","Water Consumption of Oporto - Rotunda AEP (Half-Hourly)","mc.rf_UNDERT",24,0.483526369417989,0.903167770977862,0.62985112658167
"DS24","Water Consumption of Oporto - Rotunda AEP (Half-Hourly)","mc.rf_UNDERT",25,0.428567427265997,0.894836160796154,0.579562628840295
"DS24","Water Consumption of Oporto - Rotunda AEP (Half-Hourly)","mc.rf_UNDERT",26,0.448474372649078,0.888685252390027,0.596118150122053
"DS24","Water Consumption of Oporto - Rotunda AEP (Half-Hourly)","mc.rf_UNDERT",27,0.810881058480819,0.902871102217764,0.854407179553486
"DS24","Water Consumption of Oporto - Rotunda AEP (Half-Hourly)","mc.rf_UNDERT",28,0.584633917447656,0.90041586442719,0.708950852122275
"DS24","Water Consumption of Oporto - Rotunda AEP (Half-Hourly)","mc.rf_UNDERT",29,0.819644579305432,0.909333850311823,0.862162937859227
"DS24","Water Consumption of Oporto - Rotunda AEP (Half-Hourly)","mc.rf_UNDERT",30,0.788979506426925,0.905658990466362,0.843302432464749
"DS24","Water Consumption of Oporto - Rotunda AEP (Half-Hourly)","mc.rf_UNDERT",31,0.774147352455593,0.909299369978667,0.836298161952687
"DS24","Water Consumption of Oporto - Rotunda AEP (Half-Hourly)","mc.rf_UNDERT",32,0.816650080799623,0.911833403915665,0.86162098691522
"DS24","Water Consumption of Oporto - Rotunda AEP (Half-Hourly)","mc.rf_UNDERT",33,0.824836816276463,0.935413734714671,0.876652117971371
"DS24","Water Consumption of Oporto - Rotunda AEP (Half-Hourly)","mc.rf_UNDERT",34,0.804380353694878,0.951307259961255,0.871695926186574
"DS24","Water Consumption of Oporto - Rotunda AEP (Half-Hourly)","mc.rf_UNDERT",35,0.788931626983067,0.948099397702178,0.861223075168024
"DS24","Water Consumption of Oporto - Rotunda AEP (Half-Hourly)","mc.rf_UNDERT",36,0.763899206793997,0.958589644142793,0.85024163541421
"DS24","Water Consumption of Oporto - Rotunda AEP (Half-Hourly)","mc.rf_UNDERT",37,0.76963145903505,0.957430671610855,0.853320504967807
"DS24","Water Consumption of Oporto - Rotunda AEP (Half-Hourly)","mc.rf_UNDERT",38,0.74477623049968,0.953078055272182,0.836149353128835
"DS24","Water Consumption of Oporto - Rotunda AEP (Half-Hourly)","mc.rf_UNDERT",39,0.788905947655549,0.955155943206549,0.864107183904718
"DS24","Water Consumption of Oporto - Rotunda AEP (Half-Hourly)","mc.rf_UNDERT",40,0.802916137945242,0.934206788252085,0.86360003100942
"DS24","Water Consumption of Oporto - Rotunda AEP (Half-Hourly)","mc.rf_UNDERT",41,0.707458136068883,0.941069933648628,0.807711549956939
"DS24","Water Consumption of Oporto - Rotunda AEP (Half-Hourly)","mc.rf_UNDERT",42,0.770825607119842,0.937603597087715,0.846074113206369
"DS24","Water Consumption of Oporto - Rotunda AEP (Half-Hourly)","mc.rf_UNDERT",43,0.739927772128883,0.948273571869215,0.831244393799839
"DS24","Water Consumption of Oporto - Rotunda AEP (Half-Hourly)","mc.rf_UNDERT",44,0.747233519716559,0.957444204513741,0.839377898475277
"DS24","Water Consumption of Oporto - Rotunda AEP (Half-Hourly)","mc.rf_UNDERT",45,0.786286475645877,0.95610547198913,0.862920427216702
"DS24","Water Consumption of Oporto - Rotunda AEP (Half-Hourly)","mc.rf_UNDERT",46,0.718487340154615,0.953373735610704,0.819430477091096
"DS24","Water Consumption of Oporto - Rotunda AEP (Half-Hourly)","mc.rf_UNDERT",47,0.763665462650995,0.957684907939762,0.849740878778443
"DS24","Water Consumption of Oporto - Rotunda AEP (Half-Hourly)","mc.rf_UNDERT",48,0.673548698218745,0.89950221181197,0.770297439132475
"DS24","Water Consumption of Oporto - Rotunda AEP (Half-Hourly)","mc.rf_UNDERT",49,0.653380501007627,0.91428488539659,0.762121715086581
"DS24","Water Consumption of Oporto - Rotunda AEP (Half-Hourly)","mc.rf_UNDERT",50,0.628512960849137,0.950522179415365,0.756684248631799
"DS24","Water Consumption of Oporto - Rotunda AEP (Half-Hourly)","mc.rf_UNDERTPhi",1,0.313380512242918,0.622114394268846,0.416802969620898
"DS24","Water Consumption of Oporto - Rotunda AEP (Half-Hourly)","mc.rf_UNDERTPhi",2,0.298438595740653,0.60367088974094,0.399416468894834
"DS24","Water Consumption of Oporto - Rotunda AEP (Half-Hourly)","mc.rf_UNDERTPhi",3,0.291900825151855,0.670859437999311,0.406797893531594
"DS24","Water Consumption of Oporto - Rotunda AEP (Half-Hourly)","mc.rf_UNDERTPhi",4,0.291338314549644,0.664573036155373,0.40509109575035
"DS24","Water Consumption of Oporto - Rotunda AEP (Half-Hourly)","mc.rf_UNDERTPhi",5,0.278965087413623,0.753118320433167,0.407125463882329
"DS24","Water Consumption of Oporto - Rotunda AEP (Half-Hourly)","mc.rf_UNDERTPhi",6,0.308793274053468,0.647014351045059,0.418062535958924
"DS24","Water Consumption of Oporto - Rotunda AEP (Half-Hourly)","mc.rf_UNDERTPhi",7,0.28566125154464,0.703310864719684,0.406297930015796
"DS24","Water Consumption of Oporto - Rotunda AEP (Half-Hourly)","mc.rf_UNDERTPhi",8,0.294581291791325,0.925157548387565,0.446872882517267
"DS24","Water Consumption of Oporto - Rotunda AEP (Half-Hourly)","mc.rf_UNDERTPhi",9,0.313748198728937,0.888670598469791,0.463763208264586
"DS24","Water Consumption of Oporto - Rotunda AEP (Half-Hourly)","mc.rf_UNDERTPhi",10,0.319754478311763,0.908945247153102,0.473084362751748
"DS24","Water Consumption of Oporto - Rotunda AEP (Half-Hourly)","mc.rf_UNDERTPhi",11,0.700938874809127,0.940728948081039,0.803321452944641
"DS24","Water Consumption of Oporto - Rotunda AEP (Half-Hourly)","mc.rf_UNDERTPhi",12,0.690166000871756,0.913077963560042,0.786125356558195
"DS24","Water Consumption of Oporto - Rotunda AEP (Half-Hourly)","mc.rf_UNDERTPhi",13,0.732159419586288,0.88555941986584,0.801586351158186
"DS24","Water Consumption of Oporto - Rotunda AEP (Half-Hourly)","mc.rf_UNDERTPhi",14,0.73197437795556,0.884116447494487,0.800883931155094
"DS24","Water Consumption of Oporto - Rotunda AEP (Half-Hourly)","mc.rf_UNDERTPhi",15,0.806913220508308,0.89332987715868,0.847925439772126
"DS24","Water Consumption of Oporto - Rotunda AEP (Half-Hourly)","mc.rf_UNDERTPhi",16,0.746140760219628,0.903261008328734,0.817217330892401
"DS24","Water Consumption of Oporto - Rotunda AEP (Half-Hourly)","mc.rf_UNDERTPhi",17,0.737593006646229,0.911498334204301,0.815376056164395
"DS24","Water Consumption of Oporto - Rotunda AEP (Half-Hourly)","mc.rf_UNDERTPhi",18,0.700886762893044,0.908773247140986,0.79140580671937
"DS24","Water Consumption of Oporto - Rotunda AEP (Half-Hourly)","mc.rf_UNDERTPhi",19,0.720477879654912,0.911749052513679,0.804906488412949
"DS24","Water Consumption of Oporto - Rotunda AEP (Half-Hourly)","mc.rf_UNDERTPhi",20,0.495190137217564,0.91363309734947,0.642269502294278
"DS24","Water Consumption of Oporto - Rotunda AEP (Half-Hourly)","mc.rf_UNDERTPhi",21,0.447812515705892,0.916726117028151,0.601699972183468
"DS24","Water Consumption of Oporto - Rotunda AEP (Half-Hourly)","mc.rf_UNDERTPhi",22,0.431547529424729,0.91197138848893,0.585862981698229
"DS24","Water Consumption of Oporto - Rotunda AEP (Half-Hourly)","mc.rf_UNDERTPhi",23,0.361928990825995,0.921561833309995,0.519738728226857
"DS24","Water Consumption of Oporto - Rotunda AEP (Half-Hourly)","mc.rf_UNDERTPhi",24,0.36396401554163,0.919258309092511,0.52146372312017
"DS24","Water Consumption of Oporto - Rotunda AEP (Half-Hourly)","mc.rf_UNDERTPhi",25,0.379704997240175,0.903673902416676,0.53472828128137
"DS24","Water Consumption of Oporto - Rotunda AEP (Half-Hourly)","mc.rf_UNDERTPhi",26,0.382653485089694,0.906162098495002,0.538084873370118
"DS24","Water Consumption of Oporto - Rotunda AEP (Half-Hourly)","mc.rf_UNDERTPhi",27,0.395596027080299,0.902903307938996,0.550150395653485
"DS24","Water Consumption of Oporto - Rotunda AEP (Half-Hourly)","mc.rf_UNDERTPhi",28,0.39017002201235,0.903791502416197,0.545043022895191
"DS24","Water Consumption of Oporto - Rotunda AEP (Half-Hourly)","mc.rf_UNDERTPhi",29,0.451623335902233,0.908571521672948,0.603343115493325
"DS24","Water Consumption of Oporto - Rotunda AEP (Half-Hourly)","mc.rf_UNDERTPhi",30,0.439614859309299,0.904758037290205,0.591718381526969
"DS24","Water Consumption of Oporto - Rotunda AEP (Half-Hourly)","mc.rf_UNDERTPhi",31,0.450018909656242,0.901135692433649,0.600268986441766
"DS24","Water Consumption of Oporto - Rotunda AEP (Half-Hourly)","mc.rf_UNDERTPhi",32,0.428588556972101,0.905257563264362,0.581750813442817
"DS24","Water Consumption of Oporto - Rotunda AEP (Half-Hourly)","mc.rf_UNDERTPhi",33,0.355073649773996,0.941112213544343,0.515611468951818
"DS24","Water Consumption of Oporto - Rotunda AEP (Half-Hourly)","mc.rf_UNDERTPhi",34,0.586359554064949,0.945920681946665,0.7239532511243
"DS24","Water Consumption of Oporto - Rotunda AEP (Half-Hourly)","mc.rf_UNDERTPhi",35,0.720553623874565,0.942182955654919,0.816597591474305
"DS24","Water Consumption of Oporto - Rotunda AEP (Half-Hourly)","mc.rf_UNDERTPhi",36,0.685009518944607,0.957547803367877,0.79866845587835
"DS24","Water Consumption of Oporto - Rotunda AEP (Half-Hourly)","mc.rf_UNDERTPhi",37,0.563259125583202,0.953481913417173,0.708172819223918
"DS24","Water Consumption of Oporto - Rotunda AEP (Half-Hourly)","mc.rf_UNDERTPhi",38,0.715508390212447,0.952114173250787,0.817026219633715
"DS24","Water Consumption of Oporto - Rotunda AEP (Half-Hourly)","mc.rf_UNDERTPhi",39,0.705816391216153,0.953137055359415,0.811041151440206
"DS24","Water Consumption of Oporto - Rotunda AEP (Half-Hourly)","mc.rf_UNDERTPhi",40,0.558838821304098,0.941180272183955,0.701281838644997
"DS24","Water Consumption of Oporto - Rotunda AEP (Half-Hourly)","mc.rf_UNDERTPhi",41,0.552250764241564,0.943294742885447,0.696649135958785
"DS24","Water Consumption of Oporto - Rotunda AEP (Half-Hourly)","mc.rf_UNDERTPhi",42,0.339738928160781,0.936811632551441,0.498642810910687
"DS24","Water Consumption of Oporto - Rotunda AEP (Half-Hourly)","mc.rf_UNDERTPhi",43,0.641604760232537,0.948783499027714,0.7655288019913
"DS24","Water Consumption of Oporto - Rotunda AEP (Half-Hourly)","mc.rf_UNDERTPhi",44,0.432399766854159,0.948880617067037,0.594080336430268
"DS24","Water Consumption of Oporto - Rotunda AEP (Half-Hourly)","mc.rf_UNDERTPhi",45,0.535118642765849,0.951257398285105,0.6849351090608
"DS24","Water Consumption of Oporto - Rotunda AEP (Half-Hourly)","mc.rf_UNDERTPhi",46,0.473281463474081,0.9496898102164,0.631735287332873
"DS24","Water Consumption of Oporto - Rotunda AEP (Half-Hourly)","mc.rf_UNDERTPhi",47,0.546055529780893,0.950923713395371,0.693739949256174
"DS24","Water Consumption of Oporto - Rotunda AEP (Half-Hourly)","mc.rf_UNDERTPhi",48,0.426238744062721,0.913449397462825,0.581250982032343
"DS24","Water Consumption of Oporto - Rotunda AEP (Half-Hourly)","mc.rf_UNDERTPhi",49,0.333389875317771,0.932609269801961,0.491189096577262
"DS24","Water Consumption of Oporto - Rotunda AEP (Half-Hourly)","mc.rf_UNDERTPhi",50,0.469930977269394,0.947981044333409,0.628368547285302
"DS24","Water Consumption of Oporto - Rotunda AEP (Half-Hourly)","mc.rf_OVERB",1,0.406693646279331,0.615932927195654,0.489907097120491
"DS24","Water Consumption of Oporto - Rotunda AEP (Half-Hourly)","mc.rf_OVERB",2,0.388015901696616,0.604181491524535,0.472551183512425
"DS24","Water Consumption of Oporto - Rotunda AEP (Half-Hourly)","mc.rf_OVERB",3,0.423323611701982,0.656964752389074,0.514878621276716
"DS24","Water Consumption of Oporto - Rotunda AEP (Half-Hourly)","mc.rf_OVERB",4,0.426020956775233,0.608020252555059,0.501003958826725
"DS24","Water Consumption of Oporto - Rotunda AEP (Half-Hourly)","mc.rf_OVERB",5,0.459264373017699,0.638316032524857,0.534185579451486
"DS24","Water Consumption of Oporto - Rotunda AEP (Half-Hourly)","mc.rf_OVERB",6,0.666455891514577,0.649664199419729,0.657952927231761
"DS24","Water Consumption of Oporto - Rotunda AEP (Half-Hourly)","mc.rf_OVERB",7,0.721893411273634,0.642247522383094,0.679745389022745
"DS24","Water Consumption of Oporto - Rotunda AEP (Half-Hourly)","mc.rf_OVERB",8,0.33584642794795,0.752884746459498,0.464492353482095
"DS24","Water Consumption of Oporto - Rotunda AEP (Half-Hourly)","mc.rf_OVERB",9,0.150791398698785,0.656738564551402,0.245267745433383
"DS24","Water Consumption of Oporto - Rotunda AEP (Half-Hourly)","mc.rf_OVERB",10,0.179273572746456,0.738120693081592,0.288481275054382
"DS24","Water Consumption of Oporto - Rotunda AEP (Half-Hourly)","mc.rf_OVERB",11,0.849248913480841,0.849269545585508,0.849259229407864
"DS24","Water Consumption of Oporto - Rotunda AEP (Half-Hourly)","mc.rf_OVERB",12,0.811741669258257,0.841843880602795,0.8265187815082
"DS24","Water Consumption of Oporto - Rotunda AEP (Half-Hourly)","mc.rf_OVERB",13,0.795856027065555,0.820031873348124,0.807763098693771
"DS24","Water Consumption of Oporto - Rotunda AEP (Half-Hourly)","mc.rf_OVERB",14,0.793754754978103,0.819399092346382,0.80637308940299
"DS24","Water Consumption of Oporto - Rotunda AEP (Half-Hourly)","mc.rf_OVERB",15,0.867142986144607,0.844748337712029,0.85579918058589
"DS24","Water Consumption of Oporto - Rotunda AEP (Half-Hourly)","mc.rf_OVERB",16,0.854798134599676,0.838642881788615,0.846643448470523
"DS24","Water Consumption of Oporto - Rotunda AEP (Half-Hourly)","mc.rf_OVERB",17,0.867554262256977,0.839317058077231,0.853202092559989
"DS24","Water Consumption of Oporto - Rotunda AEP (Half-Hourly)","mc.rf_OVERB",18,0.848167920907124,0.840872299312731,0.844504353796427
"DS24","Water Consumption of Oporto - Rotunda AEP (Half-Hourly)","mc.rf_OVERB",19,0.850216071689442,0.840625999051078,0.845393839012067
"DS24","Water Consumption of Oporto - Rotunda AEP (Half-Hourly)","mc.rf_OVERB",20,0.732762192995501,0.835842054565612,0.780915208987411
"DS24","Water Consumption of Oporto - Rotunda AEP (Half-Hourly)","mc.rf_OVERB",21,0.636831656015517,0.829579003771407,0.72053782102786
"DS24","Water Consumption of Oporto - Rotunda AEP (Half-Hourly)","mc.rf_OVERB",22,0.625005721340652,0.829412507769023,0.712845249504978
"DS24","Water Consumption of Oporto - Rotunda AEP (Half-Hourly)","mc.rf_OVERB",23,0.419326969707641,0.826313275443504,0.556333087614516
"DS24","Water Consumption of Oporto - Rotunda AEP (Half-Hourly)","mc.rf_OVERB",24,0.454544469091434,0.815461232403155,0.583719258127942
"DS24","Water Consumption of Oporto - Rotunda AEP (Half-Hourly)","mc.rf_OVERB",25,0.437127733891,0.824710452065922,0.57139467649635
"DS24","Water Consumption of Oporto - Rotunda AEP (Half-Hourly)","mc.rf_OVERB",26,0.468489913701343,0.826565329383138,0.598024712689368
"DS24","Water Consumption of Oporto - Rotunda AEP (Half-Hourly)","mc.rf_OVERB",27,0.724711570459536,0.827828853923667,0.772845768620914
"DS24","Water Consumption of Oporto - Rotunda AEP (Half-Hourly)","mc.rf_OVERB",28,0.731214840622248,0.828033520340661,0.776618290920465
"DS24","Water Consumption of Oporto - Rotunda AEP (Half-Hourly)","mc.rf_OVERB",29,0.788327966607868,0.832098618015086,0.809622130100614
"DS24","Water Consumption of Oporto - Rotunda AEP (Half-Hourly)","mc.rf_OVERB",30,0.812270727089463,0.829539316776609,0.820814206253446
"DS24","Water Consumption of Oporto - Rotunda AEP (Half-Hourly)","mc.rf_OVERB",31,0.814575295972279,0.829445041172493,0.821942922043458
"DS24","Water Consumption of Oporto - Rotunda AEP (Half-Hourly)","mc.rf_OVERB",32,0.854760702804629,0.832706100025,0.843589278430305
"DS24","Water Consumption of Oporto - Rotunda AEP (Half-Hourly)","mc.rf_OVERB",33,0.915067452052083,0.877123100943714,0.895693596615525
"DS24","Water Consumption of Oporto - Rotunda AEP (Half-Hourly)","mc.rf_OVERB",34,0.873389161622947,0.887476523934452,0.880376491582091
"DS24","Water Consumption of Oporto - Rotunda AEP (Half-Hourly)","mc.rf_OVERB",35,0.886505642881576,0.890609768191968,0.88855296643979
"DS24","Water Consumption of Oporto - Rotunda AEP (Half-Hourly)","mc.rf_OVERB",36,0.86181687074328,0.898918818348304,0.879976941321471
"DS24","Water Consumption of Oporto - Rotunda AEP (Half-Hourly)","mc.rf_OVERB",37,0.853017566078239,0.905362808891122,0.878411054458589
"DS24","Water Consumption of Oporto - Rotunda AEP (Half-Hourly)","mc.rf_OVERB",38,0.872308316176847,0.898053545347992,0.884993732642228
"DS24","Water Consumption of Oporto - Rotunda AEP (Half-Hourly)","mc.rf_OVERB",39,0.864119453716872,0.896855821731329,0.880183354692499
"DS24","Water Consumption of Oporto - Rotunda AEP (Half-Hourly)","mc.rf_OVERB",40,0.890778710524565,0.873294822128684,0.881950124146528
"DS24","Water Consumption of Oporto - Rotunda AEP (Half-Hourly)","mc.rf_OVERB",41,0.857292530751102,0.871945011143484,0.864556692957298
"DS24","Water Consumption of Oporto - Rotunda AEP (Half-Hourly)","mc.rf_OVERB",42,0.790045166407446,0.869597299306149,0.827914634905891
"DS24","Water Consumption of Oporto - Rotunda AEP (Half-Hourly)","mc.rf_OVERB",43,0.842671095370722,0.879877601439331,0.86087252403385
"DS24","Water Consumption of Oporto - Rotunda AEP (Half-Hourly)","mc.rf_OVERB",44,0.747887091878761,0.886078694087482,0.811139160181299
"DS24","Water Consumption of Oporto - Rotunda AEP (Half-Hourly)","mc.rf_OVERB",45,0.824960998101626,0.887627178519946,0.855147563354632
"DS24","Water Consumption of Oporto - Rotunda AEP (Half-Hourly)","mc.rf_OVERB",46,0.837785582731196,0.890652334941171,0.863410456123805
"DS24","Water Consumption of Oporto - Rotunda AEP (Half-Hourly)","mc.rf_OVERB",47,0.881399300472474,0.895376506267472,0.888332926742901
"DS24","Water Consumption of Oporto - Rotunda AEP (Half-Hourly)","mc.rf_OVERB",48,0.647854779654568,0.848889493281883,0.734871180822701
"DS24","Water Consumption of Oporto - Rotunda AEP (Half-Hourly)","mc.rf_OVERB",49,0.499946854985262,0.866341454041783,0.634016528473384
"DS24","Water Consumption of Oporto - Rotunda AEP (Half-Hourly)","mc.rf_OVERB",50,0.668221806111486,0.878688434354779,0.759137482258628
"DS24","Water Consumption of Oporto - Rotunda AEP (Half-Hourly)","mc.rf_OVERT",1,0.393785938948147,0.656324631834907,0.492236567448668
"DS24","Water Consumption of Oporto - Rotunda AEP (Half-Hourly)","mc.rf_OVERT",2,0.43420968870444,0.677760813979578,0.529313163152795
"DS24","Water Consumption of Oporto - Rotunda AEP (Half-Hourly)","mc.rf_OVERT",3,0.35898513072366,0.522102141802352,0.425444587546206
"DS24","Water Consumption of Oporto - Rotunda AEP (Half-Hourly)","mc.rf_OVERT",4,0.33976644713182,0.54424433003367,0.418356805513381
"DS24","Water Consumption of Oporto - Rotunda AEP (Half-Hourly)","mc.rf_OVERT",5,0.468705635700638,0.643705525938753,0.542440453931621
"DS24","Water Consumption of Oporto - Rotunda AEP (Half-Hourly)","mc.rf_OVERT",6,0.782906814219678,0.641938850375901,0.705449457102133
"DS24","Water Consumption of Oporto - Rotunda AEP (Half-Hourly)","mc.rf_OVERT",7,0.801440447591909,0.644372117443344,0.714374588668688
"DS24","Water Consumption of Oporto - Rotunda AEP (Half-Hourly)","mc.rf_OVERT",8,0.356119376416018,0.745386944912571,0.481970423357599
"DS24","Water Consumption of Oporto - Rotunda AEP (Half-Hourly)","mc.rf_OVERT",9,0.107786493004401,0.656046159902939,0.185152898493646
"DS24","Water Consumption of Oporto - Rotunda AEP (Half-Hourly)","mc.rf_OVERT",10,0.203503126163301,0.751291161186321,0.320257676414622
"DS24","Water Consumption of Oporto - Rotunda AEP (Half-Hourly)","mc.rf_OVERT",11,0.809039658558493,0.843739285184606,0.826025217446434
"DS24","Water Consumption of Oporto - Rotunda AEP (Half-Hourly)","mc.rf_OVERT",12,0.796465625852964,0.836375742606535,0.815932940150609
"DS24","Water Consumption of Oporto - Rotunda AEP (Half-Hourly)","mc.rf_OVERT",13,0.802995979071866,0.818756562015664,0.810799687967683
"DS24","Water Consumption of Oporto - Rotunda AEP (Half-Hourly)","mc.rf_OVERT",14,0.797862298565721,0.819793873255305,0.808679415885095
"DS24","Water Consumption of Oporto - Rotunda AEP (Half-Hourly)","mc.rf_OVERT",15,0.867636212155323,0.845708257070102,0.856531913964164
"DS24","Water Consumption of Oporto - Rotunda AEP (Half-Hourly)","mc.rf_OVERT",16,0.857248700133788,0.836464082394425,0.846728860687781
"DS24","Water Consumption of Oporto - Rotunda AEP (Half-Hourly)","mc.rf_OVERT",17,0.853142907296958,0.839673165886572,0.846354447209984
"DS24","Water Consumption of Oporto - Rotunda AEP (Half-Hourly)","mc.rf_OVERT",18,0.850990896311333,0.840674934540134,0.845801461498686
"DS24","Water Consumption of Oporto - Rotunda AEP (Half-Hourly)","mc.rf_OVERT",19,0.846665004179047,0.83972204325425,0.843179231414511
"DS24","Water Consumption of Oporto - Rotunda AEP (Half-Hourly)","mc.rf_OVERT",20,0.736812460398634,0.83591908434439,0.783243140622071
"DS24","Water Consumption of Oporto - Rotunda AEP (Half-Hourly)","mc.rf_OVERT",21,0.651771756852952,0.828895137199206,0.729739338387834
"DS24","Water Consumption of Oporto - Rotunda AEP (Half-Hourly)","mc.rf_OVERT",22,0.626378527222448,0.826635571205218,0.712707154323579
"DS24","Water Consumption of Oporto - Rotunda AEP (Half-Hourly)","mc.rf_OVERT",23,0.433350939250775,0.823653354404938,0.567907296021048
"DS24","Water Consumption of Oporto - Rotunda AEP (Half-Hourly)","mc.rf_OVERT",24,0.64494887560171,0.818154925081427,0.721299608070042
"DS24","Water Consumption of Oporto - Rotunda AEP (Half-Hourly)","mc.rf_OVERT",25,0.691144087747032,0.823964240545435,0.751732404520217
"DS24","Water Consumption of Oporto - Rotunda AEP (Half-Hourly)","mc.rf_OVERT",26,0.711326230782462,0.824398627073848,0.76369978002081
"DS24","Water Consumption of Oporto - Rotunda AEP (Half-Hourly)","mc.rf_OVERT",27,0.747303720294449,0.826578147894134,0.784944458056833
"DS24","Water Consumption of Oporto - Rotunda AEP (Half-Hourly)","mc.rf_OVERT",28,0.711320674666718,0.82705264920297,0.764833398093669
"DS24","Water Consumption of Oporto - Rotunda AEP (Half-Hourly)","mc.rf_OVERT",29,0.854755221133901,0.827793580245541,0.841058380185948
"DS24","Water Consumption of Oporto - Rotunda AEP (Half-Hourly)","mc.rf_OVERT",30,0.808992305745778,0.830199374849592,0.81945865689647
"DS24","Water Consumption of Oporto - Rotunda AEP (Half-Hourly)","mc.rf_OVERT",31,0.816468439958434,0.829599419479788,0.822981555625843
"DS24","Water Consumption of Oporto - Rotunda AEP (Half-Hourly)","mc.rf_OVERT",32,0.856723923598008,0.832614141573691,0.844496988398471
"DS24","Water Consumption of Oporto - Rotunda AEP (Half-Hourly)","mc.rf_OVERT",33,0.890569723329609,0.87892918183664,0.884711164284145
"DS24","Water Consumption of Oporto - Rotunda AEP (Half-Hourly)","mc.rf_OVERT",34,0.887040060759681,0.887658821328276,0.887349333176485
"DS24","Water Consumption of Oporto - Rotunda AEP (Half-Hourly)","mc.rf_OVERT",35,0.888966721830675,0.887752135261407,0.888359013392983
"DS24","Water Consumption of Oporto - Rotunda AEP (Half-Hourly)","mc.rf_OVERT",36,0.855392513044258,0.897034410982429,0.87571870595815
"DS24","Water Consumption of Oporto - Rotunda AEP (Half-Hourly)","mc.rf_OVERT",37,0.850582614235994,0.90246786192615,0.875757411094777
"DS24","Water Consumption of Oporto - Rotunda AEP (Half-Hourly)","mc.rf_OVERT",38,0.850608055996701,0.896998324359327,0.87318747458469
"DS24","Water Consumption of Oporto - Rotunda AEP (Half-Hourly)","mc.rf_OVERT",39,0.856795448620565,0.897227693375964,0.8765455661957
"DS24","Water Consumption of Oporto - Rotunda AEP (Half-Hourly)","mc.rf_OVERT",40,0.864421897719743,0.872347915967543,0.868366821037231
"DS24","Water Consumption of Oporto - Rotunda AEP (Half-Hourly)","mc.rf_OVERT",41,0.852505065901475,0.871708284503984,0.861999738435128
"DS24","Water Consumption of Oporto - Rotunda AEP (Half-Hourly)","mc.rf_OVERT",42,0.816812590339818,0.87206725629276,0.843536046668208
"DS24","Water Consumption of Oporto - Rotunda AEP (Half-Hourly)","mc.rf_OVERT",43,0.869963400857502,0.877555717964077,0.873743066521406
"DS24","Water Consumption of Oporto - Rotunda AEP (Half-Hourly)","mc.rf_OVERT",44,0.776910613770557,0.883226816962769,0.826664438452006
"DS24","Water Consumption of Oporto - Rotunda AEP (Half-Hourly)","mc.rf_OVERT",45,0.81314020462261,0.886068663675127,0.848039423443297
"DS24","Water Consumption of Oporto - Rotunda AEP (Half-Hourly)","mc.rf_OVERT",46,0.771145963971735,0.893456119383403,0.827807543121243
"DS24","Water Consumption of Oporto - Rotunda AEP (Half-Hourly)","mc.rf_OVERT",47,0.82918636605043,0.894277407997005,0.860502721721409
"DS24","Water Consumption of Oporto - Rotunda AEP (Half-Hourly)","mc.rf_OVERT",48,0.714241854434229,0.851307726186103,0.776774643961669
"DS24","Water Consumption of Oporto - Rotunda AEP (Half-Hourly)","mc.rf_OVERT",49,0.738526213875753,0.85975948110507,0.794544950778562
"DS24","Water Consumption of Oporto - Rotunda AEP (Half-Hourly)","mc.rf_OVERT",50,0.464350784051483,0.870645554061538,0.605671991925997
"DS24","Water Consumption of Oporto - Rotunda AEP (Half-Hourly)","mc.rf_OVERTPhi",1,0.383335858806521,0.570690635635584,0.458616581821736
"DS24","Water Consumption of Oporto - Rotunda AEP (Half-Hourly)","mc.rf_OVERTPhi",2,0.413038086785624,0.61878753515935,0.495399250053979
"DS24","Water Consumption of Oporto - Rotunda AEP (Half-Hourly)","mc.rf_OVERTPhi",3,0.395880917694279,0.572162659406275,0.46797124434126
"DS24","Water Consumption of Oporto - Rotunda AEP (Half-Hourly)","mc.rf_OVERTPhi",4,0.336707722277603,0.526004122596475,0.410588196001735
"DS24","Water Consumption of Oporto - Rotunda AEP (Half-Hourly)","mc.rf_OVERTPhi",5,0.366626135304697,0.63790213637845,0.465634669636874
"DS24","Water Consumption of Oporto - Rotunda AEP (Half-Hourly)","mc.rf_OVERTPhi",6,0.540883765838455,0.636255682566604,0.584706204671039
"DS24","Water Consumption of Oporto - Rotunda AEP (Half-Hourly)","mc.rf_OVERTPhi",7,0.63084303811023,0.632157931614321,0.63149980040321
"DS24","Water Consumption of Oporto - Rotunda AEP (Half-Hourly)","mc.rf_OVERTPhi",8,0.327717722579185,0.741778617622324,0.454595289553439
"DS24","Water Consumption of Oporto - Rotunda AEP (Half-Hourly)","mc.rf_OVERTPhi",9,0.202990951788475,0.677507794812489,0.312386480148903
"DS24","Water Consumption of Oporto - Rotunda AEP (Half-Hourly)","mc.rf_OVERTPhi",10,0.0999470317934056,0.74195308662871,0.176163435818201
"DS24","Water Consumption of Oporto - Rotunda AEP (Half-Hourly)","mc.rf_OVERTPhi",11,0.817651866377148,0.844017107467448,0.830625321935562
"DS24","Water Consumption of Oporto - Rotunda AEP (Half-Hourly)","mc.rf_OVERTPhi",12,0.805905714872781,0.838380833690806,0.821822577945997
"DS24","Water Consumption of Oporto - Rotunda AEP (Half-Hourly)","mc.rf_OVERTPhi",13,0.798539559642233,0.818786085586927,0.808536094328895
"DS24","Water Consumption of Oporto - Rotunda AEP (Half-Hourly)","mc.rf_OVERTPhi",14,0.801093701108065,0.814891918598822,0.807933901282847
"DS24","Water Consumption of Oporto - Rotunda AEP (Half-Hourly)","mc.rf_OVERTPhi",15,0.865183388806459,0.845523404175761,0.855240427104052
"DS24","Water Consumption of Oporto - Rotunda AEP (Half-Hourly)","mc.rf_OVERTPhi",16,0.85820247938118,0.836550889595807,0.847238377833137
"DS24","Water Consumption of Oporto - Rotunda AEP (Half-Hourly)","mc.rf_OVERTPhi",17,0.855560065795273,0.839002721534796,0.847200503877117
"DS24","Water Consumption of Oporto - Rotunda AEP (Half-Hourly)","mc.rf_OVERTPhi",18,0.84836181169361,0.840272042048025,0.844297548965781
"DS24","Water Consumption of Oporto - Rotunda AEP (Half-Hourly)","mc.rf_OVERTPhi",19,0.852327273856202,0.83942586147504,0.84582737418758
"DS24","Water Consumption of Oporto - Rotunda AEP (Half-Hourly)","mc.rf_OVERTPhi",20,0.748151379516913,0.834991285418951,0.789189623786807
"DS24","Water Consumption of Oporto - Rotunda AEP (Half-Hourly)","mc.rf_OVERTPhi",21,0.65099347977972,0.828842419723859,0.729230871052772
"DS24","Water Consumption of Oporto - Rotunda AEP (Half-Hourly)","mc.rf_OVERTPhi",22,0.630128424717108,0.826999555749259,0.715264457606862
"DS24","Water Consumption of Oporto - Rotunda AEP (Half-Hourly)","mc.rf_OVERTPhi",23,0.658705467815489,0.825301824309125,0.732652497269359
"DS24","Water Consumption of Oporto - Rotunda AEP (Half-Hourly)","mc.rf_OVERTPhi",24,0.685192428002621,0.818920325075202,0.746111625914711
"DS24","Water Consumption of Oporto - Rotunda AEP (Half-Hourly)","mc.rf_OVERTPhi",25,0.698348398056386,0.823369755484035,0.755723322893356
"DS24","Water Consumption of Oporto - Rotunda AEP (Half-Hourly)","mc.rf_OVERTPhi",26,0.704402772157257,0.823968029850704,0.759508574271712
"DS24","Water Consumption of Oporto - Rotunda AEP (Half-Hourly)","mc.rf_OVERTPhi",27,0.754528201304781,0.826873052145566,0.789045835624004
"DS24","Water Consumption of Oporto - Rotunda AEP (Half-Hourly)","mc.rf_OVERTPhi",28,0.699137358438958,0.827720087721686,0.758014491937995
"DS24","Water Consumption of Oporto - Rotunda AEP (Half-Hourly)","mc.rf_OVERTPhi",29,0.85395094505217,0.829194227072077,0.841390517665619
"DS24","Water Consumption of Oporto - Rotunda AEP (Half-Hourly)","mc.rf_OVERTPhi",30,0.821409577988934,0.83157445544376,0.826460762714015
"DS24","Water Consumption of Oporto - Rotunda AEP (Half-Hourly)","mc.rf_OVERTPhi",31,0.812379250353095,0.829539418252993,0.820869661358828
"DS24","Water Consumption of Oporto - Rotunda AEP (Half-Hourly)","mc.rf_OVERTPhi",32,0.857962032425614,0.832123654594193,0.844845332290772
"DS24","Water Consumption of Oporto - Rotunda AEP (Half-Hourly)","mc.rf_OVERTPhi",33,0.878099906193557,0.878618012557233,0.878358882973202
"DS24","Water Consumption of Oporto - Rotunda AEP (Half-Hourly)","mc.rf_OVERTPhi",34,0.867899687676881,0.885709225503163,0.876714020337331
"DS24","Water Consumption of Oporto - Rotunda AEP (Half-Hourly)","mc.rf_OVERTPhi",35,0.882849320979995,0.887150548260169,0.8849947084739
"DS24","Water Consumption of Oporto - Rotunda AEP (Half-Hourly)","mc.rf_OVERTPhi",36,0.845774141971146,0.897325853523324,0.870787683774764
"DS24","Water Consumption of Oporto - Rotunda AEP (Half-Hourly)","mc.rf_OVERTPhi",37,0.843130645694514,0.901187574306046,0.871192942554123
"DS24","Water Consumption of Oporto - Rotunda AEP (Half-Hourly)","mc.rf_OVERTPhi",38,0.84257086734286,0.896291183875121,0.868601209233878
"DS24","Water Consumption of Oporto - Rotunda AEP (Half-Hourly)","mc.rf_OVERTPhi",39,0.847735150315769,0.895697461149016,0.871056577548654
"DS24","Water Consumption of Oporto - Rotunda AEP (Half-Hourly)","mc.rf_OVERTPhi",40,0.890323438220643,0.871262884225848,0.8806900425983
"DS24","Water Consumption of Oporto - Rotunda AEP (Half-Hourly)","mc.rf_OVERTPhi",41,0.84275825874544,0.871601243109348,0.856937118694739
"DS24","Water Consumption of Oporto - Rotunda AEP (Half-Hourly)","mc.rf_OVERTPhi",42,0.84385725926937,0.873758168733379,0.858547450739821
"DS24","Water Consumption of Oporto - Rotunda AEP (Half-Hourly)","mc.rf_OVERTPhi",43,0.844797565553385,0.87861839910761,0.861376127222457
"DS24","Water Consumption of Oporto - Rotunda AEP (Half-Hourly)","mc.rf_OVERTPhi",44,0.789752273741484,0.88395401959448,0.834202153194071
"DS24","Water Consumption of Oporto - Rotunda AEP (Half-Hourly)","mc.rf_OVERTPhi",45,0.841034544624672,0.885459475743464,0.862675454626497
"DS24","Water Consumption of Oporto - Rotunda AEP (Half-Hourly)","mc.rf_OVERTPhi",46,0.74873579671143,0.892993094326632,0.814526563537164
"DS24","Water Consumption of Oporto - Rotunda AEP (Half-Hourly)","mc.rf_OVERTPhi",47,0.824124963801709,0.892933765751911,0.857150655026139
"DS24","Water Consumption of Oporto - Rotunda AEP (Half-Hourly)","mc.rf_OVERTPhi",48,0.669970832300057,0.852580944138253,0.750325044556036
"DS24","Water Consumption of Oporto - Rotunda AEP (Half-Hourly)","mc.rf_OVERTPhi",49,0.576221440773597,0.86399907075062,0.691359115345581
"DS24","Water Consumption of Oporto - Rotunda AEP (Half-Hourly)","mc.rf_OVERTPhi",50,0.469590915549295,0.870940211308774,0.610184430667809
"DS24","Water Consumption of Oporto - Rotunda AEP (Half-Hourly)","mc.rf_SMOTEB",1,0.298403644402477,0.596491310972962,0.397801283780995
"DS24","Water Consumption of Oporto - Rotunda AEP (Half-Hourly)","mc.rf_SMOTEB",2,0.305359057362174,0.637916998064698,0.413015324800525
"DS24","Water Consumption of Oporto - Rotunda AEP (Half-Hourly)","mc.rf_SMOTEB",3,0.314606976718066,0.575079395443237,0.406714086299274
"DS24","Water Consumption of Oporto - Rotunda AEP (Half-Hourly)","mc.rf_SMOTEB",4,0.334871118042,0.606065892568875,0.431386927632701
"DS24","Water Consumption of Oporto - Rotunda AEP (Half-Hourly)","mc.rf_SMOTEB",5,0.329228454536156,0.613112893108955,0.428409961547123
"DS24","Water Consumption of Oporto - Rotunda AEP (Half-Hourly)","mc.rf_SMOTEB",6,0.340162844398333,0.644840093774837,0.445380682594417
"DS24","Water Consumption of Oporto - Rotunda AEP (Half-Hourly)","mc.rf_SMOTEB",7,0.397979571316551,0.648579614200415,0.49327632951142
"DS24","Water Consumption of Oporto - Rotunda AEP (Half-Hourly)","mc.rf_SMOTEB",8,0.515580020101822,0.776213409436864,0.61960390274423
"DS24","Water Consumption of Oporto - Rotunda AEP (Half-Hourly)","mc.rf_SMOTEB",9,0.708732422748371,0.876487974228078,0.783733853878372
"DS24","Water Consumption of Oporto - Rotunda AEP (Half-Hourly)","mc.rf_SMOTEB",10,0.69464845140728,0.858280125476369,0.767843375298354
"DS24","Water Consumption of Oporto - Rotunda AEP (Half-Hourly)","mc.rf_SMOTEB",11,0.821950092299656,0.9081068406443,0.862883165602402
"DS24","Water Consumption of Oporto - Rotunda AEP (Half-Hourly)","mc.rf_SMOTEB",12,0.803791140090592,0.876923444726813,0.838766203109627
"DS24","Water Consumption of Oporto - Rotunda AEP (Half-Hourly)","mc.rf_SMOTEB",13,0.80114093638095,0.865124361443855,0.831904189468362
"DS24","Water Consumption of Oporto - Rotunda AEP (Half-Hourly)","mc.rf_SMOTEB",14,0.768084027879395,0.863147159672337,0.812845600443453
"DS24","Water Consumption of Oporto - Rotunda AEP (Half-Hourly)","mc.rf_SMOTEB",15,0.820133139699066,0.898343756035787,0.857458703105378
"DS24","Water Consumption of Oporto - Rotunda AEP (Half-Hourly)","mc.rf_SMOTEB",16,0.813735911048291,0.889266669937652,0.849826338381302
"DS24","Water Consumption of Oporto - Rotunda AEP (Half-Hourly)","mc.rf_SMOTEB",17,0.821752443887339,0.894005770908035,0.856357755723383
"DS24","Water Consumption of Oporto - Rotunda AEP (Half-Hourly)","mc.rf_SMOTEB",18,0.820008941950446,0.89282626619323,0.85486977194979
"DS24","Water Consumption of Oporto - Rotunda AEP (Half-Hourly)","mc.rf_SMOTEB",19,0.809222230174313,0.892655458481957,0.848893719807074
"DS24","Water Consumption of Oporto - Rotunda AEP (Half-Hourly)","mc.rf_SMOTEB",20,0.783395337271486,0.892654421003553,0.834463664048578
"DS24","Water Consumption of Oporto - Rotunda AEP (Half-Hourly)","mc.rf_SMOTEB",21,0.760758309205851,0.888592640497697,0.819721521219356
"DS24","Water Consumption of Oporto - Rotunda AEP (Half-Hourly)","mc.rf_SMOTEB",22,0.775081334976787,0.890777124292038,0.828911626700981
"DS24","Water Consumption of Oporto - Rotunda AEP (Half-Hourly)","mc.rf_SMOTEB",23,0.651111162321791,0.884386926357212,0.750029197441768
"DS24","Water Consumption of Oporto - Rotunda AEP (Half-Hourly)","mc.rf_SMOTEB",24,0.657425085339379,0.880504661906855,0.752785819420339
"DS24","Water Consumption of Oporto - Rotunda AEP (Half-Hourly)","mc.rf_SMOTEB",25,0.66354175088288,0.884914259025908,0.758403923725112
"DS24","Water Consumption of Oporto - Rotunda AEP (Half-Hourly)","mc.rf_SMOTEB",26,0.718271748749934,0.884096926977475,0.792603918715872
"DS24","Water Consumption of Oporto - Rotunda AEP (Half-Hourly)","mc.rf_SMOTEB",27,0.750059346111444,0.884184602689157,0.811618027310504
"DS24","Water Consumption of Oporto - Rotunda AEP (Half-Hourly)","mc.rf_SMOTEB",28,0.820737285454451,0.885876611422203,0.852063804984703
"DS24","Water Consumption of Oporto - Rotunda AEP (Half-Hourly)","mc.rf_SMOTEB",29,0.815282519379987,0.893058653355486,0.852400118292414
"DS24","Water Consumption of Oporto - Rotunda AEP (Half-Hourly)","mc.rf_SMOTEB",30,0.787392228433058,0.884922358583274,0.833313293234243
"DS24","Water Consumption of Oporto - Rotunda AEP (Half-Hourly)","mc.rf_SMOTEB",31,0.835423108521383,0.885209849660515,0.8595961861367
"DS24","Water Consumption of Oporto - Rotunda AEP (Half-Hourly)","mc.rf_SMOTEB",32,0.82930032972418,0.892550233090503,0.85976358062963
"DS24","Water Consumption of Oporto - Rotunda AEP (Half-Hourly)","mc.rf_SMOTEB",33,0.84319383051114,0.91780665592975,0.878919586724375
"DS24","Water Consumption of Oporto - Rotunda AEP (Half-Hourly)","mc.rf_SMOTEB",34,0.861759518016955,0.929743466428454,0.894461564915369
"DS24","Water Consumption of Oporto - Rotunda AEP (Half-Hourly)","mc.rf_SMOTEB",35,0.844456237073477,0.932029413091319,0.886084332792539
"DS24","Water Consumption of Oporto - Rotunda AEP (Half-Hourly)","mc.rf_SMOTEB",36,0.838589269030355,0.943985657896089,0.888171634047544
"DS24","Water Consumption of Oporto - Rotunda AEP (Half-Hourly)","mc.rf_SMOTEB",37,0.839961397495406,0.951065611907953,0.892067396296999
"DS24","Water Consumption of Oporto - Rotunda AEP (Half-Hourly)","mc.rf_SMOTEB",38,0.830488491109715,0.946167383655632,0.88456198406253
"DS24","Water Consumption of Oporto - Rotunda AEP (Half-Hourly)","mc.rf_SMOTEB",39,0.825776953042581,0.941372683230918,0.879794048086639
"DS24","Water Consumption of Oporto - Rotunda AEP (Half-Hourly)","mc.rf_SMOTEB",40,0.832932033635821,0.921244392904057,0.874865212013758
"DS24","Water Consumption of Oporto - Rotunda AEP (Half-Hourly)","mc.rf_SMOTEB",41,0.846587962700398,0.929633237912458,0.886169254900611
"DS24","Water Consumption of Oporto - Rotunda AEP (Half-Hourly)","mc.rf_SMOTEB",42,0.846482860553547,0.925798124546839,0.884365686197472
"DS24","Water Consumption of Oporto - Rotunda AEP (Half-Hourly)","mc.rf_SMOTEB",43,0.826174770942381,0.931723527432648,0.875780439141279
"DS24","Water Consumption of Oporto - Rotunda AEP (Half-Hourly)","mc.rf_SMOTEB",44,0.792388958186255,0.939780602309273,0.859813945898535
"DS24","Water Consumption of Oporto - Rotunda AEP (Half-Hourly)","mc.rf_SMOTEB",45,0.783004444429219,0.937318924705578,0.853240614014559
"DS24","Water Consumption of Oporto - Rotunda AEP (Half-Hourly)","mc.rf_SMOTEB",46,0.785626795953127,0.9333118809384,0.853125050362564
"DS24","Water Consumption of Oporto - Rotunda AEP (Half-Hourly)","mc.rf_SMOTEB",47,0.767333454092306,0.939435773179422,0.84470763265862
"DS24","Water Consumption of Oporto - Rotunda AEP (Half-Hourly)","mc.rf_SMOTEB",48,0.754239592629548,0.887232601589298,0.815348512569623
"DS24","Water Consumption of Oporto - Rotunda AEP (Half-Hourly)","mc.rf_SMOTEB",49,0.74897532858505,0.891677087153487,0.814120203567816
"DS24","Water Consumption of Oporto - Rotunda AEP (Half-Hourly)","mc.rf_SMOTEB",50,0.722098621573905,0.928782191638329,0.812502435011591
"DS24","Water Consumption of Oporto - Rotunda AEP (Half-Hourly)","mc.rf_SMOTET",1,0.318952132465533,0.620168003880189,0.421253681332334
"DS24","Water Consumption of Oporto - Rotunda AEP (Half-Hourly)","mc.rf_SMOTET",2,0.330158514259332,0.502983723752964,0.39864587666831
"DS24","Water Consumption of Oporto - Rotunda AEP (Half-Hourly)","mc.rf_SMOTET",3,0.326077752009977,0.541065086199932,0.406920934418073
"DS24","Water Consumption of Oporto - Rotunda AEP (Half-Hourly)","mc.rf_SMOTET",4,0.366320787578148,0.685035375667275,0.477369529196834
"DS24","Water Consumption of Oporto - Rotunda AEP (Half-Hourly)","mc.rf_SMOTET",5,0.350853257823136,0.663671196348727,0.459035167471446
"DS24","Water Consumption of Oporto - Rotunda AEP (Half-Hourly)","mc.rf_SMOTET",6,0.422411742513811,0.607518015103508,0.498330573459856
"DS24","Water Consumption of Oporto - Rotunda AEP (Half-Hourly)","mc.rf_SMOTET",7,0.368299232967822,0.69121427363736,0.480548261461502
"DS24","Water Consumption of Oporto - Rotunda AEP (Half-Hourly)","mc.rf_SMOTET",8,0.547935673276096,0.865916285607199,0.671168462827842
"DS24","Water Consumption of Oporto - Rotunda AEP (Half-Hourly)","mc.rf_SMOTET",9,0.662914605120661,0.879462671187439,0.755987083502808
"DS24","Water Consumption of Oporto - Rotunda AEP (Half-Hourly)","mc.rf_SMOTET",10,0.702362142168148,0.815014570650976,0.754506609867696
"DS24","Water Consumption of Oporto - Rotunda AEP (Half-Hourly)","mc.rf_SMOTET",11,0.750021435710938,0.919615645249783,0.826205232763046
"DS24","Water Consumption of Oporto - Rotunda AEP (Half-Hourly)","mc.rf_SMOTET",12,0.721498012258193,0.890431290515306,0.797112385827214
"DS24","Water Consumption of Oporto - Rotunda AEP (Half-Hourly)","mc.rf_SMOTET",13,0.700618756502729,0.877199057816132,0.779027980943183
"DS24","Water Consumption of Oporto - Rotunda AEP (Half-Hourly)","mc.rf_SMOTET",14,0.688961808703098,0.88829273710498,0.776031709580682
"DS24","Water Consumption of Oporto - Rotunda AEP (Half-Hourly)","mc.rf_SMOTET",15,0.801109761989316,0.900186824636112,0.847763357076468
"DS24","Water Consumption of Oporto - Rotunda AEP (Half-Hourly)","mc.rf_SMOTET",16,0.788542806717752,0.89145550373047,0.836847061814086
"DS24","Water Consumption of Oporto - Rotunda AEP (Half-Hourly)","mc.rf_SMOTET",17,0.803076267495154,0.88531027999388,0.842190642054014
"DS24","Water Consumption of Oporto - Rotunda AEP (Half-Hourly)","mc.rf_SMOTET",18,0.784719810123554,0.891110811729938,0.834538166161874
"DS24","Water Consumption of Oporto - Rotunda AEP (Half-Hourly)","mc.rf_SMOTET",19,0.78339301181772,0.89671730327278,0.836233267125781
"DS24","Water Consumption of Oporto - Rotunda AEP (Half-Hourly)","mc.rf_SMOTET",20,0.736516530042744,0.893337857317476,0.807382676550564
"DS24","Water Consumption of Oporto - Rotunda AEP (Half-Hourly)","mc.rf_SMOTET",21,0.774528941081447,0.884401135600431,0.825826579041749
"DS24","Water Consumption of Oporto - Rotunda AEP (Half-Hourly)","mc.rf_SMOTET",22,0.713743522799748,0.888835032653364,0.791724368499953
"DS24","Water Consumption of Oporto - Rotunda AEP (Half-Hourly)","mc.rf_SMOTET",23,0.601372010876396,0.884391190114382,0.715925805735117
"DS24","Water Consumption of Oporto - Rotunda AEP (Half-Hourly)","mc.rf_SMOTET",24,0.666704809914741,0.877522854352051,0.757723386705948
"DS24","Water Consumption of Oporto - Rotunda AEP (Half-Hourly)","mc.rf_SMOTET",25,0.642011254071516,0.869602507937206,0.738673609219601
"DS24","Water Consumption of Oporto - Rotunda AEP (Half-Hourly)","mc.rf_SMOTET",26,0.689393890204922,0.879334168202873,0.772865124402464
"DS24","Water Consumption of Oporto - Rotunda AEP (Half-Hourly)","mc.rf_SMOTET",27,0.770584525922324,0.874116945663517,0.819092101286097
"DS24","Water Consumption of Oporto - Rotunda AEP (Half-Hourly)","mc.rf_SMOTET",28,0.79254423625766,0.87857774142603,0.833346379701878
"DS24","Water Consumption of Oporto - Rotunda AEP (Half-Hourly)","mc.rf_SMOTET",29,0.814646193738553,0.887974837381587,0.84973145307927
"DS24","Water Consumption of Oporto - Rotunda AEP (Half-Hourly)","mc.rf_SMOTET",30,0.827638955208227,0.888810509751432,0.857134703567933
"DS24","Water Consumption of Oporto - Rotunda AEP (Half-Hourly)","mc.rf_SMOTET",31,0.797823049702547,0.889708807346362,0.841264348355016
"DS24","Water Consumption of Oporto - Rotunda AEP (Half-Hourly)","mc.rf_SMOTET",32,0.804350852980433,0.888447768441574,0.844310376120503
"DS24","Water Consumption of Oporto - Rotunda AEP (Half-Hourly)","mc.rf_SMOTET",33,0.782420585691664,0.924960655679224,0.847740669069557
"DS24","Water Consumption of Oporto - Rotunda AEP (Half-Hourly)","mc.rf_SMOTET",34,0.759288833461587,0.932147692930758,0.836885479692107
"DS24","Water Consumption of Oporto - Rotunda AEP (Half-Hourly)","mc.rf_SMOTET",35,0.78702228952443,0.930707630206108,0.852855436223144
"DS24","Water Consumption of Oporto - Rotunda AEP (Half-Hourly)","mc.rf_SMOTET",36,0.758619918704778,0.938806187810295,0.839149428823592
"DS24","Water Consumption of Oporto - Rotunda AEP (Half-Hourly)","mc.rf_SMOTET",37,0.732569512347864,0.926927514337182,0.818367042833734
"DS24","Water Consumption of Oporto - Rotunda AEP (Half-Hourly)","mc.rf_SMOTET",38,0.732518340594884,0.932174657306845,0.820373527101631
"DS24","Water Consumption of Oporto - Rotunda AEP (Half-Hourly)","mc.rf_SMOTET",39,0.745394025315188,0.921537308254056,0.824159207814279
"DS24","Water Consumption of Oporto - Rotunda AEP (Half-Hourly)","mc.rf_SMOTET",40,0.720307976386936,0.905171148301141,0.802227464153686
"DS24","Water Consumption of Oporto - Rotunda AEP (Half-Hourly)","mc.rf_SMOTET",41,0.702979146835447,0.926538114700349,0.799423226445235
"DS24","Water Consumption of Oporto - Rotunda AEP (Half-Hourly)","mc.rf_SMOTET",42,0.699326603374363,0.904338753792812,0.788728329340351
"DS24","Water Consumption of Oporto - Rotunda AEP (Half-Hourly)","mc.rf_SMOTET",43,0.704658800510306,0.908355361837082,0.793645356191698
"DS24","Water Consumption of Oporto - Rotunda AEP (Half-Hourly)","mc.rf_SMOTET",44,0.749765961693813,0.911048973816297,0.822576309254752
"DS24","Water Consumption of Oporto - Rotunda AEP (Half-Hourly)","mc.rf_SMOTET",45,0.685284865412343,0.917190329764792,0.784457261593856
"DS24","Water Consumption of Oporto - Rotunda AEP (Half-Hourly)","mc.rf_SMOTET",46,0.682044164120102,0.914453488636386,0.781332392448994
"DS24","Water Consumption of Oporto - Rotunda AEP (Half-Hourly)","mc.rf_SMOTET",47,0.639537271015991,0.920959667010877,0.75487239712327
"DS24","Water Consumption of Oporto - Rotunda AEP (Half-Hourly)","mc.rf_SMOTET",48,0.639377638783098,0.849164049724817,0.729487805741975
"DS24","Water Consumption of Oporto - Rotunda AEP (Half-Hourly)","mc.rf_SMOTET",49,0.643956182094293,0.903119466608228,0.751830544524194
"DS24","Water Consumption of Oporto - Rotunda AEP (Half-Hourly)","mc.rf_SMOTET",50,0.751567630373446,0.908035630700901,0.822425700487897
"DS24","Water Consumption of Oporto - Rotunda AEP (Half-Hourly)","mc.rf_SMOTETPhi",1,0.291176398444318,0.663438611839987,0.404723712707875
"DS24","Water Consumption of Oporto - Rotunda AEP (Half-Hourly)","mc.rf_SMOTETPhi",2,0.279273918204747,0.556434785629578,0.371894470154992
"DS24","Water Consumption of Oporto - Rotunda AEP (Half-Hourly)","mc.rf_SMOTETPhi",3,0.283938721116408,0.663515598309306,0.397692567466318
"DS24","Water Consumption of Oporto - Rotunda AEP (Half-Hourly)","mc.rf_SMOTETPhi",4,0.278381362825789,0.51918021452987,0.36242993588584
"DS24","Water Consumption of Oporto - Rotunda AEP (Half-Hourly)","mc.rf_SMOTETPhi",5,0.297893572174515,0.827633379691435,0.438099973560672
"DS24","Water Consumption of Oporto - Rotunda AEP (Half-Hourly)","mc.rf_SMOTETPhi",6,0.27513375347289,0.844481314061088,0.415044992538553
"DS24","Water Consumption of Oporto - Rotunda AEP (Half-Hourly)","mc.rf_SMOTETPhi",7,0.286835122115976,0.765648353089684,0.417326911120313
"DS24","Water Consumption of Oporto - Rotunda AEP (Half-Hourly)","mc.rf_SMOTETPhi",8,0.291552457623978,0.784409035051428,0.425101425113343
"DS24","Water Consumption of Oporto - Rotunda AEP (Half-Hourly)","mc.rf_SMOTETPhi",9,0.294676458983883,0.839124384508965,0.43617925263202
"DS24","Water Consumption of Oporto - Rotunda AEP (Half-Hourly)","mc.rf_SMOTETPhi",10,0.313547685796192,0.878553524742094,0.462156102344004
"DS24","Water Consumption of Oporto - Rotunda AEP (Half-Hourly)","mc.rf_SMOTETPhi",11,0.441877399718584,0.922924428852722,0.59762441435928
"DS24","Water Consumption of Oporto - Rotunda AEP (Half-Hourly)","mc.rf_SMOTETPhi",12,0.439196077926334,0.902843988644164,0.590929508990266
"DS24","Water Consumption of Oporto - Rotunda AEP (Half-Hourly)","mc.rf_SMOTETPhi",13,0.518572762765421,0.885964259994957,0.654218331837293
"DS24","Water Consumption of Oporto - Rotunda AEP (Half-Hourly)","mc.rf_SMOTETPhi",14,0.537563868445056,0.891978967591085,0.670837770373421
"DS24","Water Consumption of Oporto - Rotunda AEP (Half-Hourly)","mc.rf_SMOTETPhi",15,0.729304393397293,0.897602348513601,0.804748446153469
"DS24","Water Consumption of Oporto - Rotunda AEP (Half-Hourly)","mc.rf_SMOTETPhi",16,0.578696137358976,0.896075192392897,0.703234789230974
"DS24","Water Consumption of Oporto - Rotunda AEP (Half-Hourly)","mc.rf_SMOTETPhi",17,0.568175556130894,0.898474331553705,0.696132263448057
"DS24","Water Consumption of Oporto - Rotunda AEP (Half-Hourly)","mc.rf_SMOTETPhi",18,0.550882297175928,0.905169879571391,0.684923343484386
"DS24","Water Consumption of Oporto - Rotunda AEP (Half-Hourly)","mc.rf_SMOTETPhi",19,0.579654051072068,0.906642536044769,0.707179204269129
"DS24","Water Consumption of Oporto - Rotunda AEP (Half-Hourly)","mc.rf_SMOTETPhi",20,0.438060194213537,0.907442172463308,0.590878625191305
"DS24","Water Consumption of Oporto - Rotunda AEP (Half-Hourly)","mc.rf_SMOTETPhi",21,0.405678029271695,0.912733037006547,0.561699987469372
"DS24","Water Consumption of Oporto - Rotunda AEP (Half-Hourly)","mc.rf_SMOTETPhi",22,0.404767449389062,0.904094718950526,0.559185103287023
"DS24","Water Consumption of Oporto - Rotunda AEP (Half-Hourly)","mc.rf_SMOTETPhi",23,0.37090738417226,0.918259048428923,0.52838648762839
"DS24","Water Consumption of Oporto - Rotunda AEP (Half-Hourly)","mc.rf_SMOTETPhi",24,0.359657030217022,0.916850354773932,0.516646718426548
"DS24","Water Consumption of Oporto - Rotunda AEP (Half-Hourly)","mc.rf_SMOTETPhi",25,0.351748632270191,0.899959100459952,0.505803989874603
"DS24","Water Consumption of Oporto - Rotunda AEP (Half-Hourly)","mc.rf_SMOTETPhi",26,0.377014179732926,0.908150355862004,0.532827590563695
"DS24","Water Consumption of Oporto - Rotunda AEP (Half-Hourly)","mc.rf_SMOTETPhi",27,0.388635533303231,0.898405429905733,0.542565906377052
"DS24","Water Consumption of Oporto - Rotunda AEP (Half-Hourly)","mc.rf_SMOTETPhi",28,0.384469590498104,0.906643651034113,0.539963346401933
"DS24","Water Consumption of Oporto - Rotunda AEP (Half-Hourly)","mc.rf_SMOTETPhi",29,0.678301785693927,0.904653237743336,0.775294177673668
"DS24","Water Consumption of Oporto - Rotunda AEP (Half-Hourly)","mc.rf_SMOTETPhi",30,0.459526029734951,0.905719671821999,0.609709687231481
"DS24","Water Consumption of Oporto - Rotunda AEP (Half-Hourly)","mc.rf_SMOTETPhi",31,0.457739305554028,0.906118107871337,0.608224685900647
"DS24","Water Consumption of Oporto - Rotunda AEP (Half-Hourly)","mc.rf_SMOTETPhi",32,0.667696590241214,0.904226950780298,0.768166181222618
"DS24","Water Consumption of Oporto - Rotunda AEP (Half-Hourly)","mc.rf_SMOTETPhi",33,0.416085179772676,0.941764610916835,0.577168844630294
"DS24","Water Consumption of Oporto - Rotunda AEP (Half-Hourly)","mc.rf_SMOTETPhi",34,0.611667896403122,0.940288706020655,0.741186208332157
"DS24","Water Consumption of Oporto - Rotunda AEP (Half-Hourly)","mc.rf_SMOTETPhi",35,0.646441428875026,0.942475019876026,0.766880976034421
"DS24","Water Consumption of Oporto - Rotunda AEP (Half-Hourly)","mc.rf_SMOTETPhi",36,0.615473472119105,0.940552024203971,0.744055700132663
"DS24","Water Consumption of Oporto - Rotunda AEP (Half-Hourly)","mc.rf_SMOTETPhi",37,0.611152427845882,0.94381426670929,0.741899337850412
"DS24","Water Consumption of Oporto - Rotunda AEP (Half-Hourly)","mc.rf_SMOTETPhi",38,0.60505579738665,0.929163164014339,0.732875258680968
"DS24","Water Consumption of Oporto - Rotunda AEP (Half-Hourly)","mc.rf_SMOTETPhi",39,0.662475496899634,0.927741442395786,0.772983808508348
"DS24","Water Consumption of Oporto - Rotunda AEP (Half-Hourly)","mc.rf_SMOTETPhi",40,0.609471761101541,0.919233212482579,0.732969009136224
"DS24","Water Consumption of Oporto - Rotunda AEP (Half-Hourly)","mc.rf_SMOTETPhi",41,0.602278200381775,0.938929463571828,0.73383588835111
"DS24","Water Consumption of Oporto - Rotunda AEP (Half-Hourly)","mc.rf_SMOTETPhi",42,0.531253750040534,0.915767651197368,0.672422672461121
"DS24","Water Consumption of Oporto - Rotunda AEP (Half-Hourly)","mc.rf_SMOTETPhi",43,0.563615492470126,0.930405625023174,0.701986094312035
"DS24","Water Consumption of Oporto - Rotunda AEP (Half-Hourly)","mc.rf_SMOTETPhi",44,0.619359046363099,0.919283238805723,0.74008935749718
"DS24","Water Consumption of Oporto - Rotunda AEP (Half-Hourly)","mc.rf_SMOTETPhi",45,0.602881397140492,0.927888724375346,0.730882897019661
"DS24","Water Consumption of Oporto - Rotunda AEP (Half-Hourly)","mc.rf_SMOTETPhi",46,0.517937434348378,0.919259766184412,0.662566062083533
"DS24","Water Consumption of Oporto - Rotunda AEP (Half-Hourly)","mc.rf_SMOTETPhi",47,0.568667597670298,0.932316759725674,0.706440849178137
"DS24","Water Consumption of Oporto - Rotunda AEP (Half-Hourly)","mc.rf_SMOTETPhi",48,0.524145024397888,0.882486133976412,0.657671648278363
"DS24","Water Consumption of Oporto - Rotunda AEP (Half-Hourly)","mc.rf_SMOTETPhi",49,0.530495211892211,0.92175008847156,0.673417925157547
"DS24","Water Consumption of Oporto - Rotunda AEP (Half-Hourly)","mc.rf_SMOTETPhi",50,0.631078462226472,0.92839337822605,0.751394222421001
"DS24","Water Consumption of Oporto - Rotunda AEP (Half-Hourly)","mc.rpart",1,0.31535946029459,0.492869826863072,0.384621455977272
"DS24","Water Consumption of Oporto - Rotunda AEP (Half-Hourly)","mc.rpart",2,0.322394669357745,0.4982335193184,0.391475294025006
"DS24","Water Consumption of Oporto - Rotunda AEP (Half-Hourly)","mc.rpart",3,1e-05,0.519204938929523,1.99996148030709e-05
"DS24","Water Consumption of Oporto - Rotunda AEP (Half-Hourly)","mc.rpart",4,1e-05,0.517588391681603,1.99996136000358e-05
"DS24","Water Consumption of Oporto - Rotunda AEP (Half-Hourly)","mc.rpart",5,0.293147663665125,0.589748300886959,0.391627878021161
"DS24","Water Consumption of Oporto - Rotunda AEP (Half-Hourly)","mc.rpart",6,0.33651023890785,0.580069874853944,0.425929930705603
"DS24","Water Consumption of Oporto - Rotunda AEP (Half-Hourly)","mc.rpart",7,0.293340773809524,0.576158612404766,0.388754301335832
"DS24","Water Consumption of Oporto - Rotunda AEP (Half-Hourly)","mc.rpart",8,1e-05,0.710243428579239,1.99997184103702e-05
"DS24","Water Consumption of Oporto - Rotunda AEP (Half-Hourly)","mc.rpart",9,1e-05,0.681701929681721,1.99997066209475e-05
"DS24","Water Consumption of Oporto - Rotunda AEP (Half-Hourly)","mc.rpart",10,1e-05,0.744371726531176,1.99997313206479e-05
"DS24","Water Consumption of Oporto - Rotunda AEP (Half-Hourly)","mc.rpart",11,0.830033683244117,0.810436501533268,0.8201180376764
"DS24","Water Consumption of Oporto - Rotunda AEP (Half-Hourly)","mc.rpart",12,1e-05,0.791385115431731,1.99997472817356e-05
"DS24","Water Consumption of Oporto - Rotunda AEP (Half-Hourly)","mc.rpart",13,0.801327625966896,0.778274061282199,0.789632615504458
"DS24","Water Consumption of Oporto - Rotunda AEP (Half-Hourly)","mc.rpart",14,1e-05,0.780744555107824,1.99997438375496e-05
"DS24","Water Consumption of Oporto - Rotunda AEP (Half-Hourly)","mc.rpart",15,0.841470122513782,0.80819656715889,0.824497783267176
"DS24","Water Consumption of Oporto - Rotunda AEP (Half-Hourly)","mc.rpart",16,0.845243849358768,0.808999723566702,0.826724735908654
"DS24","Water Consumption of Oporto - Rotunda AEP (Half-Hourly)","mc.rpart",17,0.840796614589036,0.815035264240177,0.82771554250829
"DS24","Water Consumption of Oporto - Rotunda AEP (Half-Hourly)","mc.rpart",18,0.838248338257213,0.820580250202572,0.829320203334161
"DS24","Water Consumption of Oporto - Rotunda AEP (Half-Hourly)","mc.rpart",19,0.855458414630044,0.8126872907387,0.833524528568247
"DS24","Water Consumption of Oporto - Rotunda AEP (Half-Hourly)","mc.rpart",20,0.86657182595244,0.813355800819321,0.839120936203007
"DS24","Water Consumption of Oporto - Rotunda AEP (Half-Hourly)","mc.rpart",21,0.852931791608031,0.810300811086871,0.831069955485408
"DS24","Water Consumption of Oporto - Rotunda AEP (Half-Hourly)","mc.rpart",22,0.852931791608031,0.810303165131084,0.831071193616478
"DS24","Water Consumption of Oporto - Rotunda AEP (Half-Hourly)","mc.rpart",23,0.816073766971215,0.806530129874488,0.811273882112518
"DS24","Water Consumption of Oporto - Rotunda AEP (Half-Hourly)","mc.rpart",24,0.842482173675165,0.790842742828867,0.815846138488818
"DS24","Water Consumption of Oporto - Rotunda AEP (Half-Hourly)","mc.rpart",25,0.844536906629266,0.793161296470466,0.818043259144289
"DS24","Water Consumption of Oporto - Rotunda AEP (Half-Hourly)","mc.rpart",26,0.844265687031388,0.79540112432759,0.819105286566602
"DS24","Water Consumption of Oporto - Rotunda AEP (Half-Hourly)","mc.rpart",27,0.847407016895443,0.797596337931122,0.821747544076227
"DS24","Water Consumption of Oporto - Rotunda AEP (Half-Hourly)","mc.rpart",28,0.823974125220723,0.801402467178832,0.812531569522052
"DS24","Water Consumption of Oporto - Rotunda AEP (Half-Hourly)","mc.rpart",29,0.85080475549963,0.804558675412416,0.827035724405509
"DS24","Water Consumption of Oporto - Rotunda AEP (Half-Hourly)","mc.rpart",30,0.861195801931503,0.803264093484016,0.831221787987934
"DS24","Water Consumption of Oporto - Rotunda AEP (Half-Hourly)","mc.rpart",31,0.853136590950813,0.807833169510835,0.82986704839456
"DS24","Water Consumption of Oporto - Rotunda AEP (Half-Hourly)","mc.rpart",32,0.826893214714559,0.812063883542227,0.819411461019969
"DS24","Water Consumption of Oporto - Rotunda AEP (Half-Hourly)","mc.rpart",33,0.868193953762095,0.851440684302902,0.859735710988743
"DS24","Water Consumption of Oporto - Rotunda AEP (Half-Hourly)","mc.rpart",34,0.787350783803488,0.854017943863246,0.819330460181032
"DS24","Water Consumption of Oporto - Rotunda AEP (Half-Hourly)","mc.rpart",35,0.838926132820526,0.853706930899406,0.846251995724955
"DS24","Water Consumption of Oporto - Rotunda AEP (Half-Hourly)","mc.rpart",36,0.80087964163605,0.868249077536686,0.833204775738389
"DS24","Water Consumption of Oporto - Rotunda AEP (Half-Hourly)","mc.rpart",37,0.750448134730579,0.874016791970644,0.807532696430091
"DS24","Water Consumption of Oporto - Rotunda AEP (Half-Hourly)","mc.rpart",38,0.685982331731504,0.873217258494458,0.768357835449931
"DS24","Water Consumption of Oporto - Rotunda AEP (Half-Hourly)","mc.rpart",39,0.859205607787148,0.873329024493229,0.866209749931774
"DS24","Water Consumption of Oporto - Rotunda AEP (Half-Hourly)","mc.rpart",40,0.825022462473506,0.848726716716178,0.836706735391779
"DS24","Water Consumption of Oporto - Rotunda AEP (Half-Hourly)","mc.rpart",41,0.843223741287675,0.872535056634693,0.85762902775271
"DS24","Water Consumption of Oporto - Rotunda AEP (Half-Hourly)","mc.rpart",42,0.843223741287675,0.868874468789858,0.855856954898804
"DS24","Water Consumption of Oporto - Rotunda AEP (Half-Hourly)","mc.rpart",43,0.843223741287675,0.870524345694972,0.856656589418971
"DS24","Water Consumption of Oporto - Rotunda AEP (Half-Hourly)","mc.rpart",44,0.896536099966227,0.848335680835294,0.871770145092148
"DS24","Water Consumption of Oporto - Rotunda AEP (Half-Hourly)","mc.rpart",45,0.775964207805572,0.850546362152427,0.81154533674695
"DS24","Water Consumption of Oporto - Rotunda AEP (Half-Hourly)","mc.rpart",46,0.776573569432171,0.852475314419014,0.812756209262608
"DS24","Water Consumption of Oporto - Rotunda AEP (Half-Hourly)","mc.rpart",47,0.721449628050721,0.851925208035305,0.781277430358622
"DS24","Water Consumption of Oporto - Rotunda AEP (Half-Hourly)","mc.rpart",48,0.469384396649181,0.826558330927989,0.598751125650937
"DS24","Water Consumption of Oporto - Rotunda AEP (Half-Hourly)","mc.rpart",49,0.594852709397545,0.826771206990017,0.691894792793869
"DS24","Water Consumption of Oporto - Rotunda AEP (Half-Hourly)","mc.rpart",50,1e-05,0.843824900138289,1.99997629868118e-05
"DS24","Water Consumption of Oporto - Rotunda AEP (Half-Hourly)","mc.rpart_UNDERB",1,0.29745353820389,0.534806598678559,0.382284595841923
"DS24","Water Consumption of Oporto - Rotunda AEP (Half-Hourly)","mc.rpart_UNDERB",2,0.26578187163225,0.312985301857005,0.287458664317229
"DS24","Water Consumption of Oporto - Rotunda AEP (Half-Hourly)","mc.rpart_UNDERB",3,0.285308687237836,0.594426903707017,0.385559391483417
"DS24","Water Consumption of Oporto - Rotunda AEP (Half-Hourly)","mc.rpart_UNDERB",4,0.274654977521011,0.533893669437319,0.362715476253772
"DS24","Water Consumption of Oporto - Rotunda AEP (Half-Hourly)","mc.rpart_UNDERB",5,0.26057065008153,0.498734626872295,0.342301337516416
"DS24","Water Consumption of Oporto - Rotunda AEP (Half-Hourly)","mc.rpart_UNDERB",6,0.301244293601098,0.684147922875182,0.418301777300782
"DS24","Water Consumption of Oporto - Rotunda AEP (Half-Hourly)","mc.rpart_UNDERB",7,0.305147212184011,0.428905948818538,0.356593940396261
"DS24","Water Consumption of Oporto - Rotunda AEP (Half-Hourly)","mc.rpart_UNDERB",8,0.623254846010169,0.855952301165065,0.721300489486459
"DS24","Water Consumption of Oporto - Rotunda AEP (Half-Hourly)","mc.rpart_UNDERB",9,0.689590914676524,0.912148713690919,0.78540788359747
"DS24","Water Consumption of Oporto - Rotunda AEP (Half-Hourly)","mc.rpart_UNDERB",10,0.696586191498816,0.855389291254771,0.767863120603997
"DS24","Water Consumption of Oporto - Rotunda AEP (Half-Hourly)","mc.rpart_UNDERB",11,0.678875292604169,0.901801345607323,0.774618460943043
"DS24","Water Consumption of Oporto - Rotunda AEP (Half-Hourly)","mc.rpart_UNDERB",12,0.686333644005038,0.89384942351967,0.776465644575027
"DS24","Water Consumption of Oporto - Rotunda AEP (Half-Hourly)","mc.rpart_UNDERB",13,0.688585782399549,0.860164783686547,0.764871056110934
"DS24","Water Consumption of Oporto - Rotunda AEP (Half-Hourly)","mc.rpart_UNDERB",14,0.68384990126613,0.868559568624192,0.765216119545277
"DS24","Water Consumption of Oporto - Rotunda AEP (Half-Hourly)","mc.rpart_UNDERB",15,0.697023263941239,0.910832422479136,0.789711904348019
"DS24","Water Consumption of Oporto - Rotunda AEP (Half-Hourly)","mc.rpart_UNDERB",16,0.696122069213982,0.901739268632854,0.785700975052162
"DS24","Water Consumption of Oporto - Rotunda AEP (Half-Hourly)","mc.rpart_UNDERB",17,0.690509384109927,0.910275131888932,0.785306847247962
"DS24","Water Consumption of Oporto - Rotunda AEP (Half-Hourly)","mc.rpart_UNDERB",18,0.684024203102579,0.909719321999176,0.780891058663627
"DS24","Water Consumption of Oporto - Rotunda AEP (Half-Hourly)","mc.rpart_UNDERB",19,0.688716484332237,0.916674757148485,0.78651110048054
"DS24","Water Consumption of Oporto - Rotunda AEP (Half-Hourly)","mc.rpart_UNDERB",20,0.519897348558604,0.900447196937709,0.659192323002669
"DS24","Water Consumption of Oporto - Rotunda AEP (Half-Hourly)","mc.rpart_UNDERB",21,0.510004694548363,0.909527200015875,0.653543810609368
"DS24","Water Consumption of Oporto - Rotunda AEP (Half-Hourly)","mc.rpart_UNDERB",22,0.513069955956372,0.915182979432383,0.657520638417714
"DS24","Water Consumption of Oporto - Rotunda AEP (Half-Hourly)","mc.rpart_UNDERB",23,0.49050036210383,0.903722317794138,0.635875646710578
"DS24","Water Consumption of Oporto - Rotunda AEP (Half-Hourly)","mc.rpart_UNDERB",24,0.478371364675499,0.898614866344632,0.624365894512257
"DS24","Water Consumption of Oporto - Rotunda AEP (Half-Hourly)","mc.rpart_UNDERB",25,0.509590052989899,0.913287085636639,0.654170345043008
"DS24","Water Consumption of Oporto - Rotunda AEP (Half-Hourly)","mc.rpart_UNDERB",26,0.510640421577222,0.9012491452487,0.651912521048679
"DS24","Water Consumption of Oporto - Rotunda AEP (Half-Hourly)","mc.rpart_UNDERB",27,0.518140524925755,0.901493555713528,0.65805738330014
"DS24","Water Consumption of Oporto - Rotunda AEP (Half-Hourly)","mc.rpart_UNDERB",28,0.714647874320379,0.906979864836725,0.799408170945397
"DS24","Water Consumption of Oporto - Rotunda AEP (Half-Hourly)","mc.rpart_UNDERB",29,0.710303452986528,0.902742595898365,0.795043865570868
"DS24","Water Consumption of Oporto - Rotunda AEP (Half-Hourly)","mc.rpart_UNDERB",30,0.734797557578193,0.915616172042798,0.815301660209341
"DS24","Water Consumption of Oporto - Rotunda AEP (Half-Hourly)","mc.rpart_UNDERB",31,0.744825045087759,0.916001301183891,0.821591868392898
"DS24","Water Consumption of Oporto - Rotunda AEP (Half-Hourly)","mc.rpart_UNDERB",32,0.690964180500233,0.904514942872659,0.783447952525984
"DS24","Water Consumption of Oporto - Rotunda AEP (Half-Hourly)","mc.rpart_UNDERB",33,0.673092694233854,0.921243768711794,0.777856449676532
"DS24","Water Consumption of Oporto - Rotunda AEP (Half-Hourly)","mc.rpart_UNDERB",34,0.737923614765454,0.936036004486443,0.825256552233844
"DS24","Water Consumption of Oporto - Rotunda AEP (Half-Hourly)","mc.rpart_UNDERB",35,0.742606075731443,0.939561667687093,0.8295536585797
"DS24","Water Consumption of Oporto - Rotunda AEP (Half-Hourly)","mc.rpart_UNDERB",36,0.717452029299534,0.948799946009474,0.81706543398101
"DS24","Water Consumption of Oporto - Rotunda AEP (Half-Hourly)","mc.rpart_UNDERB",37,0.726667921063973,0.966070684618105,0.82944002533624
"DS24","Water Consumption of Oporto - Rotunda AEP (Half-Hourly)","mc.rpart_UNDERB",38,0.711366916079893,0.947226171911544,0.812526430529001
"DS24","Water Consumption of Oporto - Rotunda AEP (Half-Hourly)","mc.rpart_UNDERB",39,0.709014362542201,0.958380716424445,0.815050615538021
"DS24","Water Consumption of Oporto - Rotunda AEP (Half-Hourly)","mc.rpart_UNDERB",40,0.658890592982889,0.945530182824089,0.776605429496301
"DS24","Water Consumption of Oporto - Rotunda AEP (Half-Hourly)","mc.rpart_UNDERB",41,0.749814421646397,0.938136874175291,0.833470206724748
"DS24","Water Consumption of Oporto - Rotunda AEP (Half-Hourly)","mc.rpart_UNDERB",42,0.644344580673497,0.914185454185617,0.755905154164437
"DS24","Water Consumption of Oporto - Rotunda AEP (Half-Hourly)","mc.rpart_UNDERB",43,0.642045930410215,0.943197464092711,0.764016548492033
"DS24","Water Consumption of Oporto - Rotunda AEP (Half-Hourly)","mc.rpart_UNDERB",44,0.703511810883022,0.93009634777489,0.801090227728006
"DS24","Water Consumption of Oporto - Rotunda AEP (Half-Hourly)","mc.rpart_UNDERB",45,0.657516370187817,0.938138204849804,0.773151328410554
"DS24","Water Consumption of Oporto - Rotunda AEP (Half-Hourly)","mc.rpart_UNDERB",46,0.703641554168273,0.951391839237513,0.80897320265726
"DS24","Water Consumption of Oporto - Rotunda AEP (Half-Hourly)","mc.rpart_UNDERB",47,0.618524036361953,0.942949563948706,0.747034045613401
"DS24","Water Consumption of Oporto - Rotunda AEP (Half-Hourly)","mc.rpart_UNDERB",48,0.650793672411935,0.906328701304035,0.757593614850444
"DS24","Water Consumption of Oporto - Rotunda AEP (Half-Hourly)","mc.rpart_UNDERB",49,0.71563858565042,0.921944656069265,0.805796191495601
"DS24","Water Consumption of Oporto - Rotunda AEP (Half-Hourly)","mc.rpart_UNDERB",50,0.647365271865484,0.948477606984759,0.769513680878645
"DS24","Water Consumption of Oporto - Rotunda AEP (Half-Hourly)","mc.rpart_UNDERT",1,0.257369817550388,0.528438547910153,0.346150890319219
"DS24","Water Consumption of Oporto - Rotunda AEP (Half-Hourly)","mc.rpart_UNDERT",2,0.279561741945304,0.521530523967527,0.364002969350534
"DS24","Water Consumption of Oporto - Rotunda AEP (Half-Hourly)","mc.rpart_UNDERT",3,0.309218772049177,0.501775997134945,0.382637628683874
"DS24","Water Consumption of Oporto - Rotunda AEP (Half-Hourly)","mc.rpart_UNDERT",4,0.3573064853581,0.459128461713038,0.401868091440879
"DS24","Water Consumption of Oporto - Rotunda AEP (Half-Hourly)","mc.rpart_UNDERT",5,0.332533266196618,0.606369656104824,0.429518489031435
"DS24","Water Consumption of Oporto - Rotunda AEP (Half-Hourly)","mc.rpart_UNDERT",6,0.438785277673308,0.624875762232794,0.515551993644218
"DS24","Water Consumption of Oporto - Rotunda AEP (Half-Hourly)","mc.rpart_UNDERT",7,0.428628486605522,0.365538459151991,0.394577481169236
"DS24","Water Consumption of Oporto - Rotunda AEP (Half-Hourly)","mc.rpart_UNDERT",8,0.640504633700003,0.893218833074185,0.746041661206919
"DS24","Water Consumption of Oporto - Rotunda AEP (Half-Hourly)","mc.rpart_UNDERT",9,0.652550717460385,0.899317054062846,0.756314422686991
"DS24","Water Consumption of Oporto - Rotunda AEP (Half-Hourly)","mc.rpart_UNDERT",10,0.621884254150754,0.843882890000143,0.716072104266372
"DS24","Water Consumption of Oporto - Rotunda AEP (Half-Hourly)","mc.rpart_UNDERT",11,0.616018644165456,0.937167310580665,0.743391394000152
"DS24","Water Consumption of Oporto - Rotunda AEP (Half-Hourly)","mc.rpart_UNDERT",12,0.660307132262848,0.911945575749023,0.76598903577539
"DS24","Water Consumption of Oporto - Rotunda AEP (Half-Hourly)","mc.rpart_UNDERT",13,0.658596048665178,0.881706203557892,0.753992563353996
"DS24","Water Consumption of Oporto - Rotunda AEP (Half-Hourly)","mc.rpart_UNDERT",14,0.664892758340921,0.892908339876074,0.762213211590787
"DS24","Water Consumption of Oporto - Rotunda AEP (Half-Hourly)","mc.rpart_UNDERT",15,0.68814805319563,0.908011794428725,0.782937309875058
"DS24","Water Consumption of Oporto - Rotunda AEP (Half-Hourly)","mc.rpart_UNDERT",16,0.710249354561564,0.902146768465273,0.794778839854102
"DS24","Water Consumption of Oporto - Rotunda AEP (Half-Hourly)","mc.rpart_UNDERT",17,0.699560663086833,0.904295289915924,0.788860634841309
"DS24","Water Consumption of Oporto - Rotunda AEP (Half-Hourly)","mc.rpart_UNDERT",18,0.697661898845042,0.915227242653547,0.791770692176793
"DS24","Water Consumption of Oporto - Rotunda AEP (Half-Hourly)","mc.rpart_UNDERT",19,0.695038956048812,0.894855874254925,0.782390986877377
"DS24","Water Consumption of Oporto - Rotunda AEP (Half-Hourly)","mc.rpart_UNDERT",20,0.612990844861692,0.917135514829088,0.734835617368697
"DS24","Water Consumption of Oporto - Rotunda AEP (Half-Hourly)","mc.rpart_UNDERT",21,0.518491270675994,0.904529820629579,0.659148088426822
"DS24","Water Consumption of Oporto - Rotunda AEP (Half-Hourly)","mc.rpart_UNDERT",22,0.499603219964397,0.90707430879809,0.644322861716835
"DS24","Water Consumption of Oporto - Rotunda AEP (Half-Hourly)","mc.rpart_UNDERT",23,0.485785462362275,0.906595439020442,0.632601156885621
"DS24","Water Consumption of Oporto - Rotunda AEP (Half-Hourly)","mc.rpart_UNDERT",24,0.474716104747764,0.900878052220335,0.621784147070506
"DS24","Water Consumption of Oporto - Rotunda AEP (Half-Hourly)","mc.rpart_UNDERT",25,0.516315782699465,0.900654512234427,0.656361168739699
"DS24","Water Consumption of Oporto - Rotunda AEP (Half-Hourly)","mc.rpart_UNDERT",26,0.498425201552879,0.8847855181961,0.63764601291984
"DS24","Water Consumption of Oporto - Rotunda AEP (Half-Hourly)","mc.rpart_UNDERT",27,0.554011424296754,0.898628188822257,0.68544225051619
"DS24","Water Consumption of Oporto - Rotunda AEP (Half-Hourly)","mc.rpart_UNDERT",28,0.723668145056437,0.895179998657736,0.800338501959757
"DS24","Water Consumption of Oporto - Rotunda AEP (Half-Hourly)","mc.rpart_UNDERT",29,0.741109690045143,0.904550644243187,0.814713988807546
"DS24","Water Consumption of Oporto - Rotunda AEP (Half-Hourly)","mc.rpart_UNDERT",30,0.735334351938548,0.9157120453714,0.81567001937995
"DS24","Water Consumption of Oporto - Rotunda AEP (Half-Hourly)","mc.rpart_UNDERT",31,0.717435092209836,0.904673503686769,0.80024792443512
"DS24","Water Consumption of Oporto - Rotunda AEP (Half-Hourly)","mc.rpart_UNDERT",32,0.751944771327654,0.906976961024281,0.822216708910014
"DS24","Water Consumption of Oporto - Rotunda AEP (Half-Hourly)","mc.rpart_UNDERT",33,0.724897257608884,0.915123181523303,0.808978069824032
"DS24","Water Consumption of Oporto - Rotunda AEP (Half-Hourly)","mc.rpart_UNDERT",34,0.751950067853047,0.937436059795162,0.834510355252132
"DS24","Water Consumption of Oporto - Rotunda AEP (Half-Hourly)","mc.rpart_UNDERT",35,0.692891256381837,0.939803637800314,0.797677172468737
"DS24","Water Consumption of Oporto - Rotunda AEP (Half-Hourly)","mc.rpart_UNDERT",36,0.727821010190064,0.941560290603226,0.821007593095767
"DS24","Water Consumption of Oporto - Rotunda AEP (Half-Hourly)","mc.rpart_UNDERT",37,0.73704155717066,0.952289334848534,0.830952441051792
"DS24","Water Consumption of Oporto - Rotunda AEP (Half-Hourly)","mc.rpart_UNDERT",38,0.70508227180596,0.946394878232024,0.808108366202963
"DS24","Water Consumption of Oporto - Rotunda AEP (Half-Hourly)","mc.rpart_UNDERT",39,0.675054503202959,0.947368056557078,0.78835821028534
"DS24","Water Consumption of Oporto - Rotunda AEP (Half-Hourly)","mc.rpart_UNDERT",40,0.76078963391323,0.93971776060181,0.840840249652543
"DS24","Water Consumption of Oporto - Rotunda AEP (Half-Hourly)","mc.rpart_UNDERT",41,0.661448489799366,0.939197514958883,0.776225069185984
"DS24","Water Consumption of Oporto - Rotunda AEP (Half-Hourly)","mc.rpart_UNDERT",42,0.712283497920289,0.9357769788937,0.808876262949075
"DS24","Water Consumption of Oporto - Rotunda AEP (Half-Hourly)","mc.rpart_UNDERT",43,0.640098523989702,0.924125483257448,0.756325635041733
"DS24","Water Consumption of Oporto - Rotunda AEP (Half-Hourly)","mc.rpart_UNDERT",44,0.6885259332836,0.927999945954929,0.790524961068645
"DS24","Water Consumption of Oporto - Rotunda AEP (Half-Hourly)","mc.rpart_UNDERT",45,0.743204548032472,0.946036845195784,0.83244335448367
"DS24","Water Consumption of Oporto - Rotunda AEP (Half-Hourly)","mc.rpart_UNDERT",46,0.709770472639569,0.955036306188755,0.814336629393845
"DS24","Water Consumption of Oporto - Rotunda AEP (Half-Hourly)","mc.rpart_UNDERT",47,0.695929819610732,0.945693067535881,0.801811440435391
"DS24","Water Consumption of Oporto - Rotunda AEP (Half-Hourly)","mc.rpart_UNDERT",48,0.617644102666322,0.853259370605661,0.716580833311984
"DS24","Water Consumption of Oporto - Rotunda AEP (Half-Hourly)","mc.rpart_UNDERT",49,0.640541132130351,0.925890977494047,0.757225610110255
"DS24","Water Consumption of Oporto - Rotunda AEP (Half-Hourly)","mc.rpart_UNDERT",50,0.597522897388686,0.946908034000491,0.732696063692114
"DS24","Water Consumption of Oporto - Rotunda AEP (Half-Hourly)","mc.rpart_UNDERTPhi",1,0.258242309744941,0.490255548649131,0.338290146935249
"DS24","Water Consumption of Oporto - Rotunda AEP (Half-Hourly)","mc.rpart_UNDERTPhi",2,0.254079280742105,0.513614415997931,0.33997617005242
"DS24","Water Consumption of Oporto - Rotunda AEP (Half-Hourly)","mc.rpart_UNDERTPhi",3,0.253450748075096,0.551253476731894,0.347247104587296
"DS24","Water Consumption of Oporto - Rotunda AEP (Half-Hourly)","mc.rpart_UNDERTPhi",4,0.262060330159456,0.535591465488095,0.35192618393707
"DS24","Water Consumption of Oporto - Rotunda AEP (Half-Hourly)","mc.rpart_UNDERTPhi",5,0.254492299281294,0.550424166554166,0.348057761698204
"DS24","Water Consumption of Oporto - Rotunda AEP (Half-Hourly)","mc.rpart_UNDERTPhi",6,0.271558887570302,0.433587606927623,0.333957749546414
"DS24","Water Consumption of Oporto - Rotunda AEP (Half-Hourly)","mc.rpart_UNDERTPhi",7,0.263336400355603,0.549852316138933,0.356119377266815
"DS24","Water Consumption of Oporto - Rotunda AEP (Half-Hourly)","mc.rpart_UNDERTPhi",8,0.292588360632793,0.969497681133052,0.449515687160483
"DS24","Water Consumption of Oporto - Rotunda AEP (Half-Hourly)","mc.rpart_UNDERTPhi",9,0.29619309347696,0.935346289472614,0.44991352251775
"DS24","Water Consumption of Oporto - Rotunda AEP (Half-Hourly)","mc.rpart_UNDERTPhi",10,0.313216566625229,0.943312627899101,0.470281381208382
"DS24","Water Consumption of Oporto - Rotunda AEP (Half-Hourly)","mc.rpart_UNDERTPhi",11,0.646233700181001,0.932873085505052,0.76353800934784
"DS24","Water Consumption of Oporto - Rotunda AEP (Half-Hourly)","mc.rpart_UNDERTPhi",12,0.64599087602545,0.900335536864262,0.752245499174915
"DS24","Water Consumption of Oporto - Rotunda AEP (Half-Hourly)","mc.rpart_UNDERTPhi",13,0.653593863064327,0.872390249618573,0.747306487149963
"DS24","Water Consumption of Oporto - Rotunda AEP (Half-Hourly)","mc.rpart_UNDERTPhi",14,0.633583983751794,0.87555601961349,0.735171381936134
"DS24","Water Consumption of Oporto - Rotunda AEP (Half-Hourly)","mc.rpart_UNDERTPhi",15,0.661482676152938,0.887964827238628,0.758171346839174
"DS24","Water Consumption of Oporto - Rotunda AEP (Half-Hourly)","mc.rpart_UNDERTPhi",16,0.57756811573196,0.892224979571104,0.701215296093921
"DS24","Water Consumption of Oporto - Rotunda AEP (Half-Hourly)","mc.rpart_UNDERTPhi",17,0.641823438530877,0.905616826303014,0.751235596821715
"DS24","Water Consumption of Oporto - Rotunda AEP (Half-Hourly)","mc.rpart_UNDERTPhi",18,0.598515407008132,0.902240795526409,0.719643891581919
"DS24","Water Consumption of Oporto - Rotunda AEP (Half-Hourly)","mc.rpart_UNDERTPhi",19,0.658178842418625,0.906717026474479,0.762711404316444
"DS24","Water Consumption of Oporto - Rotunda AEP (Half-Hourly)","mc.rpart_UNDERTPhi",20,0.481314963822785,0.91107440499471,0.629872295925827
"DS24","Water Consumption of Oporto - Rotunda AEP (Half-Hourly)","mc.rpart_UNDERTPhi",21,0.493608036820133,0.911436584082425,0.640395922324483
"DS24","Water Consumption of Oporto - Rotunda AEP (Half-Hourly)","mc.rpart_UNDERTPhi",22,0.459299144499958,0.906252922126427,0.60963064244278
"DS24","Water Consumption of Oporto - Rotunda AEP (Half-Hourly)","mc.rpart_UNDERTPhi",23,0.412769782529005,0.912318447209778,0.568381000752252
"DS24","Water Consumption of Oporto - Rotunda AEP (Half-Hourly)","mc.rpart_UNDERTPhi",24,0.438036588700578,0.904398630507667,0.590210514838405
"DS24","Water Consumption of Oporto - Rotunda AEP (Half-Hourly)","mc.rpart_UNDERTPhi",25,0.445137345197906,0.8979543397149,0.595213290916292
"DS24","Water Consumption of Oporto - Rotunda AEP (Half-Hourly)","mc.rpart_UNDERTPhi",26,0.412630404838313,0.902249223132783,0.5662806758681
"DS24","Water Consumption of Oporto - Rotunda AEP (Half-Hourly)","mc.rpart_UNDERTPhi",27,0.430795941670009,0.898859107698027,0.582444079633251
"DS24","Water Consumption of Oporto - Rotunda AEP (Half-Hourly)","mc.rpart_UNDERTPhi",28,0.385369030516094,0.889079979279276,0.53768159735341
"DS24","Water Consumption of Oporto - Rotunda AEP (Half-Hourly)","mc.rpart_UNDERTPhi",29,0.460717853965114,0.907842818922368,0.611239828175219
"DS24","Water Consumption of Oporto - Rotunda AEP (Half-Hourly)","mc.rpart_UNDERTPhi",30,0.48188794191805,0.903277457278386,0.628485977373338
"DS24","Water Consumption of Oporto - Rotunda AEP (Half-Hourly)","mc.rpart_UNDERTPhi",31,0.462556806576803,0.900626928124859,0.611203178538047
"DS24","Water Consumption of Oporto - Rotunda AEP (Half-Hourly)","mc.rpart_UNDERTPhi",32,0.45921896736053,0.901450639038384,0.608469873419562
"DS24","Water Consumption of Oporto - Rotunda AEP (Half-Hourly)","mc.rpart_UNDERTPhi",33,0.339952168487333,0.921448702696,0.496667620559804
"DS24","Water Consumption of Oporto - Rotunda AEP (Half-Hourly)","mc.rpart_UNDERTPhi",34,0.635741544456323,0.92910943431027,0.754926155592039
"DS24","Water Consumption of Oporto - Rotunda AEP (Half-Hourly)","mc.rpart_UNDERTPhi",35,0.582818530878795,0.924691863750723,0.714990165861134
"DS24","Water Consumption of Oporto - Rotunda AEP (Half-Hourly)","mc.rpart_UNDERTPhi",36,0.64947223693252,0.941190284998013,0.768581583270007
"DS24","Water Consumption of Oporto - Rotunda AEP (Half-Hourly)","mc.rpart_UNDERTPhi",37,0.545988803498302,0.939008814273163,0.69049039923546
"DS24","Water Consumption of Oporto - Rotunda AEP (Half-Hourly)","mc.rpart_UNDERTPhi",38,0.62105983289763,0.937705897921701,0.74722128765849
"DS24","Water Consumption of Oporto - Rotunda AEP (Half-Hourly)","mc.rpart_UNDERTPhi",39,0.672572225116821,0.946515412846482,0.786368770162834
"DS24","Water Consumption of Oporto - Rotunda AEP (Half-Hourly)","mc.rpart_UNDERTPhi",40,0.656118917404189,0.933885311773293,0.770739861562935
"DS24","Water Consumption of Oporto - Rotunda AEP (Half-Hourly)","mc.rpart_UNDERTPhi",41,0.699758012207111,0.937110903287112,0.801225873000109
"DS24","Water Consumption of Oporto - Rotunda AEP (Half-Hourly)","mc.rpart_UNDERTPhi",42,0.677333198430984,0.935567865076572,0.785778109691963
"DS24","Water Consumption of Oporto - Rotunda AEP (Half-Hourly)","mc.rpart_UNDERTPhi",43,0.498634462112995,0.929505167579584,0.649072821215758
"DS24","Water Consumption of Oporto - Rotunda AEP (Half-Hourly)","mc.rpart_UNDERTPhi",44,0.463164452627251,0.940058330840835,0.620573735505464
"DS24","Water Consumption of Oporto - Rotunda AEP (Half-Hourly)","mc.rpart_UNDERTPhi",45,0.576064175757067,0.946460959934764,0.716207883849897
"DS24","Water Consumption of Oporto - Rotunda AEP (Half-Hourly)","mc.rpart_UNDERTPhi",46,0.414788980001178,0.931816878728715,0.574046771250966
"DS24","Water Consumption of Oporto - Rotunda AEP (Half-Hourly)","mc.rpart_UNDERTPhi",47,0.596810109499905,0.938870023108693,0.729744572974155
"DS24","Water Consumption of Oporto - Rotunda AEP (Half-Hourly)","mc.rpart_UNDERTPhi",48,0.410952879895288,0.924658910219859,0.5690145068919
"DS24","Water Consumption of Oporto - Rotunda AEP (Half-Hourly)","mc.rpart_UNDERTPhi",49,0.64760251777388,0.926331696655534,0.76228692857452
"DS24","Water Consumption of Oporto - Rotunda AEP (Half-Hourly)","mc.rpart_UNDERTPhi",50,0.603969337761052,0.967682062700053,0.743740366853271
"DS24","Water Consumption of Oporto - Rotunda AEP (Half-Hourly)","mc.rpart_OVERB",1,0.618413606575687,0.534656237302912,0.573492913276625
"DS24","Water Consumption of Oporto - Rotunda AEP (Half-Hourly)","mc.rpart_OVERB",2,0.570798609733898,0.565636216083136,0.568205687507464
"DS24","Water Consumption of Oporto - Rotunda AEP (Half-Hourly)","mc.rpart_OVERB",3,0.636592726622263,0.545374997615992,0.58746402231537
"DS24","Water Consumption of Oporto - Rotunda AEP (Half-Hourly)","mc.rpart_OVERB",4,0.659181273427348,0.546855914925557,0.597787832519846
"DS24","Water Consumption of Oporto - Rotunda AEP (Half-Hourly)","mc.rpart_OVERB",5,0.614515049289185,0.583899361233003,0.598816138386846
"DS24","Water Consumption of Oporto - Rotunda AEP (Half-Hourly)","mc.rpart_OVERB",6,0.631928438593268,0.578190145823773,0.60386610166217
"DS24","Water Consumption of Oporto - Rotunda AEP (Half-Hourly)","mc.rpart_OVERB",7,0.690058018846241,0.599694228487687,0.641710548795959
"DS24","Water Consumption of Oporto - Rotunda AEP (Half-Hourly)","mc.rpart_OVERB",8,0.701922545450829,0.717901142126388,0.709821932782772
"DS24","Water Consumption of Oporto - Rotunda AEP (Half-Hourly)","mc.rpart_OVERB",9,0.717317426437544,0.67466683058258,0.695338718344822
"DS24","Water Consumption of Oporto - Rotunda AEP (Half-Hourly)","mc.rpart_OVERB",10,0.70858190478632,0.766967169534164,0.736619428462402
"DS24","Water Consumption of Oporto - Rotunda AEP (Half-Hourly)","mc.rpart_OVERB",11,0.734400743743238,0.918104011030466,0.816041547337947
"DS24","Water Consumption of Oporto - Rotunda AEP (Half-Hourly)","mc.rpart_OVERB",12,0.715637325406721,0.84461303698334,0.774794391157202
"DS24","Water Consumption of Oporto - Rotunda AEP (Half-Hourly)","mc.rpart_OVERB",13,0.710290883106399,0.841107629783815,0.770183903339804
"DS24","Water Consumption of Oporto - Rotunda AEP (Half-Hourly)","mc.rpart_OVERB",14,0.716377369743046,0.83366286450488,0.770582849310653
"DS24","Water Consumption of Oporto - Rotunda AEP (Half-Hourly)","mc.rpart_OVERB",15,0.753141469717777,0.894929064596915,0.817936097964332
"DS24","Water Consumption of Oporto - Rotunda AEP (Half-Hourly)","mc.rpart_OVERB",16,0.73612301314657,0.899349595921078,0.809590977862951
"DS24","Water Consumption of Oporto - Rotunda AEP (Half-Hourly)","mc.rpart_OVERB",17,0.737534881328126,0.903163424220316,0.811989049601133
"DS24","Water Consumption of Oporto - Rotunda AEP (Half-Hourly)","mc.rpart_OVERB",18,0.730418473312637,0.900468230804138,0.806577953882682
"DS24","Water Consumption of Oporto - Rotunda AEP (Half-Hourly)","mc.rpart_OVERB",19,0.735756869607949,0.901726033555745,0.810330443647562
"DS24","Water Consumption of Oporto - Rotunda AEP (Half-Hourly)","mc.rpart_OVERB",20,0.744730450250927,0.900152816142422,0.815098828903858
"DS24","Water Consumption of Oporto - Rotunda AEP (Half-Hourly)","mc.rpart_OVERB",21,0.702979827853269,0.896126951649715,0.787888811779271
"DS24","Water Consumption of Oporto - Rotunda AEP (Half-Hourly)","mc.rpart_OVERB",22,0.733855248071652,0.896945298726705,0.80724527103703
"DS24","Water Consumption of Oporto - Rotunda AEP (Half-Hourly)","mc.rpart_OVERB",23,0.636104330881974,0.906484585100929,0.747598747127055
"DS24","Water Consumption of Oporto - Rotunda AEP (Half-Hourly)","mc.rpart_OVERB",24,0.633300276899799,0.888895430765388,0.739639087935869
"DS24","Water Consumption of Oporto - Rotunda AEP (Half-Hourly)","mc.rpart_OVERB",25,0.64331624541902,0.899006935442944,0.749967028300245
"DS24","Water Consumption of Oporto - Rotunda AEP (Half-Hourly)","mc.rpart_OVERB",26,0.648358749940808,0.896871866647943,0.752631634494334
"DS24","Water Consumption of Oporto - Rotunda AEP (Half-Hourly)","mc.rpart_OVERB",27,0.744258184507005,0.893193537047247,0.811952610932779
"DS24","Water Consumption of Oporto - Rotunda AEP (Half-Hourly)","mc.rpart_OVERB",28,0.732835882488173,0.896789855542221,0.806565298836079
"DS24","Water Consumption of Oporto - Rotunda AEP (Half-Hourly)","mc.rpart_OVERB",29,0.731934084550761,0.907220377344019,0.810204934084748
"DS24","Water Consumption of Oporto - Rotunda AEP (Half-Hourly)","mc.rpart_OVERB",30,0.745308742699773,0.904774846532927,0.817336294592696
"DS24","Water Consumption of Oporto - Rotunda AEP (Half-Hourly)","mc.rpart_OVERB",31,0.74187010944675,0.906551308638672,0.815984688357179
"DS24","Water Consumption of Oporto - Rotunda AEP (Half-Hourly)","mc.rpart_OVERB",32,0.764381124517701,0.904145536744653,0.828409636057796
"DS24","Water Consumption of Oporto - Rotunda AEP (Half-Hourly)","mc.rpart_OVERB",33,0.80259814092172,0.913032871101765,0.854261178319929
"DS24","Water Consumption of Oporto - Rotunda AEP (Half-Hourly)","mc.rpart_OVERB",34,0.783062977339117,0.937130940928655,0.853197464503499
"DS24","Water Consumption of Oporto - Rotunda AEP (Half-Hourly)","mc.rpart_OVERB",35,0.811558197799116,0.941040057612587,0.871516071472346
"DS24","Water Consumption of Oporto - Rotunda AEP (Half-Hourly)","mc.rpart_OVERB",36,0.797347904927112,0.946308073514306,0.865465171067394
"DS24","Water Consumption of Oporto - Rotunda AEP (Half-Hourly)","mc.rpart_OVERB",37,0.778161476381679,0.957971266113158,0.85875499784494
"DS24","Water Consumption of Oporto - Rotunda AEP (Half-Hourly)","mc.rpart_OVERB",38,0.798939651452508,0.942906121348446,0.864973351493902
"DS24","Water Consumption of Oporto - Rotunda AEP (Half-Hourly)","mc.rpart_OVERB",39,0.776019542171432,0.944681024241829,0.852084261770525
"DS24","Water Consumption of Oporto - Rotunda AEP (Half-Hourly)","mc.rpart_OVERB",40,0.824577903747697,0.931548619267307,0.874805314591715
"DS24","Water Consumption of Oporto - Rotunda AEP (Half-Hourly)","mc.rpart_OVERB",41,0.79198606159216,0.935917964397999,0.857957353472992
"DS24","Water Consumption of Oporto - Rotunda AEP (Half-Hourly)","mc.rpart_OVERB",42,0.764932273746498,0.932825539042603,0.840577325238673
"DS24","Water Consumption of Oporto - Rotunda AEP (Half-Hourly)","mc.rpart_OVERB",43,0.819885847659877,0.939635360313786,0.875685647198626
"DS24","Water Consumption of Oporto - Rotunda AEP (Half-Hourly)","mc.rpart_OVERB",44,0.825698348209659,0.945403374435088,0.881505556323677
"DS24","Water Consumption of Oporto - Rotunda AEP (Half-Hourly)","mc.rpart_OVERB",45,0.824964989865332,0.946310893224929,0.881481381744726
"DS24","Water Consumption of Oporto - Rotunda AEP (Half-Hourly)","mc.rpart_OVERB",46,0.797210463505029,0.957840162037293,0.870174556139114
"DS24","Water Consumption of Oporto - Rotunda AEP (Half-Hourly)","mc.rpart_OVERB",47,0.826561986178557,0.927055725230789,0.873929382167484
"DS24","Water Consumption of Oporto - Rotunda AEP (Half-Hourly)","mc.rpart_OVERB",48,0.79829086767833,0.894352033961168,0.84359561075665
"DS24","Water Consumption of Oporto - Rotunda AEP (Half-Hourly)","mc.rpart_OVERB",49,0.791674958133985,0.921761613671274,0.851780099620353
"DS24","Water Consumption of Oporto - Rotunda AEP (Half-Hourly)","mc.rpart_OVERB",50,0.820913958074738,0.934077031526982,0.873847076869078
"DS24","Water Consumption of Oporto - Rotunda AEP (Half-Hourly)","mc.rpart_OVERT",1,0.426080995404657,0.514172580951821,0.466000174018321
"DS24","Water Consumption of Oporto - Rotunda AEP (Half-Hourly)","mc.rpart_OVERT",2,0.486210600938089,0.511378514559028,0.498477080409346
"DS24","Water Consumption of Oporto - Rotunda AEP (Half-Hourly)","mc.rpart_OVERT",3,0.430617477685301,0.470944938010062,0.449879271371663
"DS24","Water Consumption of Oporto - Rotunda AEP (Half-Hourly)","mc.rpart_OVERT",4,0.520216682182643,0.481782888372752,0.500262680916564
"DS24","Water Consumption of Oporto - Rotunda AEP (Half-Hourly)","mc.rpart_OVERT",5,0.628201223365606,0.582826604233661,0.604663868897919
"DS24","Water Consumption of Oporto - Rotunda AEP (Half-Hourly)","mc.rpart_OVERT",6,0.65203292328363,0.573558939488926,0.610283608026575
"DS24","Water Consumption of Oporto - Rotunda AEP (Half-Hourly)","mc.rpart_OVERT",7,0.637660430983437,0.573296184750997,0.603767777473625
"DS24","Water Consumption of Oporto - Rotunda AEP (Half-Hourly)","mc.rpart_OVERT",8,0.717665784234071,0.719323922927791,0.718493896919963
"DS24","Water Consumption of Oporto - Rotunda AEP (Half-Hourly)","mc.rpart_OVERT",9,0.711644260802264,0.736747471629976,0.723978324518059
"DS24","Water Consumption of Oporto - Rotunda AEP (Half-Hourly)","mc.rpart_OVERT",10,0.707304751701272,0.779949291453884,0.741852869683301
"DS24","Water Consumption of Oporto - Rotunda AEP (Half-Hourly)","mc.rpart_OVERT",11,0.73494554674826,0.911283564773918,0.813670215242634
"DS24","Water Consumption of Oporto - Rotunda AEP (Half-Hourly)","mc.rpart_OVERT",12,0.73843408950477,0.86616964003296,0.797217627904527
"DS24","Water Consumption of Oporto - Rotunda AEP (Half-Hourly)","mc.rpart_OVERT",13,0.73294056146565,0.848885795978009,0.786663882538697
"DS24","Water Consumption of Oporto - Rotunda AEP (Half-Hourly)","mc.rpart_OVERT",14,0.742558415463196,0.850008866021278,0.792658801949124
"DS24","Water Consumption of Oporto - Rotunda AEP (Half-Hourly)","mc.rpart_OVERT",15,0.734047841467502,0.899482363178214,0.808387975014218
"DS24","Water Consumption of Oporto - Rotunda AEP (Half-Hourly)","mc.rpart_OVERT",16,0.744520022822436,0.889726216401016,0.810672182737121
"DS24","Water Consumption of Oporto - Rotunda AEP (Half-Hourly)","mc.rpart_OVERT",17,0.747295614795821,0.89626940581768,0.815030970168977
"DS24","Water Consumption of Oporto - Rotunda AEP (Half-Hourly)","mc.rpart_OVERT",18,0.729650035640745,0.89543623695384,0.804086642322378
"DS24","Water Consumption of Oporto - Rotunda AEP (Half-Hourly)","mc.rpart_OVERT",19,0.734885260844007,0.894665974575837,0.806942210595823
"DS24","Water Consumption of Oporto - Rotunda AEP (Half-Hourly)","mc.rpart_OVERT",20,0.726178770479023,0.895099355932339,0.801839165234736
"DS24","Water Consumption of Oporto - Rotunda AEP (Half-Hourly)","mc.rpart_OVERT",21,0.740558149747532,0.891476742393877,0.809039524913496
"DS24","Water Consumption of Oporto - Rotunda AEP (Half-Hourly)","mc.rpart_OVERT",22,0.731438686996062,0.891920561233727,0.803747174169844
"DS24","Water Consumption of Oporto - Rotunda AEP (Half-Hourly)","mc.rpart_OVERT",23,0.631342825730623,0.901073663314134,0.74246968347725
"DS24","Water Consumption of Oporto - Rotunda AEP (Half-Hourly)","mc.rpart_OVERT",24,0.72352966065422,0.91279296652235,0.80721585627039
"DS24","Water Consumption of Oporto - Rotunda AEP (Half-Hourly)","mc.rpart_OVERT",25,0.729976279772526,0.896185437412995,0.804586782083763
"DS24","Water Consumption of Oporto - Rotunda AEP (Half-Hourly)","mc.rpart_OVERT",26,0.716489870720857,0.9017816754954,0.798527833730809
"DS24","Water Consumption of Oporto - Rotunda AEP (Half-Hourly)","mc.rpart_OVERT",27,0.738760874033584,0.899650353458956,0.811306063207489
"DS24","Water Consumption of Oporto - Rotunda AEP (Half-Hourly)","mc.rpart_OVERT",28,0.745985483539309,0.899619505056183,0.815630842312298
"DS24","Water Consumption of Oporto - Rotunda AEP (Half-Hourly)","mc.rpart_OVERT",29,0.755310618825388,0.899609766003013,0.821169181660125
"DS24","Water Consumption of Oporto - Rotunda AEP (Half-Hourly)","mc.rpart_OVERT",30,0.74504776251192,0.901824476142497,0.815973810667222
"DS24","Water Consumption of Oporto - Rotunda AEP (Half-Hourly)","mc.rpart_OVERT",31,0.741820520004589,0.904852698094033,0.815265945483385
"DS24","Water Consumption of Oporto - Rotunda AEP (Half-Hourly)","mc.rpart_OVERT",32,0.755120938009223,0.901987193608968,0.822045831185678
"DS24","Water Consumption of Oporto - Rotunda AEP (Half-Hourly)","mc.rpart_OVERT",33,0.810082184198922,0.919896515431514,0.861503992640983
"DS24","Water Consumption of Oporto - Rotunda AEP (Half-Hourly)","mc.rpart_OVERT",34,0.81321217651919,0.940827971422018,0.872377708421618
"DS24","Water Consumption of Oporto - Rotunda AEP (Half-Hourly)","mc.rpart_OVERT",35,0.799773425268986,0.942629581059239,0.865345257171351
"DS24","Water Consumption of Oporto - Rotunda AEP (Half-Hourly)","mc.rpart_OVERT",36,0.788134613029472,0.942201368016505,0.858309043690627
"DS24","Water Consumption of Oporto - Rotunda AEP (Half-Hourly)","mc.rpart_OVERT",37,0.813091773048448,0.947133282614316,0.875008883206822
"DS24","Water Consumption of Oporto - Rotunda AEP (Half-Hourly)","mc.rpart_OVERT",38,0.785661263577465,0.944751237080287,0.857893075100569
"DS24","Water Consumption of Oporto - Rotunda AEP (Half-Hourly)","mc.rpart_OVERT",39,0.785828590844145,0.947901914628037,0.859289749450128
"DS24","Water Consumption of Oporto - Rotunda AEP (Half-Hourly)","mc.rpart_OVERT",40,0.811140599153936,0.93496859566319,0.868663871798444
"DS24","Water Consumption of Oporto - Rotunda AEP (Half-Hourly)","mc.rpart_OVERT",41,0.805922711300418,0.945440385960382,0.870124396725987
"DS24","Water Consumption of Oporto - Rotunda AEP (Half-Hourly)","mc.rpart_OVERT",42,0.807776404660411,0.945421659298716,0.871195701770067
"DS24","Water Consumption of Oporto - Rotunda AEP (Half-Hourly)","mc.rpart_OVERT",43,0.78804481836951,0.942143799818749,0.858231908129847
"DS24","Water Consumption of Oporto - Rotunda AEP (Half-Hourly)","mc.rpart_OVERT",44,0.789819771229298,0.938652990857235,0.857828606575916
"DS24","Water Consumption of Oporto - Rotunda AEP (Half-Hourly)","mc.rpart_OVERT",45,0.79812416144476,0.951068569276092,0.867909854641497
"DS24","Water Consumption of Oporto - Rotunda AEP (Half-Hourly)","mc.rpart_OVERT",46,0.817123150256498,0.925015975993527,0.867728595210878
"DS24","Water Consumption of Oporto - Rotunda AEP (Half-Hourly)","mc.rpart_OVERT",47,0.795141182276111,0.95819039971394,0.869084496167462
"DS24","Water Consumption of Oporto - Rotunda AEP (Half-Hourly)","mc.rpart_OVERT",48,0.784104903904226,0.891158120223099,0.834211036902699
"DS24","Water Consumption of Oporto - Rotunda AEP (Half-Hourly)","mc.rpart_OVERT",49,0.812355346893155,0.90467858363518,0.85603490014857
"DS24","Water Consumption of Oporto - Rotunda AEP (Half-Hourly)","mc.rpart_OVERT",50,0.807356760629198,0.93415582829626,0.866140191293714
"DS24","Water Consumption of Oporto - Rotunda AEP (Half-Hourly)","mc.rpart_OVERTPhi",1,0.422472145283726,0.47157605965898,0.445675632448349
"DS24","Water Consumption of Oporto - Rotunda AEP (Half-Hourly)","mc.rpart_OVERTPhi",2,0.479987076888726,0.470299228801446,0.475093770674681
"DS24","Water Consumption of Oporto - Rotunda AEP (Half-Hourly)","mc.rpart_OVERTPhi",3,0.435415325211498,0.479396661266351,0.456348749810896
"DS24","Water Consumption of Oporto - Rotunda AEP (Half-Hourly)","mc.rpart_OVERTPhi",4,0.519153746177293,0.475024874594364,0.496109930389872
"DS24","Water Consumption of Oporto - Rotunda AEP (Half-Hourly)","mc.rpart_OVERTPhi",5,0.639947024932653,0.577997166203227,0.607396577976688
"DS24","Water Consumption of Oporto - Rotunda AEP (Half-Hourly)","mc.rpart_OVERTPhi",6,0.651462939562695,0.573517536197567,0.610010408190608
"DS24","Water Consumption of Oporto - Rotunda AEP (Half-Hourly)","mc.rpart_OVERTPhi",7,0.636052996285558,0.576161870619677,0.604627932156497
"DS24","Water Consumption of Oporto - Rotunda AEP (Half-Hourly)","mc.rpart_OVERTPhi",8,0.711727430609882,0.718476759847668,0.715086169724758
"DS24","Water Consumption of Oporto - Rotunda AEP (Half-Hourly)","mc.rpart_OVERTPhi",9,0.711213951173191,0.735698257485354,0.723248945507887
"DS24","Water Consumption of Oporto - Rotunda AEP (Half-Hourly)","mc.rpart_OVERTPhi",10,0.715323048001532,0.777144751691603,0.744953495991982
"DS24","Water Consumption of Oporto - Rotunda AEP (Half-Hourly)","mc.rpart_OVERTPhi",11,0.759443149695619,0.914970540569345,0.829983788652288
"DS24","Water Consumption of Oporto - Rotunda AEP (Half-Hourly)","mc.rpart_OVERTPhi",12,0.726135589147009,0.853403466083396,0.784642363318042
"DS24","Water Consumption of Oporto - Rotunda AEP (Half-Hourly)","mc.rpart_OVERTPhi",13,0.7435456731847,0.86379715629238,0.79917317736055
"DS24","Water Consumption of Oporto - Rotunda AEP (Half-Hourly)","mc.rpart_OVERTPhi",14,0.746097336916527,0.865116884807581,0.801211155132147
"DS24","Water Consumption of Oporto - Rotunda AEP (Half-Hourly)","mc.rpart_OVERTPhi",15,0.726952523329575,0.898073993557912,0.803503387752774
"DS24","Water Consumption of Oporto - Rotunda AEP (Half-Hourly)","mc.rpart_OVERTPhi",16,0.744912985986627,0.88449882116309,0.808726995941927
"DS24","Water Consumption of Oporto - Rotunda AEP (Half-Hourly)","mc.rpart_OVERTPhi",17,0.745223635796599,0.891848046628966,0.81196962970148
"DS24","Water Consumption of Oporto - Rotunda AEP (Half-Hourly)","mc.rpart_OVERTPhi",18,0.730751100064896,0.893264805317777,0.803876657823015
"DS24","Water Consumption of Oporto - Rotunda AEP (Half-Hourly)","mc.rpart_OVERTPhi",19,0.733074279931253,0.896573598147002,0.806622158943988
"DS24","Water Consumption of Oporto - Rotunda AEP (Half-Hourly)","mc.rpart_OVERTPhi",20,0.710567808388074,0.893322506925456,0.791533198834331
"DS24","Water Consumption of Oporto - Rotunda AEP (Half-Hourly)","mc.rpart_OVERTPhi",21,0.736535084712696,0.891074257998959,0.806468034899744
"DS24","Water Consumption of Oporto - Rotunda AEP (Half-Hourly)","mc.rpart_OVERTPhi",22,0.735563310138183,0.889728879678133,0.80533447950125
"DS24","Water Consumption of Oporto - Rotunda AEP (Half-Hourly)","mc.rpart_OVERTPhi",23,0.63174736139216,0.908130070592677,0.74513563739721
"DS24","Water Consumption of Oporto - Rotunda AEP (Half-Hourly)","mc.rpart_OVERTPhi",24,0.718568144701465,0.913439952521895,0.804369602205497
"DS24","Water Consumption of Oporto - Rotunda AEP (Half-Hourly)","mc.rpart_OVERTPhi",25,0.733058559068366,0.900943540691844,0.808376407641624
"DS24","Water Consumption of Oporto - Rotunda AEP (Half-Hourly)","mc.rpart_OVERTPhi",26,0.723382295276933,0.898728859076999,0.801578292789283
"DS24","Water Consumption of Oporto - Rotunda AEP (Half-Hourly)","mc.rpart_OVERTPhi",27,0.738771897717578,0.899315953700824,0.811176706045361
"DS24","Water Consumption of Oporto - Rotunda AEP (Half-Hourly)","mc.rpart_OVERTPhi",28,0.745846224630292,0.901620905855541,0.816369002132127
"DS24","Water Consumption of Oporto - Rotunda AEP (Half-Hourly)","mc.rpart_OVERTPhi",29,0.747595807813352,0.901008576431415,0.817164191702155
"DS24","Water Consumption of Oporto - Rotunda AEP (Half-Hourly)","mc.rpart_OVERTPhi",30,0.746024407370145,0.902402089391416,0.816795878093908
"DS24","Water Consumption of Oporto - Rotunda AEP (Half-Hourly)","mc.rpart_OVERTPhi",31,0.742383442416657,0.89946801744309,0.813411175685928
"DS24","Water Consumption of Oporto - Rotunda AEP (Half-Hourly)","mc.rpart_OVERTPhi",32,0.764847205567679,0.900955027508719,0.827340630777737
"DS24","Water Consumption of Oporto - Rotunda AEP (Half-Hourly)","mc.rpart_OVERTPhi",33,0.79214780960907,0.902821396129908,0.843871368271506
"DS24","Water Consumption of Oporto - Rotunda AEP (Half-Hourly)","mc.rpart_OVERTPhi",34,0.79085118756004,0.943945630077916,0.860643177286512
"DS24","Water Consumption of Oporto - Rotunda AEP (Half-Hourly)","mc.rpart_OVERTPhi",35,0.816354125181165,0.935225527599016,0.871756207282231
"DS24","Water Consumption of Oporto - Rotunda AEP (Half-Hourly)","mc.rpart_OVERTPhi",36,0.778926549142609,0.944973144854953,0.853953015151876
"DS24","Water Consumption of Oporto - Rotunda AEP (Half-Hourly)","mc.rpart_OVERTPhi",37,0.797462693666735,0.95824115569179,0.870490286251293
"DS24","Water Consumption of Oporto - Rotunda AEP (Half-Hourly)","mc.rpart_OVERTPhi",38,0.767356159097724,0.942549302246566,0.845977779103114
"DS24","Water Consumption of Oporto - Rotunda AEP (Half-Hourly)","mc.rpart_OVERTPhi",39,0.775682610335351,0.947223016781331,0.85291313773962
"DS24","Water Consumption of Oporto - Rotunda AEP (Half-Hourly)","mc.rpart_OVERTPhi",40,0.803138451526708,0.930610032052181,0.862188151507156
"DS24","Water Consumption of Oporto - Rotunda AEP (Half-Hourly)","mc.rpart_OVERTPhi",41,0.804911681533368,0.945584822471536,0.869595874937963
"DS24","Water Consumption of Oporto - Rotunda AEP (Half-Hourly)","mc.rpart_OVERTPhi",42,0.807035538748142,0.945433158867636,0.870769514748143
"DS24","Water Consumption of Oporto - Rotunda AEP (Half-Hourly)","mc.rpart_OVERTPhi",43,0.802687161093928,0.947146357463317,0.868953775030585
"DS24","Water Consumption of Oporto - Rotunda AEP (Half-Hourly)","mc.rpart_OVERTPhi",44,0.822381655940562,0.94284854382755,0.878504511055731
"DS24","Water Consumption of Oporto - Rotunda AEP (Half-Hourly)","mc.rpart_OVERTPhi",45,0.79819930840393,0.956655136465938,0.87027328168497
"DS24","Water Consumption of Oporto - Rotunda AEP (Half-Hourly)","mc.rpart_OVERTPhi",46,0.806486628310404,0.92439433098112,0.861424540168683
"DS24","Water Consumption of Oporto - Rotunda AEP (Half-Hourly)","mc.rpart_OVERTPhi",47,0.788109535188792,0.949069339593923,0.861132502757214
"DS24","Water Consumption of Oporto - Rotunda AEP (Half-Hourly)","mc.rpart_OVERTPhi",48,0.791740528851888,0.883011920872518,0.834889150726932
"DS24","Water Consumption of Oporto - Rotunda AEP (Half-Hourly)","mc.rpart_OVERTPhi",49,0.813986375002354,0.905876155644365,0.857476495934534
"DS24","Water Consumption of Oporto - Rotunda AEP (Half-Hourly)","mc.rpart_OVERTPhi",50,0.794215655359859,0.924687795324748,0.854500027997046
"DS24","Water Consumption of Oporto - Rotunda AEP (Half-Hourly)","mc.rpart_SMOTEB",1,0.309110845301537,0.634081436986923,0.415612919354014
"DS24","Water Consumption of Oporto - Rotunda AEP (Half-Hourly)","mc.rpart_SMOTEB",2,0.329247538604307,0.625255854774621,0.431353000126528
"DS24","Water Consumption of Oporto - Rotunda AEP (Half-Hourly)","mc.rpart_SMOTEB",3,0.335940003919118,0.534957656941147,0.412709059734646
"DS24","Water Consumption of Oporto - Rotunda AEP (Half-Hourly)","mc.rpart_SMOTEB",4,0.355665432719209,0.507211606907464,0.418130573341013
"DS24","Water Consumption of Oporto - Rotunda AEP (Half-Hourly)","mc.rpart_SMOTEB",5,0.353184694758299,0.595772350732642,0.443471444442637
"DS24","Water Consumption of Oporto - Rotunda AEP (Half-Hourly)","mc.rpart_SMOTEB",6,0.422262538211444,0.494089535176859,0.455361006509305
"DS24","Water Consumption of Oporto - Rotunda AEP (Half-Hourly)","mc.rpart_SMOTEB",7,0.409756073311602,0.596792578634801,0.485896798192568
"DS24","Water Consumption of Oporto - Rotunda AEP (Half-Hourly)","mc.rpart_SMOTEB",8,0.626393870926329,0.738755056776198,0.677950413013515
"DS24","Water Consumption of Oporto - Rotunda AEP (Half-Hourly)","mc.rpart_SMOTEB",9,0.671085360810756,0.840053307254199,0.746122759893165
"DS24","Water Consumption of Oporto - Rotunda AEP (Half-Hourly)","mc.rpart_SMOTEB",10,0.657353747108867,0.865958510064838,0.747372797338454
"DS24","Water Consumption of Oporto - Rotunda AEP (Half-Hourly)","mc.rpart_SMOTEB",11,0.716512651271798,0.924224250797422,0.807220667095856
"DS24","Water Consumption of Oporto - Rotunda AEP (Half-Hourly)","mc.rpart_SMOTEB",12,0.715252142466384,0.869433650418151,0.784842375676252
"DS24","Water Consumption of Oporto - Rotunda AEP (Half-Hourly)","mc.rpart_SMOTEB",13,0.72363144475709,0.858472299594143,0.785305707868091
"DS24","Water Consumption of Oporto - Rotunda AEP (Half-Hourly)","mc.rpart_SMOTEB",14,0.694649119664573,0.843736436172049,0.761968637045735
"DS24","Water Consumption of Oporto - Rotunda AEP (Half-Hourly)","mc.rpart_SMOTEB",15,0.720229476049855,0.90679250153339,0.802814832575813
"DS24","Water Consumption of Oporto - Rotunda AEP (Half-Hourly)","mc.rpart_SMOTEB",16,0.729404170811575,0.899464698340631,0.805556929587468
"DS24","Water Consumption of Oporto - Rotunda AEP (Half-Hourly)","mc.rpart_SMOTEB",17,0.746736558848275,0.909629563970035,0.820173319253704
"DS24","Water Consumption of Oporto - Rotunda AEP (Half-Hourly)","mc.rpart_SMOTEB",18,0.743173417995723,0.910194261954219,0.818247736301572
"DS24","Water Consumption of Oporto - Rotunda AEP (Half-Hourly)","mc.rpart_SMOTEB",19,0.732163298473274,0.899931705846659,0.807424769280415
"DS24","Water Consumption of Oporto - Rotunda AEP (Half-Hourly)","mc.rpart_SMOTEB",20,0.710899111133087,0.908829325819553,0.797770719037755
"DS24","Water Consumption of Oporto - Rotunda AEP (Half-Hourly)","mc.rpart_SMOTEB",21,0.720499752403148,0.898677729532966,0.79978518580247
"DS24","Water Consumption of Oporto - Rotunda AEP (Half-Hourly)","mc.rpart_SMOTEB",22,0.744550287185089,0.900597045646861,0.815172933867447
"DS24","Water Consumption of Oporto - Rotunda AEP (Half-Hourly)","mc.rpart_SMOTEB",23,0.619150053185593,0.903506119845618,0.734776336331126
"DS24","Water Consumption of Oporto - Rotunda AEP (Half-Hourly)","mc.rpart_SMOTEB",24,0.656921817419693,0.898306744417987,0.758881766479573
"DS24","Water Consumption of Oporto - Rotunda AEP (Half-Hourly)","mc.rpart_SMOTEB",25,0.694530822187095,0.896335281227268,0.782633407663886
"DS24","Water Consumption of Oporto - Rotunda AEP (Half-Hourly)","mc.rpart_SMOTEB",26,0.677988769416701,0.905773766579281,0.775500654189707
"DS24","Water Consumption of Oporto - Rotunda AEP (Half-Hourly)","mc.rpart_SMOTEB",27,0.70151103408603,0.898242281229135,0.787780047751555
"DS24","Water Consumption of Oporto - Rotunda AEP (Half-Hourly)","mc.rpart_SMOTEB",28,0.6731343420549,0.900651865816035,0.770447342954875
"DS24","Water Consumption of Oporto - Rotunda AEP (Half-Hourly)","mc.rpart_SMOTEB",29,0.743514637679084,0.911847923755742,0.819122401876754
"DS24","Water Consumption of Oporto - Rotunda AEP (Half-Hourly)","mc.rpart_SMOTEB",30,0.744787564569368,0.900886364665718,0.815433664681071
"DS24","Water Consumption of Oporto - Rotunda AEP (Half-Hourly)","mc.rpart_SMOTEB",31,0.742060235076453,0.903521867447384,0.814869885041193
"DS24","Water Consumption of Oporto - Rotunda AEP (Half-Hourly)","mc.rpart_SMOTEB",32,0.75084252829949,0.904955199924209,0.820726878322019
"DS24","Water Consumption of Oporto - Rotunda AEP (Half-Hourly)","mc.rpart_SMOTEB",33,0.745240798580648,0.910273334380078,0.819531302250951
"DS24","Water Consumption of Oporto - Rotunda AEP (Half-Hourly)","mc.rpart_SMOTEB",34,0.770071375088049,0.930144469999919,0.842572586431016
"DS24","Water Consumption of Oporto - Rotunda AEP (Half-Hourly)","mc.rpart_SMOTEB",35,0.771915690742262,0.937965244674865,0.846877785158539
"DS24","Water Consumption of Oporto - Rotunda AEP (Half-Hourly)","mc.rpart_SMOTEB",36,0.786241055940872,0.94645959350277,0.858942819049472
"DS24","Water Consumption of Oporto - Rotunda AEP (Half-Hourly)","mc.rpart_SMOTEB",37,0.763484667634978,0.951457695557144,0.847169418695861
"DS24","Water Consumption of Oporto - Rotunda AEP (Half-Hourly)","mc.rpart_SMOTEB",38,0.740861239902908,0.952595185313836,0.83349159695895
"DS24","Water Consumption of Oporto - Rotunda AEP (Half-Hourly)","mc.rpart_SMOTEB",39,0.776620092436748,0.948686403064753,0.854073086680724
"DS24","Water Consumption of Oporto - Rotunda AEP (Half-Hourly)","mc.rpart_SMOTEB",40,0.777963878410493,0.929045287675058,0.846818739557321
"DS24","Water Consumption of Oporto - Rotunda AEP (Half-Hourly)","mc.rpart_SMOTEB",41,0.735705518437746,0.944065013184562,0.826962762935353
"DS24","Water Consumption of Oporto - Rotunda AEP (Half-Hourly)","mc.rpart_SMOTEB",42,0.754196513644386,0.944321895515239,0.838618265795575
"DS24","Water Consumption of Oporto - Rotunda AEP (Half-Hourly)","mc.rpart_SMOTEB",43,0.779994332941689,0.945840134049335,0.854948673859259
"DS24","Water Consumption of Oporto - Rotunda AEP (Half-Hourly)","mc.rpart_SMOTEB",44,0.767820108332574,0.948062818390637,0.848474781799852
"DS24","Water Consumption of Oporto - Rotunda AEP (Half-Hourly)","mc.rpart_SMOTEB",45,0.730935423701119,0.935591359643826,0.820697121350517
"DS24","Water Consumption of Oporto - Rotunda AEP (Half-Hourly)","mc.rpart_SMOTEB",46,0.776635401544346,0.940720214280716,0.850839062831829
"DS24","Water Consumption of Oporto - Rotunda AEP (Half-Hourly)","mc.rpart_SMOTEB",47,0.719793768833216,0.943232042037037,0.816502716896267
"DS24","Water Consumption of Oporto - Rotunda AEP (Half-Hourly)","mc.rpart_SMOTEB",48,0.731141200310743,0.884545687166231,0.800560802290507
"DS24","Water Consumption of Oporto - Rotunda AEP (Half-Hourly)","mc.rpart_SMOTEB",49,0.726973926256481,0.9207838262036,0.812480878781255
"DS24","Water Consumption of Oporto - Rotunda AEP (Half-Hourly)","mc.rpart_SMOTEB",50,0.699383118777298,0.949662159728963,0.805529953255925
"DS24","Water Consumption of Oporto - Rotunda AEP (Half-Hourly)","mc.rpart_SMOTET",1,0.324170625443925,0.489144303404919,0.389925744979348
"DS24","Water Consumption of Oporto - Rotunda AEP (Half-Hourly)","mc.rpart_SMOTET",2,0.259515175157354,0.416300497612974,0.319721192949723
"DS24","Water Consumption of Oporto - Rotunda AEP (Half-Hourly)","mc.rpart_SMOTET",3,0.294425116964272,0.578022594660979,0.390130818783444
"DS24","Water Consumption of Oporto - Rotunda AEP (Half-Hourly)","mc.rpart_SMOTET",4,0.30750905580369,0.407165242368724,0.350388980146816
"DS24","Water Consumption of Oporto - Rotunda AEP (Half-Hourly)","mc.rpart_SMOTET",5,0.342693283542654,0.529789535733548,0.416180838352057
"DS24","Water Consumption of Oporto - Rotunda AEP (Half-Hourly)","mc.rpart_SMOTET",6,0.41662507760728,0.602093666097468,0.492476106707253
"DS24","Water Consumption of Oporto - Rotunda AEP (Half-Hourly)","mc.rpart_SMOTET",7,0.374205792242149,0.613850246597436,0.464966173610575
"DS24","Water Consumption of Oporto - Rotunda AEP (Half-Hourly)","mc.rpart_SMOTET",8,0.623197450468716,0.974083857724075,0.760099768979585
"DS24","Water Consumption of Oporto - Rotunda AEP (Half-Hourly)","mc.rpart_SMOTET",9,0.638193536236606,0.7971760036693,0.708880269004492
"DS24","Water Consumption of Oporto - Rotunda AEP (Half-Hourly)","mc.rpart_SMOTET",10,0.623852461360843,0.732623965400428,0.673877193956479
"DS24","Water Consumption of Oporto - Rotunda AEP (Half-Hourly)","mc.rpart_SMOTET",11,0.651058645260026,0.908934346857941,0.758682337017688
"DS24","Water Consumption of Oporto - Rotunda AEP (Half-Hourly)","mc.rpart_SMOTET",12,0.6001304418824,0.886251464193878,0.715652525977804
"DS24","Water Consumption of Oporto - Rotunda AEP (Half-Hourly)","mc.rpart_SMOTET",13,0.63999055792093,0.886823561399863,0.743454882497687
"DS24","Water Consumption of Oporto - Rotunda AEP (Half-Hourly)","mc.rpart_SMOTET",14,0.639704400771171,0.895241058992908,0.746201946845497
"DS24","Water Consumption of Oporto - Rotunda AEP (Half-Hourly)","mc.rpart_SMOTET",15,0.734229216162207,0.900734477058368,0.809003370292723
"DS24","Water Consumption of Oporto - Rotunda AEP (Half-Hourly)","mc.rpart_SMOTET",16,0.716474071989637,0.898130650238848,0.797083416512227
"DS24","Water Consumption of Oporto - Rotunda AEP (Half-Hourly)","mc.rpart_SMOTET",17,0.734673403108065,0.884662407945787,0.802721631190669
"DS24","Water Consumption of Oporto - Rotunda AEP (Half-Hourly)","mc.rpart_SMOTET",18,0.714972895464084,0.882670151345484,0.790020317876956
"DS24","Water Consumption of Oporto - Rotunda AEP (Half-Hourly)","mc.rpart_SMOTET",19,0.717001427979752,0.891235793276596,0.794680446391843
"DS24","Water Consumption of Oporto - Rotunda AEP (Half-Hourly)","mc.rpart_SMOTET",20,0.690474393500235,0.888260520441157,0.776977995109544
"DS24","Water Consumption of Oporto - Rotunda AEP (Half-Hourly)","mc.rpart_SMOTET",21,0.620228727657482,0.88198676201482,0.728302338747054
"DS24","Water Consumption of Oporto - Rotunda AEP (Half-Hourly)","mc.rpart_SMOTET",22,0.658602890023043,0.876206778784108,0.751978995823623
"DS24","Water Consumption of Oporto - Rotunda AEP (Half-Hourly)","mc.rpart_SMOTET",23,0.60400761419777,0.866717886833756,0.711899266915299
"DS24","Water Consumption of Oporto - Rotunda AEP (Half-Hourly)","mc.rpart_SMOTET",24,0.66009661244109,0.866244514215603,0.749249377341856
"DS24","Water Consumption of Oporto - Rotunda AEP (Half-Hourly)","mc.rpart_SMOTET",25,0.642080363697069,0.868500201810386,0.738321329140175
"DS24","Water Consumption of Oporto - Rotunda AEP (Half-Hourly)","mc.rpart_SMOTET",26,0.638897568326927,0.865339399805248,0.735074659147024
"DS24","Water Consumption of Oporto - Rotunda AEP (Half-Hourly)","mc.rpart_SMOTET",27,0.710804103479902,0.872363384543047,0.783340332782055
"DS24","Water Consumption of Oporto - Rotunda AEP (Half-Hourly)","mc.rpart_SMOTET",28,0.723436788990359,0.877840490109732,0.793194425099954
"DS24","Water Consumption of Oporto - Rotunda AEP (Half-Hourly)","mc.rpart_SMOTET",29,0.72953625631897,0.894294575641324,0.803557001035791
"DS24","Water Consumption of Oporto - Rotunda AEP (Half-Hourly)","mc.rpart_SMOTET",30,0.734592816073235,0.886659095460213,0.803494382578716
"DS24","Water Consumption of Oporto - Rotunda AEP (Half-Hourly)","mc.rpart_SMOTET",31,0.709399929847419,0.885676707408616,0.787797876826796
"DS24","Water Consumption of Oporto - Rotunda AEP (Half-Hourly)","mc.rpart_SMOTET",32,0.744428136804634,0.89618393076688,0.813287366345622
"DS24","Water Consumption of Oporto - Rotunda AEP (Half-Hourly)","mc.rpart_SMOTET",33,0.691405967751495,0.887731036016899,0.777364515676086
"DS24","Water Consumption of Oporto - Rotunda AEP (Half-Hourly)","mc.rpart_SMOTET",34,0.71654499801112,0.926534270074657,0.808121080465389
"DS24","Water Consumption of Oporto - Rotunda AEP (Half-Hourly)","mc.rpart_SMOTET",35,0.716340674428171,0.917432580242643,0.804510994894219
"DS24","Water Consumption of Oporto - Rotunda AEP (Half-Hourly)","mc.rpart_SMOTET",36,0.702383669625466,0.922613707629663,0.797575196959764
"DS24","Water Consumption of Oporto - Rotunda AEP (Half-Hourly)","mc.rpart_SMOTET",37,0.661742862120498,0.92095347693557,0.770121690014951
"DS24","Water Consumption of Oporto - Rotunda AEP (Half-Hourly)","mc.rpart_SMOTET",38,0.66356616953971,0.915777585207536,0.769533576892183
"DS24","Water Consumption of Oporto - Rotunda AEP (Half-Hourly)","mc.rpart_SMOTET",39,0.686604138091909,0.902904453277078,0.780037223186978
"DS24","Water Consumption of Oporto - Rotunda AEP (Half-Hourly)","mc.rpart_SMOTET",40,0.61401971451612,0.90116351796901,0.730383169734693
"DS24","Water Consumption of Oporto - Rotunda AEP (Half-Hourly)","mc.rpart_SMOTET",41,0.579982477545981,0.913324834945942,0.7094486126801
"DS24","Water Consumption of Oporto - Rotunda AEP (Half-Hourly)","mc.rpart_SMOTET",42,0.623230792430653,0.940950809055899,0.749822805496301
"DS24","Water Consumption of Oporto - Rotunda AEP (Half-Hourly)","mc.rpart_SMOTET",43,0.6445121009376,0.916649839286418,0.756861794437324
"DS24","Water Consumption of Oporto - Rotunda AEP (Half-Hourly)","mc.rpart_SMOTET",44,0.642383991011606,0.901040842708542,0.750038744949368
"DS24","Water Consumption of Oporto - Rotunda AEP (Half-Hourly)","mc.rpart_SMOTET",45,0.639527261501618,0.88501467289044,0.742506319274286
"DS24","Water Consumption of Oporto - Rotunda AEP (Half-Hourly)","mc.rpart_SMOTET",46,0.588598038292857,0.93255679372693,0.721689978995126
"DS24","Water Consumption of Oporto - Rotunda AEP (Half-Hourly)","mc.rpart_SMOTET",47,0.523369979822964,0.924163712472204,0.668280878191905
"DS24","Water Consumption of Oporto - Rotunda AEP (Half-Hourly)","mc.rpart_SMOTET",48,0.575161892194855,0.812058829818632,0.673382808835353
"DS24","Water Consumption of Oporto - Rotunda AEP (Half-Hourly)","mc.rpart_SMOTET",49,0.630082512255235,0.915414740711063,0.746409375332975
"DS24","Water Consumption of Oporto - Rotunda AEP (Half-Hourly)","mc.rpart_SMOTET",50,0.659420310477865,0.927008284616199,0.77064683875157
"DS24","Water Consumption of Oporto - Rotunda AEP (Half-Hourly)","mc.rpart_SMOTETPhi",1,0.261320130525189,0.469282322447124,0.335703547821769
"DS24","Water Consumption of Oporto - Rotunda AEP (Half-Hourly)","mc.rpart_SMOTETPhi",2,0.257142269000286,0.531392212023317,0.346575583990643
"DS24","Water Consumption of Oporto - Rotunda AEP (Half-Hourly)","mc.rpart_SMOTETPhi",3,0.254352716502741,0.576621575620973,0.352995912252481
"DS24","Water Consumption of Oporto - Rotunda AEP (Half-Hourly)","mc.rpart_SMOTETPhi",4,0.255410975178005,0.575146858869787,0.353735318776238
"DS24","Water Consumption of Oporto - Rotunda AEP (Half-Hourly)","mc.rpart_SMOTETPhi",5,0.263892487807093,0.766198544866034,0.392575090444523
"DS24","Water Consumption of Oporto - Rotunda AEP (Half-Hourly)","mc.rpart_SMOTETPhi",6,0.257067325288653,0.830578275116015,0.392617844539613
"DS24","Water Consumption of Oporto - Rotunda AEP (Half-Hourly)","mc.rpart_SMOTETPhi",7,0.26119052263267,0.630386833481494,0.369347797739947
"DS24","Water Consumption of Oporto - Rotunda AEP (Half-Hourly)","mc.rpart_SMOTETPhi",8,0.300071061226633,0.798445532766428,0.436207153645236
"DS24","Water Consumption of Oporto - Rotunda AEP (Half-Hourly)","mc.rpart_SMOTETPhi",9,0.381763794947661,0.721295442257401,0.49927415686642
"DS24","Water Consumption of Oporto - Rotunda AEP (Half-Hourly)","mc.rpart_SMOTETPhi",10,0.406170341292145,0.80238593408083,0.539330067345104
"DS24","Water Consumption of Oporto - Rotunda AEP (Half-Hourly)","mc.rpart_SMOTETPhi",11,0.419815721413201,0.910090028109717,0.574582224099569
"DS24","Water Consumption of Oporto - Rotunda AEP (Half-Hourly)","mc.rpart_SMOTETPhi",12,0.487450314380959,0.893962491508028,0.630893670121938
"DS24","Water Consumption of Oporto - Rotunda AEP (Half-Hourly)","mc.rpart_SMOTETPhi",13,0.604979782156512,0.875592643141972,0.715555466864897
"DS24","Water Consumption of Oporto - Rotunda AEP (Half-Hourly)","mc.rpart_SMOTETPhi",14,0.583270125762574,0.886878359620776,0.703724361852101
"DS24","Water Consumption of Oporto - Rotunda AEP (Half-Hourly)","mc.rpart_SMOTETPhi",15,0.713951184750994,0.888268773145334,0.791627316635208
"DS24","Water Consumption of Oporto - Rotunda AEP (Half-Hourly)","mc.rpart_SMOTETPhi",16,0.575805652773057,0.887044538744419,0.698315196774411
"DS24","Water Consumption of Oporto - Rotunda AEP (Half-Hourly)","mc.rpart_SMOTETPhi",17,0.619223189859253,0.886836983249784,0.729253764833911
"DS24","Water Consumption of Oporto - Rotunda AEP (Half-Hourly)","mc.rpart_SMOTETPhi",18,0.549928072275691,0.893441081308464,0.680807581782959
"DS24","Water Consumption of Oporto - Rotunda AEP (Half-Hourly)","mc.rpart_SMOTETPhi",19,0.635642149176723,0.891097398926401,0.741998288422023
"DS24","Water Consumption of Oporto - Rotunda AEP (Half-Hourly)","mc.rpart_SMOTETPhi",20,0.50562837898181,0.885000316652069,0.643566865709186
"DS24","Water Consumption of Oporto - Rotunda AEP (Half-Hourly)","mc.rpart_SMOTETPhi",21,0.411034255145191,0.893275553941874,0.563005582563088
"DS24","Water Consumption of Oporto - Rotunda AEP (Half-Hourly)","mc.rpart_SMOTETPhi",22,0.389318807410154,0.885324845740904,0.540815642493268
"DS24","Water Consumption of Oporto - Rotunda AEP (Half-Hourly)","mc.rpart_SMOTETPhi",23,0.357308078605642,0.891623798724326,0.510170958310935
"DS24","Water Consumption of Oporto - Rotunda AEP (Half-Hourly)","mc.rpart_SMOTETPhi",24,0.322304636610732,0.895606661621202,0.474021679639598
"DS24","Water Consumption of Oporto - Rotunda AEP (Half-Hourly)","mc.rpart_SMOTETPhi",25,0.352327011227885,0.883780245133269,0.503806851303001
"DS24","Water Consumption of Oporto - Rotunda AEP (Half-Hourly)","mc.rpart_SMOTETPhi",26,0.377861833491199,0.885166978045513,0.529632917657982
"DS24","Water Consumption of Oporto - Rotunda AEP (Half-Hourly)","mc.rpart_SMOTETPhi",27,0.374757677926404,0.883034743168058,0.52619819348259
"DS24","Water Consumption of Oporto - Rotunda AEP (Half-Hourly)","mc.rpart_SMOTETPhi",28,0.563308558948864,0.89187710599787,0.690498840720141
"DS24","Water Consumption of Oporto - Rotunda AEP (Half-Hourly)","mc.rpart_SMOTETPhi",29,0.728896224275091,0.894875483162944,0.803402791027764
"DS24","Water Consumption of Oporto - Rotunda AEP (Half-Hourly)","mc.rpart_SMOTETPhi",30,0.431380843915987,0.894013996497814,0.581955656567252
"DS24","Water Consumption of Oporto - Rotunda AEP (Half-Hourly)","mc.rpart_SMOTETPhi",31,0.453528324140031,0.893427869411317,0.601645170487375
"DS24","Water Consumption of Oporto - Rotunda AEP (Half-Hourly)","mc.rpart_SMOTETPhi",32,0.710939149729303,0.906153223225512,0.796763144541049
"DS24","Water Consumption of Oporto - Rotunda AEP (Half-Hourly)","mc.rpart_SMOTETPhi",33,0.629909396949148,0.928811195339513,0.750701444287561
"DS24","Water Consumption of Oporto - Rotunda AEP (Half-Hourly)","mc.rpart_SMOTETPhi",34,0.549136419841144,0.924180242679141,0.688923220191648
"DS24","Water Consumption of Oporto - Rotunda AEP (Half-Hourly)","mc.rpart_SMOTETPhi",35,0.638376555131892,0.918607449982255,0.75327358214598
"DS24","Water Consumption of Oporto - Rotunda AEP (Half-Hourly)","mc.rpart_SMOTETPhi",36,0.631726332960245,0.934161961743436,0.753737942200792
"DS24","Water Consumption of Oporto - Rotunda AEP (Half-Hourly)","mc.rpart_SMOTETPhi",37,0.654330164509612,0.938763407726926,0.771155223671143
"DS24","Water Consumption of Oporto - Rotunda AEP (Half-Hourly)","mc.rpart_SMOTETPhi",38,0.685770801753182,0.909914325197171,0.782100009304133
"DS24","Water Consumption of Oporto - Rotunda AEP (Half-Hourly)","mc.rpart_SMOTETPhi",39,0.662489989453002,0.910692724572194,0.767011750279244
"DS24","Water Consumption of Oporto - Rotunda AEP (Half-Hourly)","mc.rpart_SMOTETPhi",40,0.588954754176107,0.899534758479622,0.711842801778293
"DS24","Water Consumption of Oporto - Rotunda AEP (Half-Hourly)","mc.rpart_SMOTETPhi",41,0.56249095733058,0.897158102843578,0.691458425061651
"DS24","Water Consumption of Oporto - Rotunda AEP (Half-Hourly)","mc.rpart_SMOTETPhi",42,0.536978409217042,0.919348824304042,0.677966404565207
"DS24","Water Consumption of Oporto - Rotunda AEP (Half-Hourly)","mc.rpart_SMOTETPhi",43,0.549076024735554,0.918781093570544,0.687370268084496
"DS24","Water Consumption of Oporto - Rotunda AEP (Half-Hourly)","mc.rpart_SMOTETPhi",44,0.573186372865413,0.91607099778088,0.705156036632344
"DS24","Water Consumption of Oporto - Rotunda AEP (Half-Hourly)","mc.rpart_SMOTETPhi",45,0.551611813325099,0.916244403971006,0.688638616191474
"DS24","Water Consumption of Oporto - Rotunda AEP (Half-Hourly)","mc.rpart_SMOTETPhi",46,0.595001077123605,0.888771821261772,0.712804758118063
"DS24","Water Consumption of Oporto - Rotunda AEP (Half-Hourly)","mc.rpart_SMOTETPhi",47,0.558980212411935,0.934799727988617,0.699613827152586
"DS24","Water Consumption of Oporto - Rotunda AEP (Half-Hourly)","mc.rpart_SMOTETPhi",48,0.530724856776684,0.90702145954176,0.669629723609822
"DS24","Water Consumption of Oporto - Rotunda AEP (Half-Hourly)","mc.rpart_SMOTETPhi",49,0.53286038898345,0.884484454193311,0.665055836736105
"DS24","Water Consumption of Oporto - Rotunda AEP (Half-Hourly)","mc.rpart_SMOTETPhi",50,0.506765823012417,0.903098334834804,0.649224775828789
"DS24","Water Consumption of Oporto - Rotunda AEP (Half-Hourly)","mc.arima",1,0.589267490759369,0.532931354759238,0.559685341720057
"DS24","Water Consumption of Oporto - Rotunda AEP (Half-Hourly)","mc.arima",2,0.584534997790035,0.541210538362772,0.562039094424416
"DS24","Water Consumption of Oporto - Rotunda AEP (Half-Hourly)","mc.arima",3,0.582541032896593,0.540170064794209,0.56055601148373
"DS24","Water Consumption of Oporto - Rotunda AEP (Half-Hourly)","mc.arima",4,0.579568104177224,0.546335078651925,0.562461125625682
"DS24","Water Consumption of Oporto - Rotunda AEP (Half-Hourly)","mc.arima",5,0.711574064452603,0.578707433094966,0.638299783541825
"DS24","Water Consumption of Oporto - Rotunda AEP (Half-Hourly)","mc.arima",6,0.711891224516796,0.579064395412344,0.638644512886971
"DS24","Water Consumption of Oporto - Rotunda AEP (Half-Hourly)","mc.arima",7,0.717466441302935,0.574690162132621,0.638190300433909
"DS24","Water Consumption of Oporto - Rotunda AEP (Half-Hourly)","mc.arima",8,0.937630700286108,0.747078661336822,0.831578317726277
"DS24","Water Consumption of Oporto - Rotunda AEP (Half-Hourly)","mc.arima",9,0.231930071827188,0.666222182004506,0.344077427554117
"DS24","Water Consumption of Oporto - Rotunda AEP (Half-Hourly)","mc.arima",10,0.231930071827188,0.740385585056839,0.353213857467542
"DS24","Water Consumption of Oporto - Rotunda AEP (Half-Hourly)","mc.arima",11,0.870173789963346,0.825161040281121,0.847069849497495
"DS24","Water Consumption of Oporto - Rotunda AEP (Half-Hourly)","mc.arima",12,0.827391068708226,0.842631164560116,0.83494157848164
"DS24","Water Consumption of Oporto - Rotunda AEP (Half-Hourly)","mc.arima",13,0.825812863454925,0.814789335039091,0.820264064620684
"DS24","Water Consumption of Oporto - Rotunda AEP (Half-Hourly)","mc.arima",14,0.8284166880251,0.834394621148683,0.831394909024773
"DS24","Water Consumption of Oporto - Rotunda AEP (Half-Hourly)","mc.arima",15,0.822598429320406,0.827350178416729,0.824967461498033
"DS24","Water Consumption of Oporto - Rotunda AEP (Half-Hourly)","mc.arima",16,0.824198674315205,0.824039392283792,0.824119025603169
"DS24","Water Consumption of Oporto - Rotunda AEP (Half-Hourly)","mc.arima",17,0.826045552954727,0.828054409649934,0.827048761453074
"DS24","Water Consumption of Oporto - Rotunda AEP (Half-Hourly)","mc.arima",18,0.819114177553458,0.825666509910538,0.822377292429887
"DS24","Water Consumption of Oporto - Rotunda AEP (Half-Hourly)","mc.arima",19,0.818810180019925,0.825612446672463,0.822197244325597
"DS24","Water Consumption of Oporto - Rotunda AEP (Half-Hourly)","mc.arima",20,0.809967374601839,0.824412247452469,0.817125978136418
"DS24","Water Consumption of Oporto - Rotunda AEP (Half-Hourly)","mc.arima",21,0.807035047618233,0.818057619710785,0.81250895207453
"DS24","Water Consumption of Oporto - Rotunda AEP (Half-Hourly)","mc.arima",22,0.807016575579843,0.818081137015708,0.812511189479707
"DS24","Water Consumption of Oporto - Rotunda AEP (Half-Hourly)","mc.arima",23,0.802217769228404,0.814871418657612,0.80849508682705
"DS24","Water Consumption of Oporto - Rotunda AEP (Half-Hourly)","mc.arima",24,0.81555377656006,0.812284092321582,0.813915650687806
"DS24","Water Consumption of Oporto - Rotunda AEP (Half-Hourly)","mc.arima",25,0.764338712968368,0.799744178465759,0.781640716639995
"DS24","Water Consumption of Oporto - Rotunda AEP (Half-Hourly)","mc.arima",26,0.762763244564972,0.801560319851407,0.78168067552252
"DS24","Water Consumption of Oporto - Rotunda AEP (Half-Hourly)","mc.arima",27,0.769826093796474,0.789645849255387,0.779610024179394
"DS24","Water Consumption of Oporto - Rotunda AEP (Half-Hourly)","mc.arima",28,0.76050893319343,0.793337804297182,0.776576573031178
"DS24","Water Consumption of Oporto - Rotunda AEP (Half-Hourly)","mc.arima",29,0.779898232119162,0.800088068708543,0.789864152617703
"DS24","Water Consumption of Oporto - Rotunda AEP (Half-Hourly)","mc.arima",30,0.803009741973192,0.801976933311475,0.802493005336232
"DS24","Water Consumption of Oporto - Rotunda AEP (Half-Hourly)","mc.arima",31,0.797435477142443,0.816142716542258,0.806680654373516
"DS24","Water Consumption of Oporto - Rotunda AEP (Half-Hourly)","mc.arima",32,0.804756621405091,0.812470310582642,0.808595069997748
"DS24","Water Consumption of Oporto - Rotunda AEP (Half-Hourly)","mc.arima",33,0.899595912142624,0.803423560308322,0.848794229618837
"DS24","Water Consumption of Oporto - Rotunda AEP (Half-Hourly)","mc.arima",34,0.774885498116414,0.788569767738595,0.781667746584997
"DS24","Water Consumption of Oporto - Rotunda AEP (Half-Hourly)","mc.arima",35,0.845735593841373,0.815705752016577,0.83044928465449
"DS24","Water Consumption of Oporto - Rotunda AEP (Half-Hourly)","mc.arima",36,0.843143576268189,0.826748540627986,0.834865575047117
"DS24","Water Consumption of Oporto - Rotunda AEP (Half-Hourly)","mc.arima",37,0.903635939052187,0.818348473128602,0.858880121976214
"DS24","Water Consumption of Oporto - Rotunda AEP (Half-Hourly)","mc.arima",38,0.706102169943123,0.800650313166389,0.750409811604523
"DS24","Water Consumption of Oporto - Rotunda AEP (Half-Hourly)","mc.arima",39,0.889243756857044,0.816157080423074,0.851134316948482
"DS24","Water Consumption of Oporto - Rotunda AEP (Half-Hourly)","mc.arima",40,0.845053792454366,0.815543698232443,0.830036536811273
"DS24","Water Consumption of Oporto - Rotunda AEP (Half-Hourly)","mc.arima",41,0.862400916866003,0.824751956516489,0.843156366809683
"DS24","Water Consumption of Oporto - Rotunda AEP (Half-Hourly)","mc.arima",42,0.700032483394495,0.801956577310876,0.747536275831245
"DS24","Water Consumption of Oporto - Rotunda AEP (Half-Hourly)","mc.arima",43,0.700029506864352,0.80423197781552,0.748521610861495
"DS24","Water Consumption of Oporto - Rotunda AEP (Half-Hourly)","mc.arima",44,0.761326666206315,0.811043184511193,0.78539893592019
"DS24","Water Consumption of Oporto - Rotunda AEP (Half-Hourly)","mc.arima",45,0.682821217196415,0.823032520138878,0.7463992727314
"DS24","Water Consumption of Oporto - Rotunda AEP (Half-Hourly)","mc.arima",46,0.684269126300319,0.82700204535648,0.748895337432092
"DS24","Water Consumption of Oporto - Rotunda AEP (Half-Hourly)","mc.arima",47,0.696345901883825,0.81169699712544,0.749609812679784
"DS24","Water Consumption of Oporto - Rotunda AEP (Half-Hourly)","mc.arima",48,0.682561998050804,0.789777375268527,0.732265988463365
"DS24","Water Consumption of Oporto - Rotunda AEP (Half-Hourly)","mc.arima",49,0.683196461345131,0.80928272856659,0.740913642376655
"DS24","Water Consumption of Oporto - Rotunda AEP (Half-Hourly)","mc.arima",50,0.902272523083189,0.871262683849228,0.886496503652245
"DS24","Water Consumption of Oporto - Rotunda AEP (Half-Hourly)","mc.BDES",1,1e-05,0.5036131873812,1.9999602877697e-05
"DS24","Water Consumption of Oporto - Rotunda AEP (Half-Hourly)","mc.BDES",2,1e-05,0.504058574455777,1.99996032285881e-05
"DS24","Water Consumption of Oporto - Rotunda AEP (Half-Hourly)","mc.BDES",3,1e-05,0.521535896783418,1.9999616524641e-05
"DS24","Water Consumption of Oporto - Rotunda AEP (Half-Hourly)","mc.BDES",4,1e-05,0.521388404851315,1.99996164161644e-05
"DS24","Water Consumption of Oporto - Rotunda AEP (Half-Hourly)","mc.BDES",5,1e-05,0.604517369899686,1.99996691630355e-05
"DS24","Water Consumption of Oporto - Rotunda AEP (Half-Hourly)","mc.BDES",6,1e-05,0.591295907511961,1.9999661765598e-05
"DS24","Water Consumption of Oporto - Rotunda AEP (Half-Hourly)","mc.BDES",7,1e-05,0.588269403657795,1.99996600254934e-05
"DS24","Water Consumption of Oporto - Rotunda AEP (Half-Hourly)","mc.BDES",8,1e-05,0.693770537284479,1.99997117244009e-05
"DS24","Water Consumption of Oporto - Rotunda AEP (Half-Hourly)","mc.BDES",9,1e-05,0.636190789970671,1.9999685633839e-05
"DS24","Water Consumption of Oporto - Rotunda AEP (Half-Hourly)","mc.BDES",10,1e-05,0.705067840437053,1.99997163433758e-05
"DS24","Water Consumption of Oporto - Rotunda AEP (Half-Hourly)","mc.BDES",11,1e-05,0.787968423256859,1.99997461859436e-05
"DS24","Water Consumption of Oporto - Rotunda AEP (Half-Hourly)","mc.BDES",12,1e-05,0.738228926475025,1.99997290849983e-05
"DS24","Water Consumption of Oporto - Rotunda AEP (Half-Hourly)","mc.BDES",13,1e-05,0.730457950243507,1.99997262029088e-05
"DS24","Water Consumption of Oporto - Rotunda AEP (Half-Hourly)","mc.BDES",14,1e-05,0.731038279347345,1.99997264202575e-05
"DS24","Water Consumption of Oporto - Rotunda AEP (Half-Hourly)","mc.BDES",15,0.823705733173121,0.774096072575852,0.798130745269294
"DS24","Water Consumption of Oporto - Rotunda AEP (Half-Hourly)","mc.BDES",16,0.8099370333734,0.777420199440363,0.793345564568526
"DS24","Water Consumption of Oporto - Rotunda AEP (Half-Hourly)","mc.BDES",17,0.809981698730888,0.782423440951984,0.795964107419756
"DS24","Water Consumption of Oporto - Rotunda AEP (Half-Hourly)","mc.BDES",18,0.801957337425074,0.783911957842613,0.79283197973894
"DS24","Water Consumption of Oporto - Rotunda AEP (Half-Hourly)","mc.BDES",19,0.800751847830903,0.783641754595932,0.792104414040791
"DS24","Water Consumption of Oporto - Rotunda AEP (Half-Hourly)","mc.BDES",20,0.812000504622601,0.784714859836163,0.798124545369806
"DS24","Water Consumption of Oporto - Rotunda AEP (Half-Hourly)","mc.BDES",21,0.803129150447671,0.780353552404041,0.791577558078031
"DS24","Water Consumption of Oporto - Rotunda AEP (Half-Hourly)","mc.BDES",22,0.802880313052087,0.779741444313662,0.791141726690618
"DS24","Water Consumption of Oporto - Rotunda AEP (Half-Hourly)","mc.BDES",23,0.609778944773385,0.779969044348032,0.684453159193449
"DS24","Water Consumption of Oporto - Rotunda AEP (Half-Hourly)","mc.BDES",24,0.614643880968309,0.774182053287097,0.685249677546542
"DS24","Water Consumption of Oporto - Rotunda AEP (Half-Hourly)","mc.BDES",25,0.650334521046081,0.764261574297624,0.702710387100293
"DS24","Water Consumption of Oporto - Rotunda AEP (Half-Hourly)","mc.BDES",26,0.693061308284851,0.766737311954608,0.728040096992149
"DS24","Water Consumption of Oporto - Rotunda AEP (Half-Hourly)","mc.BDES",27,0.723245685714374,0.76399097064744,0.743060186261403
"DS24","Water Consumption of Oporto - Rotunda AEP (Half-Hourly)","mc.BDES",28,0.677528036535554,0.765317075337901,0.71875182043282
"DS24","Water Consumption of Oporto - Rotunda AEP (Half-Hourly)","mc.BDES",29,0.797165530866623,0.775684613121793,0.786278386110329
"DS24","Water Consumption of Oporto - Rotunda AEP (Half-Hourly)","mc.BDES",30,0.828360046969709,0.772774916648798,0.799602632879276
"DS24","Water Consumption of Oporto - Rotunda AEP (Half-Hourly)","mc.BDES",31,0.863765902689608,0.773772277492902,0.816296215664858
"DS24","Water Consumption of Oporto - Rotunda AEP (Half-Hourly)","mc.BDES",32,0.61005893399275,0.777162010458459,0.683545947797828
"DS24","Water Consumption of Oporto - Rotunda AEP (Half-Hourly)","mc.BDES",33,1e-05,0.821759176239837,1.99997566226554e-05
"DS24","Water Consumption of Oporto - Rotunda AEP (Half-Hourly)","mc.BDES",34,1e-05,0.812257683622261,1.99997537757515e-05
"DS24","Water Consumption of Oporto - Rotunda AEP (Half-Hourly)","mc.BDES",35,1e-05,0.81016990663257,1.99997531412488e-05
"DS24","Water Consumption of Oporto - Rotunda AEP (Half-Hourly)","mc.BDES",36,1e-05,0.799579671876683,1.99997498717067e-05
"DS24","Water Consumption of Oporto - Rotunda AEP (Half-Hourly)","mc.BDES",37,1e-05,0.793944483957349,1.99997480963909e-05
"DS24","Water Consumption of Oporto - Rotunda AEP (Half-Hourly)","mc.BDES",38,1e-05,0.793889993951291,1.99997480791012e-05
"DS24","Water Consumption of Oporto - Rotunda AEP (Half-Hourly)","mc.BDES",39,1e-05,0.792734316901263,1.99997477118464e-05
"DS24","Water Consumption of Oporto - Rotunda AEP (Half-Hourly)","mc.BDES",40,1e-05,0.795654651503409,1.99997486378217e-05
"DS24","Water Consumption of Oporto - Rotunda AEP (Half-Hourly)","mc.BDES",41,1e-05,0.806347749243883,1.99997519711317e-05
"DS24","Water Consumption of Oporto - Rotunda AEP (Half-Hourly)","mc.BDES",42,1e-05,0.804512154941718,1.99997514052301e-05
"DS24","Water Consumption of Oporto - Rotunda AEP (Half-Hourly)","mc.BDES",43,1e-05,0.805942530922842,1.99997518464273e-05
"DS24","Water Consumption of Oporto - Rotunda AEP (Half-Hourly)","mc.BDES",44,1e-05,0.804857677196866,1.99997515119495e-05
"DS24","Water Consumption of Oporto - Rotunda AEP (Half-Hourly)","mc.BDES",45,1e-05,0.806784623507299,1.99997521054378e-05
"DS24","Water Consumption of Oporto - Rotunda AEP (Half-Hourly)","mc.BDES",46,1e-05,0.809660934413054,1.99997529860694e-05
"DS24","Water Consumption of Oporto - Rotunda AEP (Half-Hourly)","mc.BDES",47,1e-05,0.811479528859893,1.99997535396417e-05
"DS24","Water Consumption of Oporto - Rotunda AEP (Half-Hourly)","mc.BDES",48,1e-05,0.776146944799124,1.99997423201566e-05
"DS24","Water Consumption of Oporto - Rotunda AEP (Half-Hourly)","mc.BDES",49,1e-05,0.787515007301599,1.99997460398106e-05
"DS24","Water Consumption of Oporto - Rotunda AEP (Half-Hourly)","mc.BDES",50,1e-05,0.799529696687014,1.99997498560724e-05
