dataset_id,workflow,model_family,strategy,iteration,rmse
DS11,mc.BDES,BDES,baseline,1,2.1958581428620336
DS11,mc.BDES,BDES,baseline,2,2.207833154021857
DS11,mc.BDES,BDES,baseline,3,2.2034043878894556
DS11,mc.BDES,BDES,baseline,4,2.191540550138452
DS11,mc.BDES,BDES,baseline,5,2.192949083314738
DS11,mc.BDES,BDES,baseline,6,2.1857405869890303
DS11,mc.BDES,BDES,baseline,7,2.182181185989514
DS11,mc.BDES,BDES,baseline,8,2.170828111618536
DS11,mc.BDES,BDES,baseline,9,2.1428479828228006
DS11,mc.BDES,BDES,baseline,10,2.140614606251947
DS11,mc.BDES,BDES,baseline,11,2.108336162986642
DS11,mc.BDES,BDES,baseline,12,2.0964086811271536
DS11,mc.BDES,BDES,baseline,13,2.1021399979551005
DS11,mc.BDES,BDES,baseline,14,2.0716437093133475
DS11,mc.BDES,BDES,baseline,15,2.060786637119136
DS11,mc.BDES,BDES,baseline,16,2.055436647138844
DS11,mc.BDES,BDES,baseline,17,2.051738335152305
DS11,mc.BDES,BDES,baseline,18,2.0330832130832857
DS11,mc.BDES,BDES,baseline,19,2.0397189844247685
DS11,mc.BDES,BDES,baseline,20,2.0348215172464656
DS11,mc.BDES,BDES,baseline,21,2.0421092129644225
DS11,mc.BDES,BDES,baseline,22,2.0348458306672628
DS11,mc.BDES,BDES,baseline,23,1.9016931637859045
DS11,mc.BDES,BDES,baseline,24,1.9113358264318205
DS11,mc.BDES,BDES,baseline,25,1.968935924910253
DS11,mc.BDES,BDES,baseline,26,1.9757801716724006
DS11,mc.BDES,BDES,baseline,27,1.9281554050410585
DS11,mc.BDES,BDES,baseline,28,1.9319539059637258
DS11,mc.BDES,BDES,baseline,29,1.937878128230493
DS11,mc.BDES,BDES,baseline,30,2.184147609116974
DS11,mc.BDES,BDES,baseline,31,2.147300011091143
DS11,mc.BDES,BDES,baseline,32,2.126611263818201
DS11,mc.BDES,BDES,baseline,33,2.1272912141156968
DS11,mc.BDES,BDES,baseline,34,2.1251881847013503
DS11,mc.BDES,BDES,baseline,35,2.1315838229495316
DS11,mc.BDES,BDES,baseline,36,2.186425439525404
DS11,mc.BDES,BDES,baseline,37,2.250817653478838
DS11,mc.BDES,BDES,baseline,38,2.2579070891220803
DS11,mc.BDES,BDES,baseline,39,2.2607101032746266
DS11,mc.BDES,BDES,baseline,40,2.2264572409487546
DS11,mc.BDES,BDES,baseline,41,2.2558094245965417
DS11,mc.BDES,BDES,baseline,42,2.2800688512305465
DS11,mc.BDES,BDES,baseline,43,2.2886985738245076
DS11,mc.BDES,BDES,baseline,44,2.3117391730049586
DS11,mc.BDES,BDES,baseline,45,2.389328232487345
DS11,mc.BDES,BDES,baseline,46,2.3749787766305834
DS11,mc.BDES,BDES,baseline,47,2.380634459614901
DS11,mc.BDES,BDES,baseline,48,2.3796854333332846
DS11,mc.BDES,BDES,baseline,49,2.394383176263599
DS11,mc.BDES,BDES,baseline,50,2.4042385924275407
DS11,mc.arima,arima,baseline,1,2.338616960548462
DS11,mc.arima,arima,baseline,2,2.3273012740579215
DS11,mc.arima,arima,baseline,3,2.331421678964939
DS11,mc.arima,arima,baseline,4,2.3559441767542135
DS11,mc.arima,arima,baseline,5,2.319972602265796
DS11,mc.arima,arima,baseline,6,2.298802185733711
DS11,mc.arima,arima,baseline,7,2.300323663606901
DS11,mc.arima,arima,baseline,8,2.2744890517634135
DS11,mc.arima,arima,baseline,9,2.2540431891148174
DS11,mc.arima,arima,baseline,10,2.2500462532599794
DS11,mc.arima,arima,baseline,11,2.2231558795411575
DS11,mc.arima,arima,baseline,12,2.211416082947384
DS11,mc.arima,arima,baseline,13,2.2090110981877147
DS11,mc.arima,arima,baseline,14,2.183440071937516
DS11,mc.arima,arima,baseline,15,2.1828705164398583
DS11,mc.arima,arima,baseline,16,2.169576497030068
DS11,mc.arima,arima,baseline,17,2.1687246446233326
DS11,mc.arima,arima,baseline,18,2.158605479472339
DS11,mc.arima,arima,baseline,19,2.15973719361287
DS11,mc.arima,arima,baseline,20,2.159305276352511
DS11,mc.arima,arima,baseline,21,2.1635230098375158
DS11,mc.arima,arima,baseline,22,2.165319936779608
DS11,mc.arima,arima,baseline,23,2.0327789933250706
DS11,mc.arima,arima,baseline,24,2.034229262198602
DS11,mc.arima,arima,baseline,25,2.0807949537493395
DS11,mc.arima,arima,baseline,26,2.0838436114988537
DS11,mc.arima,arima,baseline,27,2.028568458593104
DS11,mc.arima,arima,baseline,28,2.051107427571349
DS11,mc.arima,arima,baseline,29,2.0837129358585633
DS11,mc.arima,arima,baseline,30,2.2504437005516085
DS11,mc.arima,arima,baseline,31,2.1548382811660938
DS11,mc.arima,arima,baseline,32,2.1317519257389246
DS11,mc.arima,arima,baseline,33,2.138960014749705
DS11,mc.arima,arima,baseline,34,2.1296910959044495
DS11,mc.arima,arima,baseline,35,2.147560227015901
DS11,mc.arima,arima,baseline,36,2.2064794842106803
DS11,mc.arima,arima,baseline,37,2.2679000725380405
DS11,mc.arima,arima,baseline,38,2.2697111738170603
DS11,mc.arima,arima,baseline,39,2.261604373080242
DS11,mc.arima,arima,baseline,40,2.2483385184557405
DS11,mc.arima,arima,baseline,41,2.289039584289913
DS11,mc.arima,arima,baseline,42,2.3070567862188085
DS11,mc.arima,arima,baseline,43,2.3122026518992462
DS11,mc.arima,arima,baseline,44,2.3291628859789553
DS11,mc.arima,arima,baseline,45,2.3978650128908297
DS11,mc.arima,arima,baseline,46,2.3877886822672836
DS11,mc.arima,arima,baseline,47,2.389293219307326
DS11,mc.arima,arima,baseline,48,2.3898376669927974
DS11,mc.arima,arima,baseline,49,2.407083477661479
DS11,mc.arima,arima,baseline,50,2.421351944817057
DS11,mc.lm_OVERB,lm,OVERB,1,2.603722281081121
DS11,mc.lm_OVERB,lm,OVERB,2,2.626060917245525
DS11,mc.lm_OVERB,lm,OVERB,3,2.576290578004682
DS11,mc.lm_OVERB,lm,OVERB,4,2.607850105092572
DS11,mc.lm_OVERB,lm,OVERB,5,2.528769263882173
DS11,mc.lm_OVERB,lm,OVERB,6,2.5157101284596335
DS11,mc.lm_OVERB,lm,OVERB,7,2.5736437820575184
DS11,mc.lm_OVERB,lm,OVERB,8,2.544333825984288
DS11,mc.lm_OVERB,lm,OVERB,9,2.525649223643763
DS11,mc.lm_OVERB,lm,OVERB,10,2.5111785398052993
DS11,mc.lm_OVERB,lm,OVERB,11,2.47436697425192
DS11,mc.lm_OVERB,lm,OVERB,12,2.448751243343561
DS11,mc.lm_OVERB,lm,OVERB,13,2.4619420309982587
DS11,mc.lm_OVERB,lm,OVERB,14,2.4149646777423457
DS11,mc.lm_OVERB,lm,OVERB,15,2.44726073804584
DS11,mc.lm_OVERB,lm,OVERB,16,2.348776049727552
DS11,mc.lm_OVERB,lm,OVERB,17,2.3361973334648027
DS11,mc.lm_OVERB,lm,OVERB,18,2.3317303912431004
DS11,mc.lm_OVERB,lm,OVERB,19,2.330928222634464
DS11,mc.lm_OVERB,lm,OVERB,20,2.349727611342129
DS11,mc.lm_OVERB,lm,OVERB,21,2.376211934215894
DS11,mc.lm_OVERB,lm,OVERB,22,2.367575471482606
DS11,mc.lm_OVERB,lm,OVERB,23,2.228891619780316
DS11,mc.lm_OVERB,lm,OVERB,24,2.2457976063032343
DS11,mc.lm_OVERB,lm,OVERB,25,2.2578824342584736
DS11,mc.lm_OVERB,lm,OVERB,26,2.2484352392880393
DS11,mc.lm_OVERB,lm,OVERB,27,2.194193685600643
DS11,mc.lm_OVERB,lm,OVERB,28,2.277004692426216
DS11,mc.lm_OVERB,lm,OVERB,29,2.3132205292859536
DS11,mc.lm_OVERB,lm,OVERB,30,2.3588279855502856
DS11,mc.lm_OVERB,lm,OVERB,31,2.4324901041016322
DS11,mc.lm_OVERB,lm,OVERB,32,2.393810082677702
DS11,mc.lm_OVERB,lm,OVERB,33,2.3582352334210928
DS11,mc.lm_OVERB,lm,OVERB,34,2.435961389490368
DS11,mc.lm_OVERB,lm,OVERB,35,2.45371949511946
DS11,mc.lm_OVERB,lm,OVERB,36,2.5049154729631584
DS11,mc.lm_OVERB,lm,OVERB,37,2.4912118405193393
DS11,mc.lm_OVERB,lm,OVERB,38,2.5576261834367093
DS11,mc.lm_OVERB,lm,OVERB,39,2.5301116123114946
DS11,mc.lm_OVERB,lm,OVERB,40,2.5434298102963355
DS11,mc.lm_OVERB,lm,OVERB,41,2.641800275801863
DS11,mc.lm_OVERB,lm,OVERB,42,2.612264346855649
DS11,mc.lm_OVERB,lm,OVERB,43,2.660705769485008
DS11,mc.lm_OVERB,lm,OVERB,44,2.5914494377098314
DS11,mc.lm_OVERB,lm,OVERB,45,2.682096743319377
DS11,mc.lm_OVERB,lm,OVERB,46,2.7405812389177404
DS11,mc.lm_OVERB,lm,OVERB,47,2.7656506056125836
DS11,mc.lm_OVERB,lm,OVERB,48,2.7403538639346188
DS11,mc.lm_OVERB,lm,OVERB,49,2.8107075468193385
DS11,mc.lm_OVERB,lm,OVERB,50,2.887757304162491
DS11,mc.lm_OVERTPhi,lm,OVERTPhi,1,2.623362143393727
DS11,mc.lm_OVERTPhi,lm,OVERTPhi,2,2.659388069353817
DS11,mc.lm_OVERTPhi,lm,OVERTPhi,3,2.595429435255291
DS11,mc.lm_OVERTPhi,lm,OVERTPhi,4,2.653422312537372
DS11,mc.lm_OVERTPhi,lm,OVERTPhi,5,2.6392432057090702
DS11,mc.lm_OVERTPhi,lm,OVERTPhi,6,2.659714266023545
DS11,mc.lm_OVERTPhi,lm,OVERTPhi,7,2.59723348663993
DS11,mc.lm_OVERTPhi,lm,OVERTPhi,8,2.558609015756107
DS11,mc.lm_OVERTPhi,lm,OVERTPhi,9,2.55853641553792
DS11,mc.lm_OVERTPhi,lm,OVERTPhi,10,2.523008448792554
DS11,mc.lm_OVERTPhi,lm,OVERTPhi,11,2.5377927559743942
DS11,mc.lm_OVERTPhi,lm,OVERTPhi,12,2.448864792811502
DS11,mc.lm_OVERTPhi,lm,OVERTPhi,13,2.4760428459298747
DS11,mc.lm_OVERTPhi,lm,OVERTPhi,14,2.4806682306121495
DS11,mc.lm_OVERTPhi,lm,OVERTPhi,15,2.500808253913802
DS11,mc.lm_OVERTPhi,lm,OVERTPhi,16,2.3891885252459986
DS11,mc.lm_OVERTPhi,lm,OVERTPhi,17,2.3803828913852105
DS11,mc.lm_OVERTPhi,lm,OVERTPhi,18,2.407058893102562
DS11,mc.lm_OVERTPhi,lm,OVERTPhi,19,2.3881151188931757
DS11,mc.lm_OVERTPhi,lm,OVERTPhi,20,2.3935199455430785
DS11,mc.lm_OVERTPhi,lm,OVERTPhi,21,2.4266994852411474
DS11,mc.lm_OVERTPhi,lm,OVERTPhi,22,2.412233051079388
DS11,mc.lm_OVERTPhi,lm,OVERTPhi,23,2.2825046570666054
DS11,mc.lm_OVERTPhi,lm,OVERTPhi,24,2.29616040091588
DS11,mc.lm_OVERTPhi,lm,OVERTPhi,25,2.299087465918248
DS11,mc.lm_OVERTPhi,lm,OVERTPhi,26,2.3475980729724957
DS11,mc.lm_OVERTPhi,lm,OVERTPhi,27,2.2978404606364755
DS11,mc.lm_OVERTPhi,lm,OVERTPhi,28,2.283857988198204
DS11,mc.lm_OVERTPhi,lm,OVERTPhi,29,2.366183696346684
DS11,mc.lm_OVERTPhi,lm,OVERTPhi,30,2.4626638540841537
DS11,mc.lm_OVERTPhi,lm,OVERTPhi,31,2.47360137650488
DS11,mc.lm_OVERTPhi,lm,OVERTPhi,32,2.464228685289429
DS11,mc.lm_OVERTPhi,lm,OVERTPhi,33,2.401513922479511
DS11,mc.lm_OVERTPhi,lm,OVERTPhi,34,2.4540197817689364
DS11,mc.lm_OVERTPhi,lm,OVERTPhi,35,2.413453383765704
DS11,mc.lm_OVERTPhi,lm,OVERTPhi,36,2.4328712424610144
DS11,mc.lm_OVERTPhi,lm,OVERTPhi,37,2.489456176009033
DS11,mc.lm_OVERTPhi,lm,OVERTPhi,38,2.5515096888514237
DS11,mc.lm_OVERTPhi,lm,OVERTPhi,39,2.557528419017932
DS11,mc.lm_OVERTPhi,lm,OVERTPhi,40,2.5212572590603513
DS11,mc.lm_OVERTPhi,lm,OVERTPhi,41,2.69428194415358
DS11,mc.lm_OVERTPhi,lm,OVERTPhi,42,2.6823320963351276
DS11,mc.lm_OVERTPhi,lm,OVERTPhi,43,2.6962849878348294
DS11,mc.lm_OVERTPhi,lm,OVERTPhi,44,2.665413666436362
DS11,mc.lm_OVERTPhi,lm,OVERTPhi,45,2.766435534273876
DS11,mc.lm_OVERTPhi,lm,OVERTPhi,46,2.752725023142906
DS11,mc.lm_OVERTPhi,lm,OVERTPhi,47,2.7964731993219463
DS11,mc.lm_OVERTPhi,lm,OVERTPhi,48,2.7872307121196904
DS11,mc.lm_OVERTPhi,lm,OVERTPhi,49,2.8289555700276905
DS11,mc.lm_OVERTPhi,lm,OVERTPhi,50,2.8188776295380884
DS11,mc.lm_OVERT,lm,OVERT,1,2.623362143393727
DS11,mc.lm_OVERT,lm,OVERT,2,2.659388069353817
DS11,mc.lm_OVERT,lm,OVERT,3,2.595429435255291
DS11,mc.lm_OVERT,lm,OVERT,4,2.653422312537372
DS11,mc.lm_OVERT,lm,OVERT,5,2.6392432057090702
DS11,mc.lm_OVERT,lm,OVERT,6,2.659714266023545
DS11,mc.lm_OVERT,lm,OVERT,7,2.59723348663993
DS11,mc.lm_OVERT,lm,OVERT,8,2.558609015756107
DS11,mc.lm_OVERT,lm,OVERT,9,2.55853641553792
DS11,mc.lm_OVERT,lm,OVERT,10,2.523008448792554
DS11,mc.lm_OVERT,lm,OVERT,11,2.5377927559743942
DS11,mc.lm_OVERT,lm,OVERT,12,2.448864792811502
DS11,mc.lm_OVERT,lm,OVERT,13,2.4760428459298747
DS11,mc.lm_OVERT,lm,OVERT,14,2.4806682306121495
DS11,mc.lm_OVERT,lm,OVERT,15,2.500808253913802
DS11,mc.lm_OVERT,lm,OVERT,16,2.3891885252459986
DS11,mc.lm_OVERT,lm,OVERT,17,2.3803828913852105
DS11,mc.lm_OVERT,lm,OVERT,18,2.407058893102562
DS11,mc.lm_OVERT,lm,OVERT,19,2.3881151188931757
DS11,mc.lm_OVERT,lm,OVERT,20,2.3935199455430785
DS11,mc.lm_OVERT,lm,OVERT,21,2.4266994852411474
DS11,mc.lm_OVERT,lm,OVERT,22,2.412233051079388
DS11,mc.lm_OVERT,lm,OVERT,23,2.2825046570666054
DS11,mc.lm_OVERT,lm,OVERT,24,2.29616040091588
DS11,mc.lm_OVERT,lm,OVERT,25,2.299087465918248
DS11,mc.lm_OVERT,lm,OVERT,26,2.3475980729724957
DS11,mc.lm_OVERT,lm,OVERT,27,2.2978404606364755
DS11,mc.lm_OVERT,lm,OVERT,28,2.283857988198204
DS11,mc.lm_OVERT,lm,OVERT,29,2.366183696346684
DS11,mc.lm_OVERT,lm,OVERT,30,2.4626638540841537
DS11,mc.lm_OVERT,lm,OVERT,31,2.47360137650488
DS11,mc.lm_OVERT,lm,OVERT,32,2.464228685289429
DS11,mc.lm_OVERT,lm,OVERT,33,2.401513922479511
DS11,mc.lm_OVERT,lm,OVERT,34,2.4540197817689364
DS11,mc.lm_OVERT,lm,OVERT,35,2.413453383765704
DS11,mc.lm_OVERT,lm,OVERT,36,2.4328712424610144
DS11,mc.lm_OVERT,lm,OVERT,37,2.489456176009033
DS11,mc.lm_OVERT,lm,OVERT,38,2.5515096888514237
DS11,mc.lm_OVERT,lm,OVERT,39,2.557528419017932
DS11,mc.lm_OVERT,lm,OVERT,40,2.5212572590603513
DS11,mc.lm_OVERT,lm,OVERT,41,2.69428194415358
DS11,mc.lm_OVERT,lm,OVERT,42,2.6823320963351276
DS11,mc.lm_OVERT,lm,OVERT,43,2.6962849878348294
DS11,mc.lm_OVERT,lm,OVERT,44,2.665413666436362
DS11,mc.lm_OVERT,lm,OVERT,45,2.766435534273876
DS11,mc.lm_OVERT,lm,OVERT,46,2.752725023142906
DS11,mc.lm_OVERT,lm,OVERT,47,2.7964731993219463
DS11,mc.lm_OVERT,lm,OVERT,48,2.7872307121196904
DS11,mc.lm_OVERT,lm,OVERT,49,2.8289555700276905
DS11,mc.lm_OVERT,lm,OVERT,50,2.8188776295380884
DS11,mc.lm_SMOTEB,lm,SMOTEB,1,2.7812988914055836
DS11,mc.lm_SMOTEB,lm,SMOTEB,2,2.8258282138358597
DS11,mc.lm_SMOTEB,lm,SMOTEB,3,2.8198211187352435
DS11,mc.lm_SMOTEB,lm,SMOTEB,4,2.81398474649401
DS11,mc.lm_SMOTEB,lm,SMOTEB,5,2.852836260306468
DS11,mc.lm_SMOTEB,lm,SMOTEB,6,2.769010896135044
DS11,mc.lm_SMOTEB,lm,SMOTEB,7,2.8022829052006273
DS11,mc.lm_SMOTEB,lm,SMOTEB,8,2.788906682042118
DS11,mc.lm_SMOTEB,lm,SMOTEB,9,2.7616966765172855
DS11,mc.lm_SMOTEB,lm,SMOTEB,10,2.7553976587025835
DS11,mc.lm_SMOTEB,lm,SMOTEB,11,2.7727311026473487
DS11,mc.lm_SMOTEB,lm,SMOTEB,12,2.758612412349202
DS11,mc.lm_SMOTEB,lm,SMOTEB,13,2.6485209340085847
DS11,mc.lm_SMOTEB,lm,SMOTEB,14,2.7073985125885405
DS11,mc.lm_SMOTEB,lm,SMOTEB,15,2.7223740969339274
DS11,mc.lm_SMOTEB,lm,SMOTEB,16,2.5895998651728105
DS11,mc.lm_SMOTEB,lm,SMOTEB,17,2.637405164536345
DS11,mc.lm_SMOTEB,lm,SMOTEB,18,2.59669710317139
DS11,mc.lm_SMOTEB,lm,SMOTEB,19,2.5218796684557176
DS11,mc.lm_SMOTEB,lm,SMOTEB,20,2.5167175212359174
DS11,mc.lm_SMOTEB,lm,SMOTEB,21,2.640185353988056
DS11,mc.lm_SMOTEB,lm,SMOTEB,22,2.5808101352332637
DS11,mc.lm_SMOTEB,lm,SMOTEB,23,2.4408192676188394
DS11,mc.lm_SMOTEB,lm,SMOTEB,24,2.4594683177674233
DS11,mc.lm_SMOTEB,lm,SMOTEB,25,2.548109889866407
DS11,mc.lm_SMOTEB,lm,SMOTEB,26,2.4604635150909324
DS11,mc.lm_SMOTEB,lm,SMOTEB,27,2.435686996699253
DS11,mc.lm_SMOTEB,lm,SMOTEB,28,2.5130466326079737
DS11,mc.lm_SMOTEB,lm,SMOTEB,29,2.605895307207291
DS11,mc.lm_SMOTEB,lm,SMOTEB,30,2.669204554712523
DS11,mc.lm_SMOTEB,lm,SMOTEB,31,2.616460815454638
DS11,mc.lm_SMOTEB,lm,SMOTEB,32,2.666579532298679
DS11,mc.lm_SMOTEB,lm,SMOTEB,33,2.619237980987419
DS11,mc.lm_SMOTEB,lm,SMOTEB,34,2.8617620896346825
DS11,mc.lm_SMOTEB,lm,SMOTEB,35,2.6968706245352747
DS11,mc.lm_SMOTEB,lm,SMOTEB,36,2.8482341919485537
DS11,mc.lm_SMOTEB,lm,SMOTEB,37,2.9438830469910315
DS11,mc.lm_SMOTEB,lm,SMOTEB,38,2.91017935851144
DS11,mc.lm_SMOTEB,lm,SMOTEB,39,2.779895799561194
DS11,mc.lm_SMOTEB,lm,SMOTEB,40,2.87300095889113
DS11,mc.lm_SMOTEB,lm,SMOTEB,41,2.92677369265256
DS11,mc.lm_SMOTEB,lm,SMOTEB,42,2.9189312716980838
DS11,mc.lm_SMOTEB,lm,SMOTEB,43,2.960531220979588
DS11,mc.lm_SMOTEB,lm,SMOTEB,44,3.0652014262332985
DS11,mc.lm_SMOTEB,lm,SMOTEB,45,3.2157742165228664
DS11,mc.lm_SMOTEB,lm,SMOTEB,46,3.15949492229621
DS11,mc.lm_SMOTEB,lm,SMOTEB,47,3.277157273801016
DS11,mc.lm_SMOTEB,lm,SMOTEB,48,3.0676532554133336
DS11,mc.lm_SMOTEB,lm,SMOTEB,49,3.322583852818209
DS11,mc.lm_SMOTEB,lm,SMOTEB,50,3.16125764406031
DS11,mc.lm_SMOTETPhi,lm,SMOTETPhi,1,3.0363353512216458
DS11,mc.lm_SMOTETPhi,lm,SMOTETPhi,2,3.0899183695174886
DS11,mc.lm_SMOTETPhi,lm,SMOTETPhi,3,3.06338509723436
DS11,mc.lm_SMOTETPhi,lm,SMOTETPhi,4,3.112042394442049
DS11,mc.lm_SMOTETPhi,lm,SMOTETPhi,5,3.134709066960413
DS11,mc.lm_SMOTETPhi,lm,SMOTETPhi,6,2.965194114000258
DS11,mc.lm_SMOTETPhi,lm,SMOTETPhi,7,3.1391167573279963
DS11,mc.lm_SMOTETPhi,lm,SMOTETPhi,8,3.098480594132369
DS11,mc.lm_SMOTETPhi,lm,SMOTETPhi,9,3.0081322214813806
DS11,mc.lm_SMOTETPhi,lm,SMOTETPhi,10,2.9009101100648054
DS11,mc.lm_SMOTETPhi,lm,SMOTETPhi,11,3.0400777592771253
DS11,mc.lm_SMOTETPhi,lm,SMOTETPhi,12,2.9847224214435566
DS11,mc.lm_SMOTETPhi,lm,SMOTETPhi,13,2.9824277488301307
DS11,mc.lm_SMOTETPhi,lm,SMOTETPhi,14,2.894236561875722
DS11,mc.lm_SMOTETPhi,lm,SMOTETPhi,15,2.8774677466736045
DS11,mc.lm_SMOTETPhi,lm,SMOTETPhi,16,2.703183926497056
DS11,mc.lm_SMOTETPhi,lm,SMOTETPhi,17,2.8097026806582854
DS11,mc.lm_SMOTETPhi,lm,SMOTETPhi,18,2.7282075723260175
DS11,mc.lm_SMOTETPhi,lm,SMOTETPhi,19,2.7078052670359756
DS11,mc.lm_SMOTETPhi,lm,SMOTETPhi,20,2.7115490625062906
DS11,mc.lm_SMOTETPhi,lm,SMOTETPhi,21,2.795417107671063
DS11,mc.lm_SMOTETPhi,lm,SMOTETPhi,22,2.777499635246093
DS11,mc.lm_SMOTETPhi,lm,SMOTETPhi,23,2.6527453966948897
DS11,mc.lm_SMOTETPhi,lm,SMOTETPhi,24,2.6267004990383165
DS11,mc.lm_SMOTETPhi,lm,SMOTETPhi,25,2.635399045270023
DS11,mc.lm_SMOTETPhi,lm,SMOTETPhi,26,2.595556644690546
DS11,mc.lm_SMOTETPhi,lm,SMOTETPhi,27,2.7399138243995695
DS11,mc.lm_SMOTETPhi,lm,SMOTETPhi,28,2.6557977467958724
DS11,mc.lm_SMOTETPhi,lm,SMOTETPhi,29,2.6198801749261986
DS11,mc.lm_SMOTETPhi,lm,SMOTETPhi,30,2.7568262709951847
DS11,mc.lm_SMOTETPhi,lm,SMOTETPhi,31,2.882577509103141
DS11,mc.lm_SMOTETPhi,lm,SMOTETPhi,32,2.8311578924427354
DS11,mc.lm_SMOTETPhi,lm,SMOTETPhi,33,2.8793433044481143
DS11,mc.lm_SMOTETPhi,lm,SMOTETPhi,34,3.026109356591228
DS11,mc.lm_SMOTETPhi,lm,SMOTETPhi,35,2.951212001164239
DS11,mc.lm_SMOTETPhi,lm,SMOTETPhi,36,2.928176899921659
DS11,mc.lm_SMOTETPhi,lm,SMOTETPhi,37,2.828344668319083
DS11,mc.lm_SMOTETPhi,lm,SMOTETPhi,38,3.0479083831159306
DS11,mc.lm_SMOTETPhi,lm,SMOTETPhi,39,3.1920944826639515
DS11,mc.lm_SMOTETPhi,lm,SMOTETPhi,40,3.0557402263873326
DS11,mc.lm_SMOTETPhi,lm,SMOTETPhi,41,3.0208410491129603
DS11,mc.lm_SMOTETPhi,lm,SMOTETPhi,42,2.922259144066517
DS11,mc.lm_SMOTETPhi,lm,SMOTETPhi,43,3.118032322984347
DS11,mc.lm_SMOTETPhi,lm,SMOTETPhi,44,3.0329130669029265
DS11,mc.lm_SMOTETPhi,lm,SMOTETPhi,45,3.442337111675629
DS11,mc.lm_SMOTETPhi,lm,SMOTETPhi,46,3.3540818399592034
DS11,mc.lm_SMOTETPhi,lm,SMOTETPhi,47,3.3742123911014827
DS11,mc.lm_SMOTETPhi,lm,SMOTETPhi,48,3.3311844691954504
DS11,mc.lm_SMOTETPhi,lm,SMOTETPhi,49,3.1027106351463583
DS11,mc.lm_SMOTETPhi,lm,SMOTETPhi,50,3.4521365832586084
DS11,mc.lm_SMOTET,lm,SMOTET,1,3.009313035684079
DS11,mc.lm_SMOTET,lm,SMOTET,2,3.062976263395146
DS11,mc.lm_SMOTET,lm,SMOTET,3,3.0911087400435373
DS11,mc.lm_SMOTET,lm,SMOTET,4,2.9891131685649404
DS11,mc.lm_SMOTET,lm,SMOTET,5,3.15579393739129
DS11,mc.lm_SMOTET,lm,SMOTET,6,3.000221766934242
DS11,mc.lm_SMOTET,lm,SMOTET,7,2.9967233358136363
DS11,mc.lm_SMOTET,lm,SMOTET,8,3.0057756536275204
DS11,mc.lm_SMOTET,lm,SMOTET,9,2.9676832413054512
DS11,mc.lm_SMOTET,lm,SMOTET,10,2.8508011005582747
DS11,mc.lm_SMOTET,lm,SMOTET,11,2.92757609002884
DS11,mc.lm_SMOTET,lm,SMOTET,12,2.8740319838798336
DS11,mc.lm_SMOTET,lm,SMOTET,13,2.8909480818570086
DS11,mc.lm_SMOTET,lm,SMOTET,14,2.914294948341172
DS11,mc.lm_SMOTET,lm,SMOTET,15,2.839971069793381
DS11,mc.lm_SMOTET,lm,SMOTET,16,2.715457128598682
DS11,mc.lm_SMOTET,lm,SMOTET,17,2.7177555143089047
DS11,mc.lm_SMOTET,lm,SMOTET,18,2.6709839218104032
DS11,mc.lm_SMOTET,lm,SMOTET,19,2.7821697743465728
DS11,mc.lm_SMOTET,lm,SMOTET,20,2.6527645099447636
DS11,mc.lm_SMOTET,lm,SMOTET,21,2.7420279203137974
DS11,mc.lm_SMOTET,lm,SMOTET,22,2.708603800688297
DS11,mc.lm_SMOTET,lm,SMOTET,23,2.660149644179378
DS11,mc.lm_SMOTET,lm,SMOTET,24,2.6161158340053032
DS11,mc.lm_SMOTET,lm,SMOTET,25,2.5640480369217644
DS11,mc.lm_SMOTET,lm,SMOTET,26,2.6169730298829035
DS11,mc.lm_SMOTET,lm,SMOTET,27,2.6103096709000155
DS11,mc.lm_SMOTET,lm,SMOTET,28,2.5720995210863395
DS11,mc.lm_SMOTET,lm,SMOTET,29,2.6575613474907924
DS11,mc.lm_SMOTET,lm,SMOTET,30,2.7516821776632825
DS11,mc.lm_SMOTET,lm,SMOTET,31,2.8581915787633085
DS11,mc.lm_SMOTET,lm,SMOTET,32,2.7882466103228167
DS11,mc.lm_SMOTET,lm,SMOTET,33,2.8390702163021415
DS11,mc.lm_SMOTET,lm,SMOTET,34,2.9546338924766546
DS11,mc.lm_SMOTET,lm,SMOTET,35,2.8868872561266397
DS11,mc.lm_SMOTET,lm,SMOTET,36,2.8428299396948153
DS11,mc.lm_SMOTET,lm,SMOTET,37,2.820083287804517
DS11,mc.lm_SMOTET,lm,SMOTET,38,3.0036593034088073
DS11,mc.lm_SMOTET,lm,SMOTET,39,3.0952953973038104
DS11,mc.lm_SMOTET,lm,SMOTET,40,2.991737493342266
DS11,mc.lm_SMOTET,lm,SMOTET,41,2.923310228624621
DS11,mc.lm_SMOTET,lm,SMOTET,42,2.975375902309502
DS11,mc.lm_SMOTET,lm,SMOTET,43,2.942320112635631
DS11,mc.lm_SMOTET,lm,SMOTET,44,3.020288671441444
DS11,mc.lm_SMOTET,lm,SMOTET,45,3.2701496883321384
DS11,mc.lm_SMOTET,lm,SMOTET,46,3.239802940751735
DS11,mc.lm_SMOTET,lm,SMOTET,47,3.396609348117238
DS11,mc.lm_SMOTET,lm,SMOTET,48,3.1200687180975644
DS11,mc.lm_SMOTET,lm,SMOTET,49,3.305622759716807
DS11,mc.lm_SMOTET,lm,SMOTET,50,3.2917302256728513
DS11,mc.lm_UNDERB,lm,UNDERB,1,2.615509534305513
DS11,mc.lm_UNDERB,lm,UNDERB,2,2.58527645248307
DS11,mc.lm_UNDERB,lm,UNDERB,3,2.6719643218700897
DS11,mc.lm_UNDERB,lm,UNDERB,4,2.5494988302166184
DS11,mc.lm_UNDERB,lm,UNDERB,5,2.5160257273204145
DS11,mc.lm_UNDERB,lm,UNDERB,6,2.547790459354128
DS11,mc.lm_UNDERB,lm,UNDERB,7,2.47890723974184
DS11,mc.lm_UNDERB,lm,UNDERB,8,2.5171951108526116
DS11,mc.lm_UNDERB,lm,UNDERB,9,2.459500276530644
DS11,mc.lm_UNDERB,lm,UNDERB,10,2.5296770295337443
DS11,mc.lm_UNDERB,lm,UNDERB,11,2.4683661979970877
DS11,mc.lm_UNDERB,lm,UNDERB,12,2.4640748486859185
DS11,mc.lm_UNDERB,lm,UNDERB,13,2.4535075945866898
DS11,mc.lm_UNDERB,lm,UNDERB,14,2.3986457099791587
DS11,mc.lm_UNDERB,lm,UNDERB,15,2.347317402229671
DS11,mc.lm_UNDERB,lm,UNDERB,16,2.33884336066506
DS11,mc.lm_UNDERB,lm,UNDERB,17,2.3722809355600742
DS11,mc.lm_UNDERB,lm,UNDERB,18,2.314208544652624
DS11,mc.lm_UNDERB,lm,UNDERB,19,2.303565855249133
DS11,mc.lm_UNDERB,lm,UNDERB,20,2.2917352043807133
DS11,mc.lm_UNDERB,lm,UNDERB,21,2.370370791882997
DS11,mc.lm_UNDERB,lm,UNDERB,22,2.3156210508468695
DS11,mc.lm_UNDERB,lm,UNDERB,23,2.17690143846004
DS11,mc.lm_UNDERB,lm,UNDERB,24,2.1825543687035163
DS11,mc.lm_UNDERB,lm,UNDERB,25,2.1969766962963844
DS11,mc.lm_UNDERB,lm,UNDERB,26,2.2008696874623026
DS11,mc.lm_UNDERB,lm,UNDERB,27,2.185958858208744
DS11,mc.lm_UNDERB,lm,UNDERB,28,2.245334458855128
DS11,mc.lm_UNDERB,lm,UNDERB,29,2.3706759880612456
DS11,mc.lm_UNDERB,lm,UNDERB,30,2.356418673999828
DS11,mc.lm_UNDERB,lm,UNDERB,31,2.3733229141227357
DS11,mc.lm_UNDERB,lm,UNDERB,32,2.5662807145468425
DS11,mc.lm_UNDERB,lm,UNDERB,33,2.3770243346404736
DS11,mc.lm_UNDERB,lm,UNDERB,34,2.316903184026604
DS11,mc.lm_UNDERB,lm,UNDERB,35,2.3691335489881067
DS11,mc.lm_UNDERB,lm,UNDERB,36,2.478216676508024
DS11,mc.lm_UNDERB,lm,UNDERB,37,2.5284126799174684
DS11,mc.lm_UNDERB,lm,UNDERB,38,2.4699491070829103
DS11,mc.lm_UNDERB,lm,UNDERB,39,2.461902626476199
DS11,mc.lm_UNDERB,lm,UNDERB,40,2.593615361722264
DS11,mc.lm_UNDERB,lm,UNDERB,41,2.5745812808654516
DS11,mc.lm_UNDERB,lm,UNDERB,42,2.6328980571246334
DS11,mc.lm_UNDERB,lm,UNDERB,43,2.54939084856703
DS11,mc.lm_UNDERB,lm,UNDERB,44,2.6438548426491493
DS11,mc.lm_UNDERB,lm,UNDERB,45,2.772349511344542
DS11,mc.lm_UNDERB,lm,UNDERB,46,2.769425493190935
DS11,mc.lm_UNDERB,lm,UNDERB,47,2.731378258793982
DS11,mc.lm_UNDERB,lm,UNDERB,48,2.9115365327545804
DS11,mc.lm_UNDERB,lm,UNDERB,49,2.8449574850346857
DS11,mc.lm_UNDERB,lm,UNDERB,50,2.7877057798815525
DS11,mc.lm_UNDERTPhi,lm,UNDERTPhi,1,2.571732617880862
DS11,mc.lm_UNDERTPhi,lm,UNDERTPhi,2,2.6071524049806487
DS11,mc.lm_UNDERTPhi,lm,UNDERTPhi,3,2.6374950234840897
DS11,mc.lm_UNDERTPhi,lm,UNDERTPhi,4,2.598796143122724
DS11,mc.lm_UNDERTPhi,lm,UNDERTPhi,5,2.648412178324172
DS11,mc.lm_UNDERTPhi,lm,UNDERTPhi,6,2.578890577863994
DS11,mc.lm_UNDERTPhi,lm,UNDERTPhi,7,2.5910675842894313
DS11,mc.lm_UNDERTPhi,lm,UNDERTPhi,8,2.5753666482927464
DS11,mc.lm_UNDERTPhi,lm,UNDERTPhi,9,2.527154676914209
DS11,mc.lm_UNDERTPhi,lm,UNDERTPhi,10,2.526689307825003
DS11,mc.lm_UNDERTPhi,lm,UNDERTPhi,11,2.4899916948192047
DS11,mc.lm_UNDERTPhi,lm,UNDERTPhi,12,2.515207435867283
DS11,mc.lm_UNDERTPhi,lm,UNDERTPhi,13,2.501828721947445
DS11,mc.lm_UNDERTPhi,lm,UNDERTPhi,14,2.417497552720648
DS11,mc.lm_UNDERTPhi,lm,UNDERTPhi,15,2.4149120468504512
DS11,mc.lm_UNDERTPhi,lm,UNDERTPhi,16,2.3443747608686696
DS11,mc.lm_UNDERTPhi,lm,UNDERTPhi,17,2.3980066284474795
DS11,mc.lm_UNDERTPhi,lm,UNDERTPhi,18,2.3833280174840277
DS11,mc.lm_UNDERTPhi,lm,UNDERTPhi,19,2.3096309497830827
DS11,mc.lm_UNDERTPhi,lm,UNDERTPhi,20,2.367525544307321
DS11,mc.lm_UNDERTPhi,lm,UNDERTPhi,21,2.3280037697684253
DS11,mc.lm_UNDERTPhi,lm,UNDERTPhi,22,2.391399422743702
DS11,mc.lm_UNDERTPhi,lm,UNDERTPhi,23,2.2519653750459376
DS11,mc.lm_UNDERTPhi,lm,UNDERTPhi,24,2.200711167450853
DS11,mc.lm_UNDERTPhi,lm,UNDERTPhi,25,2.311384853017351
DS11,mc.lm_UNDERTPhi,lm,UNDERTPhi,26,2.275842699109109
DS11,mc.lm_UNDERTPhi,lm,UNDERTPhi,27,2.1562785840898044
DS11,mc.lm_UNDERTPhi,lm,UNDERTPhi,28,2.3021234172076475
DS11,mc.lm_UNDERTPhi,lm,UNDERTPhi,29,2.3402113251368495
DS11,mc.lm_UNDERTPhi,lm,UNDERTPhi,30,2.3620411631434863
DS11,mc.lm_UNDERTPhi,lm,UNDERTPhi,31,2.3637145937054638
DS11,mc.lm_UNDERTPhi,lm,UNDERTPhi,32,2.367449657632859
DS11,mc.lm_UNDERTPhi,lm,UNDERTPhi,33,2.4497332266852667
DS11,mc.lm_UNDERTPhi,lm,UNDERTPhi,34,2.4901344847153135
DS11,mc.lm_UNDERTPhi,lm,UNDERTPhi,35,2.4037964330119457
DS11,mc.lm_UNDERTPhi,lm,UNDERTPhi,36,2.4515494753450713
DS11,mc.lm_UNDERTPhi,lm,UNDERTPhi,37,2.4919081704237676
DS11,mc.lm_UNDERTPhi,lm,UNDERTPhi,38,2.5976770555310833
DS11,mc.lm_UNDERTPhi,lm,UNDERTPhi,39,2.562792750495449
DS11,mc.lm_UNDERTPhi,lm,UNDERTPhi,40,2.509039402521588
DS11,mc.lm_UNDERTPhi,lm,UNDERTPhi,41,2.6621032859454745
DS11,mc.lm_UNDERTPhi,lm,UNDERTPhi,42,2.570280438156381
DS11,mc.lm_UNDERTPhi,lm,UNDERTPhi,43,2.702756332860587
DS11,mc.lm_UNDERTPhi,lm,UNDERTPhi,44,2.7035599360797695
DS11,mc.lm_UNDERTPhi,lm,UNDERTPhi,45,2.786133751909306
DS11,mc.lm_UNDERTPhi,lm,UNDERTPhi,46,2.7625729601763283
DS11,mc.lm_UNDERTPhi,lm,UNDERTPhi,47,2.7532742167884856
DS11,mc.lm_UNDERTPhi,lm,UNDERTPhi,48,2.7556612966091567
DS11,mc.lm_UNDERTPhi,lm,UNDERTPhi,49,2.754722577187333
DS11,mc.lm_UNDERTPhi,lm,UNDERTPhi,50,2.9194138371420495
DS11,mc.lm_UNDERT,lm,UNDERT,1,2.6044709102284735
DS11,mc.lm_UNDERT,lm,UNDERT,2,2.569270877462342
DS11,mc.lm_UNDERT,lm,UNDERT,3,2.61183524739787
DS11,mc.lm_UNDERT,lm,UNDERT,4,2.62021588807316
DS11,mc.lm_UNDERT,lm,UNDERT,5,2.5450057162515107
DS11,mc.lm_UNDERT,lm,UNDERT,6,2.5741405116671183
DS11,mc.lm_UNDERT,lm,UNDERT,7,2.5773479520685627
DS11,mc.lm_UNDERT,lm,UNDERT,8,2.551234833958715
DS11,mc.lm_UNDERT,lm,UNDERT,9,2.5210351919135805
DS11,mc.lm_UNDERT,lm,UNDERT,10,2.5141028928505254
DS11,mc.lm_UNDERT,lm,UNDERT,11,2.460442447872352
DS11,mc.lm_UNDERT,lm,UNDERT,12,2.5309772073418517
DS11,mc.lm_UNDERT,lm,UNDERT,13,2.4614705242211765
DS11,mc.lm_UNDERT,lm,UNDERT,14,2.412577687935598
DS11,mc.lm_UNDERT,lm,UNDERT,15,2.3490208790676985
DS11,mc.lm_UNDERT,lm,UNDERT,16,2.3144704146146022
DS11,mc.lm_UNDERT,lm,UNDERT,17,2.329817637403483
DS11,mc.lm_UNDERT,lm,UNDERT,18,2.2957190068458644
DS11,mc.lm_UNDERT,lm,UNDERT,19,2.3122405885887556
DS11,mc.lm_UNDERT,lm,UNDERT,20,2.36460357413362
DS11,mc.lm_UNDERT,lm,UNDERT,21,2.3443458726564215
DS11,mc.lm_UNDERT,lm,UNDERT,22,2.3255515918223173
DS11,mc.lm_UNDERT,lm,UNDERT,23,2.2626566940869655
DS11,mc.lm_UNDERT,lm,UNDERT,24,2.1841991487761323
DS11,mc.lm_UNDERT,lm,UNDERT,25,2.210640151299054
DS11,mc.lm_UNDERT,lm,UNDERT,26,2.244642751222932
DS11,mc.lm_UNDERT,lm,UNDERT,27,2.1393315728910487
DS11,mc.lm_UNDERT,lm,UNDERT,28,2.2335021647919064
DS11,mc.lm_UNDERT,lm,UNDERT,29,2.3071079354405146
DS11,mc.lm_UNDERT,lm,UNDERT,30,2.344616040341135
DS11,mc.lm_UNDERT,lm,UNDERT,31,2.3438379164585594
DS11,mc.lm_UNDERT,lm,UNDERT,32,2.4055947153334363
DS11,mc.lm_UNDERT,lm,UNDERT,33,2.2816378895299256
DS11,mc.lm_UNDERT,lm,UNDERT,34,2.3957960069648188
DS11,mc.lm_UNDERT,lm,UNDERT,35,2.454112275487481
DS11,mc.lm_UNDERT,lm,UNDERT,36,2.501369839382003
DS11,mc.lm_UNDERT,lm,UNDERT,37,2.536534162731097
DS11,mc.lm_UNDERT,lm,UNDERT,38,2.482850786984398
DS11,mc.lm_UNDERT,lm,UNDERT,39,2.4588314944600214
DS11,mc.lm_UNDERT,lm,UNDERT,40,2.4732445661190576
DS11,mc.lm_UNDERT,lm,UNDERT,41,2.515511711237868
DS11,mc.lm_UNDERT,lm,UNDERT,42,2.6339686527226833
DS11,mc.lm_UNDERT,lm,UNDERT,43,2.6684286104007624
DS11,mc.lm_UNDERT,lm,UNDERT,44,2.488502176901388
DS11,mc.lm_UNDERT,lm,UNDERT,45,2.7432052056368974
DS11,mc.lm_UNDERT,lm,UNDERT,46,2.7731274602547433
DS11,mc.lm_UNDERT,lm,UNDERT,47,2.842533475816217
DS11,mc.lm_UNDERT,lm,UNDERT,48,2.67027286669482
DS11,mc.lm_UNDERT,lm,UNDERT,49,2.71233115811607
DS11,mc.lm_UNDERT,lm,UNDERT,50,2.904444501235634
DS11,mc.lm,lm,baseline,1,2.392492942854212
DS11,mc.lm,lm,baseline,2,2.383041993340818
DS11,mc.lm,lm,baseline,3,2.381768503490651
DS11,mc.lm,lm,baseline,4,2.364335614275559
DS11,mc.lm,lm,baseline,5,2.3635149339570454
DS11,mc.lm,lm,baseline,6,2.346915278424996
DS11,mc.lm,lm,baseline,7,2.3492551734813127
DS11,mc.lm,lm,baseline,8,2.325116117845513
DS11,mc.lm,lm,baseline,9,2.3018946678359016
DS11,mc.lm,lm,baseline,10,2.304444850326513
DS11,mc.lm,lm,baseline,11,2.266728479654061
DS11,mc.lm,lm,baseline,12,2.2550351967999474
DS11,mc.lm,lm,baseline,13,2.2534027510331662
DS11,mc.lm,lm,baseline,14,2.232308053468282
DS11,mc.lm,lm,baseline,15,2.228690275484978
DS11,mc.lm,lm,baseline,16,2.2140872241892886
DS11,mc.lm,lm,baseline,17,2.2100607848084253
DS11,mc.lm,lm,baseline,18,2.203347907792445
DS11,mc.lm,lm,baseline,19,2.2032165286336007
DS11,mc.lm,lm,baseline,20,2.2039315750733013
DS11,mc.lm,lm,baseline,21,2.2058788076939235
DS11,mc.lm,lm,baseline,22,2.207238210643165
DS11,mc.lm,lm,baseline,23,2.062914020655295
DS11,mc.lm,lm,baseline,24,2.067646078745083
DS11,mc.lm,lm,baseline,25,2.107090495400927
DS11,mc.lm,lm,baseline,26,2.113533874985949
DS11,mc.lm,lm,baseline,27,2.0488193434099036
DS11,mc.lm,lm,baseline,28,2.0673320210076485
DS11,mc.lm,lm,baseline,29,2.090312055853345
DS11,mc.lm,lm,baseline,30,2.249766694346014
DS11,mc.lm,lm,baseline,31,2.154483641978329
DS11,mc.lm,lm,baseline,32,2.136747391108122
DS11,mc.lm,lm,baseline,33,2.1382006127874758
DS11,mc.lm,lm,baseline,34,2.1309086032038653
DS11,mc.lm,lm,baseline,35,2.1556484805054907
DS11,mc.lm,lm,baseline,36,2.226295769008137
DS11,mc.lm,lm,baseline,37,2.288245030678287
DS11,mc.lm,lm,baseline,38,2.2864294351891745
DS11,mc.lm,lm,baseline,39,2.280806819457182
DS11,mc.lm,lm,baseline,40,2.2603053795393775
DS11,mc.lm,lm,baseline,41,2.296751666130663
DS11,mc.lm,lm,baseline,42,2.3220472258608003
DS11,mc.lm,lm,baseline,43,2.329502782143704
DS11,mc.lm,lm,baseline,44,2.349262641010632
DS11,mc.lm,lm,baseline,45,2.419495181571213
DS11,mc.lm,lm,baseline,46,2.412065135397546
DS11,mc.lm,lm,baseline,47,2.417857178556876
DS11,mc.lm,lm,baseline,48,2.41808737667119
DS11,mc.lm,lm,baseline,49,2.4273056317126427
DS11,mc.lm,lm,baseline,50,2.447890495367775
DS11,mc.mars_OVERB,mars,OVERB,1,2.7054344533600125
DS11,mc.mars_OVERB,mars,OVERB,2,2.666957010423528
DS11,mc.mars_OVERB,mars,OVERB,3,2.787870352971644
DS11,mc.mars_OVERB,mars,OVERB,4,2.6724051847427677
DS11,mc.mars_OVERB,mars,OVERB,5,2.873902894630876
DS11,mc.mars_OVERB,mars,OVERB,6,2.793866736565723
DS11,mc.mars_OVERB,mars,OVERB,7,2.75321271965004
DS11,mc.mars_OVERB,mars,OVERB,8,2.914049686367983
DS11,mc.mars_OVERB,mars,OVERB,9,2.865162653516642
DS11,mc.mars_OVERB,mars,OVERB,10,2.787405375745378
DS11,mc.mars_OVERB,mars,OVERB,11,2.750413667230709
DS11,mc.mars_OVERB,mars,OVERB,12,2.673486559358747
DS11,mc.mars_OVERB,mars,OVERB,13,2.6858066376443444
DS11,mc.mars_OVERB,mars,OVERB,14,2.739908341902359
DS11,mc.mars_OVERB,mars,OVERB,15,2.8824873425062294
DS11,mc.mars_OVERB,mars,OVERB,16,2.60288429925506
DS11,mc.mars_OVERB,mars,OVERB,17,2.7494132030708385
DS11,mc.mars_OVERB,mars,OVERB,18,2.662602362782893
DS11,mc.mars_OVERB,mars,OVERB,19,2.6709081377043598
DS11,mc.mars_OVERB,mars,OVERB,20,2.730973887097995
DS11,mc.mars_OVERB,mars,OVERB,21,2.79236441837387
DS11,mc.mars_OVERB,mars,OVERB,22,2.713430572569136
DS11,mc.mars_OVERB,mars,OVERB,23,2.501706845001176
DS11,mc.mars_OVERB,mars,OVERB,24,2.551778612014097
DS11,mc.mars_OVERB,mars,OVERB,25,2.67548468666964
DS11,mc.mars_OVERB,mars,OVERB,26,2.4389684582152054
DS11,mc.mars_OVERB,mars,OVERB,27,2.5863877711642163
DS11,mc.mars_OVERB,mars,OVERB,28,2.6237223761517545
DS11,mc.mars_OVERB,mars,OVERB,29,2.472500183572211
DS11,mc.mars_OVERB,mars,OVERB,30,2.6130403467544143
DS11,mc.mars_OVERB,mars,OVERB,31,2.7512493031975964
DS11,mc.mars_OVERB,mars,OVERB,32,2.829410515778019
DS11,mc.mars_OVERB,mars,OVERB,33,2.66313269497723
DS11,mc.mars_OVERB,mars,OVERB,34,2.7350203058233533
DS11,mc.mars_OVERB,mars,OVERB,35,2.5860974201209688
DS11,mc.mars_OVERB,mars,OVERB,36,2.8020121382857255
DS11,mc.mars_OVERB,mars,OVERB,37,2.681387436043138
DS11,mc.mars_OVERB,mars,OVERB,38,2.794092608335459
DS11,mc.mars_OVERB,mars,OVERB,39,2.7035410676514005
DS11,mc.mars_OVERB,mars,OVERB,40,2.7896010220620915
DS11,mc.mars_OVERB,mars,OVERB,41,2.770784783078073
DS11,mc.mars_OVERB,mars,OVERB,42,2.7769502601069322
DS11,mc.mars_OVERB,mars,OVERB,43,2.8454761821878805
DS11,mc.mars_OVERB,mars,OVERB,44,2.859315363027492
DS11,mc.mars_OVERB,mars,OVERB,45,2.9032279872729485
DS11,mc.mars_OVERB,mars,OVERB,46,2.7857424811717326
DS11,mc.mars_OVERB,mars,OVERB,47,2.8889158021231864
DS11,mc.mars_OVERB,mars,OVERB,48,3.0313996409221065
DS11,mc.mars_OVERB,mars,OVERB,49,2.9914486983577016
DS11,mc.mars_OVERB,mars,OVERB,50,3.1536505097157255
DS11,mc.mars_OVERTPhi,mars,OVERTPhi,1,2.6704060294186203
DS11,mc.mars_OVERTPhi,mars,OVERTPhi,2,3.0032835145686962
DS11,mc.mars_OVERTPhi,mars,OVERTPhi,3,2.7293319007877237
DS11,mc.mars_OVERTPhi,mars,OVERTPhi,4,2.7494439643106556
DS11,mc.mars_OVERTPhi,mars,OVERTPhi,5,2.784259427163304
DS11,mc.mars_OVERTPhi,mars,OVERTPhi,6,2.719469023274597
DS11,mc.mars_OVERTPhi,mars,OVERTPhi,7,2.8129406547767597
DS11,mc.mars_OVERTPhi,mars,OVERTPhi,8,2.7834217279740625
DS11,mc.mars_OVERTPhi,mars,OVERTPhi,9,2.823579041648558
DS11,mc.mars_OVERTPhi,mars,OVERTPhi,10,2.827182222827152
DS11,mc.mars_OVERTPhi,mars,OVERTPhi,11,2.8397164840643243
DS11,mc.mars_OVERTPhi,mars,OVERTPhi,12,2.71520178275524
DS11,mc.mars_OVERTPhi,mars,OVERTPhi,13,2.606633797877952
DS11,mc.mars_OVERTPhi,mars,OVERTPhi,14,2.7709935040257387
DS11,mc.mars_OVERTPhi,mars,OVERTPhi,15,2.769241458793098
DS11,mc.mars_OVERTPhi,mars,OVERTPhi,16,2.7087162443750405
DS11,mc.mars_OVERTPhi,mars,OVERTPhi,17,2.7399854741343828
DS11,mc.mars_OVERTPhi,mars,OVERTPhi,18,2.847857499097009
DS11,mc.mars_OVERTPhi,mars,OVERTPhi,19,2.6905539457901853
DS11,mc.mars_OVERTPhi,mars,OVERTPhi,20,2.7111604321696112
DS11,mc.mars_OVERTPhi,mars,OVERTPhi,21,2.7296313025770402
DS11,mc.mars_OVERTPhi,mars,OVERTPhi,22,2.695407431177004
DS11,mc.mars_OVERTPhi,mars,OVERTPhi,23,2.53008734437119
DS11,mc.mars_OVERTPhi,mars,OVERTPhi,24,2.6045320063235233
DS11,mc.mars_OVERTPhi,mars,OVERTPhi,25,2.6381128279089774
DS11,mc.mars_OVERTPhi,mars,OVERTPhi,26,2.505192633612054
DS11,mc.mars_OVERTPhi,mars,OVERTPhi,27,2.5376106078709952
DS11,mc.mars_OVERTPhi,mars,OVERTPhi,28,2.4605254295828183
DS11,mc.mars_OVERTPhi,mars,OVERTPhi,29,2.5674614989794677
DS11,mc.mars_OVERTPhi,mars,OVERTPhi,30,2.89109225958121
DS11,mc.mars_OVERTPhi,mars,OVERTPhi,31,2.7073589513785805
DS11,mc.mars_OVERTPhi,mars,OVERTPhi,32,2.6213223402471346
DS11,mc.mars_OVERTPhi,mars,OVERTPhi,33,2.5639981646515
DS11,mc.mars_OVERTPhi,mars,OVERTPhi,34,2.579850871969219
DS11,mc.mars_OVERTPhi,mars,OVERTPhi,35,2.752715330806311
DS11,mc.mars_OVERTPhi,mars,OVERTPhi,36,2.8645707569763035
DS11,mc.mars_OVERTPhi,mars,OVERTPhi,37,2.777841918666267
DS11,mc.mars_OVERTPhi,mars,OVERTPhi,38,2.729655192316143
DS11,mc.mars_OVERTPhi,mars,OVERTPhi,39,2.8298771816006956
DS11,mc.mars_OVERTPhi,mars,OVERTPhi,40,2.762719478951991
DS11,mc.mars_OVERTPhi,mars,OVERTPhi,41,2.9544835140130608
DS11,mc.mars_OVERTPhi,mars,OVERTPhi,42,2.9632150061623657
DS11,mc.mars_OVERTPhi,mars,OVERTPhi,43,2.8761961139770813
DS11,mc.mars_OVERTPhi,mars,OVERTPhi,44,2.8309338147755048
DS11,mc.mars_OVERTPhi,mars,OVERTPhi,45,2.9184711837875787
DS11,mc.mars_OVERTPhi,mars,OVERTPhi,46,2.9926214203695523
DS11,mc.mars_OVERTPhi,mars,OVERTPhi,47,3.0484684859989355
DS11,mc.mars_OVERTPhi,mars,OVERTPhi,48,2.9798678938554994
DS11,mc.mars_OVERTPhi,mars,OVERTPhi,49,3.2233149011669187
DS11,mc.mars_OVERTPhi,mars,OVERTPhi,50,3.101367904649729
DS11,mc.mars_OVERT,mars,OVERT,1,2.6704060294186203
DS11,mc.mars_OVERT,mars,OVERT,2,3.0032835145686962
DS11,mc.mars_OVERT,mars,OVERT,3,2.7293319007877237
DS11,mc.mars_OVERT,mars,OVERT,4,2.7494439643106556
DS11,mc.mars_OVERT,mars,OVERT,5,2.784259427163304
DS11,mc.mars_OVERT,mars,OVERT,6,2.719469023274597
DS11,mc.mars_OVERT,mars,OVERT,7,2.8129406547767597
DS11,mc.mars_OVERT,mars,OVERT,8,2.7834217279740625
DS11,mc.mars_OVERT,mars,OVERT,9,2.823579041648558
DS11,mc.mars_OVERT,mars,OVERT,10,2.827182222827152
DS11,mc.mars_OVERT,mars,OVERT,11,2.8397164840643243
DS11,mc.mars_OVERT,mars,OVERT,12,2.71520178275524
DS11,mc.mars_OVERT,mars,OVERT,13,2.606633797877952
DS11,mc.mars_OVERT,mars,OVERT,14,2.7709935040257387
DS11,mc.mars_OVERT,mars,OVERT,15,2.769241458793098
DS11,mc.mars_OVERT,mars,OVERT,16,2.7087162443750405
DS11,mc.mars_OVERT,mars,OVERT,17,2.7399854741343828
DS11,mc.mars_OVERT,mars,OVERT,18,2.847857499097009
DS11,mc.mars_OVERT,mars,OVERT,19,2.6905539457901853
DS11,mc.mars_OVERT,mars,OVERT,20,2.7111604321696112
DS11,mc.mars_OVERT,mars,OVERT,21,2.7296313025770402
DS11,mc.mars_OVERT,mars,OVERT,22,2.695407431177004
DS11,mc.mars_OVERT,mars,OVERT,23,2.53008734437119
DS11,mc.mars_OVERT,mars,OVERT,24,2.6045320063235233
DS11,mc.mars_OVERT,mars,OVERT,25,2.6381128279089774
DS11,mc.mars_OVERT,mars,OVERT,26,2.505192633612054
DS11,mc.mars_OVERT,mars,OVERT,27,2.5376106078709952
DS11,mc.mars_OVERT,mars,OVERT,28,2.4605254295828183
DS11,mc.mars_OVERT,mars,OVERT,29,2.5674614989794677
DS11,mc.mars_OVERT,mars,OVERT,30,2.89109225958121
DS11,mc.mars_OVERT,mars,OVERT,31,2.7073589513785805
DS11,mc.mars_OVERT,mars,OVERT,32,2.6213223402471346
DS11,mc.mars_OVERT,mars,OVERT,33,2.5639981646515
DS11,mc.mars_OVERT,mars,OVERT,34,2.579850871969219
DS11,mc.mars_OVERT,mars,OVERT,35,2.752715330806311
DS11,mc.mars_OVERT,mars,OVERT,36,2.8645707569763035
DS11,mc.mars_OVERT,mars,OVERT,37,2.777841918666267
DS11,mc.mars_OVERT,mars,OVERT,38,2.729655192316143
DS11,mc.mars_OVERT,mars,OVERT,39,2.8298771816006956
DS11,mc.mars_OVERT,mars,OVERT,40,2.762719478951991
DS11,mc.mars_OVERT,mars,OVERT,41,2.9544835140130608
DS11,mc.mars_OVERT,mars,OVERT,42,2.9632150061623657
DS11,mc.mars_OVERT,mars,OVERT,43,2.8761961139770813
DS11,mc.mars_OVERT,mars,OVERT,44,2.8309338147755048
DS11,mc.mars_OVERT,mars,OVERT,45,2.9184711837875787
DS11,mc.mars_OVERT,mars,OVERT,46,2.9926214203695523
DS11,mc.mars_OVERT,mars,OVERT,47,3.0484684859989355
DS11,mc.mars_OVERT,mars,OVERT,48,2.9798678938554994
DS11,mc.mars_OVERT,mars,OVERT,49,3.2233149011669187
DS11,mc.mars_OVERT,mars,OVERT,50,3.101367904649729
DS11,mc.mars_SMOTEB,mars,SMOTEB,1,2.916815126481303
DS11,mc.mars_SMOTEB,mars,SMOTEB,2,3.0285216269097917
DS11,mc.mars_SMOTEB,mars,SMOTEB,3,3.1405508054328513
DS11,mc.mars_SMOTEB,mars,SMOTEB,4,3.0342358809276
DS11,mc.mars_SMOTEB,mars,SMOTEB,5,3.160432071289745
DS11,mc.mars_SMOTEB,mars,SMOTEB,6,3.3766119029946293
DS11,mc.mars_SMOTEB,mars,SMOTEB,7,3.303254790820498
DS11,mc.mars_SMOTEB,mars,SMOTEB,8,3.3411713617594603
DS11,mc.mars_SMOTEB,mars,SMOTEB,9,3.1606195827693386
DS11,mc.mars_SMOTEB,mars,SMOTEB,10,3.2489113176930524
DS11,mc.mars_SMOTEB,mars,SMOTEB,11,3.4275399305549454
DS11,mc.mars_SMOTEB,mars,SMOTEB,12,3.2415756517723415
DS11,mc.mars_SMOTEB,mars,SMOTEB,13,3.2889174799808636
DS11,mc.mars_SMOTEB,mars,SMOTEB,14,3.252069634985501
DS11,mc.mars_SMOTEB,mars,SMOTEB,15,3.168919593622658
DS11,mc.mars_SMOTEB,mars,SMOTEB,16,3.263202686224432
DS11,mc.mars_SMOTEB,mars,SMOTEB,17,3.178270130968179
DS11,mc.mars_SMOTEB,mars,SMOTEB,18,3.035872371620367
DS11,mc.mars_SMOTEB,mars,SMOTEB,19,3.1633614553780025
DS11,mc.mars_SMOTEB,mars,SMOTEB,20,3.2046524911197865
DS11,mc.mars_SMOTEB,mars,SMOTEB,21,3.084040279787572
DS11,mc.mars_SMOTEB,mars,SMOTEB,22,2.9096548560561875
DS11,mc.mars_SMOTEB,mars,SMOTEB,23,2.6227910831239343
DS11,mc.mars_SMOTEB,mars,SMOTEB,24,2.8917674522640233
DS11,mc.mars_SMOTEB,mars,SMOTEB,25,2.7648177249799417
DS11,mc.mars_SMOTEB,mars,SMOTEB,26,2.7764363333592192
DS11,mc.mars_SMOTEB,mars,SMOTEB,27,2.7784912058027174
DS11,mc.mars_SMOTEB,mars,SMOTEB,28,2.8468626968979067
DS11,mc.mars_SMOTEB,mars,SMOTEB,29,3.0908613895882833
DS11,mc.mars_SMOTEB,mars,SMOTEB,30,2.902815523690494
DS11,mc.mars_SMOTEB,mars,SMOTEB,31,3.4225025733777823
DS11,mc.mars_SMOTEB,mars,SMOTEB,32,3.023107978299186
DS11,mc.mars_SMOTEB,mars,SMOTEB,33,3.1233262625018816
DS11,mc.mars_SMOTEB,mars,SMOTEB,34,3.2049845731123847
DS11,mc.mars_SMOTEB,mars,SMOTEB,35,3.2626066948194277
DS11,mc.mars_SMOTEB,mars,SMOTEB,36,3.297607860550021
DS11,mc.mars_SMOTEB,mars,SMOTEB,37,3.2086136998846064
DS11,mc.mars_SMOTEB,mars,SMOTEB,38,3.2455507923381823
DS11,mc.mars_SMOTEB,mars,SMOTEB,39,3.3893238201969207
DS11,mc.mars_SMOTEB,mars,SMOTEB,40,3.071485563986068
DS11,mc.mars_SMOTEB,mars,SMOTEB,41,3.0208824160870638
DS11,mc.mars_SMOTEB,mars,SMOTEB,42,3.386624838811158
DS11,mc.mars_SMOTEB,mars,SMOTEB,43,3.433766279920137
DS11,mc.mars_SMOTEB,mars,SMOTEB,44,3.2879621240316887
DS11,mc.mars_SMOTEB,mars,SMOTEB,45,3.3788476790087456
DS11,mc.mars_SMOTEB,mars,SMOTEB,46,3.371463823347333
DS11,mc.mars_SMOTEB,mars,SMOTEB,47,3.4009958000095577
DS11,mc.mars_SMOTEB,mars,SMOTEB,48,3.5788219805034283
DS11,mc.mars_SMOTEB,mars,SMOTEB,49,3.371485132301222
DS11,mc.mars_SMOTEB,mars,SMOTEB,50,3.470163529342937
DS11,mc.mars_SMOTETPhi,mars,SMOTETPhi,1,3.4167779303569636
DS11,mc.mars_SMOTETPhi,mars,SMOTETPhi,2,3.0406503704579673
DS11,mc.mars_SMOTETPhi,mars,SMOTETPhi,3,3.1746052762697414
DS11,mc.mars_SMOTETPhi,mars,SMOTETPhi,4,3.296163224305104
DS11,mc.mars_SMOTETPhi,mars,SMOTETPhi,5,3.535504391532372
DS11,mc.mars_SMOTETPhi,mars,SMOTETPhi,6,3.316709136689924
DS11,mc.mars_SMOTETPhi,mars,SMOTETPhi,7,3.47216567004248
DS11,mc.mars_SMOTETPhi,mars,SMOTETPhi,8,3.7355548322032943
DS11,mc.mars_SMOTETPhi,mars,SMOTETPhi,9,3.267587555697453
DS11,mc.mars_SMOTETPhi,mars,SMOTETPhi,10,3.6522276228862154
DS11,mc.mars_SMOTETPhi,mars,SMOTETPhi,11,3.870310627176733
DS11,mc.mars_SMOTETPhi,mars,SMOTETPhi,12,3.4966545155859308
DS11,mc.mars_SMOTETPhi,mars,SMOTETPhi,13,3.5225175965626536
DS11,mc.mars_SMOTETPhi,mars,SMOTETPhi,14,3.2671305044719587
DS11,mc.mars_SMOTETPhi,mars,SMOTETPhi,15,3.7357782951231333
DS11,mc.mars_SMOTETPhi,mars,SMOTETPhi,16,3.904393098458386
DS11,mc.mars_SMOTETPhi,mars,SMOTETPhi,17,3.449326823581476
DS11,mc.mars_SMOTETPhi,mars,SMOTETPhi,18,3.550870612579518
DS11,mc.mars_SMOTETPhi,mars,SMOTETPhi,19,3.2440769335692616
DS11,mc.mars_SMOTETPhi,mars,SMOTETPhi,20,3.5037385091394833
DS11,mc.mars_SMOTETPhi,mars,SMOTETPhi,21,3.4731378495931438
DS11,mc.mars_SMOTETPhi,mars,SMOTETPhi,22,3.7141463519844455
DS11,mc.mars_SMOTETPhi,mars,SMOTETPhi,23,2.879275673181703
DS11,mc.mars_SMOTETPhi,mars,SMOTETPhi,24,3.043557603655081
DS11,mc.mars_SMOTETPhi,mars,SMOTETPhi,25,2.9648185913443337
DS11,mc.mars_SMOTETPhi,mars,SMOTETPhi,26,2.7871027730303695
DS11,mc.mars_SMOTETPhi,mars,SMOTETPhi,27,3.1513704629361867
DS11,mc.mars_SMOTETPhi,mars,SMOTETPhi,28,3.082931090381969
DS11,mc.mars_SMOTETPhi,mars,SMOTETPhi,29,2.903216760847005
DS11,mc.mars_SMOTETPhi,mars,SMOTETPhi,30,3.246382770267366
DS11,mc.mars_SMOTETPhi,mars,SMOTETPhi,31,3.5307877438081414
DS11,mc.mars_SMOTETPhi,mars,SMOTETPhi,32,3.59006187783069
DS11,mc.mars_SMOTETPhi,mars,SMOTETPhi,33,3.625032369512177
DS11,mc.mars_SMOTETPhi,mars,SMOTETPhi,34,3.8947729272426606
DS11,mc.mars_SMOTETPhi,mars,SMOTETPhi,35,4.15944924156381
DS11,mc.mars_SMOTETPhi,mars,SMOTETPhi,36,3.8449555351386477
DS11,mc.mars_SMOTETPhi,mars,SMOTETPhi,37,3.8952738197803463
DS11,mc.mars_SMOTETPhi,mars,SMOTETPhi,38,3.7345377089286065
DS11,mc.mars_SMOTETPhi,mars,SMOTETPhi,39,3.75918826772706
DS11,mc.mars_SMOTETPhi,mars,SMOTETPhi,40,3.8470851362674123
DS11,mc.mars_SMOTETPhi,mars,SMOTETPhi,41,3.506757952543378
DS11,mc.mars_SMOTETPhi,mars,SMOTETPhi,42,3.5208518924137717
DS11,mc.mars_SMOTETPhi,mars,SMOTETPhi,43,3.529638727039608
DS11,mc.mars_SMOTETPhi,mars,SMOTETPhi,44,3.4079534309675896
DS11,mc.mars_SMOTETPhi,mars,SMOTETPhi,45,3.537720405836409
DS11,mc.mars_SMOTETPhi,mars,SMOTETPhi,46,3.562255969452074
DS11,mc.mars_SMOTETPhi,mars,SMOTETPhi,47,3.6090363067959355
DS11,mc.mars_SMOTETPhi,mars,SMOTETPhi,48,3.750757152698046
DS11,mc.mars_SMOTETPhi,mars,SMOTETPhi,49,3.628855913529229
DS11,mc.mars_SMOTETPhi,mars,SMOTETPhi,50,3.8293058786501164
DS11,mc.mars_SMOTET,mars,SMOTET,1,3.430953727951404
DS11,mc.mars_SMOTET,mars,SMOTET,2,3.0881620792386117
DS11,mc.mars_SMOTET,mars,SMOTET,3,3.2032545203987315
DS11,mc.mars_SMOTET,mars,SMOTET,4,3.413299608435404
DS11,mc.mars_SMOTET,mars,SMOTET,5,3.736078442132548
DS11,mc.mars_SMOTET,mars,SMOTET,6,3.5483670308334943
DS11,mc.mars_SMOTET,mars,SMOTET,7,3.216689361228663
DS11,mc.mars_SMOTET,mars,SMOTET,8,3.484790036679872
DS11,mc.mars_SMOTET,mars,SMOTET,9,3.6446148038668604
DS11,mc.mars_SMOTET,mars,SMOTET,10,3.8169464905618575
DS11,mc.mars_SMOTET,mars,SMOTET,11,3.570634721759026
DS11,mc.mars_SMOTET,mars,SMOTET,12,3.6679959422124297
DS11,mc.mars_SMOTET,mars,SMOTET,13,3.30958230901281
DS11,mc.mars_SMOTET,mars,SMOTET,14,3.3215784485335695
DS11,mc.mars_SMOTET,mars,SMOTET,15,3.5548787268564155
DS11,mc.mars_SMOTET,mars,SMOTET,16,3.413578765298439
DS11,mc.mars_SMOTET,mars,SMOTET,17,3.4842514638411215
DS11,mc.mars_SMOTET,mars,SMOTET,18,3.6806952297838094
DS11,mc.mars_SMOTET,mars,SMOTET,19,3.181946197570011
DS11,mc.mars_SMOTET,mars,SMOTET,20,3.361738542366621
DS11,mc.mars_SMOTET,mars,SMOTET,21,3.7258298179209333
DS11,mc.mars_SMOTET,mars,SMOTET,22,3.6453720468437183
DS11,mc.mars_SMOTET,mars,SMOTET,23,2.923126268570041
DS11,mc.mars_SMOTET,mars,SMOTET,24,2.9041471746597183
DS11,mc.mars_SMOTET,mars,SMOTET,25,2.726470654126411
DS11,mc.mars_SMOTET,mars,SMOTET,26,2.8546943180000515
DS11,mc.mars_SMOTET,mars,SMOTET,27,3.0096151086516616
DS11,mc.mars_SMOTET,mars,SMOTET,28,2.850925480315883
DS11,mc.mars_SMOTET,mars,SMOTET,29,2.796861517408837
DS11,mc.mars_SMOTET,mars,SMOTET,30,3.18932146672677
DS11,mc.mars_SMOTET,mars,SMOTET,31,3.5817632319722845
DS11,mc.mars_SMOTET,mars,SMOTET,32,3.6964618784257364
DS11,mc.mars_SMOTET,mars,SMOTET,33,3.509610179376352
DS11,mc.mars_SMOTET,mars,SMOTET,34,3.666609463239287
DS11,mc.mars_SMOTET,mars,SMOTET,35,3.7594992515493537
DS11,mc.mars_SMOTET,mars,SMOTET,36,3.7137808049459275
DS11,mc.mars_SMOTET,mars,SMOTET,37,3.4906229569021088
DS11,mc.mars_SMOTET,mars,SMOTET,38,3.562830921478625
DS11,mc.mars_SMOTET,mars,SMOTET,39,3.704301457278768
DS11,mc.mars_SMOTET,mars,SMOTET,40,3.6517572625398045
DS11,mc.mars_SMOTET,mars,SMOTET,41,3.471588407834133
DS11,mc.mars_SMOTET,mars,SMOTET,42,3.332189139437497
DS11,mc.mars_SMOTET,mars,SMOTET,43,3.259513866854964
DS11,mc.mars_SMOTET,mars,SMOTET,44,3.613614245799314
DS11,mc.mars_SMOTET,mars,SMOTET,45,3.547154516162523
DS11,mc.mars_SMOTET,mars,SMOTET,46,3.6473145560023066
DS11,mc.mars_SMOTET,mars,SMOTET,47,3.959010817653335
DS11,mc.mars_SMOTET,mars,SMOTET,48,3.7951316805660804
DS11,mc.mars_SMOTET,mars,SMOTET,49,3.518765610710718
DS11,mc.mars_SMOTET,mars,SMOTET,50,3.556705276092539
DS11,mc.mars_UNDERB,mars,UNDERB,1,2.8298359751947255
DS11,mc.mars_UNDERB,mars,UNDERB,2,2.623723891750498
DS11,mc.mars_UNDERB,mars,UNDERB,3,2.5838222906183965
DS11,mc.mars_UNDERB,mars,UNDERB,4,2.5115917673751276
DS11,mc.mars_UNDERB,mars,UNDERB,5,3.014555577916693
DS11,mc.mars_UNDERB,mars,UNDERB,6,3.01788838912098
DS11,mc.mars_UNDERB,mars,UNDERB,7,2.804190302201254
DS11,mc.mars_UNDERB,mars,UNDERB,8,2.6241471975166295
DS11,mc.mars_UNDERB,mars,UNDERB,9,2.7430173273690013
DS11,mc.mars_UNDERB,mars,UNDERB,10,2.803775212322804
DS11,mc.mars_UNDERB,mars,UNDERB,11,2.931778448946056
DS11,mc.mars_UNDERB,mars,UNDERB,12,2.798222090757658
DS11,mc.mars_UNDERB,mars,UNDERB,13,2.6956673350534435
DS11,mc.mars_UNDERB,mars,UNDERB,14,2.7711524055387833
DS11,mc.mars_UNDERB,mars,UNDERB,15,3.0409239892603788
DS11,mc.mars_UNDERB,mars,UNDERB,16,2.537589495565878
DS11,mc.mars_UNDERB,mars,UNDERB,17,2.7130894563489845
DS11,mc.mars_UNDERB,mars,UNDERB,18,2.5012523654096985
DS11,mc.mars_UNDERB,mars,UNDERB,19,2.5971527388465048
DS11,mc.mars_UNDERB,mars,UNDERB,20,2.5091281368991596
DS11,mc.mars_UNDERB,mars,UNDERB,21,2.6720680357839433
DS11,mc.mars_UNDERB,mars,UNDERB,22,2.462514972650268
DS11,mc.mars_UNDERB,mars,UNDERB,23,2.568400440638968
DS11,mc.mars_UNDERB,mars,UNDERB,24,2.336337228250852
DS11,mc.mars_UNDERB,mars,UNDERB,25,2.330236800233302
DS11,mc.mars_UNDERB,mars,UNDERB,26,2.410722293352111
DS11,mc.mars_UNDERB,mars,UNDERB,27,2.3243574750574947
DS11,mc.mars_UNDERB,mars,UNDERB,28,2.3787389793053544
DS11,mc.mars_UNDERB,mars,UNDERB,29,2.4549561407999447
DS11,mc.mars_UNDERB,mars,UNDERB,30,2.5476686210557244
DS11,mc.mars_UNDERB,mars,UNDERB,31,2.5352646148121756
DS11,mc.mars_UNDERB,mars,UNDERB,32,2.757410350281234
DS11,mc.mars_UNDERB,mars,UNDERB,33,2.596872836136635
DS11,mc.mars_UNDERB,mars,UNDERB,34,2.618152140344855
DS11,mc.mars_UNDERB,mars,UNDERB,35,2.7567390496621074
DS11,mc.mars_UNDERB,mars,UNDERB,36,2.8384203460715063
DS11,mc.mars_UNDERB,mars,UNDERB,37,2.8823847946305485
DS11,mc.mars_UNDERB,mars,UNDERB,38,2.6984275724192774
DS11,mc.mars_UNDERB,mars,UNDERB,39,2.8571344301882435
DS11,mc.mars_UNDERB,mars,UNDERB,40,2.715051784429278
DS11,mc.mars_UNDERB,mars,UNDERB,41,3.064733723865736
DS11,mc.mars_UNDERB,mars,UNDERB,42,2.8987460679903196
DS11,mc.mars_UNDERB,mars,UNDERB,43,2.639071683049966
DS11,mc.mars_UNDERB,mars,UNDERB,44,2.7449537441121143
DS11,mc.mars_UNDERB,mars,UNDERB,45,3.0794329290707214
DS11,mc.mars_UNDERB,mars,UNDERB,46,3.095272204186837
DS11,mc.mars_UNDERB,mars,UNDERB,47,3.0446105242510093
DS11,mc.mars_UNDERB,mars,UNDERB,48,3.0126858691197786
DS11,mc.mars_UNDERB,mars,UNDERB,49,3.0521697263470733
DS11,mc.mars_UNDERB,mars,UNDERB,50,2.920857166066136
DS11,mc.mars_UNDERTPhi,mars,UNDERTPhi,1,2.705291465531698
DS11,mc.mars_UNDERTPhi,mars,UNDERTPhi,2,2.5805306570922237
DS11,mc.mars_UNDERTPhi,mars,UNDERTPhi,3,2.5806956728860584
DS11,mc.mars_UNDERTPhi,mars,UNDERTPhi,4,2.633721348229683
DS11,mc.mars_UNDERTPhi,mars,UNDERTPhi,5,2.763547350836569
DS11,mc.mars_UNDERTPhi,mars,UNDERTPhi,6,2.745205643232007
DS11,mc.mars_UNDERTPhi,mars,UNDERTPhi,7,2.764984189992097
DS11,mc.mars_UNDERTPhi,mars,UNDERTPhi,8,2.684547451453412
DS11,mc.mars_UNDERTPhi,mars,UNDERTPhi,9,2.788675789946087
DS11,mc.mars_UNDERTPhi,mars,UNDERTPhi,10,2.7021444289853456
DS11,mc.mars_UNDERTPhi,mars,UNDERTPhi,11,2.971309825726553
DS11,mc.mars_UNDERTPhi,mars,UNDERTPhi,12,2.556208677278147
DS11,mc.mars_UNDERTPhi,mars,UNDERTPhi,13,2.881373215470312
DS11,mc.mars_UNDERTPhi,mars,UNDERTPhi,14,2.722149369131867
DS11,mc.mars_UNDERTPhi,mars,UNDERTPhi,15,2.680149850154904
DS11,mc.mars_UNDERTPhi,mars,UNDERTPhi,16,2.5242888898764018
DS11,mc.mars_UNDERTPhi,mars,UNDERTPhi,17,2.823137485921785
DS11,mc.mars_UNDERTPhi,mars,UNDERTPhi,18,2.417070075959134
DS11,mc.mars_UNDERTPhi,mars,UNDERTPhi,19,2.425197380904117
DS11,mc.mars_UNDERTPhi,mars,UNDERTPhi,20,2.736370151952046
DS11,mc.mars_UNDERTPhi,mars,UNDERTPhi,21,2.5307536595550038
DS11,mc.mars_UNDERTPhi,mars,UNDERTPhi,22,2.647040132923253
DS11,mc.mars_UNDERTPhi,mars,UNDERTPhi,23,2.4249676014252133
DS11,mc.mars_UNDERTPhi,mars,UNDERTPhi,24,2.5195342500869167
DS11,mc.mars_UNDERTPhi,mars,UNDERTPhi,25,2.5286676914350648
DS11,mc.mars_UNDERTPhi,mars,UNDERTPhi,26,2.78938282737042
DS11,mc.mars_UNDERTPhi,mars,UNDERTPhi,27,2.378451644636985
DS11,mc.mars_UNDERTPhi,mars,UNDERTPhi,28,2.530630347105463
DS11,mc.mars_UNDERTPhi,mars,UNDERTPhi,29,2.783166983542064
DS11,mc.mars_UNDERTPhi,mars,UNDERTPhi,30,2.700359588517447
DS11,mc.mars_UNDERTPhi,mars,UNDERTPhi,31,2.627131768347278
DS11,mc.mars_UNDERTPhi,mars,UNDERTPhi,32,2.807199500589451
DS11,mc.mars_UNDERTPhi,mars,UNDERTPhi,33,2.7381314181510166
DS11,mc.mars_UNDERTPhi,mars,UNDERTPhi,34,2.717297309422776
DS11,mc.mars_UNDERTPhi,mars,UNDERTPhi,35,2.853013473963127
DS11,mc.mars_UNDERTPhi,mars,UNDERTPhi,36,2.7115686297023642
DS11,mc.mars_UNDERTPhi,mars,UNDERTPhi,37,2.9049315398246627
DS11,mc.mars_UNDERTPhi,mars,UNDERTPhi,38,2.7323240444592427
DS11,mc.mars_UNDERTPhi,mars,UNDERTPhi,39,2.872977777805306
DS11,mc.mars_UNDERTPhi,mars,UNDERTPhi,40,2.6870897186100415
DS11,mc.mars_UNDERTPhi,mars,UNDERTPhi,41,3.0707647009246495
DS11,mc.mars_UNDERTPhi,mars,UNDERTPhi,42,2.6059410238432736
DS11,mc.mars_UNDERTPhi,mars,UNDERTPhi,43,2.9989740611880786
DS11,mc.mars_UNDERTPhi,mars,UNDERTPhi,44,2.7946133325082325
DS11,mc.mars_UNDERTPhi,mars,UNDERTPhi,45,3.0413192926681383
DS11,mc.mars_UNDERTPhi,mars,UNDERTPhi,46,3.3604325957428953
DS11,mc.mars_UNDERTPhi,mars,UNDERTPhi,47,2.9252631734291845
DS11,mc.mars_UNDERTPhi,mars,UNDERTPhi,48,2.645860062112041
DS11,mc.mars_UNDERTPhi,mars,UNDERTPhi,49,3.173748952176677
DS11,mc.mars_UNDERTPhi,mars,UNDERTPhi,50,3.1068302375881016
DS11,mc.mars_UNDERT,mars,UNDERT,1,2.9736760528074884
DS11,mc.mars_UNDERT,mars,UNDERT,2,2.643753920297629
DS11,mc.mars_UNDERT,mars,UNDERT,3,2.6822349603702644
DS11,mc.mars_UNDERT,mars,UNDERT,4,2.935622128563122
DS11,mc.mars_UNDERT,mars,UNDERT,5,2.8990832141397673
DS11,mc.mars_UNDERT,mars,UNDERT,6,2.6960878526025693
DS11,mc.mars_UNDERT,mars,UNDERT,7,2.930895500927227
DS11,mc.mars_UNDERT,mars,UNDERT,8,3.0140320479963534
DS11,mc.mars_UNDERT,mars,UNDERT,9,2.932245439442189
DS11,mc.mars_UNDERT,mars,UNDERT,10,2.827489507473352
DS11,mc.mars_UNDERT,mars,UNDERT,11,2.977587363999223
DS11,mc.mars_UNDERT,mars,UNDERT,12,2.8319408675387487
DS11,mc.mars_UNDERT,mars,UNDERT,13,2.9143249804802065
DS11,mc.mars_UNDERT,mars,UNDERT,14,2.965743377842194
DS11,mc.mars_UNDERT,mars,UNDERT,15,2.7833060616862104
DS11,mc.mars_UNDERT,mars,UNDERT,16,2.768603650355364
DS11,mc.mars_UNDERT,mars,UNDERT,17,2.725363471614544
DS11,mc.mars_UNDERT,mars,UNDERT,18,2.5100259339161886
DS11,mc.mars_UNDERT,mars,UNDERT,19,2.737566700359138
DS11,mc.mars_UNDERT,mars,UNDERT,20,2.690489027422969
DS11,mc.mars_UNDERT,mars,UNDERT,21,2.6569990178141616
DS11,mc.mars_UNDERT,mars,UNDERT,22,2.532721057743629
DS11,mc.mars_UNDERT,mars,UNDERT,23,2.274338975773079
DS11,mc.mars_UNDERT,mars,UNDERT,24,2.392747980039202
DS11,mc.mars_UNDERT,mars,UNDERT,25,2.349445377088327
DS11,mc.mars_UNDERT,mars,UNDERT,26,2.42622263201653
DS11,mc.mars_UNDERT,mars,UNDERT,27,2.6900459277607482
DS11,mc.mars_UNDERT,mars,UNDERT,28,2.79822316589528
DS11,mc.mars_UNDERT,mars,UNDERT,29,2.371541722970262
DS11,mc.mars_UNDERT,mars,UNDERT,30,2.606477914544939
DS11,mc.mars_UNDERT,mars,UNDERT,31,2.694052082345651
DS11,mc.mars_UNDERT,mars,UNDERT,32,2.6708971185832424
DS11,mc.mars_UNDERT,mars,UNDERT,33,2.657578627696173
DS11,mc.mars_UNDERT,mars,UNDERT,34,2.7376557425611043
DS11,mc.mars_UNDERT,mars,UNDERT,35,2.7182508360406654
DS11,mc.mars_UNDERT,mars,UNDERT,36,2.588685011203686
DS11,mc.mars_UNDERT,mars,UNDERT,37,2.7934628546026334
DS11,mc.mars_UNDERT,mars,UNDERT,38,2.630452303603595
DS11,mc.mars_UNDERT,mars,UNDERT,39,2.61108342267316
DS11,mc.mars_UNDERT,mars,UNDERT,40,2.5856256606169588
DS11,mc.mars_UNDERT,mars,UNDERT,41,2.9601858081998262
DS11,mc.mars_UNDERT,mars,UNDERT,42,2.966182080217367
DS11,mc.mars_UNDERT,mars,UNDERT,43,2.9230870821125907
DS11,mc.mars_UNDERT,mars,UNDERT,44,2.797161705574463
DS11,mc.mars_UNDERT,mars,UNDERT,45,3.128635853408434
DS11,mc.mars_UNDERT,mars,UNDERT,46,3.0685354226032673
DS11,mc.mars_UNDERT,mars,UNDERT,47,2.814649703533561
DS11,mc.mars_UNDERT,mars,UNDERT,48,2.9439826658609345
DS11,mc.mars_UNDERT,mars,UNDERT,49,2.821224226991369
DS11,mc.mars_UNDERT,mars,UNDERT,50,3.062815354557192
DS11,mc.mars,mars,baseline,1,2.347909266856749
DS11,mc.mars,mars,baseline,2,2.321356253441941
DS11,mc.mars,mars,baseline,3,2.317293992009024
DS11,mc.mars,mars,baseline,4,2.317252716609505
DS11,mc.mars,mars,baseline,5,2.343491788869143
DS11,mc.mars,mars,baseline,6,2.3214957470022233
DS11,mc.mars,mars,baseline,7,2.324310759565061
DS11,mc.mars,mars,baseline,8,2.311577457506605
DS11,mc.mars,mars,baseline,9,2.2876613974688724
DS11,mc.mars,mars,baseline,10,2.2979185378620794
DS11,mc.mars,mars,baseline,11,2.2566411120534995
DS11,mc.mars,mars,baseline,12,2.239435552445884
DS11,mc.mars,mars,baseline,13,2.2395854594774764
DS11,mc.mars,mars,baseline,14,2.248480014799719
DS11,mc.mars,mars,baseline,15,2.1996503691208056
DS11,mc.mars,mars,baseline,16,2.1808061802100216
DS11,mc.mars,mars,baseline,17,2.176048849152322
DS11,mc.mars,mars,baseline,18,2.1692850907964645
DS11,mc.mars,mars,baseline,19,2.168913658600105
DS11,mc.mars,mars,baseline,20,2.169042455497803
DS11,mc.mars,mars,baseline,21,2.1708011422114035
DS11,mc.mars,mars,baseline,22,2.1676607064380486
DS11,mc.mars,mars,baseline,23,2.0465753127743147
DS11,mc.mars,mars,baseline,24,2.050366078253099
DS11,mc.mars,mars,baseline,25,2.071841524799307
DS11,mc.mars,mars,baseline,26,2.090920229968138
DS11,mc.mars,mars,baseline,27,2.0093408379964015
DS11,mc.mars,mars,baseline,28,2.079233043692204
DS11,mc.mars,mars,baseline,29,2.084649440778428
DS11,mc.mars,mars,baseline,30,2.2145082304476125
DS11,mc.mars,mars,baseline,31,2.1950535406691456
DS11,mc.mars,mars,baseline,32,2.1608687913301536
DS11,mc.mars,mars,baseline,33,2.150071629918641
DS11,mc.mars,mars,baseline,34,2.1422391709557163
DS11,mc.mars,mars,baseline,35,2.165532652333874
DS11,mc.mars,mars,baseline,36,2.2558109427919617
DS11,mc.mars,mars,baseline,37,2.296898065216167
DS11,mc.mars,mars,baseline,38,2.30269116282152
DS11,mc.mars,mars,baseline,39,2.2975883454015995
DS11,mc.mars,mars,baseline,40,2.268008539121637
DS11,mc.mars,mars,baseline,41,2.3304673164201684
DS11,mc.mars,mars,baseline,42,2.357581491165585
DS11,mc.mars,mars,baseline,43,2.367133855224941
DS11,mc.mars,mars,baseline,44,2.392268757269813
DS11,mc.mars,mars,baseline,45,2.470936631165667
DS11,mc.mars,mars,baseline,46,2.468715153798203
DS11,mc.mars,mars,baseline,47,2.4643952092495818
DS11,mc.mars,mars,baseline,48,2.4642957981018645
DS11,mc.mars,mars,baseline,49,2.469589690864656
DS11,mc.mars,mars,baseline,50,2.49989772909903
DS11,mc.rf_OVERB,rf,OVERB,1,2.5093287045679133
DS11,mc.rf_OVERB,rf,OVERB,2,2.4516053385219854
DS11,mc.rf_OVERB,rf,OVERB,3,2.4593481640925305
DS11,mc.rf_OVERB,rf,OVERB,4,2.4619176617108893
DS11,mc.rf_OVERB,rf,OVERB,5,2.5030904646047203
DS11,mc.rf_OVERB,rf,OVERB,6,2.5206906896766346
DS11,mc.rf_OVERB,rf,OVERB,7,2.5237012682341287
DS11,mc.rf_OVERB,rf,OVERB,8,2.480246585560841
DS11,mc.rf_OVERB,rf,OVERB,9,2.4362838468468517
DS11,mc.rf_OVERB,rf,OVERB,10,2.4210165090643647
DS11,mc.rf_OVERB,rf,OVERB,11,2.4032623166727562
DS11,mc.rf_OVERB,rf,OVERB,12,2.407785047989594
DS11,mc.rf_OVERB,rf,OVERB,13,2.4104745304213
DS11,mc.rf_OVERB,rf,OVERB,14,2.4645822945129248
DS11,mc.rf_OVERB,rf,OVERB,15,2.431201244508332
DS11,mc.rf_OVERB,rf,OVERB,16,2.3420928277421367
DS11,mc.rf_OVERB,rf,OVERB,17,2.4381782434114863
DS11,mc.rf_OVERB,rf,OVERB,18,2.35949689039362
DS11,mc.rf_OVERB,rf,OVERB,19,2.371759948381905
DS11,mc.rf_OVERB,rf,OVERB,20,2.341584678279322
DS11,mc.rf_OVERB,rf,OVERB,21,2.4181191557694013
DS11,mc.rf_OVERB,rf,OVERB,22,2.3521533598155795
DS11,mc.rf_OVERB,rf,OVERB,23,2.126830659679049
DS11,mc.rf_OVERB,rf,OVERB,24,2.121828132744423
DS11,mc.rf_OVERB,rf,OVERB,25,2.166318089308871
DS11,mc.rf_OVERB,rf,OVERB,26,2.1682367780333154
DS11,mc.rf_OVERB,rf,OVERB,27,2.0999392778639137
DS11,mc.rf_OVERB,rf,OVERB,28,2.1626459170204444
DS11,mc.rf_OVERB,rf,OVERB,29,2.163228223710213
DS11,mc.rf_OVERB,rf,OVERB,30,2.3696459158641763
DS11,mc.rf_OVERB,rf,OVERB,31,2.406683943666067
DS11,mc.rf_OVERB,rf,OVERB,32,2.3229217488804723
DS11,mc.rf_OVERB,rf,OVERB,33,2.4300906591160993
DS11,mc.rf_OVERB,rf,OVERB,34,2.3404551705566194
DS11,mc.rf_OVERB,rf,OVERB,35,2.425624068295362
DS11,mc.rf_OVERB,rf,OVERB,36,2.466483535425331
DS11,mc.rf_OVERB,rf,OVERB,37,2.5075267221970097
DS11,mc.rf_OVERB,rf,OVERB,38,2.5211262743917895
DS11,mc.rf_OVERB,rf,OVERB,39,2.537178566340572
DS11,mc.rf_OVERB,rf,OVERB,40,2.508686016494521
DS11,mc.rf_OVERB,rf,OVERB,41,2.596687797234096
DS11,mc.rf_OVERB,rf,OVERB,42,2.628273138756269
DS11,mc.rf_OVERB,rf,OVERB,43,2.603444901401694
DS11,mc.rf_OVERB,rf,OVERB,44,2.6083784810514827
DS11,mc.rf_OVERB,rf,OVERB,45,2.696387710262203
DS11,mc.rf_OVERB,rf,OVERB,46,2.6837546149684623
DS11,mc.rf_OVERB,rf,OVERB,47,2.729475121920424
DS11,mc.rf_OVERB,rf,OVERB,48,2.660367878005787
DS11,mc.rf_OVERB,rf,OVERB,49,2.675811354193206
DS11,mc.rf_OVERB,rf,OVERB,50,2.739525448665197
DS11,mc.rf_OVERTPhi,rf,OVERTPhi,1,2.503143402071227
DS11,mc.rf_OVERTPhi,rf,OVERTPhi,2,2.4926261818993356
DS11,mc.rf_OVERTPhi,rf,OVERTPhi,3,2.509835930289957
DS11,mc.rf_OVERTPhi,rf,OVERTPhi,4,2.4717474821302137
DS11,mc.rf_OVERTPhi,rf,OVERTPhi,5,2.510023713373837
DS11,mc.rf_OVERTPhi,rf,OVERTPhi,6,2.5709714572992564
DS11,mc.rf_OVERTPhi,rf,OVERTPhi,7,2.5145376532677823
DS11,mc.rf_OVERTPhi,rf,OVERTPhi,8,2.4328388847149793
DS11,mc.rf_OVERTPhi,rf,OVERTPhi,9,2.451750586312845
DS11,mc.rf_OVERTPhi,rf,OVERTPhi,10,2.4739672209513297
DS11,mc.rf_OVERTPhi,rf,OVERTPhi,11,2.4073255302819576
DS11,mc.rf_OVERTPhi,rf,OVERTPhi,12,2.3912833611015127
DS11,mc.rf_OVERTPhi,rf,OVERTPhi,13,2.372757874438079
DS11,mc.rf_OVERTPhi,rf,OVERTPhi,14,2.3699013458726452
DS11,mc.rf_OVERTPhi,rf,OVERTPhi,15,2.327814607024212
DS11,mc.rf_OVERTPhi,rf,OVERTPhi,16,2.4052077408091255
DS11,mc.rf_OVERTPhi,rf,OVERTPhi,17,2.314521671943996
DS11,mc.rf_OVERTPhi,rf,OVERTPhi,18,2.392849977430164
DS11,mc.rf_OVERTPhi,rf,OVERTPhi,19,2.325211785653953
DS11,mc.rf_OVERTPhi,rf,OVERTPhi,20,2.3776693479713593
DS11,mc.rf_OVERTPhi,rf,OVERTPhi,21,2.3179864488390214
DS11,mc.rf_OVERTPhi,rf,OVERTPhi,22,2.390133498331444
DS11,mc.rf_OVERTPhi,rf,OVERTPhi,23,2.0973887930688666
DS11,mc.rf_OVERTPhi,rf,OVERTPhi,24,2.0956946553004743
DS11,mc.rf_OVERTPhi,rf,OVERTPhi,25,2.1390102185081643
DS11,mc.rf_OVERTPhi,rf,OVERTPhi,26,2.1852971275329742
DS11,mc.rf_OVERTPhi,rf,OVERTPhi,27,2.1722461294210516
DS11,mc.rf_OVERTPhi,rf,OVERTPhi,28,2.143312186733905
DS11,mc.rf_OVERTPhi,rf,OVERTPhi,29,2.1407177915190405
DS11,mc.rf_OVERTPhi,rf,OVERTPhi,30,2.4140142513634655
DS11,mc.rf_OVERTPhi,rf,OVERTPhi,31,2.45873949039589
DS11,mc.rf_OVERTPhi,rf,OVERTPhi,32,2.383141226277518
DS11,mc.rf_OVERTPhi,rf,OVERTPhi,33,2.346312051758593
DS11,mc.rf_OVERTPhi,rf,OVERTPhi,34,2.345875979657706
DS11,mc.rf_OVERTPhi,rf,OVERTPhi,35,2.345460912828448
DS11,mc.rf_OVERTPhi,rf,OVERTPhi,36,2.440685394493478
DS11,mc.rf_OVERTPhi,rf,OVERTPhi,37,2.4892263806800083
DS11,mc.rf_OVERTPhi,rf,OVERTPhi,38,2.492331458464534
DS11,mc.rf_OVERTPhi,rf,OVERTPhi,39,2.5076446419321408
DS11,mc.rf_OVERTPhi,rf,OVERTPhi,40,2.47311986225451
DS11,mc.rf_OVERTPhi,rf,OVERTPhi,41,2.5108011818806455
DS11,mc.rf_OVERTPhi,rf,OVERTPhi,42,2.5965586103543985
DS11,mc.rf_OVERTPhi,rf,OVERTPhi,43,2.6335019736578
DS11,mc.rf_OVERTPhi,rf,OVERTPhi,44,2.6031377087394496
DS11,mc.rf_OVERTPhi,rf,OVERTPhi,45,2.702708217761598
DS11,mc.rf_OVERTPhi,rf,OVERTPhi,46,2.697000284096416
DS11,mc.rf_OVERTPhi,rf,OVERTPhi,47,2.677018188451018
DS11,mc.rf_OVERTPhi,rf,OVERTPhi,48,2.675217262033211
DS11,mc.rf_OVERTPhi,rf,OVERTPhi,49,2.6948142893767204
DS11,mc.rf_OVERTPhi,rf,OVERTPhi,50,2.7361513033203555
DS11,mc.rf_OVERT,rf,OVERT,1,2.503143402071227
DS11,mc.rf_OVERT,rf,OVERT,2,2.4926261818993356
DS11,mc.rf_OVERT,rf,OVERT,3,2.509835930289957
DS11,mc.rf_OVERT,rf,OVERT,4,2.4717474821302137
DS11,mc.rf_OVERT,rf,OVERT,5,2.510023713373837
DS11,mc.rf_OVERT,rf,OVERT,6,2.5709714572992564
DS11,mc.rf_OVERT,rf,OVERT,7,2.5145376532677823
DS11,mc.rf_OVERT,rf,OVERT,8,2.4328388847149793
DS11,mc.rf_OVERT,rf,OVERT,9,2.451750586312845
DS11,mc.rf_OVERT,rf,OVERT,10,2.4739672209513297
DS11,mc.rf_OVERT,rf,OVERT,11,2.4073255302819576
DS11,mc.rf_OVERT,rf,OVERT,12,2.3912833611015127
DS11,mc.rf_OVERT,rf,OVERT,13,2.372757874438079
DS11,mc.rf_OVERT,rf,OVERT,14,2.3699013458726452
DS11,mc.rf_OVERT,rf,OVERT,15,2.327814607024212
DS11,mc.rf_OVERT,rf,OVERT,16,2.4052077408091255
DS11,mc.rf_OVERT,rf,OVERT,17,2.314521671943996
DS11,mc.rf_OVERT,rf,OVERT,18,2.392849977430164
DS11,mc.rf_OVERT,rf,OVERT,19,2.325211785653953
DS11,mc.rf_OVERT,rf,OVERT,20,2.3776693479713593
DS11,mc.rf_OVERT,rf,OVERT,21,2.3179864488390214
DS11,mc.rf_OVERT,rf,OVERT,22,2.390133498331444
DS11,mc.rf_OVERT,rf,OVERT,23,2.0973887930688666
DS11,mc.rf_OVERT,rf,OVERT,24,2.0956946553004743
DS11,mc.rf_OVERT,rf,OVERT,25,2.1390102185081643
DS11,mc.rf_OVERT,rf,OVERT,26,2.1852971275329742
DS11,mc.rf_OVERT,rf,OVERT,27,2.1722461294210516
DS11,mc.rf_OVERT,rf,OVERT,28,2.143312186733905
DS11,mc.rf_OVERT,rf,OVERT,29,2.1407177915190405
DS11,mc.rf_OVERT,rf,OVERT,30,2.4140142513634655
DS11,mc.rf_OVERT,rf,OVERT,31,2.45873949039589
DS11,mc.rf_OVERT,rf,OVERT,32,2.383141226277518
DS11,mc.rf_OVERT,rf,OVERT,33,2.346312051758593
DS11,mc.rf_OVERT,rf,OVERT,34,2.345875979657706
DS11,mc.rf_OVERT,rf,OVERT,35,2.345460912828448
DS11,mc.rf_OVERT,rf,OVERT,36,2.440685394493478
DS11,mc.rf_OVERT,rf,OVERT,37,2.4892263806800083
DS11,mc.rf_OVERT,rf,OVERT,38,2.492331458464534
DS11,mc.rf_OVERT,rf,OVERT,39,2.5076446419321408
DS11,mc.rf_OVERT,rf,OVERT,40,2.47311986225451
DS11,mc.rf_OVERT,rf,OVERT,41,2.5108011818806455
DS11,mc.rf_OVERT,rf,OVERT,42,2.5965586103543985
DS11,mc.rf_OVERT,rf,OVERT,43,2.6335019736578
DS11,mc.rf_OVERT,rf,OVERT,44,2.6031377087394496
DS11,mc.rf_OVERT,rf,OVERT,45,2.702708217761598
DS11,mc.rf_OVERT,rf,OVERT,46,2.697000284096416
DS11,mc.rf_OVERT,rf,OVERT,47,2.677018188451018
DS11,mc.rf_OVERT,rf,OVERT,48,2.675217262033211
DS11,mc.rf_OVERT,rf,OVERT,49,2.6948142893767204
DS11,mc.rf_OVERT,rf,OVERT,50,2.7361513033203555
DS11,mc.rf_SMOTEB,rf,SMOTEB,1,2.6205315196310437
DS11,mc.rf_SMOTEB,rf,SMOTEB,2,2.569947595210595
DS11,mc.rf_SMOTEB,rf,SMOTEB,3,2.5896525441002973
DS11,mc.rf_SMOTEB,rf,SMOTEB,4,2.6016433991076595
DS11,mc.rf_SMOTEB,rf,SMOTEB,5,2.7154377452036433
DS11,mc.rf_SMOTEB,rf,SMOTEB,6,2.6915142466553523
DS11,mc.rf_SMOTEB,rf,SMOTEB,7,2.6817413703326545
DS11,mc.rf_SMOTEB,rf,SMOTEB,8,2.7028704369486496
DS11,mc.rf_SMOTEB,rf,SMOTEB,9,2.696240024929805
DS11,mc.rf_SMOTEB,rf,SMOTEB,10,2.6377978507333046
DS11,mc.rf_SMOTEB,rf,SMOTEB,11,2.632205560720109
DS11,mc.rf_SMOTEB,rf,SMOTEB,12,2.7173971686643377
DS11,mc.rf_SMOTEB,rf,SMOTEB,13,2.665315587479439
DS11,mc.rf_SMOTEB,rf,SMOTEB,14,2.6526033358951824
DS11,mc.rf_SMOTEB,rf,SMOTEB,15,2.598988671723085
DS11,mc.rf_SMOTEB,rf,SMOTEB,16,2.6210756380343354
DS11,mc.rf_SMOTEB,rf,SMOTEB,17,2.573620640684587
DS11,mc.rf_SMOTEB,rf,SMOTEB,18,2.7026440448470717
DS11,mc.rf_SMOTEB,rf,SMOTEB,19,2.606480362595734
DS11,mc.rf_SMOTEB,rf,SMOTEB,20,2.549939393287399
DS11,mc.rf_SMOTEB,rf,SMOTEB,21,2.5037152205537954
DS11,mc.rf_SMOTEB,rf,SMOTEB,22,2.575008777541646
DS11,mc.rf_SMOTEB,rf,SMOTEB,23,2.426447982635574
DS11,mc.rf_SMOTEB,rf,SMOTEB,24,2.380673941407486
DS11,mc.rf_SMOTEB,rf,SMOTEB,25,2.424387311978299
DS11,mc.rf_SMOTEB,rf,SMOTEB,26,2.398725605902651
DS11,mc.rf_SMOTEB,rf,SMOTEB,27,2.431315253389582
DS11,mc.rf_SMOTEB,rf,SMOTEB,28,2.4591503123739638
DS11,mc.rf_SMOTEB,rf,SMOTEB,29,2.4372363704191273
DS11,mc.rf_SMOTEB,rf,SMOTEB,30,2.533897505918958
DS11,mc.rf_SMOTEB,rf,SMOTEB,31,2.6669763260461234
DS11,mc.rf_SMOTEB,rf,SMOTEB,32,2.6311031383054932
DS11,mc.rf_SMOTEB,rf,SMOTEB,33,2.5801103558052683
DS11,mc.rf_SMOTEB,rf,SMOTEB,34,2.727677786609957
DS11,mc.rf_SMOTEB,rf,SMOTEB,35,2.7423375249031547
DS11,mc.rf_SMOTEB,rf,SMOTEB,36,2.831457389457467
DS11,mc.rf_SMOTEB,rf,SMOTEB,37,2.814862133123517
DS11,mc.rf_SMOTEB,rf,SMOTEB,38,2.8011946965447723
DS11,mc.rf_SMOTEB,rf,SMOTEB,39,2.8745672882168956
DS11,mc.rf_SMOTEB,rf,SMOTEB,40,2.893875232682652
DS11,mc.rf_SMOTEB,rf,SMOTEB,41,2.8230189235228904
DS11,mc.rf_SMOTEB,rf,SMOTEB,42,3.034288431603011
DS11,mc.rf_SMOTEB,rf,SMOTEB,43,2.8176011221776154
DS11,mc.rf_SMOTEB,rf,SMOTEB,44,2.938177767939268
DS11,mc.rf_SMOTEB,rf,SMOTEB,45,2.9837429073404467
DS11,mc.rf_SMOTEB,rf,SMOTEB,46,3.019961757470662
DS11,mc.rf_SMOTEB,rf,SMOTEB,47,3.01238320955784
DS11,mc.rf_SMOTEB,rf,SMOTEB,48,2.999101756871889
DS11,mc.rf_SMOTEB,rf,SMOTEB,49,2.8920174055830214
DS11,mc.rf_SMOTEB,rf,SMOTEB,50,2.904776424699537
DS11,mc.rf_SMOTETPhi,rf,SMOTETPhi,1,2.7778168108121024
DS11,mc.rf_SMOTETPhi,rf,SMOTETPhi,2,2.703493567194646
DS11,mc.rf_SMOTETPhi,rf,SMOTETPhi,3,2.8112260643243796
DS11,mc.rf_SMOTETPhi,rf,SMOTETPhi,4,2.7231026568999352
DS11,mc.rf_SMOTETPhi,rf,SMOTETPhi,5,2.753649464581433
DS11,mc.rf_SMOTETPhi,rf,SMOTETPhi,6,2.8894600277867926
DS11,mc.rf_SMOTETPhi,rf,SMOTETPhi,7,2.784825625141975
DS11,mc.rf_SMOTETPhi,rf,SMOTETPhi,8,2.6592804813638504
DS11,mc.rf_SMOTETPhi,rf,SMOTETPhi,9,2.7132713868638954
DS11,mc.rf_SMOTETPhi,rf,SMOTETPhi,10,2.737053464438952
DS11,mc.rf_SMOTETPhi,rf,SMOTETPhi,11,2.8088919588334003
DS11,mc.rf_SMOTETPhi,rf,SMOTETPhi,12,2.7864958167045746
DS11,mc.rf_SMOTETPhi,rf,SMOTETPhi,13,2.812127937884668
DS11,mc.rf_SMOTETPhi,rf,SMOTETPhi,14,2.8439635774302623
DS11,mc.rf_SMOTETPhi,rf,SMOTETPhi,15,2.793880877704462
DS11,mc.rf_SMOTETPhi,rf,SMOTETPhi,16,2.740517008572014
DS11,mc.rf_SMOTETPhi,rf,SMOTETPhi,17,2.810809156858823
DS11,mc.rf_SMOTETPhi,rf,SMOTETPhi,18,2.709655464403361
DS11,mc.rf_SMOTETPhi,rf,SMOTETPhi,19,2.6930799201869435
DS11,mc.rf_SMOTETPhi,rf,SMOTETPhi,20,2.831769536501843
DS11,mc.rf_SMOTETPhi,rf,SMOTETPhi,21,2.6367251321748544
DS11,mc.rf_SMOTETPhi,rf,SMOTETPhi,22,2.8372401276693524
DS11,mc.rf_SMOTETPhi,rf,SMOTETPhi,23,2.4839009645466343
DS11,mc.rf_SMOTETPhi,rf,SMOTETPhi,24,2.4313761000607967
DS11,mc.rf_SMOTETPhi,rf,SMOTETPhi,25,2.472432217769286
DS11,mc.rf_SMOTETPhi,rf,SMOTETPhi,26,2.5095119747565198
DS11,mc.rf_SMOTETPhi,rf,SMOTETPhi,27,2.4862249850772735
DS11,mc.rf_SMOTETPhi,rf,SMOTETPhi,28,2.528153411736554
DS11,mc.rf_SMOTETPhi,rf,SMOTETPhi,29,2.5254680622648578
DS11,mc.rf_SMOTETPhi,rf,SMOTETPhi,30,2.6340787734638327
DS11,mc.rf_SMOTETPhi,rf,SMOTETPhi,31,2.9270799613529936
DS11,mc.rf_SMOTETPhi,rf,SMOTETPhi,32,2.9768774674099725
DS11,mc.rf_SMOTETPhi,rf,SMOTETPhi,33,2.9173029111592417
DS11,mc.rf_SMOTETPhi,rf,SMOTETPhi,34,2.9290321436887408
DS11,mc.rf_SMOTETPhi,rf,SMOTETPhi,35,3.0801490902497157
DS11,mc.rf_SMOTETPhi,rf,SMOTETPhi,36,3.0741781015128105
DS11,mc.rf_SMOTETPhi,rf,SMOTETPhi,37,3.1310918953857256
DS11,mc.rf_SMOTETPhi,rf,SMOTETPhi,38,3.0467842129227503
DS11,mc.rf_SMOTETPhi,rf,SMOTETPhi,39,3.071783331591425
DS11,mc.rf_SMOTETPhi,rf,SMOTETPhi,40,3.1178269680120096
DS11,mc.rf_SMOTETPhi,rf,SMOTETPhi,41,3.023870818464076
DS11,mc.rf_SMOTETPhi,rf,SMOTETPhi,42,2.913938733903166
DS11,mc.rf_SMOTETPhi,rf,SMOTETPhi,43,2.9724449047852017
DS11,mc.rf_SMOTETPhi,rf,SMOTETPhi,44,2.8890124875188867
DS11,mc.rf_SMOTETPhi,rf,SMOTETPhi,45,3.1584513389935998
DS11,mc.rf_SMOTETPhi,rf,SMOTETPhi,46,3.09749798782715
DS11,mc.rf_SMOTETPhi,rf,SMOTETPhi,47,3.2728897653900506
DS11,mc.rf_SMOTETPhi,rf,SMOTETPhi,48,3.083181234275973
DS11,mc.rf_SMOTETPhi,rf,SMOTETPhi,49,3.033109403144652
DS11,mc.rf_SMOTETPhi,rf,SMOTETPhi,50,2.994661924341544
DS11,mc.rf_SMOTET,rf,SMOTET,1,2.693472158917945
DS11,mc.rf_SMOTET,rf,SMOTET,2,2.658626374609675
DS11,mc.rf_SMOTET,rf,SMOTET,3,2.661278507750543
DS11,mc.rf_SMOTET,rf,SMOTET,4,2.5582339708105524
DS11,mc.rf_SMOTET,rf,SMOTET,5,2.7201352591106516
DS11,mc.rf_SMOTET,rf,SMOTET,6,2.6761956882610174
DS11,mc.rf_SMOTET,rf,SMOTET,7,2.6767345865210017
DS11,mc.rf_SMOTET,rf,SMOTET,8,2.6343712331429985
DS11,mc.rf_SMOTET,rf,SMOTET,9,2.647492539232902
DS11,mc.rf_SMOTET,rf,SMOTET,10,2.714258561924443
DS11,mc.rf_SMOTET,rf,SMOTET,11,2.700285317602075
DS11,mc.rf_SMOTET,rf,SMOTET,12,2.609007542020565
DS11,mc.rf_SMOTET,rf,SMOTET,13,2.6646906746589427
DS11,mc.rf_SMOTET,rf,SMOTET,14,2.709355936717529
DS11,mc.rf_SMOTET,rf,SMOTET,15,2.730241173279333
DS11,mc.rf_SMOTET,rf,SMOTET,16,2.665909238897943
DS11,mc.rf_SMOTET,rf,SMOTET,17,2.7254483454829765
DS11,mc.rf_SMOTET,rf,SMOTET,18,2.5941618153346706
DS11,mc.rf_SMOTET,rf,SMOTET,19,2.7109816806775133
DS11,mc.rf_SMOTET,rf,SMOTET,20,2.732422646573706
DS11,mc.rf_SMOTET,rf,SMOTET,21,2.57291198823809
DS11,mc.rf_SMOTET,rf,SMOTET,22,2.696272250763708
DS11,mc.rf_SMOTET,rf,SMOTET,23,2.358936193508839
DS11,mc.rf_SMOTET,rf,SMOTET,24,2.323182166541078
DS11,mc.rf_SMOTET,rf,SMOTET,25,2.3788209191559657
DS11,mc.rf_SMOTET,rf,SMOTET,26,2.3827822789916584
DS11,mc.rf_SMOTET,rf,SMOTET,27,2.4066358569875037
DS11,mc.rf_SMOTET,rf,SMOTET,28,2.391343920534321
DS11,mc.rf_SMOTET,rf,SMOTET,29,2.334436927311943
DS11,mc.rf_SMOTET,rf,SMOTET,30,2.51591271795027
DS11,mc.rf_SMOTET,rf,SMOTET,31,2.653970242019593
DS11,mc.rf_SMOTET,rf,SMOTET,32,2.810279918496168
DS11,mc.rf_SMOTET,rf,SMOTET,33,2.744546074037348
DS11,mc.rf_SMOTET,rf,SMOTET,34,2.863915587165926
DS11,mc.rf_SMOTET,rf,SMOTET,35,2.7771484118891134
DS11,mc.rf_SMOTET,rf,SMOTET,36,2.939834044693909
DS11,mc.rf_SMOTET,rf,SMOTET,37,2.8742248248195077
DS11,mc.rf_SMOTET,rf,SMOTET,38,2.7627633907808913
DS11,mc.rf_SMOTET,rf,SMOTET,39,2.8839511168714456
DS11,mc.rf_SMOTET,rf,SMOTET,40,2.9025042107069305
DS11,mc.rf_SMOTET,rf,SMOTET,41,2.8367701291765695
DS11,mc.rf_SMOTET,rf,SMOTET,42,2.854715135435574
DS11,mc.rf_SMOTET,rf,SMOTET,43,2.8318017869730223
DS11,mc.rf_SMOTET,rf,SMOTET,44,2.8583591209239434
DS11,mc.rf_SMOTET,rf,SMOTET,45,3.1025337652534146
DS11,mc.rf_SMOTET,rf,SMOTET,46,3.0665277270771796
DS11,mc.rf_SMOTET,rf,SMOTET,47,3.102051480846742
DS11,mc.rf_SMOTET,rf,SMOTET,48,3.033988180425644
DS11,mc.rf_SMOTET,rf,SMOTET,49,2.899208912470391
DS11,mc.rf_SMOTET,rf,SMOTET,50,2.9917809137082756
DS11,mc.rf_UNDERB,rf,UNDERB,1,2.4941445546898713
DS11,mc.rf_UNDERB,rf,UNDERB,2,2.530798881999433
DS11,mc.rf_UNDERB,rf,UNDERB,3,2.5029148425225474
DS11,mc.rf_UNDERB,rf,UNDERB,4,2.5369583567276766
DS11,mc.rf_UNDERB,rf,UNDERB,5,2.6219931794209788
DS11,mc.rf_UNDERB,rf,UNDERB,6,2.5711886012476013
DS11,mc.rf_UNDERB,rf,UNDERB,7,2.578005740336583
DS11,mc.rf_UNDERB,rf,UNDERB,8,2.5475935118582105
DS11,mc.rf_UNDERB,rf,UNDERB,9,2.50584611904687
DS11,mc.rf_UNDERB,rf,UNDERB,10,2.5347525434018077
DS11,mc.rf_UNDERB,rf,UNDERB,11,2.5444634141515334
DS11,mc.rf_UNDERB,rf,UNDERB,12,2.551237589839326
DS11,mc.rf_UNDERB,rf,UNDERB,13,2.5949452978048626
DS11,mc.rf_UNDERB,rf,UNDERB,14,2.448037058124982
DS11,mc.rf_UNDERB,rf,UNDERB,15,2.4280907652654786
DS11,mc.rf_UNDERB,rf,UNDERB,16,2.5102753526352473
DS11,mc.rf_UNDERB,rf,UNDERB,17,2.4958611695129003
DS11,mc.rf_UNDERB,rf,UNDERB,18,2.461860433967421
DS11,mc.rf_UNDERB,rf,UNDERB,19,2.4509357163371526
DS11,mc.rf_UNDERB,rf,UNDERB,20,2.4118542980316673
DS11,mc.rf_UNDERB,rf,UNDERB,21,2.491656604830572
DS11,mc.rf_UNDERB,rf,UNDERB,22,2.495451587666365
DS11,mc.rf_UNDERB,rf,UNDERB,23,2.2800324020224108
DS11,mc.rf_UNDERB,rf,UNDERB,24,2.1973310417516165
DS11,mc.rf_UNDERB,rf,UNDERB,25,2.2868800310134496
DS11,mc.rf_UNDERB,rf,UNDERB,26,2.278063314380767
DS11,mc.rf_UNDERB,rf,UNDERB,27,2.269065875189507
DS11,mc.rf_UNDERB,rf,UNDERB,28,2.246271121138638
DS11,mc.rf_UNDERB,rf,UNDERB,29,2.3639801724194918
DS11,mc.rf_UNDERB,rf,UNDERB,30,2.559538602242231
DS11,mc.rf_UNDERB,rf,UNDERB,31,2.4860475852643753
DS11,mc.rf_UNDERB,rf,UNDERB,32,2.481138729041272
DS11,mc.rf_UNDERB,rf,UNDERB,33,2.45974992105446
DS11,mc.rf_UNDERB,rf,UNDERB,34,2.458085428274033
DS11,mc.rf_UNDERB,rf,UNDERB,35,2.6460792573516234
DS11,mc.rf_UNDERB,rf,UNDERB,36,2.6352478751882544
DS11,mc.rf_UNDERB,rf,UNDERB,37,2.5723378058566126
DS11,mc.rf_UNDERB,rf,UNDERB,38,2.6748109814424383
DS11,mc.rf_UNDERB,rf,UNDERB,39,2.7744184792570112
DS11,mc.rf_UNDERB,rf,UNDERB,40,2.685594691077378
DS11,mc.rf_UNDERB,rf,UNDERB,41,2.7825673452904294
DS11,mc.rf_UNDERB,rf,UNDERB,42,2.8951932862838463
DS11,mc.rf_UNDERB,rf,UNDERB,43,2.7750807366697274
DS11,mc.rf_UNDERB,rf,UNDERB,44,2.756264897891144
DS11,mc.rf_UNDERB,rf,UNDERB,45,2.87712075223413
DS11,mc.rf_UNDERB,rf,UNDERB,46,2.929017456570135
DS11,mc.rf_UNDERB,rf,UNDERB,47,2.8996494731067535
DS11,mc.rf_UNDERB,rf,UNDERB,48,2.936667333402955
DS11,mc.rf_UNDERB,rf,UNDERB,49,2.9064055096697996
DS11,mc.rf_UNDERB,rf,UNDERB,50,2.8836575541691554
DS11,mc.rf_UNDERTPhi,rf,UNDERTPhi,1,2.5680303016095056
DS11,mc.rf_UNDERTPhi,rf,UNDERTPhi,2,2.558889539876912
DS11,mc.rf_UNDERTPhi,rf,UNDERTPhi,3,2.530113629623339
DS11,mc.rf_UNDERTPhi,rf,UNDERTPhi,4,2.535173659700339
DS11,mc.rf_UNDERTPhi,rf,UNDERTPhi,5,2.669166541685726
DS11,mc.rf_UNDERTPhi,rf,UNDERTPhi,6,2.6344536668932097
DS11,mc.rf_UNDERTPhi,rf,UNDERTPhi,7,2.669704919530498
DS11,mc.rf_UNDERTPhi,rf,UNDERTPhi,8,2.5234000359442637
DS11,mc.rf_UNDERTPhi,rf,UNDERTPhi,9,2.59353241319653
DS11,mc.rf_UNDERTPhi,rf,UNDERTPhi,10,2.5921361102756806
DS11,mc.rf_UNDERTPhi,rf,UNDERTPhi,11,2.593783349167029
DS11,mc.rf_UNDERTPhi,rf,UNDERTPhi,12,2.564104766805645
DS11,mc.rf_UNDERTPhi,rf,UNDERTPhi,13,2.555556686030569
DS11,mc.rf_UNDERTPhi,rf,UNDERTPhi,14,2.5579850401664985
DS11,mc.rf_UNDERTPhi,rf,UNDERTPhi,15,2.4621264139506147
DS11,mc.rf_UNDERTPhi,rf,UNDERTPhi,16,2.6059670780825033
DS11,mc.rf_UNDERTPhi,rf,UNDERTPhi,17,2.5055793587286437
DS11,mc.rf_UNDERTPhi,rf,UNDERTPhi,18,2.530498872648479
DS11,mc.rf_UNDERTPhi,rf,UNDERTPhi,19,2.5743776304631365
DS11,mc.rf_UNDERTPhi,rf,UNDERTPhi,20,2.583812364320123
DS11,mc.rf_UNDERTPhi,rf,UNDERTPhi,21,2.526559330825661
DS11,mc.rf_UNDERTPhi,rf,UNDERTPhi,22,2.5135345251534136
DS11,mc.rf_UNDERTPhi,rf,UNDERTPhi,23,2.303183371381192
DS11,mc.rf_UNDERTPhi,rf,UNDERTPhi,24,2.336164043107768
DS11,mc.rf_UNDERTPhi,rf,UNDERTPhi,25,2.431653232280905
DS11,mc.rf_UNDERTPhi,rf,UNDERTPhi,26,2.478830412640646
DS11,mc.rf_UNDERTPhi,rf,UNDERTPhi,27,2.224592168031917
DS11,mc.rf_UNDERTPhi,rf,UNDERTPhi,28,2.401408895408818
DS11,mc.rf_UNDERTPhi,rf,UNDERTPhi,29,2.4172833774216467
DS11,mc.rf_UNDERTPhi,rf,UNDERTPhi,30,2.551736756247712
DS11,mc.rf_UNDERTPhi,rf,UNDERTPhi,31,2.4945938997436734
DS11,mc.rf_UNDERTPhi,rf,UNDERTPhi,32,2.50333678925552
DS11,mc.rf_UNDERTPhi,rf,UNDERTPhi,33,2.678132508174096
DS11,mc.rf_UNDERTPhi,rf,UNDERTPhi,34,2.6740186879695407
DS11,mc.rf_UNDERTPhi,rf,UNDERTPhi,35,2.680175927915903
DS11,mc.rf_UNDERTPhi,rf,UNDERTPhi,36,2.7768123647669833
DS11,mc.rf_UNDERTPhi,rf,UNDERTPhi,37,2.77941230454811
DS11,mc.rf_UNDERTPhi,rf,UNDERTPhi,38,2.8384959150610745
DS11,mc.rf_UNDERTPhi,rf,UNDERTPhi,39,2.680294625031818
DS11,mc.rf_UNDERTPhi,rf,UNDERTPhi,40,2.713504157116669
DS11,mc.rf_UNDERTPhi,rf,UNDERTPhi,41,2.8638140703205504
DS11,mc.rf_UNDERTPhi,rf,UNDERTPhi,42,2.7512681120980527
DS11,mc.rf_UNDERTPhi,rf,UNDERTPhi,43,3.040364622653959
DS11,mc.rf_UNDERTPhi,rf,UNDERTPhi,44,2.8450606797271725
DS11,mc.rf_UNDERTPhi,rf,UNDERTPhi,45,2.969694076983526
DS11,mc.rf_UNDERTPhi,rf,UNDERTPhi,46,3.068492799134622
DS11,mc.rf_UNDERTPhi,rf,UNDERTPhi,47,2.9173077652339825
DS11,mc.rf_UNDERTPhi,rf,UNDERTPhi,48,2.987929215304893
DS11,mc.rf_UNDERTPhi,rf,UNDERTPhi,49,2.876590524835719
DS11,mc.rf_UNDERTPhi,rf,UNDERTPhi,50,2.970602520908315
DS11,mc.rf_UNDERT,rf,UNDERT,1,2.4927345102954903
DS11,mc.rf_UNDERT,rf,UNDERT,2,2.484263166757543
DS11,mc.rf_UNDERT,rf,UNDERT,3,2.491467838274591
DS11,mc.rf_UNDERT,rf,UNDERT,4,2.5185075525405427
DS11,mc.rf_UNDERT,rf,UNDERT,5,2.549157996781414
DS11,mc.rf_UNDERT,rf,UNDERT,6,2.5283960105499643
DS11,mc.rf_UNDERT,rf,UNDERT,7,2.6198409237870766
DS11,mc.rf_UNDERT,rf,UNDERT,8,2.557404860366782
DS11,mc.rf_UNDERT,rf,UNDERT,9,2.514841996045757
DS11,mc.rf_UNDERT,rf,UNDERT,10,2.538355644099962
DS11,mc.rf_UNDERT,rf,UNDERT,11,2.6014846931738993
DS11,mc.rf_UNDERT,rf,UNDERT,12,2.5809489177042435
DS11,mc.rf_UNDERT,rf,UNDERT,13,2.4849572975963174
DS11,mc.rf_UNDERT,rf,UNDERT,14,2.559591551454452
DS11,mc.rf_UNDERT,rf,UNDERT,15,2.5431145268028783
DS11,mc.rf_UNDERT,rf,UNDERT,16,2.506909984660625
DS11,mc.rf_UNDERT,rf,UNDERT,17,2.4243913121418834
DS11,mc.rf_UNDERT,rf,UNDERT,18,2.5524130017420745
DS11,mc.rf_UNDERT,rf,UNDERT,19,2.449345516417917
DS11,mc.rf_UNDERT,rf,UNDERT,20,2.4631058212506782
DS11,mc.rf_UNDERT,rf,UNDERT,21,2.471470147163943
DS11,mc.rf_UNDERT,rf,UNDERT,22,2.374912348040911
DS11,mc.rf_UNDERT,rf,UNDERT,23,2.2685974005943366
DS11,mc.rf_UNDERT,rf,UNDERT,24,2.3633094455279524
DS11,mc.rf_UNDERT,rf,UNDERT,25,2.2512963543034976
DS11,mc.rf_UNDERT,rf,UNDERT,26,2.286932652615949
DS11,mc.rf_UNDERT,rf,UNDERT,27,2.3052590738032763
DS11,mc.rf_UNDERT,rf,UNDERT,28,2.318222053058851
DS11,mc.rf_UNDERT,rf,UNDERT,29,2.3344705418370206
DS11,mc.rf_UNDERT,rf,UNDERT,30,2.545091215637598
DS11,mc.rf_UNDERT,rf,UNDERT,31,2.452026450888888
DS11,mc.rf_UNDERT,rf,UNDERT,32,2.5754879916522264
DS11,mc.rf_UNDERT,rf,UNDERT,33,2.58008115188235
DS11,mc.rf_UNDERT,rf,UNDERT,34,2.601753144826961
DS11,mc.rf_UNDERT,rf,UNDERT,35,2.579451468645647
DS11,mc.rf_UNDERT,rf,UNDERT,36,2.5837950192579155
DS11,mc.rf_UNDERT,rf,UNDERT,37,2.6582635048803733
DS11,mc.rf_UNDERT,rf,UNDERT,38,2.669234880489868
DS11,mc.rf_UNDERT,rf,UNDERT,39,2.743806504395705
DS11,mc.rf_UNDERT,rf,UNDERT,40,2.7409123111863374
DS11,mc.rf_UNDERT,rf,UNDERT,41,2.749071762710882
DS11,mc.rf_UNDERT,rf,UNDERT,42,2.8669539371211807
DS11,mc.rf_UNDERT,rf,UNDERT,43,2.8409820285054894
DS11,mc.rf_UNDERT,rf,UNDERT,44,2.776513271639556
DS11,mc.rf_UNDERT,rf,UNDERT,45,2.889986430869961
DS11,mc.rf_UNDERT,rf,UNDERT,46,2.9771242911489626
DS11,mc.rf_UNDERT,rf,UNDERT,47,2.9274545894457744
DS11,mc.rf_UNDERT,rf,UNDERT,48,2.9397313681871893
DS11,mc.rf_UNDERT,rf,UNDERT,49,2.896773573095195
DS11,mc.rf_UNDERT,rf,UNDERT,50,2.858766238182833
DS11,mc.rf,rf,baseline,1,2.4490998614279773
DS11,mc.rf,rf,baseline,2,2.4297494506099397
DS11,mc.rf,rf,baseline,3,2.444638437432464
DS11,mc.rf,rf,baseline,4,2.436945559357784
DS11,mc.rf,rf,baseline,5,2.4392637057790982
DS11,mc.rf,rf,baseline,6,2.4283782464794816
DS11,mc.rf,rf,baseline,7,2.425203461334023
DS11,mc.rf,rf,baseline,8,2.4097452152031593
DS11,mc.rf,rf,baseline,9,2.3803409907103683
DS11,mc.rf,rf,baseline,10,2.3705613808450425
DS11,mc.rf,rf,baseline,11,2.3528817465301604
DS11,mc.rf,rf,baseline,12,2.3251151212668453
DS11,mc.rf,rf,baseline,13,2.310387350759811
DS11,mc.rf,rf,baseline,14,2.2903276816976716
DS11,mc.rf,rf,baseline,15,2.284269878944986
DS11,mc.rf,rf,baseline,16,2.28169352573278
DS11,mc.rf,rf,baseline,17,2.2539617845498494
DS11,mc.rf,rf,baseline,18,2.2404700780080433
DS11,mc.rf,rf,baseline,19,2.250877216662564
DS11,mc.rf,rf,baseline,20,2.263345304926339
DS11,mc.rf,rf,baseline,21,2.2466236242304687
DS11,mc.rf,rf,baseline,22,2.2470079929295577
DS11,mc.rf,rf,baseline,23,2.058323844653453
DS11,mc.rf,rf,baseline,24,2.062439768802535
DS11,mc.rf,rf,baseline,25,2.1194599168191757
DS11,mc.rf,rf,baseline,26,2.135167024984036
DS11,mc.rf,rf,baseline,27,2.0735829775064447
DS11,mc.rf,rf,baseline,28,2.0820893832457243
DS11,mc.rf,rf,baseline,29,2.0899358131434993
DS11,mc.rf,rf,baseline,30,2.3180343780072064
DS11,mc.rf,rf,baseline,31,2.28720331709323
DS11,mc.rf,rf,baseline,32,2.257082171106307
DS11,mc.rf,rf,baseline,33,2.2354337834612936
DS11,mc.rf,rf,baseline,34,2.223747870521023
DS11,mc.rf,rf,baseline,35,2.2490727250089524
DS11,mc.rf,rf,baseline,36,2.333524385772203
DS11,mc.rf,rf,baseline,37,2.3798201999772637
DS11,mc.rf,rf,baseline,38,2.394318219104087
DS11,mc.rf,rf,baseline,39,2.377136744914026
DS11,mc.rf,rf,baseline,40,2.369396570807062
DS11,mc.rf,rf,baseline,41,2.4080529148102863
DS11,mc.rf,rf,baseline,42,2.428961255870027
DS11,mc.rf,rf,baseline,43,2.436613088271191
DS11,mc.rf,rf,baseline,44,2.464025487644387
DS11,mc.rf,rf,baseline,45,2.524863617467551
DS11,mc.rf,rf,baseline,46,2.530508077051959
DS11,mc.rf,rf,baseline,47,2.5179012432975907
DS11,mc.rf,rf,baseline,48,2.5202975023842034
DS11,mc.rf,rf,baseline,49,2.527088564493067
DS11,mc.rf,rf,baseline,50,2.5553355089310807
DS11,mc.rpart_OVERB,rpart,OVERB,1,3.3224962860905674
DS11,mc.rpart_OVERB,rpart,OVERB,2,3.06405136868987
DS11,mc.rpart_OVERB,rpart,OVERB,3,3.117365513364147
DS11,mc.rpart_OVERB,rpart,OVERB,4,3.362480516839723
DS11,mc.rpart_OVERB,rpart,OVERB,5,3.452375588229138
DS11,mc.rpart_OVERB,rpart,OVERB,6,3.2109882097731925
DS11,mc.rpart_OVERB,rpart,OVERB,7,3.3359858745064495
DS11,mc.rpart_OVERB,rpart,OVERB,8,3.233039114747786
DS11,mc.rpart_OVERB,rpart,OVERB,9,3.3628363527525345
DS11,mc.rpart_OVERB,rpart,OVERB,10,3.215472037993726
DS11,mc.rpart_OVERB,rpart,OVERB,11,3.1536620564522337
DS11,mc.rpart_OVERB,rpart,OVERB,12,3.128682156110833
DS11,mc.rpart_OVERB,rpart,OVERB,13,3.3912619696540287
DS11,mc.rpart_OVERB,rpart,OVERB,14,3.3396984615215937
DS11,mc.rpart_OVERB,rpart,OVERB,15,3.1834247390490744
DS11,mc.rpart_OVERB,rpart,OVERB,16,3.225280936502208
DS11,mc.rpart_OVERB,rpart,OVERB,17,3.426485402005486
DS11,mc.rpart_OVERB,rpart,OVERB,18,3.3736435307316195
DS11,mc.rpart_OVERB,rpart,OVERB,19,3.0399283773946455
DS11,mc.rpart_OVERB,rpart,OVERB,20,2.942732117631699
DS11,mc.rpart_OVERB,rpart,OVERB,21,3.3182975143371642
DS11,mc.rpart_OVERB,rpart,OVERB,22,3.3607944434494663
DS11,mc.rpart_OVERB,rpart,OVERB,23,3.0505806527767696
DS11,mc.rpart_OVERB,rpart,OVERB,24,2.815724777527612
DS11,mc.rpart_OVERB,rpart,OVERB,25,3.1686177495954415
DS11,mc.rpart_OVERB,rpart,OVERB,26,2.92750088915331
DS11,mc.rpart_OVERB,rpart,OVERB,27,3.1612233244327883
DS11,mc.rpart_OVERB,rpart,OVERB,28,2.9275330577263454
DS11,mc.rpart_OVERB,rpart,OVERB,29,2.9560674528262303
DS11,mc.rpart_OVERB,rpart,OVERB,30,3.2059150079233123
DS11,mc.rpart_OVERB,rpart,OVERB,31,3.321119715690214
DS11,mc.rpart_OVERB,rpart,OVERB,32,3.301525886882233
DS11,mc.rpart_OVERB,rpart,OVERB,33,3.378003917166639
DS11,mc.rpart_OVERB,rpart,OVERB,34,3.358932723653317
DS11,mc.rpart_OVERB,rpart,OVERB,35,3.2415311908438613
DS11,mc.rpart_OVERB,rpart,OVERB,36,3.045293447451032
DS11,mc.rpart_OVERB,rpart,OVERB,37,3.521866841650777
DS11,mc.rpart_OVERB,rpart,OVERB,38,3.359749561944155
DS11,mc.rpart_OVERB,rpart,OVERB,39,3.318209566347151
DS11,mc.rpart_OVERB,rpart,OVERB,40,3.464794812016872
DS11,mc.rpart_OVERB,rpart,OVERB,41,3.4745592775272534
DS11,mc.rpart_OVERB,rpart,OVERB,42,3.5222754262874023
DS11,mc.rpart_OVERB,rpart,OVERB,43,3.3591865177735722
DS11,mc.rpart_OVERB,rpart,OVERB,44,3.1356437383881723
DS11,mc.rpart_OVERB,rpart,OVERB,45,3.49701581028506
DS11,mc.rpart_OVERB,rpart,OVERB,46,3.5111640079777096
DS11,mc.rpart_OVERB,rpart,OVERB,47,3.6079091062266917
DS11,mc.rpart_OVERB,rpart,OVERB,48,3.4271418089063705
DS11,mc.rpart_OVERB,rpart,OVERB,49,3.419547885391148
DS11,mc.rpart_OVERB,rpart,OVERB,50,3.3058469455078674
DS11,mc.rpart_OVERTPhi,rpart,OVERTPhi,1,3.2572190118252258
DS11,mc.rpart_OVERTPhi,rpart,OVERTPhi,2,3.2672667168580487
DS11,mc.rpart_OVERTPhi,rpart,OVERTPhi,3,3.3790590356037065
DS11,mc.rpart_OVERTPhi,rpart,OVERTPhi,4,3.1469271846276836
DS11,mc.rpart_OVERTPhi,rpart,OVERTPhi,5,3.4136722330725484
DS11,mc.rpart_OVERTPhi,rpart,OVERTPhi,6,3.5172794983705806
DS11,mc.rpart_OVERTPhi,rpart,OVERTPhi,7,3.3575035680275733
DS11,mc.rpart_OVERTPhi,rpart,OVERTPhi,8,3.11679228224725
DS11,mc.rpart_OVERTPhi,rpart,OVERTPhi,9,3.036217487518797
DS11,mc.rpart_OVERTPhi,rpart,OVERTPhi,10,3.528944005407668
DS11,mc.rpart_OVERTPhi,rpart,OVERTPhi,11,3.189048479818299
DS11,mc.rpart_OVERTPhi,rpart,OVERTPhi,12,3.126955970560065
DS11,mc.rpart_OVERTPhi,rpart,OVERTPhi,13,3.1343608718593927
DS11,mc.rpart_OVERTPhi,rpart,OVERTPhi,14,3.095556906414801
DS11,mc.rpart_OVERTPhi,rpart,OVERTPhi,15,2.9573382011353235
DS11,mc.rpart_OVERTPhi,rpart,OVERTPhi,16,3.15647511878893
DS11,mc.rpart_OVERTPhi,rpart,OVERTPhi,17,3.0612335105837216
DS11,mc.rpart_OVERTPhi,rpart,OVERTPhi,18,2.9813643123505793
DS11,mc.rpart_OVERTPhi,rpart,OVERTPhi,19,2.9559417589249533
DS11,mc.rpart_OVERTPhi,rpart,OVERTPhi,20,3.0899280689841953
DS11,mc.rpart_OVERTPhi,rpart,OVERTPhi,21,2.8469966479633757
DS11,mc.rpart_OVERTPhi,rpart,OVERTPhi,22,3.123443062848584
DS11,mc.rpart_OVERTPhi,rpart,OVERTPhi,23,2.8525034773721196
DS11,mc.rpart_OVERTPhi,rpart,OVERTPhi,24,2.860447843008483
DS11,mc.rpart_OVERTPhi,rpart,OVERTPhi,25,2.9732602530462704
DS11,mc.rpart_OVERTPhi,rpart,OVERTPhi,26,3.1020436521869073
DS11,mc.rpart_OVERTPhi,rpart,OVERTPhi,27,2.9255378078204113
DS11,mc.rpart_OVERTPhi,rpart,OVERTPhi,28,2.988535188124213
DS11,mc.rpart_OVERTPhi,rpart,OVERTPhi,29,3.075349597276369
DS11,mc.rpart_OVERTPhi,rpart,OVERTPhi,30,3.2375705252069795
DS11,mc.rpart_OVERTPhi,rpart,OVERTPhi,31,3.1072812762654327
DS11,mc.rpart_OVERTPhi,rpart,OVERTPhi,32,3.0962513267629608
DS11,mc.rpart_OVERTPhi,rpart,OVERTPhi,33,2.8842163768424647
DS11,mc.rpart_OVERTPhi,rpart,OVERTPhi,34,3.1538584459987558
DS11,mc.rpart_OVERTPhi,rpart,OVERTPhi,35,2.7508455792628976
DS11,mc.rpart_OVERTPhi,rpart,OVERTPhi,36,3.319351881251873
DS11,mc.rpart_OVERTPhi,rpart,OVERTPhi,37,3.092378091319402
DS11,mc.rpart_OVERTPhi,rpart,OVERTPhi,38,3.342448464066465
DS11,mc.rpart_OVERTPhi,rpart,OVERTPhi,39,3.4535906533761755
DS11,mc.rpart_OVERTPhi,rpart,OVERTPhi,40,3.1792992686979074
DS11,mc.rpart_OVERTPhi,rpart,OVERTPhi,41,3.500129560609735
DS11,mc.rpart_OVERTPhi,rpart,OVERTPhi,42,3.2963926892689868
DS11,mc.rpart_OVERTPhi,rpart,OVERTPhi,43,3.6088840569739276
DS11,mc.rpart_OVERTPhi,rpart,OVERTPhi,44,3.2098985111882676
DS11,mc.rpart_OVERTPhi,rpart,OVERTPhi,45,3.4118317426214615
DS11,mc.rpart_OVERTPhi,rpart,OVERTPhi,46,3.473720293092188
DS11,mc.rpart_OVERTPhi,rpart,OVERTPhi,47,3.3487278224643466
DS11,mc.rpart_OVERTPhi,rpart,OVERTPhi,48,3.401051180304124
DS11,mc.rpart_OVERTPhi,rpart,OVERTPhi,49,3.2398287896981217
DS11,mc.rpart_OVERTPhi,rpart,OVERTPhi,50,3.415191932315904
DS11,mc.rpart_OVERT,rpart,OVERT,1,3.2572190118252258
DS11,mc.rpart_OVERT,rpart,OVERT,2,3.2672667168580487
DS11,mc.rpart_OVERT,rpart,OVERT,3,3.3790590356037065
DS11,mc.rpart_OVERT,rpart,OVERT,4,3.1469271846276836
DS11,mc.rpart_OVERT,rpart,OVERT,5,3.4136722330725484
DS11,mc.rpart_OVERT,rpart,OVERT,6,3.5172794983705806
DS11,mc.rpart_OVERT,rpart,OVERT,7,3.3575035680275733
DS11,mc.rpart_OVERT,rpart,OVERT,8,3.11679228224725
DS11,mc.rpart_OVERT,rpart,OVERT,9,3.036217487518797
DS11,mc.rpart_OVERT,rpart,OVERT,10,3.528944005407668
DS11,mc.rpart_OVERT,rpart,OVERT,11,3.189048479818299
DS11,mc.rpart_OVERT,rpart,OVERT,12,3.126955970560065
DS11,mc.rpart_OVERT,rpart,OVERT,13,3.1343608718593927
DS11,mc.rpart_OVERT,rpart,OVERT,14,3.095556906414801
DS11,mc.rpart_OVERT,rpart,OVERT,15,2.9573382011353235
DS11,mc.rpart_OVERT,rpart,OVERT,16,3.15647511878893
DS11,mc.rpart_OVERT,rpart,OVERT,17,3.0612335105837216
DS11,mc.rpart_OVERT,rpart,OVERT,18,2.9813643123505793
DS11,mc.rpart_OVERT,rpart,OVERT,19,2.9559417589249533
DS11,mc.rpart_OVERT,rpart,OVERT,20,3.0899280689841953
DS11,mc.rpart_OVERT,rpart,OVERT,21,2.8469966479633757
DS11,mc.rpart_OVERT,rpart,OVERT,22,3.123443062848584
DS11,mc.rpart_OVERT,rpart,OVERT,23,2.8525034773721196
DS11,mc.rpart_OVERT,rpart,OVERT,24,2.860447843008483
DS11,mc.rpart_OVERT,rpart,OVERT,25,2.9732602530462704
DS11,mc.rpart_OVERT,rpart,OVERT,26,3.1020436521869073
DS11,mc.rpart_OVERT,rpart,OVERT,27,2.9255378078204113
DS11,mc.rpart_OVERT,rpart,OVERT,28,2.988535188124213
DS11,mc.rpart_OVERT,rpart,OVERT,29,3.075349597276369
DS11,mc.rpart_OVERT,rpart,OVERT,30,3.2375705252069795
DS11,mc.rpart_OVERT,rpart,OVERT,31,3.1072812762654327
DS11,mc.rpart_OVERT,rpart,OVERT,32,3.0962513267629608
DS11,mc.rpart_OVERT,rpart,OVERT,33,2.8842163768424647
DS11,mc.rpart_OVERT,rpart,OVERT,34,3.1538584459987558
DS11,mc.rpart_OVERT,rpart,OVERT,35,2.7508455792628976
DS11,mc.rpart_OVERT,rpart,OVERT,36,3.319351881251873
DS11,mc.rpart_OVERT,rpart,OVERT,37,3.092378091319402
DS11,mc.rpart_OVERT,rpart,OVERT,38,3.342448464066465
DS11,mc.rpart_OVERT,rpart,OVERT,39,3.4535906533761755
DS11,mc.rpart_OVERT,rpart,OVERT,40,3.1792992686979074
DS11,mc.rpart_OVERT,rpart,OVERT,41,3.500129560609735
DS11,mc.rpart_OVERT,rpart,OVERT,42,3.2963926892689868
DS11,mc.rpart_OVERT,rpart,OVERT,43,3.6088840569739276
DS11,mc.rpart_OVERT,rpart,OVERT,44,3.2098985111882676
DS11,mc.rpart_OVERT,rpart,OVERT,45,3.4118317426214615
DS11,mc.rpart_OVERT,rpart,OVERT,46,3.473720293092188
DS11,mc.rpart_OVERT,rpart,OVERT,47,3.3487278224643466
DS11,mc.rpart_OVERT,rpart,OVERT,48,3.401051180304124
DS11,mc.rpart_OVERT,rpart,OVERT,49,3.2398287896981217
DS11,mc.rpart_OVERT,rpart,OVERT,50,3.415191932315904
DS11,mc.rpart_SMOTEB,rpart,SMOTEB,1,3.5544752515637854
DS11,mc.rpart_SMOTEB,rpart,SMOTEB,2,3.59168944791693
DS11,mc.rpart_SMOTEB,rpart,SMOTEB,3,3.524717017053526
DS11,mc.rpart_SMOTEB,rpart,SMOTEB,4,3.5563024770599134
DS11,mc.rpart_SMOTEB,rpart,SMOTEB,5,3.851795432553281
DS11,mc.rpart_SMOTEB,rpart,SMOTEB,6,3.598973981840027
DS11,mc.rpart_SMOTEB,rpart,SMOTEB,7,3.6627966728585815
DS11,mc.rpart_SMOTEB,rpart,SMOTEB,8,3.5408052520904776
DS11,mc.rpart_SMOTEB,rpart,SMOTEB,9,3.570143349377884
DS11,mc.rpart_SMOTEB,rpart,SMOTEB,10,3.3997082242524566
DS11,mc.rpart_SMOTEB,rpart,SMOTEB,11,3.6538168182237354
DS11,mc.rpart_SMOTEB,rpart,SMOTEB,12,3.716345397746732
DS11,mc.rpart_SMOTEB,rpart,SMOTEB,13,3.6451692989792206
DS11,mc.rpart_SMOTEB,rpart,SMOTEB,14,3.488752102550613
DS11,mc.rpart_SMOTEB,rpart,SMOTEB,15,3.8092311223541246
DS11,mc.rpart_SMOTEB,rpart,SMOTEB,16,3.664378108822322
DS11,mc.rpart_SMOTEB,rpart,SMOTEB,17,3.613115578525606
DS11,mc.rpart_SMOTEB,rpart,SMOTEB,18,3.4603889145575386
DS11,mc.rpart_SMOTEB,rpart,SMOTEB,19,3.425421950273366
DS11,mc.rpart_SMOTEB,rpart,SMOTEB,20,3.539929039340366
DS11,mc.rpart_SMOTEB,rpart,SMOTEB,21,3.329816488220822
DS11,mc.rpart_SMOTEB,rpart,SMOTEB,22,3.70404618154329
DS11,mc.rpart_SMOTEB,rpart,SMOTEB,23,3.646528732080115
DS11,mc.rpart_SMOTEB,rpart,SMOTEB,24,3.4874320601217734
DS11,mc.rpart_SMOTEB,rpart,SMOTEB,25,3.5524090589795683
DS11,mc.rpart_SMOTEB,rpart,SMOTEB,26,3.551407156644108
DS11,mc.rpart_SMOTEB,rpart,SMOTEB,27,3.2683093155406926
DS11,mc.rpart_SMOTEB,rpart,SMOTEB,28,3.3924637809516973
DS11,mc.rpart_SMOTEB,rpart,SMOTEB,29,3.294987621180242
DS11,mc.rpart_SMOTEB,rpart,SMOTEB,30,3.5326511492349053
DS11,mc.rpart_SMOTEB,rpart,SMOTEB,31,3.77828176948192
DS11,mc.rpart_SMOTEB,rpart,SMOTEB,32,3.840101730742039
DS11,mc.rpart_SMOTEB,rpart,SMOTEB,33,3.731732155829058
DS11,mc.rpart_SMOTEB,rpart,SMOTEB,34,3.7315228017914146
DS11,mc.rpart_SMOTEB,rpart,SMOTEB,35,3.8292810903346357
DS11,mc.rpart_SMOTEB,rpart,SMOTEB,36,3.673377681373599
DS11,mc.rpart_SMOTEB,rpart,SMOTEB,37,3.9128796712830303
DS11,mc.rpart_SMOTEB,rpart,SMOTEB,38,3.377617059068547
DS11,mc.rpart_SMOTEB,rpart,SMOTEB,39,3.688066788596331
DS11,mc.rpart_SMOTEB,rpart,SMOTEB,40,3.8316747636692625
DS11,mc.rpart_SMOTEB,rpart,SMOTEB,41,3.598547979209311
DS11,mc.rpart_SMOTEB,rpart,SMOTEB,42,4.071823022762499
DS11,mc.rpart_SMOTEB,rpart,SMOTEB,43,3.8864777725321127
DS11,mc.rpart_SMOTEB,rpart,SMOTEB,44,4.057125159143068
DS11,mc.rpart_SMOTEB,rpart,SMOTEB,45,3.7464452852265073
DS11,mc.rpart_SMOTEB,rpart,SMOTEB,46,3.8807500156101207
DS11,mc.rpart_SMOTEB,rpart,SMOTEB,47,3.742079795424658
DS11,mc.rpart_SMOTEB,rpart,SMOTEB,48,3.860595813914836
DS11,mc.rpart_SMOTEB,rpart,SMOTEB,49,3.8589556913940446
DS11,mc.rpart_SMOTEB,rpart,SMOTEB,50,3.790914060766471
DS11,mc.rpart_SMOTETPhi,rpart,SMOTETPhi,1,4.0524240267834335
DS11,mc.rpart_SMOTETPhi,rpart,SMOTETPhi,2,3.991533884811365
DS11,mc.rpart_SMOTETPhi,rpart,SMOTETPhi,3,3.8553451452465444
DS11,mc.rpart_SMOTETPhi,rpart,SMOTETPhi,4,3.68117088547776
DS11,mc.rpart_SMOTETPhi,rpart,SMOTETPhi,5,3.7429030106747403
DS11,mc.rpart_SMOTETPhi,rpart,SMOTETPhi,6,4.140483551639879
DS11,mc.rpart_SMOTETPhi,rpart,SMOTETPhi,7,3.997845748294722
DS11,mc.rpart_SMOTETPhi,rpart,SMOTETPhi,8,3.9423215152768036
DS11,mc.rpart_SMOTETPhi,rpart,SMOTETPhi,9,3.7990231308389637
DS11,mc.rpart_SMOTETPhi,rpart,SMOTETPhi,10,3.824665784572472
DS11,mc.rpart_SMOTETPhi,rpart,SMOTETPhi,11,4.064226985131955
DS11,mc.rpart_SMOTETPhi,rpart,SMOTETPhi,12,3.77977737687055
DS11,mc.rpart_SMOTETPhi,rpart,SMOTETPhi,13,3.76182142653137
DS11,mc.rpart_SMOTETPhi,rpart,SMOTETPhi,14,4.049255258222032
DS11,mc.rpart_SMOTETPhi,rpart,SMOTETPhi,15,4.091826080854721
DS11,mc.rpart_SMOTETPhi,rpart,SMOTETPhi,16,4.238023737372863
DS11,mc.rpart_SMOTETPhi,rpart,SMOTETPhi,17,3.8367419149121194
DS11,mc.rpart_SMOTETPhi,rpart,SMOTETPhi,18,3.825738226605702
DS11,mc.rpart_SMOTETPhi,rpart,SMOTETPhi,19,3.718235930450903
DS11,mc.rpart_SMOTETPhi,rpart,SMOTETPhi,20,3.923367144093186
DS11,mc.rpart_SMOTETPhi,rpart,SMOTETPhi,21,3.4147804646138806
DS11,mc.rpart_SMOTETPhi,rpart,SMOTETPhi,22,3.6545558721720424
DS11,mc.rpart_SMOTETPhi,rpart,SMOTETPhi,23,3.495546683371946
DS11,mc.rpart_SMOTETPhi,rpart,SMOTETPhi,24,3.7988039890576863
DS11,mc.rpart_SMOTETPhi,rpart,SMOTETPhi,25,4.11251934715322
DS11,mc.rpart_SMOTETPhi,rpart,SMOTETPhi,26,3.5465160627816297
DS11,mc.rpart_SMOTETPhi,rpart,SMOTETPhi,27,3.5880731518376687
DS11,mc.rpart_SMOTETPhi,rpart,SMOTETPhi,28,3.663108655525406
DS11,mc.rpart_SMOTETPhi,rpart,SMOTETPhi,29,3.6520470704361654
DS11,mc.rpart_SMOTETPhi,rpart,SMOTETPhi,30,3.862238705048123
DS11,mc.rpart_SMOTETPhi,rpart,SMOTETPhi,31,4.226775639511731
DS11,mc.rpart_SMOTETPhi,rpart,SMOTETPhi,32,3.982364089891102
DS11,mc.rpart_SMOTETPhi,rpart,SMOTETPhi,33,4.175332508025028
DS11,mc.rpart_SMOTETPhi,rpart,SMOTETPhi,34,4.096484942840096
DS11,mc.rpart_SMOTETPhi,rpart,SMOTETPhi,35,3.968165723322902
DS11,mc.rpart_SMOTETPhi,rpart,SMOTETPhi,36,4.191929306931472
DS11,mc.rpart_SMOTETPhi,rpart,SMOTETPhi,37,4.228895579582126
DS11,mc.rpart_SMOTETPhi,rpart,SMOTETPhi,38,4.110919408676118
DS11,mc.rpart_SMOTETPhi,rpart,SMOTETPhi,39,4.290079984906495
DS11,mc.rpart_SMOTETPhi,rpart,SMOTETPhi,40,4.389726592594763
DS11,mc.rpart_SMOTETPhi,rpart,SMOTETPhi,41,3.8598112408243836
DS11,mc.rpart_SMOTETPhi,rpart,SMOTETPhi,42,4.056600181300696
DS11,mc.rpart_SMOTETPhi,rpart,SMOTETPhi,43,3.953888168975434
DS11,mc.rpart_SMOTETPhi,rpart,SMOTETPhi,44,4.054621588040531
DS11,mc.rpart_SMOTETPhi,rpart,SMOTETPhi,45,4.324484463866827
DS11,mc.rpart_SMOTETPhi,rpart,SMOTETPhi,46,4.319778801012329
DS11,mc.rpart_SMOTETPhi,rpart,SMOTETPhi,47,4.354042258843825
DS11,mc.rpart_SMOTETPhi,rpart,SMOTETPhi,48,4.281064592748404
DS11,mc.rpart_SMOTETPhi,rpart,SMOTETPhi,49,3.9801335045850927
DS11,mc.rpart_SMOTETPhi,rpart,SMOTETPhi,50,3.8197019049187535
DS11,mc.rpart_SMOTET,rpart,SMOTET,1,4.154630993171789
DS11,mc.rpart_SMOTET,rpart,SMOTET,2,3.4744512176603375
DS11,mc.rpart_SMOTET,rpart,SMOTET,3,3.39451828329868
DS11,mc.rpart_SMOTET,rpart,SMOTET,4,3.580052168137203
DS11,mc.rpart_SMOTET,rpart,SMOTET,5,3.8022921978068513
DS11,mc.rpart_SMOTET,rpart,SMOTET,6,3.730171366453625
DS11,mc.rpart_SMOTET,rpart,SMOTET,7,3.8020398847645804
DS11,mc.rpart_SMOTET,rpart,SMOTET,8,3.772825665759343
DS11,mc.rpart_SMOTET,rpart,SMOTET,9,3.6458280226321924
DS11,mc.rpart_SMOTET,rpart,SMOTET,10,3.761721060102581
DS11,mc.rpart_SMOTET,rpart,SMOTET,11,3.7992023810433095
DS11,mc.rpart_SMOTET,rpart,SMOTET,12,3.7792188894723937
DS11,mc.rpart_SMOTET,rpart,SMOTET,13,3.809071817834286
DS11,mc.rpart_SMOTET,rpart,SMOTET,14,3.888680256606356
DS11,mc.rpart_SMOTET,rpart,SMOTET,15,3.568411018171598
DS11,mc.rpart_SMOTET,rpart,SMOTET,16,3.6578964661444573
DS11,mc.rpart_SMOTET,rpart,SMOTET,17,3.7964561274727626
DS11,mc.rpart_SMOTET,rpart,SMOTET,18,3.517090799332206
DS11,mc.rpart_SMOTET,rpart,SMOTET,19,3.859832795301088
DS11,mc.rpart_SMOTET,rpart,SMOTET,20,3.5539367568135996
DS11,mc.rpart_SMOTET,rpart,SMOTET,21,3.949210134999539
DS11,mc.rpart_SMOTET,rpart,SMOTET,22,3.811780633621561
DS11,mc.rpart_SMOTET,rpart,SMOTET,23,3.2464920029773556
DS11,mc.rpart_SMOTET,rpart,SMOTET,24,3.6321738170417817
DS11,mc.rpart_SMOTET,rpart,SMOTET,25,3.4481902436906404
DS11,mc.rpart_SMOTET,rpart,SMOTET,26,3.6638273431268993
DS11,mc.rpart_SMOTET,rpart,SMOTET,27,3.5857892370871265
DS11,mc.rpart_SMOTET,rpart,SMOTET,28,3.4522795486912368
DS11,mc.rpart_SMOTET,rpart,SMOTET,29,3.216067183576342
DS11,mc.rpart_SMOTET,rpart,SMOTET,30,3.657804689423226
DS11,mc.rpart_SMOTET,rpart,SMOTET,31,3.629475303896382
DS11,mc.rpart_SMOTET,rpart,SMOTET,32,3.7666524168381805
DS11,mc.rpart_SMOTET,rpart,SMOTET,33,3.8499045698396746
DS11,mc.rpart_SMOTET,rpart,SMOTET,34,3.947972385523355
DS11,mc.rpart_SMOTET,rpart,SMOTET,35,3.6002462800351536
DS11,mc.rpart_SMOTET,rpart,SMOTET,36,3.7815451796072996
DS11,mc.rpart_SMOTET,rpart,SMOTET,37,4.007615907595558
DS11,mc.rpart_SMOTET,rpart,SMOTET,38,3.888365434140754
DS11,mc.rpart_SMOTET,rpart,SMOTET,39,3.9230435545076197
DS11,mc.rpart_SMOTET,rpart,SMOTET,40,4.139321277426302
DS11,mc.rpart_SMOTET,rpart,SMOTET,41,3.8463442961312575
DS11,mc.rpart_SMOTET,rpart,SMOTET,42,3.6939662277896175
DS11,mc.rpart_SMOTET,rpart,SMOTET,43,3.682743892404844
DS11,mc.rpart_SMOTET,rpart,SMOTET,44,4.020364551537219
DS11,mc.rpart_SMOTET,rpart,SMOTET,45,4.1991018746071616
DS11,mc.rpart_SMOTET,rpart,SMOTET,46,3.9550472181914396
DS11,mc.rpart_SMOTET,rpart,SMOTET,47,3.978441823330797
DS11,mc.rpart_SMOTET,rpart,SMOTET,48,3.962686396934216
DS11,mc.rpart_SMOTET,rpart,SMOTET,49,3.819149092975728
DS11,mc.rpart_SMOTET,rpart,SMOTET,50,3.6901313958074584
DS11,mc.rpart_UNDERB,rpart,UNDERB,1,3.026498297289786
DS11,mc.rpart_UNDERB,rpart,UNDERB,2,2.936655943285745
DS11,mc.rpart_UNDERB,rpart,UNDERB,3,3.1172622290387717
DS11,mc.rpart_UNDERB,rpart,UNDERB,4,3.093975491822175
DS11,mc.rpart_UNDERB,rpart,UNDERB,5,3.0520333187718434
DS11,mc.rpart_UNDERB,rpart,UNDERB,6,2.941453178377835
DS11,mc.rpart_UNDERB,rpart,UNDERB,7,3.227353269711787
DS11,mc.rpart_UNDERB,rpart,UNDERB,8,3.0616862332226287
DS11,mc.rpart_UNDERB,rpart,UNDERB,9,2.965820457847855
DS11,mc.rpart_UNDERB,rpart,UNDERB,10,3.038329703160179
DS11,mc.rpart_UNDERB,rpart,UNDERB,11,3.060085664738962
DS11,mc.rpart_UNDERB,rpart,UNDERB,12,3.064680342873344
DS11,mc.rpart_UNDERB,rpart,UNDERB,13,2.902785536396759
DS11,mc.rpart_UNDERB,rpart,UNDERB,14,2.9287073920664533
DS11,mc.rpart_UNDERB,rpart,UNDERB,15,2.9811269368845488
DS11,mc.rpart_UNDERB,rpart,UNDERB,16,2.8853759777304533
DS11,mc.rpart_UNDERB,rpart,UNDERB,17,3.094650855833192
DS11,mc.rpart_UNDERB,rpart,UNDERB,18,2.8150526190696614
DS11,mc.rpart_UNDERB,rpart,UNDERB,19,2.9258615034460274
DS11,mc.rpart_UNDERB,rpart,UNDERB,20,2.8816416826623223
DS11,mc.rpart_UNDERB,rpart,UNDERB,21,2.951608334709651
DS11,mc.rpart_UNDERB,rpart,UNDERB,22,3.0536371283148296
DS11,mc.rpart_UNDERB,rpart,UNDERB,23,2.8771507821195814
DS11,mc.rpart_UNDERB,rpart,UNDERB,24,2.714607909534784
DS11,mc.rpart_UNDERB,rpart,UNDERB,25,2.879799378848402
DS11,mc.rpart_UNDERB,rpart,UNDERB,26,3.0069086358752175
DS11,mc.rpart_UNDERB,rpart,UNDERB,27,2.990431411343088
DS11,mc.rpart_UNDERB,rpart,UNDERB,28,3.074301342311385
DS11,mc.rpart_UNDERB,rpart,UNDERB,29,2.8800558106033316
DS11,mc.rpart_UNDERB,rpart,UNDERB,30,3.013321999830129
DS11,mc.rpart_UNDERB,rpart,UNDERB,31,2.9477483135582494
DS11,mc.rpart_UNDERB,rpart,UNDERB,32,3.0703720652584443
DS11,mc.rpart_UNDERB,rpart,UNDERB,33,3.0810046297000606
DS11,mc.rpart_UNDERB,rpart,UNDERB,34,3.0477104424367663
DS11,mc.rpart_UNDERB,rpart,UNDERB,35,3.1625003054737184
DS11,mc.rpart_UNDERB,rpart,UNDERB,36,3.115366353137966
DS11,mc.rpart_UNDERB,rpart,UNDERB,37,3.4751809970692467
DS11,mc.rpart_UNDERB,rpart,UNDERB,38,3.4427493330402816
DS11,mc.rpart_UNDERB,rpart,UNDERB,39,3.500556634119669
DS11,mc.rpart_UNDERB,rpart,UNDERB,40,3.3168032508006333
DS11,mc.rpart_UNDERB,rpart,UNDERB,41,3.5222767279148273
DS11,mc.rpart_UNDERB,rpart,UNDERB,42,3.554950301312275
DS11,mc.rpart_UNDERB,rpart,UNDERB,43,3.309755243344407
DS11,mc.rpart_UNDERB,rpart,UNDERB,44,3.2853194208067404
DS11,mc.rpart_UNDERB,rpart,UNDERB,45,3.3816337235191636
DS11,mc.rpart_UNDERB,rpart,UNDERB,46,3.563938724578652
DS11,mc.rpart_UNDERB,rpart,UNDERB,47,3.3204450219217443
DS11,mc.rpart_UNDERB,rpart,UNDERB,48,3.559345212446446
DS11,mc.rpart_UNDERB,rpart,UNDERB,49,3.369012968675298
DS11,mc.rpart_UNDERB,rpart,UNDERB,50,3.4739559511709692
DS11,mc.rpart_UNDERTPhi,rpart,UNDERTPhi,1,3.185275870601811
DS11,mc.rpart_UNDERTPhi,rpart,UNDERTPhi,2,2.936199187352775
DS11,mc.rpart_UNDERTPhi,rpart,UNDERTPhi,3,3.0576126249232574
DS11,mc.rpart_UNDERTPhi,rpart,UNDERTPhi,4,3.23554540175573
DS11,mc.rpart_UNDERTPhi,rpart,UNDERTPhi,5,3.207395685722808
DS11,mc.rpart_UNDERTPhi,rpart,UNDERTPhi,6,3.1923131135018914
DS11,mc.rpart_UNDERTPhi,rpart,UNDERTPhi,7,3.2592938586667715
DS11,mc.rpart_UNDERTPhi,rpart,UNDERTPhi,8,3.0834055149755453
DS11,mc.rpart_UNDERTPhi,rpart,UNDERTPhi,9,3.251513162204988
DS11,mc.rpart_UNDERTPhi,rpart,UNDERTPhi,10,3.2961850100916528
DS11,mc.rpart_UNDERTPhi,rpart,UNDERTPhi,11,3.3081218086965625
DS11,mc.rpart_UNDERTPhi,rpart,UNDERTPhi,12,3.0693991402527514
DS11,mc.rpart_UNDERTPhi,rpart,UNDERTPhi,13,3.2433372173485706
DS11,mc.rpart_UNDERTPhi,rpart,UNDERTPhi,14,3.0202742899952746
DS11,mc.rpart_UNDERTPhi,rpart,UNDERTPhi,15,3.052280733400795
DS11,mc.rpart_UNDERTPhi,rpart,UNDERTPhi,16,2.972594221826561
DS11,mc.rpart_UNDERTPhi,rpart,UNDERTPhi,17,3.031847571281071
DS11,mc.rpart_UNDERTPhi,rpart,UNDERTPhi,18,3.065936961588919
DS11,mc.rpart_UNDERTPhi,rpart,UNDERTPhi,19,2.990750472759398
DS11,mc.rpart_UNDERTPhi,rpart,UNDERTPhi,20,3.0159666295459258
DS11,mc.rpart_UNDERTPhi,rpart,UNDERTPhi,21,3.067732308553681
DS11,mc.rpart_UNDERTPhi,rpart,UNDERTPhi,22,2.8874407504189823
DS11,mc.rpart_UNDERTPhi,rpart,UNDERTPhi,23,3.0125594095551924
DS11,mc.rpart_UNDERTPhi,rpart,UNDERTPhi,24,3.0846248641779037
DS11,mc.rpart_UNDERTPhi,rpart,UNDERTPhi,25,2.7264004138672977
DS11,mc.rpart_UNDERTPhi,rpart,UNDERTPhi,26,3.1354997746071063
DS11,mc.rpart_UNDERTPhi,rpart,UNDERTPhi,27,2.9168287326888067
DS11,mc.rpart_UNDERTPhi,rpart,UNDERTPhi,28,3.040962982491968
DS11,mc.rpart_UNDERTPhi,rpart,UNDERTPhi,29,3.0827620521337766
DS11,mc.rpart_UNDERTPhi,rpart,UNDERTPhi,30,2.981303326537531
DS11,mc.rpart_UNDERTPhi,rpart,UNDERTPhi,31,2.9368292844364405
DS11,mc.rpart_UNDERTPhi,rpart,UNDERTPhi,32,3.4742424397428913
DS11,mc.rpart_UNDERTPhi,rpart,UNDERTPhi,33,3.330853877148648
DS11,mc.rpart_UNDERTPhi,rpart,UNDERTPhi,34,3.113295613651835
DS11,mc.rpart_UNDERTPhi,rpart,UNDERTPhi,35,3.186071552020189
DS11,mc.rpart_UNDERTPhi,rpart,UNDERTPhi,36,3.699489618038388
DS11,mc.rpart_UNDERTPhi,rpart,UNDERTPhi,37,3.437901863640142
DS11,mc.rpart_UNDERTPhi,rpart,UNDERTPhi,38,3.3253307354163715
DS11,mc.rpart_UNDERTPhi,rpart,UNDERTPhi,39,3.3181085967793114
DS11,mc.rpart_UNDERTPhi,rpart,UNDERTPhi,40,3.253474202792978
DS11,mc.rpart_UNDERTPhi,rpart,UNDERTPhi,41,3.4602759088213078
DS11,mc.rpart_UNDERTPhi,rpart,UNDERTPhi,42,3.3587822954623134
DS11,mc.rpart_UNDERTPhi,rpart,UNDERTPhi,43,3.6355600953560234
DS11,mc.rpart_UNDERTPhi,rpart,UNDERTPhi,44,3.3913939820941597
DS11,mc.rpart_UNDERTPhi,rpart,UNDERTPhi,45,3.723188588159476
DS11,mc.rpart_UNDERTPhi,rpart,UNDERTPhi,46,3.8875497712877567
DS11,mc.rpart_UNDERTPhi,rpart,UNDERTPhi,47,3.397585006595828
DS11,mc.rpart_UNDERTPhi,rpart,UNDERTPhi,48,3.579705102455357
DS11,mc.rpart_UNDERTPhi,rpart,UNDERTPhi,49,3.338989405655648
DS11,mc.rpart_UNDERTPhi,rpart,UNDERTPhi,50,3.3224854826932506
DS11,mc.rpart_UNDERT,rpart,UNDERT,1,3.050594098603995
DS11,mc.rpart_UNDERT,rpart,UNDERT,2,2.931693654806265
DS11,mc.rpart_UNDERT,rpart,UNDERT,3,2.948446053778429
DS11,mc.rpart_UNDERT,rpart,UNDERT,4,3.2063536869144933
DS11,mc.rpart_UNDERT,rpart,UNDERT,5,3.0755431783793408
DS11,mc.rpart_UNDERT,rpart,UNDERT,6,3.067582727759078
DS11,mc.rpart_UNDERT,rpart,UNDERT,7,3.128182204741421
DS11,mc.rpart_UNDERT,rpart,UNDERT,8,3.051083934579925
DS11,mc.rpart_UNDERT,rpart,UNDERT,9,2.9884219224982114
DS11,mc.rpart_UNDERT,rpart,UNDERT,10,3.0883153583353042
DS11,mc.rpart_UNDERT,rpart,UNDERT,11,3.060686494416683
DS11,mc.rpart_UNDERT,rpart,UNDERT,12,2.996766075897648
DS11,mc.rpart_UNDERT,rpart,UNDERT,13,2.99117442249036
DS11,mc.rpart_UNDERT,rpart,UNDERT,14,2.9924680570929008
DS11,mc.rpart_UNDERT,rpart,UNDERT,15,2.8960292736643187
DS11,mc.rpart_UNDERT,rpart,UNDERT,16,3.1493864162792504
DS11,mc.rpart_UNDERT,rpart,UNDERT,17,2.943911757226865
DS11,mc.rpart_UNDERT,rpart,UNDERT,18,3.0365984293707866
DS11,mc.rpart_UNDERT,rpart,UNDERT,19,3.0899152578522844
DS11,mc.rpart_UNDERT,rpart,UNDERT,20,3.227240308575975
DS11,mc.rpart_UNDERT,rpart,UNDERT,21,3.122960605810001
DS11,mc.rpart_UNDERT,rpart,UNDERT,22,2.9647261301397507
DS11,mc.rpart_UNDERT,rpart,UNDERT,23,2.7613875364950897
DS11,mc.rpart_UNDERT,rpart,UNDERT,24,2.7510779568900983
DS11,mc.rpart_UNDERT,rpart,UNDERT,25,2.638320875455585
DS11,mc.rpart_UNDERT,rpart,UNDERT,26,2.956548800491544
DS11,mc.rpart_UNDERT,rpart,UNDERT,27,2.6969890145469977
DS11,mc.rpart_UNDERT,rpart,UNDERT,28,2.8160633639345654
DS11,mc.rpart_UNDERT,rpart,UNDERT,29,2.99372844273478
DS11,mc.rpart_UNDERT,rpart,UNDERT,30,2.9569467205516027
DS11,mc.rpart_UNDERT,rpart,UNDERT,31,3.2705871400013833
DS11,mc.rpart_UNDERT,rpart,UNDERT,32,3.1129537331669077
DS11,mc.rpart_UNDERT,rpart,UNDERT,33,3.5378407632025457
DS11,mc.rpart_UNDERT,rpart,UNDERT,34,3.090727160931847
DS11,mc.rpart_UNDERT,rpart,UNDERT,35,2.9704347154231865
DS11,mc.rpart_UNDERT,rpart,UNDERT,36,3.0668003864455766
DS11,mc.rpart_UNDERT,rpart,UNDERT,37,3.145845609855554
DS11,mc.rpart_UNDERT,rpart,UNDERT,38,3.3898864235203074
DS11,mc.rpart_UNDERT,rpart,UNDERT,39,3.292826178903032
DS11,mc.rpart_UNDERT,rpart,UNDERT,40,3.3595226794593147
DS11,mc.rpart_UNDERT,rpart,UNDERT,41,3.4004803884876034
DS11,mc.rpart_UNDERT,rpart,UNDERT,42,3.4451949013912833
DS11,mc.rpart_UNDERT,rpart,UNDERT,43,3.2320375838813424
DS11,mc.rpart_UNDERT,rpart,UNDERT,44,3.4808605326694635
DS11,mc.rpart_UNDERT,rpart,UNDERT,45,3.427154304496051
DS11,mc.rpart_UNDERT,rpart,UNDERT,46,3.627773535012513
DS11,mc.rpart_UNDERT,rpart,UNDERT,47,3.5633998190755105
DS11,mc.rpart_UNDERT,rpart,UNDERT,48,3.580603039545996
DS11,mc.rpart_UNDERT,rpart,UNDERT,49,3.611457461752907
DS11,mc.rpart_UNDERT,rpart,UNDERT,50,3.400526442918404
DS11,mc.rpart,rpart,baseline,1,2.7650735738818444
DS11,mc.rpart,rpart,baseline,2,2.661754822472331
DS11,mc.rpart,rpart,baseline,3,2.639960825952559
DS11,mc.rpart,rpart,baseline,4,2.6874250778738222
DS11,mc.rpart,rpart,baseline,5,2.7880342777677227
DS11,mc.rpart,rpart,baseline,6,2.699778899416447
DS11,mc.rpart,rpart,baseline,7,2.7018396668972575
DS11,mc.rpart,rpart,baseline,8,2.6492928308797765
DS11,mc.rpart,rpart,baseline,9,2.5557369270389834
DS11,mc.rpart,rpart,baseline,10,2.63148438041181
DS11,mc.rpart,rpart,baseline,11,2.518590668069555
DS11,mc.rpart,rpart,baseline,12,2.525972626745091
DS11,mc.rpart,rpart,baseline,13,2.5521842111899735
DS11,mc.rpart,rpart,baseline,14,2.542625323692569
DS11,mc.rpart,rpart,baseline,15,2.6247591288324688
DS11,mc.rpart,rpart,baseline,16,2.638990034222568
DS11,mc.rpart,rpart,baseline,17,2.639651582147424
DS11,mc.rpart,rpart,baseline,18,2.5516381365837506
DS11,mc.rpart,rpart,baseline,19,2.5208662447592376
DS11,mc.rpart,rpart,baseline,20,2.5723932414197948
DS11,mc.rpart,rpart,baseline,21,2.5803210197141757
DS11,mc.rpart,rpart,baseline,22,2.582081573566891
DS11,mc.rpart,rpart,baseline,23,2.3462177385573786
DS11,mc.rpart,rpart,baseline,24,2.277978692789137
DS11,mc.rpart,rpart,baseline,25,2.2587635725347477
DS11,mc.rpart,rpart,baseline,26,2.4220671701176033
DS11,mc.rpart,rpart,baseline,27,2.3664750997160104
DS11,mc.rpart,rpart,baseline,28,2.354435371950419
DS11,mc.rpart,rpart,baseline,29,2.364121313321422
DS11,mc.rpart,rpart,baseline,30,2.4988013561854716
DS11,mc.rpart,rpart,baseline,31,2.492354047179939
DS11,mc.rpart,rpart,baseline,32,2.482320469895639
DS11,mc.rpart,rpart,baseline,33,2.466641101232103
DS11,mc.rpart,rpart,baseline,34,2.5240210896549025
DS11,mc.rpart,rpart,baseline,35,2.4769232450106937
DS11,mc.rpart,rpart,baseline,36,2.623182129845598
DS11,mc.rpart,rpart,baseline,37,2.6175817259380976
DS11,mc.rpart,rpart,baseline,38,2.6380824021920666
DS11,mc.rpart,rpart,baseline,39,2.650239732444063
DS11,mc.rpart,rpart,baseline,40,2.634701408912873
DS11,mc.rpart,rpart,baseline,41,2.6746711310963454
DS11,mc.rpart,rpart,baseline,42,2.768367288879192
DS11,mc.rpart,rpart,baseline,43,2.6727563169809874
DS11,mc.rpart,rpart,baseline,44,2.718576003099619
DS11,mc.rpart,rpart,baseline,45,2.7871586088569145
DS11,mc.rpart,rpart,baseline,46,2.7699496690237164
DS11,mc.rpart,rpart,baseline,47,2.8673835802445384
DS11,mc.rpart,rpart,baseline,48,2.866673465106078
DS11,mc.rpart,rpart,baseline,49,2.9271430753980656
DS11,mc.rpart,rpart,baseline,50,2.963893950260547
DS11,mc.svm_OVERB,svm,OVERB,1,2.9657858417623952
DS11,mc.svm_OVERB,svm,OVERB,2,3.0307607419362776
DS11,mc.svm_OVERB,svm,OVERB,3,2.9826066716148216
DS11,mc.svm_OVERB,svm,OVERB,4,2.9841058976385546
DS11,mc.svm_OVERB,svm,OVERB,5,2.9199756172170908
DS11,mc.svm_OVERB,svm,OVERB,6,2.9390954247686114
DS11,mc.svm_OVERB,svm,OVERB,7,2.996893146419001
DS11,mc.svm_OVERB,svm,OVERB,8,3.0232614263209268
DS11,mc.svm_OVERB,svm,OVERB,9,2.834344201148901
DS11,mc.svm_OVERB,svm,OVERB,10,2.9916417934052557
DS11,mc.svm_OVERB,svm,OVERB,11,2.8341410819514095
DS11,mc.svm_OVERB,svm,OVERB,12,2.6943267941321767
DS11,mc.svm_OVERB,svm,OVERB,13,2.728461732452031
DS11,mc.svm_OVERB,svm,OVERB,14,2.766241581579059
DS11,mc.svm_OVERB,svm,OVERB,15,2.8179706842217853
DS11,mc.svm_OVERB,svm,OVERB,16,2.6434289481331583
DS11,mc.svm_OVERB,svm,OVERB,17,2.6124008167257733
DS11,mc.svm_OVERB,svm,OVERB,18,2.6789881456039097
DS11,mc.svm_OVERB,svm,OVERB,19,2.638865218838956
DS11,mc.svm_OVERB,svm,OVERB,20,2.679000920632201
DS11,mc.svm_OVERB,svm,OVERB,21,2.7487960220561694
DS11,mc.svm_OVERB,svm,OVERB,22,2.7917551675918277
DS11,mc.svm_OVERB,svm,OVERB,23,2.322853811045286
DS11,mc.svm_OVERB,svm,OVERB,24,2.403464616007404
DS11,mc.svm_OVERB,svm,OVERB,25,2.4162988572815247
DS11,mc.svm_OVERB,svm,OVERB,26,2.431038052375637
DS11,mc.svm_OVERB,svm,OVERB,27,2.2587218533206417
DS11,mc.svm_OVERB,svm,OVERB,28,2.3679239488003536
DS11,mc.svm_OVERB,svm,OVERB,29,2.484060602083596
DS11,mc.svm_OVERB,svm,OVERB,30,2.5102534086093073
DS11,mc.svm_OVERB,svm,OVERB,31,2.5893407411752016
DS11,mc.svm_OVERB,svm,OVERB,32,2.528879767119089
DS11,mc.svm_OVERB,svm,OVERB,33,2.4671909438857726
DS11,mc.svm_OVERB,svm,OVERB,34,2.4936360054568785
DS11,mc.svm_OVERB,svm,OVERB,35,2.491795160452098
DS11,mc.svm_OVERB,svm,OVERB,36,2.5610142581874205
DS11,mc.svm_OVERB,svm,OVERB,37,2.7584446241621015
DS11,mc.svm_OVERB,svm,OVERB,38,2.675599010524438
DS11,mc.svm_OVERB,svm,OVERB,39,2.762689540178332
DS11,mc.svm_OVERB,svm,OVERB,40,2.9151718170907968
DS11,mc.svm_OVERB,svm,OVERB,41,2.8698020483798
DS11,mc.svm_OVERB,svm,OVERB,42,2.691647901495381
DS11,mc.svm_OVERB,svm,OVERB,43,2.806907168520606
DS11,mc.svm_OVERB,svm,OVERB,44,2.819491705933914
DS11,mc.svm_OVERB,svm,OVERB,45,2.82713263293773
DS11,mc.svm_OVERB,svm,OVERB,46,2.8767469251113655
DS11,mc.svm_OVERB,svm,OVERB,47,3.0498354819544176
DS11,mc.svm_OVERB,svm,OVERB,48,2.9641466130568856
DS11,mc.svm_OVERB,svm,OVERB,49,2.9283728211280726
DS11,mc.svm_OVERB,svm,OVERB,50,3.0117256265055414
DS11,mc.svm_OVERTPhi,svm,OVERTPhi,1,3.037604923326699
DS11,mc.svm_OVERTPhi,svm,OVERTPhi,2,2.9544933113234517
DS11,mc.svm_OVERTPhi,svm,OVERTPhi,3,2.980412088406374
DS11,mc.svm_OVERTPhi,svm,OVERTPhi,4,3.041998386828923
DS11,mc.svm_OVERTPhi,svm,OVERTPhi,5,3.0631902645087443
DS11,mc.svm_OVERTPhi,svm,OVERTPhi,6,3.0738913757681656
DS11,mc.svm_OVERTPhi,svm,OVERTPhi,7,3.0037495983416758
DS11,mc.svm_OVERTPhi,svm,OVERTPhi,8,3.011554435941563
DS11,mc.svm_OVERTPhi,svm,OVERTPhi,9,2.9897497430278466
DS11,mc.svm_OVERTPhi,svm,OVERTPhi,10,2.8538270595404014
DS11,mc.svm_OVERTPhi,svm,OVERTPhi,11,2.9111115961516325
DS11,mc.svm_OVERTPhi,svm,OVERTPhi,12,2.8246430807757354
DS11,mc.svm_OVERTPhi,svm,OVERTPhi,13,2.7756070540838547
DS11,mc.svm_OVERTPhi,svm,OVERTPhi,14,2.742597364756829
DS11,mc.svm_OVERTPhi,svm,OVERTPhi,15,2.7628000188127713
DS11,mc.svm_OVERTPhi,svm,OVERTPhi,16,2.7259795349832676
DS11,mc.svm_OVERTPhi,svm,OVERTPhi,17,2.691290326506451
DS11,mc.svm_OVERTPhi,svm,OVERTPhi,18,2.748013879571725
DS11,mc.svm_OVERTPhi,svm,OVERTPhi,19,2.7600621297673933
DS11,mc.svm_OVERTPhi,svm,OVERTPhi,20,2.7271590384356985
DS11,mc.svm_OVERTPhi,svm,OVERTPhi,21,2.6967988832191683
DS11,mc.svm_OVERTPhi,svm,OVERTPhi,22,2.7406166123979827
DS11,mc.svm_OVERTPhi,svm,OVERTPhi,23,2.3847056303579155
DS11,mc.svm_OVERTPhi,svm,OVERTPhi,24,2.4276423210292495
DS11,mc.svm_OVERTPhi,svm,OVERTPhi,25,2.3719963826196255
DS11,mc.svm_OVERTPhi,svm,OVERTPhi,26,2.366741064178018
DS11,mc.svm_OVERTPhi,svm,OVERTPhi,27,2.375023145191576
DS11,mc.svm_OVERTPhi,svm,OVERTPhi,28,2.376901317820462
DS11,mc.svm_OVERTPhi,svm,OVERTPhi,29,2.453795000928879
DS11,mc.svm_OVERTPhi,svm,OVERTPhi,30,2.5709975707083554
DS11,mc.svm_OVERTPhi,svm,OVERTPhi,31,2.5601255604090905
DS11,mc.svm_OVERTPhi,svm,OVERTPhi,32,2.5034031848821443
DS11,mc.svm_OVERTPhi,svm,OVERTPhi,33,2.465984091568524
DS11,mc.svm_OVERTPhi,svm,OVERTPhi,34,2.6110538308940723
DS11,mc.svm_OVERTPhi,svm,OVERTPhi,35,2.510026776997306
DS11,mc.svm_OVERTPhi,svm,OVERTPhi,36,2.5285024676365078
DS11,mc.svm_OVERTPhi,svm,OVERTPhi,37,2.6819570446352237
DS11,mc.svm_OVERTPhi,svm,OVERTPhi,38,2.7135098324751024
DS11,mc.svm_OVERTPhi,svm,OVERTPhi,39,2.74944114414756
DS11,mc.svm_OVERTPhi,svm,OVERTPhi,40,2.794580098243432
DS11,mc.svm_OVERTPhi,svm,OVERTPhi,41,2.8935407814049277
DS11,mc.svm_OVERTPhi,svm,OVERTPhi,42,2.897081570196327
DS11,mc.svm_OVERTPhi,svm,OVERTPhi,43,2.717648690066502
DS11,mc.svm_OVERTPhi,svm,OVERTPhi,44,2.778694797588806
DS11,mc.svm_OVERTPhi,svm,OVERTPhi,45,2.89806102366813
DS11,mc.svm_OVERTPhi,svm,OVERTPhi,46,2.882762064009115
DS11,mc.svm_OVERTPhi,svm,OVERTPhi,47,2.9987141607232903
DS11,mc.svm_OVERTPhi,svm,OVERTPhi,48,2.9889904184951286
DS11,mc.svm_OVERTPhi,svm,OVERTPhi,49,2.9336397963745706
DS11,mc.svm_OVERTPhi,svm,OVERTPhi,50,2.9807960545343914
DS11,mc.svm_OVERT,svm,OVERT,1,3.037604923326699
DS11,mc.svm_OVERT,svm,OVERT,2,2.9544933113234517
DS11,mc.svm_OVERT,svm,OVERT,3,2.980412088406374
DS11,mc.svm_OVERT,svm,OVERT,4,3.041998386828923
DS11,mc.svm_OVERT,svm,OVERT,5,3.0631902645087443
DS11,mc.svm_OVERT,svm,OVERT,6,3.0738913757681656
DS11,mc.svm_OVERT,svm,OVERT,7,3.0037495983416758
DS11,mc.svm_OVERT,svm,OVERT,8,3.011554435941563
DS11,mc.svm_OVERT,svm,OVERT,9,2.9897497430278466
DS11,mc.svm_OVERT,svm,OVERT,10,2.8538270595404014
DS11,mc.svm_OVERT,svm,OVERT,11,2.9111115961516325
DS11,mc.svm_OVERT,svm,OVERT,12,2.8246430807757354
DS11,mc.svm_OVERT,svm,OVERT,13,2.7756070540838547
DS11,mc.svm_OVERT,svm,OVERT,14,2.742597364756829
DS11,mc.svm_OVERT,svm,OVERT,15,2.7628000188127713
DS11,mc.svm_OVERT,svm,OVERT,16,2.7259795349832676
DS11,mc.svm_OVERT,svm,OVERT,17,2.691290326506451
DS11,mc.svm_OVERT,svm,OVERT,18,2.748013879571725
DS11,mc.svm_OVERT,svm,OVERT,19,2.7600621297673933
DS11,mc.svm_OVERT,svm,OVERT,20,2.7271590384356985
DS11,mc.svm_OVERT,svm,OVERT,21,2.6967988832191683
DS11,mc.svm_OVERT,svm,OVERT,22,2.7406166123979827
DS11,mc.svm_OVERT,svm,OVERT,23,2.3847056303579155
DS11,mc.svm_OVERT,svm,OVERT,24,2.4276423210292495
DS11,mc.svm_OVERT,svm,OVERT,25,2.3719963826196255
DS11,mc.svm_OVERT,svm,OVERT,26,2.366741064178018
DS11,mc.svm_OVERT,svm,OVERT,27,2.375023145191576
DS11,mc.svm_OVERT,svm,OVERT,28,2.376901317820462
DS11,mc.svm_OVERT,svm,OVERT,29,2.453795000928879
DS11,mc.svm_OVERT,svm,OVERT,30,2.5709975707083554
DS11,mc.svm_OVERT,svm,OVERT,31,2.5601255604090905
DS11,mc.svm_OVERT,svm,OVERT,32,2.5034031848821443
DS11,mc.svm_OVERT,svm,OVERT,33,2.465984091568524
DS11,mc.svm_OVERT,svm,OVERT,34,2.6110538308940723
DS11,mc.svm_OVERT,svm,OVERT,35,2.510026776997306
DS11,mc.svm_OVERT,svm,OVERT,36,2.5285024676365078
DS11,mc.svm_OVERT,svm,OVERT,37,2.6819570446352237
DS11,mc.svm_OVERT,svm,OVERT,38,2.7135098324751024
DS11,mc.svm_OVERT,svm,OVERT,39,2.74944114414756
DS11,mc.svm_OVERT,svm,OVERT,40,2.794580098243432
DS11,mc.svm_OVERT,svm,OVERT,41,2.8935407814049277
DS11,mc.svm_OVERT,svm,OVERT,42,2.897081570196327
DS11,mc.svm_OVERT,svm,OVERT,43,2.717648690066502
DS11,mc.svm_OVERT,svm,OVERT,44,2.778694797588806
DS11,mc.svm_OVERT,svm,OVERT,45,2.89806102366813
DS11,mc.svm_OVERT,svm,OVERT,46,2.882762064009115
DS11,mc.svm_OVERT,svm,OVERT,47,2.9987141607232903
DS11,mc.svm_OVERT,svm,OVERT,48,2.9889904184951286
DS11,mc.svm_OVERT,svm,OVERT,49,2.9336397963745706
DS11,mc.svm_OVERT,svm,OVERT,50,2.9807960545343914
DS11,mc.svm_SMOTEB,svm,SMOTEB,1,3.2548157456471536
DS11,mc.svm_SMOTEB,svm,SMOTEB,2,3.3907530692903007
DS11,mc.svm_SMOTEB,svm,SMOTEB,3,3.3744543642869282
DS11,mc.svm_SMOTEB,svm,SMOTEB,4,3.4151077066975772
DS11,mc.svm_SMOTEB,svm,SMOTEB,5,3.6328700731427634
DS11,mc.svm_SMOTEB,svm,SMOTEB,6,3.3353292656870996
DS11,mc.svm_SMOTEB,svm,SMOTEB,7,3.659864943407451
DS11,mc.svm_SMOTEB,svm,SMOTEB,8,3.5423979449744785
DS11,mc.svm_SMOTEB,svm,SMOTEB,9,3.4412700414321526
DS11,mc.svm_SMOTEB,svm,SMOTEB,10,3.3192118518857128
DS11,mc.svm_SMOTEB,svm,SMOTEB,11,3.252275892009445
DS11,mc.svm_SMOTEB,svm,SMOTEB,12,3.347771799667581
DS11,mc.svm_SMOTEB,svm,SMOTEB,13,3.261465588663773
DS11,mc.svm_SMOTEB,svm,SMOTEB,14,3.3375203168413137
DS11,mc.svm_SMOTEB,svm,SMOTEB,15,3.2217409764739453
DS11,mc.svm_SMOTEB,svm,SMOTEB,16,3.2502096204518183
DS11,mc.svm_SMOTEB,svm,SMOTEB,17,3.313391338400972
DS11,mc.svm_SMOTEB,svm,SMOTEB,18,3.2581191807295786
DS11,mc.svm_SMOTEB,svm,SMOTEB,19,3.289832568577093
DS11,mc.svm_SMOTEB,svm,SMOTEB,20,3.2995553002256464
DS11,mc.svm_SMOTEB,svm,SMOTEB,21,3.1384501840487764
DS11,mc.svm_SMOTEB,svm,SMOTEB,22,3.130215676700405
DS11,mc.svm_SMOTEB,svm,SMOTEB,23,2.8952529413602877
DS11,mc.svm_SMOTEB,svm,SMOTEB,24,2.7413169996112496
DS11,mc.svm_SMOTEB,svm,SMOTEB,25,2.8222507200936233
DS11,mc.svm_SMOTEB,svm,SMOTEB,26,2.747010533985976
DS11,mc.svm_SMOTEB,svm,SMOTEB,27,2.8312052509961427
DS11,mc.svm_SMOTEB,svm,SMOTEB,28,2.856401563385893
DS11,mc.svm_SMOTEB,svm,SMOTEB,29,3.1428607158769095
DS11,mc.svm_SMOTEB,svm,SMOTEB,30,2.9780698206611698
DS11,mc.svm_SMOTEB,svm,SMOTEB,31,3.1047414952168517
DS11,mc.svm_SMOTEB,svm,SMOTEB,32,2.8093885110531724
DS11,mc.svm_SMOTEB,svm,SMOTEB,33,2.9591224547202475
DS11,mc.svm_SMOTEB,svm,SMOTEB,34,3.2868572244914267
DS11,mc.svm_SMOTEB,svm,SMOTEB,35,3.217137698945401
DS11,mc.svm_SMOTEB,svm,SMOTEB,36,3.130812080060359
DS11,mc.svm_SMOTEB,svm,SMOTEB,37,3.2579713378070116
DS11,mc.svm_SMOTEB,svm,SMOTEB,38,3.2166363904412405
DS11,mc.svm_SMOTEB,svm,SMOTEB,39,3.5425964656914717
DS11,mc.svm_SMOTEB,svm,SMOTEB,40,3.309521950484744
DS11,mc.svm_SMOTEB,svm,SMOTEB,41,3.294054314402672
DS11,mc.svm_SMOTEB,svm,SMOTEB,42,3.374093304671845
DS11,mc.svm_SMOTEB,svm,SMOTEB,43,3.3485458811031026
DS11,mc.svm_SMOTEB,svm,SMOTEB,44,3.379617231718357
DS11,mc.svm_SMOTEB,svm,SMOTEB,45,3.414438748821004
DS11,mc.svm_SMOTEB,svm,SMOTEB,46,3.4571983611681225
DS11,mc.svm_SMOTEB,svm,SMOTEB,47,3.7123580636084856
DS11,mc.svm_SMOTEB,svm,SMOTEB,48,3.5061575289762144
DS11,mc.svm_SMOTEB,svm,SMOTEB,49,3.505697441216524
DS11,mc.svm_SMOTEB,svm,SMOTEB,50,3.671401845657375
DS11,mc.svm_SMOTETPhi,svm,SMOTETPhi,1,3.9757694970410355
DS11,mc.svm_SMOTETPhi,svm,SMOTETPhi,2,3.72319400539388
DS11,mc.svm_SMOTETPhi,svm,SMOTETPhi,3,3.7631521977324915
DS11,mc.svm_SMOTETPhi,svm,SMOTETPhi,4,4.150612877000513
DS11,mc.svm_SMOTETPhi,svm,SMOTETPhi,5,3.7236240150061026
DS11,mc.svm_SMOTETPhi,svm,SMOTETPhi,6,4.214548157822069
DS11,mc.svm_SMOTETPhi,svm,SMOTETPhi,7,4.08097703336877
DS11,mc.svm_SMOTETPhi,svm,SMOTETPhi,8,4.267123374592371
DS11,mc.svm_SMOTETPhi,svm,SMOTETPhi,9,4.1487700780469545
DS11,mc.svm_SMOTETPhi,svm,SMOTETPhi,10,3.9041368519533988
DS11,mc.svm_SMOTETPhi,svm,SMOTETPhi,11,4.084593550996046
DS11,mc.svm_SMOTETPhi,svm,SMOTETPhi,12,4.136073286549297
DS11,mc.svm_SMOTETPhi,svm,SMOTETPhi,13,4.073458797110808
DS11,mc.svm_SMOTETPhi,svm,SMOTETPhi,14,4.050363356427415
DS11,mc.svm_SMOTETPhi,svm,SMOTETPhi,15,3.8755327967301336
DS11,mc.svm_SMOTETPhi,svm,SMOTETPhi,16,3.705050157053406
DS11,mc.svm_SMOTETPhi,svm,SMOTETPhi,17,3.900328092246758
DS11,mc.svm_SMOTETPhi,svm,SMOTETPhi,18,4.271986248598561
DS11,mc.svm_SMOTETPhi,svm,SMOTETPhi,19,3.978415578250632
DS11,mc.svm_SMOTETPhi,svm,SMOTETPhi,20,3.6422519705049607
DS11,mc.svm_SMOTETPhi,svm,SMOTETPhi,21,3.7102488867125123
DS11,mc.svm_SMOTETPhi,svm,SMOTETPhi,22,3.9043725795437036
DS11,mc.svm_SMOTETPhi,svm,SMOTETPhi,23,2.8897225667856947
DS11,mc.svm_SMOTETPhi,svm,SMOTETPhi,24,3.1822860298207445
DS11,mc.svm_SMOTETPhi,svm,SMOTETPhi,25,3.0534515630939905
DS11,mc.svm_SMOTETPhi,svm,SMOTETPhi,26,2.9548493291265334
DS11,mc.svm_SMOTETPhi,svm,SMOTETPhi,27,3.1748777265938797
DS11,mc.svm_SMOTETPhi,svm,SMOTETPhi,28,3.2652779952979474
DS11,mc.svm_SMOTETPhi,svm,SMOTETPhi,29,3.303869822901164
DS11,mc.svm_SMOTETPhi,svm,SMOTETPhi,30,3.4213798929688406
DS11,mc.svm_SMOTETPhi,svm,SMOTETPhi,31,3.4840913328923335
DS11,mc.svm_SMOTETPhi,svm,SMOTETPhi,32,3.457501086012634
DS11,mc.svm_SMOTETPhi,svm,SMOTETPhi,33,3.256816285894009
DS11,mc.svm_SMOTETPhi,svm,SMOTETPhi,34,3.539655650418669
DS11,mc.svm_SMOTETPhi,svm,SMOTETPhi,35,3.4287429316140763
DS11,mc.svm_SMOTETPhi,svm,SMOTETPhi,36,3.4861902858257365
DS11,mc.svm_SMOTETPhi,svm,SMOTETPhi,37,3.3409051349432772
DS11,mc.svm_SMOTETPhi,svm,SMOTETPhi,38,3.5070439160700517
DS11,mc.svm_SMOTETPhi,svm,SMOTETPhi,39,3.9344047598537224
DS11,mc.svm_SMOTETPhi,svm,SMOTETPhi,40,3.8737296290839094
DS11,mc.svm_SMOTETPhi,svm,SMOTETPhi,41,3.712933350116294
DS11,mc.svm_SMOTETPhi,svm,SMOTETPhi,42,3.3063213917778325
DS11,mc.svm_SMOTETPhi,svm,SMOTETPhi,43,3.5189813071342164
DS11,mc.svm_SMOTETPhi,svm,SMOTETPhi,44,3.3616247778444435
DS11,mc.svm_SMOTETPhi,svm,SMOTETPhi,45,3.8896293597922647
DS11,mc.svm_SMOTETPhi,svm,SMOTETPhi,46,3.8608078530885708
DS11,mc.svm_SMOTETPhi,svm,SMOTETPhi,47,4.141600475033105
DS11,mc.svm_SMOTETPhi,svm,SMOTETPhi,48,4.109848316527428
DS11,mc.svm_SMOTETPhi,svm,SMOTETPhi,49,3.8651065530854245
DS11,mc.svm_SMOTETPhi,svm,SMOTETPhi,50,4.085840002862411
DS11,mc.svm_SMOTET,svm,SMOTET,1,3.7112463872858457
DS11,mc.svm_SMOTET,svm,SMOTET,2,3.6001719924458904
DS11,mc.svm_SMOTET,svm,SMOTET,3,3.525326611772136
DS11,mc.svm_SMOTET,svm,SMOTET,4,3.6910995695776005
DS11,mc.svm_SMOTET,svm,SMOTET,5,3.7254007532882794
DS11,mc.svm_SMOTET,svm,SMOTET,6,3.9944143395525353
DS11,mc.svm_SMOTET,svm,SMOTET,7,3.836829194662511
DS11,mc.svm_SMOTET,svm,SMOTET,8,3.83966336431522
DS11,mc.svm_SMOTET,svm,SMOTET,9,4.137929057792014
DS11,mc.svm_SMOTET,svm,SMOTET,10,3.894341819302449
DS11,mc.svm_SMOTET,svm,SMOTET,11,3.9721183402046907
DS11,mc.svm_SMOTET,svm,SMOTET,12,3.790079947444144
DS11,mc.svm_SMOTET,svm,SMOTET,13,3.8132115539790257
DS11,mc.svm_SMOTET,svm,SMOTET,14,3.7466775618679966
DS11,mc.svm_SMOTET,svm,SMOTET,15,3.47693177211378
DS11,mc.svm_SMOTET,svm,SMOTET,16,3.309725956648924
DS11,mc.svm_SMOTET,svm,SMOTET,17,3.5427194871996845
DS11,mc.svm_SMOTET,svm,SMOTET,18,3.618738320160372
DS11,mc.svm_SMOTET,svm,SMOTET,19,3.7220355820844144
DS11,mc.svm_SMOTET,svm,SMOTET,20,3.3084628451855522
DS11,mc.svm_SMOTET,svm,SMOTET,21,3.487896884953519
DS11,mc.svm_SMOTET,svm,SMOTET,22,3.769289423623337
DS11,mc.svm_SMOTET,svm,SMOTET,23,2.82808356576949
DS11,mc.svm_SMOTET,svm,SMOTET,24,2.9077671870926602
DS11,mc.svm_SMOTET,svm,SMOTET,25,2.8085874320601594
DS11,mc.svm_SMOTET,svm,SMOTET,26,2.8441035695938277
DS11,mc.svm_SMOTET,svm,SMOTET,27,3.3613995138664374
DS11,mc.svm_SMOTET,svm,SMOTET,28,2.9608980288661804
DS11,mc.svm_SMOTET,svm,SMOTET,29,3.1020197165409527
DS11,mc.svm_SMOTET,svm,SMOTET,30,3.179658598284489
DS11,mc.svm_SMOTET,svm,SMOTET,31,3.318454122189071
DS11,mc.svm_SMOTET,svm,SMOTET,32,3.190596668517081
DS11,mc.svm_SMOTET,svm,SMOTET,33,3.1285760664880216
DS11,mc.svm_SMOTET,svm,SMOTET,34,3.3817187675433975
DS11,mc.svm_SMOTET,svm,SMOTET,35,3.1484986772330843
DS11,mc.svm_SMOTET,svm,SMOTET,36,3.328706606869195
DS11,mc.svm_SMOTET,svm,SMOTET,37,3.1940936231110046
DS11,mc.svm_SMOTET,svm,SMOTET,38,3.179050712348166
DS11,mc.svm_SMOTET,svm,SMOTET,39,3.645338373103581
DS11,mc.svm_SMOTET,svm,SMOTET,40,3.7477286646479255
DS11,mc.svm_SMOTET,svm,SMOTET,41,3.454949751576148
DS11,mc.svm_SMOTET,svm,SMOTET,42,3.1927960035671443
DS11,mc.svm_SMOTET,svm,SMOTET,43,3.2828443006083003
DS11,mc.svm_SMOTET,svm,SMOTET,44,3.1372832330128206
DS11,mc.svm_SMOTET,svm,SMOTET,45,3.7637853432430903
DS11,mc.svm_SMOTET,svm,SMOTET,46,3.687201337060803
DS11,mc.svm_SMOTET,svm,SMOTET,47,3.9769329575723464
DS11,mc.svm_SMOTET,svm,SMOTET,48,3.7667547553677525
DS11,mc.svm_SMOTET,svm,SMOTET,49,3.9548184711196757
DS11,mc.svm_SMOTET,svm,SMOTET,50,3.5349764357953872
DS11,mc.svm_UNDERB,svm,UNDERB,1,2.834654355858502
DS11,mc.svm_UNDERB,svm,UNDERB,2,2.717788986420721
DS11,mc.svm_UNDERB,svm,UNDERB,3,2.736440864652981
DS11,mc.svm_UNDERB,svm,UNDERB,4,2.693088219222736
DS11,mc.svm_UNDERB,svm,UNDERB,5,2.6153628227680112
DS11,mc.svm_UNDERB,svm,UNDERB,6,2.7586378923346753
DS11,mc.svm_UNDERB,svm,UNDERB,7,2.6885947848875538
DS11,mc.svm_UNDERB,svm,UNDERB,8,2.6288450113425
DS11,mc.svm_UNDERB,svm,UNDERB,9,2.6517434007881278
DS11,mc.svm_UNDERB,svm,UNDERB,10,2.7163668723739516
DS11,mc.svm_UNDERB,svm,UNDERB,11,2.600581252956036
DS11,mc.svm_UNDERB,svm,UNDERB,12,2.5667237453921947
DS11,mc.svm_UNDERB,svm,UNDERB,13,2.555078773622463
DS11,mc.svm_UNDERB,svm,UNDERB,14,2.52539073063692
DS11,mc.svm_UNDERB,svm,UNDERB,15,2.489389069092756
DS11,mc.svm_UNDERB,svm,UNDERB,16,2.535058859068833
DS11,mc.svm_UNDERB,svm,UNDERB,17,2.4527004971010262
DS11,mc.svm_UNDERB,svm,UNDERB,18,2.52026314305249
DS11,mc.svm_UNDERB,svm,UNDERB,19,2.379521327453252
DS11,mc.svm_UNDERB,svm,UNDERB,20,2.3806463693387023
DS11,mc.svm_UNDERB,svm,UNDERB,21,2.4545502093635805
DS11,mc.svm_UNDERB,svm,UNDERB,22,2.4070925217439276
DS11,mc.svm_UNDERB,svm,UNDERB,23,2.2655399652631094
DS11,mc.svm_UNDERB,svm,UNDERB,24,2.319078337442961
DS11,mc.svm_UNDERB,svm,UNDERB,25,2.2008255460333084
DS11,mc.svm_UNDERB,svm,UNDERB,26,2.218334643543503
DS11,mc.svm_UNDERB,svm,UNDERB,27,2.2887210136431344
DS11,mc.svm_UNDERB,svm,UNDERB,28,2.2766147548299682
DS11,mc.svm_UNDERB,svm,UNDERB,29,2.405495720615909
DS11,mc.svm_UNDERB,svm,UNDERB,30,2.5205939568905147
DS11,mc.svm_UNDERB,svm,UNDERB,31,2.3761990308111463
DS11,mc.svm_UNDERB,svm,UNDERB,32,2.5267872022732005
DS11,mc.svm_UNDERB,svm,UNDERB,33,2.452565809571867
DS11,mc.svm_UNDERB,svm,UNDERB,34,2.43852959231724
DS11,mc.svm_UNDERB,svm,UNDERB,35,2.3943412579226933
DS11,mc.svm_UNDERB,svm,UNDERB,36,2.510700150070394
DS11,mc.svm_UNDERB,svm,UNDERB,37,2.6864386139477414
DS11,mc.svm_UNDERB,svm,UNDERB,38,2.526753710213486
DS11,mc.svm_UNDERB,svm,UNDERB,39,2.579729543631094
DS11,mc.svm_UNDERB,svm,UNDERB,40,2.581297836294874
DS11,mc.svm_UNDERB,svm,UNDERB,41,2.5935510397077057
DS11,mc.svm_UNDERB,svm,UNDERB,42,2.719229177431154
DS11,mc.svm_UNDERB,svm,UNDERB,43,2.57706591707425
DS11,mc.svm_UNDERB,svm,UNDERB,44,2.765793304236762
DS11,mc.svm_UNDERB,svm,UNDERB,45,2.6962168209716695
DS11,mc.svm_UNDERB,svm,UNDERB,46,2.7939914652209747
DS11,mc.svm_UNDERB,svm,UNDERB,47,2.7565855667734382
DS11,mc.svm_UNDERB,svm,UNDERB,48,2.82689791798367
DS11,mc.svm_UNDERB,svm,UNDERB,49,2.8220932312517157
DS11,mc.svm_UNDERB,svm,UNDERB,50,2.7667922888838237
DS11,mc.svm_UNDERTPhi,svm,UNDERTPhi,1,2.910912487399881
DS11,mc.svm_UNDERTPhi,svm,UNDERTPhi,2,2.7878541945298694
DS11,mc.svm_UNDERTPhi,svm,UNDERTPhi,3,2.8890627671289195
DS11,mc.svm_UNDERTPhi,svm,UNDERTPhi,4,2.9796741644502123
DS11,mc.svm_UNDERTPhi,svm,UNDERTPhi,5,2.938033666804727
DS11,mc.svm_UNDERTPhi,svm,UNDERTPhi,6,2.868199075652194
DS11,mc.svm_UNDERTPhi,svm,UNDERTPhi,7,2.935517486652383
DS11,mc.svm_UNDERTPhi,svm,UNDERTPhi,8,2.8578179043152554
DS11,mc.svm_UNDERTPhi,svm,UNDERTPhi,9,2.818517694068901
DS11,mc.svm_UNDERTPhi,svm,UNDERTPhi,10,2.937603837812229
DS11,mc.svm_UNDERTPhi,svm,UNDERTPhi,11,2.7482031427725846
DS11,mc.svm_UNDERTPhi,svm,UNDERTPhi,12,2.8105100639330347
DS11,mc.svm_UNDERTPhi,svm,UNDERTPhi,13,2.8612779914150424
DS11,mc.svm_UNDERTPhi,svm,UNDERTPhi,14,2.7097322106728945
DS11,mc.svm_UNDERTPhi,svm,UNDERTPhi,15,2.6116480848238806
DS11,mc.svm_UNDERTPhi,svm,UNDERTPhi,16,2.615139960430023
DS11,mc.svm_UNDERTPhi,svm,UNDERTPhi,17,2.713940877364971
DS11,mc.svm_UNDERTPhi,svm,UNDERTPhi,18,2.621433453762854
DS11,mc.svm_UNDERTPhi,svm,UNDERTPhi,19,2.46875144453092
DS11,mc.svm_UNDERTPhi,svm,UNDERTPhi,20,2.713565940843102
DS11,mc.svm_UNDERTPhi,svm,UNDERTPhi,21,2.506503203457104
DS11,mc.svm_UNDERTPhi,svm,UNDERTPhi,22,2.612203787951219
DS11,mc.svm_UNDERTPhi,svm,UNDERTPhi,23,2.3849758321527497
DS11,mc.svm_UNDERTPhi,svm,UNDERTPhi,24,2.323476605805423
DS11,mc.svm_UNDERTPhi,svm,UNDERTPhi,25,2.421509959224136
DS11,mc.svm_UNDERTPhi,svm,UNDERTPhi,26,2.4203445013971736
DS11,mc.svm_UNDERTPhi,svm,UNDERTPhi,27,2.2865572652862247
DS11,mc.svm_UNDERTPhi,svm,UNDERTPhi,28,2.4240554267282253
DS11,mc.svm_UNDERTPhi,svm,UNDERTPhi,29,2.4927560790171395
DS11,mc.svm_UNDERTPhi,svm,UNDERTPhi,30,2.466191630673904
DS11,mc.svm_UNDERTPhi,svm,UNDERTPhi,31,2.55939721350538
DS11,mc.svm_UNDERTPhi,svm,UNDERTPhi,32,2.4885323714698435
DS11,mc.svm_UNDERTPhi,svm,UNDERTPhi,33,2.547531887535396
DS11,mc.svm_UNDERTPhi,svm,UNDERTPhi,34,2.516498395691609
DS11,mc.svm_UNDERTPhi,svm,UNDERTPhi,35,2.5372389587484996
DS11,mc.svm_UNDERTPhi,svm,UNDERTPhi,36,2.4981551669289237
DS11,mc.svm_UNDERTPhi,svm,UNDERTPhi,37,2.5739473082985214
DS11,mc.svm_UNDERTPhi,svm,UNDERTPhi,38,2.663977569586034
DS11,mc.svm_UNDERTPhi,svm,UNDERTPhi,39,2.7262551270064375
DS11,mc.svm_UNDERTPhi,svm,UNDERTPhi,40,2.5829720004546206
DS11,mc.svm_UNDERTPhi,svm,UNDERTPhi,41,2.7907430483873106
DS11,mc.svm_UNDERTPhi,svm,UNDERTPhi,42,2.713068482807763
DS11,mc.svm_UNDERTPhi,svm,UNDERTPhi,43,2.74475091194821
DS11,mc.svm_UNDERTPhi,svm,UNDERTPhi,44,2.8411965359822435
DS11,mc.svm_UNDERTPhi,svm,UNDERTPhi,45,2.864881082829262
DS11,mc.svm_UNDERTPhi,svm,UNDERTPhi,46,2.8057451126256057
DS11,mc.svm_UNDERTPhi,svm,UNDERTPhi,47,2.8180490710416453
DS11,mc.svm_UNDERTPhi,svm,UNDERTPhi,48,2.8711905425392255
DS11,mc.svm_UNDERTPhi,svm,UNDERTPhi,49,2.888961104711572
DS11,mc.svm_UNDERTPhi,svm,UNDERTPhi,50,2.8473814352934723
DS11,mc.svm_UNDERT,svm,UNDERT,1,2.8317660723092932
DS11,mc.svm_UNDERT,svm,UNDERT,2,2.6741001142081418
DS11,mc.svm_UNDERT,svm,UNDERT,3,2.7932055733534216
DS11,mc.svm_UNDERT,svm,UNDERT,4,2.8523926640133257
DS11,mc.svm_UNDERT,svm,UNDERT,5,2.7785099486571543
DS11,mc.svm_UNDERT,svm,UNDERT,6,2.699164841086476
DS11,mc.svm_UNDERT,svm,UNDERT,7,2.741167899358301
DS11,mc.svm_UNDERT,svm,UNDERT,8,2.785495938905649
DS11,mc.svm_UNDERT,svm,UNDERT,9,2.6173456174014356
DS11,mc.svm_UNDERT,svm,UNDERT,10,2.6487406172388086
DS11,mc.svm_UNDERT,svm,UNDERT,11,2.663674291138274
DS11,mc.svm_UNDERT,svm,UNDERT,12,2.7120742640358717
DS11,mc.svm_UNDERT,svm,UNDERT,13,2.7001671523004847
DS11,mc.svm_UNDERT,svm,UNDERT,14,2.7334111748514545
DS11,mc.svm_UNDERT,svm,UNDERT,15,2.4417111226777806
DS11,mc.svm_UNDERT,svm,UNDERT,16,2.4738846297680634
DS11,mc.svm_UNDERT,svm,UNDERT,17,2.541298848419052
DS11,mc.svm_UNDERT,svm,UNDERT,18,2.431695349878947
DS11,mc.svm_UNDERT,svm,UNDERT,19,2.6468175462802197
DS11,mc.svm_UNDERT,svm,UNDERT,20,2.577910451744468
DS11,mc.svm_UNDERT,svm,UNDERT,21,2.4772811789923455
DS11,mc.svm_UNDERT,svm,UNDERT,22,2.4508596134264646
DS11,mc.svm_UNDERT,svm,UNDERT,23,2.3109239435602222
DS11,mc.svm_UNDERT,svm,UNDERT,24,2.225340314748998
DS11,mc.svm_UNDERT,svm,UNDERT,25,2.2072816042852663
DS11,mc.svm_UNDERT,svm,UNDERT,26,2.2527838039643266
DS11,mc.svm_UNDERT,svm,UNDERT,27,2.2302464025654953
DS11,mc.svm_UNDERT,svm,UNDERT,28,2.3242486684562786
DS11,mc.svm_UNDERT,svm,UNDERT,29,2.396713658146579
DS11,mc.svm_UNDERT,svm,UNDERT,30,2.571662807940169
DS11,mc.svm_UNDERT,svm,UNDERT,31,2.4943349429865154
DS11,mc.svm_UNDERT,svm,UNDERT,32,2.432555911448518
DS11,mc.svm_UNDERT,svm,UNDERT,33,2.33344149262821
DS11,mc.svm_UNDERT,svm,UNDERT,34,2.448387513058641
DS11,mc.svm_UNDERT,svm,UNDERT,35,2.5066500744956515
DS11,mc.svm_UNDERT,svm,UNDERT,36,2.593112081406059
DS11,mc.svm_UNDERT,svm,UNDERT,37,2.596209009715404
DS11,mc.svm_UNDERT,svm,UNDERT,38,2.4816353853870146
DS11,mc.svm_UNDERT,svm,UNDERT,39,2.7233517134907044
DS11,mc.svm_UNDERT,svm,UNDERT,40,2.7243013133164986
DS11,mc.svm_UNDERT,svm,UNDERT,41,2.5747591718974463
DS11,mc.svm_UNDERT,svm,UNDERT,42,2.6187352991170108
DS11,mc.svm_UNDERT,svm,UNDERT,43,2.621485473786446
DS11,mc.svm_UNDERT,svm,UNDERT,44,2.5953066738605743
DS11,mc.svm_UNDERT,svm,UNDERT,45,2.809040547360573
DS11,mc.svm_UNDERT,svm,UNDERT,46,2.812924480141855
DS11,mc.svm_UNDERT,svm,UNDERT,47,2.794434024964829
DS11,mc.svm_UNDERT,svm,UNDERT,48,2.7342012009862477
DS11,mc.svm_UNDERT,svm,UNDERT,49,2.691942018609954
DS11,mc.svm_UNDERT,svm,UNDERT,50,2.8352269026034627
DS11,mc.svm,svm,baseline,1,2.391891233711616
DS11,mc.svm,svm,baseline,2,2.3839043744690818
DS11,mc.svm,svm,baseline,3,2.3814079681048868
DS11,mc.svm,svm,baseline,4,2.3693246635537197
DS11,mc.svm,svm,baseline,5,2.3701361504320486
DS11,mc.svm,svm,baseline,6,2.3531886650827962
DS11,mc.svm,svm,baseline,7,2.3579064844407887
DS11,mc.svm,svm,baseline,8,2.3338317803302395
DS11,mc.svm,svm,baseline,9,2.3098892013352095
DS11,mc.svm,svm,baseline,10,2.312572158896769
DS11,mc.svm,svm,baseline,11,2.2727435436272865
DS11,mc.svm,svm,baseline,12,2.248067432584504
DS11,mc.svm,svm,baseline,13,2.2505147114110193
DS11,mc.svm,svm,baseline,14,2.2294453983564644
DS11,mc.svm,svm,baseline,15,2.22491487203431
DS11,mc.svm,svm,baseline,16,2.2044962524634184
DS11,mc.svm,svm,baseline,17,2.2030537740306153
DS11,mc.svm,svm,baseline,18,2.1980708893878655
DS11,mc.svm,svm,baseline,19,2.1938045982041827
DS11,mc.svm,svm,baseline,20,2.1968979486337386
DS11,mc.svm,svm,baseline,21,2.20242251468474
DS11,mc.svm,svm,baseline,22,2.1955686686885634
DS11,mc.svm,svm,baseline,23,2.0354443517644127
DS11,mc.svm,svm,baseline,24,2.041789665531043
DS11,mc.svm,svm,baseline,25,2.0833091394763903
DS11,mc.svm,svm,baseline,26,2.085892509355465
DS11,mc.svm,svm,baseline,27,2.0147583505951117
DS11,mc.svm,svm,baseline,28,2.042062239411299
DS11,mc.svm,svm,baseline,29,2.0589378281120396
DS11,mc.svm,svm,baseline,30,2.257147291102334
DS11,mc.svm,svm,baseline,31,2.15417108743591
DS11,mc.svm,svm,baseline,32,2.1340912969254853
DS11,mc.svm,svm,baseline,33,2.149050301002055
DS11,mc.svm,svm,baseline,34,2.1358031133706774
DS11,mc.svm,svm,baseline,35,2.1659661882840635
DS11,mc.svm,svm,baseline,36,2.246759732052226
DS11,mc.svm,svm,baseline,37,2.3218561628792473
DS11,mc.svm,svm,baseline,38,2.3392881279246733
DS11,mc.svm,svm,baseline,39,2.3366858819502863
DS11,mc.svm,svm,baseline,40,2.3115710267883776
DS11,mc.svm,svm,baseline,41,2.359321023798607
DS11,mc.svm,svm,baseline,42,2.3646342431922682
DS11,mc.svm,svm,baseline,43,2.366414100009123
DS11,mc.svm,svm,baseline,44,2.3846927333051955
DS11,mc.svm,svm,baseline,45,2.439120484177727
DS11,mc.svm,svm,baseline,46,2.43203778084382
DS11,mc.svm,svm,baseline,47,2.432250158343116
DS11,mc.svm,svm,baseline,48,2.432232435614194
DS11,mc.svm,svm,baseline,49,2.4349233344791457
DS11,mc.svm,svm,baseline,50,2.458450622296932
