"iteration","obs_index","y_true","y_pred"
1,1,-0.019774104,0.00963629033333333
1,2,-0.02729,0.026151183
1,3,-0.003809534,0.022233748
1,4,0.012960538,0.022233748
1,5,0.003336998,0.0310814264285714
1,6,0.0111113,0.026151183
1,7,-0.002354158,0.00963629033333333
1,8,0.002296293,-0.0183221021666667
1,9,0.005947344,-0.00226066977777778
1,10,0.010310325,0.026151183
1,11,-0.002326162,0.0310814264285714
1,12,-0.008235251,0.026151183
1,13,0.008018818,-0.0345506915
1,14,-0.001826145,0.0310814264285714
1,15,-0.006394627,-0.0183221021666667
1,16,-0.006927662,-0.0345506915
1,17,0.007745793,-0.0345506915
1,18,0.011574976,0.00963629033333333
1,19,0.00828374,0.0310814264285714
1,20,0.003711996,0.0310814264285714
1,21,-0.004067471,-0.00226066977777778
1,22,0.010645201,-0.0183221021666667
1,23,0.009756269,0.0310814264285714
1,24,0.001288432,0.0310814264285714
1,25,0.002852183,0.0227764906666667
1,26,-0.002285129,-0.00226066977777778
1,27,2.82e-05,-0.0183221021666667
1,28,-0.00754002,0.026151183
1,29,0.006678935,-0.0345506915
1,30,0.011753411,-0.00226066977777778
1,31,-0.000118508,0.0310814264285714
1,32,-0.001747153,0.0227764906666667
1,33,-0.00595858,-0.0183221021666667
1,34,0.002049152,0.00354212016666667
1,35,-0.000280023,0.0227764906666667
1,36,-3.32e-05,0.026151183
1,37,0.004233582,0.0227764906666667
1,38,0.006657004,-0.00226066977777778
1,39,0.003322491,-0.00226066977777778
1,40,-0.001537399,-0.00226066977777778
1,41,0.01345158,-0.0183221021666667
1,42,0.001229191,0.0310814264285714
1,43,0.004452219,0.0227764906666667
1,44,0.002949178,-0.00226066977777778
1,45,0.003124776,-0.00226066977777778
1,46,-0.00362746,-0.00226066977777778
1,47,0.003942423,0.026151183
1,48,-0.005179159,-0.00226066977777778
1,49,-0.003799375,0.00354212016666667
1,50,0.007507331,-0.0183221021666667
1,51,5.08e-06,0.0310814264285714
1,52,-0.012591087,0.0227764906666667
1,53,-0.015519306,0.00354212016666667
1,54,0.008943,0.00354212016666667
1,55,0.002515698,0.0310814264285714
1,56,-0.003179646,-0.00226066977777778
1,57,0.008768359,-0.0345506915
1,58,-0.011889142,0.00963629033333333
1,59,-0.009722941,0.00354212016666667
1,60,0.002971064,0.00354212016666667
1,61,0.004164699,-0.00226066977777778
1,62,-0.007586866,-0.00226066977777778
1,63,-0.01250644,0.00354212016666667
1,64,-0.013384167,-0.0345506915
1,65,-0.013554059,0.00354212016666667
1,66,-0.014724997,0.00354212016666667
1,67,0.025317649,0.00354212016666667
1,68,-0.006566375,0.00963629033333333
1,69,0.00716741,0.00354212016666667
1,70,0.005779977,-0.00226066977777778
1,71,-0.011049522,-0.00226066977777778
1,72,-0.013753547,0.00354212016666667
1,73,-0.002419064,0.026151183
1,74,-0.036374727,-0.0345506915
1,75,0.00112439,0.00354212016666667
1,76,0.00511012,0.022233748
1,77,-0.027590293,-0.00226066977777778
1,78,0.02156199,0.00354212016666667
1,79,0.017184219,0.0310814264285714
1,80,0.007175984,0.00963629033333333
1,81,0.011325081,-0.00226066977777778
1,82,-0.015882222,0.0310814264285714
1,83,0.003444305,0.00354212016666667
1,84,0.011455399,0.026151183
1,85,-0.006233492,0.0310814264285714
1,86,-0.015968381,-0.0345506915
1,87,0.000723629,0.026151183
1,88,0.0017334,0.0227764906666667
1,89,0.010020454,0.0227764906666667
1,90,0.00877387,0.0310814264285714
1,91,0.007877899,0.0310814264285714
1,92,0.007188407,0.00963629033333333
1,93,0.003332611,-0.00226066977777778
1,94,0.002606371,-0.00226066977777778
1,95,0.002134784,-0.00226066977777778
1,96,0.017326939,-0.00226066977777778
1,97,-0.006912794,0.0310814264285714
1,98,-0.002068345,-0.0345506915
1,99,-0.006716706,-0.0345506915
1,100,-0.002310732,0.00354212016666667
1,101,0.00053971,-0.0183221021666667
1,102,-0.021032886,0.026151183
1,103,-0.006962182,-0.0345506915
1,104,-0.006819675,0.022233748
1,105,0.000513917,0.00354212016666667
1,106,-0.000926974,0.0227764906666667
1,107,0.015586943,0.0227764906666667
1,108,0.000986979,0.00963629033333333
1,109,0.007505103,0.0227764906666667
1,110,0.008605912,0.00963629033333333
1,111,0.002228034,0.0310814264285714
1,112,0.003910511,-0.00226066977777778
1,113,0.003616272,0.026151183
1,114,-0.004870161,-0.00226066977777778
1,115,-0.006472779,0.00354212016666667
1,116,0.000105052,-0.0345506915
1,117,0.007196694,0.0227764906666667
1,118,0.008880124,-0.00226066977777778
1,119,0.00618863,0.0310814264285714
1,120,0.007336415,-0.00226066977777778
1,121,0.002304461,0.00963629033333333
1,122,0.002006969,-0.00226066977777778
1,123,0.000772417,0.0227764906666667
1,124,0.001432271,0.0227764906666667
1,125,-0.003294977,0.0227764906666667
1,126,0.015749215,-0.0345506915
1,127,-0.002498259,0.0310814264285714
1,128,0.00157399,-0.0183221021666667
1,129,-0.000640049,0.0227764906666667
1,130,-0.001846139,0.0227764906666667
1,131,0.003611527,-0.0183221021666667
2,1,0.012960538,0.0118240483333333
2,2,0.003336998,0.0342144578
2,3,0.0111113,0.0342144578
2,4,-0.002354158,0.00819006583333333
2,5,0.002296293,0.0118240483333333
2,6,0.005947344,0.00819006583333333
2,7,0.010310325,-0.000193477666666666
2,8,-0.002326162,-0.000193477666666666
2,9,-0.008235251,-0.0199421043333333
2,10,0.008018818,0.0118240483333333
2,11,-0.001826145,0.0342144578
2,12,-0.006394627,-0.0199421043333333
2,13,-0.006927662,-0.0345506915
2,14,0.007745793,0.0118240483333333
2,15,0.011574976,0.00819006583333333
2,16,0.00828374,0.0342144578
2,17,0.003711996,0.016679209
2,18,-0.004067471,0.00819006583333333
2,19,0.010645201,0.0118240483333333
2,20,0.009756269,0.0342144578
2,21,0.001288432,0.016679209
2,22,0.002852183,0.016679209
2,23,-0.002285129,0.016679209
2,24,2.82e-05,0.0118240483333333
2,25,-0.00754002,0.0342144578
2,26,0.006678935,0.0118240483333333
2,27,0.011753411,0.016679209
2,28,-0.000118508,0.0342144578
2,29,-0.001747153,0.0342144578
2,30,-0.00595858,0.0118240483333333
2,31,0.002049152,0.0118240483333333
2,32,-0.000280023,0.0342144578
2,33,-3.32e-05,0.016679209
2,34,0.004233582,0.016679209
2,35,0.006657004,0.0342144578
2,36,0.003322491,0.00819006583333333
2,37,-0.001537399,0.0342144578
2,38,0.01345158,0.0118240483333333
2,39,0.001229191,0.0342144578
2,40,0.004452219,0.0342144578
2,41,0.002949178,0.016679209
2,42,0.003124776,0.016679209
2,43,-0.00362746,0.016679209
2,44,0.003942423,0.0118240483333333
2,45,-0.005179159,0.016679209
2,46,-0.003799375,0.0118240483333333
2,47,0.007507331,0.0013098875
2,48,5.08e-06,0.016679209
2,49,-0.012591087,0.00819006583333333
2,50,-0.015519306,-0.0199421043333333
2,51,0.008943,0.0118240483333333
2,52,0.002515698,0.00819006583333333
2,53,-0.003179646,0.0342144578
2,54,0.008768359,-0.0345506915
2,55,-0.011889142,0.00819006583333333
2,56,-0.009722941,0.0118240483333333
2,57,0.002971064,0.0013098875
2,58,0.004164699,-0.000193477666666666
2,59,-0.007586866,-0.000193477666666666
2,60,-0.01250644,-0.0199421043333333
2,61,-0.013384167,0.0118240483333333
2,62,-0.013554059,0.0118240483333333
2,63,-0.014724997,0.0013098875
2,64,0.025317649,0.0013098875
2,65,-0.006566375,-0.000193477666666666
2,66,0.00716741,-0.0199421043333333
2,67,0.005779977,0.00819006583333333
2,68,-0.011049522,0.00819006583333333
2,69,-0.013753547,-0.0199421043333333
2,70,-0.002419064,0.0118240483333333
2,71,-0.036374727,0.0118240483333333
2,72,0.00112439,-0.0199421043333333
2,73,0.00511012,0.016679209
2,74,-0.027590293,0.00819006583333333
2,75,0.02156199,-0.0199421043333333
2,76,0.017184219,0.0342144578
2,77,0.007175984,-0.000193477666666666
2,78,0.011325081,-0.000193477666666666
2,79,-0.015882222,0.0342144578
2,80,0.003444305,0.0118240483333333
2,81,0.011455399,0.0342144578
2,82,-0.006233492,0.016679209
2,83,-0.015968381,-0.0345506915
2,84,0.000723629,0.0118240483333333
2,85,0.0017334,0.00819006583333333
2,86,0.010020454,0.0342144578
2,87,0.00877387,0.016679209
2,88,0.007877899,-0.000193477666666666
2,89,0.007188407,0.00819006583333333
2,90,0.003332611,0.0342144578
2,91,0.002606371,0.0342144578
2,92,0.002134784,-0.000193477666666666
2,93,0.017326939,0.016679209
2,94,-0.006912794,0.016679209
2,95,-0.002068345,0.0118240483333333
2,96,-0.006716706,0.0013098875
2,97,-0.002310732,0.0118240483333333
2,98,0.00053971,0.0013098875
2,99,-0.021032886,0.0342144578
2,100,-0.006962182,-0.0345506915
2,101,-0.006819675,0.0013098875
2,102,0.000513917,0.0013098875
2,103,-0.000926974,0.0342144578
2,104,0.015586943,0.0342144578
2,105,0.000986979,0.00819006583333333
2,106,0.007505103,0.00819006583333333
2,107,0.008605912,0.00819006583333333
2,108,0.002228034,-0.000193477666666666
2,109,0.003910511,0.0342144578
2,110,0.003616272,0.0342144578
2,111,-0.004870161,0.016679209
2,112,-0.006472779,-0.0199421043333333
2,113,0.000105052,0.0118240483333333
2,114,0.007196694,0.016679209
2,115,0.008880124,0.0342144578
2,116,0.00618863,0.016679209
2,117,0.007336415,0.00819006583333333
2,118,0.002304461,0.00819006583333333
2,119,0.002006969,0.0342144578
2,120,0.000772417,0.0342144578
2,121,0.001432271,0.016679209
2,122,-0.003294977,0.016679209
2,123,0.015749215,-0.0345506915
2,124,-0.002498259,0.016679209
2,125,0.00157399,-0.0199421043333333
2,126,-0.000640049,0.0342144578
2,127,-0.001846139,0.0342144578
2,128,0.003611527,-0.0199421043333333
2,129,-0.009966402,0.0342144578
2,130,-0.01411308,-0.0345506915
2,131,-0.005318878,0.0013098875
3,1,-0.006394627,-0.0142975062
3,2,-0.006927662,0.006210503
3,3,0.007745793,0.01443979375
3,4,0.011574976,0.0247646338
3,5,0.00828374,0.0101274663333333
3,6,0.003711996,0.0242082505
3,7,-0.004067471,0.0242082505
3,8,0.010645201,0.01443979375
3,9,0.009756269,-0.01754291275
3,10,0.001288432,0.0242082505
3,11,0.002852183,0.0242082505
3,12,-0.002285129,-0.01754291275
3,13,2.82e-05,0.01443979375
3,14,-0.00754002,-0.01754291275
3,15,0.006678935,0.01443979375
3,16,0.011753411,0.0247646338
3,17,-0.000118508,0.0101274663333333
3,18,-0.001747153,0.0242082505
3,19,-0.00595858,0.01443979375
3,20,0.002049152,0.01443979375
3,21,-0.000280023,0.0247646338
3,22,-3.32e-05,0.0101274663333333
3,23,0.004233582,-0.01754291275
3,24,0.006657004,-0.01754291275
3,25,0.003322491,0.0101274663333333
3,26,-0.001537399,0.0101274663333333
3,27,0.01345158,0.01443979375
3,28,0.001229191,-0.01754291275
3,29,0.004452219,0.0242082505
3,30,0.002949178,-0.01754291275
3,31,0.003124776,0.0101274663333333
3,32,-0.00362746,0.034156592
3,33,0.003942423,0.01443979375
3,34,-0.005179159,-0.01754291275
3,35,-0.003799375,0.01443979375
3,36,0.007507331,0.006210503
3,37,5.08e-06,-0.01754291275
3,38,-0.012591087,0.0101274663333333
3,39,-0.015519306,-0.0142975062
3,40,0.008943,0.01443979375
3,41,0.002515698,0.0247646338
3,42,-0.003179646,0.0242082505
3,43,0.008768359,-0.02463729
3,44,-0.011889142,-0.01754291275
3,45,-0.009722941,0.01443979375
3,46,0.002971064,0.006210503
3,47,0.004164699,0.0247646338
3,48,-0.007586866,0.034156592
3,49,-0.01250644,-0.0142975062
3,50,-0.013384167,0.01443979375
3,51,-0.013554059,0.01443979375
3,52,-0.014724997,0.006210503
3,53,0.025317649,-0.02463729
3,54,-0.006566375,0.0247646338
3,55,0.00716741,-0.033487411
3,56,0.005779977,0.0247646338
3,57,-0.011049522,0.0101274663333333
3,58,-0.013753547,-0.02463729
3,59,-0.002419064,0.01443979375
3,60,-0.036374727,0.01443979375
3,61,0.00112439,-0.02463729
3,62,0.00511012,0.0247646338
3,63,-0.027590293,-0.01754291275
3,64,0.02156199,-0.0142975062
3,65,0.017184219,0.0247646338
3,66,0.007175984,-0.00225589375
3,67,0.011325081,-0.00225589375
3,68,-0.015882222,0.0101274663333333
3,69,0.003444305,-0.033487411
3,70,0.011455399,0.0247646338
3,71,-0.006233492,0.0101274663333333
3,72,-0.015968381,-0.033487411
3,73,0.000723629,0.01443979375
3,74,0.0017334,0.0247646338
3,75,0.010020454,-0.01754291275
3,76,0.00877387,0.0101274663333333
3,77,0.007877899,0.0242082505
3,78,0.007188407,0.0242082505
3,79,0.003332611,0.0101274663333333
3,80,0.002606371,0.034156592
3,81,0.002134784,0.034156592
3,82,0.017326939,0.0101274663333333
3,83,-0.006912794,0.0101274663333333
3,84,-0.002068345,-0.033487411
3,85,-0.006716706,0.01443979375
3,86,-0.002310732,0.01443979375
3,87,0.00053971,0.006210503
3,88,-0.021032886,-0.01754291275
3,89,-0.006962182,-0.0142975062
3,90,-0.006819675,0.006210503
3,91,0.000513917,0.01443979375
3,92,-0.000926974,0.0247646338
3,93,0.015586943,-0.01754291275
3,94,0.000986979,-0.01754291275
3,95,0.007505103,-0.00225589375
3,96,0.008605912,-0.01754291275
3,97,0.002228034,0.0101274663333333
3,98,0.003910511,0.034156592
3,99,0.003616272,0.0101274663333333
3,100,-0.004870161,0.0101274663333333
3,101,-0.006472779,0.01443979375
3,102,0.000105052,0.01443979375
3,103,0.007196694,0.0247646338
3,104,0.008880124,-0.01754291275
3,105,0.00618863,0.0101274663333333
3,106,0.007336415,0.0242082505
3,107,0.002304461,0.0101274663333333
3,108,0.002006969,0.0101274663333333
3,109,0.000772417,0.034156592
3,110,0.001432271,0.0101274663333333
3,111,-0.003294977,-0.01754291275
3,112,0.015749215,0.01443979375
3,113,-0.002498259,-0.01754291275
3,114,0.00157399,-0.033487411
3,115,-0.000640049,-0.01754291275
3,116,-0.001846139,0.0101274663333333
3,117,0.003611527,-0.0142975062
3,118,-0.009966402,-0.01754291275
3,119,-0.01411308,0.01443979375
3,120,-0.005318878,0.006210503
3,121,0.004725268,0.01443979375
3,122,0.003266443,0.0247646338
3,123,0.004805849,0.0101274663333333
3,124,0.000130577,0.0101274663333333
3,125,0.00113875,0.0101274663333333
3,126,-0.002496244,-0.01754291275
3,127,-0.00146846,0.01443979375
3,128,-0.00973058,0.01443979375
3,129,-0.009662437,0.01443979375
3,130,-0.000755376,0.006210503
3,131,0.005080761,0.0247646338
4,1,0.007745793,0.00392492925
4,2,0.011574976,0.017439101
4,3,0.00828374,-0.01040347475
4,4,0.003711996,-0.01040347475
4,5,-0.004067471,0.00392492925
4,6,0.010645201,0.00392492925
4,7,0.009756269,0.017439101
4,8,0.001288432,0.017439101
4,9,0.002852183,-0.0345506915
4,10,-0.002285129,0.00392492925
4,11,2.82e-05,0.00392492925
4,12,-0.00754002,-0.0099263275
4,13,0.006678935,0.0294146843333333
4,14,0.011753411,0.008155655
4,15,-0.000118508,0.017439101
4,16,-0.001747153,-0.0099263275
4,17,-0.00595858,0.00392492925
4,18,0.002049152,0.00392492925
4,19,-0.000280023,0.008155655
4,20,-3.32e-05,-0.0345506915
4,21,0.004233582,-0.0345506915
4,22,0.006657004,-0.0099263275
4,23,0.003322491,-0.0099263275
4,24,-0.001537399,-0.02636654625
4,25,0.01345158,0.00392492925
4,26,0.001229191,0.017439101
4,27,0.004452219,0.00392492925
4,28,0.002949178,-0.0099263275
4,29,0.003124776,0.00392492925
4,30,-0.00362746,-0.0099263275
4,31,0.003942423,0.0294146843333333
4,32,-0.005179159,0.00392492925
4,33,-0.003799375,0.00392492925
4,34,0.007507331,0.008155655
4,35,5.08e-06,0.00392492925
4,36,-0.012591087,-0.0099263275
4,37,-0.015519306,-0.0099263275
4,38,0.008943,0.00392492925
4,39,0.002515698,0.03426601225
4,40,-0.003179646,-0.02636654625
4,41,0.008768359,-0.0345506915
4,42,-0.011889142,0.017439101
4,43,-0.009722941,0.00392492925
4,44,0.002971064,0.008155655
4,45,0.004164699,0.00392492925
4,46,-0.007586866,-0.0099263275
4,47,-0.01250644,-0.0099263275
4,48,-0.013384167,0.00392492925
4,49,-0.013554059,0.00392492925
4,50,-0.014724997,-0.014429141
4,51,0.025317649,-0.014429141
4,52,-0.006566375,0.03426601225
4,53,0.00716741,-0.0099263275
4,54,0.005779977,-0.014429141
4,55,-0.011049522,0.00392492925
4,56,-0.013753547,-0.02636654625
4,57,-0.002419064,0.0294146843333333
4,58,-0.036374727,0.00392492925
4,59,0.00112439,-0.0099263275
4,60,0.00511012,-0.014429141
4,61,-0.027590293,-0.0099263275
4,62,0.02156199,-0.0099263275
4,63,0.017184219,0.017439101
4,64,0.007175984,0.03426601225
4,65,0.011325081,-0.02636654625
4,66,-0.015882222,0.017439101
4,67,0.003444305,0.00392492925
4,68,0.011455399,0.0294146843333333
4,69,-0.006233492,0.03426601225
4,70,-0.015968381,-0.0345506915
4,71,0.000723629,0.0294146843333333
4,72,0.0017334,0.00392492925
4,73,0.010020454,-0.0099263275
4,74,0.00877387,-0.01040347475
4,75,0.007877899,0.017439101
4,76,0.007188407,0.017439101
4,77,0.003332611,0.00392492925
4,78,0.002606371,0.00392492925
4,79,0.002134784,0.0294146843333333
4,80,0.017326939,0.00392492925
4,81,-0.006912794,0.017439101
4,82,-0.002068345,0.00392492925
4,83,-0.006716706,0.008155655
4,84,-0.002310732,0.00392492925
4,85,0.00053971,-0.014429141
4,86,-0.021032886,-0.0099263275
4,87,-0.006962182,-0.0345506915
4,88,-0.006819675,0.008155655
4,89,0.000513917,0.008155655
4,90,-0.000926974,-0.014429141
4,91,0.015586943,-0.02636654625
4,92,0.000986979,-0.01040347475
4,93,0.007505103,-0.0099263275
4,94,0.008605912,-0.02636654625
4,95,0.002228034,0.017439101
4,96,0.003910511,-0.02636654625
4,97,0.003616272,0.0294146843333333
4,98,-0.004870161,0.00392492925
4,99,-0.006472779,-0.0099263275
4,100,0.000105052,0.00392492925
4,101,0.007196694,0.00392492925
4,102,0.008880124,-0.0099263275
4,103,0.00618863,-0.01040347475
4,104,0.007336415,-0.0099263275
4,105,0.002304461,0.00392492925
4,106,0.002006969,0.00392492925
4,107,0.000772417,0.00392492925
4,108,0.001432271,0.00392492925
4,109,-0.003294977,-0.0345506915
4,110,0.015749215,-0.0099263275
4,111,-0.002498259,0.017439101
4,112,0.00157399,-0.0099263275
4,113,-0.000640049,-0.0099263275
4,114,-0.001846139,0.00392492925
4,115,0.003611527,-0.0099263275
4,116,-0.009966402,-0.0099263275
4,117,-0.01411308,-0.0345506915
4,118,-0.005318878,0.008155655
4,119,0.004725268,0.00392492925
4,120,0.003266443,-0.014429141
4,121,0.004805849,-0.02636654625
4,122,0.000130577,-0.02636654625
4,123,0.00113875,0.00392492925
4,124,-0.002496244,0.00392492925
4,125,-0.00146846,0.00392492925
4,126,-0.00973058,-0.02636654625
4,127,-0.009662437,-0.0099263275
4,128,-0.000755376,0.008155655
4,129,0.005080761,0.008155655
4,130,0.00200541,-0.0099263275
4,131,0.014404659,-0.0099263275
5,1,0.011574976,-0.00349966955555556
5,2,0.00828374,-0.00349966955555556
5,3,0.003711996,-0.011775176
5,4,-0.004067471,0.012859415
5,5,0.010645201,0.0125833616666667
5,6,0.009756269,-0.011775176
5,7,0.001288432,0.032474008
5,8,0.002852183,0.012859415
5,9,-0.002285129,-0.011775176
5,10,2.82e-05,-0.0009988345
5,11,-0.00754002,-0.011775176
5,12,0.006678935,0.0125833616666667
5,13,0.011753411,-0.011775176
5,14,-0.000118508,-0.00349966955555556
5,15,-0.001747153,-0.011775176
5,16,-0.00595858,0.0125833616666667
5,17,0.002049152,0.0125833616666667
5,18,-0.000280023,-0.00349966955555556
5,19,-3.32e-05,-0.00349966955555556
5,20,0.004233582,-0.011775176
5,21,0.006657004,-0.00349966955555556
5,22,0.003322491,-0.011775176
5,23,-0.001537399,-0.011775176
5,24,0.01345158,0.0125833616666667
5,25,0.001229191,-0.011775176
5,26,0.004452219,-0.00349966955555556
5,27,0.002949178,0.012859415
5,28,0.003124776,-0.011775176
5,29,-0.00362746,-0.011775176
5,30,0.003942423,0.0125833616666667
5,31,-0.005179159,-0.011775176
5,32,-0.003799375,-0.0009988345
5,33,0.007507331,0.0125833616666667
5,34,5.08e-06,-0.00349966955555556
5,35,-0.012591087,-0.00349966955555556
5,36,-0.015519306,0.0125833616666667
5,37,0.008943,0.0125833616666667
5,38,0.002515698,0.02700247925
5,39,-0.003179646,-0.00349966955555556
5,40,0.008768359,-0.0214275752
5,41,-0.011889142,-0.011775176
5,42,-0.009722941,-0.0293952696
5,43,0.002971064,0.0125833616666667
5,44,0.004164699,0.032474008
5,45,-0.007586866,0.032474008
5,46,-0.01250644,-0.0214275752
5,47,-0.013384167,0.0125833616666667
5,48,-0.013554059,-0.0009988345
5,49,-0.014724997,-0.0214275752
5,50,0.025317649,-0.0214275752
5,51,-0.006566375,0.032474008
5,52,0.00716741,-0.0293952696
5,53,0.005779977,0.012859415
5,54,-0.011049522,0.032474008
5,55,-0.013753547,-0.0214275752
5,56,-0.002419064,0.0125833616666667
5,57,-0.036374727,0.0125833616666667
5,58,0.00112439,-0.0214275752
5,59,0.00511012,0.0301725056666667
5,60,-0.027590293,0.032474008
5,61,0.02156199,-0.0214275752
5,62,0.017184219,-0.011775176
5,63,0.007175984,0.032474008
5,64,0.011325081,0.012859415
5,65,-0.015882222,0.012859415
5,66,0.003444305,-0.0293952696
5,67,0.011455399,0.012859415
5,68,-0.006233492,-0.00349966955555556
5,69,-0.015968381,-0.0293952696
5,70,0.000723629,0.0301725056666667
5,71,0.0017334,0.02700247925
5,72,0.010020454,-0.00349966955555556
5,73,0.00877387,-0.011775176
5,74,0.007877899,-0.011775176
5,75,0.007188407,-0.011775176
5,76,0.003332611,-0.011775176
5,77,0.002606371,-0.011775176
5,78,0.002134784,-0.011775176
5,79,0.017326939,-0.011775176
5,80,-0.006912794,-0.011775176
5,81,-0.002068345,-0.0293952696
5,82,-0.006716706,-0.0009988345
5,83,-0.002310732,-0.0009988345
5,84,0.00053971,-0.0214275752
5,85,-0.021032886,-0.00349966955555556
5,86,-0.006962182,-0.0214275752
5,87,-0.006819675,-0.0009988345
5,88,0.000513917,0.0125833616666667
5,89,-0.000926974,0.032474008
5,90,0.015586943,-0.00349966955555556
5,91,0.000986979,-0.011775176
5,92,0.007505103,-0.00349966955555556
5,93,0.008605912,0.012859415
5,94,0.002228034,-0.011775176
5,95,0.003910511,-0.011775176
5,96,0.003616272,-0.011775176
5,97,-0.004870161,-0.011775176
5,98,-0.006472779,-0.0009988345
5,99,0.000105052,0.0125833616666667
5,100,0.007196694,-0.00349966955555556
5,101,0.008880124,-0.00349966955555556
5,102,0.00618863,-0.011775176
5,103,0.007336415,-0.011775176
5,104,0.002304461,-0.011775176
5,105,0.002006969,-0.011775176
5,106,0.000772417,-0.011775176
5,107,0.001432271,-0.011775176
5,108,-0.003294977,-0.011775176
5,109,0.015749215,-0.0009988345
5,110,-0.002498259,-0.011775176
5,111,0.00157399,-0.0293952696
5,112,-0.000640049,0.012859415
5,113,-0.001846139,-0.00349966955555556
5,114,0.003611527,0.0125833616666667
5,115,-0.009966402,-0.00349966955555556
5,116,-0.01411308,0.0125833616666667
5,117,-0.005318878,-0.0009988345
5,118,0.004725268,0.0125833616666667
5,119,0.003266443,-0.00349966955555556
5,120,0.004805849,-0.00349966955555556
5,121,0.000130577,-0.011775176
5,122,0.00113875,-0.011775176
5,123,-0.002496244,-0.011775176
5,124,-0.00146846,0.0125833616666667
5,125,-0.00973058,0.0125833616666667
5,126,-0.009662437,0.0125833616666667
5,127,-0.000755376,0.0125833616666667
5,128,0.005080761,0.02700247925
5,129,0.00200541,-0.00349966955555556
5,130,0.014404659,-0.00349966955555556
5,131,0.003654103,-0.011775176
6,1,0.00828374,-0.00261509111111111
6,2,0.003711996,-0.0237772735714286
6,3,-0.004067471,0.019298872375
6,4,0.010645201,0.019298872375
6,5,0.009756269,0.00221052985714286
6,6,0.001288432,-0.00858179533333333
6,7,0.002852183,-0.0237772735714286
6,8,-0.002285129,0.00221052985714286
6,9,2.82e-05,0.019298872375
6,10,-0.00754002,0.0330551546666667
6,11,0.006678935,0.0330551546666667
6,12,0.011753411,0.00221052985714286
6,13,-0.000118508,0.00221052985714286
6,14,-0.001747153,-0.00261509111111111
6,15,-0.00595858,0.00221052985714286
6,16,0.002049152,0.019298872375
6,17,-0.000280023,0.00221052985714286
6,18,-3.32e-05,0.0330551546666667
6,19,0.004233582,-0.0237772735714286
6,20,0.006657004,0.00221052985714286
6,21,0.003322491,0.019298872375
6,22,-0.001537399,0.00221052985714286
6,23,0.01345158,0.00221052985714286
6,24,0.001229191,0.00221052985714286
6,25,0.004452219,-0.00858179533333333
6,26,0.002949178,0.00221052985714286
6,27,0.003124776,0.00221052985714286
6,28,-0.00362746,0.00221052985714286
6,29,0.003942423,0.0330551546666667
6,30,-0.005179159,0.00221052985714286
6,31,-0.003799375,0.00221052985714286
6,32,0.007507331,-0.00261509111111111
6,33,5.08e-06,0.00221052985714286
6,34,-0.012591087,-0.00261509111111111
6,35,-0.015519306,-0.00261509111111111
6,36,0.008943,0.019298872375
6,37,0.002515698,0.019298872375
6,38,-0.003179646,-0.024297523
6,39,0.008768359,-0.0237772735714286
6,40,-0.011889142,0.019298872375
6,41,-0.009722941,0.019298872375
6,42,0.002971064,-0.0237772735714286
6,43,0.004164699,0.00221052985714286
6,44,-0.007586866,-0.0237772735714286
6,45,-0.01250644,-0.00261509111111111
6,46,-0.013384167,0.019298872375
6,47,-0.013554059,0.019298872375
6,48,-0.014724997,-0.024297523
6,49,0.025317649,-0.0237772735714286
6,50,-0.006566375,-0.0237772735714286
6,51,0.00716741,-0.024297523
6,52,0.005779977,-0.00261509111111111
6,53,-0.011049522,0.019298872375
6,54,-0.013753547,-0.0237772735714286
6,55,-0.002419064,0.0330551546666667
6,56,-0.036374727,0.019298872375
6,57,0.00112439,0.018863159
6,58,0.00511012,-0.00261509111111111
6,59,-0.027590293,-0.0237772735714286
6,60,0.02156199,0.02509217
6,61,0.017184219,0.019298872375
6,62,0.007175984,-0.00858179533333333
6,63,0.011325081,0.02509217
6,64,-0.015882222,0.00221052985714286
6,65,0.003444305,-0.00858179533333333
6,66,0.011455399,0.0330551546666667
6,67,-0.006233492,0.0330551546666667
6,68,-0.015968381,0.018863159
6,69,0.000723629,0.0330551546666667
6,70,0.0017334,0.019298872375
6,71,0.010020454,-0.024297523
6,72,0.00877387,0.02509217
6,73,0.007877899,-0.00858179533333333
6,74,0.007188407,0.019298872375
6,75,0.003332611,0.00221052985714286
6,76,0.002606371,0.00221052985714286
6,77,0.002134784,0.0330551546666667
6,78,0.017326939,0.00221052985714286
6,79,-0.006912794,0.00221052985714286
6,80,-0.002068345,-0.00858179533333333
6,81,-0.006716706,0.00221052985714286
6,82,-0.002310732,0.00221052985714286
6,83,0.00053971,-0.00261509111111111
6,84,-0.021032886,0.0330551546666667
6,85,-0.006962182,-0.00261509111111111
6,86,-0.006819675,0.00221052985714286
6,87,0.000513917,0.019298872375
6,88,-0.000926974,0.02509217
6,89,0.015586943,-0.0237772735714286
6,90,0.000986979,-0.0237772735714286
6,91,0.007505103,-0.00858179533333333
6,92,0.008605912,0.019298872375
6,93,0.002228034,0.00221052985714286
6,94,0.003910511,0.00221052985714286
6,95,0.003616272,0.0330551546666667
6,96,-0.004870161,0.00221052985714286
6,97,-0.006472779,0.00221052985714286
6,98,0.000105052,0.00221052985714286
6,99,0.007196694,0.00221052985714286
6,100,0.008880124,-0.00261509111111111
6,101,0.00618863,-0.00261509111111111
6,102,0.007336415,0.019298872375
6,103,0.002304461,0.019298872375
6,104,0.002006969,0.00221052985714286
6,105,0.000772417,0.00221052985714286
6,106,0.001432271,0.00221052985714286
6,107,-0.003294977,0.00221052985714286
6,108,0.015749215,0.00221052985714286
6,109,-0.002498259,0.00221052985714286
6,110,0.00157399,-0.00858179533333333
6,111,-0.000640049,-0.00261509111111111
6,112,-0.001846139,0.00221052985714286
6,113,0.003611527,-0.00261509111111111
6,114,-0.009966402,0.0330551546666667
6,115,-0.01411308,0.019298872375
6,116,-0.005318878,0.00221052985714286
6,117,0.004725268,0.00221052985714286
6,118,0.003266443,-0.0237772735714286
6,119,0.004805849,-0.0237772735714286
6,120,0.000130577,-0.0237772735714286
6,121,0.00113875,0.019298872375
6,122,-0.002496244,0.019298872375
6,123,-0.00146846,0.00221052985714286
6,124,-0.00973058,0.00221052985714286
6,125,-0.009662437,0.00221052985714286
6,126,-0.000755376,-0.00261509111111111
6,127,0.005080761,0.00221052985714286
6,128,0.00200541,-0.00261509111111111
6,129,0.014404659,-0.0237772735714286
6,130,0.003654103,0.019298872375
6,131,0.005049774,-0.00858179533333333
7,1,0.003711996,0.0203926698
7,2,-0.004067471,-0.0078823768
7,3,0.010645201,-0.0078823768
7,4,0.009756269,0.0203926698
7,5,0.001288432,0.0203926698
7,6,0.002852183,-0.0199523276
7,7,-0.002285129,0.0222818571666667
7,8,2.82e-05,-0.0078823768
7,9,-0.00754002,0.00814936071428572
7,10,0.006678935,0.0222818571666667
7,11,0.011753411,0.0222818571666667
7,12,-0.000118508,-0.0052426208
7,13,-0.001747153,-0.0280297768
7,14,-0.00595858,-0.0078823768
7,15,0.002049152,0.00814936071428572
7,16,-0.000280023,0.00814936071428572
7,17,-3.32e-05,0.0222818571666667
7,18,0.004233582,-0.0199523276
7,19,0.006657004,-0.0078823768
7,20,0.003322491,-0.0078823768
7,21,-0.001537399,-0.0078823768
7,22,0.01345158,-0.0078823768
7,23,0.001229191,-0.0052426208
7,24,0.004452219,-0.0280297768
7,25,0.002949178,-0.0078823768
7,26,0.003124776,0.0222818571666667
7,27,-0.00362746,-0.0078823768
7,28,0.003942423,-0.0078823768
7,29,-0.005179159,0.0222818571666667
7,30,-0.003799375,-0.0078823768
7,31,0.007507331,-0.002161186125
7,32,5.08e-06,0.00814936071428572
7,33,-0.012591087,-0.002161186125
7,34,-0.015519306,-0.002161186125
7,35,0.008943,0.00814936071428572
7,36,0.002515698,-0.0052426208
7,37,-0.003179646,-0.002161186125
7,38,0.008768359,-0.0199523276
7,39,-0.011889142,-0.0052426208
7,40,-0.009722941,-0.0078823768
7,41,0.002971064,-0.002161186125
7,42,0.004164699,0.0222818571666667
7,43,-0.007586866,-0.0199523276
7,44,-0.01250644,-0.002161186125
7,45,-0.013384167,0.0222818571666667
7,46,-0.013554059,0.00814936071428572
7,47,-0.014724997,-0.002161186125
7,48,0.025317649,-0.0199523276
7,49,-0.006566375,-0.0052426208
7,50,0.00716741,-0.0280297768
7,51,0.005779977,-0.002161186125
7,52,-0.011049522,-0.0078823768
7,53,-0.013753547,-0.0199523276
7,54,-0.002419064,0.00814936071428572
7,55,-0.036374727,0.0222818571666667
7,56,0.00112439,-0.0199523276
7,57,0.00511012,-0.002161186125
7,58,-0.027590293,0.0222818571666667
7,59,0.02156199,-0.002161186125
7,60,0.017184219,0.0203926698
7,61,0.007175984,0.0203926698
7,62,0.011325081,-0.0280297768
7,63,-0.015882222,0.0203926698
7,64,0.003444305,-0.0280297768
7,65,0.011455399,0.00814936071428572
7,66,-0.006233492,0.0203926698
7,67,-0.015968381,-0.0280297768
7,68,0.000723629,0.0222818571666667
7,69,0.0017334,0.0222818571666667
7,70,0.010020454,-0.002161186125
7,71,0.00877387,0.0203926698
7,72,0.007877899,-0.0052426208
7,73,0.007188407,0.0319441773333333
7,74,0.003332611,-0.0078823768
7,75,0.002606371,-0.0078823768
7,76,0.002134784,-0.0078823768
7,77,0.017326939,0.0222818571666667
7,78,-0.006912794,-0.0052426208
7,79,-0.002068345,-0.0280297768
7,80,-0.006716706,0.0222818571666667
7,81,-0.002310732,0.00814936071428572
7,82,0.00053971,-0.002161186125
7,83,-0.021032886,0.00814936071428572
7,84,-0.006962182,-0.002161186125
7,85,-0.006819675,0.00814936071428572
7,86,0.000513917,0.00814936071428572
7,87,-0.000926974,-0.0199523276
7,88,0.015586943,-0.002161186125
7,89,0.000986979,0.0203926698
7,90,0.007505103,-0.0280297768
7,91,0.008605912,-0.0078823768
7,92,0.002228034,0.0203926698
7,93,0.003910511,-0.0078823768
7,94,0.003616272,-0.0078823768
7,95,-0.004870161,0.0222818571666667
7,96,-0.006472779,-0.0078823768
7,97,0.000105052,0.0222818571666667
7,98,0.007196694,0.0222818571666667
7,99,0.008880124,-0.002161186125
7,100,0.00618863,-0.0052426208
7,101,0.007336415,-0.0078823768
7,102,0.002304461,-0.0078823768
7,103,0.002006969,-0.0078823768
7,104,0.000772417,-0.0078823768
7,105,0.001432271,0.0222818571666667
7,106,-0.003294977,0.0222818571666667
7,107,0.015749215,0.0222818571666667
7,108,-0.002498259,-0.0052426208
7,109,0.00157399,-0.0280297768
7,110,-0.000640049,-0.002161186125
7,111,-0.001846139,-0.0078823768
7,112,0.003611527,-0.0078823768
7,113,-0.009966402,0.00814936071428572
7,114,-0.01411308,0.0222818571666667
7,115,-0.005318878,0.00814936071428572
7,116,0.004725268,0.00814936071428572
7,117,0.003266443,-0.002161186125
7,118,0.004805849,-0.002161186125
7,119,0.000130577,-0.002161186125
7,120,0.00113875,-0.0078823768
7,121,-0.002496244,-0.0078823768
7,122,-0.00146846,-0.0078823768
7,123,-0.00973058,0.00814936071428572
7,124,-0.009662437,0.00814936071428572
7,125,-0.000755376,0.00814936071428572
7,126,0.005080761,0.00814936071428572
7,127,0.00200541,-0.002161186125
7,128,0.014404659,-0.002161186125
7,129,0.003654103,0.0203926698
7,130,0.005049774,-0.0280297768
7,131,0.007314074,-0.0078823768
8,1,-0.004067471,-0.023476322
8,2,0.010645201,0.00875664766666667
8,3,0.009756269,0.029018664
8,4,0.001288432,0.029018664
8,5,0.002852183,-0.023476322
8,6,-0.002285129,0.00875664766666667
8,7,2.82e-05,0.00875664766666667
8,8,-0.00754002,0.00875664766666667
8,9,0.006678935,0.00875664766666667
8,10,0.011753411,-0.00187745266666667
8,11,-0.000118508,0.0136694886
8,12,-0.001747153,-0.0280297768
8,13,-0.00595858,-0.023476322
8,14,0.002049152,0.00875664766666667
8,15,-0.000280023,-0.00187745266666667
8,16,-3.32e-05,-0.00187745266666667
8,17,0.004233582,-0.00187745266666667
8,18,0.006657004,0.00875664766666667
8,19,0.003322491,0.00875664766666667
8,20,-0.001537399,-0.00187745266666667
8,21,0.01345158,-0.023476322
8,22,0.001229191,-0.00283528071428571
8,23,0.004452219,-0.0280297768
8,24,0.002949178,-0.023476322
8,25,0.003124776,-0.00187745266666667
8,26,-0.00362746,0.00875664766666667
8,27,0.003942423,0.027375917
8,28,-0.005179159,0.00875664766666667
8,29,-0.003799375,-0.00187745266666667
8,30,0.007507331,0.00875664766666667
8,31,5.08e-06,-0.00283528071428571
8,32,-0.012591087,0.00875664766666667
8,33,-0.015519306,0.00875664766666667
8,34,0.008943,0.00875664766666667
8,35,0.002515698,-0.00283528071428571
8,36,-0.003179646,0.00875664766666667
8,37,0.008768359,-0.023476322
8,38,-0.011889142,-0.00283528071428571
8,39,-0.009722941,0.00875664766666667
8,40,0.002971064,-0.023476322
8,41,0.004164699,-0.00187745266666667
8,42,-0.007586866,-0.012842438
8,43,-0.01250644,0.00875664766666667
8,44,-0.013384167,0.00875664766666667
8,45,-0.013554059,-0.012842438
8,46,-0.014724997,0.00875664766666667
8,47,0.025317649,-0.00187745266666667
8,48,-0.006566375,-0.00283528071428571
8,49,0.00716741,-0.0280297768
8,50,0.005779977,0.029018664
8,51,-0.011049522,-0.012842438
8,52,-0.013753547,-0.023476322
8,53,-0.002419064,0.027375917
8,54,-0.036374727,-0.012842438
8,55,0.00112439,-0.00187745266666667
8,56,0.00511012,0.00875664766666667
8,57,-0.027590293,-0.012842438
8,58,0.02156199,0.00875664766666667
8,59,0.017184219,0.029018664
8,60,0.007175984,0.029018664
8,61,0.011325081,-0.00283528071428571
8,62,-0.015882222,0.029018664
8,63,0.003444305,-0.0280297768
8,64,0.011455399,0.027375917
8,65,-0.006233492,0.029018664
8,66,-0.015968381,-0.0280297768
8,67,0.000723629,0.00875664766666667
8,68,0.0017334,0.00875664766666667
8,69,0.010020454,0.00875664766666667
8,70,0.00877387,0.029018664
8,71,0.007877899,-0.00283528071428571
8,72,0.007188407,0.0319441773333333
8,73,0.003332611,0.029018664
8,74,0.002606371,-0.023476322
8,75,0.002134784,-0.023476322
8,76,0.017326939,-0.00187745266666667
8,77,-0.006912794,-0.00283528071428571
8,78,-0.002068345,-0.0280297768
8,79,-0.006716706,0.00875664766666667
8,80,-0.002310732,0.00875664766666667
8,81,0.00053971,0.00875664766666667
8,82,-0.021032886,0.027375917
8,83,-0.006962182,0.00875664766666667
8,84,-0.006819675,-0.012842438
8,85,0.000513917,0.00875664766666667
8,86,-0.000926974,-0.012842438
8,87,0.015586943,-0.00187745266666667
8,88,0.000986979,-0.00283528071428571
8,89,0.007505103,-0.0280297768
8,90,0.008605912,0.029018664
8,91,0.002228034,0.029018664
8,92,0.003910511,-0.023476322
8,93,0.003616272,0.027375917
8,94,-0.004870161,-0.00187745266666667
8,95,-0.006472779,-0.00187745266666667
8,96,0.000105052,0.00875664766666667
8,97,0.007196694,-0.00187745266666667
8,98,0.008880124,-0.00283528071428571
8,99,0.00618863,0.0136694886
8,100,0.007336415,-0.023476322
8,101,0.002304461,-0.00283528071428571
8,102,0.002006969,0.00875664766666667
8,103,0.000772417,-0.023476322
8,104,0.001432271,-0.00187745266666667
8,105,-0.003294977,-0.00187745266666667
8,106,0.015749215,0.00875664766666667
8,107,-0.002498259,0.0136694886
8,108,0.00157399,-0.0280297768
8,109,-0.000640049,0.00875664766666667
8,110,-0.001846139,-0.00187745266666667
8,111,0.003611527,-0.012842438
8,112,-0.009966402,0.027375917
8,113,-0.01411308,-0.012842438
8,114,-0.005318878,-0.00187745266666667
8,115,0.004725268,0.00875664766666667
8,116,0.003266443,-0.012842438
8,117,0.004805849,-0.00187745266666667
8,118,0.000130577,-0.012842438
8,119,0.00113875,-0.012842438
8,120,-0.002496244,0.00875664766666667
8,121,-0.00146846,-0.00187745266666667
8,122,-0.00973058,-0.00187745266666667
8,123,-0.009662437,-0.00187745266666667
8,124,-0.000755376,0.00875664766666667
8,125,0.005080761,0.00875664766666667
8,126,0.00200541,0.00875664766666667
8,127,0.014404659,-0.00187745266666667
8,128,0.003654103,-0.00283528071428571
8,129,0.005049774,-0.0280297768
8,130,0.007314074,-0.023476322
8,131,-0.001896565,0.029018664
9,1,0.001288432,-0.002527376
9,2,0.002852183,-0.015282586
9,3,-0.002285129,-0.002527376
9,4,2.82e-05,0.0434774316666667
9,5,-0.00754002,0.0434774316666667
9,6,0.006678935,0.00934307433333333
9,7,0.011753411,0.00200035933333333
9,8,-0.000118508,-0.002527376
9,9,-0.001747153,-0.015282586
9,10,-0.00595858,-0.002527376
9,11,0.002049152,-0.0192175874
9,12,-0.000280023,0.0284808623333333
9,13,-3.32e-05,-0.002527376
9,14,0.004233582,-0.015282586
9,15,0.006657004,-0.002527376
9,16,0.003322491,0.0214458966666667
9,17,-0.001537399,-0.002527376
9,18,0.01345158,-0.002527376
9,19,0.001229191,-0.002527376
9,20,0.004452219,-0.002527376
9,21,0.002949178,-0.002527376
9,22,0.003124776,-0.002527376
9,23,-0.00362746,0.0434774316666667
9,24,0.003942423,0.00934307433333333
9,25,-0.005179159,-0.002527376
9,26,-0.003799375,0.00934307433333333
9,27,0.007507331,0.00934307433333333
9,28,5.08e-06,-0.002527376
9,29,-0.012591087,0.0214458966666667
9,30,-0.015519306,0.00934307433333333
9,31,0.008943,-0.0165317544
9,32,0.002515698,0.00200035933333333
9,33,-0.003179646,-0.015282586
9,34,0.008768359,-0.015282586
9,35,-0.011889142,-0.0192175874
9,36,-0.009722941,-0.0192175874
9,37,0.002971064,0.0284808623333333
9,38,0.004164699,0.0284808623333333
9,39,-0.007586866,0.0214458966666667
9,40,-0.01250644,0.00934307433333333
9,41,-0.013384167,0.0284808623333333
9,42,-0.013554059,0.00200035933333333
9,43,-0.014724997,0.0284808623333333
9,44,0.025317649,-0.0165317544
9,45,-0.006566375,0.00200035933333333
9,46,0.00716741,-0.0192175874
9,47,0.005779977,0.0284808623333333
9,48,-0.011049522,-0.0192175874
9,49,-0.013753547,-0.0192175874
9,50,-0.002419064,0.0284808623333333
9,51,-0.036374727,0.0284808623333333
9,52,0.00112439,-0.0165317544
9,53,0.00511012,0.0284808623333333
9,54,-0.027590293,-0.0192175874
9,55,0.02156199,-0.0165317544
9,56,0.017184219,0.0284808623333333
9,57,0.007175984,-0.0192175874
9,58,0.011325081,0.0167621583333333
9,59,-0.015882222,-0.002527376
9,60,0.003444305,-0.0165317544
9,61,0.011455399,0.00200035933333333
9,62,-0.006233492,-0.002527376
9,63,-0.015968381,0.0434774316666667
9,64,0.000723629,-0.0165317544
9,65,0.0017334,0.0173230132857143
9,66,0.010020454,0.0434774316666667
9,67,0.00877387,-0.015282586
9,68,0.007877899,0.0214458966666667
9,69,0.007188407,-0.0192175874
9,70,0.003332611,0.0167621583333333
9,71,0.002606371,0.0434774316666667
9,72,0.002134784,-0.002527376
9,73,0.017326939,-0.002527376
9,74,-0.006912794,-0.002527376
9,75,-0.002068345,0.00934307433333333
9,76,-0.006716706,0.0173230132857143
9,77,-0.002310732,0.00934307433333333
9,78,0.00053971,0.0173230132857143
9,79,-0.021032886,-0.002527376
9,80,-0.006962182,-0.0165317544
9,81,-0.006819675,0.00200035933333333
9,82,0.000513917,0.0284808623333333
9,83,-0.000926974,0.0284808623333333
9,84,0.015586943,-0.015282586
9,85,0.000986979,-0.0192175874
9,86,0.007505103,-0.0192175874
9,87,0.008605912,-0.0192175874
9,88,0.002228034,0.0167621583333333
9,89,0.003910511,0.0434774316666667
9,90,0.003616272,-0.002527376
9,91,-0.004870161,-0.002527376
9,92,-0.006472779,0.00934307433333333
9,93,0.000105052,0.00934307433333333
9,94,0.007196694,0.00200035933333333
9,95,0.008880124,-0.015282586
9,96,0.00618863,-0.015282586
9,97,0.007336415,0.0214458966666667
9,98,0.002304461,-0.0192175874
9,99,0.002006969,0.0167621583333333
9,100,0.000772417,-0.002527376
9,101,0.001432271,-0.002527376
9,102,-0.003294977,-0.002527376
9,103,0.015749215,-0.002527376
9,104,-0.002498259,-0.002527376
9,105,0.00157399,-0.002527376
9,106,-0.000640049,-0.015282586
9,107,-0.001846139,-0.002527376
9,108,0.003611527,0.0434774316666667
9,109,-0.009966402,-0.002527376
9,110,-0.01411308,0.00934307433333333
9,111,-0.005318878,-0.0165317544
9,112,0.004725268,0.0284808623333333
9,113,0.003266443,0.0284808623333333
9,114,0.004805849,-0.015282586
9,115,0.000130577,-0.0192175874
9,116,0.00113875,-0.0192175874
9,117,-0.002496244,0.0214458966666667
9,118,-0.00146846,-0.002527376
9,119,-0.00973058,-0.002527376
9,120,-0.009662437,0.00934307433333333
9,121,-0.000755376,0.0173230132857143
9,122,0.005080761,0.0173230132857143
9,123,0.00200541,-0.015282586
9,124,0.014404659,-0.015282586
9,125,0.003654103,-0.0192175874
9,126,0.005049774,-0.0192175874
9,127,0.007314074,0.0167621583333333
9,128,-0.001896565,-0.002527376
9,129,-0.003641465,0.0434774316666667
9,130,0.022418509,0.00934307433333333
9,131,0.000165775,-0.002527376
10,1,0.002852183,-0.00590494928571429
10,2,-0.002285129,0.0311294086
10,3,2.82e-05,0.00915762728571429
10,4,-0.00754002,-0.00746072214285714
10,5,0.006678935,0.0109792326
10,6,0.011753411,-0.00590494928571429
10,7,-0.000118508,-0.00746072214285714
10,8,-0.001747153,-0.00746072214285714
10,9,-0.00595858,0.00915762728571429
10,10,0.002049152,0.00915762728571429
10,11,-0.000280023,-0.00590494928571429
10,12,-3.32e-05,-0.00590494928571429
10,13,0.004233582,-0.00590494928571429
10,14,0.006657004,0.0311294086
10,15,0.003322491,-0.00746072214285714
10,16,-0.001537399,-0.00590494928571429
10,17,0.01345158,0.00915762728571429
10,18,0.001229191,0.00915762728571429
10,19,0.004452219,-0.00590494928571429
10,20,0.002949178,-0.00590494928571429
10,21,0.003124776,0.00915762728571429
10,22,-0.00362746,-0.00746072214285714
10,23,0.003942423,0.00915762728571429
10,24,-0.005179159,-0.00746072214285714
10,25,-0.003799375,0.0311294086
10,26,0.007507331,0.0109792326
10,27,5.08e-06,-0.00590494928571429
10,28,-0.012591087,-0.00746072214285714
10,29,-0.015519306,0.0109792326
10,30,0.008943,0.00915762728571429
10,31,0.002515698,0.024724663
10,32,-0.003179646,-0.00746072214285714
10,33,0.008768359,0.0171875953333333
10,34,-0.011889142,0.00915762728571429
10,35,-0.009722941,0.0109792326
10,36,0.002971064,-0.0181388855714286
10,37,0.004164699,0.00915762728571429
10,38,-0.007586866,-0.00590494928571429
10,39,-0.01250644,0.0109792326
10,40,-0.013384167,-0.0181388855714286
10,41,-0.013554059,-0.0181388855714286
10,42,-0.014724997,0.024724663
10,43,0.025317649,0.024724663
10,44,-0.006566375,0.024724663
10,45,0.00716741,0.0171875953333333
10,46,0.005779977,0.0171875953333333
10,47,-0.011049522,0.00915762728571429
10,48,-0.013753547,-0.0345672516666667
10,49,-0.002419064,0.00915762728571429
10,50,-0.036374727,0.024724663
10,51,0.00112439,0.0311294086
10,52,0.00511012,0.024724663
10,53,-0.027590293,-0.00590494928571429
10,54,0.02156199,0.0171875953333333
10,55,0.017184219,0.024724663
10,56,0.007175984,0.00915762728571429
10,57,0.011325081,0.0171875953333333
10,58,-0.015882222,0.00915762728571429
10,59,0.003444305,0.00915762728571429
10,60,0.011455399,0.024724663
10,61,-0.006233492,0.00915762728571429
10,62,-0.015968381,0.0311294086
10,63,0.000723629,0.0311294086
10,64,0.0017334,0.024724663
10,65,0.010020454,-0.00746072214285714
10,66,0.00877387,0.0171875953333333
10,67,0.007877899,-0.00590494928571429
10,68,0.007188407,0.0311294086
10,69,0.003332611,0.00915762728571429
10,70,0.002606371,0.00915762728571429
10,71,0.002134784,0.00915762728571429
10,72,0.017326939,0.00915762728571429
10,73,-0.006912794,-0.00590494928571429
10,74,-0.002068345,0.0109792326
10,75,-0.006716706,0.0109792326
10,76,-0.002310732,0.00915762728571429
10,77,0.00053971,0.0109792326
10,78,-0.021032886,-0.00746072214285714
10,79,-0.006962182,-0.0181388855714286
10,80,-0.006819675,0.0311294086
10,81,0.000513917,0.0109792326
10,82,-0.000926974,0.0171875953333333
10,83,0.015586943,-0.0181388855714286
10,84,0.000986979,-0.00590494928571429
10,85,0.007505103,-0.00590494928571429
10,86,0.008605912,-0.00590494928571429
10,87,0.002228034,0.00915762728571429
10,88,0.003910511,-0.00590494928571429
10,89,0.003616272,0.00915762728571429
10,90,-0.004870161,0.00915762728571429
10,91,-0.006472779,0.0311294086
10,92,0.000105052,0.0109792326
10,93,0.007196694,-0.00590494928571429
10,94,0.008880124,-0.00746072214285714
10,95,0.00618863,-0.00746072214285714
10,96,0.007336415,-0.00590494928571429
10,97,0.002304461,0.00915762728571429
10,98,0.002006969,0.00915762728571429
10,99,0.000772417,0.00915762728571429
10,100,0.001432271,0.00915762728571429
10,101,-0.003294977,-0.00590494928571429
10,102,0.015749215,0.0109792326
10,103,-0.002498259,-0.00746072214285714
10,104,0.00157399,0.0109792326
10,105,-0.000640049,-0.00746072214285714
10,106,-0.001846139,0.00915762728571429
10,107,0.003611527,-0.0345672516666667
10,108,-0.009966402,-0.00590494928571429
10,109,-0.01411308,-0.0181388855714286
10,110,-0.005318878,0.0311294086
10,111,0.004725268,0.024724663
10,112,0.003266443,-0.00590494928571429
10,113,0.004805849,0.0171875953333333
10,114,0.000130577,-0.00590494928571429
10,115,0.00113875,0.00915762728571429
10,116,-0.002496244,-0.00746072214285714
10,117,-0.00146846,0.00915762728571429
10,118,-0.00973058,-0.0345672516666667
10,119,-0.009662437,-0.0181388855714286
10,120,-0.000755376,0.0109792326
10,121,0.005080761,-0.00746072214285714
10,122,0.00200541,-0.00746072214285714
10,123,0.014404659,-0.00590494928571429
10,124,0.003654103,-0.00590494928571429
10,125,0.005049774,0.00915762728571429
10,126,0.007314074,-0.00590494928571429
10,127,-0.001896565,0.00915762728571429
10,128,-0.003641465,-0.0345672516666667
10,129,0.022418509,0.00915762728571429
10,130,0.000165775,0.00915762728571429
10,131,0.003323194,0.0311294086
11,1,-0.002285129,0.029614253
11,2,2.82e-05,0.0094534205
11,3,-0.00754002,0.0094534205
11,4,0.006678935,0.0094534205
11,5,0.011753411,-0.01708805
11,6,-0.000118508,0.0094534205
11,7,-0.001747153,-0.0200016718888889
11,8,-0.00595858,0.0215401672
11,9,0.002049152,-0.01708805
11,10,-0.000280023,-0.01708805
11,11,-3.32e-05,-0.01708805
11,12,0.004233582,-0.0200016718888889
11,13,0.006657004,0.029614253
11,14,0.003322491,0.0094534205
11,15,-0.001537399,-0.01708805
11,16,0.01345158,-0.01708805
11,17,0.001229191,-0.01708805
11,18,0.004452219,-0.01708805
11,19,0.002949178,-0.01708805
11,20,0.003124776,-0.01708805
11,21,-0.00362746,0.0094534205
11,22,0.003942423,0.0094534205
11,23,-0.005179159,-0.01708805
11,24,-0.003799375,0.029614253
11,25,0.007507331,0.0094534205
11,26,5.08e-06,-0.01708805
11,27,-0.012591087,-0.0200016718888889
11,28,-0.015519306,-0.0200016718888889
11,29,0.008943,-0.01708805
11,30,0.002515698,0.0182360487142857
11,31,-0.003179646,0.0182360487142857
11,32,0.008768359,-0.0200016718888889
11,33,-0.011889142,0.0215401672
11,34,-0.009722941,0.0094534205
11,35,0.002971064,-0.01708805
11,36,0.004164699,0.0182360487142857
11,37,-0.007586866,0.0182360487142857
11,38,-0.01250644,-0.0200016718888889
11,39,-0.013384167,0.0215401672
11,40,-0.013554059,-0.01708805
11,41,-0.014724997,0.0182360487142857
11,42,0.025317649,0.0182360487142857
11,43,-0.006566375,0.0182360487142857
11,44,0.00716741,0.0182360487142857
11,45,0.005779977,-0.0200016718888889
11,46,-0.011049522,0.0215401672
11,47,-0.013753547,-0.0200016718888889
11,48,-0.002419064,0.0063983272
11,49,-0.036374727,0.0182360487142857
11,50,0.00112439,0.029614253
11,51,0.00511012,-0.0200016718888889
11,52,-0.027590293,0.0182360487142857
11,53,0.02156199,-0.0200016718888889
11,54,0.017184219,0.0215401672
11,55,0.007175984,0.0182360487142857
11,56,0.011325081,-0.0200016718888889
11,57,-0.015882222,0.0215401672
11,58,0.003444305,0.0063983272
11,59,0.011455399,-0.01708805
11,60,-0.006233492,0.0182360487142857
11,61,-0.015968381,0.029614253
11,62,0.000723629,0.029614253
11,63,0.0017334,0.0094534205
11,64,0.010020454,0.029614253
11,65,0.00877387,-0.0200016718888889
11,66,0.007877899,0.0215401672
11,67,0.007188407,0.029614253
11,68,0.003332611,0.0094534205
11,69,0.002606371,-0.01708805
11,70,0.002134784,0.0063983272
11,71,0.017326939,-0.01708805
11,72,-0.006912794,-0.01708805
11,73,-0.002068345,0.0094534205
11,74,-0.006716706,0.0094534205
11,75,-0.002310732,0.0094534205
11,76,0.00053971,-0.0200016718888889
11,77,-0.021032886,-0.01708805
11,78,-0.006962182,-0.0200016718888889
11,79,-0.006819675,0.029614253
11,80,0.000513917,0.0182360487142857
11,81,-0.000926974,-0.0200016718888889
11,82,0.015586943,-0.0200016718888889
11,83,0.000986979,-0.0200016718888889
11,84,0.007505103,-0.01708805
11,85,0.008605912,-0.01708805
11,86,0.002228034,0.0063983272
11,87,0.003910511,0.0063983272
11,88,0.003616272,0.0063983272
11,89,-0.004870161,-0.01708805
11,90,-0.006472779,0.029614253
11,91,0.000105052,0.0094534205
11,92,0.007196694,-0.01708805
11,93,0.008880124,-0.0200016718888889
11,94,0.00618863,-0.0200016718888889
11,95,0.007336415,-0.01708805
11,96,0.002304461,0.0094534205
11,97,0.002006969,0.0094534205
11,98,0.000772417,-0.01708805
11,99,0.001432271,-0.01708805
11,100,-0.003294977,-0.01708805
11,101,0.015749215,0.0094534205
11,102,-0.002498259,0.0094534205
11,103,0.00157399,0.0094534205
11,104,-0.000640049,0.0094534205
11,105,-0.001846139,-0.01708805
11,106,0.003611527,-0.01708805
11,107,-0.009966402,-0.01708805
11,108,-0.01411308,-0.01708805
11,109,-0.005318878,0.029614253
11,110,0.004725268,0.0182360487142857
11,111,0.003266443,0.0182360487142857
11,112,0.004805849,-0.0200016718888889
11,113,0.000130577,-0.0200016718888889
11,114,0.00113875,-0.01708805
11,115,-0.002496244,0.0094534205
11,116,-0.00146846,0.0063983272
11,117,-0.00973058,0.0063983272
11,118,-0.009662437,-0.01708805
11,119,-0.000755376,0.0094534205
11,120,0.005080761,0.0182360487142857
11,121,0.00200541,0.0182360487142857
11,122,0.014404659,-0.0200016718888889
11,123,0.003654103,0.0215401672
11,124,0.005049774,-0.01708805
11,125,0.007314074,-0.01708805
11,126,-0.001896565,0.0063983272
11,127,-0.003641465,0.0063983272
11,128,0.022418509,-0.01708805
11,129,0.000165775,0.0094534205
11,130,0.003323194,0.029614253
11,131,-0.004882582,0.0094534205
12,1,2.82e-05,-0.0207857165
12,2,-0.00754002,0.009668618
12,3,0.006678935,-0.0284051086
12,4,0.011753411,0.023124371
12,5,-0.000118508,-0.0207857165
12,6,-0.001747153,-0.00733295177777778
12,7,-0.00595858,-0.00733295177777778
12,8,0.002049152,-0.0284051086
12,9,-0.000280023,0.023124371
12,10,-3.32e-05,-0.0207857165
12,11,0.004233582,-0.0207857165
12,12,0.006657004,0.0263437704
12,13,0.003322491,-0.0207857165
12,14,-0.001537399,-0.00733295177777778
12,15,0.01345158,-0.00733295177777778
12,16,0.001229191,0.009668618
12,17,0.004452219,-0.0207857165
12,18,0.002949178,-0.00733295177777778
12,19,0.003124776,-0.0207857165
12,20,-0.00362746,0.009668618
12,21,0.003942423,-0.00733295177777778
12,22,-0.005179159,0.023124371
12,23,-0.003799375,0.0263437704
12,24,0.007507331,0.023124371
12,25,5.08e-06,0.00670383271428571
12,26,-0.012591087,-0.0207857165
12,27,-0.015519306,-0.0284051086
12,28,0.008943,0.00670383271428571
12,29,0.002515698,0.023124371
12,30,-0.003179646,0.02269706825
12,31,0.008768359,0.012263492
12,32,-0.011889142,0.012263492
12,33,-0.009722941,-0.0284051086
12,34,0.002971064,0.023124371
12,35,0.004164699,0.00670383271428571
12,36,-0.007586866,0.02269706825
12,37,-0.01250644,0.012263492
12,38,-0.013384167,0.00670383271428571
12,39,-0.013554059,0.023124371
12,40,-0.014724997,0.023124371
12,41,0.025317649,0.00670383271428571
12,42,-0.006566375,0.00670383271428571
12,43,0.00716741,0.02269706825
12,44,0.005779977,0.00670383271428571
12,45,-0.011049522,0.012263492
12,46,-0.013753547,-0.0284051086
12,47,-0.002419064,0.00670383271428571
12,48,-0.036374727,0.023124371
12,49,0.00112439,0.0263437704
12,50,0.00511012,0.00670383271428571
12,51,-0.027590293,0.02269706825
12,52,0.02156199,-0.0284051086
12,53,0.017184219,0.00670383271428571
12,54,0.007175984,0.02269706825
12,55,0.011325081,0.009668618
12,56,-0.015882222,0.012263492
12,57,0.003444305,-0.0284051086
12,58,0.011455399,0.023124371
12,59,-0.006233492,0.02269706825
12,60,-0.015968381,0.0263437704
12,61,0.000723629,0.0263437704
12,62,0.0017334,0.023124371
12,63,0.010020454,0.0263437704
12,64,0.00877387,-0.0207857165
12,65,0.007877899,0.012263492
12,66,0.007188407,0.0263437704
12,67,0.003332611,-0.00733295177777778
12,68,0.002606371,0.009668618
12,69,0.002134784,0.009668618
12,70,0.017326939,0.009668618
12,71,-0.006912794,0.009668618
12,72,-0.002068345,-0.0284051086
12,73,-0.006716706,0.023124371
12,74,-0.002310732,-0.0284051086
12,75,0.00053971,0.023124371
12,76,-0.021032886,-0.0207857165
12,77,-0.006962182,-0.0284051086
12,78,-0.006819675,0.0263437704
12,79,0.000513917,0.00670383271428571
12,80,-0.000926974,0.00670383271428571
12,81,0.015586943,0.012263492
12,82,0.000986979,-0.0207857165
12,83,0.007505103,-0.0207857165
12,84,0.008605912,-0.00733295177777778
12,85,0.002228034,-0.0207857165
12,86,0.003910511,0.009668618
12,87,0.003616272,-0.00733295177777778
12,88,-0.004870161,0.009668618
12,89,-0.006472779,0.0263437704
12,90,0.000105052,0.00670383271428571
12,91,0.007196694,0.023124371
12,92,0.008880124,-0.0207857165
12,93,0.00618863,-0.0207857165
12,94,0.007336415,-0.00733295177777778
12,95,0.002304461,-0.00733295177777778
12,96,0.002006969,0.009668618
12,97,0.000772417,0.009668618
12,98,0.001432271,0.009668618
12,99,-0.003294977,-0.0207857165
12,100,0.015749215,-0.0207857165
12,101,-0.002498259,-0.0207857165
12,102,0.00157399,-0.0207857165
12,103,-0.000640049,-0.00733295177777778
12,104,-0.001846139,-0.0207857165
12,105,0.003611527,-0.0207857165
12,106,-0.009966402,-0.0207857165
12,107,-0.01411308,-0.0284051086
12,108,-0.005318878,0.0263437704
12,109,0.004725268,0.00670383271428571
12,110,0.003266443,0.023124371
12,111,0.004805849,-0.0207857165
12,112,0.000130577,0.012263492
12,113,0.00113875,-0.00733295177777778
12,114,-0.002496244,0.009668618
12,115,-0.00146846,-0.0207857165
12,116,-0.00973058,-0.0207857165
12,117,-0.009662437,-0.0284051086
12,118,-0.000755376,0.00670383271428571
12,119,0.005080761,0.00670383271428571
12,120,0.00200541,0.02269706825
12,121,0.014404659,-0.0207857165
12,122,0.003654103,-0.00733295177777778
12,123,0.005049774,-0.0207857165
12,124,0.007314074,0.009668618
12,125,-0.001896565,-0.00733295177777778
12,126,-0.003641465,0.009668618
12,127,0.022418509,0.009668618
12,128,0.000165775,0.023124371
12,129,0.003323194,0.0263437704
12,130,-0.004882582,-0.00733295177777778
12,131,0.003106736,-0.0207857165
13,1,-0.00754002,-0.00902521616666667
13,2,0.006678935,0.0142921035714286
13,3,0.011753411,0.0219063064285714
13,4,-0.000118508,0.0100453791428571
13,5,-0.001747153,0.0100453791428571
13,6,-0.00595858,0.00370091866666667
13,7,0.002049152,0.0142921035714286
13,8,-0.000280023,-0.00902521616666667
13,9,-3.32e-05,-0.00902521616666667
13,10,0.004233582,-0.00902521616666667
13,11,0.006657004,-0.00902521616666667
13,12,0.003322491,0.0100453791428571
13,13,-0.001537399,0.0100453791428571
13,14,0.01345158,0.00370091866666667
13,15,0.001229191,-0.00902521616666667
13,16,0.004452219,0.0100453791428571
13,17,0.002949178,-0.00902521616666667
13,18,0.003124776,0.0100453791428571
13,19,-0.00362746,-0.00902521616666667
13,20,0.003942423,0.0142921035714286
13,21,-0.005179159,-0.00902521616666667
13,22,-0.003799375,0.00370091866666667
13,23,0.007507331,0.0142921035714286
13,24,5.08e-06,-0.00902521616666667
13,25,-0.012591087,0.0100453791428571
13,26,-0.015519306,0.0142921035714286
13,27,0.008943,0.0142921035714286
13,28,0.002515698,0.0219063064285714
13,29,-0.003179646,0.0100453791428571
13,30,0.008768359,-0.015563529
13,31,-0.011889142,-0.00902521616666667
13,32,-0.009722941,0.0142921035714286
13,33,0.002971064,-0.015563529
13,34,0.004164699,0.0219063064285714
13,35,-0.007586866,-0.00902521616666667
13,36,-0.01250644,0.0142921035714286
13,37,-0.013384167,0.00370091866666667
13,38,-0.013554059,0.00370091866666667
13,39,-0.014724997,0.0142921035714286
13,40,0.025317649,-0.015563529
13,41,-0.006566375,0.0219063064285714
13,42,0.00716741,0.0142921035714286
13,43,0.005779977,-0.00902521616666667
13,44,-0.011049522,0.0100453791428571
13,45,-0.013753547,-0.015563529
13,46,-0.002419064,0.00370091866666667
13,47,-0.036374727,0.00370091866666667
13,48,0.00112439,-0.015563529
13,49,0.00511012,0.0219063064285714
13,50,-0.027590293,-0.00902521616666667
13,51,0.02156199,0.0142921035714286
13,52,0.017184219,0.0219063064285714
13,53,0.007175984,0.0100453791428571
13,54,0.011325081,0.0100453791428571
13,55,-0.015882222,0.0100453791428571
13,56,0.003444305,0.00370091866666667
13,57,0.011455399,0.0340012213333333
13,58,-0.006233492,-0.00902521616666667
13,59,-0.015968381,-0.0318756243333333
13,60,0.000723629,0.0142921035714286
13,61,0.0017334,0.0219063064285714
13,62,0.010020454,-0.00902521616666667
13,63,0.00877387,-0.00902521616666667
13,64,0.007877899,0.0100453791428571
13,65,0.007188407,0.0100453791428571
13,66,0.003332611,0.0100453791428571
13,67,0.002606371,0.0100453791428571
13,68,0.002134784,-0.00902521616666667
13,69,0.017326939,-0.00902521616666667
13,70,-0.006912794,-0.00902521616666667
13,71,-0.002068345,0.0142921035714286
13,72,-0.006716706,0.0142921035714286
13,73,-0.002310732,0.0142921035714286
13,74,0.00053971,0.0142921035714286
13,75,-0.021032886,-0.00902521616666667
13,76,-0.006962182,-0.015563529
13,77,-0.006819675,-0.015563529
13,78,0.000513917,0.0142921035714286
13,79,-0.000926974,-0.00902521616666667
13,80,0.015586943,-0.00902521616666667
13,81,0.000986979,-0.00902521616666667
13,82,0.007505103,0.0100453791428571
13,83,0.008605912,-0.00902521616666667
13,84,0.002228034,0.0100453791428571
13,85,0.003910511,0.0340012213333333
13,86,0.003616272,-0.00902521616666667
13,87,-0.004870161,-0.00902521616666667
13,88,-0.006472779,-0.015563529
13,89,0.000105052,0.0142921035714286
13,90,0.007196694,-0.00902521616666667
13,91,0.008880124,-0.00902521616666667
13,92,0.00618863,0.0100453791428571
13,93,0.007336415,0.0100453791428571
13,94,0.002304461,0.0100453791428571
13,95,0.002006969,0.0100453791428571
13,96,0.000772417,-0.00902521616666667
13,97,0.001432271,-0.00902521616666667
13,98,-0.003294977,-0.00902521616666667
13,99,0.015749215,0.0142921035714286
13,100,-0.002498259,-0.00902521616666667
13,101,0.00157399,0.0142921035714286
13,102,-0.000640049,-0.00902521616666667
13,103,-0.001846139,-0.00902521616666667
13,104,0.003611527,-0.015563529
13,105,-0.009966402,-0.00902521616666667
13,106,-0.01411308,-0.015563529
13,107,-0.005318878,-0.015563529
13,108,0.004725268,0.0142921035714286
13,109,0.003266443,-0.00902521616666667
13,110,0.004805849,0.0100453791428571
13,111,0.000130577,-0.00902521616666667
13,112,0.00113875,0.0100453791428571
13,113,-0.002496244,-0.00902521616666667
13,114,-0.00146846,0.00370091866666667
13,115,-0.00973058,-0.015563529
13,116,-0.009662437,-0.015563529
13,117,-0.000755376,0.0142921035714286
13,118,0.005080761,0.0219063064285714
13,119,0.00200541,-0.00902521616666667
13,120,0.014404659,0.0100453791428571
13,121,0.003654103,-0.00902521616666667
13,122,0.005049774,0.0100453791428571
13,123,0.007314074,-0.00902521616666667
13,124,-0.001896565,0.0100453791428571
13,125,-0.003641465,0.00370091866666667
13,126,0.022418509,0.00370091866666667
13,127,0.000165775,-0.00902521616666667
13,128,0.003323194,0.0100453791428571
13,129,-0.004882582,-0.00902521616666667
13,130,0.003106736,0.0142921035714286
13,131,0.006771126,0.0340012213333333
14,1,0.006678935,0.03224246
14,2,0.011753411,-0.005988331625
14,3,-0.000118508,-0.005988331625
14,4,-0.001747153,-0.005988331625
14,5,-0.00595858,0.0176630373333333
14,6,0.002049152,0.03224246
14,7,-0.000280023,-0.005988331625
14,8,-3.32e-05,0.013291309
14,9,0.004233582,-0.005988331625
14,10,0.006657004,-0.005988331625
14,11,0.003322491,-0.005988331625
14,12,-0.001537399,-0.005988331625
14,13,0.01345158,0.0176630373333333
14,14,0.001229191,0.0176630373333333
14,15,0.004452219,-9.78560000000038e-06
14,16,0.002949178,-0.005988331625
14,17,0.003124776,0.0176630373333333
14,18,-0.00362746,-0.005988331625
14,19,0.003942423,0.0176630373333333
14,20,-0.005179159,0.0176630373333333
14,21,-0.003799375,0.03224246
14,22,0.007507331,-0.0123369477142857
14,23,5.08e-06,0.0176630373333333
14,24,-0.012591087,-0.005988331625
14,25,-0.015519306,-0.0123369477142857
14,26,0.008943,0.03224246
14,27,0.002515698,0.0246806965
14,28,-0.003179646,0.0246806965
14,29,0.008768359,0.007753785
14,30,-0.011889142,0.0176630373333333
14,31,-0.009722941,0.03224246
14,32,0.002971064,-0.0123369477142857
14,33,0.004164699,0.0176630373333333
14,34,-0.007586866,0.0246806965
14,35,-0.01250644,0.007753785
14,36,-0.013384167,0.03224246
14,37,-0.013554059,0.03224246
14,38,-0.014724997,-0.0123369477142857
14,39,0.025317649,0.007753785
14,40,-0.006566375,0.0246806965
14,41,0.00716741,0.007753785
14,42,0.005779977,0.013291309
14,43,-0.011049522,0.0176630373333333
14,44,-0.013753547,-0.03241310125
14,45,-0.002419064,0.03224246
14,46,-0.036374727,-9.78560000000038e-06
14,47,0.00112439,-0.0123369477142857
14,48,0.00511012,0.013291309
14,49,-0.027590293,0.0246806965
14,50,0.02156199,-0.03241310125
14,51,0.017184219,0.013291309
14,52,0.007175984,0.0176630373333333
14,53,0.011325081,-0.005988331625
14,54,-0.015882222,0.0176630373333333
14,55,0.003444305,0.03224246
14,56,0.011455399,-9.78560000000038e-06
14,57,-0.006233492,-9.78560000000038e-06
14,58,-0.015968381,-0.0123369477142857
14,59,0.000723629,0.03224246
14,60,0.0017334,0.0176630373333333
14,61,0.010020454,0.0246806965
14,62,0.00877387,0.013291309
14,63,0.007877899,-0.005988331625
14,64,0.007188407,-0.005988331625
14,65,0.003332611,0.0176630373333333
14,66,0.002606371,-9.78560000000038e-06
14,67,0.002134784,-9.78560000000038e-06
14,68,0.017326939,-9.78560000000038e-06
14,69,-0.006912794,-9.78560000000038e-06
14,70,-0.002068345,0.03224246
14,71,-0.006716706,-0.0123369477142857
14,72,-0.002310732,0.03224246
14,73,0.00053971,-0.0123369477142857
14,74,-0.021032886,-0.005988331625
14,75,-0.006962182,-0.03241310125
14,76,-0.006819675,-0.03241310125
14,77,0.000513917,-0.03241310125
14,78,-0.000926974,-0.005988331625
14,79,0.015586943,0.013291309
14,80,0.000986979,-0.005988331625
14,81,0.007505103,-0.005988331625
14,82,0.008605912,0.013291309
14,83,0.002228034,0.0176630373333333
14,84,0.003910511,0.013291309
14,85,0.003616272,0.0176630373333333
14,86,-0.004870161,-9.78560000000038e-06
14,87,-0.006472779,-0.0123369477142857
14,88,0.000105052,0.03224246
14,89,0.007196694,0.0176630373333333
14,90,0.008880124,-0.005988331625
14,91,0.00618863,-0.005988331625
14,92,0.007336415,-0.005988331625
14,93,0.002304461,0.0176630373333333
14,94,0.002006969,-9.78560000000038e-06
14,95,0.000772417,-9.78560000000038e-06
14,96,0.001432271,-9.78560000000038e-06
14,97,-0.003294977,-0.005988331625
14,98,0.015749215,-0.0123369477142857
14,99,-0.002498259,-0.005988331625
14,100,0.00157399,-0.0123369477142857
14,101,-0.000640049,-0.005988331625
14,102,-0.001846139,0.0176630373333333
14,103,0.003611527,-0.03241310125
14,104,-0.009966402,-0.005988331625
14,105,-0.01411308,-0.03241310125
14,106,-0.005318878,-0.0123369477142857
14,107,0.004725268,0.03224246
14,108,0.003266443,0.0246806965
14,109,0.004805849,-0.005988331625
14,110,0.000130577,-0.005988331625
14,111,0.00113875,0.0176630373333333
14,112,-0.002496244,0.0176630373333333
14,113,-0.00146846,0.0176630373333333
14,114,-0.00973058,-0.0123369477142857
14,115,-0.009662437,-0.0123369477142857
14,116,-0.000755376,-0.0123369477142857
14,117,0.005080761,0.0246806965
14,118,0.00200541,0.0246806965
14,119,0.014404659,-0.005988331625
14,120,0.003654103,-0.005988331625
14,121,0.005049774,0.0176630373333333
14,122,0.007314074,0.013291309
14,123,-0.001896565,0.0176630373333333
14,124,-0.003641465,-9.78560000000038e-06
14,125,0.022418509,0.0176630373333333
14,126,0.000165775,0.0176630373333333
14,127,0.003323194,-0.005988331625
14,128,-0.004882582,-0.005988331625
14,129,0.003106736,0.0176630373333333
14,130,0.006771126,-0.005988331625
14,131,0.000791961,0.0176630373333333
15,1,-0.000118508,0.019906759
15,2,-0.001747153,-0.0281646885
15,3,-0.00595858,0.0105753146
15,4,0.002049152,-0.0055018738
15,5,-0.000280023,-0.0055018738
15,6,-3.32e-05,-0.0055018738
15,7,0.004233582,-0.0214179616
15,8,0.006657004,-0.0055018738
15,9,0.003322491,0.019906759
15,10,-0.001537399,-0.0103455383333333
15,11,0.01345158,0.0025259805
15,12,0.001229191,-0.0103455383333333
15,13,0.004452219,-0.0281646885
15,14,0.002949178,0.0025259805
15,15,0.003124776,-0.0055018738
15,16,-0.00362746,-0.0103455383333333
15,17,0.003942423,-0.0103455383333333
15,18,-0.005179159,-0.0103455383333333
15,19,-0.003799375,-0.0055018738
15,20,0.007507331,0.019906759
15,21,5.08e-06,-0.0055018738
15,22,-0.012591087,-0.0214179616
15,23,-0.015519306,0.0025259805
15,24,0.008943,-0.0055018738
15,25,0.002515698,0.0239216421428571
15,26,-0.003179646,0.0239216421428571
15,27,0.008768359,0.0105753146
15,28,-0.011889142,0.0105753146
15,29,-0.009722941,-0.0055018738
15,30,0.002971064,0.0025259805
15,31,0.004164699,0.0239216421428571
15,32,-0.007586866,0.0239216421428571
15,33,-0.01250644,0.0105753146
15,34,-0.013384167,0.0105753146
15,35,-0.013554059,-0.0055018738
15,36,-0.014724997,0.0239216421428571
15,37,0.025317649,0.0239216421428571
15,38,-0.006566375,0.0239216421428571
15,39,0.00716741,0.0239216421428571
15,40,0.005779977,0.0105753146
15,41,-0.011049522,0.0105753146
15,42,-0.013753547,0.0025259805
15,43,-0.002419064,0.0105753146
15,44,-0.036374727,0.0239216421428571
15,45,0.00112439,0.0239216421428571
15,46,0.00511012,0.019906759
15,47,-0.027590293,0.0239216421428571
15,48,0.02156199,-0.0214179616
15,49,0.017184219,0.0105753146
15,50,0.007175984,0.0239216421428571
15,51,0.011325081,-0.0281646885
15,52,-0.015882222,0.0252824516666667
15,53,0.003444305,-0.0281646885
15,54,0.011455399,0.0025259805
15,55,-0.006233492,0.0239216421428571
15,56,-0.015968381,-0.0281646885
15,57,0.000723629,0.019906759
15,58,0.0017334,0.019906759
15,59,0.010020454,0.0239216421428571
15,60,0.00877387,0.0252824516666667
15,61,0.007877899,0.0105753146
15,62,0.007188407,0.0025259805
15,63,0.003332611,0.019906759
15,64,0.002606371,0.0252824516666667
15,65,0.002134784,0.0025259805
15,66,0.017326939,-0.0103455383333333
15,67,-0.006912794,-0.0103455383333333
15,68,-0.002068345,-0.0281646885
15,69,-0.006716706,0.0025259805
15,70,-0.002310732,-0.0055018738
15,71,0.00053971,-0.0214179616
15,72,-0.021032886,0.0105753146
15,73,-0.006962182,-0.0214179616
15,74,-0.006819675,0.0105753146
15,75,0.000513917,0.0239216421428571
15,76,-0.000926974,-0.0214179616
15,77,0.015586943,0.0105753146
15,78,0.000986979,0.0105753146
15,79,0.007505103,-0.0281646885
15,80,0.008605912,0.0252824516666667
15,81,0.002228034,-0.0055018738
15,82,0.003910511,0.0025259805
15,83,0.003616272,0.0025259805
15,84,-0.004870161,-0.0103455383333333
15,85,-0.006472779,-0.0103455383333333
15,86,0.000105052,0.019906759
15,87,0.007196694,-0.0055018738
15,88,0.008880124,-0.0055018738
15,89,0.00618863,-0.0214179616
15,90,0.007336415,0.0105753146
15,91,0.002304461,0.0025259805
15,92,0.002006969,0.0025259805
15,93,0.000772417,0.0025259805
15,94,0.001432271,-0.0103455383333333
15,95,-0.003294977,-0.0103455383333333
15,96,0.015749215,-0.0055018738
15,97,-0.002498259,-0.0055018738
15,98,0.00157399,-0.0281646885
15,99,-0.000640049,0.0025259805
15,100,-0.001846139,-0.0055018738
15,101,0.003611527,-0.0055018738
15,102,-0.009966402,-0.0055018738
15,103,-0.01411308,-0.0055018738
15,104,-0.005318878,-0.0103455383333333
15,105,0.004725268,0.0239216421428571
15,106,0.003266443,0.0239216421428571
15,107,0.004805849,0.0105753146
15,108,0.000130577,0.0105753146
15,109,0.00113875,-0.0103455383333333
15,110,-0.002496244,-0.0103455383333333
15,111,-0.00146846,0.0252824516666667
15,112,-0.00973058,-0.0055018738
15,113,-0.009662437,-0.0055018738
15,114,-0.000755376,-0.0055018738
15,115,0.005080761,0.0239216421428571
15,116,0.00200541,0.0239216421428571
15,117,0.014404659,0.0105753146
15,118,0.003654103,0.0105753146
15,119,0.005049774,-0.0281646885
15,120,0.007314074,0.0025259805
15,121,-0.001896565,-0.0103455383333333
15,122,-0.003641465,-0.0103455383333333
15,123,0.022418509,0.0025259805
15,124,0.000165775,-0.0055018738
15,125,0.003323194,-0.0281646885
15,126,-0.004882582,0.019906759
15,127,0.003106736,-0.0055018738
15,128,0.006771126,-0.0103455383333333
15,129,0.000791961,-0.0055018738
15,130,0.000318169,-0.0103455383333333
15,131,-0.000237889,0.0025259805
16,1,-0.00595858,0.0031394305
16,2,0.002049152,0.0031394305
16,3,-0.000280023,0.0107633465714286
16,4,-3.32e-05,0.0107633465714286
16,5,0.004233582,-0.0163219363333333
16,6,0.006657004,0.0330842173333333
16,7,0.003322491,0.0107633465714286
16,8,-0.001537399,0.0107633465714286
16,9,0.01345158,0.0330842173333333
16,10,0.001229191,0.0031394305
16,11,0.004452219,-0.014239192625
16,12,0.002949178,0.0107633465714286
16,13,0.003124776,0.0031394305
16,14,-0.00362746,0.0107633465714286
16,15,0.003942423,0.0330842173333333
16,16,-0.005179159,0.0330842173333333
16,17,-0.003799375,0.0330842173333333
16,18,0.007507331,-0.0163219363333333
16,19,5.08e-06,0.0330842173333333
16,20,-0.012591087,0.00826549066666667
16,21,-0.015519306,-0.0163219363333333
16,22,0.008943,0.0031394305
16,23,0.002515698,0.019614322375
16,24,-0.003179646,0.019614322375
16,25,0.008768359,-0.0163219363333333
16,26,-0.011889142,0.0031394305
16,27,-0.009722941,0.0330842173333333
16,28,0.002971064,-0.0163219363333333
16,29,0.004164699,0.019614322375
16,30,-0.007586866,0.019614322375
16,31,-0.01250644,0.00826549066666667
16,32,-0.013384167,0.0330842173333333
16,33,-0.013554059,0.0330842173333333
16,34,-0.014724997,0.019614322375
16,35,0.025317649,0.019614322375
16,36,-0.006566375,0.019614322375
16,37,0.00716741,0.019614322375
16,38,0.005779977,-0.0163219363333333
16,39,-0.011049522,0.0031394305
16,40,-0.013753547,0.00826549066666667
16,41,-0.002419064,0.0031394305
16,42,-0.036374727,0.019614322375
16,43,0.00112439,0.019614322375
16,44,0.00511012,-0.0163219363333333
16,45,-0.027590293,0.019614322375
16,46,0.02156199,0.00826549066666667
16,47,0.017184219,0.0107633465714286
16,48,0.007175984,0.019614322375
16,49,0.011325081,-0.014239192625
16,50,-0.015882222,0.0031394305
16,51,0.003444305,-0.014239192625
16,52,0.011455399,0.0031394305
16,53,-0.006233492,0.019614322375
16,54,-0.015968381,-0.014239192625
16,55,0.000723629,0.0330842173333333
16,56,0.0017334,0.0031394305
16,57,0.010020454,0.019614322375
16,58,0.00877387,-0.0163219363333333
16,59,0.007877899,0.0107633465714286
16,60,0.007188407,0.0107633465714286
16,61,0.003332611,0.0031394305
16,62,0.002606371,0.0031394305
16,63,0.002134784,0.0031394305
16,64,0.017326939,0.0031394305
16,65,-0.006912794,0.0330842173333333
16,66,-0.002068345,-0.014239192625
16,67,-0.006716706,0.0330842173333333
16,68,-0.002310732,0.0031394305
16,69,0.00053971,-0.0163219363333333
16,70,-0.021032886,0.0107633465714286
16,71,-0.006962182,-0.0163219363333333
16,72,-0.006819675,0.0107633465714286
16,73,0.000513917,0.019614322375
16,74,-0.000926974,-0.0163219363333333
16,75,0.015586943,-0.0163219363333333
16,76,0.000986979,-0.0163219363333333
16,77,0.007505103,-0.014239192625
16,78,0.008605912,0.0107633465714286
16,79,0.002228034,0.0031394305
16,80,0.003910511,0.0107633465714286
16,81,0.003616272,0.0031394305
16,82,-0.004870161,0.0031394305
16,83,-0.006472779,0.0330842173333333
16,84,0.000105052,0.0330842173333333
16,85,0.007196694,0.0330842173333333
16,86,0.008880124,-0.0163219363333333
16,87,0.00618863,0.00826549066666667
16,88,0.007336415,0.0107633465714286
16,89,0.002304461,0.0031394305
16,90,0.002006969,0.0031394305
16,91,0.000772417,0.0031394305
16,92,0.001432271,0.0031394305
16,93,-0.003294977,0.0330842173333333
16,94,0.015749215,0.0330842173333333
16,95,-0.002498259,0.0107633465714286
16,96,0.00157399,-0.014239192625
16,97,-0.000640049,-0.0163219363333333
16,98,-0.001846139,0.0031394305
16,99,0.003611527,0.0107633465714286
16,100,-0.009966402,0.0107633465714286
16,101,-0.01411308,0.0107633465714286
16,102,-0.005318878,0.0107633465714286
16,103,0.004725268,0.019614322375
16,104,0.003266443,0.019614322375
16,105,0.004805849,0.00826549066666667
16,106,0.000130577,0.00826549066666667
16,107,0.00113875,0.0330842173333333
16,108,-0.002496244,0.0330842173333333
16,109,-0.00146846,0.0330842173333333
16,110,-0.00973058,0.0107633465714286
16,111,-0.009662437,0.0107633465714286
16,112,-0.000755376,0.0107633465714286
16,113,0.005080761,0.019614322375
16,114,0.00200541,0.019614322375
16,115,0.014404659,0.00826549066666667
16,116,0.003654103,0.0107633465714286
16,117,0.005049774,-0.014239192625
16,118,0.007314074,0.0330842173333333
16,119,-0.001896565,0.0031394305
16,120,-0.003641465,0.0330842173333333
16,121,0.022418509,0.0330842173333333
16,122,0.000165775,0.0031394305
16,123,0.003323194,-0.014239192625
16,124,-0.004882582,-0.0163219363333333
16,125,0.003106736,0.0031394305
16,126,0.006771126,0.0107633465714286
16,127,0.000791961,0.0330842173333333
16,128,0.000318169,0.00826549066666667
16,129,-0.000237889,0.0330842173333333
16,130,0.001377145,0.0031394305
16,131,0.005533577,0.0107633465714286
17,1,0.002049152,-0.01114215
17,2,-0.000280023,0.0214427518
17,3,-3.32e-05,-0.022278029
17,4,0.004233582,-0.003032176
17,5,0.006657004,-0.01114215
17,6,0.003322491,0.0283101836666667
17,7,-0.001537399,-0.01114215
17,8,0.01345158,-0.022278029
17,9,0.001229191,-0.01114215
17,10,0.004452219,-0.0251765476
17,11,0.002949178,-0.003032176
17,12,0.003124776,-0.003032176
17,13,-0.00362746,-0.01114215
17,14,0.003942423,-0.01114215
17,15,-0.005179159,-0.003032176
17,16,-0.003799375,-0.01114215
17,17,0.007507331,0.0283101836666667
17,18,5.08e-06,-0.01114215
17,19,-0.012591087,-0.01114215
17,20,-0.015519306,-0.01114215
17,21,0.008943,0.0214427518
17,22,0.002515698,0.0283341705
17,23,-0.003179646,0.0283341705
17,24,0.008768359,0.0175873226666667
17,25,-0.011889142,0.0175873226666667
17,26,-0.009722941,-0.01114215
17,27,0.002971064,0.0214427518
17,28,0.004164699,0.0283341705
17,29,-0.007586866,0.0283341705
17,30,-0.01250644,-0.01114215
17,31,-0.013384167,0.0214427518
17,32,-0.013554059,0.0214427518
17,33,-0.014724997,0.0043221346
17,34,0.025317649,0.0043221346
17,35,-0.006566375,0.0283341705
17,36,0.00716741,0.0043221346
17,37,0.005779977,0.0214427518
17,38,-0.011049522,0.0175873226666667
17,39,-0.013753547,-0.022278029
17,40,-0.002419064,0.0214427518
17,41,-0.036374727,0.0043221346
17,42,0.00112439,0.0043221346
17,43,0.00511012,0.0214427518
17,44,-0.027590293,0.0283341705
17,45,0.02156199,-0.01114215
17,46,0.017184219,0.0214427518
17,47,0.007175984,0.0283341705
17,48,0.011325081,-0.0251765476
17,49,-0.015882222,0.0175873226666667
17,50,0.003444305,-0.0251765476
17,51,0.011455399,0.0214427518
17,52,-0.006233492,0.0283341705
17,53,-0.015968381,-0.0251765476
17,54,0.000723629,0.0214427518
17,55,0.0017334,0.0214427518
17,56,0.010020454,0.0283341705
17,57,0.00877387,-0.022278029
17,58,0.007877899,0.0175873226666667
17,59,0.007188407,-0.01114215
17,60,0.003332611,-0.022278029
17,61,0.002606371,-0.022278029
17,62,0.002134784,-0.01114215
17,63,0.017326939,-0.003032176
17,64,-0.006912794,-0.003032176
17,65,-0.002068345,-0.0251765476
17,66,-0.006716706,0.0214427518
17,67,-0.002310732,-0.01114215
17,68,0.00053971,0.0214427518
17,69,-0.021032886,-0.01114215
17,70,-0.006962182,-0.003032176
17,71,-0.006819675,0.0214427518
17,72,0.000513917,0.0043221346
17,73,-0.000926974,0.0214427518
17,74,0.015586943,0.0175873226666667
17,75,0.000986979,-0.01114215
17,76,0.007505103,-0.0251765476
17,77,0.008605912,-0.022278029
17,78,0.002228034,-0.022278029
17,79,0.003910511,-0.022278029
17,80,0.003616272,-0.01114215
17,81,-0.004870161,-0.003032176
17,82,-0.006472779,-0.01114215
17,83,0.000105052,0.0283101836666667
17,84,0.007196694,0.0214427518
17,85,0.008880124,-0.01114215
17,86,0.00618863,-0.003032176
17,87,0.007336415,-0.01114215
17,88,0.002304461,-0.01114215
17,89,0.002006969,-0.022278029
17,90,0.000772417,-0.022278029
17,91,0.001432271,-0.003032176
17,92,-0.003294977,-0.003032176
17,93,0.015749215,-0.003032176
17,94,-0.002498259,-0.003032176
17,95,0.00157399,-0.0251765476
17,96,-0.000640049,-0.01114215
17,97,-0.001846139,-0.01114215
17,98,0.003611527,-0.01114215
17,99,-0.009966402,-0.01114215
17,100,-0.01411308,-0.003032176
17,101,-0.005318878,0.0214427518
17,102,0.004725268,0.0043221346
17,103,0.003266443,0.0283341705
17,104,0.004805849,-0.01114215
17,105,0.000130577,0.0175873226666667
17,106,0.00113875,-0.01114215
17,107,-0.002496244,-0.022278029
17,108,-0.00146846,-0.022278029
17,109,-0.00973058,-0.022278029
17,110,-0.009662437,-0.01114215
17,111,-0.000755376,0.0214427518
17,112,0.005080761,0.0283341705
17,113,0.00200541,0.0283341705
17,114,0.014404659,-0.01114215
17,115,0.003654103,-0.01114215
17,116,0.005049774,-0.0251765476
17,117,0.007314074,-0.022278029
17,118,-0.001896565,-0.022278029
17,119,-0.003641465,-0.003032176
17,120,0.022418509,-0.01114215
17,121,0.000165775,-0.003032176
17,122,0.003323194,-0.0251765476
17,123,-0.004882582,0.0283101836666667
17,124,0.003106736,-0.003032176
17,125,0.006771126,-0.01114215
17,126,0.000791961,-0.01114215
17,127,0.000318169,-0.003032176
17,128,-0.000237889,-0.01114215
17,129,0.001377145,0.0283101836666667
17,130,0.005533577,-0.01114215
17,131,-0.00096579,-0.022278029
18,1,-0.000280023,0.020360773
18,2,-3.32e-05,-0.022278029
18,3,0.004233582,-0.0118322035714286
18,4,0.006657004,0.021206465875
18,5,0.003322491,-0.0118322035714286
18,6,-0.001537399,-0.0118322035714286
18,7,0.01345158,-0.022278029
18,8,0.001229191,-0.0118322035714286
18,9,0.004452219,-0.0281646885
18,10,0.002949178,-0.0118322035714286
18,11,0.003124776,0.00850188666666667
18,12,-0.00362746,-0.0118322035714286
18,13,0.003942423,-0.0118322035714286
18,14,-0.005179159,0.020360773
18,15,-0.003799375,0.021206465875
18,16,0.007507331,0.020360773
18,17,5.08e-06,0.020360773
18,18,-0.012591087,-0.0118322035714286
18,19,-0.015519306,-0.0118322035714286
18,20,0.008943,0.020360773
18,21,0.002515698,0.020360773
18,22,-0.003179646,0.0281687953333333
18,23,0.008768359,-0.022278029
18,24,-0.011889142,0.020360773
18,25,-0.009722941,-0.0118322035714286
18,26,0.002971064,0.020360773
18,27,0.004164699,0.020360773
18,28,-0.007586866,-0.0118322035714286
18,29,-0.01250644,-0.0118322035714286
18,30,-0.013384167,0.020360773
18,31,-0.013554059,0.020360773
18,32,-0.014724997,0.00284361475
18,33,0.025317649,0.00284361475
18,34,-0.006566375,0.00284361475
18,35,0.00716741,0.0281687953333333
18,36,0.005779977,0.00284361475
18,37,-0.011049522,0.00850188666666667
18,38,-0.013753547,-0.022278029
18,39,-0.002419064,0.020360773
18,40,-0.036374727,0.020360773
18,41,0.00112439,0.021206465875
18,42,0.00511012,0.00284361475
18,43,-0.027590293,0.0281687953333333
18,44,0.02156199,-0.0118322035714286
18,45,0.017184219,0.020360773
18,46,0.007175984,0.0281687953333333
18,47,0.011325081,-0.0281646885
18,48,-0.015882222,0.00850188666666667
18,49,0.003444305,0.00850188666666667
18,50,0.011455399,0.020360773
18,51,-0.006233492,0.0281687953333333
18,52,-0.015968381,0.021206465875
18,53,0.000723629,0.021206465875
18,54,0.0017334,0.020360773
18,55,0.010020454,0.021206465875
18,56,0.00877387,-0.022278029
18,57,0.007877899,-0.0281646885
18,58,0.007188407,0.021206465875
18,59,0.003332611,0.00850188666666667
18,60,0.002606371,0.00850188666666667
18,61,0.002134784,-0.0118322035714286
18,62,0.017326939,-0.0118322035714286
18,63,-0.006912794,-0.0118322035714286
18,64,-0.002068345,-0.0281646885
18,65,-0.006716706,0.020360773
18,66,-0.002310732,0.020360773
18,67,0.00053971,0.00284361475
18,68,-0.021032886,0.020360773
18,69,-0.006962182,-0.0118322035714286
18,70,-0.006819675,0.021206465875
18,71,0.000513917,0.020360773
18,72,-0.000926974,0.00284361475
18,73,0.015586943,-0.022278029
18,74,0.000986979,-0.0118322035714286
18,75,0.007505103,-0.0281646885
18,76,0.008605912,-0.022278029
18,77,0.002228034,0.00850188666666667
18,78,0.003910511,-0.022278029
18,79,0.003616272,-0.0118322035714286
18,80,-0.004870161,0.00850188666666667
18,81,-0.006472779,0.021206465875
18,82,0.000105052,0.020360773
18,83,0.007196694,0.020360773
18,84,0.008880124,-0.0118322035714286
18,85,0.00618863,-0.0118322035714286
18,86,0.007336415,-0.0118322035714286
18,87,0.002304461,-0.0118322035714286
18,88,0.002006969,0.00850188666666667
18,89,0.000772417,-0.022278029
18,90,0.001432271,-0.0118322035714286
18,91,-0.003294977,-0.0118322035714286
18,92,0.015749215,-0.0118322035714286
18,93,-0.002498259,0.020360773
18,94,0.00157399,-0.0281646885
18,95,-0.000640049,0.020360773
18,96,-0.001846139,0.00850188666666667
18,97,0.003611527,-0.0118322035714286
18,98,-0.009966402,-0.0118322035714286
18,99,-0.01411308,-0.022278029
18,100,-0.005318878,0.021206465875
18,101,0.004725268,0.020360773
18,102,0.003266443,0.00284361475
18,103,0.004805849,-0.0118322035714286
18,104,0.000130577,-0.0118322035714286
18,105,0.00113875,-0.0118322035714286
18,106,-0.002496244,-0.022278029
18,107,-0.00146846,-0.022278029
18,108,-0.00973058,0.020360773
18,109,-0.009662437,-0.0118322035714286
18,110,-0.000755376,0.020360773
18,111,0.005080761,0.020360773
18,112,0.00200541,-0.0118322035714286
18,113,0.014404659,-0.0118322035714286
18,114,0.003654103,-0.0118322035714286
18,115,0.005049774,-0.0281646885
18,116,0.007314074,-0.022278029
18,117,-0.001896565,0.00850188666666667
18,118,-0.003641465,-0.0118322035714286
18,119,0.022418509,-0.0118322035714286
18,120,0.000165775,0.020360773
18,121,0.003323194,0.021206465875
18,122,-0.004882582,-0.0118322035714286
18,123,0.003106736,0.00850188666666667
18,124,0.006771126,0.020360773
18,125,0.000791961,-0.0118322035714286
18,126,0.000318169,-0.022278029
18,127,-0.000237889,0.021206465875
18,128,0.001377145,-0.0118322035714286
18,129,0.005533577,-0.0118322035714286
18,130,-0.00096579,-0.022278029
18,131,0.006145259,-0.0118322035714286
19,1,-3.32e-05,-0.0103217452222222
19,2,0.004233582,-0.01445398975
19,3,0.006657004,0.03498852575
19,4,0.003322491,-0.0103217452222222
19,5,-0.001537399,-0.0103217452222222
19,6,0.01345158,-0.0103217452222222
19,7,0.001229191,-0.0103217452222222
19,8,0.004452219,-0.0103217452222222
19,9,0.002949178,-0.0103217452222222
19,10,0.003124776,0.0150584304
19,11,-0.00362746,-0.01445398975
19,12,0.003942423,-0.0103217452222222
19,13,-0.005179159,0.0234468223333333
19,14,-0.003799375,0.03498852575
19,15,0.007507331,0.0234468223333333
19,16,5.08e-06,-0.000612248142857143
19,17,-0.012591087,-0.0103217452222222
19,18,-0.015519306,-0.0103217452222222
19,19,0.008943,-0.0218750846666667
19,20,0.002515698,-0.000612248142857143
19,21,-0.003179646,-0.0103217452222222
19,22,0.008768359,-0.0103217452222222
19,23,-0.011889142,-0.01445398975
19,24,-0.009722941,-0.0103217452222222
19,25,0.002971064,0.0234468223333333
19,26,0.004164699,0.0150584304
19,27,-0.007586866,-0.01445398975
19,28,-0.01250644,-0.0103217452222222
19,29,-0.013384167,0.0234468223333333
19,30,-0.013554059,-0.01445398975
19,31,-0.014724997,-0.000612248142857143
19,32,0.025317649,-0.0218750846666667
19,33,-0.006566375,0.0328816813333333
19,34,0.00716741,-0.0103217452222222
19,35,0.005779977,0.0234468223333333
19,36,-0.011049522,0.0150584304
19,37,-0.013753547,-0.0103217452222222
19,38,-0.002419064,0.0150584304
19,39,-0.036374727,-0.000612248142857143
19,40,0.00112439,0.03498852575
19,41,0.00511012,-0.000612248142857143
19,42,-0.027590293,-0.01445398975
19,43,0.02156199,-0.0218750846666667
19,44,0.017184219,0.0328816813333333
19,45,0.007175984,0.0328816813333333
19,46,0.011325081,-0.0103217452222222
19,47,-0.015882222,0.0150584304
19,48,0.003444305,-0.0218750846666667
19,49,0.011455399,0.0150584304
19,50,-0.006233492,0.0150584304
19,51,-0.015968381,0.03498852575
19,52,0.000723629,0.03498852575
19,53,0.0017334,-0.01445398975
19,54,0.010020454,-0.01445398975
19,55,0.00877387,-0.0103217452222222
19,56,0.007877899,-0.0103217452222222
19,57,0.007188407,-0.01445398975
19,58,0.003332611,0.0150584304
19,59,0.002606371,0.0150584304
19,60,0.002134784,0.0150584304
19,61,0.017326939,0.0150584304
19,62,-0.006912794,-0.01445398975
19,63,-0.002068345,-0.01445398975
19,64,-0.006716706,-0.01445398975
19,65,-0.002310732,-0.01445398975
19,66,0.00053971,-0.000612248142857143
19,67,-0.021032886,-0.0103217452222222
19,68,-0.006962182,-0.0218750846666667
19,69,-0.006819675,0.03498852575
19,70,0.000513917,-0.000612248142857143
19,71,-0.000926974,-0.000612248142857143
19,72,0.015586943,-0.0103217452222222
19,73,0.000986979,0.0328816813333333
19,74,0.007505103,-0.0103217452222222
19,75,0.008605912,-0.0103217452222222
19,76,0.002228034,0.0150584304
19,77,0.003910511,-0.0103217452222222
19,78,0.003616272,0.0150584304
19,79,-0.004870161,0.0150584304
19,80,-0.006472779,0.03498852575
19,81,0.000105052,0.0234468223333333
19,82,0.007196694,-0.01445398975
19,83,0.008880124,-0.01445398975
19,84,0.00618863,-0.0103217452222222
19,85,0.007336415,-0.0103217452222222
19,86,0.002304461,0.0150584304
19,87,0.002006969,0.0150584304
19,88,0.000772417,-0.0103217452222222
19,89,0.001432271,0.0150584304
19,90,-0.003294977,-0.01445398975
19,91,0.015749215,-0.01445398975
19,92,-0.002498259,-0.01445398975
19,93,0.00157399,-0.01445398975
19,94,-0.000640049,-0.0103217452222222
19,95,-0.001846139,0.0150584304
19,96,0.003611527,-0.0103217452222222
19,97,-0.009966402,-0.0103217452222222
19,98,-0.01411308,-0.0103217452222222
19,99,-0.005318878,0.03498852575
19,100,0.004725268,-0.000612248142857143
19,101,0.003266443,-0.000612248142857143
19,102,0.004805849,-0.0103217452222222
19,103,0.000130577,-0.0103217452222222
19,104,0.00113875,-0.0103217452222222
19,105,-0.002496244,-0.0103217452222222
19,106,-0.00146846,-0.0103217452222222
19,107,-0.00973058,-0.0103217452222222
19,108,-0.009662437,-0.0103217452222222
19,109,-0.000755376,-0.000612248142857143
19,110,0.005080761,-0.000612248142857143
19,111,0.00200541,-0.0103217452222222
19,112,0.014404659,-0.0103217452222222
19,113,0.003654103,0.0328816813333333
19,114,0.005049774,-0.0103217452222222
19,115,0.007314074,-0.0103217452222222
19,116,-0.001896565,0.0150584304
19,117,-0.003641465,-0.0103217452222222
19,118,0.022418509,-0.0103217452222222
19,119,0.000165775,0.0328816813333333
19,120,0.003323194,0.03498852575
19,121,-0.004882582,-0.0103217452222222
19,122,0.003106736,0.0150584304
19,123,0.006771126,-0.01445398975
19,124,0.000791961,-0.0103217452222222
19,125,0.000318169,-0.0103217452222222
19,126,-0.000237889,0.03498852575
19,127,0.001377145,-0.0103217452222222
19,128,0.005533577,-0.0103217452222222
19,129,-0.00096579,-0.0103217452222222
19,130,0.006145259,-0.0103217452222222
19,131,0.00351221,-0.01445398975
20,1,0.001229191,0.00981592628571429
20,2,0.004452219,0.00981592628571429
20,3,0.002949178,-0.00835105777777778
20,4,0.003124776,0.00981592628571429
20,5,-0.00362746,-0.00835105777777778
20,6,0.003942423,-0.02216729775
20,7,-0.005179159,0.00981592628571429
20,8,-0.003799375,0.03498852575
20,9,0.007507331,0.000828441
20,10,5.08e-06,0.00981592628571429
20,11,-0.012591087,-0.00835105777777778
20,12,-0.015519306,0.000828441
20,13,0.008943,0.000828441
20,14,0.002515698,0.0237606005
20,15,-0.003179646,0.0237606005
20,16,0.008768359,-0.02216729775
20,17,-0.011889142,0.00981592628571429
20,18,-0.009722941,-0.02216729775
20,19,0.002971064,0.000828441
20,20,0.004164699,0.0237606005
20,21,-0.007586866,0.0237606005
20,22,-0.01250644,-0.02216729775
20,23,-0.013384167,0.000828441
20,24,-0.013554059,0.000828441
20,25,-0.014724997,0.000828441
20,26,0.025317649,0.000828441
20,27,-0.006566375,0.0237606005
20,28,0.00716741,-0.02216729775
20,29,0.005779977,-0.00835105777777778
20,30,-0.011049522,0.00981592628571429
20,31,-0.013753547,-0.02216729775
20,32,-0.002419064,0.000828441
20,33,-0.036374727,0.000828441
20,34,0.00112439,0.03498852575
20,35,0.00511012,-0.00835105777777778
20,36,-0.027590293,0.0237606005
20,37,0.02156199,-0.02216729775
20,38,0.017184219,-0.00835105777777778
20,39,0.007175984,0.0237606005
20,40,0.011325081,-0.00835105777777778
20,41,-0.015882222,0.00981592628571429
20,42,0.003444305,-0.02216729775
20,43,0.011455399,0.00981592628571429
20,44,-0.006233492,0.0237606005
20,45,-0.015968381,0.03498852575
20,46,0.000723629,0.03498852575
20,47,0.0017334,0.00981592628571429
20,48,0.010020454,0.0237606005
20,49,0.00877387,-0.00835105777777778
20,50,0.007877899,-0.00835105777777778
20,51,0.007188407,0.03498852575
20,52,0.003332611,0.00981592628571429
20,53,0.002606371,0.00981592628571429
20,54,0.002134784,0.00981592628571429
20,55,0.017326939,0.00981592628571429
20,56,-0.006912794,0.00981592628571429
20,57,-0.002068345,-0.02216729775
20,58,-0.006716706,0.000828441
20,59,-0.002310732,0.000828441
20,60,0.00053971,0.000828441
20,61,-0.021032886,-0.00835105777777778
20,62,-0.006962182,-0.02216729775
20,63,-0.006819675,0.03498852575
20,64,0.000513917,0.000828441
20,65,-0.000926974,-0.00835105777777778
20,66,0.015586943,-0.00835105777777778
20,67,0.000986979,-0.00835105777777778
20,68,0.007505103,-0.00835105777777778
20,69,0.008605912,-0.00835105777777778
20,70,0.002228034,0.00981592628571429
20,71,0.003910511,-0.00835105777777778
20,72,0.003616272,0.00981592628571429
20,73,-0.004870161,0.00981592628571429
20,74,-0.006472779,0.03498852575
20,75,0.000105052,0.000828441
20,76,0.007196694,0.00981592628571429
20,77,0.008880124,-0.00835105777777778
20,78,0.00618863,-0.00835105777777778
20,79,0.007336415,-0.00835105777777778
20,80,0.002304461,0.00981592628571429
20,81,0.002006969,0.00981592628571429
20,82,0.000772417,0.00981592628571429
20,83,0.001432271,0.00981592628571429
20,84,-0.003294977,-0.00835105777777778
20,85,0.015749215,-0.02216729775
20,86,-0.002498259,-0.00835105777777778
20,87,0.00157399,-0.02216729775
20,88,-0.000640049,-0.00835105777777778
20,89,-0.001846139,0.00981592628571429
20,90,0.003611527,0.000828441
20,91,-0.009966402,-0.00835105777777778
20,92,-0.01411308,-0.02216729775
20,93,-0.005318878,0.03498852575
20,94,0.004725268,0.000828441
20,95,0.003266443,0.0237606005
20,96,0.004805849,-0.00835105777777778
20,97,0.000130577,-0.00835105777777778
20,98,0.00113875,0.00981592628571429
20,99,-0.002496244,0.00981592628571429
20,100,-0.00146846,-0.02216729775
20,101,-0.00973058,0.000828441
20,102,-0.009662437,0.000828441
20,103,-0.000755376,0.000828441
20,104,0.005080761,0.0237606005
20,105,0.00200541,0.0237606005
20,106,0.014404659,-0.00835105777777778
20,107,0.003654103,-0.00835105777777778
20,108,0.005049774,0.00981592628571429
20,109,0.007314074,-0.00835105777777778
20,110,-0.001896565,0.00981592628571429
20,111,-0.003641465,-0.02216729775
20,112,0.022418509,0.000828441
20,113,0.000165775,0.00981592628571429
20,114,0.003323194,0.03498852575
20,115,-0.004882582,-0.00835105777777778
20,116,0.003106736,-0.02216729775
20,117,0.006771126,-0.00835105777777778
20,118,0.000791961,0.00981592628571429
20,119,0.000318169,-0.00835105777777778
20,120,-0.000237889,0.03498852575
20,121,0.001377145,0.00981592628571429
20,122,0.005533577,-0.00835105777777778
20,123,-0.00096579,-0.00835105777777778
20,124,0.006145259,-0.00835105777777778
20,125,0.00351221,-0.00835105777777778
20,126,0.005174924,0.00981592628571429
20,127,0.004925464,-0.00835105777777778
20,128,0.003481782,0.00981592628571429
20,129,0.004954263,0.00981592628571429
20,130,-0.005292131,0.00981592628571429
20,131,0.000977497,-0.02216729775
21,1,0.002949178,-0.0171183853333333
21,2,0.003124776,0.012008498875
21,3,-0.00362746,-0.00998071228571428
21,4,0.003942423,0.012008498875
21,5,-0.005179159,0.012008498875
21,6,-0.003799375,0.0306459314
21,7,0.007507331,0.01661023025
21,8,5.08e-06,0.012008498875
21,9,-0.012591087,0.01661023025
21,10,-0.015519306,0.01661023025
21,11,0.008943,-0.022154878
21,12,0.002515698,0.012008498875
21,13,-0.003179646,0.01661023025
21,14,0.008768359,-0.0171183853333333
21,15,-0.011889142,-0.00998071228571428
21,16,-0.009722941,0.012008498875
21,17,0.002971064,-0.0171183853333333
21,18,0.004164699,0.012008498875
21,19,-0.007586866,-0.00998071228571428
21,20,-0.01250644,0.01661023025
21,21,-0.013384167,0.021656812
21,22,-0.013554059,-0.00998071228571428
21,23,-0.014724997,0.01661023025
21,24,0.025317649,-0.0171183853333333
21,25,-0.006566375,0.0328816813333333
21,26,0.00716741,0.01661023025
21,27,0.005779977,0.01661023025
21,28,-0.011049522,0.021656812
21,29,-0.013753547,-0.0171183853333333
21,30,-0.002419064,0.012008498875
21,31,-0.036374727,0.012008498875
21,32,0.00112439,0.0306459314
21,33,0.00511012,0.01661023025
21,34,-0.027590293,-0.00998071228571428
21,35,0.02156199,-0.022154878
21,36,0.017184219,0.0328816813333333
21,37,0.007175984,0.0328816813333333
21,38,0.011325081,-0.0171183853333333
21,39,-0.015882222,0.021656812
21,40,0.003444305,-0.022154878
21,41,0.011455399,0.012008498875
21,42,-0.006233492,0.012008498875
21,43,-0.015968381,0.0306459314
21,44,0.000723629,0.0306459314
21,45,0.0017334,-0.00998071228571428
21,46,0.010020454,-0.00998071228571428
21,47,0.00877387,0.01661023025
21,48,0.007877899,0.021656812
21,49,0.007188407,0.0306459314
21,50,0.003332611,0.012008498875
21,51,0.002606371,0.012008498875
21,52,0.002134784,0.012008498875
21,53,0.017326939,0.012008498875
21,54,-0.006912794,-0.00998071228571428
21,55,-0.002068345,-0.00998071228571428
21,56,-0.006716706,-0.00998071228571428
21,57,-0.002310732,-0.00998071228571428
21,58,0.00053971,0.01661023025
21,59,-0.021032886,0.01661023025
21,60,-0.006962182,-0.022154878
21,61,-0.006819675,0.0306459314
21,62,0.000513917,0.012008498875
21,63,-0.000926974,-0.0171183853333333
21,64,0.015586943,-0.0171183853333333
21,65,0.000986979,0.0328816813333333
21,66,0.007505103,0.012008498875
21,67,0.008605912,0.012008498875
21,68,0.002228034,0.012008498875
21,69,0.003910511,0.012008498875
21,70,0.003616272,0.012008498875
21,71,-0.004870161,0.012008498875
21,72,-0.006472779,0.0306459314
21,73,0.000105052,0.012008498875
21,74,0.007196694,-0.00998071228571428
21,75,0.008880124,-0.00998071228571428
21,76,0.00618863,0.01661023025
21,77,0.007336415,0.012008498875
21,78,0.002304461,0.012008498875
21,79,0.002006969,0.012008498875
21,80,0.000772417,0.012008498875
21,81,0.001432271,0.012008498875
21,82,-0.003294977,-0.00998071228571428
21,83,0.015749215,-0.00998071228571428
21,84,-0.002498259,-0.00998071228571428
21,85,0.00157399,-0.00998071228571428
21,86,-0.000640049,0.01661023025
21,87,-0.001846139,0.012008498875
21,88,0.003611527,-0.0171183853333333
21,89,-0.009966402,0.012008498875
21,90,-0.01411308,0.012008498875
21,91,-0.005318878,0.0306459314
21,92,0.004725268,0.012008498875
21,93,0.003266443,-0.0171183853333333
21,94,0.004805849,-0.0171183853333333
21,95,0.000130577,-0.0171183853333333
21,96,0.00113875,0.012008498875
21,97,-0.002496244,0.012008498875
21,98,-0.00146846,0.012008498875
21,99,-0.00973058,0.012008498875
21,100,-0.009662437,0.012008498875
21,101,-0.000755376,0.01661023025
21,102,0.005080761,0.01661023025
21,103,0.00200541,0.01661023025
21,104,0.014404659,-0.0171183853333333
21,105,0.003654103,0.0328816813333333
21,106,0.005049774,0.012008498875
21,107,0.007314074,0.012008498875
21,108,-0.001896565,0.012008498875
21,109,-0.003641465,0.012008498875
21,110,0.022418509,0.012008498875
21,111,0.000165775,0.0328816813333333
21,112,0.003323194,0.0306459314
21,113,-0.004882582,0.01661023025
21,114,0.003106736,0.012008498875
21,115,0.006771126,-0.00998071228571428
21,116,0.000791961,0.012008498875
21,117,0.000318169,-0.0171183853333333
21,118,-0.000237889,0.0306459314
21,119,0.001377145,0.012008498875
21,120,0.005533577,0.012008498875
21,121,-0.00096579,0.012008498875
21,122,0.006145259,0.012008498875
21,123,0.00351221,-0.00998071228571428
21,124,0.005174924,0.012008498875
21,125,0.004925464,0.012008498875
21,126,0.003481782,0.012008498875
21,127,0.004954263,0.012008498875
21,128,-0.005292131,0.012008498875
21,129,0.000977497,0.012008498875
21,130,0.003226381,-0.00998071228571428
21,131,-0.004085144,0.012008498875
22,1,0.003942423,-0.006091695625
22,2,-0.005179159,-0.006091695625
22,3,-0.003799375,0.004184056875
22,4,0.007507331,0.0219020064
22,5,5.08e-06,-0.006091695625
22,6,-0.012591087,0.004184056875
22,7,-0.015519306,-0.006091695625
22,8,0.008943,0.0219020064
22,9,0.002515698,0.0163813895555556
22,10,-0.003179646,0.0163813895555556
22,11,0.008768359,-0.02139270175
22,12,-0.011889142,-0.006091695625
22,13,-0.009722941,0.004184056875
22,14,0.002971064,0.0219020064
22,15,0.004164699,0.0163813895555556
22,16,-0.007586866,0.0163813895555556
22,17,-0.01250644,0.004184056875
22,18,-0.013384167,0.0219020064
22,19,-0.013554059,0.0219020064
22,20,-0.014724997,0.0163813895555556
22,21,0.025317649,0.0163813895555556
22,22,-0.006566375,0.0163813895555556
22,23,0.00716741,0.0163813895555556
22,24,0.005779977,0.0219020064
22,25,-0.011049522,0.004184056875
22,26,-0.013753547,0.004184056875
22,27,-0.002419064,0.0219020064
22,28,-0.036374727,0.0163813895555556
22,29,0.00112439,0.0163813895555556
22,30,0.00511012,0.0219020064
22,31,-0.027590293,0.0163813895555556
22,32,0.02156199,0.004184056875
22,33,0.017184219,0.0219020064
22,34,0.007175984,0.0163813895555556
22,35,0.011325081,-0.0281646885
22,36,-0.015882222,0.004184056875
22,37,0.003444305,-0.0281646885
22,38,0.011455399,0.0219020064
22,39,-0.006233492,0.0163813895555556
22,40,-0.015968381,-0.0281646885
22,41,0.000723629,0.0219020064
22,42,0.0017334,0.0219020064
22,43,0.010020454,0.0163813895555556
22,44,0.00877387,-0.02139270175
22,45,0.007877899,0.004184056875
22,46,0.007188407,0.004184056875
22,47,0.003332611,0.004184056875
22,48,0.002606371,0.004184056875
22,49,0.002134784,-0.006091695625
22,50,0.017326939,-0.006091695625
22,51,-0.006912794,-0.006091695625
22,52,-0.002068345,-0.0281646885
22,53,-0.006716706,0.0219020064
22,54,-0.002310732,-0.006091695625
22,55,0.00053971,0.0219020064
22,56,-0.021032886,-0.006091695625
22,57,-0.006962182,-0.02139270175
22,58,-0.006819675,0.0219020064
22,59,0.000513917,0.0163813895555556
22,60,-0.000926974,0.0219020064
22,61,0.015586943,-0.02139270175
22,62,0.000986979,-0.02139270175
22,63,0.007505103,-0.0281646885
22,64,0.008605912,-0.006091695625
22,65,0.002228034,0.004184056875
22,66,0.003910511,0.004184056875
22,67,0.003616272,-0.006091695625
22,68,-0.004870161,0.004184056875
22,69,-0.006472779,0.004184056875
22,70,0.000105052,0.0219020064
22,71,0.007196694,0.0219020064
22,72,0.008880124,-0.006091695625
22,73,0.00618863,0.004184056875
22,74,0.007336415,0.004184056875
22,75,0.002304461,0.004184056875
22,76,0.002006969,0.004184056875
22,77,0.000772417,-0.006091695625
22,78,0.001432271,-0.006091695625
22,79,-0.003294977,-0.006091695625
22,80,0.015749215,-0.006091695625
22,81,-0.002498259,-0.006091695625
22,82,0.00157399,-0.0281646885
22,83,-0.000640049,-0.006091695625
22,84,-0.001846139,-0.006091695625
22,85,0.003611527,-0.006091695625
22,86,-0.009966402,-0.006091695625
22,87,-0.01411308,0.004184056875
22,88,-0.005318878,0.0219020064
22,89,0.004725268,0.0163813895555556
22,90,0.003266443,0.0163813895555556
22,91,0.004805849,0.004184056875
22,92,0.000130577,-0.02139270175
22,93,0.00113875,0.004184056875
22,94,-0.002496244,-0.006091695625
22,95,-0.00146846,-0.006091695625
22,96,-0.00973058,-0.006091695625
22,97,-0.009662437,-0.006091695625
22,98,-0.000755376,0.0219020064
22,99,0.005080761,0.0163813895555556
22,100,0.00200541,0.0163813895555556
22,101,0.014404659,0.004184056875
22,102,0.003654103,-0.006091695625
22,103,0.005049774,-0.0281646885
22,104,0.007314074,0.004184056875
22,105,-0.001896565,0.004184056875
22,106,-0.003641465,0.004184056875
22,107,0.022418509,-0.006091695625
22,108,0.000165775,-0.006091695625
22,109,0.003323194,-0.0281646885
22,110,-0.004882582,-0.006091695625
22,111,0.003106736,-0.006091695625
22,112,0.006771126,0.0219020064
22,113,0.000791961,-0.006091695625
22,114,0.000318169,0.004184056875
22,115,-0.000237889,-0.006091695625
22,116,0.001377145,-0.006091695625
22,117,0.005533577,-0.006091695625
22,118,-0.00096579,-0.006091695625
22,119,0.006145259,0.004184056875
22,120,0.00351221,-0.006091695625
22,121,0.005174924,0.004184056875
22,122,0.004925464,-0.006091695625
22,123,0.003481782,0.004184056875
22,124,0.004954263,0.004184056875
22,125,-0.005292131,-0.006091695625
22,126,0.000977497,0.004184056875
22,127,0.003226381,0.0219020064
22,128,-0.004085144,-0.006091695625
22,129,0.011802246,-0.02139270175
22,130,0.005034855,-0.006091695625
22,131,-0.003161803,-0.0281646885
23,1,5.08e-06,0.0185185818571429
23,2,-0.012591087,-0.0124050594444444
23,3,-0.015519306,-0.0124050594444444
23,4,0.008943,0.00273464628571429
23,5,0.002515698,0.0185185818571429
23,6,-0.003179646,-0.0124050594444444
23,7,0.008768359,-0.0124050594444444
23,8,-0.011889142,-0.004837962
23,9,-0.009722941,-0.0124050594444444
23,10,0.002971064,0.0222612793333333
23,11,0.004164699,0.00273464628571429
23,12,-0.007586866,-0.0124050594444444
23,13,-0.01250644,-0.0124050594444444
23,14,-0.013384167,0.0222612793333333
23,15,-0.013554059,0.00273464628571429
23,16,-0.014724997,0.00273464628571429
23,17,0.025317649,0.00273464628571429
23,18,-0.006566375,-0.004837962
23,19,0.00716741,-0.0318756243333333
23,20,0.005779977,-0.004837962
23,21,-0.011049522,-0.004837962
23,22,-0.013753547,-0.0124050594444444
23,23,-0.002419064,0.0222612793333333
23,24,-0.036374727,0.00273464628571429
23,25,0.00112439,-0.0124050594444444
23,26,0.00511012,0.00273464628571429
23,27,-0.027590293,-0.0124050594444444
23,28,0.02156199,-0.0124050594444444
23,29,0.017184219,-0.00412110466666667
23,30,0.007175984,-0.004837962
23,31,0.011325081,0.0387630083333333
23,32,-0.015882222,0.0185185818571429
23,33,0.003444305,-0.0318756243333333
23,34,0.011455399,0.0222612793333333
23,35,-0.006233492,0.0185185818571429
23,36,-0.015968381,-0.0318756243333333
23,37,0.000723629,0.0222612793333333
23,38,0.0017334,0.00273464628571429
23,39,0.010020454,-0.0124050594444444
23,40,0.00877387,0.0387630083333333
23,41,0.007877899,0.0185185818571429
23,42,0.007188407,-0.004837962
23,43,0.003332611,0.0185185818571429
23,44,0.002606371,-0.0124050594444444
23,45,0.002134784,-0.0124050594444444
23,46,0.017326939,-0.0124050594444444
23,47,-0.006912794,0.0185185818571429
23,48,-0.002068345,-0.0318756243333333
23,49,-0.006716706,0.0222612793333333
23,50,-0.002310732,-0.0124050594444444
23,51,0.00053971,0.00273464628571429
23,52,-0.021032886,-0.0124050594444444
23,53,-0.006962182,-0.0124050594444444
23,54,-0.006819675,0.00273464628571429
23,55,0.000513917,0.00273464628571429
23,56,-0.000926974,0.00273464628571429
23,57,0.015586943,-0.0124050594444444
23,58,0.000986979,-0.004837962
23,59,0.007505103,-0.0318756243333333
23,60,0.008605912,-0.004837962
23,61,0.002228034,0.0185185818571429
23,62,0.003910511,-0.0124050594444444
23,63,0.003616272,-0.0124050594444444
23,64,-0.004870161,-0.0124050594444444
23,65,-0.006472779,-0.0124050594444444
23,66,0.000105052,0.00273464628571429
23,67,0.007196694,0.00273464628571429
23,68,0.008880124,0.0387630083333333
23,69,0.00618863,0.0387630083333333
23,70,0.007336415,0.0185185818571429
23,71,0.002304461,-0.004837962
23,72,0.002006969,-0.0124050594444444
23,73,0.000772417,-0.0124050594444444
23,74,0.001432271,-0.0124050594444444
23,75,-0.003294977,-0.0124050594444444
23,76,0.015749215,-0.0124050594444444
23,77,-0.002498259,0.0185185818571429
23,78,0.00157399,-0.0318756243333333
23,79,-0.000640049,-0.0124050594444444
23,80,-0.001846139,-0.0124050594444444
23,81,0.003611527,-0.0124050594444444
23,82,-0.009966402,-0.0124050594444444
23,83,-0.01411308,-0.0124050594444444
23,84,-0.005318878,0.00273464628571429
23,85,0.004725268,0.00273464628571429
23,86,0.003266443,0.00273464628571429
23,87,0.004805849,-0.0124050594444444
23,88,0.000130577,-0.0124050594444444
23,89,0.00113875,-0.0124050594444444
23,90,-0.002496244,-0.0124050594444444
23,91,-0.00146846,-0.0124050594444444
23,92,-0.00973058,-0.0124050594444444
23,93,-0.009662437,-0.0124050594444444
23,94,-0.000755376,0.00273464628571429
23,95,0.005080761,0.00273464628571429
23,96,0.00200541,-0.0124050594444444
23,97,0.014404659,-0.0124050594444444
23,98,0.003654103,-0.004837962
23,99,0.005049774,-0.0318756243333333
23,100,0.007314074,-0.0124050594444444
23,101,-0.001896565,0.0185185818571429
23,102,-0.003641465,-0.0124050594444444
23,103,0.022418509,-0.0124050594444444
23,104,0.000165775,-0.00412110466666667
23,105,0.003323194,-0.0318756243333333
23,106,-0.004882582,-0.0124050594444444
23,107,0.003106736,-0.0124050594444444
23,108,0.006771126,0.00273464628571429
23,109,0.000791961,0.0185185818571429
23,110,0.000318169,-0.0124050594444444
23,111,-0.000237889,-0.0124050594444444
23,112,0.001377145,-0.0124050594444444
23,113,0.005533577,-0.0124050594444444
23,114,-0.00096579,0.0185185818571429
23,115,0.006145259,-0.0124050594444444
23,116,0.00351221,0.0185185818571429
23,117,0.005174924,-0.0124050594444444
23,118,0.004925464,-0.0124050594444444
23,119,0.003481782,-0.0124050594444444
23,120,0.004954263,-0.0124050594444444
23,121,-0.005292131,-0.0124050594444444
23,122,0.000977497,-0.0124050594444444
23,123,0.003226381,0.0222612793333333
23,124,-0.004085144,-0.0124050594444444
23,125,0.011802246,-0.0124050594444444
23,126,0.005034855,0.0185185818571429
23,127,-0.003161803,-0.0318756243333333
23,128,-0.005227974,-0.0124050594444444
23,129,-0.00603372,-0.0124050594444444
23,130,0.000442375,0.00273464628571429
23,131,0.004984867,0.00273464628571429
24,1,-0.012591087,-0.016030006
24,2,-0.015519306,-0.016030006
24,3,0.008943,-0.0092050295
24,4,0.002515698,0.03426601225
24,5,-0.003179646,-0.016030006
24,6,0.008768359,-0.016030006
24,7,-0.011889142,0.0224769572
24,8,-0.009722941,-0.016030006
24,9,0.002971064,0.0148668592
24,10,0.004164699,0.0148668592
24,11,-0.007586866,0.03426601225
24,12,-0.01250644,-0.016030006
24,13,-0.013384167,0.01121028125
24,14,-0.013554059,-0.0092050295
24,15,-0.014724997,0.0148668592
24,16,0.025317649,0.0148668592
24,17,-0.006566375,0.03426601225
24,18,0.00716741,-0.016030006
24,19,0.005779977,-0.0082102692
24,20,-0.011049522,0.0224769572
24,21,-0.013753547,-0.016030006
24,22,-0.002419064,0.0148668592
24,23,-0.036374727,-0.0092050295
24,24,0.00112439,0.0148668592
24,25,0.00511012,0.0148668592
24,26,-0.027590293,0.03426601225
24,27,0.02156199,-0.016030006
24,28,0.017184219,0.0224769572
24,29,0.007175984,0.03426601225
24,30,0.011325081,-0.0082102692
24,31,-0.015882222,0.0224769572
24,32,0.003444305,-0.016030006
24,33,0.011455399,0.0148668592
24,34,-0.006233492,0.03426601225
24,35,-0.015968381,-0.016030006
24,36,0.000723629,0.0148668592
24,37,0.0017334,-0.0092050295
24,38,0.010020454,-0.016030006
24,39,0.00877387,-0.0082102692
24,40,0.007877899,0.0224769572
24,41,0.007188407,0.0224769572
24,42,0.003332611,0.0224769572
24,43,0.002606371,-0.016030006
24,44,0.002134784,-0.016030006
24,45,0.017326939,-0.016030006
24,46,-0.006912794,0.0224769572
24,47,-0.002068345,-0.016030006
24,48,-0.006716706,0.0148668592
24,49,-0.002310732,0.0148668592
24,50,0.00053971,-0.0092050295
24,51,-0.021032886,0.0148668592
24,52,-0.006962182,-0.016030006
24,53,-0.006819675,0.01121028125
24,54,0.000513917,-0.0092050295
24,55,-0.000926974,-0.0092050295
24,56,0.015586943,-0.016030006
24,57,0.000986979,-0.0082102692
24,58,0.007505103,-0.016030006
24,59,0.008605912,0.0224769572
24,60,0.002228034,0.0224769572
24,61,0.003910511,-0.016030006
24,62,0.003616272,0.0224769572
24,63,-0.004870161,-0.016030006
24,64,-0.006472779,-0.016030006
24,65,0.000105052,0.0148668592
24,66,0.007196694,-0.0092050295
24,67,0.008880124,0.0224769572
24,68,0.00618863,-0.0082102692
24,69,0.007336415,0.0224769572
24,70,0.002304461,0.0224769572
24,71,0.002006969,-0.016030006
24,72,0.000772417,-0.016030006
24,73,0.001432271,-0.016030006
24,74,-0.003294977,-0.016030006
24,75,0.015749215,-0.016030006
24,76,-0.002498259,0.0224769572
24,77,0.00157399,-0.016030006
24,78,-0.000640049,-0.0092050295
24,79,-0.001846139,-0.016030006
24,80,0.003611527,-0.0092050295
24,81,-0.009966402,0.0148668592
24,82,-0.01411308,-0.016030006
24,83,-0.005318878,-0.0092050295
24,84,0.004725268,-0.0092050295
24,85,0.003266443,0.03426601225
24,86,0.004805849,-0.016030006
24,87,0.000130577,0.0224769572
24,88,0.00113875,-0.016030006
24,89,-0.002496244,-0.016030006
24,90,-0.00146846,-0.016030006
24,91,-0.00973058,0.0148668592
24,92,-0.009662437,0.0148668592
24,93,-0.000755376,-0.0092050295
24,94,0.005080761,-0.0092050295
24,95,0.00200541,0.03426601225
24,96,0.014404659,-0.016030006
24,97,0.003654103,0.0224769572
24,98,0.005049774,-0.016030006
24,99,0.007314074,0.0224769572
24,100,-0.001896565,0.0224769572
24,101,-0.003641465,-0.016030006
24,102,0.022418509,0.0148668592
24,103,0.000165775,0.0224769572
24,104,0.003323194,-0.016030006
24,105,-0.004882582,-0.016030006
24,106,0.003106736,-0.016030006
24,107,0.006771126,-0.0092050295
24,108,0.000791961,0.0224769572
24,109,0.000318169,-0.016030006
24,110,-0.000237889,-0.016030006
24,111,0.001377145,-0.016030006
24,112,0.005533577,0.0148668592
24,113,-0.00096579,0.0224769572
24,114,0.006145259,-0.016030006
24,115,0.00351221,0.0224769572
24,116,0.005174924,-0.016030006
24,117,0.004925464,0.0224769572
24,118,0.003481782,0.0224769572
24,119,0.004954263,-0.016030006
24,120,-0.005292131,0.0224769572
24,121,0.000977497,-0.016030006
24,122,0.003226381,0.0148668592
24,123,-0.004085144,-0.016030006
24,124,0.011802246,-0.016030006
24,125,0.005034855,0.0224769572
24,126,-0.003161803,0.0224769572
24,127,-0.005227974,-0.016030006
24,128,-0.00603372,0.0148668592
24,129,0.000442375,-0.0092050295
24,130,0.004984867,0.0148668592
24,131,8.92e-05,0.0224769572
25,1,-0.003179646,0.0218450525714286
25,2,0.008768359,-0.0140705323333333
25,3,-0.011889142,0.006218153125
25,4,-0.009722941,0.000815357666666667
25,5,0.002971064,0.0218450525714286
25,6,0.004164699,0.006218153125
25,7,-0.007586866,0.006218153125
25,8,-0.01250644,0.0218450525714286
25,9,-0.013384167,-0.0140705323333333
25,10,-0.013554059,0.0218450525714286
25,11,-0.014724997,0.0218450525714286
25,12,0.025317649,-0.0140705323333333
25,13,-0.006566375,0.006218153125
25,14,0.00716741,-0.024698097
25,15,0.005779977,0.0218450525714286
25,16,-0.011049522,0.0218450525714286
25,17,-0.013753547,0.028418885
25,18,-0.002419064,0.0218450525714286
25,19,-0.036374727,-0.003623066
25,20,0.00112439,0.000815357666666667
25,21,0.00511012,0.006218153125
25,22,-0.027590293,0.006218153125
25,23,0.02156199,0.0218450525714286
25,24,0.017184219,0.0218450525714286
25,25,0.007175984,-0.024698097
25,26,0.011325081,-0.024698097
25,27,-0.015882222,0.006218153125
25,28,0.003444305,0.028418885
25,29,0.011455399,0.028418885
25,30,-0.006233492,0.006218153125
25,31,-0.015968381,0.028418885
25,32,0.000723629,-0.0140705323333333
25,33,0.0017334,0.006218153125
25,34,0.010020454,0.028418885
25,35,0.00877387,0.006218153125
25,36,0.007877899,0.006218153125
25,37,0.007188407,0.0218450525714286
25,38,0.003332611,0.0218450525714286
25,39,0.002606371,0.006218153125
25,40,0.002134784,0.006218153125
25,41,0.017326939,0.006218153125
25,42,-0.006912794,0.006218153125
25,43,-0.002068345,-0.024698097
25,44,-0.006716706,-0.003623066
25,45,-0.002310732,-0.003623066
25,46,0.00053971,0.028418885
25,47,-0.021032886,0.006218153125
25,48,-0.006962182,-0.003623066
25,49,-0.006819675,0.0218450525714286
25,50,0.000513917,-0.0140705323333333
25,51,-0.000926974,0.0218450525714286
25,52,0.015586943,0.0218450525714286
25,53,0.000986979,0.006218153125
25,54,0.007505103,-0.024698097
25,55,0.008605912,0.0218450525714286
25,56,0.002228034,0.0218450525714286
25,57,0.003910511,0.028418885
25,58,0.003616272,0.006218153125
25,59,-0.004870161,0.006218153125
25,60,-0.006472779,-0.003623066
25,61,0.000105052,-0.003623066
25,62,0.007196694,0.006218153125
25,63,0.008880124,0.006218153125
25,64,0.00618863,0.006218153125
25,65,0.007336415,0.006218153125
25,66,0.002304461,0.0218450525714286
25,67,0.002006969,0.000815357666666667
25,68,0.000772417,0.006218153125
25,69,0.001432271,0.006218153125
25,70,-0.003294977,0.006218153125
25,71,0.015749215,-0.003623066
25,72,-0.002498259,0.006218153125
25,73,0.00157399,-0.024698097
25,74,-0.000640049,0.006218153125
25,75,-0.001846139,0.006218153125
25,76,0.003611527,0.028418885
25,77,-0.009966402,0.0218450525714286
25,78,-0.01411308,-0.003623066
25,79,-0.005318878,0.0218450525714286
25,80,0.004725268,-0.003623066
25,81,0.003266443,0.006218153125
25,82,0.004805849,0.006218153125
25,83,0.000130577,0.006218153125
25,84,0.00113875,0.0218450525714286
25,85,-0.002496244,0.000815357666666667
25,86,-0.00146846,0.0218450525714286
25,87,-0.00973058,0.006218153125
25,88,-0.009662437,-0.003623066
25,89,-0.000755376,-0.003623066
25,90,0.005080761,0.006218153125
25,91,0.00200541,0.006218153125
25,92,0.014404659,0.0218450525714286
25,93,0.003654103,0.006218153125
25,94,0.005049774,-0.024698097
25,95,0.007314074,0.000815357666666667
25,96,-0.001896565,0.006218153125
25,97,-0.003641465,0.028418885
25,98,0.022418509,-0.003623066
25,99,0.000165775,0.006218153125
25,100,0.003323194,-0.024698097
25,101,-0.004882582,0.006218153125
25,102,0.003106736,-0.0140705323333333
25,103,0.006771126,0.028418885
25,104,0.000791961,0.0218450525714286
25,105,0.000318169,0.006218153125
25,106,-0.000237889,0.006218153125
25,107,0.001377145,0.006218153125
25,108,0.005533577,0.000815357666666667
25,109,-0.00096579,0.006218153125
25,110,0.006145259,0.006218153125
25,111,0.00351221,0.006218153125
25,112,0.005174924,0.006218153125
25,113,0.004925464,0.006218153125
25,114,0.003481782,0.006218153125
25,115,0.004954263,0.006218153125
25,116,-0.005292131,0.006218153125
25,117,0.000977497,-0.003623066
25,118,0.003226381,0.006218153125
25,119,-0.004085144,0.006218153125
25,120,0.011802246,-0.003623066
25,121,0.005034855,0.006218153125
25,122,-0.003161803,-0.024698097
25,123,-0.005227974,0.0218450525714286
25,124,-0.00603372,-0.0140705323333333
25,125,0.000442375,0.028418885
25,126,0.004984867,0.000815357666666667
25,127,8.92e-05,0.006218153125
25,128,0.006881187,0.006218153125
25,129,0.002830117,0.0218450525714286
25,130,-0.010151847,0.0218450525714286
25,131,0.014253551,0.000815357666666667
26,1,-0.009722941,-0.00875169675
26,2,0.002971064,0.016234264
26,3,0.004164699,0.016234264
26,4,-0.007586866,-0.00875169675
26,5,-0.01250644,-0.00875169675
26,6,-0.013384167,0.016234264
26,7,-0.013554059,0.016234264
26,8,-0.014724997,0.016234264
26,9,0.025317649,0.016234264
26,10,-0.006566375,0.016234264
26,11,0.00716741,0.0225613966666667
26,12,0.005779977,0.0225613966666667
26,13,-0.011049522,0.00572248225
26,14,-0.013753547,-0.0247792994
26,15,-0.002419064,0.016234264
26,16,-0.036374727,0.016234264
26,17,0.00112439,-0.00875169675
26,18,0.00511012,0.016234264
26,19,-0.027590293,-0.00875169675
26,20,0.02156199,0.0225613966666667
26,21,0.017184219,0.016234264
26,22,0.007175984,0.00572248225
26,23,0.011325081,0.0225613966666667
26,24,-0.015882222,0.00572248225
26,25,0.003444305,0.00572248225
26,26,0.011455399,0.016234264
26,27,-0.006233492,0.00572248225
26,28,-0.015968381,0.0225613966666667
26,29,0.000723629,0.0197769773333333
26,30,0.0017334,0.016234264
26,31,0.010020454,-0.00875169675
26,32,0.00877387,0.0225613966666667
26,33,0.007877899,-0.00875169675
26,34,0.007188407,-0.00875169675
26,35,0.003332611,0.0197769773333333
26,36,0.002606371,0.00572248225
26,37,0.002134784,0.00572248225
26,38,0.017326939,0.00572248225
26,39,-0.006912794,0.00572248225
26,40,-0.002068345,-0.00875169675
26,41,-0.006716706,-0.00875169675
26,42,-0.002310732,0.00572248225
26,43,0.00053971,-0.00875169675
26,44,-0.021032886,-0.00875169675
26,45,-0.006962182,-0.00875169675
26,46,-0.006819675,0.016234264
26,47,0.000513917,0.0197769773333333
26,48,-0.000926974,0.0225613966666667
26,49,0.015586943,-0.0247792994
26,50,0.000986979,-0.00875169675
26,51,0.007505103,-0.00875169675
26,52,0.008605912,-0.0247792994
26,53,0.002228034,0.00572248225
26,54,0.003910511,-0.0247792994
26,55,0.003616272,0.00572248225
26,56,-0.004870161,0.00572248225
26,57,-0.006472779,-0.00875169675
26,58,0.000105052,0.0197769773333333
26,59,0.007196694,0.00572248225
26,60,0.008880124,-0.00875169675
26,61,0.00618863,-0.00875169675
26,62,0.007336415,-0.00875169675
26,63,0.002304461,0.00572248225
26,64,0.002006969,0.00572248225
26,65,0.000772417,0.00572248225
26,66,0.001432271,0.00572248225
26,67,-0.003294977,-0.00875169675
26,68,0.015749215,-0.00875169675
26,69,-0.002498259,-0.00875169675
26,70,0.00157399,-0.00875169675
26,71,-0.000640049,-0.00875169675
26,72,-0.001846139,0.00572248225
26,73,0.003611527,-0.00875169675
26,74,-0.009966402,-0.00875169675
26,75,-0.01411308,-0.00875169675
26,76,-0.005318878,0.016234264
26,77,0.004725268,0.016234264
26,78,0.003266443,-0.00875169675
26,79,0.004805849,0.0225613966666667
26,80,0.000130577,-0.00875169675
26,81,0.00113875,0.00572248225
26,82,-0.002496244,0.00572248225
26,83,-0.00146846,0.00572248225
26,84,-0.00973058,-0.0247792994
26,85,-0.009662437,-0.00875169675
26,86,-0.000755376,0.016234264
26,87,0.005080761,0.016234264
26,88,0.00200541,-0.00875169675
26,89,0.014404659,-0.00875169675
26,90,0.003654103,-0.00875169675
26,91,0.005049774,0.00572248225
26,92,0.007314074,-0.0247792994
26,93,-0.001896565,0.00572248225
26,94,-0.003641465,0.00572248225
26,95,0.022418509,0.00572248225
26,96,0.000165775,0.00572248225
26,97,0.003323194,-0.00875169675
26,98,-0.004882582,0.0197769773333333
26,99,0.003106736,0.00572248225
26,100,0.006771126,-0.00875169675
26,101,0.000791961,0.00572248225
26,102,0.000318169,-0.00875169675
26,103,-0.000237889,0.00572248225
26,104,0.001377145,0.0197769773333333
26,105,0.005533577,-0.00875169675
26,106,-0.00096579,-0.0247792994
26,107,0.006145259,-0.00875169675
26,108,0.00351221,-0.00875169675
26,109,0.005174924,0.00572248225
26,110,0.004925464,-0.00875169675
26,111,0.003481782,0.00572248225
26,112,0.004954263,0.00572248225
26,113,-0.005292131,0.00572248225
26,114,0.000977497,0.00572248225
26,115,0.003226381,0.00572248225
26,116,-0.004085144,0.00572248225
26,117,0.011802246,-0.00875169675
26,118,0.005034855,-0.00875169675
26,119,-0.003161803,0.00572248225
26,120,-0.005227974,-0.00875169675
26,121,-0.00603372,0.00572248225
26,122,0.000442375,0.00572248225
26,123,0.004984867,-0.00875169675
26,124,8.92e-05,-0.0247792994
26,125,0.006881187,-0.00875169675
26,126,0.002830117,0.0197769773333333
26,127,-0.010151847,0.00572248225
26,128,0.014253551,-0.0247792994
26,129,0.000465516,0.016234264
26,130,0.005992172,-0.00875169675
26,131,0.010736761,-0.00875169675
27,1,0.002971064,0.0170552258571429
27,2,0.004164699,0.0160750595714286
27,3,-0.007586866,0.0160750595714286
27,4,-0.01250644,-0.0212815027142857
27,5,-0.013384167,-0.00322024375
27,6,-0.013554059,-0.00322024375
27,7,-0.014724997,0.0160750595714286
27,8,0.025317649,0.0160750595714286
27,9,-0.006566375,0.0160750595714286
27,10,0.00716741,0.0160750595714286
27,11,0.005779977,-0.00501626833333333
27,12,-0.011049522,-0.00322024375
27,13,-0.013753547,0.0170552258571429
27,14,-0.002419064,0.0170552258571429
27,15,-0.036374727,0.0160750595714286
27,16,0.00112439,0.0160750595714286
27,17,0.00511012,-0.0212815027142857
27,18,-0.027590293,0.0160750595714286
27,19,0.02156199,-0.0212815027142857
27,20,0.017184219,-0.0212815027142857
27,21,0.007175984,0.0160750595714286
27,22,0.011325081,0.0170552258571429
27,23,-0.015882222,-0.00501626833333333
27,24,0.003444305,0.0170552258571429
27,25,0.011455399,0.0170552258571429
27,26,-0.006233492,0.0160750595714286
27,27,-0.015968381,-0.0212815027142857
27,28,0.000723629,-0.00501626833333333
27,29,0.0017334,-0.00322024375
27,30,0.010020454,0.0160750595714286
27,31,0.00877387,-0.0212815027142857
27,32,0.007877899,-0.0212815027142857
27,33,0.007188407,0.0170552258571429
27,34,0.003332611,0.0170552258571429
27,35,0.002606371,0.0170552258571429
27,36,0.002134784,0.0170552258571429
27,37,0.017326939,-0.00322024375
27,38,-0.006912794,-0.00322024375
27,39,-0.002068345,-0.00322024375
27,40,-0.006716706,0.0170552258571429
27,41,-0.002310732,-0.00322024375
27,42,0.00053971,-0.0212815027142857
27,43,-0.021032886,-0.0212815027142857
27,44,-0.006962182,-0.0212815027142857
27,45,-0.006819675,-0.0212815027142857
27,46,0.000513917,0.0160750595714286
27,47,-0.000926974,-0.0212815027142857
27,48,0.015586943,-0.0212815027142857
27,49,0.000986979,-0.0212815027142857
27,50,0.007505103,-0.0212815027142857
27,51,0.008605912,0.0170552258571429
27,52,0.002228034,-0.00322024375
27,53,0.003910511,0.0170552258571429
27,54,0.003616272,0.0170552258571429
27,55,-0.004870161,-0.00322024375
27,56,-0.006472779,-0.00322024375
27,57,0.000105052,-0.00322024375
27,58,0.007196694,-0.00322024375
27,59,0.008880124,-0.0212815027142857
27,60,0.00618863,-0.0212815027142857
27,61,0.007336415,0.0170552258571429
27,62,0.002304461,0.0170552258571429
27,63,0.002006969,0.0170552258571429
27,64,0.000772417,0.0170552258571429
27,65,0.001432271,-0.00322024375
27,66,-0.003294977,-0.00322024375
27,67,0.015749215,-0.0212815027142857
27,68,-0.002498259,-0.0212815027142857
27,69,0.00157399,-0.0212815027142857
27,70,-0.000640049,0.0170552258571429
27,71,-0.001846139,-0.00322024375
27,72,0.003611527,-0.0212815027142857
27,73,-0.009966402,-0.0212815027142857
27,74,-0.01411308,-0.0212815027142857
27,75,-0.005318878,-0.0212815027142857
27,76,0.004725268,0.0160750595714286
27,77,0.003266443,0.0160750595714286
27,78,0.004805849,-0.0212815027142857
27,79,0.000130577,-0.0212815027142857
27,80,0.00113875,-0.00322024375
27,81,-0.002496244,-0.00322024375
27,82,-0.00146846,-0.00322024375
27,83,-0.00973058,-0.0212815027142857
27,84,-0.009662437,-0.0212815027142857
27,85,-0.000755376,-0.0212815027142857
27,86,0.005080761,0.0160750595714286
27,87,0.00200541,0.0160750595714286
27,88,0.014404659,-0.0212815027142857
27,89,0.003654103,-0.0212815027142857
27,90,0.005049774,-0.00322024375
27,91,0.007314074,0.0170552258571429
27,92,-0.001896565,-0.00322024375
27,93,-0.003641465,-0.00322024375
27,94,0.022418509,0.0170552258571429
27,95,0.000165775,-0.00322024375
27,96,0.003323194,-0.0212815027142857
27,97,-0.004882582,0.0170552258571429
27,98,0.003106736,-0.00322024375
27,99,0.006771126,-0.0212815027142857
27,100,0.000791961,-0.00322024375
27,101,0.000318169,-0.0212815027142857
27,102,-0.000237889,0.0170552258571429
27,103,0.001377145,-0.00322024375
27,104,0.005533577,-0.0212815027142857
27,105,-0.00096579,-0.0212815027142857
27,106,0.006145259,-0.0212815027142857
27,107,0.00351221,0.0170552258571429
27,108,0.005174924,-0.00322024375
27,109,0.004925464,0.0170552258571429
27,110,0.003481782,-0.00322024375
27,111,0.004954263,-0.00322024375
27,112,-0.005292131,-0.00322024375
27,113,0.000977497,-0.00322024375
27,114,0.003226381,-0.00322024375
27,115,-0.004085144,-0.00322024375
27,116,0.011802246,-0.0212815027142857
27,117,0.005034855,-0.0212815027142857
27,118,-0.003161803,-0.00322024375
27,119,-0.005227974,0.0170552258571429
27,120,-0.00603372,-0.00322024375
27,121,0.000442375,-0.00322024375
27,122,0.004984867,-0.0212815027142857
27,123,8.92e-05,-0.0212815027142857
27,124,0.006881187,-0.0212815027142857
27,125,0.002830117,-0.0212815027142857
27,126,-0.010151847,-0.00322024375
27,127,0.014253551,0.0170552258571429
27,128,0.000465516,-0.00322024375
27,129,0.005992172,0.0160750595714286
27,130,0.010736761,0.0170552258571429
27,131,0.004165555,-0.00322024375
28,1,-0.013384167,0.00414546475
28,2,-0.013554059,0.00414546475
28,3,-0.014724997,-0.0178809127777778
28,4,0.025317649,-0.0178809127777778
28,5,-0.006566375,0.0328526186666667
28,6,0.00716741,0.00414546475
28,7,0.005779977,-0.0104036542
28,8,-0.011049522,0.0173204044285714
28,9,-0.013753547,0.00414546475
28,10,-0.002419064,-0.0178809127777778
28,11,-0.036374727,-0.0178809127777778
28,12,0.00112439,-0.0178809127777778
28,13,0.00511012,-0.0104036542
28,14,-0.027590293,0.0328526186666667
28,15,0.02156199,0.00414546475
28,16,0.017184219,0.0173204044285714
28,17,0.007175984,0.0328526186666667
28,18,0.011325081,-0.0104036542
28,19,-0.015882222,0.000843553
28,20,0.003444305,0.00414546475
28,21,0.011455399,0.000843553
28,22,-0.006233492,0.0328526186666667
28,23,-0.015968381,-0.0178809127777778
28,24,0.000723629,-0.0178809127777778
28,25,0.0017334,0.0173204044285714
28,26,0.010020454,0.0328526186666667
28,27,0.00877387,-0.0104036542
28,28,0.007877899,0.0173204044285714
28,29,0.007188407,0.0173204044285714
28,30,0.003332611,0.0173204044285714
28,31,0.002606371,0.0173204044285714
28,32,0.002134784,0.000843553
28,33,0.017326939,0.000843553
28,34,-0.006912794,0.000843553
28,35,-0.002068345,-0.0178809127777778
28,36,-0.006716706,-0.0178809127777778
28,37,-0.002310732,-0.0178809127777778
28,38,0.00053971,-0.0178809127777778
28,39,-0.021032886,0.000843553
28,40,-0.006962182,-0.0178809127777778
28,41,-0.006819675,-0.0178809127777778
28,42,0.000513917,-0.0178809127777778
28,43,-0.000926974,-0.0104036542
28,44,0.015586943,-0.0104036542
28,45,0.000986979,-0.0104036542
28,46,0.007505103,0.0173204044285714
28,47,0.008605912,0.0173204044285714
28,48,0.002228034,0.0173204044285714
28,49,0.003910511,0.0173204044285714
28,50,0.003616272,0.000843553
28,51,-0.004870161,0.0173204044285714
28,52,-0.006472779,-0.0178809127777778
28,53,0.000105052,-0.0178809127777778
28,54,0.007196694,0.0173204044285714
28,55,0.008880124,0.000843553
28,56,0.00618863,-0.0104036542
28,57,0.007336415,0.0173204044285714
28,58,0.002304461,0.0173204044285714
28,59,0.002006969,0.0173204044285714
28,60,0.000772417,0.000843553
28,61,0.001432271,0.000843553
28,62,-0.003294977,0.000843553
28,63,0.015749215,-0.0178809127777778
28,64,-0.002498259,0.0173204044285714
28,65,0.00157399,-0.0178809127777778
28,66,-0.000640049,0.0173204044285714
28,67,-0.001846139,0.0173204044285714
28,68,0.003611527,-0.0178809127777778
28,69,-0.009966402,0.000843553
28,70,-0.01411308,-0.0178809127777778
28,71,-0.005318878,-0.0178809127777778
28,72,0.004725268,-0.0178809127777778
28,73,0.003266443,0.0328526186666667
28,74,0.004805849,-0.0104036542
28,75,0.000130577,0.0173204044285714
28,76,0.00113875,0.0173204044285714
28,77,-0.002496244,0.0173204044285714
28,78,-0.00146846,-0.0178809127777778
28,79,-0.00973058,-0.0178809127777778
28,80,-0.009662437,-0.0178809127777778
28,81,-0.000755376,-0.0178809127777778
28,82,0.005080761,0.0173204044285714
28,83,0.00200541,-0.0104036542
28,84,0.014404659,-0.0104036542
28,85,0.003654103,0.0173204044285714
28,86,0.005049774,0.0173204044285714
28,87,0.007314074,0.0173204044285714
28,88,-0.001896565,0.000843553
28,89,-0.003641465,-0.0178809127777778
28,90,0.022418509,-0.0178809127777778
28,91,0.000165775,0.000843553
28,92,0.003323194,0.000843553
28,93,-0.004882582,0.000843553
28,94,0.003106736,-0.0178809127777778
28,95,0.006771126,0.0173204044285714
28,96,0.000791961,0.000843553
28,97,0.000318169,0.0173204044285714
28,98,-0.000237889,0.000843553
28,99,0.001377145,0.0173204044285714
28,100,0.005533577,0.000843553
28,101,-0.00096579,0.000843553
28,102,0.006145259,0.0173204044285714
28,103,0.00351221,0.0173204044285714
28,104,0.005174924,0.0173204044285714
28,105,0.004925464,0.0173204044285714
28,106,0.003481782,0.000843553
28,107,0.004954263,0.0173204044285714
28,108,-0.005292131,0.000843553
28,109,0.000977497,-0.0178809127777778
28,110,0.003226381,0.000843553
28,111,-0.004085144,0.000843553
28,112,0.011802246,-0.0178809127777778
28,113,0.005034855,0.000843553
28,114,-0.003161803,0.0173204044285714
28,115,-0.005227974,-0.0178809127777778
28,116,-0.00603372,-0.0178809127777778
28,117,0.000442375,-0.0178809127777778
28,118,0.004984867,0.000843553
28,119,8.92e-05,0.000843553
28,120,0.006881187,-0.0104036542
28,121,0.002830117,0.0173204044285714
28,122,-0.010151847,0.0173204044285714
28,123,0.014253551,-0.0178809127777778
28,124,0.000465516,0.000843553
28,125,0.005992172,0.0173204044285714
28,126,0.010736761,-0.0104036542
28,127,0.004165555,0.0173204044285714
28,128,0.003128196,0.0173204044285714
28,129,-0.001644294,0.000843553
28,130,-0.002221212,-0.0178809127777778
28,131,-0.007652558,-0.0178809127777778
29,1,-0.013554059,-0.000105984125
29,2,-0.014724997,-0.0219578708
29,3,0.025317649,-0.0219578708
29,4,-0.006566375,0.02711347025
29,5,0.00716741,-0.0219578708
29,6,0.005779977,-0.00536098742857143
29,7,-0.011049522,0.014052254375
29,8,-0.013753547,-0.0219578708
29,9,-0.002419064,-0.000105984125
29,10,-0.036374727,-0.000105984125
29,11,0.00112439,-0.0219578708
29,12,0.00511012,-0.00536098742857143
29,13,-0.027590293,0.02711347025
29,14,0.02156199,-0.0219578708
29,15,0.017184219,0.014052254375
29,16,0.007175984,0.02711347025
29,17,0.011325081,-0.00536098742857143
29,18,-0.015882222,0.014052254375
29,19,0.003444305,-0.000105984125
29,20,0.011455399,0.014052254375
29,21,-0.006233492,0.02711347025
29,22,-0.015968381,-0.0219578708
29,23,0.000723629,-0.000105984125
29,24,0.0017334,0.014052254375
29,25,0.010020454,0.02711347025
29,26,0.00877387,-0.00536098742857143
29,27,0.007877899,0.014052254375
29,28,0.007188407,0.014052254375
29,29,0.003332611,0.014052254375
29,30,0.002606371,0.014052254375
29,31,0.002134784,0.014052254375
29,32,0.017326939,0.014052254375
29,33,-0.006912794,0.014052254375
29,34,-0.002068345,-0.000105984125
29,35,-0.006716706,-0.000105984125
29,36,-0.002310732,-0.000105984125
29,37,0.00053971,-0.0219578708
29,38,-0.021032886,0.014052254375
29,39,-0.006962182,-0.0219578708
29,40,-0.006819675,-0.000105984125
29,41,0.000513917,-0.000105984125
29,42,-0.000926974,-0.00536098742857143
29,43,0.015586943,-0.00536098742857143
29,44,0.000986979,-0.00536098742857143
29,45,0.007505103,0.014052254375
29,46,0.008605912,0.014052254375
29,47,0.002228034,0.014052254375
29,48,0.003910511,0.014052254375
29,49,0.003616272,0.014052254375
29,50,-0.004870161,0.014052254375
29,51,-0.006472779,-0.000105984125
29,52,0.000105052,-0.000105984125
29,53,0.007196694,0.014052254375
29,54,0.008880124,0.014052254375
29,55,0.00618863,-0.00536098742857143
29,56,0.007336415,0.014052254375
29,57,0.002304461,0.014052254375
29,58,0.002006969,0.014052254375
29,59,0.000772417,0.014052254375
29,60,0.001432271,0.014052254375
29,61,-0.003294977,0.014052254375
29,62,0.015749215,-0.000105984125
29,63,-0.002498259,0.014052254375
29,64,0.00157399,-0.000105984125
29,65,-0.000640049,0.014052254375
29,66,-0.001846139,0.014052254375
29,67,0.003611527,-0.0219578708
29,68,-0.009966402,0.014052254375
29,69,-0.01411308,-0.000105984125
29,70,-0.005318878,-0.000105984125
29,71,0.004725268,-0.000105984125
29,72,0.003266443,0.02711347025
29,73,0.004805849,-0.00536098742857143
29,74,0.000130577,0.014052254375
29,75,0.00113875,0.014052254375
29,76,-0.002496244,0.014052254375
29,77,-0.00146846,-0.000105984125
29,78,-0.00973058,-0.000105984125
29,79,-0.009662437,-0.000105984125
29,80,-0.000755376,-0.0219578708
29,81,0.005080761,0.014052254375
29,82,0.00200541,-0.00536098742857143
29,83,0.014404659,-0.00536098742857143
29,84,0.003654103,0.014052254375
29,85,0.005049774,0.014052254375
29,86,0.007314074,0.014052254375
29,87,-0.001896565,0.014052254375
29,88,-0.003641465,-0.000105984125
29,89,0.022418509,-0.000105984125
29,90,0.000165775,0.014052254375
29,91,0.003323194,0.014052254375
29,92,-0.004882582,0.014052254375
29,93,0.003106736,-0.000105984125
29,94,0.006771126,0.014052254375
29,95,0.000791961,0.014052254375
29,96,0.000318169,0.014052254375
29,97,-0.000237889,0.014052254375
29,98,0.001377145,0.014052254375
29,99,0.005533577,0.014052254375
29,100,-0.00096579,0.014052254375
29,101,0.006145259,0.014052254375
29,102,0.00351221,0.014052254375
29,103,0.005174924,0.014052254375
29,104,0.004925464,0.014052254375
29,105,0.003481782,0.014052254375
29,106,0.004954263,0.014052254375
29,107,-0.005292131,0.014052254375
29,108,0.000977497,-0.000105984125
29,109,0.003226381,0.014052254375
29,110,-0.004085144,0.014052254375
29,111,0.011802246,-0.0219578708
29,112,0.005034855,0.014052254375
29,113,-0.003161803,0.014052254375
29,114,-0.005227974,-0.0219578708
29,115,-0.00603372,-0.000105984125
29,116,0.000442375,-0.000105984125
29,117,0.004984867,0.014052254375
29,118,8.92e-05,0.014052254375
29,119,0.006881187,-0.00536098742857143
29,120,0.002830117,0.014052254375
29,121,-0.010151847,0.014052254375
29,122,0.014253551,-0.000105984125
29,123,0.000465516,0.014052254375
29,124,0.005992172,0.014052254375
29,125,0.010736761,-0.00536098742857143
29,126,0.004165555,0.014052254375
29,127,0.003128196,0.014052254375
29,128,-0.001644294,0.014052254375
29,129,-0.002221212,-0.000105984125
29,130,-0.007652558,-0.000105984125
29,131,-0.011377315,-0.000105984125
30,1,0.025317649,-0.009879797
30,2,-0.006566375,0.0328526186666667
30,3,0.00716741,-0.0224162078333333
30,4,0.005779977,-0.01578239275
30,5,-0.011049522,0.0112337232222222
30,6,-0.013753547,-0.0224162078333333
30,7,-0.002419064,-0.009879797
30,8,-0.036374727,-0.009879797
30,9,0.00112439,0.00707343133333333
30,10,0.00511012,-0.01578239275
30,11,-0.027590293,0.0328526186666667
30,12,0.02156199,-0.0224162078333333
30,13,0.017184219,0.0112337232222222
30,14,0.007175984,0.0328526186666667
30,15,0.011325081,-0.01578239275
30,16,-0.015882222,0.0112337232222222
30,17,0.003444305,-0.0224162078333333
30,18,0.011455399,0.0112337232222222
30,19,-0.006233492,0.0328526186666667
30,20,-0.015968381,-0.0224162078333333
30,21,0.000723629,0.00707343133333333
30,22,0.0017334,0.0112337232222222
30,23,0.010020454,0.0328526186666667
30,24,0.00877387,-0.01578239275
30,25,0.007877899,0.0112337232222222
30,26,0.007188407,0.0112337232222222
30,27,0.003332611,0.0112337232222222
30,28,0.002606371,0.0112337232222222
30,29,0.002134784,0.0112337232222222
30,30,0.017326939,0.0112337232222222
30,31,-0.006912794,0.0112337232222222
30,32,-0.002068345,-0.0224162078333333
30,33,-0.006716706,0.00707343133333333
30,34,-0.002310732,0.00707343133333333
30,35,0.00053971,0.00707343133333333
30,36,-0.021032886,0.0112337232222222
30,37,-0.006962182,-0.0224162078333333
30,38,-0.006819675,0.00707343133333333
30,39,0.000513917,-0.009879797
30,40,-0.000926974,-0.01578239275
30,41,0.015586943,-0.01578239275
30,42,0.000986979,-0.01578239275
30,43,0.007505103,0.0112337232222222
30,44,0.008605912,0.0112337232222222
30,45,0.002228034,0.0112337232222222
30,46,0.003910511,0.0112337232222222
30,47,0.003616272,0.0112337232222222
30,48,-0.004870161,0.0112337232222222
30,49,-0.006472779,-0.0224162078333333
30,50,0.000105052,-0.009879797
30,51,0.007196694,0.0112337232222222
30,52,0.008880124,0.0112337232222222
30,53,0.00618863,-0.01578239275
30,54,0.007336415,0.0112337232222222
30,55,0.002304461,0.0112337232222222
30,56,0.002006969,0.0112337232222222
30,57,0.000772417,0.0112337232222222
30,58,0.001432271,0.0112337232222222
30,59,-0.003294977,0.0112337232222222
30,60,0.015749215,-0.0224162078333333
30,61,-0.002498259,0.0112337232222222
30,62,0.00157399,-0.0224162078333333
30,63,-0.000640049,0.0112337232222222
30,64,-0.001846139,0.0112337232222222
30,65,0.003611527,-0.009879797
30,66,-0.009966402,0.0112337232222222
30,67,-0.01411308,-0.0224162078333333
30,68,-0.005318878,0.00707343133333333
30,69,0.004725268,-0.009879797
30,70,0.003266443,0.0328526186666667
30,71,0.004805849,-0.01578239275
30,72,0.000130577,0.0112337232222222
30,73,0.00113875,0.0112337232222222
30,74,-0.002496244,0.0112337232222222
30,75,-0.00146846,-0.0224162078333333
30,76,-0.00973058,-0.009879797
30,77,-0.009662437,0.00707343133333333
30,78,-0.000755376,0.00707343133333333
30,79,0.005080761,0.0112337232222222
30,80,0.00200541,-0.01578239275
30,81,0.014404659,-0.01578239275
30,82,0.003654103,0.0112337232222222
30,83,0.005049774,0.0112337232222222
30,84,0.007314074,0.0112337232222222
30,85,-0.001896565,0.0112337232222222
30,86,-0.003641465,-0.0224162078333333
30,87,0.022418509,0.00707343133333333
30,88,0.000165775,0.0112337232222222
30,89,0.003323194,0.0112337232222222
30,90,-0.004882582,0.0112337232222222
30,91,0.003106736,-0.0224162078333333
30,92,0.006771126,0.0112337232222222
30,93,0.000791961,0.0112337232222222
30,94,0.000318169,0.0112337232222222
30,95,-0.000237889,0.0112337232222222
30,96,0.001377145,0.0112337232222222
30,97,0.005533577,0.0112337232222222
30,98,-0.00096579,0.0112337232222222
30,99,0.006145259,0.0112337232222222
30,100,0.00351221,0.0112337232222222
30,101,0.005174924,0.0112337232222222
30,102,0.004925464,0.0112337232222222
30,103,0.003481782,0.0112337232222222
30,104,0.004954263,0.0112337232222222
30,105,-0.005292131,0.0112337232222222
30,106,0.000977497,-0.0224162078333333
30,107,0.003226381,0.0112337232222222
30,108,-0.004085144,0.0112337232222222
30,109,0.011802246,-0.0224162078333333
30,110,0.005034855,0.0112337232222222
30,111,-0.003161803,0.0112337232222222
30,112,-0.005227974,-0.0224162078333333
30,113,-0.00603372,-0.009879797
30,114,0.000442375,-0.009879797
30,115,0.004984867,0.0112337232222222
30,116,8.92e-05,0.0112337232222222
30,117,0.006881187,-0.01578239275
30,118,0.002830117,0.0112337232222222
30,119,-0.010151847,0.0112337232222222
30,120,0.014253551,-0.0224162078333333
30,121,0.000465516,0.0112337232222222
30,122,0.005992172,0.0112337232222222
30,123,0.010736761,-0.01578239275
30,124,0.004165555,0.0112337232222222
30,125,0.003128196,0.0112337232222222
30,126,-0.001644294,0.0112337232222222
30,127,-0.002221212,-0.0224162078333333
30,128,-0.007652558,0.00707343133333333
30,129,-0.011377315,-0.009879797
30,130,-0.001439076,0.00707343133333333
30,131,-0.001827509,0.00707343133333333
31,1,0.00112439,-0.00999043783333333
31,2,0.00511012,0.01422069
31,3,-0.027590293,0.01422069
31,4,0.02156199,-0.019506832875
31,5,0.017184219,0.01422069
31,6,0.007175984,0.01422069
31,7,0.011325081,0.01422069
31,8,-0.015882222,0.01422069
31,9,0.003444305,-0.019506832875
31,10,0.011455399,0.01422069
31,11,-0.006233492,0.01422069
31,12,-0.015968381,-0.019506832875
31,13,0.000723629,0.0161153385
31,14,0.0017334,-0.00999043783333333
31,15,0.010020454,0.01422069
31,16,0.00877387,0.01422069
31,17,0.007877899,0.01422069
31,18,0.007188407,0.01422069
31,19,0.003332611,0.01422069
31,20,0.002606371,0.01422069
31,21,0.002134784,0.01422069
31,22,0.017326939,0.01422069
31,23,-0.006912794,0.01422069
31,24,-0.002068345,-0.019506832875
31,25,-0.006716706,-0.00999043783333333
31,26,-0.002310732,-0.00999043783333333
31,27,0.00053971,-0.00999043783333333
31,28,-0.021032886,0.0161153385
31,29,-0.006962182,-0.019506832875
31,30,-0.006819675,0.0161153385
31,31,0.000513917,-0.00999043783333333
31,32,-0.000926974,-0.00999043783333333
31,33,0.015586943,-0.019506832875
31,34,0.000986979,0.01422069
31,35,0.007505103,0.01422069
31,36,0.008605912,0.01422069
31,37,0.002228034,0.01422069
31,38,0.003910511,0.01422069
31,39,0.003616272,0.01422069
31,40,-0.004870161,0.01422069
31,41,-0.006472779,-0.019506832875
31,42,0.000105052,-0.00999043783333333
31,43,0.007196694,-0.00999043783333333
31,44,0.008880124,0.01422069
31,45,0.00618863,0.01422069
31,46,0.007336415,0.01422069
31,47,0.002304461,0.01422069
31,48,0.002006969,0.01422069
31,49,0.000772417,0.01422069
31,50,0.001432271,0.01422069
31,51,-0.003294977,0.01422069
31,52,0.015749215,-0.019506832875
31,53,-0.002498259,0.01422069
31,54,0.00157399,-0.019506832875
31,55,-0.000640049,0.01422069
31,56,-0.001846139,-0.019506832875
31,57,0.003611527,-0.019506832875
31,58,-0.009966402,0.01422069
31,59,-0.01411308,-0.019506832875
31,60,-0.005318878,-0.00999043783333333
31,61,0.004725268,-0.00999043783333333
31,62,0.003266443,0.01422069
31,63,0.004805849,0.01422069
31,64,0.000130577,0.01422069
31,65,0.00113875,-0.019506832875
31,66,-0.002496244,0.01422069
31,67,-0.00146846,-0.019506832875
31,68,-0.00973058,-0.00999043783333333
31,69,-0.009662437,-0.00999043783333333
31,70,-0.000755376,-0.00999043783333333
31,71,0.005080761,-0.00999043783333333
31,72,0.00200541,0.01422069
31,73,0.014404659,0.01422069
31,74,0.003654103,0.01422069
31,75,0.005049774,0.01422069
31,76,0.007314074,0.01422069
31,77,-0.001896565,0.01422069
31,78,-0.003641465,-0.019506832875
31,79,0.022418509,-0.00999043783333333
31,80,0.000165775,0.01422069
31,81,0.003323194,-0.019506832875
31,82,-0.004882582,0.01422069
31,83,0.003106736,-0.019506832875
31,84,0.006771126,0.01422069
31,85,0.000791961,0.01422069
31,86,0.000318169,0.01422069
31,87,-0.000237889,-0.019506832875
31,88,0.001377145,-0.019506832875
31,89,0.005533577,0.01422069
31,90,-0.00096579,0.01422069
31,91,0.006145259,-0.019506832875
31,92,0.00351221,0.01422069
31,93,0.005174924,0.01422069
31,94,0.004925464,0.01422069
31,95,0.003481782,0.01422069
31,96,0.004954263,0.01422069
31,97,-0.005292131,0.01422069
31,98,0.000977497,-0.019506832875
31,99,0.003226381,0.01422069
31,100,-0.004085144,0.01422069
31,101,0.011802246,-0.019506832875
31,102,0.005034855,0.01422069
31,103,-0.003161803,0.01422069
31,104,-0.005227974,-0.019506832875
31,105,-0.00603372,0.0161153385
31,106,0.000442375,-0.00999043783333333
31,107,0.004984867,-0.00999043783333333
31,108,8.92e-05,0.01422069
31,109,0.006881187,-0.019506832875
31,110,0.002830117,0.01422069
31,111,-0.010151847,0.01422069
31,112,0.014253551,-0.019506832875
31,113,0.000465516,0.01422069
31,114,0.005992172,-0.019506832875
31,115,0.010736761,0.01422069
31,116,0.004165555,0.01422069
31,117,0.003128196,0.01422069
31,118,-0.001644294,0.01422069
31,119,-0.002221212,-0.019506832875
31,120,-0.007652558,-0.00999043783333333
31,121,-0.011377315,-0.00999043783333333
31,122,-0.001439076,-0.00999043783333333
31,123,-0.001827509,-0.00999043783333333
31,124,-0.015299989,-0.00999043783333333
31,125,0.005590222,0.0161153385
31,126,0.000366897,0.01422069
31,127,-0.009088137,-0.019506832875
31,128,0.000543172,-0.019506832875
31,129,-0.004997913,0.0161153385
31,130,0.015463595,-0.019506832875
31,131,0.011647698,0.01422069
32,1,0.00511012,0.000797617428571429
32,2,-0.027590293,0.0248561202
32,3,0.02156199,-0.0238810786
32,4,0.017184219,0.0248561202
32,5,0.007175984,0.0248561202
32,6,0.011325081,0.000797617428571429
32,7,-0.015882222,0.0248561202
32,8,0.003444305,-0.0238810786
32,9,0.011455399,0.0248561202
32,10,-0.006233492,0.0248561202
32,11,-0.015968381,-0.015514353
32,12,0.000723629,0.00698901533333333
32,13,0.0017334,0.0248561202
32,14,0.010020454,0.000797617428571429
32,15,0.00877387,0.000797617428571429
32,16,0.007877899,0.0248561202
32,17,0.007188407,0.0248561202
32,18,0.003332611,0.0248561202
32,19,0.002606371,0.0248561202
32,20,0.002134784,0.0248561202
32,21,0.017326939,0.0248561202
32,22,-0.006912794,0.0248561202
32,23,-0.002068345,-0.015514353
32,24,-0.006716706,0.00698901533333333
32,25,-0.002310732,0.00698901533333333
32,26,0.00053971,0.00698901533333333
32,27,-0.021032886,0.0248561202
32,28,-0.006962182,-0.0238810786
32,29,-0.006819675,0.00698901533333333
32,30,0.000513917,-0.0238810786
32,31,-0.000926974,0.000797617428571429
32,32,0.015586943,0.00698901533333333
32,33,0.000986979,0.000797617428571429
32,34,0.007505103,0.0248561202
32,35,0.008605912,0.0248561202
32,36,0.002228034,0.0248561202
32,37,0.003910511,0.0248561202
32,38,0.003616272,0.0248561202
32,39,-0.004870161,0.0248561202
32,40,-0.006472779,-0.015514353
32,41,0.000105052,0.00698901533333333
32,42,0.007196694,0.0248561202
32,43,0.008880124,0.0248561202
32,44,0.00618863,0.000797617428571429
32,45,0.007336415,0.0248561202
32,46,0.002304461,0.0248561202
32,47,0.002006969,0.0248561202
32,48,0.000772417,0.0248561202
32,49,0.001432271,0.0248561202
32,50,-0.003294977,0.0248561202
32,51,0.015749215,0.00698901533333333
32,52,-0.002498259,0.0248561202
32,53,0.00157399,-0.015514353
32,54,-0.000640049,0.0248561202
32,55,-0.001846139,0.0248561202
32,56,0.003611527,-0.0238810786
32,57,-0.009966402,0.0248561202
32,58,-0.01411308,-0.0238810786
32,59,-0.005318878,0.00698901533333333
32,60,0.004725268,0.00698901533333333
32,61,0.003266443,0.000797617428571429
32,62,0.004805849,0.000797617428571429
32,63,0.000130577,0.0248561202
32,64,0.00113875,0.0248561202
32,65,-0.002496244,0.0248561202
32,66,-0.00146846,0.00698901533333333
32,67,-0.00973058,0.00698901533333333
32,68,-0.009662437,0.00698901533333333
32,69,-0.000755376,0.00698901533333333
32,70,0.005080761,0.00698901533333333
32,71,0.00200541,0.000797617428571429
32,72,0.014404659,0.000797617428571429
32,73,0.003654103,0.0248561202
32,74,0.005049774,0.0248561202
32,75,0.007314074,0.0248561202
32,76,-0.001896565,0.0248561202
32,77,-0.003641465,-0.015514353
32,78,0.022418509,0.00698901533333333
32,79,0.000165775,0.0248561202
32,80,0.003323194,0.0248561202
32,81,-0.004882582,0.0248561202
32,82,0.003106736,-0.015514353
32,83,0.006771126,0.0248561202
32,84,0.000791961,0.0248561202
32,85,0.000318169,0.0248561202
32,86,-0.000237889,0.0248561202
32,87,0.001377145,0.0248561202
32,88,0.005533577,0.0248561202
32,89,-0.00096579,0.0248561202
32,90,0.006145259,-0.015514353
32,91,0.00351221,0.0248561202
32,92,0.005174924,0.0248561202
32,93,0.004925464,0.0248561202
32,94,0.003481782,0.0248561202
32,95,0.004954263,0.0248561202
32,96,-0.005292131,0.0248561202
32,97,0.000977497,-0.015514353
32,98,0.003226381,0.0248561202
32,99,-0.004085144,0.0248561202
32,100,0.011802246,-0.015514353
32,101,0.005034855,0.0248561202
32,102,-0.003161803,0.0248561202
32,103,-0.005227974,-0.015514353
32,104,-0.00603372,0.00698901533333333
32,105,0.000442375,-0.0238810786
32,106,0.004984867,0.0248561202
32,107,8.92e-05,0.0248561202
32,108,0.006881187,0.000797617428571429
32,109,0.002830117,0.0248561202
32,110,-0.010151847,0.0248561202
32,111,0.014253551,-0.015514353
32,112,0.000465516,0.0248561202
32,113,0.005992172,0.0248561202
32,114,0.010736761,0.000797617428571429
32,115,0.004165555,0.0248561202
32,116,0.003128196,0.0248561202
32,117,-0.001644294,0.0248561202
32,118,-0.002221212,-0.015514353
32,119,-0.007652558,0.00698901533333333
32,120,-0.011377315,0.00698901533333333
32,121,-0.001439076,0.00698901533333333
32,122,-0.001827509,0.00698901533333333
32,123,-0.015299989,0.00698901533333333
32,124,0.005590222,0.00698901533333333
32,125,0.000366897,0.0248561202
32,126,-0.009088137,0.0248561202
32,127,0.000543172,0.00698901533333333
32,128,-0.004997913,0.0248561202
32,129,0.015463595,-0.0238810786
32,130,0.011647698,0.000797617428571429
32,131,0.002133719,0.0248561202
33,1,0.007175984,-0.00171376525
33,2,0.011325081,-0.00171376525
33,3,-0.015882222,0.0211994974285714
33,4,0.003444305,-0.0239594598333333
33,5,0.011455399,0.0015888288
33,6,-0.006233492,0.0211994974285714
33,7,-0.015968381,0.0185493326666667
33,8,0.000723629,0.0015888288
33,9,0.0017334,0.0015888288
33,10,0.010020454,-0.0183127118571429
33,11,0.00877387,0.0211994974285714
33,12,0.007877899,-0.00171376525
33,13,0.007188407,0.0211994974285714
33,14,0.003332611,0.0211994974285714
33,15,0.002606371,-0.0239594598333333
33,16,0.002134784,-0.0239594598333333
33,17,0.017326939,0.0015888288
33,18,-0.006912794,0.0211994974285714
33,19,-0.002068345,0.0015888288
33,20,-0.006716706,0.0015888288
33,21,-0.002310732,0.0015888288
33,22,0.00053971,-0.0183127118571429
33,23,-0.021032886,-0.0183127118571429
33,24,-0.006962182,-0.0183127118571429
33,25,-0.006819675,-0.0183127118571429
33,26,0.000513917,0.0015888288
33,27,-0.000926974,0.0185493326666667
33,28,0.015586943,-0.0183127118571429
33,29,0.000986979,-0.00171376525
33,30,0.007505103,0.0015888288
33,31,0.008605912,0.0211994974285714
33,32,0.002228034,-0.00171376525
33,33,0.003910511,-0.0239594598333333
33,34,0.003616272,-0.0239594598333333
33,35,-0.004870161,0.0015888288
33,36,-0.006472779,0.0015888288
33,37,0.000105052,0.0015888288
33,38,0.007196694,0.0015888288
33,39,0.008880124,0.0211994974285714
33,40,0.00618863,0.0211994974285714
33,41,0.007336415,0.0015888288
33,42,0.002304461,0.0211994974285714
33,43,0.002006969,0.0015888288
33,44,0.000772417,-0.0239594598333333
33,45,0.001432271,-0.0239594598333333
33,46,-0.003294977,0.0015888288
33,47,0.015749215,0.0015888288
33,48,-0.002498259,0.0211994974285714
33,49,0.00157399,0.0015888288
33,50,-0.000640049,-0.0183127118571429
33,51,-0.001846139,0.0015888288
33,52,0.003611527,-0.0183127118571429
33,53,-0.009966402,0.0015888288
33,54,-0.01411308,0.0015888288
33,55,-0.005318878,-0.0183127118571429
33,56,0.004725268,0.0015888288
33,57,0.003266443,-0.0183127118571429
33,58,0.004805849,0.0185493326666667
33,59,0.000130577,-0.0183127118571429
33,60,0.00113875,0.0015888288
33,61,-0.002496244,0.0015888288
33,62,-0.00146846,-0.0239594598333333
33,63,-0.00973058,-0.0239594598333333
33,64,-0.009662437,-0.0239594598333333
33,65,-0.000755376,-0.0183127118571429
33,66,0.005080761,-0.0183127118571429
33,67,0.00200541,-0.0183127118571429
33,68,0.014404659,-0.0183127118571429
33,69,0.003654103,0.0211994974285714
33,70,0.005049774,0.0015888288
33,71,0.007314074,0.0015888288
33,72,-0.001896565,-0.00171376525
33,73,-0.003641465,-0.0239594598333333
33,74,0.022418509,0.0015888288
33,75,0.000165775,0.0211994974285714
33,76,0.003323194,-0.0183127118571429
33,77,-0.004882582,-0.0183127118571429
33,78,0.003106736,0.0015888288
33,79,0.006771126,0.0015888288
33,80,0.000791961,0.0211994974285714
33,81,0.000318169,-0.0183127118571429
33,82,-0.000237889,0.0015888288
33,83,0.001377145,0.0015888288
33,84,0.005533577,0.0015888288
33,85,-0.00096579,0.0015888288
33,86,0.006145259,-0.0239594598333333
33,87,0.00351221,0.0015888288
33,88,0.005174924,0.0015888288
33,89,0.004925464,0.0015888288
33,90,0.003481782,0.0015888288
33,91,0.004954263,0.0015888288
33,92,-0.005292131,0.0015888288
33,93,0.000977497,0.0015888288
33,94,0.003226381,0.0015888288
33,95,-0.004085144,0.0015888288
33,96,0.011802246,-0.0183127118571429
33,97,0.005034855,0.0211994974285714
33,98,-0.003161803,0.0015888288
33,99,-0.005227974,-0.0183127118571429
33,100,-0.00603372,0.0015888288
33,101,0.000442375,-0.0239594598333333
33,102,0.004984867,-0.0183127118571429
33,103,8.92e-05,-0.0183127118571429
33,104,0.006881187,-0.0239594598333333
33,105,0.002830117,0.0211994974285714
33,106,-0.010151847,0.0015888288
33,107,0.014253551,0.0015888288
33,108,0.000465516,-0.00171376525
33,109,0.005992172,-0.0239594598333333
33,110,0.010736761,-0.0183127118571429
33,111,0.004165555,0.0211994974285714
33,112,0.003128196,0.0015888288
33,113,-0.001644294,0.0015888288
33,114,-0.002221212,0.0015888288
33,115,-0.007652558,-0.0239594598333333
33,116,-0.011377315,0.0015888288
33,117,-0.001439076,-0.0183127118571429
33,118,-0.001827509,-0.0183127118571429
33,119,-0.015299989,-0.0183127118571429
33,120,0.005590222,0.0185493326666667
33,121,0.000366897,-0.0183127118571429
33,122,-0.009088137,-0.0183127118571429
33,123,0.000543172,0.0185493326666667
33,124,-0.004997913,-0.0239594598333333
33,125,0.015463595,-0.0239594598333333
33,126,0.011647698,0.0211994974285714
33,127,0.002133719,0.0211994974285714
33,128,0.002951206,-0.0239594598333333
33,129,0.001068524,0.0015888288
33,130,-0.007649549,0.0015888288
33,131,0.000968207,-0.0239594598333333
34,1,0.011325081,-0.00499176825
34,2,-0.015882222,0.02027283625
34,3,0.003444305,-0.020094591
34,4,0.011455399,-0.00599108588888889
34,5,-0.006233492,0.02027283625
34,6,-0.015968381,0.0185493326666667
34,7,0.000723629,-0.020094591
34,8,0.0017334,-0.00599108588888889
34,9,0.010020454,-0.02779377125
34,10,0.00877387,-0.00499176825
34,11,0.007877899,0.02027283625
34,12,0.007188407,0.02027283625
34,13,0.003332611,0.02027283625
34,14,0.002606371,-0.00599108588888889
34,15,0.002134784,-0.00599108588888889
34,16,0.017326939,-0.00599108588888889
34,17,-0.006912794,0.02027283625
34,18,-0.002068345,-0.00599108588888889
34,19,-0.006716706,-0.00599108588888889
34,20,-0.002310732,-0.02779377125
34,21,0.00053971,-0.00599108588888889
34,22,-0.021032886,-0.02779377125
34,23,-0.006962182,-0.020094591
34,24,-0.006819675,-0.00599108588888889
34,25,0.000513917,-0.02779377125
34,26,-0.000926974,0.0185493326666667
34,27,0.015586943,-0.02779377125
34,28,0.000986979,-0.00499176825
34,29,0.007505103,-0.00599108588888889
34,30,0.008605912,0.02027283625
34,31,0.002228034,0.02027283625
34,32,0.003910511,-0.00599108588888889
34,33,0.003616272,-0.00599108588888889
34,34,-0.004870161,-0.00599108588888889
34,35,-0.006472779,-0.00599108588888889
34,36,0.000105052,-0.00599108588888889
34,37,0.007196694,-0.00599108588888889
34,38,0.008880124,0.02027283625
34,39,0.00618863,-0.00499176825
34,40,0.007336415,-0.00599108588888889
34,41,0.002304461,0.02027283625
34,42,0.002006969,-0.00599108588888889
34,43,0.000772417,-0.00599108588888889
34,44,0.001432271,-0.00599108588888889
34,45,-0.003294977,-0.00599108588888889
34,46,0.015749215,-0.00599108588888889
34,47,-0.002498259,0.02027283625
34,48,0.00157399,-0.00599108588888889
34,49,-0.000640049,-0.00599108588888889
34,50,-0.001846139,-0.00599108588888889
34,51,0.003611527,-0.00599108588888889
34,52,-0.009966402,-0.00599108588888889
34,53,-0.01411308,-0.020094591
34,54,-0.005318878,-0.020094591
34,55,0.004725268,-0.02779377125
34,56,0.003266443,-0.02779377125
34,57,0.004805849,0.0185493326666667
34,58,0.000130577,-0.00599108588888889
34,59,0.00113875,-0.00599108588888889
34,60,-0.002496244,-0.00599108588888889
34,61,-0.00146846,-0.00599108588888889
34,62,-0.00973058,-0.00599108588888889
34,63,-0.009662437,-0.020094591
34,64,-0.000755376,-0.020094591
34,65,0.005080761,-0.02779377125
34,66,0.00200541,-0.02779377125
34,67,0.014404659,-0.00599108588888889
34,68,0.003654103,0.02027283625
34,69,0.005049774,-0.00599108588888889
34,70,0.007314074,-0.00599108588888889
34,71,-0.001896565,0.02027283625
34,72,-0.003641465,-0.00599108588888889
34,73,0.022418509,-0.00599108588888889
34,74,0.000165775,0.02027283625
34,75,0.003323194,-0.00599108588888889
34,76,-0.004882582,-0.00599108588888889
34,77,0.003106736,-0.00599108588888889
34,78,0.006771126,-0.00599108588888889
34,79,0.000791961,0.02027283625
34,80,0.000318169,-0.00599108588888889
34,81,-0.000237889,-0.00599108588888889
34,82,0.001377145,-0.00599108588888889
34,83,0.005533577,-0.00599108588888889
34,84,-0.00096579,-0.00599108588888889
34,85,0.006145259,-0.00599108588888889
34,86,0.00351221,-0.00599108588888889
34,87,0.005174924,-0.00599108588888889
34,88,0.004925464,-0.00599108588888889
34,89,0.003481782,-0.00599108588888889
34,90,0.004954263,-0.00599108588888889
34,91,-0.005292131,-0.00599108588888889
34,92,0.000977497,-0.00599108588888889
34,93,0.003226381,-0.00599108588888889
34,94,-0.004085144,-0.00599108588888889
34,95,0.011802246,-0.00599108588888889
34,96,0.005034855,0.02027283625
34,97,-0.003161803,-0.00599108588888889
34,98,-0.005227974,-0.00599108588888889
34,99,-0.00603372,-0.00599108588888889
34,100,0.000442375,-0.00599108588888889
34,101,0.004984867,-0.00599108588888889
34,102,8.92e-05,-0.00599108588888889
34,103,0.006881187,-0.00599108588888889
34,104,0.002830117,0.02027283625
34,105,-0.010151847,-0.00599108588888889
34,106,0.014253551,-0.020094591
34,107,0.000465516,0.02027283625
34,108,0.005992172,-0.02779377125
34,109,0.010736761,-0.00599108588888889
34,110,0.004165555,0.02027283625
34,111,0.003128196,-0.00599108588888889
34,112,-0.001644294,-0.00599108588888889
34,113,-0.002221212,-0.00599108588888889
34,114,-0.007652558,-0.00599108588888889
34,115,-0.011377315,-0.00599108588888889
34,116,-0.001439076,-0.020094591
34,117,-0.001827509,-0.02779377125
34,118,-0.015299989,-0.02779377125
34,119,0.005590222,0.0185493326666667
34,120,0.000366897,-0.00599108588888889
34,121,-0.009088137,-0.02779377125
34,122,0.000543172,0.0185493326666667
34,123,-0.004997913,-0.00599108588888889
34,124,0.015463595,-0.02779377125
34,125,0.011647698,-0.00499176825
34,126,0.002133719,0.02027283625
34,127,0.002951206,-0.00599108588888889
34,128,0.001068524,-0.00599108588888889
34,129,-0.007649549,-0.00599108588888889
34,130,0.000968207,-0.00599108588888889
34,131,-0.000892236,-0.00599108588888889
35,1,-0.015882222,-0.02825802
35,2,0.003444305,-0.0206906925
35,3,0.011455399,0.0141052988
35,4,-0.006233492,-0.02825802
35,5,-0.015968381,-0.009931352875
35,6,0.000723629,-0.009931352875
35,7,0.0017334,-0.0206906925
35,8,0.010020454,0.0141052988
35,9,0.00877387,-0.02825802
35,10,0.007877899,0.0054580755
35,11,0.007188407,-0.0206906925
35,12,0.003332611,0.0141052988
35,13,0.002606371,-0.02825802
35,14,0.002134784,0.00352314366666667
35,15,0.017326939,0.00352314366666667
35,16,-0.006912794,0.0054580755
35,17,-0.002068345,-0.009931352875
35,18,-0.006716706,-0.009931352875
35,19,-0.002310732,0.00352314366666667
35,20,0.00053971,-0.009931352875
35,21,-0.021032886,-0.009931352875
35,22,-0.006962182,-0.0206906925
35,23,-0.006819675,-0.009931352875
35,24,0.000513917,-0.0206906925
35,25,-0.000926974,-0.009931352875
35,26,0.015586943,-0.009931352875
35,27,0.000986979,0.0054580755
35,28,0.007505103,0.0141052988
35,29,0.008605912,-0.02825802
35,30,0.002228034,0.0054580755
35,31,0.003910511,-0.009931352875
35,32,0.003616272,0.00352314366666667
35,33,-0.004870161,0.00352314366666667
35,34,-0.006472779,-0.009931352875
35,35,0.000105052,-0.009931352875
35,36,0.007196694,-0.009931352875
35,37,0.008880124,-0.009931352875
35,38,0.00618863,0.0054580755
35,39,0.007336415,-0.0206906925
35,40,0.002304461,-0.0206906925
35,41,0.002006969,0.00352314366666667
35,42,0.000772417,0.00352314366666667
35,43,0.001432271,0.00352314366666667
35,44,-0.003294977,-0.009931352875
35,45,0.015749215,-0.009931352875
35,46,-0.002498259,0.0054580755
35,47,0.00157399,-0.009931352875
35,48,-0.000640049,-0.009931352875
35,49,-0.001846139,0.00352314366666667
35,50,0.003611527,-0.0206906925
35,51,-0.009966402,-0.009931352875
35,52,-0.01411308,-0.0206906925
35,53,-0.005318878,-0.009931352875
35,54,0.004725268,-0.009931352875
35,55,0.003266443,-0.009931352875
35,56,0.004805849,-0.009931352875
35,57,0.000130577,-0.0206906925
35,58,0.00113875,0.0141052988
35,59,-0.002496244,0.0216122283333333
35,60,-0.00146846,-0.02825802
35,61,-0.00973058,-0.009931352875
35,62,-0.009662437,-0.009931352875
35,63,-0.000755376,-0.009931352875
35,64,0.005080761,-0.009931352875
35,65,0.00200541,-0.0206906925
35,66,0.014404659,-0.009931352875
35,67,0.003654103,0.0054580755
35,68,0.005049774,0.0141052988
35,69,0.007314074,0.0216122283333333
35,70,-0.001896565,0.0216122283333333
35,71,-0.003641465,-0.009931352875
35,72,0.022418509,0.00352314366666667
35,73,0.000165775,0.0054580755
35,74,0.003323194,-0.009931352875
35,75,-0.004882582,-0.009931352875
35,76,0.003106736,0.00352314366666667
35,77,0.006771126,-0.0206906925
35,78,0.000791961,-0.009931352875
35,79,0.000318169,-0.009931352875
35,80,-0.000237889,-0.009931352875
35,81,0.001377145,-0.0206906925
35,82,0.005533577,-0.009931352875
35,83,-0.00096579,-0.009931352875
35,84,0.006145259,-0.009931352875
35,85,0.00351221,-0.009931352875
35,86,0.005174924,0.00352314366666667
35,87,0.004925464,-0.009931352875
35,88,0.003481782,0.00352314366666667
35,89,0.004954263,-0.009931352875
35,90,-0.005292131,0.00352314366666667
35,91,0.000977497,0.00352314366666667
35,92,0.003226381,-0.009931352875
35,93,-0.004085144,0.00352314366666667
35,94,0.011802246,-0.009931352875
35,95,0.005034855,0.0054580755
35,96,-0.003161803,-0.0206906925
35,97,-0.005227974,-0.009931352875
35,98,-0.00603372,0.00352314366666667
35,99,0.000442375,-0.0206906925
35,100,0.004984867,-0.009931352875
35,101,8.92e-05,-0.009931352875
35,102,0.006881187,-0.0206906925
35,103,0.002830117,-0.0206906925
35,104,-0.010151847,-0.0206906925
35,105,0.014253551,-0.009931352875
35,106,0.000465516,0.0054580755
35,107,0.005992172,-0.009931352875
35,108,0.010736761,-0.009931352875
35,109,0.004165555,0.0054580755
35,110,0.003128196,-0.0206906925
35,111,-0.001644294,0.0141052988
35,112,-0.002221212,0.0216122283333333
35,113,-0.007652558,-0.009931352875
35,114,-0.011377315,-0.009931352875
35,115,-0.001439076,-0.009931352875
35,116,-0.001827509,-0.009931352875
35,117,-0.015299989,-0.009931352875
35,118,0.005590222,-0.009931352875
35,119,0.000366897,-0.0206906925
35,120,-0.009088137,-0.0206906925
35,121,0.000543172,0.0216122283333333
35,122,-0.004997913,-0.02825802
35,123,0.015463595,-0.0206906925
35,124,0.011647698,0.0141052988
35,125,0.002133719,-0.02825802
35,126,0.002951206,-0.0206906925
35,127,0.001068524,0.00352314366666667
35,128,-0.007649549,0.0216122283333333
35,129,0.000968207,-0.009931352875
35,130,-0.000892236,-0.009931352875
35,131,0.005150131,-0.009931352875
36,1,0.003444305,-0.0023937798
36,2,0.011455399,-0.0023937798
36,3,-0.006233492,0.021824603
36,4,-0.015968381,0.0171119588
36,5,0.000723629,-0.02997189
36,6,0.0017334,-0.02997189
36,7,0.010020454,-0.0173554211111111
36,8,0.00877387,-0.00446689933333333
36,9,0.007877899,0.021824603
36,10,0.007188407,0.021824603
36,11,0.003332611,-0.0023937798
36,12,0.002606371,-0.0023937798
36,13,0.002134784,-0.0023937798
36,14,0.017326939,-0.02997189
36,15,-0.006912794,0.021824603
36,16,-0.002068345,-0.02997189
36,17,-0.006716706,-0.02997189
36,18,-0.002310732,-0.0023937798
36,19,0.00053971,-0.0173554211111111
36,20,-0.021032886,-0.0173554211111111
36,21,-0.006962182,-0.02997189
36,22,-0.006819675,-0.0173554211111111
36,23,0.000513917,-0.0173554211111111
36,24,-0.000926974,0.0171119588
36,25,0.015586943,-0.0173554211111111
36,26,0.000986979,-0.00446689933333333
36,27,0.007505103,-0.0173554211111111
36,28,0.008605912,-0.0173554211111111
36,29,0.002228034,0.021824603
36,30,0.003910511,-0.0173554211111111
36,31,0.003616272,-0.0023937798
36,32,-0.004870161,-0.02997189
36,33,-0.006472779,-0.0023937798
36,34,0.000105052,-0.02997189
36,35,0.007196694,-0.02997189
36,36,0.008880124,-0.0173554211111111
36,37,0.00618863,-0.00446689933333333
36,38,0.007336415,-0.0173554211111111
36,39,0.002304461,-0.0023937798
36,40,0.002006969,-0.0023937798
36,41,0.000772417,-0.0023937798
36,42,0.001432271,-0.02997189
36,43,-0.003294977,-0.02997189
36,44,0.015749215,-0.02997189
36,45,-0.002498259,0.021824603
36,46,0.00157399,-0.0173554211111111
36,47,-0.000640049,-0.0173554211111111
36,48,-0.001846139,-0.0023937798
36,49,0.003611527,-0.0173554211111111
36,50,-0.009966402,-0.0173554211111111
36,51,-0.01411308,-0.02997189
36,52,-0.005318878,-0.0173554211111111
36,53,0.004725268,-0.0023937798
36,54,0.003266443,0.0171119588
36,55,0.004805849,0.0171119588
36,56,0.000130577,-0.0173554211111111
36,57,0.00113875,-0.0023937798
36,58,-0.002496244,-0.0023937798
36,59,-0.00146846,-0.0023937798
36,60,-0.00973058,-0.0173554211111111
36,61,-0.009662437,-0.0173554211111111
36,62,-0.000755376,-0.0173554211111111
36,63,0.005080761,-0.0173554211111111
36,64,0.00200541,-0.0173554211111111
36,65,0.014404659,-0.0173554211111111
36,66,0.003654103,0.021824603
36,67,0.005049774,-0.0023937798
36,68,0.007314074,-0.0023937798
36,69,-0.001896565,-0.0023937798
36,70,-0.003641465,-0.0023937798
36,71,0.022418509,-0.0023937798
36,72,0.000165775,0.021824603
36,73,0.003323194,-0.0173554211111111
36,74,-0.004882582,-0.0173554211111111
36,75,0.003106736,-0.02997189
36,76,0.006771126,-0.0173554211111111
36,77,0.000791961,-0.0023937798
36,78,0.000318169,-0.02997189
36,79,-0.000237889,-0.0023937798
36,80,0.001377145,-0.0023937798
36,81,0.005533577,-0.0173554211111111
36,82,-0.00096579,-0.0173554211111111
36,83,0.006145259,-0.02997189
36,84,0.00351221,-0.0173554211111111
36,85,0.005174924,-0.0023937798
36,86,0.004925464,-0.0173554211111111
36,87,0.003481782,-0.0023937798
36,88,0.004954263,-0.0023937798
36,89,-0.005292131,-0.0023937798
36,90,0.000977497,-0.02997189
36,91,0.003226381,-0.0023937798
36,92,-0.004085144,-0.0023937798
36,93,0.011802246,-0.0173554211111111
36,94,0.005034855,0.021824603
36,95,-0.003161803,-0.0023937798
36,96,-0.005227974,-0.0173554211111111
36,97,-0.00603372,-0.0023937798
36,98,0.000442375,-0.0023937798
36,99,0.004984867,-0.0173554211111111
36,100,8.92e-05,-0.02997189
36,101,0.006881187,-0.0173554211111111
36,102,0.002830117,-0.0173554211111111
36,103,-0.010151847,-0.0023937798
36,104,0.014253551,-0.0173554211111111
36,105,0.000465516,0.021824603
36,106,0.005992172,-0.0023937798
36,107,0.010736761,0.0171119588
36,108,0.004165555,0.021824603
36,109,0.003128196,-0.0173554211111111
36,110,-0.001644294,-0.0023937798
36,111,-0.002221212,-0.02997189
36,112,-0.007652558,-0.0023937798
36,113,-0.011377315,-0.02997189
36,114,-0.001439076,-0.02997189
36,115,-0.001827509,-0.0173554211111111
36,116,-0.015299989,-0.0173554211111111
36,117,0.005590222,0.0171119588
36,118,0.000366897,-0.0173554211111111
36,119,-0.009088137,-0.0173554211111111
36,120,0.000543172,0.0171119588
36,121,-0.004997913,-0.0023937798
36,122,0.015463595,-0.0173554211111111
36,123,0.011647698,-0.00446689933333333
36,124,0.002133719,0.021824603
36,125,0.002951206,-0.0173554211111111
36,126,0.001068524,-0.0023937798
36,127,-0.007649549,-0.0023937798
36,128,0.000968207,-0.0023937798
36,129,-0.000892236,-0.02997189
36,130,0.005150131,-0.02997189
36,131,0.002970905,-0.0173554211111111
37,1,-0.015968381,0.0145666643333333
37,2,0.000723629,-0.010048214875
37,3,0.0017334,-0.010048214875
37,4,0.010020454,-0.010048214875
37,5,0.00877387,0.00992386628571429
37,6,0.007877899,0.00992386628571429
37,7,0.007188407,0.00992386628571429
37,8,0.003332611,0.00992386628571429
37,9,0.002606371,-0.0223886878888889
37,10,0.002134784,-0.0223886878888889
37,11,0.017326939,-0.0223886878888889
37,12,-0.006912794,0.00992386628571429
37,13,-0.002068345,-0.010048214875
37,14,-0.006716706,-0.010048214875
37,15,-0.002310732,-0.010048214875
37,16,0.00053971,-0.010048214875
37,17,-0.021032886,-0.010048214875
37,18,-0.006962182,-0.010048214875
37,19,-0.006819675,-0.0223886878888889
37,20,0.000513917,-0.010048214875
37,21,-0.000926974,0.0145666643333333
37,22,0.015586943,-0.0223886878888889
37,23,0.000986979,0.00992386628571429
37,24,0.007505103,-0.0223886878888889
37,25,0.008605912,0.00992386628571429
37,26,0.002228034,0.00992386628571429
37,27,0.003910511,-0.0223886878888889
37,28,0.003616272,-0.0223886878888889
37,29,-0.004870161,-0.0223886878888889
37,30,-0.006472779,-0.0223886878888889
37,31,0.000105052,-0.010048214875
37,32,0.007196694,-0.0223886878888889
37,33,0.008880124,0.00992386628571429
37,34,0.00618863,0.00992386628571429
37,35,0.007336415,-0.0223886878888889
37,36,0.002304461,0.00992386628571429
37,37,0.002006969,-0.010048214875
37,38,0.000772417,-0.0223886878888889
37,39,0.001432271,-0.0223886878888889
37,40,-0.003294977,-0.0223886878888889
37,41,0.015749215,-0.010048214875
37,42,-0.002498259,0.00992386628571429
37,43,0.00157399,-0.010048214875
37,44,-0.000640049,-0.010048214875
37,45,-0.001846139,-0.0223886878888889
37,46,0.003611527,-0.0223886878888889
37,47,-0.009966402,-0.0223886878888889
37,48,-0.01411308,-0.0223886878888889
37,49,-0.005318878,-0.0223886878888889
37,50,0.004725268,-0.010048214875
37,51,0.003266443,-0.0223886878888889
37,52,0.004805849,0.0145666643333333
37,53,0.000130577,-0.0223886878888889
37,54,0.00113875,-0.0223886878888889
37,55,-0.002496244,-0.010048214875
37,56,-0.00146846,-0.0223886878888889
37,57,-0.00973058,-0.0223886878888889
37,58,-0.009662437,-0.0223886878888889
37,59,-0.000755376,-0.010048214875
37,60,0.005080761,-0.010048214875
37,61,0.00200541,-0.010048214875
37,62,0.014404659,-0.0223886878888889
37,63,0.003654103,0.00992386628571429
37,64,0.005049774,-0.0223886878888889
37,65,0.007314074,-0.0223886878888889
37,66,-0.001896565,0.00992386628571429
37,67,-0.003641465,-0.0223886878888889
37,68,0.022418509,-0.0223886878888889
37,69,0.000165775,0.00992386628571429
37,70,0.003323194,-0.0223886878888889
37,71,-0.004882582,-0.010048214875
37,72,0.003106736,-0.010048214875
37,73,0.006771126,-0.010048214875
37,74,0.000791961,0.00992386628571429
37,75,0.000318169,-0.0223886878888889
37,76,-0.000237889,-0.0223886878888889
37,77,0.001377145,-0.010048214875
37,78,0.005533577,-0.0223886878888889
37,79,-0.00096579,-0.010048214875
37,80,0.006145259,-0.0223886878888889
37,81,0.00351221,-0.010048214875
37,82,0.005174924,-0.010048214875
37,83,0.004925464,-0.0223886878888889
37,84,0.003481782,-0.0223886878888889
37,85,0.004954263,-0.0223886878888889
37,86,-0.005292131,-0.0223886878888889
37,87,0.000977497,-0.010048214875
37,88,0.003226381,-0.0223886878888889
37,89,-0.004085144,-0.010048214875
37,90,0.011802246,-0.010048214875
37,91,0.005034855,0.00992386628571429
37,92,-0.003161803,-0.010048214875
37,93,-0.005227974,-0.010048214875
37,94,-0.00603372,-0.010048214875
37,95,0.000442375,-0.0223886878888889
37,96,0.004984867,-0.0223886878888889
37,97,8.92e-05,-0.010048214875
37,98,0.006881187,-0.0223886878888889
37,99,0.002830117,0.00992386628571429
37,100,-0.010151847,-0.010048214875
37,101,0.014253551,-0.0223886878888889
37,102,0.000465516,0.00992386628571429
37,103,0.005992172,-0.0223886878888889
37,104,0.010736761,-0.0223886878888889
37,105,0.004165555,0.00992386628571429
37,106,0.003128196,-0.0223886878888889
37,107,-0.001644294,-0.010048214875
37,108,-0.002221212,-0.010048214875
37,109,-0.007652558,-0.0223886878888889
37,110,-0.011377315,-0.010048214875
37,111,-0.001439076,-0.0223886878888889
37,112,-0.001827509,-0.010048214875
37,113,-0.015299989,-0.010048214875
37,114,0.005590222,0.0145666643333333
37,115,0.000366897,-0.010048214875
37,116,-0.009088137,-0.0223886878888889
37,117,0.000543172,0.0145666643333333
37,118,-0.004997913,-0.0223886878888889
37,119,0.015463595,-0.0223886878888889
37,120,0.011647698,0.00992386628571429
37,121,0.002133719,0.00992386628571429
37,122,0.002951206,-0.0223886878888889
37,123,0.001068524,-0.010048214875
37,124,-0.007649549,-0.0223886878888889
37,125,0.000968207,-0.0223886878888889
37,126,-0.000892236,-0.0223886878888889
37,127,0.005150131,-0.0223886878888889
37,128,0.002970905,-0.010048214875
37,129,-0.005433699,-0.010048214875
37,130,-0.005280788,-0.0223886878888889
37,131,0.003626423,-0.010048214875
38,1,0.0017334,-0.010127594
38,2,0.010020454,-0.010127594
38,3,0.00877387,0.0149321276
38,4,0.007877899,0.0149321276
38,5,0.007188407,0.0149321276
38,6,0.003332611,0.0149321276
38,7,0.002606371,-0.0236143127142857
38,8,0.002134784,-0.010127594
38,9,0.017326939,-0.010127594
38,10,-0.006912794,0.0149321276
38,11,-0.002068345,-0.010127594
38,12,-0.006716706,-0.010127594
38,13,-0.002310732,-0.010127594
38,14,0.00053971,-0.010127594
38,15,-0.021032886,-0.0188312553333333
38,16,-0.006962182,-0.010127594
38,17,-0.006819675,-0.0188312553333333
38,18,0.000513917,-0.0236143127142857
38,19,-0.000926974,0.0218126326666667
38,20,0.015586943,-0.0236143127142857
38,21,0.000986979,0.0149321276
38,22,0.007505103,-0.0188312553333333
38,23,0.008605912,0.0149321276
38,24,0.002228034,0.0149321276
38,25,0.003910511,-0.0236143127142857
38,26,0.003616272,-0.010127594
38,27,-0.004870161,-0.010127594
38,28,-0.006472779,-0.010127594
38,29,0.000105052,-0.010127594
38,30,0.007196694,-0.010127594
38,31,0.008880124,0.0149321276
38,32,0.00618863,0.0149321276
38,33,0.007336415,-0.0188312553333333
38,34,0.002304461,0.0149321276
38,35,0.002006969,-0.0236143127142857
38,36,0.000772417,-0.0236143127142857
38,37,0.001432271,-0.010127594
38,38,-0.003294977,-0.010127594
38,39,0.015749215,-0.010127594
38,40,-0.002498259,0.0149321276
38,41,0.00157399,-0.010127594
38,42,-0.000640049,-0.010127594
38,43,-0.001846139,-0.010127594
38,44,0.003611527,-0.010127594
38,45,-0.009966402,-0.010127594
38,46,-0.01411308,-0.010127594
38,47,-0.005318878,-0.010127594
38,48,0.004725268,-0.010127594
38,49,0.003266443,-0.010127594
38,50,0.004805849,0.0218126326666667
38,51,0.000130577,-0.0188312553333333
38,52,0.00113875,-0.0188312553333333
38,53,-0.002496244,-0.0236143127142857
38,54,-0.00146846,-0.0236143127142857
38,55,-0.00973058,-0.0236143127142857
38,56,-0.009662437,-0.010127594
38,57,-0.000755376,-0.010127594
38,58,0.005080761,-0.010127594
38,59,0.00200541,-0.010127594
38,60,0.014404659,-0.0188312553333333
38,61,0.003654103,0.0149321276
38,62,0.005049774,-0.010127594
38,63,0.007314074,-0.0236143127142857
38,64,-0.001896565,0.0149321276
38,65,-0.003641465,-0.010127594
38,66,0.022418509,-0.010127594
38,67,0.000165775,0.0149321276
38,68,0.003323194,-0.010127594
38,69,-0.004882582,-0.010127594
38,70,0.003106736,-0.010127594
38,71,0.006771126,-0.010127594
38,72,0.000791961,0.0149321276
38,73,0.000318169,-0.010127594
38,74,-0.000237889,-0.010127594
38,75,0.001377145,-0.010127594
38,76,0.005533577,-0.010127594
38,77,-0.00096579,-0.0236143127142857
38,78,0.006145259,-0.010127594
38,79,0.00351221,-0.010127594
38,80,0.005174924,-0.010127594
38,81,0.004925464,-0.010127594
38,82,0.003481782,-0.010127594
38,83,0.004954263,-0.010127594
38,84,-0.005292131,-0.010127594
38,85,0.000977497,-0.010127594
38,86,0.003226381,-0.010127594
38,87,-0.004085144,-0.010127594
38,88,0.011802246,-0.010127594
38,89,0.005034855,0.0149321276
38,90,-0.003161803,-0.010127594
38,91,-0.005227974,-0.010127594
38,92,-0.00603372,-0.0236143127142857
38,93,0.000442375,-0.010127594
38,94,0.004984867,-0.010127594
38,95,8.92e-05,-0.0236143127142857
38,96,0.006881187,-0.0188312553333333
38,97,0.002830117,0.0149321276
38,98,-0.010151847,-0.010127594
38,99,0.014253551,-0.0236143127142857
38,100,0.000465516,0.0149321276
38,101,0.005992172,-0.010127594
38,102,0.010736761,-0.010127594
38,103,0.004165555,0.0149321276
38,104,0.003128196,-0.010127594
38,105,-0.001644294,-0.010127594
38,106,-0.002221212,-0.0236143127142857
38,107,-0.007652558,-0.010127594
38,108,-0.011377315,-0.010127594
38,109,-0.001439076,-0.010127594
38,110,-0.001827509,-0.010127594
38,111,-0.015299989,-0.010127594
38,112,0.005590222,-0.0188312553333333
38,113,0.000366897,-0.0188312553333333
38,114,-0.009088137,-0.010127594
38,115,0.000543172,0.0218126326666667
38,116,-0.004997913,-0.0236143127142857
38,117,0.015463595,-0.010127594
38,118,0.011647698,0.0149321276
38,119,0.002133719,0.0149321276
38,120,0.002951206,-0.010127594
38,121,0.001068524,-0.010127594
38,122,-0.007649549,-0.0236143127142857
38,123,0.000968207,-0.010127594
38,124,-0.000892236,-0.0236143127142857
38,125,0.005150131,-0.010127594
38,126,0.002970905,-0.010127594
38,127,-0.005433699,-0.0188312553333333
38,128,-0.005280788,-0.010127594
38,129,0.003626423,-0.010127594
38,130,-0.003564993,-0.0236143127142857
38,131,0.009468899,-0.010127594
39,1,0.002134784,-0.011540764375
39,2,0.017326939,-0.011540764375
39,3,-0.006912794,0.00674013833333333
39,4,-0.002068345,-0.011540764375
39,5,-0.006716706,-0.011540764375
39,6,-0.002310732,-0.011540764375
39,7,0.00053971,-0.011540764375
39,8,-0.021032886,-0.011540764375
39,9,-0.006962182,-0.011540764375
39,10,-0.006819675,-0.011540764375
39,11,0.000513917,-0.0252577736666667
39,12,-0.000926974,0.0191372995
39,13,0.015586943,-0.0252577736666667
39,14,0.000986979,0.00674013833333333
39,15,0.007505103,-0.011540764375
39,16,0.008605912,0.00674013833333333
39,17,0.002228034,0.00674013833333333
39,18,0.003910511,-0.0252577736666667
39,19,0.003616272,-0.011540764375
39,20,-0.004870161,-0.011540764375
39,21,-0.006472779,-0.011540764375
39,22,0.000105052,-0.011540764375
39,23,0.007196694,-0.011540764375
39,24,0.008880124,0.00674013833333333
39,25,0.00618863,0.00674013833333333
39,26,0.007336415,-0.011540764375
39,27,0.002304461,0.00674013833333333
39,28,0.002006969,-0.0252577736666667
39,29,0.000772417,-0.0252577736666667
39,30,0.001432271,-0.011540764375
39,31,-0.003294977,-0.011540764375
39,32,0.015749215,-0.011540764375
39,33,-0.002498259,0.00674013833333333
39,34,0.00157399,-0.011540764375
39,35,-0.000640049,-0.011540764375
39,36,-0.001846139,-0.011540764375
39,37,0.003611527,-0.011540764375
39,38,-0.009966402,-0.011540764375
39,39,-0.01411308,-0.011540764375
39,40,-0.005318878,-0.011540764375
39,41,0.004725268,-0.011540764375
39,42,0.003266443,-0.011540764375
39,43,0.004805849,0.0191372995
39,44,0.000130577,-0.011540764375
39,45,0.00113875,-0.011540764375
39,46,-0.002496244,-0.0252577736666667
39,47,-0.00146846,-0.0252577736666667
39,48,-0.00973058,-0.0252577736666667
39,49,-0.009662437,-0.011540764375
39,50,-0.000755376,-0.011540764375
39,51,0.005080761,-0.011540764375
39,52,0.00200541,-0.011540764375
39,53,0.014404659,-0.011540764375
39,54,0.003654103,0.00674013833333333
39,55,0.005049774,-0.011540764375
39,56,0.007314074,-0.0252577736666667
39,57,-0.001896565,0.00674013833333333
39,58,-0.003641465,-0.011540764375
39,59,0.022418509,-0.011540764375
39,60,0.000165775,0.00674013833333333
39,61,0.003323194,-0.011540764375
39,62,-0.004882582,-0.011540764375
39,63,0.003106736,-0.011540764375
39,64,0.006771126,-0.011540764375
39,65,0.000791961,-0.011540764375
39,66,0.000318169,-0.011540764375
39,67,-0.000237889,-0.011540764375
39,68,0.001377145,-0.011540764375
39,69,0.005533577,-0.011540764375
39,70,-0.00096579,-0.0252577736666667
39,71,0.006145259,-0.011540764375
39,72,0.00351221,-0.011540764375
39,73,0.005174924,-0.011540764375
39,74,0.004925464,-0.011540764375
39,75,0.003481782,-0.011540764375
39,76,0.004954263,-0.011540764375
39,77,-0.005292131,-0.011540764375
39,78,0.000977497,-0.011540764375
39,79,0.003226381,-0.011540764375
39,80,-0.004085144,-0.011540764375
39,81,0.011802246,-0.011540764375
39,82,0.005034855,0.00674013833333333
39,83,-0.003161803,-0.011540764375
39,84,-0.005227974,-0.011540764375
39,85,-0.00603372,-0.0252577736666667
39,86,0.000442375,-0.011540764375
39,87,0.004984867,-0.011540764375
39,88,8.92e-05,-0.011540764375
39,89,0.006881187,-0.011540764375
39,90,0.002830117,-0.011540764375
39,91,-0.010151847,-0.011540764375
39,92,0.014253551,-0.0252577736666667
39,93,0.000465516,0.00674013833333333
39,94,0.005992172,-0.011540764375
39,95,0.010736761,-0.011540764375
39,96,0.004165555,0.00674013833333333
39,97,0.003128196,-0.011540764375
39,98,-0.001644294,-0.011540764375
39,99,-0.002221212,-0.0252577736666667
39,100,-0.007652558,-0.011540764375
39,101,-0.011377315,-0.011540764375
39,102,-0.001439076,-0.011540764375
39,103,-0.001827509,-0.011540764375
39,104,-0.015299989,-0.011540764375
39,105,0.005590222,0.0191372995
39,106,0.000366897,-0.011540764375
39,107,-0.009088137,-0.011540764375
39,108,0.000543172,0.0191372995
39,109,-0.004997913,-0.0252577736666667
39,110,0.015463595,-0.011540764375
39,111,0.011647698,0.00674013833333333
39,112,0.002133719,0.00674013833333333
39,113,0.002951206,-0.011540764375
39,114,0.001068524,-0.011540764375
39,115,-0.007649549,-0.0252577736666667
39,116,0.000968207,-0.011540764375
39,117,-0.000892236,-0.0252577736666667
39,118,0.005150131,-0.011540764375
39,119,0.002970905,-0.011540764375
39,120,-0.005433699,-0.011540764375
39,121,-0.005280788,-0.011540764375
39,122,0.003626423,-0.011540764375
39,123,-0.003564993,-0.0252577736666667
39,124,0.009468899,-0.011540764375
39,125,0.00132698,0.00674013833333333
39,126,-0.000207937,-0.011540764375
39,127,-0.002474851,-0.011540764375
39,128,-0.002416689,-0.0252577736666667
39,129,-0.000195527,-0.0252577736666667
39,130,0.007861466,-0.011540764375
39,131,0.00331358,0.00674013833333333
40,1,-0.006912794,0.01608662975
40,2,-0.002068345,0.01608662975
40,3,-0.006716706,0.01608662975
40,4,-0.002310732,0.01608662975
40,5,0.00053971,-0.01972839475
40,6,-0.021032886,-0.01972839475
40,7,-0.006962182,-0.01972839475
40,8,-0.006819675,-0.01972839475
40,9,0.000513917,0.00108523633333333
40,10,-0.000926974,0.0185493326666667
40,11,0.015586943,-0.01972839475
40,12,0.000986979,-0.01972839475
40,13,0.007505103,0.00108523633333333
40,14,0.008605912,-0.02487476425
40,15,0.002228034,0.01608662975
40,16,0.003910511,0.01608662975
40,17,0.003616272,0.01608662975
40,18,-0.004870161,0.01608662975
40,19,-0.006472779,0.01608662975
40,20,0.000105052,0.01608662975
40,21,0.007196694,0.01608662975
40,22,0.008880124,-0.01972839475
40,23,0.00618863,-0.01972839475
40,24,0.007336415,0.00108523633333333
40,25,0.002304461,0.00108523633333333
40,26,0.002006969,0.01608662975
40,27,0.000772417,0.01608662975
40,28,0.001432271,0.01608662975
40,29,-0.003294977,0.01608662975
40,30,0.015749215,0.01608662975
40,31,-0.002498259,0.01608662975
40,32,0.00157399,0.01608662975
40,33,-0.000640049,-0.01972839475
40,34,-0.001846139,0.01608662975
40,35,0.003611527,-0.01972839475
40,36,-0.009966402,0.01608662975
40,37,-0.01411308,0.01608662975
40,38,-0.005318878,-0.01972839475
40,39,0.004725268,0.01608662975
40,40,0.003266443,-0.01972839475
40,41,0.004805849,0.0185493326666667
40,42,0.000130577,-0.01972839475
40,43,0.00113875,0.00108523633333333
40,44,-0.002496244,0.00108523633333333
40,45,-0.00146846,-0.02487476425
40,46,-0.00973058,0.01608662975
40,47,-0.009662437,0.01608662975
40,48,-0.000755376,-0.01972839475
40,49,0.005080761,0.01608662975
40,50,0.00200541,-0.01972839475
40,51,0.014404659,-0.01972839475
40,52,0.003654103,0.00108523633333333
40,53,0.005049774,0.00108523633333333
40,54,0.007314074,0.01608662975
40,55,-0.001896565,0.01608662975
40,56,-0.003641465,0.01608662975
40,57,0.022418509,0.01608662975
40,58,0.000165775,0.01608662975
40,59,0.003323194,-0.01972839475
40,60,-0.004882582,-0.01972839475
40,61,0.003106736,0.01608662975
40,62,0.006771126,0.01608662975
40,63,0.000791961,0.01608662975
40,64,0.000318169,-0.01972839475
40,65,-0.000237889,0.01608662975
40,66,0.001377145,0.00108523633333333
40,67,0.005533577,0.01608662975
40,68,-0.00096579,0.01608662975
40,69,0.006145259,0.01608662975
40,70,0.00351221,0.01608662975
40,71,0.005174924,0.01608662975
40,72,0.004925464,0.01608662975
40,73,0.003481782,0.01608662975
40,74,0.004954263,0.01608662975
40,75,-0.005292131,0.01608662975
40,76,0.000977497,0.01608662975
40,77,0.003226381,0.01608662975
40,78,-0.004085144,0.01608662975
40,79,0.011802246,-0.01972839475
40,80,0.005034855,0.01608662975
40,81,-0.003161803,0.00108523633333333
40,82,-0.005227974,-0.01972839475
40,83,-0.00603372,0.01608662975
40,84,0.000442375,0.00108523633333333
40,85,0.004984867,-0.01972839475
40,86,8.92e-05,-0.01972839475
40,87,0.006881187,-0.01972839475
40,88,0.002830117,0.00108523633333333
40,89,-0.010151847,0.00108523633333333
40,90,0.014253551,0.01608662975
40,91,0.000465516,0.01608662975
40,92,0.005992172,0.01608662975
40,93,0.010736761,-0.01972839475
40,94,0.004165555,0.01608662975
40,95,0.003128196,0.00108523633333333
40,96,-0.001644294,0.01608662975
40,97,-0.002221212,0.01608662975
40,98,-0.007652558,0.01608662975
40,99,-0.011377315,0.01608662975
40,100,-0.001439076,0.01608662975
40,101,-0.001827509,-0.01972839475
40,102,-0.015299989,-0.01972839475
40,103,0.005590222,-0.01972839475
40,104,0.000366897,0.00108523633333333
40,105,-0.009088137,-0.01972839475
40,106,0.000543172,0.0185493326666667
40,107,-0.004997913,-0.02487476425
40,108,0.015463595,0.00108523633333333
40,109,0.011647698,-0.01972839475
40,110,0.002133719,-0.02487476425
40,111,0.002951206,-0.01972839475
40,112,0.001068524,0.01608662975
40,113,-0.007649549,0.00108523633333333
40,114,0.000968207,0.01608662975
40,115,-0.000892236,0.01608662975
40,116,0.005150131,0.01608662975
40,117,0.002970905,-0.01972839475
40,118,-0.005433699,0.01608662975
40,119,-0.005280788,0.00108523633333333
40,120,0.003626423,0.01608662975
40,121,-0.003564993,0.01608662975
40,122,0.009468899,-0.01972839475
40,123,0.00132698,-0.01972839475
40,124,-0.000207937,0.00108523633333333
40,125,-0.002474851,-0.01972839475
40,126,-0.002416689,0.01608662975
40,127,-0.000195527,0.01608662975
40,128,0.007861466,0.01608662975
40,129,0.00331358,-0.01972839475
40,130,0.002789387,-0.01972839475
40,131,0.00816767,0.01608662975
41,1,-0.006716706,0.01587723825
41,2,-0.002310732,-0.0244449214
41,3,0.00053971,0.01587723825
41,4,-0.021032886,-0.0244449214
41,5,-0.006962182,-0.0187337328
41,6,-0.006819675,0.01587723825
41,7,0.000513917,-0.0244449214
41,8,-0.000926974,0.0138547684
41,9,0.015586943,-0.0244449214
41,10,0.000986979,0.00408256371428571
41,11,0.007505103,0.00408256371428571
41,12,0.008605912,0.00408256371428571
41,13,0.002228034,0.00408256371428571
41,14,0.003910511,0.00408256371428571
41,15,0.003616272,0.00408256371428571
41,16,-0.004870161,0.00408256371428571
41,17,-0.006472779,-0.0187337328
41,18,0.000105052,-0.0187337328
41,19,0.007196694,0.01587723825
41,20,0.008880124,-0.0244449214
41,21,0.00618863,0.00408256371428571
41,22,0.007336415,0.00408256371428571
41,23,0.002304461,0.00408256371428571
41,24,0.002006969,0.00408256371428571
41,25,0.000772417,0.00408256371428571
41,26,0.001432271,0.00408256371428571
41,27,-0.003294977,0.00408256371428571
41,28,0.015749215,-0.0187337328
41,29,-0.002498259,0.00408256371428571
41,30,0.00157399,-0.0187337328
41,31,-0.000640049,0.00408256371428571
41,32,-0.001846139,-0.0187337328
41,33,0.003611527,-0.0187337328
41,34,-0.009966402,0.00408256371428571
41,35,-0.01411308,-0.0187337328
41,36,-0.005318878,0.01587723825
41,37,0.004725268,-0.0244449214
41,38,0.003266443,-0.0244449214
41,39,0.004805849,0.0138547684
41,40,0.000130577,0.00408256371428571
41,41,0.00113875,-0.0187337328
41,42,-0.002496244,0.00408256371428571
41,43,-0.00146846,-0.0187337328
41,44,-0.00973058,-0.0187337328
41,45,-0.009662437,-0.0187337328
41,46,-0.000755376,0.01587723825
41,47,0.005080761,-0.0244449214
41,48,0.00200541,-0.0244449214
41,49,0.014404659,0.00408256371428571
41,50,0.003654103,0.00408256371428571
41,51,0.005049774,0.00408256371428571
41,52,0.007314074,0.00408256371428571
41,53,-0.001896565,0.00408256371428571
41,54,-0.003641465,-0.0187337328
41,55,0.022418509,-0.0187337328
41,56,0.000165775,0.00408256371428571
41,57,0.003323194,-0.0187337328
41,58,-0.004882582,0.00408256371428571
41,59,0.003106736,-0.0187337328
41,60,0.006771126,0.00408256371428571
41,61,0.000791961,0.00408256371428571
41,62,0.000318169,0.00408256371428571
41,63,-0.000237889,-0.0187337328
41,64,0.001377145,-0.0187337328
41,65,0.005533577,0.00408256371428571
41,66,-0.00096579,0.00408256371428571
41,67,0.006145259,-0.0187337328
41,68,0.00351221,0.00408256371428571
41,69,0.005174924,0.00408256371428571
41,70,0.004925464,0.00408256371428571
41,71,0.003481782,0.00408256371428571
41,72,0.004954263,0.00408256371428571
41,73,-0.005292131,0.00408256371428571
41,74,0.000977497,-0.0187337328
41,75,0.003226381,0.01587723825
41,76,-0.004085144,0.00408256371428571
41,77,0.011802246,-0.0187337328
41,78,0.005034855,0.00408256371428571
41,79,-0.003161803,0.00408256371428571
41,80,-0.005227974,-0.0187337328
41,81,-0.00603372,-0.0187337328
41,82,0.000442375,0.01587723825
41,83,0.004984867,0.01587723825
41,84,8.92e-05,-0.0244449214
41,85,0.006881187,-0.0187337328
41,86,0.002830117,0.00408256371428571
41,87,-0.010151847,0.00408256371428571
41,88,0.014253551,-0.0187337328
41,89,0.000465516,0.01587723825
41,90,0.005992172,-0.0244449214
41,91,0.010736761,0.00408256371428571
41,92,0.004165555,0.00408256371428571
41,93,0.003128196,0.00408256371428571
41,94,-0.001644294,0.00408256371428571
41,95,-0.002221212,-0.0187337328
41,96,-0.007652558,-0.0187337328
41,97,-0.011377315,-0.0187337328
41,98,-0.001439076,0.01587723825
41,99,-0.001827509,-0.0244449214
41,100,-0.015299989,-0.0244449214
41,101,0.005590222,0.0138547684
41,102,0.000366897,0.01587723825
41,103,-0.009088137,-0.0244449214
41,104,0.000543172,0.0138547684
41,105,-0.004997913,0.01587723825
41,106,0.015463595,-0.0244449214
41,107,0.011647698,0.01587723825
41,108,0.002133719,0.00408256371428571
41,109,0.002951206,0.00408256371428571
41,110,0.001068524,0.00408256371428571
41,111,-0.007649549,0.00408256371428571
41,112,0.000968207,-0.0187337328
41,113,-0.000892236,0.01587723825
41,114,0.005150131,-0.0244449214
41,115,0.002970905,0.00408256371428571
41,116,-0.005433699,0.00408256371428571
41,117,-0.005280788,-0.0187337328
41,118,0.003626423,0.01587723825
41,119,-0.003564993,0.01587723825
41,120,0.009468899,-0.0187337328
41,121,0.00132698,0.00408256371428571
41,122,-0.000207937,0.00408256371428571
41,123,-0.002474851,-0.0187337328
41,124,-0.002416689,-0.0187337328
41,125,-0.000195527,-0.0187337328
41,126,0.007861466,-0.0187337328
41,127,0.00331358,0.00408256371428571
41,128,0.002789387,0.00408256371428571
41,129,0.00816767,0.00408256371428571
41,130,0.004238755,0.00408256371428571
41,131,-0.001180117,0.00408256371428571
42,1,0.015586943,-0.02984694675
42,2,0.000986979,0.00691652444444444
42,3,0.007505103,-0.00955402525
42,4,0.008605912,0.00691652444444444
42,5,0.002228034,0.00691652444444444
42,6,0.003910511,-0.02984694675
42,7,0.003616272,-0.00955402525
42,8,-0.004870161,-0.00955402525
42,9,-0.006472779,-0.00955402525
42,10,0.000105052,-0.00955402525
42,11,0.007196694,-0.00955402525
42,12,0.008880124,0.00691652444444444
42,13,0.00618863,0.00691652444444444
42,14,0.007336415,0.00691652444444444
42,15,0.002304461,0.00691652444444444
42,16,0.002006969,-0.02984694675
42,17,0.000772417,-0.02984694675
42,18,0.001432271,-0.00955402525
42,19,-0.003294977,-0.00955402525
42,20,0.015749215,-0.00955402525
42,21,-0.002498259,0.00691652444444444
42,22,0.00157399,-0.00955402525
42,23,-0.000640049,-0.00955402525
42,24,-0.001846139,-0.00955402525
42,25,0.003611527,-0.00955402525
42,26,-0.009966402,-0.00955402525
42,27,-0.01411308,-0.02984694675
42,28,-0.005318878,-0.00955402525
42,29,0.004725268,-0.02984694675
42,30,0.003266443,-0.00955402525
42,31,0.004805849,0.0132014276666667
42,32,0.000130577,-0.02984694675
42,33,0.00113875,-0.00955402525
42,34,-0.002496244,-0.02984694675
42,35,-0.00146846,-0.02984694675
42,36,-0.00973058,-0.02984694675
42,37,-0.009662437,-0.00955402525
42,38,-0.000755376,-0.00955402525
42,39,0.005080761,-0.00955402525
42,40,0.00200541,-0.00955402525
42,41,0.014404659,-0.00955402525
42,42,0.003654103,0.00691652444444444
42,43,0.005049774,-0.00955402525
42,44,0.007314074,-0.02984694675
42,45,-0.001896565,0.00691652444444444
42,46,-0.003641465,-0.00955402525
42,47,0.022418509,-0.00955402525
42,48,0.000165775,0.00691652444444444
42,49,0.003323194,-0.00955402525
42,50,-0.004882582,-0.00955402525
42,51,0.003106736,-0.00955402525
42,52,0.006771126,-0.00955402525
42,53,0.000791961,0.00691652444444444
42,54,0.000318169,-0.02984694675
42,55,-0.000237889,-0.00955402525
42,56,0.001377145,-0.00955402525
42,57,0.005533577,-0.00955402525
42,58,-0.00096579,-0.02984694675
42,59,0.006145259,-0.00955402525
42,60,0.00351221,0.00691652444444444
42,61,0.005174924,-0.00955402525
42,62,0.004925464,-0.00955402525
42,63,0.003481782,-0.00955402525
42,64,0.004954263,-0.00955402525
42,65,-0.005292131,-0.00955402525
42,66,0.000977497,-0.00955402525
42,67,0.003226381,-0.00955402525
42,68,-0.004085144,-0.00955402525
42,69,0.011802246,-0.00955402525
42,70,0.005034855,0.00691652444444444
42,71,-0.003161803,-0.00955402525
42,72,-0.005227974,-0.00955402525
42,73,-0.00603372,-0.02984694675
42,74,0.000442375,-0.00955402525
42,75,0.004984867,-0.00955402525
42,76,8.92e-05,-0.02984694675
42,77,0.006881187,-0.00955402525
42,78,0.002830117,0.00691652444444444
42,79,-0.010151847,-0.02984694675
42,80,0.014253551,-0.02984694675
42,81,0.000465516,0.00691652444444444
42,82,0.005992172,-0.00955402525
42,83,0.010736761,0.00691652444444444
42,84,0.004165555,0.00691652444444444
42,85,0.003128196,-0.00955402525
42,86,-0.001644294,-0.00955402525
42,87,-0.002221212,-0.02984694675
42,88,-0.007652558,-0.00955402525
42,89,-0.011377315,-0.00955402525
42,90,-0.001439076,-0.00955402525
42,91,-0.001827509,-0.00955402525
42,92,-0.015299989,-0.00955402525
42,93,0.005590222,-0.00955402525
42,94,0.000366897,-0.02984694675
42,95,-0.009088137,-0.02984694675
42,96,0.000543172,0.0132014276666667
42,97,-0.004997913,-0.02984694675
42,98,0.015463595,-0.00955402525
42,99,0.011647698,0.00691652444444444
42,100,0.002133719,0.00691652444444444
42,101,0.002951206,-0.00955402525
42,102,0.001068524,-0.00955402525
42,103,-0.007649549,-0.02984694675
42,104,0.000968207,-0.00955402525
42,105,-0.000892236,-0.02984694675
42,106,0.005150131,-0.00955402525
42,107,0.002970905,-0.00955402525
42,108,-0.005433699,-0.00955402525
42,109,-0.005280788,-0.00955402525
42,110,0.003626423,-0.00955402525
42,111,-0.003564993,-0.02984694675
42,112,0.009468899,-0.00955402525
42,113,0.00132698,0.00691652444444444
42,114,-0.000207937,-0.00955402525
42,115,-0.002474851,-0.00955402525
42,116,-0.002416689,-0.02984694675
42,117,-0.000195527,-0.02984694675
42,118,0.007861466,-0.00955402525
42,119,0.00331358,0.00691652444444444
42,120,0.002789387,-0.00955402525
42,121,0.00816767,-0.00955402525
42,122,0.004238755,0.00691652444444444
42,123,-0.001180117,-0.02984694675
42,124,-0.002646026,-0.02984694675
42,125,-0.00681971,-0.00955402525
42,126,-0.00670868,-0.00955402525
42,127,0.004772614,-0.00955402525
42,128,0.011872228,-0.00955402525
42,129,-0.002109322,0.00691652444444444
42,130,0.00023762,-0.00955402525
42,131,-0.004536707,-0.00955402525
43,1,0.000986979,-0.0243728924
43,2,0.007505103,0.0100855406666667
43,3,0.008605912,0.0100855406666667
43,4,0.002228034,-0.0243728924
43,5,0.003910511,-0.0243728924
43,6,0.003616272,-0.0243728924
43,7,-0.004870161,-0.0260979193333333
43,8,-0.006472779,0.0100855406666667
43,9,0.000105052,-0.0133780653333333
43,10,0.007196694,-0.0133780653333333
43,11,0.008880124,0.0100855406666667
43,12,0.00618863,0.0100855406666667
43,13,0.007336415,0.0100855406666667
43,14,0.002304461,0.0100855406666667
43,15,0.002006969,0.0100855406666667
43,16,0.000772417,-0.0243728924
43,17,0.001432271,-0.0243728924
43,18,-0.003294977,0.0100855406666667
43,19,0.015749215,0.0100855406666667
43,20,-0.002498259,-0.0133780653333333
43,21,0.00157399,0.0100855406666667
43,22,-0.000640049,-0.0133780653333333
43,23,-0.001846139,0.0100855406666667
43,24,0.003611527,-0.0133780653333333
43,25,-0.009966402,-0.0133780653333333
43,26,-0.01411308,-0.0260979193333333
43,27,-0.005318878,-0.0243728924
43,28,0.004725268,0.020724408
43,29,0.003266443,-0.0133780653333333
43,30,0.004805849,0.0100855406666667
43,31,0.000130577,0.0100855406666667
43,32,0.00113875,0.0100855406666667
43,33,-0.002496244,0.0100855406666667
43,34,-0.00146846,-0.0243728924
43,35,-0.00973058,-0.0243728924
43,36,-0.009662437,-0.0243728924
43,37,-0.000755376,-0.0133780653333333
43,38,0.005080761,-0.0133780653333333
43,39,0.00200541,-0.0133780653333333
43,40,0.014404659,0.0100855406666667
43,41,0.003654103,0.0100855406666667
43,42,0.005049774,0.0100855406666667
43,43,0.007314074,0.0100855406666667
43,44,-0.001896565,-0.0243728924
43,45,-0.003641465,-0.0243728924
43,46,0.022418509,-0.0133780653333333
43,47,0.000165775,-0.0260979193333333
43,48,0.003323194,0.0100855406666667
43,49,-0.004882582,0.0100855406666667
43,50,0.003106736,0.0100855406666667
43,51,0.006771126,-0.0133780653333333
43,52,0.000791961,0.0100855406666667
43,53,0.000318169,-0.0260979193333333
43,54,-0.000237889,-0.0243728924
43,55,0.001377145,0.0100855406666667
43,56,0.005533577,-0.0133780653333333
43,57,-0.00096579,0.0100855406666667
43,58,0.006145259,-0.0243728924
43,59,0.00351221,-0.0133780653333333
43,60,0.005174924,0.0100855406666667
43,61,0.004925464,0.0100855406666667
43,62,0.003481782,0.0100855406666667
43,63,0.004954263,0.0100855406666667
43,64,-0.005292131,0.0100855406666667
43,65,0.000977497,0.0100855406666667
43,66,0.003226381,-0.0133780653333333
43,67,-0.004085144,0.0100855406666667
43,68,0.011802246,0.0100855406666667
43,69,0.005034855,-0.0133780653333333
43,70,-0.003161803,0.0100855406666667
43,71,-0.005227974,0.0100855406666667
43,72,-0.00603372,-0.0133780653333333
43,73,0.000442375,-0.0243728924
43,74,0.004984867,-0.0133780653333333
43,75,8.92e-05,-0.0260979193333333
43,76,0.006881187,-0.0243728924
43,77,0.002830117,0.0100855406666667
43,78,-0.010151847,0.0100855406666667
43,79,0.014253551,0.0100855406666667
43,80,0.000465516,-0.0243728924
43,81,0.005992172,-0.0243728924
43,82,0.010736761,0.0100855406666667
43,83,0.004165555,0.0100855406666667
43,84,0.003128196,0.0100855406666667
43,85,-0.001644294,0.0100855406666667
43,86,-0.002221212,-0.0260979193333333
43,87,-0.007652558,-0.0243728924
43,88,-0.011377315,-0.0133780653333333
43,89,-0.001439076,-0.0260979193333333
43,90,-0.001827509,-0.0133780653333333
43,91,-0.015299989,-0.0133780653333333
43,92,0.005590222,-0.0133780653333333
43,93,0.000366897,0.020724408
43,94,-0.009088137,0.0100855406666667
43,95,0.000543172,0.0100855406666667
43,96,-0.004997913,-0.0243728924
43,97,0.015463595,-0.0243728924
43,98,0.011647698,-0.0133780653333333
43,99,0.002133719,0.0100855406666667
43,100,0.002951206,-0.0243728924
43,101,0.001068524,0.0100855406666667
43,102,-0.007649549,0.0100855406666667
43,103,0.000968207,-0.0243728924
43,104,-0.000892236,-0.0260979193333333
43,105,0.005150131,-0.0260979193333333
43,106,0.002970905,-0.0133780653333333
43,107,-0.005433699,0.0100855406666667
43,108,-0.005280788,0.0100855406666667
43,109,0.003626423,-0.0133780653333333
43,110,-0.003564993,-0.0133780653333333
43,111,0.009468899,-0.0243728924
43,112,0.00132698,-0.0133780653333333
43,113,-0.000207937,0.0100855406666667
43,114,-0.002474851,0.0100855406666667
43,115,-0.002416689,-0.0133780653333333
43,116,-0.000195527,-0.0243728924
43,117,0.007861466,-0.0243728924
43,118,0.00331358,-0.0133780653333333
43,119,0.002789387,-0.0243728924
43,120,0.00816767,0.0100855406666667
43,121,0.004238755,0.0100855406666667
43,122,-0.001180117,0.0100855406666667
43,123,-0.002646026,0.0100855406666667
43,124,-0.00681971,-0.0133780653333333
43,125,-0.00670868,-0.0133780653333333
43,126,0.004772614,-0.0133780653333333
43,127,0.011872228,-0.0133780653333333
43,128,-0.002109322,0.0100855406666667
43,129,0.00023762,0.0100855406666667
43,130,-0.004536707,-0.0133780653333333
43,131,0.002405877,0.0100855406666667
44,1,0.008605912,-0.003781225625
44,2,0.002228034,0.0226181913333333
44,3,0.003910511,-0.003781225625
44,4,0.003616272,0.0226181913333333
44,5,-0.004870161,0.0226181913333333
44,6,-0.006472779,-0.01861767
44,7,0.000105052,-0.01861767
44,8,0.007196694,0.0226181913333333
44,9,0.008880124,-0.003781225625
44,10,0.00618863,-0.003781225625
44,11,0.007336415,-0.003781225625
44,12,0.002304461,0.0226181913333333
44,13,0.002006969,0.0226181913333333
44,14,0.000772417,0.0226181913333333
44,15,0.001432271,0.0226181913333333
44,16,-0.003294977,-0.003781225625
44,17,0.015749215,-0.01861767
44,18,-0.002498259,-0.003781225625
44,19,0.00157399,-0.01861767
44,20,-0.000640049,-0.003781225625
44,21,-0.001846139,0.0226181913333333
44,22,0.003611527,-0.01861767
44,23,-0.009966402,-0.003781225625
44,24,-0.01411308,-0.01861767
44,25,-0.005318878,-0.01861767
44,26,0.004725268,-0.01861767
44,27,0.003266443,-0.003781225625
44,28,0.004805849,0.0171073698
44,29,0.000130577,-0.003781225625
44,30,0.00113875,0.0226181913333333
44,31,-0.002496244,-0.003781225625
44,32,-0.00146846,-0.01861767
44,33,-0.00973058,-0.01861767
44,34,-0.009662437,-0.01861767
44,35,-0.000755376,-0.01861767
44,36,0.005080761,-0.003781225625
44,37,0.00200541,-0.003781225625
44,38,0.014404659,-0.003781225625
44,39,0.003654103,-0.003781225625
44,40,0.005049774,0.0226181913333333
44,41,0.007314074,-0.003781225625
44,42,-0.001896565,0.0226181913333333
44,43,-0.003641465,-0.01861767
44,44,0.022418509,-0.01861767
44,45,0.000165775,0.0226181913333333
44,46,0.003323194,-0.003781225625
44,47,-0.004882582,-0.003781225625
44,48,0.003106736,-0.01861767
44,49,0.006771126,-0.003781225625
44,50,0.000791961,-0.003781225625
44,51,0.000318169,-0.003781225625
44,52,-0.000237889,-0.003781225625
44,53,0.001377145,0.0226181913333333
44,54,0.005533577,-0.003781225625
44,55,-0.00096579,-0.003781225625
44,56,0.006145259,-0.003781225625
44,57,0.00351221,-0.003781225625
44,58,0.005174924,0.0226181913333333
44,59,0.004925464,-0.003781225625
44,60,0.003481782,0.0226181913333333
44,61,0.004954263,0.0226181913333333
44,62,-0.005292131,0.0226181913333333
44,63,0.000977497,-0.01861767
44,64,0.003226381,0.0226181913333333
44,65,-0.004085144,0.0226181913333333
44,66,0.011802246,-0.01861767
44,67,0.005034855,-0.003781225625
44,68,-0.003161803,-0.003781225625
44,69,-0.005227974,-0.01861767
44,70,-0.00603372,-0.01861767
44,71,0.000442375,-0.01861767
44,72,0.004984867,-0.003781225625
44,73,8.92e-05,-0.003781225625
44,74,0.006881187,-0.003781225625
44,75,0.002830117,-0.003781225625
44,76,-0.010151847,0.0226181913333333
44,77,0.014253551,-0.01861767
44,78,0.000465516,0.0226181913333333
44,79,0.005992172,-0.003781225625
44,80,0.010736761,-0.003781225625
44,81,0.004165555,0.0226181913333333
44,82,0.003128196,-0.003781225625
44,83,-0.001644294,0.0226181913333333
44,84,-0.002221212,-0.01861767
44,85,-0.007652558,-0.01861767
44,86,-0.011377315,-0.01861767
44,87,-0.001439076,-0.01861767
44,88,-0.001827509,-0.01861767
44,89,-0.015299989,-0.01861767
44,90,0.005590222,0.0171073698
44,91,0.000366897,-0.003781225625
44,92,-0.009088137,-0.003781225625
44,93,0.000543172,0.0171073698
44,94,-0.004997913,0.0226181913333333
44,95,0.015463595,-0.01861767
44,96,0.011647698,-0.003781225625
44,97,0.002133719,-0.003781225625
44,98,0.002951206,-0.003781225625
44,99,0.001068524,0.0226181913333333
44,100,-0.007649549,0.0226181913333333
44,101,0.000968207,-0.01861767
44,102,-0.000892236,-0.003781225625
44,103,0.005150131,-0.003781225625
44,104,0.002970905,-0.003781225625
44,105,-0.005433699,-0.003781225625
44,106,-0.005280788,-0.01861767
44,107,0.003626423,-0.01861767
44,108,-0.003564993,-0.003781225625
44,109,0.009468899,-0.01861767
44,110,0.00132698,-0.003781225625
44,111,-0.000207937,0.0226181913333333
44,112,-0.002474851,-0.003781225625
44,113,-0.002416689,-0.01861767
44,114,-0.000195527,-0.01861767
44,115,0.007861466,-0.003781225625
44,116,0.00331358,-0.003781225625
44,117,0.002789387,-0.003781225625
44,118,0.00816767,-0.003781225625
44,119,0.004238755,0.0226181913333333
44,120,-0.001180117,-0.003781225625
44,121,-0.002646026,-0.01861767
44,122,-0.00681971,-0.01861767
44,123,-0.00670868,-0.01861767
44,124,0.004772614,-0.01861767
44,125,0.011872228,-0.003781225625
44,126,-0.002109322,-0.003781225625
44,127,0.00023762,-0.01861767
44,128,-0.004536707,0.0226181913333333
44,129,0.002405877,-0.01861767
44,130,0.001085768,-0.003781225625
44,131,-0.010442022,-0.003781225625
45,1,0.002228034,0.00642600055555556
45,2,0.003910511,0.00642600055555556
45,3,0.003616272,0.00642600055555556
45,4,-0.004870161,0.00642600055555556
45,5,-0.006472779,-0.013577818375
45,6,0.000105052,-0.013577818375
45,7,0.007196694,-0.013577818375
45,8,0.008880124,0.00642600055555556
45,9,0.00618863,0.00642600055555556
45,10,0.007336415,0.00642600055555556
45,11,0.002304461,0.00642600055555556
45,12,0.002006969,0.00642600055555556
45,13,0.000772417,0.00642600055555556
45,14,0.001432271,-0.013577818375
45,15,-0.003294977,0.00642600055555556
45,16,0.015749215,-0.013577818375
45,17,-0.002498259,0.00642600055555556
45,18,0.00157399,-0.013577818375
45,19,-0.000640049,0.00642600055555556
45,20,-0.001846139,-0.013577818375
45,21,0.003611527,-0.013577818375
45,22,-0.009966402,0.00642600055555556
45,23,-0.01411308,-0.013577818375
45,24,-0.005318878,-0.013577818375
45,25,0.004725268,-0.013577818375
45,26,0.003266443,0.00642600055555556
45,27,0.004805849,0.019152316
45,28,0.000130577,0.00642600055555556
45,29,0.00113875,-0.013577818375
45,30,-0.002496244,-0.02984694675
45,31,-0.00146846,-0.02984694675
45,32,-0.00973058,-0.02984694675
45,33,-0.009662437,-0.013577818375
45,34,-0.000755376,-0.013577818375
45,35,0.005080761,-0.013577818375
45,36,0.00200541,0.00642600055555556
45,37,0.014404659,0.00642600055555556
45,38,0.003654103,0.00642600055555556
45,39,0.005049774,0.00642600055555556
45,40,0.007314074,0.00642600055555556
45,41,-0.001896565,0.00642600055555556
45,42,-0.003641465,-0.013577818375
45,43,0.022418509,-0.013577818375
45,44,0.000165775,0.00642600055555556
45,45,0.003323194,-0.013577818375
45,46,-0.004882582,0.00642600055555556
45,47,0.003106736,-0.013577818375
45,48,0.006771126,0.00642600055555556
45,49,0.000791961,0.00642600055555556
45,50,0.000318169,-0.013577818375
45,51,-0.000237889,-0.013577818375
45,52,0.001377145,-0.013577818375
45,53,0.005533577,0.00642600055555556
45,54,-0.00096579,0.00642600055555556
45,55,0.006145259,-0.013577818375
45,56,0.00351221,0.00642600055555556
45,57,0.005174924,0.00642600055555556
45,58,0.004925464,0.00642600055555556
45,59,0.003481782,0.00642600055555556
45,60,0.004954263,0.00642600055555556
45,61,-0.005292131,0.00642600055555556
45,62,0.000977497,-0.013577818375
45,63,0.003226381,-0.013577818375
45,64,-0.004085144,0.00642600055555556
45,65,0.011802246,-0.013577818375
45,66,0.005034855,0.00642600055555556
45,67,-0.003161803,0.00642600055555556
45,68,-0.005227974,-0.013577818375
45,69,-0.00603372,-0.02984694675
45,70,0.000442375,-0.013577818375
45,71,0.004984867,-0.013577818375
45,72,8.92e-05,0.00642600055555556
45,73,0.006881187,-0.013577818375
45,74,0.002830117,0.00642600055555556
45,75,-0.010151847,0.00642600055555556
45,76,0.014253551,-0.02984694675
45,77,0.000465516,0.00642600055555556
45,78,0.005992172,-0.013577818375
45,79,0.010736761,0.00642600055555556
45,80,0.004165555,0.00642600055555556
45,81,0.003128196,0.00642600055555556
45,82,-0.001644294,0.00642600055555556
45,83,-0.002221212,-0.02984694675
45,84,-0.007652558,-0.013577818375
45,85,-0.011377315,-0.013577818375
45,86,-0.001439076,-0.013577818375
45,87,-0.001827509,-0.013577818375
45,88,-0.015299989,-0.013577818375
45,89,0.005590222,0.019152316
45,90,0.000366897,0.00642600055555556
45,91,-0.009088137,-0.013577818375
45,92,0.000543172,0.019152316
45,93,-0.004997913,-0.02984694675
45,94,0.015463595,-0.013577818375
45,95,0.011647698,0.00642600055555556
45,96,0.002133719,0.00642600055555556
45,97,0.002951206,0.00642600055555556
45,98,0.001068524,0.00642600055555556
45,99,-0.007649549,-0.02984694675
45,100,0.000968207,-0.013577818375
45,101,-0.000892236,-0.02984694675
45,102,0.005150131,-0.013577818375
45,103,0.002970905,0.00642600055555556
45,104,-0.005433699,0.00642600055555556
45,105,-0.005280788,-0.013577818375
45,106,0.003626423,-0.013577818375
45,107,-0.003564993,0.00642600055555556
45,108,0.009468899,-0.013577818375
45,109,0.00132698,0.00642600055555556
45,110,-0.000207937,0.00642600055555556
45,111,-0.002474851,-0.013577818375
45,112,-0.002416689,-0.02984694675
45,113,-0.000195527,-0.02984694675
45,114,0.007861466,-0.013577818375
45,115,0.00331358,0.00642600055555556
45,116,0.002789387,0.00642600055555556
45,117,0.00816767,0.00642600055555556
45,118,0.004238755,0.00642600055555556
45,119,-0.001180117,0.00642600055555556
45,120,-0.002646026,-0.013577818375
45,121,-0.00681971,-0.013577818375
45,122,-0.00670868,-0.013577818375
45,123,0.004772614,-0.013577818375
45,124,0.011872228,0.00642600055555556
45,125,-0.002109322,0.00642600055555556
45,126,0.00023762,-0.013577818375
45,127,-0.004536707,-0.013577818375
45,128,0.002405877,-0.013577818375
45,129,0.001085768,0.00642600055555556
45,130,-0.010442022,-0.02984694675
45,131,-0.006853521,-0.013577818375
46,1,0.000105052,-0.0114908484285714
46,2,0.007196694,-0.0114908484285714
46,3,0.008880124,0.00325942042857143
46,4,0.00618863,0.00325942042857143
46,5,0.007336415,-0.02992202
46,6,0.002304461,0.00325942042857143
46,7,0.002006969,-0.0114908484285714
46,8,0.000772417,-0.0114908484285714
46,9,0.001432271,-0.0114908484285714
46,10,-0.003294977,-0.0114908484285714
46,11,0.015749215,-0.0114908484285714
46,12,-0.002498259,0.00325942042857143
46,13,0.00157399,-0.0114908484285714
46,14,-0.000640049,-0.0114908484285714
46,15,-0.001846139,-0.0114908484285714
46,16,0.003611527,-0.02992202
46,17,-0.009966402,-0.0114908484285714
46,18,-0.01411308,-0.02992202
46,19,-0.005318878,-0.0114908484285714
46,20,0.004725268,-0.02992202
46,21,0.003266443,-0.02992202
46,22,0.004805849,0.0185493326666667
46,23,0.000130577,-0.02992202
46,24,0.00113875,-0.02992202
46,25,-0.002496244,-0.02992202
46,26,-0.00146846,-0.0114908484285714
46,27,-0.00973058,-0.0114908484285714
46,28,-0.009662437,-0.0114908484285714
46,29,-0.000755376,-0.0114908484285714
46,30,0.005080761,-0.0114908484285714
46,31,0.00200541,-0.02992202
46,32,0.014404659,-0.02992202
46,33,0.003654103,0.00325942042857143
46,34,0.005049774,-0.02992202
46,35,0.007314074,-0.02992202
46,36,-0.001896565,0.00325942042857143
46,37,-0.003641465,-0.0114908484285714
46,38,0.022418509,-0.0114908484285714
46,39,0.000165775,0.00325942042857143
46,40,0.003323194,-0.0114908484285714
46,41,-0.004882582,0.019110343
46,42,0.003106736,-0.02992202
46,43,0.006771126,-0.02992202
46,44,0.000791961,0.00325942042857143
46,45,0.000318169,-0.0114908484285714
46,46,-0.000237889,-0.0114908484285714
46,47,0.001377145,-0.02992202
46,48,0.005533577,-0.0114908484285714
46,49,-0.00096579,-0.0114908484285714
46,50,0.006145259,-0.0114908484285714
46,51,0.00351221,-0.0114908484285714
46,52,0.005174924,-0.0114908484285714
46,53,0.004925464,-0.0114908484285714
46,54,0.003481782,-0.0114908484285714
46,55,0.004954263,-0.02992202
46,56,-0.005292131,-0.0114908484285714
46,57,0.000977497,-0.0114908484285714
46,58,0.003226381,-0.0114908484285714
46,59,-0.004085144,-0.0114908484285714
46,60,0.011802246,-0.0114908484285714
46,61,0.005034855,0.00325942042857143
46,62,-0.003161803,-0.02992202
46,63,-0.005227974,-0.0114908484285714
46,64,-0.00603372,-0.0114908484285714
46,65,0.000442375,-0.02992202
46,66,0.004984867,-0.0114908484285714
46,67,8.92e-05,-0.0114908484285714
46,68,0.006881187,-0.02992202
46,69,0.002830117,0.00325942042857143
46,70,-0.010151847,-0.02992202
46,71,0.014253551,-0.0114908484285714
46,72,0.000465516,0.00325942042857143
46,73,0.005992172,-0.0114908484285714
46,74,0.010736761,-0.0114908484285714
46,75,0.004165555,0.00325942042857143
46,76,0.003128196,-0.02992202
46,77,-0.001644294,-0.0114908484285714
46,78,-0.002221212,-0.0114908484285714
46,79,-0.007652558,-0.0114908484285714
46,80,-0.011377315,-0.0114908484285714
46,81,-0.001439076,-0.0114908484285714
46,82,-0.001827509,-0.0114908484285714
46,83,-0.015299989,-0.02992202
46,84,0.005590222,0.0185493326666667
46,85,0.000366897,-0.02992202
46,86,-0.009088137,-0.02992202
46,87,0.000543172,0.0185493326666667
46,88,-0.004997913,-0.02992202
46,89,0.015463595,-0.02992202
46,90,0.011647698,0.00325942042857143
46,91,0.002133719,0.00325942042857143
46,92,0.002951206,-0.02992202
46,93,0.001068524,-0.0114908484285714
46,94,-0.007649549,-0.02992202
46,95,0.000968207,-0.0114908484285714
46,96,-0.000892236,-0.0114908484285714
46,97,0.005150131,-0.0114908484285714
46,98,0.002970905,-0.0114908484285714
46,99,-0.005433699,-0.0114908484285714
46,100,-0.005280788,-0.02992202
46,101,0.003626423,-0.0114908484285714
46,102,-0.003564993,-0.02992202
46,103,0.009468899,-0.0114908484285714
46,104,0.00132698,0.00325942042857143
46,105,-0.000207937,-0.02992202
46,106,-0.002474851,-0.02992202
46,107,-0.002416689,-0.0114908484285714
46,108,-0.000195527,-0.02992202
46,109,0.007861466,-0.0114908484285714
46,110,0.00331358,0.00325942042857143
46,111,0.002789387,-0.0114908484285714
46,112,0.00816767,-0.02992202
46,113,0.004238755,0.00325942042857143
46,114,-0.001180117,-0.0114908484285714
46,115,-0.002646026,-0.0114908484285714
46,116,-0.00681971,-0.0114908484285714
46,117,-0.00670868,-0.0114908484285714
46,118,0.004772614,-0.0114908484285714
46,119,0.011872228,-0.0114908484285714
46,120,-0.002109322,0.00325942042857143
46,121,0.00023762,-0.02992202
46,122,-0.004536707,-0.02992202
46,123,0.002405877,-0.02992202
46,124,0.001085768,-0.0114908484285714
46,125,-0.010442022,-0.0114908484285714
46,126,-0.006853521,-0.02992202
46,127,-0.001144755,-0.0114908484285714
46,128,-0.000885489,-0.02992202
46,129,0.005018525,-0.0114908484285714
46,130,-0.001148903,-0.0114908484285714
46,131,-0.009911919,-0.02992202
47,1,0.002304461,0.0130540048
47,2,0.002006969,0.0130540048
47,3,0.000772417,-0.02984694675
47,4,0.001432271,0.0130540048
47,5,-0.003294977,-0.0149983724285714
47,6,0.015749215,-0.0149983724285714
47,7,-0.002498259,0.00700511125
47,8,0.00157399,-0.0149983724285714
47,9,-0.000640049,-0.0149983724285714
47,10,-0.001846139,0.0130540048
47,11,0.003611527,-0.0149983724285714
47,12,-0.009966402,-0.0149983724285714
47,13,-0.01411308,-0.0149983724285714
47,14,-0.005318878,-0.0149983724285714
47,15,0.004725268,-0.0149983724285714
47,16,0.003266443,0.0118204945
47,17,0.004805849,0.0118204945
47,18,0.000130577,-0.0149983724285714
47,19,0.00113875,-0.0149983724285714
47,20,-0.002496244,-0.02984694675
47,21,-0.00146846,-0.02984694675
47,22,-0.00973058,-0.02984694675
47,23,-0.009662437,-0.0149983724285714
47,24,-0.000755376,-0.0149983724285714
47,25,0.005080761,-0.0149983724285714
47,26,0.00200541,0.0118204945
47,27,0.014404659,0.0118204945
47,28,0.003654103,0.00700511125
47,29,0.005049774,-0.0149983724285714
47,30,0.007314074,-0.02984694675
47,31,-0.001896565,0.0130540048
47,32,-0.003641465,-0.0149983724285714
47,33,0.022418509,-0.0149983724285714
47,34,0.000165775,0.0130540048
47,35,0.003323194,-0.0149983724285714
47,36,-0.004882582,-0.0149983724285714
47,37,0.003106736,0.0130540048
47,38,0.006771126,-0.0149983724285714
47,39,0.000791961,0.00700511125
47,40,0.000318169,-0.0149983724285714
47,41,-0.000237889,-0.0149983724285714
47,42,0.001377145,0.0130540048
47,43,0.005533577,-0.0149983724285714
47,44,-0.00096579,-0.02984694675
47,45,0.006145259,-0.0149983724285714
47,46,0.00351221,0.00700511125
47,47,0.005174924,-0.0149983724285714
47,48,0.004925464,-0.0149983724285714
47,49,0.003481782,-0.0149983724285714
47,50,0.004954263,-0.0149983724285714
47,51,-0.005292131,-0.0149983724285714
47,52,0.000977497,-0.0149983724285714
47,53,0.003226381,-0.0149983724285714
47,54,-0.004085144,-0.0149983724285714
47,55,0.011802246,-0.0149983724285714
47,56,0.005034855,0.00700511125
47,57,-0.003161803,-0.0149983724285714
47,58,-0.005227974,-0.0149983724285714
47,59,-0.00603372,0.0130540048
47,60,0.000442375,-0.0149983724285714
47,61,0.004984867,-0.0149983724285714
47,62,8.92e-05,-0.0149983724285714
47,63,0.006881187,-0.0149983724285714
47,64,0.002830117,0.00700511125
47,65,-0.010151847,-0.0149983724285714
47,66,0.014253551,-0.02984694675
47,67,0.000465516,0.0130540048
47,68,0.005992172,-0.0149983724285714
47,69,0.010736761,0.0118204945
47,70,0.004165555,0.0130540048
47,71,0.003128196,-0.0149983724285714
47,72,-0.001644294,-0.0149983724285714
47,73,-0.002221212,0.0130540048
47,74,-0.007652558,-0.0149983724285714
47,75,-0.011377315,-0.0149983724285714
47,76,-0.001439076,-0.0149983724285714
47,77,-0.001827509,-0.0149983724285714
47,78,-0.015299989,0.0118204945
47,79,0.005590222,0.0118204945
47,80,0.000366897,-0.0149983724285714
47,81,-0.009088137,-0.0149983724285714
47,82,0.000543172,0.0118204945
47,83,-0.004997913,-0.02984694675
47,84,0.015463595,-0.0149983724285714
47,85,0.011647698,0.0118204945
47,86,0.002133719,0.00700511125
47,87,0.002951206,-0.0149983724285714
47,88,0.001068524,0.0130540048
47,89,-0.007649549,0.0130540048
47,90,0.000968207,-0.0149983724285714
47,91,-0.000892236,-0.02984694675
47,92,0.005150131,-0.0149983724285714
47,93,0.002970905,0.0118204945
47,94,-0.005433699,-0.0149983724285714
47,95,-0.005280788,-0.0149983724285714
47,96,0.003626423,-0.0149983724285714
47,97,-0.003564993,-0.02984694675
47,98,0.009468899,-0.0149983724285714
47,99,0.00132698,0.00700511125
47,100,-0.000207937,-0.0149983724285714
47,101,-0.002474851,-0.0149983724285714
47,102,-0.002416689,0.0130540048
47,103,-0.000195527,-0.02984694675
47,104,0.007861466,-0.0149983724285714
47,105,0.00331358,0.00700511125
47,106,0.002789387,-0.0149983724285714
47,107,0.00816767,-0.0149983724285714
47,108,0.004238755,0.0130540048
47,109,-0.001180117,-0.0149983724285714
47,110,-0.002646026,-0.0149983724285714
47,111,-0.00681971,0.0130540048
47,112,-0.00670868,-0.0149983724285714
47,113,0.004772614,-0.0149983724285714
47,114,0.011872228,-0.0149983724285714
47,115,-0.002109322,0.00700511125
47,116,0.00023762,-0.0149983724285714
47,117,-0.004536707,-0.0149983724285714
47,118,0.002405877,0.0130540048
47,119,0.001085768,-0.02984694675
47,120,-0.010442022,-0.02984694675
47,121,-0.006853521,-0.0149983724285714
47,122,-0.001144755,-0.0149983724285714
47,123,-0.000885489,-0.0149983724285714
47,124,0.005018525,0.0118204945
47,125,-0.001148903,0.0118204945
47,126,-0.009911919,-0.0149983724285714
47,127,-0.005788719,-0.0149983724285714
47,128,0.006223865,-0.02984694675
47,129,0.003631322,0.00700511125
47,130,0.000476055,0.0118204945
47,131,-0.003184935,-0.0149983724285714
48,1,0.015749215,0.0143412437142857
48,2,-0.002498259,0.0143412437142857
48,3,0.00157399,0.0143412437142857
48,4,-0.000640049,-0.00613679483333333
48,5,-0.001846139,0.0143412437142857
48,6,0.003611527,-0.00613679483333333
48,7,-0.009966402,0.0143412437142857
48,8,-0.01411308,0.0143412437142857
48,9,-0.005318878,-0.01971765625
48,10,0.004725268,0.0143412437142857
48,11,0.003266443,-0.01971765625
48,12,0.004805849,-0.00613679483333333
48,13,0.000130577,-0.00613679483333333
48,14,0.00113875,0.0143412437142857
48,15,-0.002496244,0.0143412437142857
48,16,-0.00146846,-0.01971765625
48,17,-0.00973058,-0.01971765625
48,18,-0.009662437,-0.01971765625
48,19,-0.000755376,-0.00613679483333333
48,20,0.005080761,0.0143412437142857
48,21,0.00200541,-0.00613679483333333
48,22,0.014404659,-0.00613679483333333
48,23,0.003654103,0.0143412437142857
48,24,0.005049774,-0.01971765625
48,25,0.007314074,0.0143412437142857
48,26,-0.001896565,-0.01971765625
48,27,-0.003641465,-0.01971765625
48,28,0.022418509,0.0143412437142857
48,29,0.000165775,0.0143412437142857
48,30,0.003323194,0.0143412437142857
48,31,-0.004882582,-0.00613679483333333
48,32,0.003106736,0.0143412437142857
48,33,0.006771126,0.0143412437142857
48,34,0.000791961,0.0143412437142857
48,35,0.000318169,-0.00613679483333333
48,36,-0.000237889,-0.01971765625
48,37,0.001377145,0.0143412437142857
48,38,0.005533577,0.0143412437142857
48,39,-0.00096579,0.0143412437142857
48,40,0.006145259,-0.01971765625
48,41,0.00351221,0.0143412437142857
48,42,0.005174924,0.0143412437142857
48,43,0.004925464,0.0143412437142857
48,44,0.003481782,0.0143412437142857
48,45,0.004954263,0.0143412437142857
48,46,-0.005292131,0.0143412437142857
48,47,0.000977497,0.0143412437142857
48,48,0.003226381,0.0143412437142857
48,49,-0.004085144,0.0143412437142857
48,50,0.011802246,-0.00613679483333333
48,51,0.005034855,0.0143412437142857
48,52,-0.003161803,0.0143412437142857
48,53,-0.005227974,-0.00613679483333333
48,54,-0.00603372,0.0143412437142857
48,55,0.000442375,-0.01971765625
48,56,0.004984867,-0.00613679483333333
48,57,8.92e-05,-0.00613679483333333
48,58,0.006881187,-0.01971765625
48,59,0.002830117,0.0143412437142857
48,60,-0.010151847,0.0143412437142857
48,61,0.014253551,-0.01971765625
48,62,0.000465516,-0.01971765625
48,63,0.005992172,-0.01971765625
48,64,0.010736761,-0.00613679483333333
48,65,0.004165555,0.0143412437142857
48,66,0.003128196,0.0143412437142857
48,67,-0.001644294,0.0143412437142857
48,68,-0.002221212,0.0143412437142857
48,69,-0.007652558,-0.01971765625
48,70,-0.011377315,0.0143412437142857
48,71,-0.001439076,0.0143412437142857
48,72,-0.001827509,-0.00613679483333333
48,73,-0.015299989,-0.00613679483333333
48,74,0.005590222,-0.00613679483333333
48,75,0.000366897,0.0143412437142857
48,76,-0.009088137,0.0143412437142857
48,77,0.000543172,-0.00613679483333333
48,78,-0.004997913,0.000252775
48,79,0.015463595,-0.01971765625
48,80,0.011647698,-0.00613679483333333
48,81,0.002133719,0.0143412437142857
48,82,0.002951206,-0.01971765625
48,83,0.001068524,0.0143412437142857
48,84,-0.007649549,0.0143412437142857
48,85,0.000968207,-0.01971765625
48,86,-0.000892236,0.0143412437142857
48,87,0.005150131,-0.01971765625
48,88,0.002970905,-0.00613679483333333
48,89,-0.005433699,0.0143412437142857
48,90,-0.005280788,0.0143412437142857
48,91,0.003626423,0.0143412437142857
48,92,-0.003564993,0.0143412437142857
48,93,0.009468899,-0.01971765625
48,94,0.00132698,-0.00613679483333333
48,95,-0.000207937,0.0143412437142857
48,96,-0.002474851,-0.00613679483333333
48,97,-0.002416689,0.0143412437142857
48,98,-0.000195527,-0.01971765625
48,99,0.007861466,-0.01971765625
48,100,0.00331358,-0.00613679483333333
48,101,0.002789387,-0.01971765625
48,102,0.00816767,0.0143412437142857
48,103,0.004238755,0.0143412437142857
48,104,-0.001180117,0.0143412437142857
48,105,-0.002646026,-0.01971765625
48,106,-0.00681971,-0.01971765625
48,107,-0.00670868,0.0143412437142857
48,108,0.004772614,0.0143412437142857
48,109,0.011872228,-0.00613679483333333
48,110,-0.002109322,-0.00613679483333333
48,111,0.00023762,-0.00613679483333333
48,112,-0.004536707,0.0143412437142857
48,113,0.002405877,0.0143412437142857
48,114,0.001085768,-0.01971765625
48,115,-0.010442022,-0.01971765625
48,116,-0.006853521,-0.01971765625
48,117,-0.001144755,0.0143412437142857
48,118,-0.000885489,0.0143412437142857
48,119,0.005018525,-0.00613679483333333
48,120,-0.001148903,-0.00613679483333333
48,121,-0.009911919,0.000252775
48,122,-0.005788719,0.0143412437142857
48,123,0.006223865,0.0143412437142857
48,124,0.003631322,-0.01971765625
48,125,0.000476055,-0.01971765625
48,126,-0.003184935,-0.00613679483333333
48,127,-0.00334572,0.0143412437142857
48,128,-0.004498994,0.0143412437142857
48,129,-0.014248555,0.0143412437142857
48,130,-0.014759632,-0.01971765625
48,131,0.003930882,-0.01971765625
49,1,-0.000640049,-0.0122607398
49,2,-0.001846139,0.00570847714285714
49,3,0.003611527,-0.0122607398
49,4,-0.009966402,-0.0122607398
49,5,-0.01411308,0.00570847714285714
49,6,-0.005318878,-0.00206540233333333
49,7,0.004725268,-0.0122607398
49,8,0.003266443,-0.0241841015714286
49,9,0.004805849,0.0121161634
49,10,0.000130577,0.00570847714285714
49,11,0.00113875,0.00570847714285714
49,12,-0.002496244,-0.0122607398
49,13,-0.00146846,-0.0241841015714286
49,14,-0.00973058,-0.0241841015714286
49,15,-0.009662437,-0.0241841015714286
49,16,-0.000755376,-0.0122607398
49,17,0.005080761,-0.0122607398
49,18,0.00200541,-0.0122607398
49,19,0.014404659,0.00570847714285714
49,20,0.003654103,0.00570847714285714
49,21,0.005049774,-0.0241841015714286
49,22,0.007314074,0.00570847714285714
49,23,-0.001896565,-0.00206540233333333
49,24,-0.003641465,-0.00206540233333333
49,25,0.022418509,-0.0122607398
49,26,0.000165775,-0.0122607398
49,27,0.003323194,0.00570847714285714
49,28,-0.004882582,-0.0122607398
49,29,0.003106736,0.00570847714285714
49,30,0.006771126,-0.0122607398
49,31,0.000791961,0.00570847714285714
49,32,0.000318169,0.00570847714285714
49,33,-0.000237889,-0.00206540233333333
49,34,0.001377145,-0.0122607398
49,35,0.005533577,-0.0122607398
49,36,-0.00096579,0.00570847714285714
49,37,0.006145259,-0.0241841015714286
49,38,0.00351221,-0.0122607398
49,39,0.005174924,0.00570847714285714
49,40,0.004925464,0.00570847714285714
49,41,0.003481782,0.00570847714285714
49,42,0.004954263,0.00570847714285714
49,43,-0.005292131,0.00570847714285714
49,44,0.000977497,0.00570847714285714
49,45,0.003226381,-0.0122607398
49,46,-0.004085144,0.00570847714285714
49,47,0.011802246,0.00570847714285714
49,48,0.005034855,-0.0122607398
49,49,-0.003161803,0.00570847714285714
49,50,-0.005227974,0.00570847714285714
49,51,-0.00603372,-0.0122607398
49,52,0.000442375,-0.0241841015714286
49,53,0.004984867,-0.0122607398
49,54,8.92e-05,-0.0122607398
49,55,0.006881187,-0.0241841015714286
49,56,0.002830117,-0.0122607398
49,57,-0.010151847,0.00570847714285714
49,58,0.014253551,-0.00206540233333333
49,59,0.000465516,-0.00206540233333333
49,60,0.005992172,-0.0241841015714286
49,61,0.010736761,-0.0122607398
49,62,0.004165555,0.00570847714285714
49,63,0.003128196,0.00570847714285714
49,64,-0.001644294,0.00570847714285714
49,65,-0.002221212,0.00570847714285714
49,66,-0.007652558,-0.00206540233333333
49,67,-0.011377315,-0.0122607398
49,68,-0.001439076,-0.0122607398
49,69,-0.001827509,-0.0122607398
49,70,-0.015299989,-0.0122607398
49,71,0.005590222,0.0121161634
49,72,0.000366897,-0.0122607398
49,73,-0.009088137,0.00570847714285714
49,74,0.000543172,0.0121161634
49,75,-0.004997913,-0.0241841015714286
49,76,0.015463595,-0.0241841015714286
49,77,0.011647698,-0.0122607398
49,78,0.002133719,0.00570847714285714
49,79,0.002951206,-0.00206540233333333
49,80,0.001068524,0.00570847714285714
49,81,-0.007649549,0.00570847714285714
49,82,0.000968207,-0.00206540233333333
49,83,-0.000892236,-0.0122607398
49,84,0.005150131,-0.0241841015714286
49,85,0.002970905,-0.0122607398
49,86,-0.005433699,0.00570847714285714
49,87,-0.005280788,0.00570847714285714
49,88,0.003626423,-0.0122607398
49,89,-0.003564993,-0.0122607398
49,90,0.009468899,-0.0241841015714286
49,91,0.00132698,-0.0122607398
49,92,-0.000207937,0.00570847714285714
49,93,-0.002474851,0.00570847714285714
49,94,-0.002416689,-0.0122607398
49,95,-0.000195527,-0.0241841015714286
49,96,0.007861466,-0.0241841015714286
49,97,0.00331358,-0.0122607398
49,98,0.002789387,-0.0241841015714286
49,99,0.00816767,0.00570847714285714
49,100,0.004238755,0.00570847714285714
49,101,-0.001180117,0.00570847714285714
49,102,-0.002646026,-0.00206540233333333
49,103,-0.00681971,-0.00206540233333333
49,104,-0.00670868,-0.0122607398
49,105,0.004772614,-0.0122607398
49,106,0.011872228,-0.0122607398
49,107,-0.002109322,0.00570847714285714
49,108,0.00023762,0.00570847714285714
49,109,-0.004536707,-0.0122607398
49,110,0.002405877,-0.0122607398
49,111,0.001085768,-0.0241841015714286
49,112,-0.010442022,-0.0241841015714286
49,113,-0.006853521,-0.0241841015714286
49,114,-0.001144755,-0.0122607398
49,115,-0.000885489,-0.0122607398
49,116,0.005018525,-0.0241841015714286
49,117,-0.001148903,-0.0122607398
49,118,-0.009911919,-0.0241841015714286
49,119,-0.005788719,-0.0122607398
49,120,0.006223865,-0.0122607398
49,121,0.003631322,-0.0241841015714286
49,122,0.000476055,-0.0241841015714286
49,123,-0.003184935,0.00570847714285714
49,124,-0.00334572,-0.0122607398
49,125,-0.004498994,-0.0122607398
49,126,-0.014248555,-0.0122607398
49,127,-0.014759632,-0.0241841015714286
49,128,0.003930882,-0.0241841015714286
49,129,0.013448054,-0.0122607398
49,130,-0.001430447,0.0121161634
49,131,0.003038986,0.0121161634
50,1,-0.009966402,-0.00559761985714286
50,2,-0.01411308,-0.0117914515
50,3,-0.005318878,-0.0117914515
50,4,0.004725268,-0.0117914515
50,5,0.003266443,0.01339720425
50,6,0.004805849,0.0116475752
50,7,0.000130577,-0.00559761985714286
50,8,0.00113875,-0.0117914515
50,9,-0.002496244,-0.0268225568
50,10,-0.00146846,-0.0268225568
50,11,-0.00973058,-0.0268225568
50,12,-0.009662437,-0.0117914515
50,13,-0.000755376,-0.0117914515
50,14,0.005080761,-0.0117914515
50,15,0.00200541,-0.00559761985714286
50,16,0.014404659,-0.00559761985714286
50,17,0.003654103,-0.00559761985714286
50,18,0.005049774,-0.00559761985714286
50,19,0.007314074,-0.00559761985714286
50,20,-0.001896565,-0.00559761985714286
50,21,-0.003641465,-0.0117914515
50,22,0.022418509,-0.0117914515
50,23,0.000165775,0.01339720425
50,24,0.003323194,-0.0117914515
50,25,-0.004882582,-0.00559761985714286
50,26,0.003106736,-0.0117914515
50,27,0.006771126,0.01339720425
50,28,0.000791961,-0.00559761985714286
50,29,0.000318169,-0.0268225568
50,30,-0.000237889,-0.0117914515
50,31,0.001377145,-0.0117914515
50,32,0.005533577,-0.00559761985714286
50,33,-0.00096579,-0.00559761985714286
50,34,0.006145259,-0.0117914515
50,35,0.00351221,-0.00559761985714286
50,36,0.005174924,-0.00559761985714286
50,37,0.004925464,-0.00559761985714286
50,38,0.003481782,-0.00559761985714286
50,39,0.004954263,-0.00559761985714286
50,40,-0.005292131,-0.00559761985714286
50,41,0.000977497,-0.0117914515
50,42,0.003226381,-0.0117914515
50,43,-0.004085144,-0.00559761985714286
50,44,0.011802246,-0.0117914515
50,45,0.005034855,0.01339720425
50,46,-0.003161803,-0.00559761985714286
50,47,-0.005227974,-0.0117914515
50,48,-0.00603372,-0.0268225568
50,49,0.000442375,-0.0117914515
50,50,0.004984867,-0.0117914515
50,51,8.92e-05,-0.00559761985714286
50,52,0.006881187,-0.0117914515
50,53,0.002830117,-0.00559761985714286
50,54,-0.010151847,-0.00559761985714286
50,55,0.014253551,-0.0268225568
50,56,0.000465516,0.01339720425
50,57,0.005992172,-0.0117914515
50,58,0.010736761,-0.00559761985714286
50,59,0.004165555,-0.00559761985714286
50,60,0.003128196,-0.00559761985714286
50,61,-0.001644294,-0.00559761985714286
50,62,-0.002221212,-0.0268225568
50,63,-0.007652558,-0.0117914515
50,64,-0.011377315,-0.0117914515
50,65,-0.001439076,-0.0117914515
50,66,-0.001827509,-0.0117914515
50,67,-0.015299989,-0.0117914515
50,68,0.005590222,0.0116475752
50,69,0.000366897,0.01339720425
50,70,-0.009088137,-0.0117914515
50,71,0.000543172,0.0116475752
50,72,-0.004997913,-0.0268225568
50,73,0.015463595,-0.0117914515
50,74,0.011647698,0.01339720425
50,75,0.002133719,-0.00559761985714286
50,76,0.002951206,-0.00559761985714286
50,77,0.001068524,-0.00559761985714286
50,78,-0.007649549,-0.0268225568
50,79,0.000968207,-0.0117914515
50,80,-0.000892236,-0.0268225568
50,81,0.005150131,-0.0117914515
50,82,0.002970905,-0.00559761985714286
50,83,-0.005433699,-0.00559761985714286
50,84,-0.005280788,-0.0117914515
50,85,0.003626423,-0.0117914515
50,86,-0.003564993,0.01339720425
50,87,0.009468899,-0.0117914515
50,88,0.00132698,0.01339720425
50,89,-0.000207937,-0.00559761985714286
50,90,-0.002474851,-0.0117914515
50,91,-0.002416689,-0.0268225568
50,92,-0.000195527,-0.0268225568
50,93,0.007861466,-0.0117914515
50,94,0.00331358,-0.00559761985714286
50,95,0.002789387,-0.00559761985714286
50,96,0.00816767,-0.00559761985714286
50,97,0.004238755,-0.00559761985714286
50,98,-0.001180117,-0.00559761985714286
50,99,-0.002646026,-0.0117914515
50,100,-0.00681971,-0.0117914515
50,101,-0.00670868,-0.0117914515
50,102,0.004772614,-0.0117914515
50,103,0.011872228,0.01339720425
50,104,-0.002109322,-0.00559761985714286
50,105,0.00023762,-0.0117914515
50,106,-0.004536707,-0.0117914515
50,107,0.002405877,-0.0117914515
50,108,0.001085768,0.01339720425
50,109,-0.010442022,-0.0268225568
50,110,-0.006853521,-0.0117914515
50,111,-0.001144755,-0.0117914515
50,112,-0.000885489,-0.0117914515
50,113,0.005018525,-0.0117914515
50,114,-0.001148903,-0.00559761985714286
50,115,-0.009911919,-0.0117914515
50,116,-0.005788719,-0.0117914515
50,117,0.006223865,-0.0268225568
50,118,0.003631322,0.01339720425
50,119,0.000476055,-0.00559761985714286
50,120,-0.003184935,-0.0117914515
50,121,-0.00334572,-0.0117914515
50,122,-0.004498994,-0.0117914515
50,123,-0.014248555,-0.0268225568
50,124,-0.014759632,-0.0268225568
50,125,0.003930882,-0.0117914515
50,126,0.013448054,0.01339720425
50,127,-0.001430447,0.0116475752
50,128,0.003038986,0.0116475752
50,129,0.001038585,-0.00559761985714286
50,130,0.006937873,-0.0268225568
50,131,-0.000957736,-0.00559761985714286
