"iteration","obs_index","y_true","y_pred"
1,1,0.00685,0.118625984856996
1,2,0.016784,0.103972682589067
1,3,-0.092642,0.0681592805319144
1,4,0.088652,0.198814374656085
1,5,-0.056331,0.140773105433511
1,6,0.049746,0.122413968661792
1,7,0.197141,0.00490359109861417
1,8,-0.190925,-0.257490358549571
1,9,0.064075,-0.0491641770006254
1,10,-0.0199,-0.0463236837834037
1,11,0.117772,-0.0255240476578713
1,12,0.066299,-0.160132936260768
1,13,-0.195271,-0.264753950823158
1,14,-0.017408,-0.00411905168779306
1,15,0.019892,0.167401538063919
1,16,-0.023004,0.154308882593829
1,17,-0.08893,0.118192774854752
1,18,0.013059,0.229487850108163
1,19,0.037304,0.251325728017284
1,20,-0.0876752,0.210728502032341
1,21,0.2692712,0.233064966851236
1,22,-0.131838,-0.155874372736334
1,23,0.029221,-0.0667939571320323
1,24,-0.024258,-0.0566256676257557
1,25,0.046025,-0.0337530162690148
1,26,-0.07275,-0.0784663865640994
1,27,-0.00188000000000002,0.0156401202038646
1,28,-0.008691,0.0449733130563048
1,29,-0.0566,0.105040591183077
1,30,0.0541,0.199958905548902
1,31,-0.022196,0.0984657551238414
1,32,-0.00642099999999998,0.100957878588926
1,33,-0.013658,0.104078913758026
1,34,0.060316,0.107102565066573
1,35,-0.077108,0.0103671326873946
1,36,0.172867,0.080348634417936
1,37,0.119416,-0.130807935847825
1,38,-0.241929,-0.324648399046144
1,39,-0.026104,-0.0242169087566416
1,40,0.040421,0.11233632279018
1,41,-0.090175,0.0950347545333677
1,42,0.114421,0.187020010141505
1,43,-0.014917,0.0391542351357385
1,44,0.062183,0.0431054565278849
1,45,-0.024029,0.0231478470146136
1,46,-0.023366,-0.00895577623996686
1,47,0.028754,-0.0240942007881365
1,48,-0.043558,-0.0310988387077435
1,49,0.046654,0.0158680376521019
1,50,0.184075,-0.0190494058931667
1,51,-0.216413,-0.233895991287547
1,52,0.062804,0.0030978822124002
1,53,-0.074616,0.018334617987351
1,54,-0.0143,0.10509490443881
1,55,0.04787,0.141249726769095
1,56,-0.082083,0.0632475789708073
1,57,0.016175,0.149440823711473
1,58,0.173492,0.190282052565506
1,59,-0.105713,-0.0625009034985734
1,60,-0.027983,-0.0345321046659405
1,61,0.144904,0.0394898334599879
1,62,0.095784,-0.133112041700261
1,63,-0.026763,-0.277859027217952
1,64,-0.18905,-0.268305312573805
1,65,-0.003163,0.0167210719617429
1,66,-0.014874,0.170465672746157
1,67,0.029237,0.200840956770769
1,68,-0.121888,0.102498222531144
1,69,0.034821,0.256927430800897
1,70,-0.036691,0.288204688674975
1,71,-0.002488,0.297066765198362
1,72,0.016179,0.212583362886459
1,73,0.035434,0.118272867010378
1,74,-0.041046,0.0541499720459787
1,75,-0.0317127,0.0834164046656535
1,76,0.0280037,0.109307559481094
1,77,-0.001262,0.061705026166708
1,78,0.076483,0.0499019458703684
1,79,0.027992,-0.0643611800797106
1,80,0.166046,-0.11367924468492
1,81,-0.199629,-0.305531421239473
1,82,0.104479,-0.077683925205345
1,83,0.027979,-0.127243238255428
1,84,-0.181583,-0.157697823648115
1,85,0.11255,0.0884711968627358
1,86,-0.07835,0.0290602599575839
1,87,0.139872,0.131343689421439
1,88,-0.212006,-0.00113397572067741
1,89,0.080842,0.200162107173368
1,90,0.038554,0.137884552409677
1,91,0.080859,0.0857088266972598
1,92,-0.025517,-0.0883788878353552
1,93,-0.042275,-0.102497141886095
1,94,0.1256,-0.00149770001222022
1,95,-0.108821,-0.11815137608482
1,96,0.045899,-0.0243599979467626
1,97,-0.00484499999999999,-0.0688290278035646
1,98,-0.134958,-0.0196837278463765
1,99,0.035446,0.18654237364288
1,100,0.034212,0.184507914980405
1,101,0.0597,0.101739236131745
1,102,-0.0112,0.0094516799588891
1,103,-0.105717,-0.00498224072729725
1,104,-0.1019828,0.123039436537872
1,105,0.0839418,0.298602101881128
1,106,0.133716,0.173878722582054
1,107,0.060959,-0.0734303266182846
1,108,-0.04105,-0.19108772481766
1,109,-0.054113,-0.122008916742276
1,110,-0.130591,0.00369663317129021
1,111,0.057833,0.178115923890503
1,112,0.171008,0.0991516629677673
1,113,-0.217658,-0.143982627349869
1,114,-0.013067,0.123556113947914
1,115,0.05473,0.248726307258569
1,116,-0.015542,0.182709192809499
1,117,-0.018038,0.126408851061474
1,118,-0.00436199999999998,0.079309980706485
1,119,0.029242,0.0806639648110935
1,120,-0.00994600000000001,0.0952977929690131
1,121,-0.00311299999999998,0.0663788519597215
1,122,0.080842,0.0108182872137585
1,123,0.065308,-0.0695414903825916
1,124,-0.079617,-0.162116317274086
1,125,0.097651,-0.0774735821498298
1,126,-0.077126,-0.152960491752215
1,127,-0.113804,-0.0492948729032844
1,128,0.101984,0.137402578226778
1,129,-0.012425,0.0487271537692968
1,130,-0.0653,0.0497697709787005
1,131,-0.02488,0.148702320136892
1,132,0.106963,0.187575736981852
1,133,-0.092658,0.0543520186016374
1,134,-0.052842,0.118550858205835
1,135,0.170392,0.154156814694153
1,136,-0.021163,-0.0431272103255457
1,137,-0.115037,-0.0541592910182252
1,138,-0.016167,0.0691287256238452
1,139,0.070896,0.125415933605624
1,140,-0.032346,0.0678762262659056
1,141,0.058442,0.0649452902048752
1,142,0.016179,-0.0444276505004868
1,143,-0.01865,-0.0409988851806777
1,144,0.098879,0.016524765898915
1,145,-0.161071,-0.135338786649827
1,146,0.06095,0.027430899776992
1,147,0.042284,0.0309447738955727
1,148,-0.051001,-0.0220006623490069
1,149,-0.002475,0.0312298266639098
1,150,0.100746,0.0646761116228467
1,151,-0.075258,-0.0542891690430421
1,152,-0.13245,0.0245689347061647
1,153,0.080225,0.199303641795127
1,154,0.018033,0.120956400777525
1,155,-0.031096,0.0880648410225715
1,156,-0.010566,0.087874526186321
1,157,0.073992,0.0914518811099197
1,158,0.00683299999999998,0.0266954823295279
1,159,0.128733,-0.0136366439267533
1,160,-0.089546,-0.230656902797902
1,161,-0.077116,-0.140124026702114
1,162,-0.00994999999999999,0.0433963588336033
1,163,-0.021763,0.0975952162351507
1,164,0.029842,0.121020068039106
1,165,-0.026729,0.0873622243623801
1,166,-0.034205,0.11913256685924
1,167,0.00497500000000001,0.187377484892427
1,168,0.064055,0.179809960714051
1,169,-0.00312100000000001,0.0345794837989488
1,170,-0.034196,-0.0136537423366768
1,171,0.154858,0.0257926597479015
1,172,0.047259,-0.146843126596064
1,173,-0.075867,-0.24181314341388
1,174,-0.100125,-0.154775537907132
1,175,-0.00623299999999999,0.0325894789527244
1,176,-0.00434600000000002,0.121767165484053
1,177,0.00745800000000002,0.135657006267458
1,178,0.026738,0.0967648692294582
1,179,-0.06903,0.0769330794932564
1,180,0.008713,0.190747414282097
2,1,0.049746,0.199935361444773
2,2,0.197141,-0.0200419884025616
2,3,-0.190925,-0.280748140637819
2,4,0.064075,-0.0230612621409528
2,5,-0.0199,-0.117411317295331
2,6,0.117772,0.0319057063551203
2,7,0.066299,-0.207934510112119
2,8,-0.195271,-0.181521335548639
2,9,-0.017408,-0.0253891857600115
2,10,0.019892,0.0621826516180538
2,11,-0.023004,0.242185045371427
2,12,-0.08893,0.12304812414851
2,13,0.013059,0.268811535110022
2,14,0.037304,0.16279572734337
2,15,-0.0876752,0.175823838578074
2,16,0.2692712,0.298219874520674
2,17,-0.131838,-0.229094287874357
2,18,0.029221,-0.03180954022634
2,19,-0.024258,-0.127851356690433
2,20,0.046025,0.0126660604908704
2,21,-0.07275,-0.114666312807411
2,22,-0.00188000000000002,0.073749224371654
2,23,-0.008691,0.0554540178438985
2,24,-0.0566,0.0245578505683545
2,25,0.0541,0.254944282307385
2,26,-0.022196,0.0673780432601121
2,27,-0.00642099999999998,0.112814418771035
2,28,-0.013658,0.0637553029287175
2,29,0.060316,0.122198843913347
2,30,-0.077108,-0.0224941477657392
2,31,0.172867,0.10271453846444
2,32,0.119416,-0.161587505891012
2,33,-0.241929,-0.327389411544301
2,34,-0.026104,0.00116924529041332
2,35,0.040421,0.060397568948498
2,36,-0.090175,0.111882477460375
2,37,0.114421,0.227016965584284
2,38,-0.014917,0.0756602099122641
2,39,0.062183,-0.0204775606334821
2,40,-0.024029,-0.0656027320261449
2,41,-0.023366,0.0713412652398355
2,42,0.028754,-0.0665089526292919
2,43,-0.043558,-0.0379348524463172
2,44,0.046654,0.0655982816060235
2,45,0.184075,-0.0624591913535353
2,46,-0.216413,-0.230349932414851
2,47,0.062804,0.0222928504794893
2,48,-0.074616,-0.0446036275464041
2,49,-0.0143,0.146262014361478
2,50,0.04787,0.121117077372194
2,51,-0.082083,0.122173443314961
2,52,0.016175,0.125653214364008
2,53,0.173492,0.10213089722378
2,54,-0.105713,-0.0158794538050727
2,55,-0.027983,-0.0464378338508563
2,56,0.144904,0.0251282673557958
2,57,0.095784,-0.162547031140296
2,58,-0.026763,-0.280652255292496
2,59,-0.18905,-0.207060041072063
2,60,-0.003163,0.00133713828220239
2,61,-0.014874,0.0759969086511205
2,62,0.029237,0.300545270034433
2,63,-0.121888,0.140486934300881
2,64,0.034821,0.239105731543889
2,65,-0.036691,0.190497295276101
2,66,-0.002488,0.302645901490336
2,67,0.016179,0.238566698210722
2,68,0.035434,0.10306724080504
2,69,-0.041046,0.0262916802522818
2,70,-0.0317127,0.0670730871251501
2,71,0.0280037,0.123389643781523
2,72,-0.001262,0.02929132253107
2,73,0.076483,0.0715377750129017
2,74,0.027992,-0.073751344746638
2,75,0.166046,-0.119329702636963
2,76,-0.199629,-0.357399822210722
2,77,0.104479,-0.0225338141203183
2,78,0.027979,-0.19210162361745
2,79,-0.181583,-0.110911084433224
2,80,0.11255,0.123448732347892
2,81,-0.07835,-0.00179330074135971
2,82,0.139872,0.1577483834766
2,83,-0.212006,-0.0905867286349221
2,84,0.080842,0.333135551905124
2,85,0.038554,-0.0118772638835047
2,86,0.080859,0.118521474943805
2,87,-0.025517,-0.0570179482544357
2,88,-0.042275,-0.122215494554219
2,89,0.1256,-0.0206515117798663
2,90,-0.108821,-0.194189589493585
2,91,0.045899,0.0982849470138646
2,92,-0.00484499999999999,-0.125604793560753
2,93,-0.134958,-0.000106260047967849
2,94,0.035446,0.163444480628997
2,95,0.034212,0.188318177054675
2,96,0.0597,0.120023243287618
2,97,-0.0112,-0.0389359386097072
2,98,-0.105717,0.0345029288310481
2,99,-0.1019828,0.0644040711805265
2,100,0.0839418,0.281867375066902
2,101,0.133716,0.20623776515495
2,102,0.060959,-0.0619446714768097
2,103,-0.04105,-0.193041563401078
2,104,-0.054113,-0.176681042542103
2,105,-0.130591,-0.0464660759671283
2,106,0.057833,0.217743465641702
2,107,0.171008,0.139820765663023
2,108,-0.217658,-0.131480390334299
2,109,-0.013067,0.13809138353009
2,110,0.05473,0.154893095620751
2,111,-0.015542,0.172661662577675
2,112,-0.018038,0.146475363774282
2,113,-0.00436199999999998,0.140400145751381
2,114,0.029242,0.0206649916270321
2,115,-0.00994600000000001,0.0161695618811954
2,116,-0.00311299999999998,0.146402886998006
2,117,0.080842,-0.0101163716427632
2,118,0.065308,-0.104878891910533
2,119,-0.079617,-0.155493475897144
2,120,0.097651,-0.0646512417071817
2,121,-0.077126,-0.191932783848548
2,122,-0.113804,-0.0260913189681402
2,123,0.101984,0.146449893939994
2,124,-0.012425,0.0502042613240681
2,125,-0.0653,0.0541167330531941
2,126,-0.02488,0.137321851861865
2,127,0.106963,0.19174111118203
2,128,-0.092658,-0.0260897925574179
2,129,-0.052842,0.181291693903764
2,130,0.170392,0.156799799086352
2,131,-0.021163,-0.118016478517188
2,132,-0.115037,-0.0214737339086049
2,133,-0.016167,0.0854102417980305
2,134,0.070896,0.0956621414780161
2,135,-0.032346,0.0178371726137697
2,136,0.058442,0.145875506065438
2,137,0.016179,-0.0480352851896447
2,138,-0.01865,-0.113366887788371
2,139,0.098879,0.0067684989450612
2,140,-0.161071,-0.117375297097389
2,141,0.06095,0.058960442798645
2,142,0.042284,-0.0302791424909281
2,143,-0.051001,0.0269503800171171
2,144,-0.002475,0.0166221116075001
2,145,0.100746,0.0632084061877839
2,146,-0.075258,-0.0828045703979098
2,147,-0.13245,0.0121812168063376
2,148,0.080225,0.248253880956257
2,149,0.018033,0.0597117652287898
2,150,-0.031096,0.104007150102936
2,151,-0.010566,0.119177146290822
2,152,0.073992,0.0679328363495539
2,153,0.00683299999999998,-0.0526932348594234
2,154,0.128733,0.0215065350842254
2,155,-0.089546,-0.217722874797395
2,156,-0.077116,-0.151199622311744
2,157,-0.00994999999999999,0.0097188571988199
2,158,-0.021763,0.118443276690035
2,159,0.029842,0.146805045265462
2,160,-0.026729,0.0912482694260397
2,161,-0.034205,0.125277327658539
2,162,0.00497500000000001,0.112989632944726
2,163,0.064055,0.18867429829125
2,164,-0.00312100000000001,0.0334748131808663
2,165,-0.034196,-0.0081227965671276
2,166,0.154858,0.016032836185949
2,167,0.047259,-0.197888666707581
2,168,-0.075867,-0.214848929398789
2,169,-0.100125,-0.142180734790935
2,170,-0.00623299999999999,0.0212716091360262
2,171,-0.00434600000000002,0.0910158868911346
2,172,0.00745800000000002,0.187948175590783
2,173,0.026738,0.135561850417082
2,174,-0.06903,0.0160027670255539
2,175,0.008713,0.160356572763829
2,176,0.059079,0.153217432487742
2,177,-0.047887,0.049712528736456
2,178,0.017412,0.0474399339257914
2,179,-0.037925,0.013875684155791
2,180,0.055346,0.0739276762801876
3,1,0.197141,0.0457505292802821
3,2,-0.190925,-0.281879436514934
3,3,0.064075,0.015682468432701
3,4,-0.0199,-0.0603601903390331
3,5,0.117772,0.00354995340264794
3,6,0.066299,-0.0978453486222816
3,7,-0.195271,-0.249881059332148
3,8,-0.017408,0.0327564529870219
3,9,0.019892,0.105428077838129
3,10,-0.023004,0.202654337850671
3,11,-0.08893,0.175280539860193
3,12,0.013059,0.210674512387268
3,13,0.037304,0.189693217662908
3,14,-0.0876752,0.182856109485225
3,15,0.2692712,0.28723947746824
3,16,-0.131838,-0.181895664959153
3,17,0.029221,-0.0316801481966638
3,18,-0.024258,-0.0305417885755571
3,19,0.046025,-0.0319709205736712
3,20,-0.07275,-0.000720011799431392
3,21,-0.00188000000000002,0.033567073682908
3,22,-0.008691,0.0700846529723217
3,23,-0.0566,0.0525572624113575
3,24,0.0541,0.234851901442238
3,25,-0.022196,0.0863572636181364
3,26,-0.00642099999999998,0.110139360952978
3,27,-0.013658,0.103549666258588
3,28,0.060316,0.109017699205179
3,29,-0.077108,0.026049692294983
3,30,0.172867,0.105947601086286
3,31,0.119416,-0.124615012197817
3,32,-0.241929,-0.314015102572471
3,33,-0.026104,0.0523329490952062
3,34,0.040421,0.086887481362389
3,35,-0.090175,0.119265265117392
3,36,0.114421,0.262068189448838
3,37,-0.014917,0.0127061145799203
3,38,0.062183,-0.00601057308230712
3,39,-0.024029,-0.00296656662425331
3,40,-0.023366,0.0287495470556663
3,41,0.028754,0.0302819529913893
3,42,-0.043558,-0.0236535861744936
3,43,0.046654,0.0717610191714986
3,44,0.184075,-0.0257088432226738
3,45,-0.216413,-0.239272936456446
3,46,0.062804,0.0519859755614727
3,47,-0.074616,0.0016488836101016
3,48,-0.0143,0.121010445659366
3,49,0.04787,0.206422431910328
3,50,-0.082083,0.0448076909213349
3,51,0.016175,0.159802807667742
3,52,0.173492,0.129531640786098
3,53,-0.105713,-0.0488990935246789
3,54,-0.027983,0.0196569017808663
3,55,0.144904,0.0471838509508037
3,56,0.095784,-0.145784048929619
3,57,-0.026763,-0.210927055244726
3,58,-0.18905,-0.210129570553259
3,59,-0.003163,0.0291342715974643
3,60,-0.014874,0.143724592017446
3,61,0.029237,0.25793899080164
3,62,-0.121888,0.147005541861921
3,63,0.034821,0.201843159217763
3,64,-0.036691,0.218042467739646
3,65,-0.002488,0.28455126698256
3,66,0.016179,0.267295364610388
3,67,0.035434,0.10640194859248
3,68,-0.041046,0.0601266458219441
3,69,-0.0317127,0.0867081844018119
3,70,0.0280037,0.136310944433876
3,71,-0.001262,0.0650428662344241
3,72,0.076483,0.082139347237182
3,73,0.027992,-0.0545687426100925
3,74,0.166046,-0.108532502660394
3,75,-0.199629,-0.299553798350591
3,76,0.104479,-0.0197346556879477
3,77,0.027979,-0.104500364363793
3,78,-0.181583,-0.133710337212484
3,79,0.11255,0.185563705309003
3,80,-0.07835,-0.0308793308679285
3,81,0.139872,0.144096739765712
3,82,-0.212006,-0.016037338621829
3,83,0.080842,0.225301540833436
3,84,0.038554,0.120342892143848
3,85,0.080859,0.0588184524716588
3,86,-0.025517,0.00372918569737446
3,87,-0.042275,-0.125579925511937
3,88,0.1256,0.0187881556695619
3,89,-0.108821,-0.135424162960266
3,90,0.045899,0.077973695745257
3,91,-0.00484499999999999,-0.0554529761910948
3,92,-0.134958,-0.0350499540922149
3,93,0.035446,0.22026671212285
3,94,0.034212,0.161349157223498
3,95,0.0597,0.117506245180201
3,96,-0.0112,0.00701331353968024
3,97,-0.105717,-0.003299812122134
3,98,-0.1019828,0.126841651663657
3,99,0.0839418,0.301807979997847
3,100,0.133716,0.208014268559655
3,101,0.060959,-0.0510643072753315
3,102,-0.04105,-0.187957386795531
3,103,-0.054113,-0.150130413413418
3,104,-0.130591,0.011128112815858
3,105,0.057833,0.250487092447615
3,106,0.171008,0.157961660361785
3,107,-0.217658,-0.142915638052498
3,108,-0.013067,0.133460517346547
3,109,0.05473,0.172690312243352
3,110,-0.015542,0.15885438070111
3,111,-0.018038,0.212851714038589
3,112,-0.00436199999999998,0.0970741256896483
3,113,0.029242,0.0541756620245095
3,114,-0.00994600000000001,0.0644857390523743
3,115,-0.00311299999999998,0.11904060159071
3,116,0.080842,0.0361366929421917
3,117,0.065308,-0.0789655413510541
3,118,-0.079617,-0.13518228470739
3,119,0.097651,-0.0366944400813596
3,120,-0.077126,-0.152368692957384
3,121,-0.113804,-0.00978371249444095
3,122,0.101984,0.187925256849261
3,123,-0.012425,0.025602114579521
3,124,-0.0653,0.0726867278815947
3,125,-0.02488,0.146783986416344
3,126,0.106963,0.159896292800965
3,127,-0.092658,0.03957508433129
3,128,-0.052842,0.166405190487074
3,129,0.170392,0.17827789041671
3,130,-0.021163,-0.0915013958857078
3,131,-0.115037,-0.000363170207344526
3,132,-0.016167,0.105453315649027
3,133,0.070896,0.100250634161264
3,134,-0.032346,0.0765835810333888
3,135,0.058442,0.122946842097332
3,136,0.016179,-0.041553659569798
3,137,-0.01865,-0.0813624924908142
3,138,0.098879,0.0404426945242916
3,139,-0.161071,-0.105464665385161
3,140,0.06095,0.0879028516044793
3,141,0.042284,0.0249405380776836
3,142,-0.051001,-0.0152945857687308
3,143,-0.002475,0.0784858224171477
3,144,0.100746,0.0361279381298543
3,145,-0.075258,-0.0554785430016663
3,146,-0.13245,0.0505064735874057
3,147,0.080225,0.238867447735519
3,148,0.018033,0.0907402559301122
3,149,-0.031096,0.113678197104911
3,150,-0.010566,0.118469783043344
3,151,0.073992,0.059186415069351
3,152,0.00683299999999998,0.00383162680722551
3,153,0.128733,0.0270903241746496
3,154,-0.089546,-0.187188170358608
3,155,-0.077116,-0.118377343039471
3,156,-0.00994999999999999,0.0663720159158054
3,157,-0.021763,0.107306403345898
3,158,0.029842,0.175145849376931
3,159,-0.026729,0.0805280041306156
3,160,-0.034205,0.101371748386448
3,161,0.00497500000000001,0.151762369021327
3,162,0.064055,0.178523518824002
3,163,-0.00312100000000001,0.0650106806830821
3,164,-0.034196,0.012407569505577
3,165,0.154858,0.0375416003442634
3,166,0.047259,-0.161114356214491
3,167,-0.075867,-0.191421444994281
3,168,-0.100125,-0.0967299161484257
3,169,-0.00623299999999999,0.0357564755779459
3,170,-0.00434600000000002,0.136312476707071
3,171,0.00745800000000002,0.17554358852217
3,172,0.026738,0.114965958484617
3,173,-0.06903,0.0225009205325891
3,174,0.008713,0.167312284295365
3,175,0.059079,0.174915621635884
3,176,-0.047887,0.061932870105076
3,177,0.017412,0.0837898462803001
3,178,-0.037925,0.0271248794128026
3,179,0.055346,0.0831799902905477
3,180,-0.029238,0.0406805323789676
4,1,-0.0876752,0.18914314065769
4,2,0.2692712,0.274461247526469
4,3,-0.131838,-0.144840979251908
4,4,0.029221,0.0234418525461858
4,5,-0.024258,-0.152008160313367
4,6,0.046025,0.0267326048792977
4,7,-0.07275,-0.0762061678676572
4,8,-0.00188000000000002,0.0727222173676037
4,9,-0.008691,0.033723657803962
4,10,-0.0566,0.107764509685515
4,11,0.0541,0.169031116937903
4,12,-0.022196,0.127838935449018
4,13,-0.00642099999999998,0.130857333626885
4,14,-0.013658,0.0925705832709692
4,15,0.060316,0.118234074328521
4,16,-0.077108,0.0228914038883208
4,17,0.172867,0.119222700409038
4,18,0.119416,-0.153865960365137
4,19,-0.241929,-0.261575146699601
4,20,-0.026104,-0.0227485062885671
4,21,0.040421,0.0386192625360458
4,22,-0.090175,0.140048003952613
4,23,0.114421,0.244395787527645
4,24,-0.014917,0.0484878682027051
4,25,0.062183,0.0736995557951658
4,26,-0.024029,-0.0804564327190453
4,27,-0.023366,0.0255159478423172
4,28,0.028754,0.0136689023799948
4,29,-0.043558,-0.0176123660253921
4,30,0.046654,0.0512737856574853
4,31,0.184075,-0.0146563423134978
4,32,-0.216413,-0.237859009482279
4,33,0.062804,0.0515797485647137
4,34,-0.074616,-0.0865513646357379
4,35,-0.0143,0.180677576337062
4,36,0.04787,0.130414686781214
4,37,-0.082083,0.118592229866272
4,38,0.016175,0.172089161667795
4,39,0.173492,0.125006144016769
4,40,-0.105713,-0.0605759178143657
4,41,-0.027983,0.0584686795189864
4,42,0.144904,-0.0158024005492005
4,43,0.095784,-0.113419596780056
4,44,-0.026763,-0.239220266195842
4,45,-0.18905,-0.238723426437956
4,46,-0.003163,0.0157131281428003
4,47,-0.014874,0.088123944960769
4,48,0.029237,0.248846781683775
4,49,-0.121888,0.176743939976502
4,50,0.034821,0.28450707152654
4,51,-0.036691,0.183906407380945
4,52,-0.002488,0.312297290774546
4,53,0.016179,0.242604108538827
4,54,0.035434,0.186253185652888
4,55,-0.041046,0.0558424653671465
4,56,-0.0317127,0.096194617939826
4,57,0.0280037,0.108967010403917
4,58,-0.001262,0.0899151637812227
4,59,0.076483,0.0752152262488251
4,60,0.027992,-0.0477348990587731
4,61,0.166046,-0.0918628700103654
4,62,-0.199629,-0.337000305981821
4,63,0.104479,-0.0284733855950218
4,64,0.027979,-0.204087463548748
4,65,-0.181583,-0.0721353911641863
4,66,0.11255,0.101884859038747
4,67,-0.07835,-0.0040367229611903
4,68,0.139872,0.178237811772576
4,69,-0.212006,-0.0681805591534078
4,70,0.080842,0.278311086948468
4,71,0.038554,0.0660943257136009
4,72,0.080859,0.131893985875496
4,73,-0.025517,-0.068417304252909
4,74,-0.042275,-0.0382502269695491
4,75,0.1256,-0.0552617879416483
4,76,-0.108821,-0.13508034474318
4,77,0.045899,0.041015093454647
4,78,-0.00484499999999999,-0.0630869798753682
4,79,-0.134958,0.000984295085038514
4,80,0.035446,0.166818420324498
4,81,0.034212,0.159960974636281
4,82,0.0597,0.158369210151098
4,83,-0.0112,0.0144178294371578
4,84,-0.105717,0.00283936897228553
4,85,-0.1019828,0.118167395211031
4,86,0.0839418,0.270121766751995
4,87,0.133716,0.206533799365011
4,88,0.060959,0.0204171039625256
4,89,-0.04105,-0.172268746680904
4,90,-0.054113,-0.16280132725797
4,91,-0.130591,-0.0571094562759981
4,92,0.057833,0.204537911773469
4,93,0.171008,0.152632340631974
4,94,-0.217658,-0.0600937315313147
4,95,-0.013067,0.147140289546899
4,96,0.05473,0.112926003569947
4,97,-0.015542,0.195490458104263
4,98,-0.018038,0.177012587743695
4,99,-0.00436199999999998,0.141840190847299
4,100,0.029242,0.0940009895111229
4,101,-0.00994600000000001,0.048285974423135
4,102,-0.00311299999999998,0.0832977659871397
4,103,0.080842,0.0677416863432845
4,104,0.065308,-0.0734174618954274
4,105,-0.079617,-0.149476830805923
4,106,0.097651,-0.0567175013740449
4,107,-0.077126,-0.185332389468367
4,108,-0.113804,-0.00251229552838228
4,109,0.101984,0.119573748065102
4,110,-0.012425,0.0588589636513112
4,111,-0.0653,0.0999713349582445
4,112,-0.02488,0.123813917172097
4,113,0.106963,0.176754179501954
4,114,-0.092658,0.047671353600731
4,115,-0.052842,0.164304730694766
4,116,0.170392,0.162893932036068
4,117,-0.021163,-0.0375914851777379
4,118,-0.115037,-0.0169444779598638
4,119,-0.016167,0.0701074887757294
4,120,0.070896,0.118687777677005
4,121,-0.032346,0.0692233574059431
4,122,0.058442,0.114264064598033
4,123,0.016179,-0.0179849305324651
4,124,-0.01865,-0.0430334950269502
4,125,0.098879,-0.0331948566166747
4,126,-0.161071,-0.114118343100534
4,127,0.06095,0.104045251138524
4,128,0.042284,-0.0275141928143627
4,129,-0.051001,0.0296614103724934
4,130,-0.002475,0.0450689010134212
4,131,0.100746,0.0497516817224121
4,132,-0.075258,-0.0593998154235311
4,133,-0.13245,0.0521222941398706
4,134,0.080225,0.185994781464159
4,135,0.018033,0.131618965415193
4,136,-0.031096,0.126645491651597
4,137,-0.010566,0.10710446685978
4,138,0.073992,0.0998409785227258
4,139,0.00683299999999998,-0.00552079719080191
4,140,0.128733,0.00461585203544977
4,141,-0.089546,-0.199145314634856
4,142,-0.077116,-0.0823784945167179
4,143,-0.00994999999999999,-0.0253971640053435
4,144,-0.021763,0.112220788766184
4,145,0.029842,0.166913778425624
4,146,-0.026729,0.112462904832539
4,147,-0.034205,0.127380475652358
4,148,0.00497500000000001,0.149683020501349
4,149,0.064055,0.16075896137858
4,150,-0.00312100000000001,0.0789334536820833
4,151,-0.034196,0.0361898859353099
4,152,0.154858,0.0259438046296485
4,153,0.047259,-0.165459524411171
4,154,-0.075867,-0.196589291666014
4,155,-0.100125,-0.145141634725369
4,156,-0.00623299999999999,0.0210754453936651
4,157,-0.00434600000000002,0.102452079452392
4,158,0.00745800000000002,0.177473280433203
4,159,0.026738,0.142056926926712
4,160,-0.06903,0.0725618536734677
4,161,0.008713,0.146896592037339
4,162,0.059079,0.145690147160124
4,163,-0.047887,0.0884962849386533
4,164,0.017412,0.09612555877564
4,165,-0.037925,0.0215468711066832
4,166,0.055346,0.0979507796964726
4,167,-0.029238,0.0107760314005818
4,168,-4.000000000004e-06,0.0776487828262553
4,169,-0.00495800000000002,0.0299118523944116
4,170,-0.065925,0.0564390840592937
4,171,0.062829,0.141085434528541
4,172,0.022988,0.0684124922874641
4,173,-0.00248000000000001,0.0459150701192948
4,174,-0.049758,-0.000606294655617432
4,175,0.023013,0.0643199355049703
4,176,0.027987,0.0447536733635294
4,177,0.043538,0.0377321888861072
4,178,0.00433299999999998,-0.0455927268567645
4,179,-0.1193792,-0.0648324253130233
4,180,0.0447622,0.0811821610088155
5,1,0.046025,-0.0737472174383966
5,2,-0.07275,0.0321545240387596
5,3,-0.00188000000000002,0.0645885795326334
5,4,-0.008691,0.0565316183217813
5,5,-0.0566,0.0955085922458401
5,6,0.0541,0.178679785412549
5,7,-0.022196,0.114356260716852
5,8,-0.00642099999999998,0.105966939420724
5,9,-0.013658,0.131669183616499
5,10,0.060316,0.0876322556513313
5,11,-0.077108,0.0435073435758032
5,12,0.172867,0.121228412996083
5,13,0.119416,-0.109102461172634
5,14,-0.241929,-0.257911319745296
5,15,-0.026104,0.0990728677254991
5,16,0.040421,0.0594181749757943
5,17,-0.090175,0.0568412226890842
5,18,0.114421,0.307611787433057
5,19,-0.014917,0.0223038239356951
5,20,0.062183,0.0312496739142732
5,21,-0.024029,0.02084235269255
5,22,-0.023366,-0.016028205579929
5,23,0.028754,0.0732348129688421
5,24,-0.043558,-0.0100649181052359
5,25,0.046654,0.0638732577892332
5,26,0.184075,0.0242943507261249
5,27,-0.216413,-0.2315490091292
5,28,0.062804,0.108093948271212
5,29,-0.074616,-0.00672505366508294
5,30,-0.0143,0.0731315710446657
5,31,0.04787,0.236602319903702
5,32,-0.082083,0.0429106458397196
5,33,0.016175,0.179598236834511
5,34,0.173492,0.152248539562461
5,35,-0.105713,-0.108208107246147
5,36,-0.027983,0.108199265362391
5,37,0.144904,0.0501231428758456
5,38,0.095784,-0.161547619217957
5,39,-0.026763,-0.15003872344794
5,40,-0.18905,-0.148812812908808
5,41,-0.003163,0.0410909983881135
5,42,-0.014874,0.113345476802921
5,43,0.029237,0.191655598674245
5,44,-0.121888,0.196682826947824
5,45,0.034821,0.236172974078846
5,46,-0.036691,0.186068892294123
5,47,-0.002488,0.240604222033928
5,48,0.016179,0.256062183938608
5,49,0.035434,0.13711504756473
5,50,-0.041046,0.0677820470320347
5,51,-0.0317127,0.109341958151253
5,52,0.0280037,0.114336799111357
5,53,-0.001262,0.0802907396419926
5,54,0.076483,0.0841108652189829
5,55,0.027992,-0.019585197200972
5,56,0.166046,-0.0787065303131872
5,57,-0.199629,-0.251387246148391
5,58,0.104479,0.000295241037022442
5,59,0.027979,-0.0942117036353802
5,60,-0.181583,-0.137913888439961
5,61,0.11255,0.224366185491154
5,62,-0.07835,-0.0239736014787282
5,63,0.139872,0.112967600794856
5,64,-0.212006,0.0498632798158042
5,65,0.080842,0.172975673161775
5,66,0.038554,0.157554688657092
5,67,0.080859,0.0231564529992111
5,68,-0.025517,0.0276971144260664
5,69,-0.042275,-0.0398925977928146
5,70,0.1256,-0.00791327476865147
5,71,-0.108821,-0.103968221974461
5,72,0.045899,0.0502443539760165
5,73,-0.00484499999999999,0.0197672387177858
5,74,-0.134958,-0.0522798521706685
5,75,0.035446,0.236586198973953
5,76,0.034212,0.131600606755333
5,77,0.0597,0.101887483408816
5,78,-0.0112,0.074500345180544
5,79,-0.105717,-0.00936420357916071
5,80,-0.1019828,0.146989114669351
5,81,0.0839418,0.258650830577245
5,82,0.133716,0.161232400589141
5,83,0.060959,0.00922820173260597
5,84,-0.04105,-0.110990049709876
5,85,-0.054113,-0.10973712205056
5,86,-0.130591,-0.0153576207833704
5,87,0.057833,0.207167516654949
5,88,0.171008,0.148010749520044
5,89,-0.217658,-0.0870875959315495
5,90,-0.013067,0.195461520384635
5,91,0.05473,0.148659360102229
5,92,-0.015542,0.0779931829108439
5,93,-0.018038,0.241771841918201
5,94,-0.00436199999999998,0.121154805399195
5,95,0.029242,0.0707542868751256
5,96,-0.00994600000000001,0.0803482034173723
5,97,-0.00311299999999998,0.0775351205667303
5,98,0.080842,0.0827558622286359
5,99,0.065308,-0.0577553198284155
5,100,-0.079617,-0.112253880856109
5,101,0.097651,0.00174755780703898
5,102,-0.077126,-0.140317572429623
5,103,-0.113804,-0.00260151211747462
5,104,0.101984,0.197635218182782
5,105,-0.012425,0.00505334018677727
5,106,-0.0653,0.0948165104969679
5,107,-0.02488,0.183031763939884
5,108,0.106963,0.11755411105627
5,109,-0.092658,0.0533380433288545
5,110,-0.052842,0.167800099007655
5,111,0.170392,0.184835648067962
5,112,-0.021163,-0.0789692959209442
5,113,-0.115037,0.018892333125998
5,114,-0.016167,0.142222101115602
5,115,0.070896,0.0675978689070648
5,116,-0.032346,0.0757946547265675
5,117,0.058442,0.132366338503506
5,118,0.016179,-0.0036000381625508
5,119,-0.01865,-0.0434089422947594
5,120,0.098879,0.0311603175028858
5,121,-0.161071,-0.101357859568511
5,122,0.06095,0.1157846724162
5,123,0.042284,0.0442516544067717
5,124,-0.051001,-0.0423962607066734
5,125,-0.002475,0.132468391757524
5,126,0.100746,0.0418124915244987
5,127,-0.075258,-0.066546378574537
5,128,-0.13245,0.0966427529370326
5,129,0.080225,0.207213959769256
5,130,0.018033,0.084630161159603
5,131,-0.031096,0.113954429696784
5,132,-0.010566,0.152182230065374
5,133,0.073992,0.0656933867453852
5,134,0.00683299999999998,0.0108906594505281
5,135,0.128733,0.0275995111603984
5,136,-0.089546,-0.150570111160719
5,137,-0.077116,-0.058547412160106
5,138,-0.00994999999999999,0.06472991695737
5,139,-0.021763,0.0664904460996154
5,140,0.029842,0.176181025263783
5,141,-0.026729,0.117847024469948
5,142,-0.034205,0.100678348366108
5,143,0.00497500000000001,0.169637943774328
5,144,0.064055,0.133567500135842
5,145,-0.00312100000000001,0.0744143191030088
5,146,-0.034196,0.0526129307960075
5,147,0.154858,0.0550878315530864
5,148,0.047259,-0.146158624044918
5,149,-0.075867,-0.158585931834294
5,150,-0.100125,-0.0405083493352219
5,151,-0.00623299999999999,0.0271755481237018
5,152,-0.00434600000000002,0.107065108970087
5,153,0.00745800000000002,0.167901089311059
5,154,0.026738,0.137861918936747
5,155,-0.06903,0.0634788388812131
5,156,0.008713,0.150840728396726
5,157,0.059079,0.149555776786191
5,158,-0.047887,0.0559071467853886
5,159,0.017412,0.12464291329367
5,160,-0.037925,0.0437219703122572
5,161,0.055346,0.0755706477788604
5,162,-0.029238,0.054594470032476
5,163,-4.000000000004e-06,0.0585870227008219
5,164,-0.00495800000000002,0.0716206756754195
5,165,-0.065925,0.0455149992620141
5,166,0.062829,0.155610804254991
5,167,0.022988,0.0719412473659691
5,168,-0.00248000000000001,0.0266505430577625
5,169,-0.049758,0.0550098674506024
5,170,0.023013,0.059341474723895
5,171,0.027987,0.0605247136786213
5,172,0.043538,0.0400946028304999
5,173,0.00433299999999998,-0.012921655990736
5,174,-0.1193792,-0.0393959137248001
5,175,0.0447622,0.111023082004071
5,176,0.072771,0.0714870854231966
5,177,-0.046654,0.000648152360364446
5,178,0.120013,0.0942166575398732
5,179,-0.131821,-0.131090243047653
5,180,0.004358,0.0542310300643433
6,1,-0.07275,-0.0820763310847786
6,2,-0.00188000000000002,0.0718268382320215
6,3,-0.008691,0.0224484363276959
6,4,-0.0566,0.0443161722669275
6,5,0.0541,0.18648670874073
6,6,-0.022196,0.102615181738214
6,7,-0.00642099999999998,0.0970230863632755
6,8,-0.013658,0.0841308481338244
6,9,0.060316,0.102647743470426
6,10,-0.077108,0.00416289574816633
6,11,0.172867,0.100123430182251
6,12,0.119416,-0.128345376578481
6,13,-0.241929,-0.28006401202832
6,14,-0.026104,-0.0131092034475211
6,15,0.040421,0.0398008123915196
6,16,-0.090175,0.0681814787352604
6,17,0.114421,0.238885234538716
6,18,-0.014917,0.0736002036554609
6,19,0.062183,-0.018416631515769
6,20,-0.024029,-0.046133776167769
6,21,-0.023366,0.0404975495691099
6,22,0.028754,-0.0189541179593539
6,23,-0.043558,-0.0254637546007185
6,24,0.046654,0.0400570800334118
6,25,0.184075,-0.0277977027333772
6,26,-0.216413,-0.222370700439919
6,27,0.062804,0.0177750756066571
6,28,-0.074616,-0.0439074313329366
6,29,-0.0143,0.0974185110822667
6,30,0.04787,0.141416837255106
6,31,-0.082083,0.111375357488349
6,32,0.016175,0.109489364874294
6,33,0.173492,0.11673017317
6,34,-0.105713,-0.0404142898260796
6,35,-0.027983,0.0140304408586612
6,36,0.144904,0.0204407056860649
6,37,0.095784,-0.151847088761167
6,38,-0.026763,-0.229062430381302
6,39,-0.18905,-0.183769853296702
6,40,-0.003163,-0.0325073602458044
6,41,-0.014874,0.0490733932640042
6,42,0.029237,0.238393302320781
6,43,-0.121888,0.169651766004288
6,44,0.034821,0.218844171729638
6,45,-0.036691,0.158697103915752
6,46,-0.002488,0.275041201847141
6,47,0.016179,0.249206476472207
6,48,0.035434,0.1413784021396
6,49,-0.041046,0.0343147798979903
6,50,-0.0317127,0.0811028320958911
6,51,0.0280037,0.10545557501034
6,52,-0.001262,0.052568241151197
6,53,0.076483,0.066449877221866
6,54,0.027992,-0.0432372695634562
6,55,0.166046,-0.106834719087176
6,56,-0.199629,-0.306888653787079
6,57,0.104479,-0.0466933715899273
6,58,0.027979,-0.166330079223664
6,59,-0.181583,-0.12202785557896
6,60,0.11255,0.106859380554626
6,61,-0.07835,0.00157334496046792
6,62,0.139872,0.0954280869405417
6,63,-0.212006,-0.0273732696718662
6,64,0.080842,0.245437807944661
6,65,0.038554,0.0414794380893185
6,66,0.080859,0.0934651544864906
6,67,-0.025517,-0.0291005035287105
6,68,-0.042275,-0.0649085392580633
6,69,0.1256,-0.0620503636086183
6,70,-0.108821,-0.144479561670875
6,71,0.045899,0.0496387215118278
6,72,-0.00484499999999999,-0.0629020904996384
6,73,-0.134958,-0.0404723395186038
6,74,0.035446,0.143837270370818
6,75,0.034212,0.165492933302308
6,76,0.0597,0.105263509646387
6,77,-0.0112,0.0134236696407313
6,78,-0.105717,0.0133394723988716
6,79,-0.1019828,0.0700463671052304
6,80,0.0839418,0.244542101757412
6,81,0.133716,0.192713692785947
6,82,0.060959,-0.00361147473932416
6,83,-0.04105,-0.153766067134541
6,84,-0.054113,-0.167722873042625
6,85,-0.130591,-0.0677915601423683
6,86,0.057833,0.184304583945512
6,87,0.171008,0.146693601599946
6,88,-0.217658,-0.0896419489545654
6,89,-0.013067,0.113258668656067
6,90,0.05473,0.124087602522824
6,91,-0.015542,0.127980940851756
6,92,-0.018038,0.180895831309207
6,93,-0.00436199999999998,0.154333055721428
6,94,0.029242,0.0235441491350088
6,95,-0.00994600000000001,0.0287348762853033
6,96,-0.00311299999999998,0.112678350275264
6,97,0.080842,0.0343648666314244
6,98,0.065308,-0.0859069275224919
6,99,-0.079617,-0.140585877189493
6,100,0.097651,-0.0550970932330778
6,101,-0.077126,-0.17459709801604
6,102,-0.113804,-0.0424782057532159
6,103,0.101984,0.129336338834022
6,104,-0.012425,0.0380396242863336
6,105,-0.0653,0.0485892838394897
6,106,-0.02488,0.139229765591629
6,107,0.106963,0.147938048371806
6,108,-0.092658,0.00638955826795698
6,109,-0.052842,0.166906757028486
6,110,0.170392,0.159072014836783
6,111,-0.021163,-0.0835573206593235
6,112,-0.115037,-0.0222661860732837
6,113,-0.016167,0.0952867105297528
6,114,0.070896,0.0683376067940229
6,115,-0.032346,0.0279529338271245
6,116,0.058442,0.138304220575077
6,117,0.016179,-0.0217423054513955
6,118,-0.01865,-0.0969053441060073
6,119,0.098879,-0.0104101607539146
6,120,-0.161071,-0.0940320629434044
6,121,0.06095,0.0529326799750447
6,122,0.042284,-0.0126423697359307
6,123,-0.051001,-0.00478008419705249
6,124,-0.002475,0.037621973817954
6,125,0.100746,0.0528620192386732
6,126,-0.075258,-0.0863111980802388
6,127,-0.13245,0.0329220498846184
6,128,0.080225,0.200893623412234
6,129,0.018033,0.0732583729792707
6,130,-0.031096,0.0956311654190255
6,131,-0.010566,0.129819632469036
6,132,0.073992,0.0628654485743926
6,133,0.00683299999999998,-0.0382382258584908
6,134,0.128733,0.0236483239346434
6,135,-0.089546,-0.169643345888225
6,136,-0.077116,-0.128399928919418
6,137,-0.00994999999999999,-0.0119519975152598
6,138,-0.021763,0.0844112422816655
6,139,0.029842,0.136256642162949
6,140,-0.026729,0.105663083243117
6,141,-0.034205,0.0958376567327702
6,142,0.00497500000000001,0.116094734946438
6,143,0.064055,0.158346569569737
6,144,-0.00312100000000001,0.0624239890637346
6,145,-0.034196,0.0219569489751953
6,146,0.154858,0.0182704028142849
6,147,0.047259,-0.166969844718219
6,148,-0.075867,-0.193106307924608
6,149,-0.100125,-0.119134880345144
6,150,-0.00623299999999999,-0.0079086516324853
6,151,-0.00434600000000002,0.0626472500731287
6,152,0.00745800000000002,0.169592694170906
6,153,0.026738,0.132768875647847
6,154,-0.06903,0.029039683480046
6,155,0.008713,0.124945137387154
6,156,0.059079,0.147472351254501
6,157,-0.047887,0.0665077175531674
6,158,0.017412,0.0730369858915037
6,159,-0.037925,0.0226826448087175
6,160,0.055346,0.0563161155803336
6,161,-0.029238,0.0124218721084504
6,162,-4.000000000004e-06,0.0665779196491803
6,163,-0.00495800000000002,0.0153278016915602
6,164,-0.065925,0.0304624640198192
6,165,0.062829,0.125772813961278
6,166,0.022988,0.0593252656393038
6,167,-0.00248000000000001,0.0232177403734192
6,168,-0.049758,-0.00562624444357727
6,169,0.023013,0.052237523040305
6,170,0.027987,0.0228534495640943
6,171,0.043538,0.027741039964562
6,172,0.00433299999999998,-0.0365667863086773
6,173,-0.1193792,-0.0842799741751435
6,174,0.0447622,0.0597127398724004
6,175,0.072771,0.0562421036453356
6,176,-0.046654,0.00983580412774904
6,177,0.120013,0.0321687563944223
6,178,-0.131821,-0.143604234814399
6,179,0.004358,0.00701533007878884
6,180,0.013046,0.0501349697679817
7,1,-0.0566,0.0580289578649234
7,2,0.0541,0.257858753595497
7,3,-0.022196,0.0667545715217985
7,4,-0.00642099999999998,0.116989130416292
7,5,-0.013658,0.0885352234586516
7,6,0.060316,0.13012718005582
7,7,-0.077108,0.00345661049861458
7,8,0.172867,0.122123962505755
7,9,0.119416,-0.11577152297657
7,10,-0.241929,-0.245557555138456
7,11,-0.026104,0.0708497265319873
7,12,0.040421,0.0937695175428987
7,13,-0.090175,0.109489147279782
7,14,0.114421,0.222655103334252
7,15,-0.014917,0.0613420991105548
7,16,0.062183,-0.00225936983977086
7,17,-0.024029,0.0179070927725851
7,18,-0.023366,0.0954894182313531
7,19,0.028754,-0.0360550148273514
7,20,-0.043558,0.00586865503779703
7,21,0.046654,0.0810364758960677
7,22,0.184075,-0.0256257308519813
7,23,-0.216413,-0.165984234915512
7,24,0.062804,0.073552936256998
7,25,-0.074616,0.010659337665243
7,26,-0.0143,0.145139807273312
7,27,0.04787,0.137298542193464
7,28,-0.082083,0.109642028287667
7,29,0.016175,0.120139530726813
7,30,0.173492,0.13712031577179
7,31,-0.105713,0.00430359225836374
7,32,-0.027983,-0.0087813686924765
7,33,0.144904,0.0677489986146933
7,34,0.095784,-0.120978150769769
7,35,-0.026763,-0.191072084406973
7,36,-0.18905,-0.125904829239671
7,37,-0.003163,0.0403941735006512
7,38,-0.014874,0.118281049256903
7,39,0.029237,0.279902735484484
7,40,-0.121888,0.110255798287903
7,41,0.034821,0.215702508153581
7,42,-0.036691,0.198759705785112
7,43,-0.002488,0.290214123381895
7,44,0.016179,0.212519130422503
7,45,0.035434,0.0881420026545496
7,46,-0.041046,0.0456945451749508
7,47,-0.0317127,0.0966554233865106
7,48,0.0280037,0.132099334265099
7,49,-0.001262,0.0447650243891783
7,50,0.076483,0.0892440131586955
7,51,0.027992,-0.0399851672364162
7,52,0.166046,-0.0693155467669492
7,53,-0.199629,-0.255568037680835
7,54,0.104479,0.0412516918670698
7,55,0.027979,-0.119832503148689
7,56,-0.181583,-0.0655258748532794
7,57,0.11255,0.151263306695587
7,58,-0.07835,0.0176402452117946
7,59,0.139872,0.15263003388696
7,60,-0.212006,-0.0277888615802946
7,61,0.080842,0.30679652137716
7,62,0.038554,0.00920210710596824
7,63,0.080859,0.13472727965639
7,64,-0.025517,-0.0289387782806652
7,65,-0.042275,-0.0756117933007781
7,66,0.1256,0.0269365464666803
7,67,-0.108821,-0.116453942550304
7,68,0.045899,0.120823631562656
7,69,-0.00484499999999999,-0.0861195294373546
7,70,-0.134958,0.0301630419191951
7,71,0.035446,0.187221532901238
7,72,0.034212,0.185500309945745
7,73,0.0597,0.103242565875512
7,74,-0.0112,3.40932283002249e-07
7,75,-0.105717,0.0613093326814017
7,76,-0.1019828,0.0907407890680635
7,77,0.0839418,0.284050579027058
7,78,0.133716,0.177361595401795
7,79,0.060959,-0.0556966251158698
7,80,-0.04105,-0.132644281616641
7,81,-0.054113,-0.093194134511257
7,82,-0.130591,0.0269286474599016
7,83,0.057833,0.228544612046291
7,84,0.171008,0.118069539516929
7,85,-0.217658,-0.118560702705979
7,86,-0.013067,0.163086337822586
7,87,0.05473,0.180916208215219
7,88,-0.015542,0.167531006962015
7,89,-0.018038,0.153559666239254
7,90,-0.00436199999999998,0.124221991986816
7,91,0.029242,0.024268918187712
7,92,-0.00994600000000001,0.0700600335609856
7,93,-0.00311299999999998,0.157895709339853
7,94,0.080842,-7.79175862478543e-05
7,95,0.065308,-0.0571225504087611
7,96,-0.079617,-0.0911682962487357
7,97,0.097651,-0.00923143176231752
7,98,-0.077126,-0.125735696479061
7,99,-0.113804,0.0208716131633746
7,100,0.101984,0.169165805650568
7,101,-0.012425,0.0509292785787228
7,102,-0.0653,0.0666186971923652
7,103,-0.02488,0.161072421375936
7,104,0.106963,0.179805103916326
7,105,-0.092658,0.00255355965705582
7,106,-0.052842,0.194984802797493
7,107,0.170392,0.145838424270156
7,108,-0.021163,-0.0875245026450032
7,109,-0.115037,0.028223336596678
7,110,-0.016167,0.114030137280853
7,111,0.070896,0.0972063902268996
7,112,-0.032346,0.0478837972873572
7,113,0.058442,0.155799058819591
7,114,0.016179,-0.0371153890101871
7,115,-0.01865,-0.05916699388356
7,116,0.098879,0.0691617070280133
7,117,-0.161071,-0.0723322470736567
7,118,0.06095,0.078886348790578
7,119,0.042284,0.0132187914645079
7,120,-0.051001,0.0428725933402579
7,121,-0.002475,0.0496159170520699
7,122,0.100746,0.0872229337500898
7,123,-0.075258,-0.0492204218382434
7,124,-0.13245,0.0618250364622069
7,125,0.080225,0.245653080976099
7,126,0.018033,0.0548851313623574
7,127,-0.031096,0.116771261129217
7,128,-0.010566,0.128301224734224
7,129,0.073992,0.0712351723518412
7,130,0.00683299999999998,-0.00622144605477616
7,131,0.128733,0.0646800002585127
7,132,-0.089546,-0.167222336831406
7,133,-0.077116,-0.08924368574969
7,134,-0.00994999999999999,0.0704249391004661
7,135,-0.021763,0.129285097414201
7,136,0.029842,0.13998768178142
7,137,-0.026729,0.0945817911526231
7,138,-0.034205,0.124310991004578
7,139,0.00497500000000001,0.13611179323658
7,140,0.064055,0.194854807497688
7,141,-0.00312100000000001,0.040632234711971
7,142,-0.034196,0.0171287403836202
7,143,0.154858,0.0463170725354885
7,144,0.047259,-0.136096257396126
7,145,-0.075867,-0.138279508384507
7,146,-0.100125,-0.0690608674901675
7,147,-0.00623299999999999,0.0583203987902851
7,148,-0.00434600000000002,0.113132596582988
7,149,0.00745800000000002,0.184043566089257
7,150,0.026738,0.1174355983924
7,151,-0.06903,0.0333002732336959
7,152,0.008713,0.186322352901901
7,153,0.059079,0.164642958761038
7,154,-0.047887,0.0531284733043587
7,155,0.017412,0.0636285360707753
7,156,-0.037925,0.0409546026542254
7,157,0.055346,0.0910691612312061
7,158,-0.029238,0.0319685756265335
7,159,-4.000000000004e-06,0.0911559672999331
7,160,-0.00495800000000002,0.0226306204356396
7,161,-0.065925,0.0642310912984075
7,162,0.062829,0.163395442292398
7,163,0.022988,0.0553040112762159
7,164,-0.00248000000000001,0.0430006837598956
7,165,-0.049758,0.00625119045026722
7,166,0.023013,0.0997578849980597
7,167,0.027987,0.0474921074268646
7,168,0.043538,0.0472418835765456
7,169,0.00433299999999998,-0.0217555768803094
7,170,-0.1193792,-0.0607167886505638
7,171,0.0447622,0.127041560176255
7,172,0.072771,0.0886125806791078
7,173,-0.046654,0.0224775701915411
7,174,0.120013,0.0341445593995672
7,175,-0.131821,-0.110348292139365
7,176,0.004358,0.0779884904842374
7,177,0.013046,0.0899615941948891
7,178,-0.016779,0.108726374003791
7,179,0.011808,0.043203510155429
7,180,-0.024246,0.0776221522023673
8,1,0.0541,0.196553979051484
8,2,-0.022196,0.0736900635558286
8,3,-0.00642099999999998,0.0966248676044186
8,4,-0.013658,0.0778442344274498
8,5,0.060316,0.107002681681016
8,6,-0.077108,-0.00535422175676335
8,7,0.172867,0.10574129068038
8,8,0.119416,-0.135894268652686
8,9,-0.241929,-0.285491901941553
8,10,-0.026104,0.0789762530719347
8,11,0.040421,0.104837306983817
8,12,-0.090175,0.0696190035133228
8,13,0.114421,0.203071803871312
8,14,-0.014917,0.0500202835905512
8,15,0.062183,0.000261559422633437
8,16,-0.024029,-0.057745678688424
8,17,-0.023366,0.0545958340280928
8,18,0.028754,0.0117773907315119
8,19,-0.043558,-0.0228483639109902
8,20,0.046654,0.0682570491796203
8,21,0.184075,-0.0283650105301685
8,22,-0.216413,-0.230449675544241
8,23,0.062804,0.0772171131108569
8,24,-0.074616,-0.00230966946086325
8,25,-0.0143,0.120783760461342
8,26,0.04787,0.128137494155081
8,27,-0.082083,0.0829627107082323
8,28,0.016175,0.140747804318323
8,29,0.173492,0.094781649346854
8,30,-0.105713,-0.0690721468540957
8,31,-0.027983,0.0185259001216725
8,32,0.144904,0.0627897621643285
8,33,0.095784,-0.144187969886551
8,34,-0.026763,-0.241713442562155
8,35,-0.18905,-0.141193392041896
8,36,-0.003163,0.090444357022604
8,37,-0.014874,0.0860724268242157
8,38,0.029237,0.204981574799245
8,39,-0.121888,0.129987012853005
8,40,0.034821,0.23200487737034
8,41,-0.036691,0.1575484864706
8,42,-0.002488,0.230218575601372
8,43,0.016179,0.213876415594833
8,44,0.035434,0.110529138719638
8,45,-0.041046,0.0304169714227713
8,46,-0.0317127,0.0767677583523885
8,47,0.0280037,0.12536387611718
8,48,-0.001262,0.0443176858410957
8,49,0.076483,0.0607251032249862
8,50,0.027992,-0.0532449616755725
8,51,0.166046,-0.0889965327247345
8,52,-0.199629,-0.297622732422252
8,53,0.104479,0.029913143140882
8,54,0.027979,-0.117182947955337
8,55,-0.181583,-0.109226589620585
8,56,0.11255,0.161487111773148
8,57,-0.07835,0.0011074230665007
8,58,0.139872,0.123742557851483
8,59,-0.212006,-0.0769198296133289
8,60,0.080842,0.28518966735323
8,61,0.038554,0.0519936832034337
8,62,0.080859,0.0489368117100384
8,63,-0.025517,-0.0419076150896835
8,64,-0.042275,-0.0582304950230308
8,65,0.1256,0.0153564704769538
8,66,-0.108821,-0.160102558176885
8,67,0.045899,0.0850130278632429
8,68,-0.00484499999999999,-0.0453904695627215
8,69,-0.134958,-0.0090325655484418
8,70,0.035446,0.177481451492093
8,71,0.034212,0.150895012061076
8,72,0.0597,0.0891853821997064
8,73,-0.0112,-0.0249433226776871
8,74,-0.105717,0.0297248002959619
8,75,-0.1019828,0.117003466778463
8,76,0.0839418,0.260027824919642
8,77,0.133716,0.152234169027989
8,78,0.060959,-0.0693729348203945
8,79,-0.04105,-0.15445729624285
8,80,-0.054113,-0.102268926032646
8,81,-0.130591,-0.0016039244230434
8,82,0.057833,0.214650771109575
8,83,0.171008,0.124763562762849
8,84,-0.217658,-0.137438424960477
8,85,-0.013067,0.159103583241047
8,86,0.05473,0.163765914967509
8,87,-0.015542,0.108474029755655
8,88,-0.018038,0.129682746963913
8,89,-0.00436199999999998,0.139661824906555
8,90,0.029242,0.0564696074502086
8,91,-0.00994600000000001,0.0108886985192339
8,92,-0.00311299999999998,0.106856859824989
8,93,0.080842,0.0406327880947449
8,94,0.065308,-0.0845821946972462
8,95,-0.079617,-0.135362494038008
8,96,0.097651,-0.0104867008332789
8,97,-0.077126,-0.140210570857762
8,98,-0.113804,-0.00373973697584547
8,99,0.101984,0.169173543268316
8,100,-0.012425,0.0304107668878597
8,101,-0.0653,0.0413715806810207
8,102,-0.02488,0.138143434249171
8,103,0.106963,0.170652819830272
8,104,-0.092658,-0.0235495224110104
8,105,-0.052842,0.151455233875619
8,106,0.170392,0.182342627511376
8,107,-0.021163,-0.10816213630722
8,108,-0.115037,-0.0292355414242424
8,109,-0.016167,0.130496823220597
8,110,0.070896,0.113212851637
8,111,-0.032346,0.00367001890908761
8,112,0.058442,0.110484135450034
8,113,0.016179,-0.0111450861798383
8,114,-0.01865,-0.0758638257701196
8,115,0.098879,0.00977456572026858
8,116,-0.161071,-0.0955597242907195
8,117,0.06095,0.105264378127089
8,118,0.042284,0.00264826957332945
8,119,-0.051001,-0.00691440449751404
8,120,-0.002475,0.0489210648007932
8,121,0.100746,0.0646969717546179
8,122,-0.075258,-0.0754121098682444
8,123,-0.13245,0.0334219179939138
8,124,0.080225,0.246930799085652
8,125,0.018033,0.066770233143189
8,126,-0.031096,0.061611992341541
8,127,-0.010566,0.115975586717863
8,128,0.073992,0.0855458822693191
8,129,0.00683299999999998,-0.0423700431237669
8,130,0.128733,0.00757485061296904
8,131,-0.089546,-0.167242338633848
8,132,-0.077116,-0.0736554325938514
8,133,-0.00994999999999999,0.0548931839601772
8,134,-0.021763,0.101581741280148
8,135,0.029842,0.13075402427341
8,136,-0.026729,0.0774410759632709
8,137,-0.034205,0.109226476496578
8,138,0.00497500000000001,0.118668524450389
8,139,0.064055,0.145573512005626
8,140,-0.00312100000000001,0.033678848567817
8,141,-0.034196,0.0137150427773774
8,142,0.154858,0.0467109275562206
8,143,0.047259,-0.169876273010856
8,144,-0.075867,-0.184717777043143
8,145,-0.100125,-0.0610895032201481
8,146,-0.00623299999999999,0.0731545765757541
8,147,-0.00434600000000002,0.0874975779503817
8,148,0.00745800000000002,0.138561520172729
8,149,0.026738,0.119171290938701
8,150,-0.06903,0.027246180347891
8,151,0.008713,0.139486962450982
8,152,0.059079,0.136161087640152
8,153,-0.047887,0.040906560029666
8,154,0.017412,0.0722405196358007
8,155,-0.037925,0.0335402750759512
8,156,0.055346,0.0780487346079404
8,157,-0.029238,0.00179280346101816
8,158,-4.000000000004e-06,0.0684694489921601
8,159,-0.00495800000000002,0.0337539585040486
8,160,-0.065925,0.0380697482981819
8,161,0.062829,0.14486076342557
8,162,0.022988,0.0403978676357422
8,163,-0.00248000000000001,0.017731670526014
8,164,-0.049758,-0.000458251633373829
8,165,0.023013,0.0814989744837789
8,166,0.027987,0.035428566738507
8,167,0.043538,0.0131700178252469
8,168,0.00433299999999998,-0.0350195036405642
8,169,-0.1193792,-0.0619248461881872
8,170,0.0447622,0.11404116964741
8,171,0.072771,0.0612851878451085
8,172,-0.046654,-0.0143918323643124
8,173,0.120013,0.036675259548958
8,174,-0.131821,-0.131967451252185
8,175,0.004358,0.0606275256795618
8,176,0.013046,0.0661838598224205
8,177,-0.016779,0.082746689757355
8,178,0.011808,0.0591512797446151
8,179,-0.024246,0.0475454066461885
8,180,-0.011825,0.0883774240351164
9,1,-0.00642099999999998,0.0799737114388763
9,2,-0.013658,0.0644399675527482
9,3,0.060316,0.0827324060526148
9,4,-0.077108,0.00804474575283316
9,5,0.172867,0.081809657759507
9,6,0.119416,-0.112301908276323
9,7,-0.241929,-0.277374013040232
9,8,-0.026104,0.0333165660147972
9,9,0.040421,0.0623897306543067
9,10,-0.090175,0.120132661163313
9,11,0.114421,0.23708550383673
9,12,-0.014917,0.00564132701601031
9,13,0.062183,-0.0555302333143967
9,14,-0.024029,-0.0316579957012729
9,15,-0.023366,0.0314214742706009
9,16,0.028754,0.00842188130019934
9,17,-0.043558,-0.0198798589975795
9,18,0.046654,0.0719750895134506
9,19,0.184075,-0.0374114099950551
9,20,-0.216413,-0.202519556700155
9,21,0.062804,0.0239739178910399
9,22,-0.074616,-0.0108482155477615
9,23,-0.0143,0.107589049833346
9,24,0.04787,0.181597065304041
9,25,-0.082083,0.0403100966393327
9,26,0.016175,0.106025275080229
9,27,0.173492,0.0746159800243331
9,28,-0.105713,-0.0316661429943832
9,29,-0.027983,-0.0107863494213169
9,30,0.144904,0.0274735683353878
9,31,0.095784,-0.130605652959339
9,32,-0.026763,-0.171241626750003
9,33,-0.18905,-0.171713218705537
9,34,-0.003163,0.00181540088396723
9,35,-0.014874,0.114314382982726
9,36,0.029237,0.261142554558311
9,37,-0.121888,0.127022424836378
9,38,0.034821,0.127711101676286
9,39,-0.036691,0.143491641206489
9,40,-0.002488,0.226596271643961
9,41,0.016179,0.222568986200292
9,42,0.035434,0.0622781424402825
9,43,-0.041046,0.0298733524362935
9,44,-0.0317127,0.0529863860793658
9,45,0.0280037,0.109764336835094
9,46,-0.001262,0.0405155805923597
9,47,0.076483,0.0709074572937108
9,48,0.027992,-0.0565081325256117
9,49,0.166046,-0.108184305738373
9,50,-0.199629,-0.26741915458249
9,51,0.104479,-0.0201424388991644
9,52,0.027979,-0.0891860847935949
9,53,-0.181583,-0.0966328217065167
9,54,0.11255,0.168204944353344
9,55,-0.07835,-0.0354845434651852
9,56,0.139872,0.115489452312859
9,57,-0.212006,-0.0329518008093448
9,58,0.080842,0.191550039151318
9,59,0.038554,0.0597023628755519
9,60,0.080859,0.0508023652559061
9,61,-0.025517,0.011778886527859
9,62,-0.042275,-0.140664303486598
9,63,0.1256,0.00230452062612083
9,64,-0.108821,-0.126765875807407
9,65,0.045899,0.0972857430761857
9,66,-0.00484499999999999,-0.0638959478318823
9,67,-0.134958,-0.0333218821998891
9,68,0.035446,0.175625111616735
9,69,0.034212,0.135950838527856
9,70,0.0597,0.0944514123964965
9,71,-0.0112,-0.018069114799237
9,72,-0.105717,-0.0152943586766325
9,73,-0.1019828,0.0719671919672097
9,74,0.0839418,0.249734069808113
9,75,0.133716,0.193871580806462
9,76,0.060959,-0.0483674382180087
9,77,-0.04105,-0.184817881420844
9,78,-0.054113,-0.170247893883359
9,79,-0.130591,-0.00620219747410701
9,80,0.057833,0.23349378002241
9,81,0.171008,0.160637192014221
9,82,-0.217658,-0.121235263999489
9,83,-0.013067,0.08168970311672
9,84,0.05473,0.106124215077852
9,85,-0.015542,0.1280548516209
9,86,-0.018038,0.188055935645742
9,87,-0.00436199999999998,0.0766251013439311
9,88,0.029242,0.00621427870115088
9,89,-0.00994600000000001,0.0291432575795313
9,90,-0.00311299999999998,0.116916508099688
9,91,0.080842,0.0101693578644959
9,92,0.065308,-0.0814556500921057
9,93,-0.079617,-0.116796275594004
9,94,0.097651,-0.0403990895563839
9,95,-0.077126,-0.136594302079786
9,96,-0.113804,-0.00534389208750964
9,97,0.101984,0.164794972785686
9,98,-0.012425,0.0240219153941933
9,99,-0.0653,0.0542166796410861
9,100,-0.02488,0.105939784174555
9,101,0.106963,0.116505170963371
9,102,-0.092658,0.00922680676813999
9,103,-0.052842,0.144480649969254
9,104,0.170392,0.135563749027923
9,105,-0.021163,-0.102737978047085
9,106,-0.115037,0.00108551388475334
9,107,-0.016167,0.0765655405814888
9,108,0.070896,0.0659605594858642
9,109,-0.032346,0.0607481182945254
9,110,0.058442,0.121275245212636
9,111,0.016179,-0.0544843269625452
9,112,-0.01865,-0.107357120482536
9,113,0.098879,0.0301046310789303
9,114,-0.161071,-0.0841541461942203
9,115,0.06095,0.0679905596058724
9,116,0.042284,0.0124734382105487
9,117,-0.051001,-0.00339490487266589
9,118,-0.002475,0.0559122925119494
9,119,0.100746,0.016004023838346
9,120,-0.075258,-0.059368827727008
9,121,-0.13245,0.0288480577077443
9,122,0.080225,0.204910473607737
9,123,0.018033,0.0580200463990817
9,124,-0.031096,0.0993497897927327
9,125,-0.010566,0.0936886277436629
9,126,0.073992,0.0182682884292301
9,127,0.00683299999999998,-0.023795069009887
9,128,0.128733,0.0282379614187325
9,129,-0.089546,-0.159744693130588
9,130,-0.077116,-0.123070688877471
9,131,-0.00994999999999999,0.0504044305583243
9,132,-0.021763,0.102689283533196
9,133,0.029842,0.160633459438573
9,134,-0.026729,0.0605058103537045
9,135,-0.034205,0.0644049098938619
9,136,0.00497500000000001,0.0904892155343893
9,137,0.064055,0.145008519456546
9,138,-0.00312100000000001,0.0474729474922486
9,139,-0.034196,-0.00301528845990379
9,140,0.154858,0.0144619940170847
9,141,0.047259,-0.149924800545253
9,142,-0.075867,-0.158491160545532
9,143,-0.100125,-0.0873007180483739
9,144,-0.00623299999999999,0.0206719190664326
9,145,-0.00434600000000002,0.121541433269659
9,146,0.00745800000000002,0.170765869791473
9,147,0.026738,0.0944779939106683
9,148,-0.06903,-0.0220449468071078
9,149,0.008713,0.114021358100647
9,150,0.059079,0.136213694703264
9,151,-0.047887,0.0496612228914076
9,152,0.017412,0.0589909124692203
9,153,-0.037925,0.00766342026647025
9,154,0.055346,0.0561591961146977
9,155,-0.029238,0.0271339717371475
9,156,-4.000000000004e-06,0.0498574790797586
9,157,-0.00495800000000002,0.0191516419804428
9,158,-0.065925,0.0178392969405669
9,159,0.062829,0.141444025373415
9,160,0.022988,0.0407834137377119
9,161,-0.00248000000000001,0.015311600986912
9,162,-0.049758,-0.0147612369098415
9,163,0.023013,0.0430559487523177
9,164,0.027987,0.0430809906921979
9,165,0.043538,0.0285175151559984
9,166,0.00433299999999998,-0.0313741317830468
9,167,-0.1193792,-0.0941221482124123
9,168,0.0447622,0.0817170152244433
9,169,0.072771,0.0754653874531266
9,170,-0.046654,0.0151916645764815
9,171,0.120013,0.0209871565686848
9,172,-0.131821,-0.155874967092657
9,173,0.004358,0.024180138663919
9,174,0.013046,0.0884864042583705
9,175,-0.016779,0.0754252778689227
9,176,0.011808,0.0728230085096746
9,177,-0.024246,0.0138291730800092
9,178,-0.011825,0.0661411230933192
9,179,0.086438,0.0633358032872636
9,180,0.041666,0.0227655051261286
10,1,0.060316,0.113495181970316
10,2,-0.077108,0.0100281233422095
10,3,0.172867,0.100334055597168
10,4,0.119416,-0.142344935703653
10,5,-0.241929,-0.268079709969027
10,6,-0.026104,-0.0253925603600379
10,7,0.040421,0.0973100047359713
10,8,-0.090175,0.136421340422715
10,9,0.114421,0.185831668678007
10,10,-0.014917,0.0347747788834137
10,11,0.062183,0.0336162070081653
10,12,-0.024029,-0.0723040543908431
10,13,-0.023366,0.0378525526531576
10,14,0.028754,0.00549082434787159
10,15,-0.043558,-0.00652559005466356
10,16,0.046654,0.0391034049540765
10,17,0.184075,-0.0214667209249338
10,18,-0.216413,-0.230228361338228
10,19,0.062804,0.0246511056476976
10,20,-0.074616,-0.0360266965009222
10,21,-0.0143,0.174152209543177
10,22,0.04787,0.102539529127456
10,23,-0.082083,0.104175816416513
10,24,0.016175,0.127235459036135
10,25,0.173492,0.122791937597683
10,26,-0.105713,-0.0575878203117499
10,27,-0.027983,0.0115198360146264
10,28,0.144904,0.0115618308098139
10,29,0.095784,-0.0927973333203859
10,30,-0.026763,-0.254251889955019
10,31,-0.18905,-0.226177293053621
10,32,-0.003163,0.0403844289335381
10,33,-0.014874,0.123222127966638
10,34,0.029237,0.227398748162092
10,35,-0.121888,0.117942267220515
10,36,0.034821,0.238899323906923
10,37,-0.036691,0.178261855948274
10,38,-0.002488,0.284444932090491
10,39,0.016179,0.206372701721503
10,40,0.035434,0.154696228796424
10,41,-0.041046,0.0350701690637139
10,42,-0.0317127,0.0825677270577643
10,43,0.0280037,0.108581877679371
10,44,-0.001262,0.0796850752011562
10,45,0.076483,0.056865812807064
10,46,0.027992,-0.0577259420876792
10,47,0.166046,-0.0978608911037427
10,48,-0.199629,-0.315532115031308
10,49,0.104479,-0.0233284328714422
10,50,0.027979,-0.1520501639858
10,51,-0.181583,-0.0666190738726759
10,52,0.11255,0.0749314636187072
10,53,-0.07835,0.0219001508883745
10,54,0.139872,0.140850360639214
10,55,-0.212006,-0.0784766337765635
10,56,0.080842,0.255624117674622
10,57,0.038554,0.064393553729418
10,58,0.080859,0.123053770961073
10,59,-0.025517,-0.099140196295539
10,60,-0.042275,-0.0480106404254839
10,61,0.1256,-0.0352858816671964
10,62,-0.108821,-0.111498345356416
10,63,0.045899,0.0288937676234598
10,64,-0.00484499999999999,-0.0608000272132355
10,65,-0.134958,0.00457687728080564
10,66,0.035446,0.145945659492512
10,67,0.034212,0.168016575957627
10,68,0.0597,0.121189148665649
10,69,-0.0112,-0.0190758608971404
10,70,-0.105717,-0.000758612937678649
10,71,-0.1019828,0.112165483746366
10,72,0.0839418,0.278449780090658
10,73,0.133716,0.190300055768332
10,74,0.060959,-0.033460806095944
10,75,-0.04105,-0.199161110743013
10,76,-0.054113,-0.142598978105242
10,77,-0.130591,-0.0138675924893754
10,78,0.057833,0.216287462567183
10,79,0.171008,0.140039179262025
10,80,-0.217658,-0.101354184061988
10,81,-0.013067,0.0959004072829383
10,82,0.05473,0.146254987180175
10,83,-0.015542,0.194097422346403
10,84,-0.018038,0.12586979517798
10,85,-0.00436199999999998,0.12019989620142
10,86,0.029242,0.0749197274428947
10,87,-0.00994600000000001,0.0437856004414744
10,88,-0.00311299999999998,0.0781826549323666
10,89,0.080842,0.0472859036439086
10,90,0.065308,-0.0713867036879431
10,91,-0.079617,-0.150393918103104
10,92,0.097651,-0.0559239586324524
10,93,-0.077126,-0.15099793831545
10,94,-0.113804,-0.00506709343449438
10,95,0.101984,0.119766949435824
10,96,-0.012425,0.0666908428356907
10,97,-0.0653,0.0546180137116536
10,98,-0.02488,0.103660476502601
10,99,0.106963,0.177414082759905
10,100,-0.092658,0.0308466063218868
10,101,-0.052842,0.134506492246076
10,102,0.170392,0.152953605889545
10,103,-0.021163,-0.0362658939880169
10,104,-0.115037,-0.0473614552439564
10,105,-0.016167,0.0683524503777231
10,106,0.070896,0.137015137466121
10,107,-0.032346,0.0545216620540863
10,108,0.058442,0.0832639467799629
10,109,0.016179,-0.0316914597061379
10,110,-0.01865,-0.0496707449888279
10,111,0.098879,-0.0223113332929718
10,112,-0.161071,-0.0975445979827301
10,113,0.06095,0.0823987769299309
10,114,0.042284,-0.0068611868568654
10,115,-0.051001,0.0223959566587535
10,116,-0.002475,0.0122055614471677
10,117,0.100746,0.0582273302733023
10,118,-0.075258,-0.0603547377739621
10,119,-0.13245,0.0306798502985936
10,120,0.080225,0.19133869208202
10,121,0.018033,0.130735056458172
10,122,-0.031096,0.0883094837661646
10,123,-0.010566,0.0766862842373455
10,124,0.073992,0.0925359050861816
10,125,0.00683299999999998,-0.00861554601188298
10,126,0.128733,-0.00288678647607991
10,127,-0.089546,-0.193939868908227
10,128,-0.077116,-0.0877629927845393
10,129,-0.00994999999999999,0.00518415649351062
10,130,-0.021763,0.129169595057696
10,131,0.029842,0.134258928328104
10,132,-0.026729,0.0829344284195087
10,133,-0.034205,0.100464134021119
10,134,0.00497500000000001,0.133701774209884
10,135,0.064055,0.158543361329867
10,136,-0.00312100000000001,0.0560777461804138
10,137,-0.034196,0.0118680202835094
10,138,0.154858,0.0232067041227502
10,139,0.047259,-0.147896626091945
10,140,-0.075867,-0.201268865477953
10,141,-0.100125,-0.134374067567504
10,142,-0.00623299999999999,0.0538017429020225
10,143,-0.00434600000000002,0.112695116417391
10,144,0.00745800000000002,0.150219843934137
10,145,0.026738,0.101995483329379
10,146,-0.06903,0.0462046315458776
10,147,0.008713,0.135272431280902
10,148,0.059079,0.145992297092886
10,149,-0.047887,0.0717346824978715
10,150,0.017412,0.0640649388023384
10,151,-0.037925,0.022906435096297
10,152,0.055346,0.089786923188697
10,153,-0.029238,0.00628582868635336
10,154,-4.000000000004e-06,0.0629805868887173
10,155,-0.00495800000000002,0.0188381905973925
10,156,-0.065925,0.0546233759796349
10,157,0.062829,0.128548830594649
10,158,0.022988,0.0620319517545552
10,159,-0.00248000000000001,0.0233471867481773
10,160,-0.049758,-0.016851627960111
10,161,0.023013,0.0690819033469154
10,162,0.027987,0.0464513946230185
10,163,0.043538,0.0274368802600293
10,164,0.00433299999999998,-0.05830471492921
10,165,-0.1193792,-0.0704923245337397
10,166,0.0447622,0.0851949742157778
10,167,0.072771,0.0766591255099906
10,168,-0.046654,0.0110406390085511
10,169,0.120013,0.00369582432559488
10,170,-0.131821,-0.142193321300691
10,171,0.004358,0.0527716948807737
10,172,0.013046,0.0433761213596223
10,173,-0.016779,0.112418113307811
10,174,0.011808,0.0489348480025315
10,175,-0.024246,0.0494852849833432
10,176,-0.011825,0.0760663255024766
10,177,0.086438,0.0951217108653289
10,178,0.041666,0.0014668579175863
10,179,0.032963,-0.0781202068425131
10,180,-0.161067,-0.154967764478784
11,1,0.119416,-0.139774716770247
11,2,-0.241929,-0.265692270844867
11,3,-0.026104,0.0271148717017963
11,4,0.040421,0.0785399399500191
11,5,-0.090175,0.152446290646842
11,6,0.114421,0.249714366462017
11,7,-0.014917,0.0102289351232454
11,8,0.062183,0.0103457324416081
11,9,-0.024029,-0.0688550954890515
11,10,-0.023366,0.0206583474215026
11,11,0.028754,0.0293201443014298
11,12,-0.043558,-0.00279550037062932
11,13,0.046654,0.0721185761721003
11,14,0.184075,-0.0140903416656037
11,15,-0.216413,-0.227855862412518
11,16,0.062804,0.0569448951378262
11,17,-0.074616,-0.0400513305858765
11,18,-0.0143,0.167653508104373
11,19,0.04787,0.164303239208295
11,20,-0.082083,0.0755912249203382
11,21,0.016175,0.141971207524059
11,22,0.173492,0.0975291542336608
11,23,-0.105713,-0.0719158988487022
11,24,-0.027983,0.0336583438216244
11,25,0.144904,0.00984848231618199
11,26,0.095784,-0.111329517448518
11,27,-0.026763,-0.198063225715144
11,28,-0.18905,-0.195951991614594
11,29,-0.003163,0.0479354139158283
11,30,-0.014874,0.135757842980628
11,31,0.029237,0.261095823913716
11,32,-0.121888,0.146559116760649
11,33,0.034821,0.206977026573905
11,34,-0.036691,0.148880343382832
11,35,-0.002488,0.25489973396123
11,36,0.016179,0.213092577378901
11,37,0.035434,0.119928221908452
11,38,-0.041046,0.0346175913828317
11,39,-0.0317127,0.075025073788408
11,40,0.0280037,0.109167760979169
11,41,-0.001262,0.0743307650611995
11,42,0.076483,0.0739745392009186
11,43,0.027992,-0.0542417069971304
11,44,0.166046,-0.0971724368982091
11,45,-0.199629,-0.302521728674086
11,46,0.104479,0.000741983366723459
11,47,0.027979,-0.126356839824166
11,48,-0.181583,-0.0566359284169386
11,49,0.11255,0.158800142107494
11,50,-0.07835,-0.0095814953225799
11,51,0.139872,0.156397640286379
11,52,-0.212006,-0.0600144014407944
11,53,0.080842,0.232554313224132
11,54,0.038554,0.0685782542924869
11,55,0.080859,0.0895586509720274
11,56,-0.025517,-0.0453703402874105
11,57,-0.042275,-0.0782203746587405
11,58,0.1256,-0.0183495036213374
11,59,-0.108821,-0.115207793684038
11,60,0.045899,0.0778346547039802
11,61,-0.00484499999999999,-0.04405002678853
11,62,-0.134958,-0.00170574717966332
11,63,0.035446,0.187041644713841
11,64,0.034212,0.147776244442767
11,65,0.0597,0.123090793838679
11,66,-0.0112,-0.00955849803366043
11,67,-0.105717,-0.018213846026126
11,68,-0.1019828,0.109198281112429
11,69,0.0839418,0.273943351115045
11,70,0.133716,0.196709950705964
11,71,0.060959,-0.0233511817881906
11,72,-0.04105,-0.19327920549189
11,73,-0.054113,-0.161695916995441
11,74,-0.130591,-0.0122255328427351
11,75,0.057833,0.247189532996845
11,76,0.171008,0.170574077557444
11,77,-0.217658,-0.091273904197484
11,78,-0.013067,0.119923243979752
11,79,0.05473,0.107292816094684
11,80,-0.015542,0.160505218128801
11,81,-0.018038,0.17554563299821
11,82,-0.00436199999999998,0.101047246449811
11,83,0.029242,0.0562759617700397
11,84,-0.00994600000000001,0.0404368808422701
11,85,-0.00311299999999998,0.0876106271503299
11,86,0.080842,0.0476631514350652
11,87,0.065308,-0.0732848524076689
11,88,-0.079617,-0.132742490764929
11,89,0.097651,-0.0346816895892803
11,90,-0.077126,-0.147596124438686
11,91,-0.113804,0.0211751021887753
11,92,0.101984,0.16261223960307
11,93,-0.012425,0.0498825134998504
11,94,-0.0653,0.0821373209678683
11,95,-0.02488,0.111522285462157
11,96,0.106963,0.142735290376926
11,97,-0.092658,0.0267961838163998
11,98,-0.052842,0.148863105541178
11,99,0.170392,0.149845839181893
11,100,-0.021163,-0.0678531352270474
11,101,-0.115037,-0.0113446117326024
11,102,-0.016167,0.0793703471849486
11,103,0.070896,0.10874838422622
11,104,-0.032346,0.0748614065605326
11,105,0.058442,0.111363098063056
11,106,0.016179,-0.0401176490507351
11,107,-0.01865,-0.0656679784286662
11,108,0.098879,-0.00143810939396129
11,109,-0.161071,-0.0974779925486348
11,110,0.06095,0.111394886628751
11,111,0.042284,0.00649067663866468
11,112,-0.051001,0.0197042394557376
11,113,-0.002475,0.0576526731929302
11,114,0.100746,0.0354477838220543
11,115,-0.075258,-0.0601826372182806
11,116,-0.13245,0.0508462860787336
11,117,0.080225,0.201105847062716
11,118,0.018033,0.107655771397739
11,119,-0.031096,0.111588977883347
11,120,-0.010566,0.0903215058195666
11,121,0.073992,0.0588331716013657
11,122,0.00683299999999998,-0.0142551111711418
11,123,0.128733,0.0108967233886372
11,124,-0.089546,-0.183524310350827
11,125,-0.077116,-0.0776794194964661
11,126,-0.00994999999999999,0.0348352347393473
11,127,-0.021763,0.128699956910855
11,128,0.029842,0.176103976027313
11,129,-0.026729,0.086060609827213
11,130,-0.034205,0.0894454736198852
11,131,0.00497500000000001,0.119222776367388
11,132,0.064055,0.142071006203464
11,133,-0.00312100000000001,0.0564812487398209
11,134,-0.034196,0.0165539109770563
11,135,0.154858,0.0247002961869643
11,136,0.047259,-0.155737703437635
11,137,-0.075867,-0.172571752179509
11,138,-0.100125,-0.0986504038960292
11,139,-0.00623299999999999,0.0535571119728581
11,140,-0.00434600000000002,0.138866428851433
11,141,0.00745800000000002,0.181501395050911
11,142,0.026738,0.112867932600531
11,143,-0.06903,0.0220071255166425
11,144,0.008713,0.123888392534319
11,145,0.059079,0.133066630365462
11,146,-0.047887,0.0648562300996403
11,147,0.017412,0.0821903208932302
11,148,-0.037925,0.0165492525158105
11,149,0.055346,0.0857876899208805
11,150,-0.029238,0.020640220789027
11,151,-4.000000000004e-06,0.0657356993926874
11,152,-0.00495800000000002,0.0306945276064816
11,153,-0.065925,0.045164268006623
11,154,0.062829,0.146144224615005
11,155,0.022988,0.0563106310128628
11,156,-0.00248000000000001,0.028444477830649
11,157,-0.049758,-0.00576284168465621
11,158,0.023013,0.0585731642514296
11,159,0.027987,0.0516305389280025
11,160,0.043538,0.0377123923898969
11,161,0.00433299999999998,-0.0391734030403008
11,162,-0.1193792,-0.0697030918510085
11,163,0.0447622,0.0971358816070921
11,164,0.072771,0.0770107690909694
11,165,-0.046654,0.0243119545055947
11,166,0.120013,0.0336963024780828
11,167,-0.131821,-0.159899355580098
11,168,0.004358,0.0595691485694828
11,169,0.013046,0.0649055852910425
11,170,-0.016779,0.10328472386968
11,171,0.011808,0.0899900858699794
11,172,-0.024246,0.0366357450156855
11,173,-0.011825,0.0759569940681854
11,174,0.086438,0.0910297377548575
11,175,0.041666,-0.000252948306241382
11,176,0.032963,-0.0681496666626366
11,177,-0.161067,-0.143038275591799
11,178,-0.012446,0.0871195955427739
11,179,-0.00620799999999999,0.137274716156111
11,180,0.0454,0.203962928633842
12,1,0.040421,0.0670425356776464
12,2,-0.090175,0.114050748103352
12,3,0.114421,0.220979226233842
12,4,-0.014917,0.0698202565867427
12,5,0.062183,0.00392660283925886
12,6,-0.024029,-0.115348166006429
12,7,-0.023366,0.0235441487223065
12,8,0.028754,0.00746725020227405
12,9,-0.043558,-0.0275206216631108
12,10,0.046654,0.0392062999140936
12,11,0.184075,-0.0270257574541056
12,12,-0.216413,-0.256832229429675
12,13,0.062804,-0.00339113847812757
12,14,-0.074616,-0.0590380430382421
12,15,-0.0143,0.14307110475274
12,16,0.04787,0.12529310665755
12,17,-0.082083,0.12051005260132
12,18,0.016175,0.12865942154249
12,19,0.173492,0.0978140721033833
12,20,-0.105713,-0.0644370750849609
12,21,-0.027983,0.0114252558972035
12,22,0.144904,-0.000548039836942599
12,23,0.095784,-0.12601049410472
12,24,-0.026763,-0.277389507324842
12,25,-0.18905,-0.23770104691793
12,26,-0.003163,0.00112020387530526
12,27,-0.014874,0.0721784253725412
12,28,0.029237,0.237909013059373
12,29,-0.121888,0.178906875281348
12,30,0.034821,0.242350489541762
12,31,-0.036691,0.153180704789225
12,32,-0.002488,0.273902004318895
12,33,0.016179,0.248991660867922
12,34,0.035434,0.174434391165293
12,35,-0.041046,0.0298613222203998
12,36,-0.0317127,0.0694357367078035
12,37,0.0280037,0.108102932008303
12,38,-0.001262,0.0746378880648895
12,39,0.076483,0.0565830388050243
12,40,0.027992,-0.0554313781262903
12,41,0.166046,-0.120877920178604
12,42,-0.199629,-0.353290593379217
12,43,0.104479,-0.0664627425118068
12,44,0.027979,-0.173507263951359
12,45,-0.181583,-0.105373577762935
12,46,0.11255,0.0845487215482742
12,47,-0.07835,0.0156022153507788
12,48,0.139872,0.117743984525297
12,49,-0.212006,-0.0811507165333162
12,50,0.080842,0.251527490665529
12,51,0.038554,0.0682367525898579
12,52,0.080859,0.0911539122267302
12,53,-0.025517,-0.0681866293362878
12,54,-0.042275,-0.0620307942262683
12,55,0.1256,-0.0721449138544967
12,56,-0.108821,-0.153943916049279
12,57,0.045899,0.0262370001631569
12,58,-0.00484499999999999,-0.0506253081798505
12,59,-0.134958,-0.032473154587437
12,60,0.035446,0.133663096968962
12,61,0.034212,0.170164192187261
12,62,0.0597,0.130333298933169
12,63,-0.0112,-0.0162224661541686
12,64,-0.105717,-0.0121569293626676
12,65,-0.1019828,0.0895014769852742
12,66,0.0839418,0.260041943285503
12,67,0.133716,0.217823227431047
12,68,0.060959,-0.0032457883106507
12,69,-0.04105,-0.204251276486108
12,70,-0.054113,-0.196953547833626
12,71,-0.130591,-0.0771022459121345
12,72,0.057833,0.204042961981658
12,73,0.171008,0.179749342933554
12,74,-0.217658,-0.0820625694031959
12,75,-0.013067,0.0831687936174105
12,76,0.05473,0.116469853920742
12,77,-0.015542,0.16071764770955
12,78,-0.018038,0.156935151348473
12,79,-0.00436199999999998,0.158693854271778
12,80,0.029242,0.0639901223295871
12,81,-0.00994600000000001,0.00372602858531031
12,82,-0.00311299999999998,0.0831546070527688
12,83,0.080842,0.0618741858387481
12,84,0.065308,-0.0940317499834944
12,85,-0.079617,-0.174582322574255
12,86,0.097651,-0.075036162160168
12,87,-0.077126,-0.181022575780548
12,88,-0.113804,-0.040936903707444
12,89,0.101984,0.12087627800172
12,90,-0.012425,0.065675213745139
12,91,-0.0653,0.0496820423964941
12,92,-0.02488,0.105868521112534
12,93,0.106963,0.169437621601062
12,94,-0.092658,0.0143870339217494
12,95,-0.052842,0.136896814319563
12,96,0.170392,0.177587092902504
12,97,-0.021163,-0.0586935351496079
12,98,-0.115037,-0.0659344496642088
12,99,-0.016167,0.075607165283082
12,100,0.070896,0.11677515471391
12,101,-0.032346,0.0333414252441755
12,102,0.058442,0.103279849621795
12,103,0.016179,-0.0128735415351682
12,104,-0.01865,-0.0944665921995938
12,105,0.098879,-0.057172624291907
12,106,-0.161071,-0.104694642369728
12,107,0.06095,0.0729935835938785
12,108,0.042284,-0.0180357353422399
12,109,-0.051001,0.00302003014112001
12,110,-0.002475,0.0172688121869364
12,111,0.100746,0.045532493583152
12,112,-0.075258,-0.0825083781793816
12,113,-0.13245,0.00874848039579738
12,114,0.080225,0.198548075924493
12,115,0.018033,0.126939223254694
12,116,-0.031096,0.0836002991183549
12,117,-0.010566,0.101274516064012
12,118,0.073992,0.0859958027879698
12,119,0.00683299999999998,-0.0435336337109735
12,120,0.128733,-0.0153790806530384
12,121,-0.089546,-0.186731060628857
12,122,-0.077116,-0.123608207329107
12,123,-0.00994999999999999,-0.0307585877374831
12,124,-0.021763,0.110109159343615
12,125,0.029842,0.151030087446454
12,126,-0.026729,0.10071558741166
12,127,-0.034205,0.0970672673816453
12,128,0.00497500000000001,0.112302057388904
12,129,0.064055,0.148237221744775
12,130,-0.00312100000000001,0.0698126942940318
12,131,-0.034196,0.0155613002804471
12,132,0.154858,0.0131563970519927
12,133,0.047259,-0.176950362682677
12,134,-0.075867,-0.230962244171701
12,135,-0.100125,-0.151123622568629
12,136,-0.00623299999999999,0.0178622937614452
12,137,-0.00434600000000002,0.0862175398685066
12,138,0.00745800000000002,0.164944852166734
12,139,0.026738,0.136490382235624
12,140,-0.06903,0.0342137983117246
12,141,0.008713,0.102843374911448
12,142,0.059079,0.141395733561312
12,143,-0.047887,0.0807468588123309
12,144,0.017412,0.0735746423694061
12,145,-0.037925,0.0177486963298045
12,146,0.055346,0.0696394780115541
12,147,-0.029238,-0.00276116627988565
12,148,-4.000000000004e-06,0.0617166502255428
12,149,-0.00495800000000002,0.0190260025149848
12,150,-0.065925,0.0313689743833362
12,151,0.062829,0.122808238945624
12,152,0.022988,0.0646890402025857
12,153,-0.00248000000000001,0.0206690025846672
12,154,-0.049758,-0.0232631578023793
12,155,0.023013,0.0483720496077491
12,156,0.027987,0.030990665764581
12,157,0.043538,0.0197840174607322
12,158,0.00433299999999998,-0.0521151299279759
12,159,-0.1193792,-0.0891172834174174
12,160,0.0447622,0.0538924956185768
12,161,0.072771,0.0614788663861518
12,162,-0.046654,0.0120891400200328
12,163,0.120013,0.0149454209786249
12,164,-0.131821,-0.161974369288318
12,165,0.004358,0.00795642726663944
12,166,0.013046,0.0285954795654738
12,167,-0.016779,0.111128281970803
12,168,0.011808,0.0647973196758947
12,169,-0.024246,0.0419334911171512
12,170,-0.011825,0.0642239587922281
12,171,0.086438,0.0776221067819896
12,172,0.041666,-0.00225355828799863
12,173,0.032963,-0.0792861313431161
12,174,-0.161067,-0.177883932274497
12,175,-0.012446,0.0460654927096577
12,176,-0.00620799999999999,0.107215555299422
12,177,0.0454,0.197458693516515
12,178,0.082713,0.102296164308035
12,179,-0.032334,-0.0508890243470014
12,180,-0.083967,-0.0742753200282592
13,1,-0.014917,0.0370049851402297
13,2,0.062183,0.0522970551757996
13,3,-0.024029,-0.0421784346951173
13,4,-0.023366,0.0878088552844988
13,5,0.028754,-0.04632551822955
13,6,-0.043558,-0.0178562284418282
13,7,0.046654,0.0298886569689466
13,8,0.184075,-0.0508003441501604
13,9,-0.216413,-0.220686995174321
13,10,0.062804,0.0456256699356391
13,11,-0.074616,-0.0825679675678308
13,12,-0.0143,0.187126665437786
13,13,0.04787,0.0647620894220516
13,14,-0.082083,0.127431083975922
13,15,0.016175,0.122428309935607
13,16,0.173492,0.140872345742648
13,17,-0.105713,-0.015529136527068
13,18,-0.027983,0.0215627814230135
13,19,0.144904,-0.00307010054673995
13,20,0.095784,-0.113714700282292
13,21,-0.026763,-0.258867007752444
13,22,-0.18905,-0.226941590954862
13,23,-0.003163,-0.00894432533788164
13,24,-0.014874,0.0676444518014374
13,25,0.029237,0.250857624341456
13,26,-0.121888,0.0988171438205877
13,27,0.034821,0.26475741281576
13,28,-0.036691,0.19697189915714
13,29,-0.002488,0.356912209498489
13,30,0.016179,0.224021605520871
13,31,0.035434,0.16546857508502
13,32,-0.041046,0.0454156846085295
13,33,-0.0317127,0.107312738920128
13,34,0.0280037,0.111010743311056
13,35,-0.001262,0.0655911109409714
13,36,0.076483,0.0669157934565278
13,37,0.027992,-0.0639463095572045
13,38,0.166046,-0.0894311331087802
13,39,-0.199629,-0.329980532020114
13,40,0.104479,-0.00198991002339967
13,41,0.027979,-0.235406219840142
13,42,-0.181583,-0.0676132628130899
13,43,0.11255,0.0392397967945185
13,44,-0.07835,-0.0118601544125942
13,45,0.139872,0.162048609090742
13,46,-0.212006,-0.0882441898136015
13,47,0.080842,0.333573790706533
13,48,0.038554,-0.0107079837036965
13,49,0.080859,0.190283497866982
13,50,-0.025517,-0.107140902521325
13,51,-0.042275,-0.0389514666746164
13,52,0.1256,-0.051636593670453
13,53,-0.108821,-0.131459800815257
13,54,0.045899,0.0517375523154112
13,55,-0.00484499999999999,-0.131574182902205
13,56,-0.134958,0.0141089764578126
13,57,0.035446,0.134224418040135
13,58,0.034212,0.171092051422719
13,59,0.0597,0.130705862496248
13,60,-0.0112,-0.00845098442541416
13,61,-0.105717,0.0418366088488657
13,62,-0.1019828,0.0982710667766852
13,63,0.0839418,0.281305412347844
13,64,0.133716,0.181583048008318
13,65,0.060959,-0.0273953709060068
13,66,-0.04105,-0.172985328633787
13,67,-0.054113,-0.129538544376794
13,68,-0.130591,-0.0235581850412327
13,69,0.057833,0.198925338461939
13,70,0.171008,0.0881530014316827
13,71,-0.217658,-0.114901480622437
13,72,-0.013067,0.133762676461513
13,73,0.05473,0.138142247316811
13,74,-0.015542,0.229598174813817
13,75,-0.018038,0.139648655119087
13,76,-0.00436199999999998,0.135147811275425
13,77,0.029242,0.0540031023608176
13,78,-0.00994600000000001,0.064206994319146
13,79,-0.00311299999999998,0.11964622944072
13,80,0.080842,0.0192912436764624
13,81,0.065308,-0.0780321494138597
13,82,-0.079617,-0.13953929966213
13,83,0.097651,-0.0598290405572056
13,84,-0.077126,-0.191031955893763
13,85,-0.113804,-0.00633956065311103
13,86,0.101984,0.0865877853248359
13,87,-0.012425,0.0433689388186479
13,88,-0.0653,0.0639860155031144
13,89,-0.02488,0.122024331404074
13,90,0.106963,0.193772025038008
13,91,-0.092658,0.0254276037853859
13,92,-0.052842,0.188504026087743
13,93,0.170392,0.132261673980445
13,94,-0.021163,-0.0511053250846781
13,95,-0.115037,-0.00594868040453292
13,96,-0.016167,0.064689457566933
13,97,0.070896,0.108697446344642
13,98,-0.032346,0.0432030323295378
13,99,0.058442,0.118818524816607
13,100,0.016179,-0.0526563854704031
13,101,-0.01865,-0.0451640293629376
13,102,0.098879,-0.00157228281825453
13,103,-0.161071,-0.105431187868407
13,104,0.06095,0.0701272030689905
13,105,0.042284,-0.0572752487628974
13,106,-0.051001,0.0424225740624244
13,107,-0.002475,-0.00293238387260588
13,108,0.100746,0.0680043418604928
13,109,-0.075258,-0.068295110057746
13,110,-0.13245,0.0512309077632791
13,111,0.080225,0.191200218516517
13,112,0.018033,0.0912854746402514
13,113,-0.031096,0.115898660329072
13,114,-0.010566,0.0958251610665263
13,115,0.073992,0.0950100155321527
13,116,0.00683299999999998,-0.00656413247282327
13,117,0.128733,0.0354033435510825
13,118,-0.089546,-0.214800997179865
13,119,-0.077116,-0.0971366534120208
13,120,-0.00994999999999999,-0.0294515744725168
13,121,-0.021763,0.113335494590256
13,122,0.029842,0.111805810253057
13,123,-0.026729,0.0836512364059787
13,124,-0.034205,0.123462311233929
13,125,0.00497500000000001,0.147779259501408
13,126,0.064055,0.19619085903583
13,127,-0.00312100000000001,0.0599859758724489
13,128,-0.034196,0.0222149088947098
13,129,0.154858,0.0200669347656359
13,130,0.047259,-0.163283065214101
13,131,-0.075867,-0.184839773259746
13,132,-0.100125,-0.156979395125905
13,133,-0.00623299999999999,0.0141581460781619
13,134,-0.00434600000000002,0.0712799714857228
13,135,0.00745800000000002,0.155169333173467
13,136,0.026738,0.100747291927713
13,137,-0.06903,0.054863931383784
13,138,0.008713,0.179879895025912
13,139,0.059079,0.164123656320067
13,140,-0.047887,0.0808236608427002
13,141,0.017412,0.0647476464011622
13,142,-0.037925,0.016062635562009
13,143,0.055346,0.0954386363211333
13,144,-0.029238,-0.00208341466586935
13,145,-4.000000000004e-06,0.0845816935566084
13,146,-0.00495800000000002,-0.00453108839256202
13,147,-0.065925,0.0624514868448795
13,148,0.062829,0.133731991848013
13,149,0.022988,0.0520870127269557
13,150,-0.00248000000000001,0.0402074118588486
13,151,-0.049758,-0.0190957580339584
13,152,0.023013,0.0827305296791287
13,153,0.027987,0.0298176617185088
13,154,0.043538,0.0351346177893015
13,155,0.00433299999999998,-0.0633788626889739
13,156,-0.1193792,-0.0784258236012696
13,157,0.0447622,0.0852499559722273
13,158,0.072771,0.0560267690496034
13,159,-0.046654,0.018187871463848
13,160,0.120013,0.00209985754566793
13,161,-0.131821,-0.152608982369601
13,162,0.004358,0.0743204402744647
13,163,0.013046,0.0153792964484571
13,164,-0.016779,0.12306319020941
13,165,0.011808,0.0169377062422282
13,166,-0.024246,0.0632046494572442
13,167,-0.011825,0.0866005007716942
13,168,0.086438,0.0972507565465665
13,169,0.041666,0.0235884173432667
13,170,0.032963,-0.0809484625069812
13,171,-0.161067,-0.159427859410327
13,172,-0.012446,0.0786087298200573
13,173,-0.00620799999999999,0.0784478306812454
13,174,0.0454,0.198525625776937
13,175,0.082713,0.0565667851533202
13,176,-0.032334,-0.0295658436236612
13,177,-0.083967,-0.0118872730847917
13,178,0.0137,0.110413555552748
13,179,0.032946,0.122701386331165
13,180,0.000613000000000002,0.0478865001898668
14,1,0.062183,-0.00964764053383885
14,2,-0.024029,-0.0325778822555952
14,3,-0.023366,0.072724970573122
14,4,0.028754,-0.00264402162473723
14,5,-0.043558,-0.0250952075570748
14,6,0.046654,0.0389690191960033
14,7,0.184075,-0.0444284776828069
14,8,-0.216413,-0.236873118271388
14,9,0.062804,0.0261729453642534
14,10,-0.074616,-0.0173265718938259
14,11,-0.0143,0.126858500211096
14,12,0.04787,0.119656570165906
14,13,-0.082083,0.0879401187933537
14,14,0.016175,0.114717927399991
14,15,0.173492,0.124720514449056
14,16,-0.105713,-0.0285163988405244
14,17,-0.027983,0.0079089419472573
14,18,0.144904,0.0426787730268996
14,19,0.095784,-0.131552796867887
14,20,-0.026763,-0.255735465164313
14,21,-0.18905,-0.203457672919353
14,22,-0.003163,0.00959626311599865
14,23,-0.014874,0.082691721086008
14,24,0.029237,0.224773267118292
14,25,-0.121888,0.115704643593254
14,26,0.034821,0.21228601316568
14,27,-0.036691,0.191135138205332
14,28,-0.002488,0.302221073869984
14,29,0.016179,0.254837267634102
14,30,0.035434,0.141488604753952
14,31,-0.041046,0.0440266071650157
14,32,-0.0317127,0.0916133108986537
14,33,0.0280037,0.12893415053454
14,34,-0.001262,0.0596893956081647
14,35,0.076483,0.0624438063333342
14,36,0.027992,-0.0573383228566806
14,37,0.166046,-0.105981258871543
14,38,-0.199629,-0.310500551605832
14,39,0.104479,-0.0209902976767656
14,40,0.027979,-0.148734142518181
14,41,-0.181583,-0.124528828948278
14,42,0.11255,0.0903875346558014
14,43,-0.07835,-0.01072408444867
14,44,0.139872,0.106928973412696
14,45,-0.212006,-0.0583047826424459
14,46,0.080842,0.271821914059783
14,47,0.038554,0.0603111956324452
14,48,0.080859,0.101579956889029
14,49,-0.025517,-0.0490229773281263
14,50,-0.042275,-0.0748806878372817
14,51,0.1256,-0.020667796593047
14,52,-0.108821,-0.138615166938313
14,53,0.045899,0.0528961796365663
14,54,-0.00484499999999999,-0.0814821935625041
14,55,-0.134958,-0.0323508909390259
14,56,0.035446,0.150837705174494
14,57,0.034212,0.169434088591058
14,58,0.0597,0.103009430971572
14,59,-0.0112,-0.0133067576648663
14,60,-0.105717,0.0244149689480262
14,61,-0.1019828,0.107030201920788
14,62,0.0839418,0.282829391416638
14,63,0.133716,0.190945824059018
14,64,0.060959,-0.053325468617001
14,65,-0.04105,-0.183407677751475
14,66,-0.054113,-0.135217395710452
14,67,-0.130591,-0.00679247232295492
14,68,0.057833,0.21768121684539
14,69,0.171008,0.124060903318198
14,70,-0.217658,-0.148498758390919
14,71,-0.013067,0.0995824464420624
14,72,0.05473,0.166607256970639
14,73,-0.015542,0.172179028800846
14,74,-0.018038,0.160490640746492
14,75,-0.00436199999999998,0.136873983348398
14,76,0.029242,0.0437303537688366
14,77,-0.00994600000000001,0.040880030230263
14,78,-0.00311299999999998,0.123215828908913
14,79,0.080842,0.0341150600741605
14,80,0.065308,-0.0853575707818119
14,81,-0.079617,-0.145197281084937
14,82,0.097651,-0.0484725268762716
14,83,-0.077126,-0.161837914025392
14,84,-0.113804,-0.031768180146585
14,85,0.101984,0.13114116618753
14,86,-0.012425,0.0325799358037147
14,87,-0.0653,0.0308165101696406
14,88,-0.02488,0.127224286940166
14,89,0.106963,0.178637996614718
14,90,-0.092658,0.0150635155952177
14,91,-0.052842,0.165241504976964
14,92,0.170392,0.171830561394484
14,93,-0.021163,-0.0781747782601206
14,94,-0.115037,-0.0299156572482419
14,95,-0.016167,0.100733436950764
14,96,0.070896,0.107474443594936
14,97,-0.032346,0.029621014308394
14,98,0.058442,0.111619929984519
14,99,0.016179,-0.0340108062145662
14,100,-0.01865,-0.0835539851897118
14,101,0.098879,0.0100387991817216
14,102,-0.161071,-0.0900095223739133
14,103,0.06095,0.0638752664424729
14,104,0.042284,-0.0127299096358977
14,105,-0.051001,-0.00646919434664517
14,106,-0.002475,0.0196440377739293
14,107,0.100746,0.0564951817694598
14,108,-0.075258,-0.0726949979283402
14,109,-0.13245,0.0306368715982786
14,110,0.080225,0.224766594442715
14,111,0.018033,0.0865985401535267
14,112,-0.031096,0.0806166140362012
14,113,-0.010566,0.108328866992703
14,114,0.073992,0.0805039848714874
14,115,0.00683299999999998,-0.0187304122342303
14,116,0.128733,0.0258736233299495
14,117,-0.089546,-0.179617020302168
14,118,-0.077116,-0.118779585301573
14,119,-0.00994999999999999,0.0158589097185091
14,120,-0.021763,0.102105095574778
14,121,0.029842,0.119369418375796
14,122,-0.026729,0.0711950488267761
14,123,-0.034205,0.0968109859335653
14,124,0.00497500000000001,0.134041878139913
14,125,0.064055,0.184164254061139
14,126,-0.00312100000000001,0.0634367926037603
14,127,-0.034196,0.0144477760448598
14,128,0.154858,0.030324661423285
14,129,0.047259,-0.160593263500534
14,130,-0.075867,-0.200034195641802
14,131,-0.100125,-0.11814170891271
14,132,-0.00623299999999999,0.0268597375425891
14,133,-0.00434600000000002,0.0795266191182752
14,134,0.00745800000000002,0.14190121179954
14,135,0.026738,0.10003115799974
14,136,-0.06903,0.0225072738540576
14,137,0.008713,0.153590987921096
14,138,0.059079,0.174187813575196
14,139,-0.047887,0.0727810388524443
14,140,0.017412,0.0663685720860623
14,141,-0.037925,0.0265053047793425
14,142,0.055346,0.0755682140522294
14,143,-0.029238,0.0120087188285931
14,144,-4.000000000004e-06,0.0656289770818294
14,145,-0.00495800000000002,0.0170319104175342
14,146,-0.065925,0.0395721099901111
14,147,0.062829,0.139720562787937
14,148,0.022988,0.055363215664408
14,149,-0.00248000000000001,0.0186249875659968
14,150,-0.049758,-0.0116280675590709
14,151,0.023013,0.0734389515526243
14,152,0.027987,0.0411150885034499
14,153,0.043538,0.0234456674410193
14,154,0.00433299999999998,-0.0503100005249637
14,155,-0.1193792,-0.0871047167465683
14,156,0.0447622,0.0865000695032969
14,157,0.072771,0.0727570034848959
14,158,-0.046654,-0.00272122125131904
14,159,0.120013,0.00844794766358181
14,160,-0.131821,-0.146336641851975
14,161,0.004358,0.0378610585485982
14,162,0.013046,0.0669820541402514
14,163,-0.016779,0.0935224120149968
14,164,0.011808,0.0381433102499979
14,165,-0.024246,0.0422604620322232
14,166,-0.011825,0.0781839739633321
14,167,0.086438,0.0886866158381425
14,168,0.041666,0.0236211747107947
14,169,0.032963,-0.0872044566263029
14,170,-0.161067,-0.146859504709572
14,171,-0.012446,0.0754201403297346
14,172,-0.00620799999999999,0.114849625831554
14,173,0.0454,0.168465622905105
14,174,0.082713,0.0700077083082346
14,175,-0.032334,-0.0640040772271786
14,176,-0.083967,-0.0285003436944094
14,177,0.0137,0.115477078344192
14,178,0.032946,0.139053878649342
14,179,0.000613000000000002,0.047559629812136
14,180,-0.027975,0.0132154289869582
15,1,-0.024029,0.0364454476778835
15,2,-0.023366,0.0390463214550447
15,3,0.028754,-0.0038464378085563
15,4,-0.043558,-0.0481894436893415
15,5,0.046654,0.0216715048006287
15,6,0.184075,-0.0202531745343022
15,7,-0.216413,-0.204762692197897
15,8,0.062804,0.0654839607175797
15,9,-0.074616,0.0519473558720093
15,10,-0.0143,0.0305646636886474
15,11,0.04787,0.0980963911103783
15,12,-0.082083,0.059873317180931
15,13,0.016175,0.152642671338588
15,14,0.173492,0.156677179148742
15,15,-0.105713,-0.0573265289042746
15,16,-0.027983,0.007810298105839
15,17,0.144904,0.103697211028827
15,18,0.095784,-0.156262921989692
15,19,-0.026763,-0.261945735159344
15,20,-0.18905,-0.13677315680746
15,21,-0.003163,0.0810406979578195
15,22,-0.014874,0.0633464526704672
15,23,0.029237,0.0893518512762566
15,24,-0.121888,0.0971851963526937
15,25,0.034821,0.264669461050582
15,26,-0.036691,0.245271415439632
15,27,-0.002488,0.224043571559857
15,28,0.016179,0.208864760781765
15,29,0.035434,0.114641054224067
15,30,-0.041046,0.0584501809267109
15,31,-0.0317127,0.0909571732071185
15,32,0.0280037,0.123010662669403
15,33,-0.001262,0.0300604107300425
15,34,0.076483,0.0387919970324058
15,35,0.027992,-0.0372376519067016
15,36,0.166046,-0.0703519295739935
15,37,-0.199629,-0.241402203337786
15,38,0.104479,-0.00620595755963406
15,39,0.027979,-0.0965707643743726
15,40,-0.181583,-0.199216565339096
15,41,0.11255,0.109585896343892
15,42,-0.07835,0.0194156176816795
15,43,0.139872,0.0779422892079319
15,44,-0.212006,-0.0103512050952353
15,45,0.080842,0.241799849010277
15,46,0.038554,0.117866956702797
15,47,0.080859,0.0106198262216799
15,48,-0.025517,-0.0364311047952512
15,49,-0.042275,-0.0337246797049102
15,50,0.1256,0.0449264373001607
15,51,-0.108821,-0.154245884808513
15,52,0.045899,0.0037568719268575
15,53,-0.00484499999999999,-0.0351505018283501
15,54,-0.134958,-0.0330910841706711
15,55,0.035446,0.164330082683174
15,56,0.034212,0.147122033814485
15,57,0.0597,0.0573806451971567
15,58,-0.0112,0.0142198618206203
15,59,-0.105717,0.0628732042473341
15,60,-0.1019828,0.138778216679557
15,61,0.0839418,0.231940792667129
15,62,0.133716,0.0925256061564671
15,63,0.060959,-0.0893547222684759
15,64,-0.04105,-0.0851720670735551
15,65,-0.054113,-0.0146587075290328
15,66,-0.130591,0.0153646387084832
15,67,0.057833,0.116739379909737
15,68,0.171008,0.0355682395694648
15,69,-0.217658,-0.163363479104065
15,70,-0.013067,0.185157627920343
15,71,0.05473,0.264233850207696
15,72,-0.015542,0.0767620088486369
15,73,-0.018038,0.0873430347814448
15,74,-0.00436199999999998,0.135416042509852
15,75,0.029242,0.0877785941894383
15,76,-0.00994600000000001,0.0468193600048894
15,77,-0.00311299999999998,0.0849030680204766
15,78,0.080842,0.0339969351837703
15,79,0.065308,-0.0659739711652362
15,80,-0.079617,-0.127780837826331
15,81,0.097651,-0.0117436157780627
15,82,-0.077126,-0.120032492894778
15,83,-0.113804,-0.0600431551910703
15,84,0.101984,0.136773624245543
15,85,-0.012425,0.00515199705015077
15,86,-0.0653,0.0115199636962714
15,87,-0.02488,0.173162026759906
15,88,0.106963,0.18961980581389
15,89,-0.092658,-0.00362343702064184
15,90,-0.052842,0.122837553895007
15,91,0.170392,0.192318070050878
15,92,-0.021163,-0.0854594357265799
15,93,-0.115037,-0.0453770587553536
15,94,-0.016167,0.146894286514073
15,95,0.070896,0.108389311403138
15,96,-0.032346,-0.025240955289686
15,97,0.058442,0.0698404596666464
15,98,0.016179,0.019547695431879
15,99,-0.01865,-0.0348528157993687
15,100,0.098879,0.0313666235636365
15,101,-0.161071,-0.104023626116799
15,102,0.06095,0.0484386710238563
15,103,0.042284,0.0209944685421598
15,104,-0.051001,-0.0564716531976125
15,105,-0.002475,0.0471232259436601
15,106,0.100746,0.0885009709210829
15,107,-0.075258,-0.0601977136728322
15,108,-0.13245,0.0240173187997731
15,109,0.080225,0.232020698699487
15,110,0.018033,0.0537946580326103
15,111,-0.031096,0.0238143981781566
15,112,-0.010566,0.129102426807735
15,113,0.073992,0.121074126009205
15,114,0.00683299999999998,-0.00543519339969924
15,115,0.128733,-0.00363543864241632
15,116,-0.089546,-0.152269937868546
15,117,-0.077116,-0.0834376101383527
15,118,-0.00994999999999999,0.0632107648957841
15,119,-0.021763,0.038406263750553
15,120,0.029842,0.0621792477912423
15,121,-0.026729,0.0741049603425542
15,122,-0.034205,0.133874122546818
15,123,0.00497500000000001,0.16939078939227
15,124,0.064055,0.153735559563568
15,125,-0.00312100000000001,0.023715852341024
15,126,-0.034196,0.0124972908981569
15,127,0.154858,0.0655153663202293
15,128,0.047259,-0.139726848076739
15,129,-0.075867,-0.19959302295056
15,130,-0.100125,-0.0565656325855172
15,131,-0.00623299999999999,0.0519177607156797
15,132,-0.00434600000000002,0.0327464960055757
15,133,0.00745800000000002,0.0648073215356785
15,134,0.026738,0.106990840199539
15,135,-0.06903,0.0841305010867524
15,136,0.008713,0.184067583419551
15,137,0.059079,0.153354915242418
15,138,-0.047887,0.0161999121270667
15,139,0.017412,0.0560297845796301
15,140,-0.037925,0.0565753872358395
15,141,0.055346,0.0680537570418163
15,142,-0.029238,0.00949239436264286
15,143,-4.000000000004e-06,0.041385431067995
15,144,-0.00495800000000002,0.0462886709458998
15,145,-0.065925,0.0403441402554955
15,146,0.062829,0.127234901222139
15,147,0.022988,0.0412005286154612
15,148,-0.00248000000000001,0.0032276619570985
15,149,-0.049758,0.026616824094159
15,150,0.023013,0.0920060079743576
15,151,0.027987,0.0349574368400218
15,152,0.043538,-0.0130240343721693
15,153,0.00433299999999998,-0.0404917826716833
15,154,-0.1193792,-0.0446338281970679
15,155,0.0447622,0.115511158063395
15,156,0.072771,0.0547038389045264
15,157,-0.046654,-0.0623653542936661
15,158,0.120013,0.0303598369145324
15,159,-0.131821,-0.0716353450723153
15,160,0.004358,0.0497343670049884
15,161,0.013046,0.0818908812275466
15,162,-0.016779,0.0142980916494401
15,163,0.011808,0.034315366057494
15,164,-0.024246,0.0651358648614604
15,165,-0.011825,0.0992691518870854
15,166,0.086438,0.0932763939330334
15,167,0.041666,0.00342587866160496
15,168,0.032963,-0.0843964080832577
15,169,-0.161067,-0.0885199776838024
15,170,-0.012446,0.0962106412372462
15,171,-0.00620799999999999,0.0990253178261792
15,172,0.0454,0.0678860241695071
15,173,0.082713,0.0562137265446917
15,174,-0.032334,-0.0119190291796722
15,175,-0.083967,0.0489709127811694
15,176,0.0137,0.139986857793335
15,177,0.032946,0.0775956562650038
15,178,0.000613000000000002,-0.0239524716286447
15,179,-0.027975,0.0192067702127637
15,180,0.089558,0.0762658665239113
16,1,0.028754,0.00306406430468349
16,2,-0.043558,-0.0153989433983302
16,3,0.046654,0.0196451735580129
16,4,0.184075,-0.0262492455887227
16,5,-0.216413,-0.242573464292828
16,6,0.062804,0.0716806893470993
16,7,-0.074616,-0.00115455423582289
16,8,-0.0143,0.0707248084937585
16,9,0.04787,0.165162884662635
16,10,-0.082083,0.037653562081095
16,11,0.016175,0.0990436230560132
16,12,0.173492,0.174603421823282
16,13,-0.105713,-0.0749842671807714
16,14,-0.027983,0.0506696051762098
16,15,0.144904,0.0569455183746186
16,16,0.095784,-0.172096152421516
16,17,-0.026763,-0.195421982438554
16,18,-0.18905,-0.170025793304656
16,19,-0.003163,-0.0104872442680309
16,20,-0.014874,0.102516757642732
16,21,0.029237,0.191681437632629
16,22,-0.121888,0.0945488373342951
16,23,0.034821,0.190935711892617
16,24,-0.036691,0.198725684671431
16,25,-0.002488,0.297055878584088
16,26,0.016179,0.239451456784677
16,27,0.035434,0.112304583713672
16,28,-0.041046,0.0431681694477573
16,29,-0.0317127,0.115798210443147
16,30,0.0280037,0.11004435778492
16,31,-0.001262,0.0526069738849347
16,32,0.076483,0.0625461412244933
16,33,0.027992,-0.0528903718531705
16,34,0.166046,-0.101737002562471
16,35,-0.199629,-0.266292592531942
16,36,0.104479,0.00171642523304592
16,37,0.027979,-0.130157180752982
16,38,-0.181583,-0.153080933667654
16,39,0.11255,0.133917837438203
16,40,-0.07835,-0.0383401278530851
16,41,0.139872,0.0658979518277598
16,42,-0.212006,0.0272765094880455
16,43,0.080842,0.206039183785927
16,44,0.038554,0.0821474753766026
16,45,0.080859,0.0835467949415878
16,46,-0.025517,-0.0359719945115528
16,47,-0.042275,-0.0590284418037654
16,48,0.1256,-0.0269746814414369
16,49,-0.108821,-0.0964689971994007
16,50,0.045899,0.0359745412150103
16,51,-0.00484499999999999,-0.0631721441093077
16,52,-0.134958,-0.0636232956401487
16,53,0.035446,0.190739886721203
16,54,0.034212,0.146661245095587
16,55,0.0597,0.0556453145980112
16,56,-0.0112,0.0381068263485066
16,57,-0.105717,0.00856365242377283
16,58,-0.1019828,0.118422810910062
16,59,0.0839418,0.284352502267832
16,60,0.133716,0.140383153611984
16,61,0.060959,-0.0617275541350421
16,62,-0.04105,-0.151857485090936
16,63,-0.054113,-0.101416824595175
16,64,-0.130591,0.0190484220022465
16,65,0.057833,0.212112112867787
16,66,0.171008,0.0807837235196359
16,67,-0.217658,-0.175945927337745
16,68,-0.013067,0.140334081422473
16,69,0.05473,0.178389752292153
16,70,-0.015542,0.119744067409084
16,71,-0.018038,0.2026907801087
16,72,-0.00436199999999998,0.101301005967123
16,73,0.029242,0.0079477611136729
16,74,-0.00994600000000001,0.0978866998692234
16,75,-0.00311299999999998,0.106524043198094
16,76,0.080842,0.021105198468293
16,77,0.065308,-0.0769706440072067
16,78,-0.079617,-0.124487283518965
16,79,0.097651,-0.0231426532550528
16,80,-0.077126,-0.159368433320818
16,81,-0.113804,-0.0263984479625211
16,82,0.101984,0.155543299937081
16,83,-0.012425,-0.0188819470345771
16,84,-0.0653,0.0313854869963324
16,85,-0.02488,0.169279120830656
16,86,0.106963,0.125810629113562
16,87,-0.092658,0.0290739378098549
16,88,-0.052842,0.183509302035105
16,89,0.170392,0.145441888319277
16,90,-0.021163,-0.0988130102648475
16,91,-0.115037,0.00698820738994388
16,92,-0.016167,0.125191113694334
16,93,0.070896,0.0520685744329895
16,94,-0.032346,0.0475741807148892
16,95,0.058442,0.122942567594718
16,96,0.016179,-0.0642519405500568
16,97,-0.01865,-0.0661677112097325
16,98,0.098879,0.0552452852612911
16,99,-0.161071,-0.100829918226765
16,100,0.06095,0.058109056722792
16,101,0.042284,0.0111168312917923
16,102,-0.051001,-0.0489380349489795
16,103,-0.002475,0.0612116524375929
16,104,0.100746,0.0498718943290909
16,105,-0.075258,-0.0946926717450821
16,106,-0.13245,0.084658575738334
16,107,0.080225,0.205221517036433
16,108,0.018033,0.0447074572763875
16,109,-0.031096,0.0897630282669943
16,110,-0.010566,0.124301921387782
16,111,0.073992,0.0446200569584682
16,112,0.00683299999999998,0.0036606462552287
16,113,0.128733,0.0518240642698962
16,114,-0.089546,-0.187628346746969
16,115,-0.077116,-0.102171492873677
16,116,-0.00994999999999999,0.0523745029045551
16,117,-0.021763,0.0674376272374466
16,118,0.029842,0.105920287122358
16,119,-0.026729,0.0727058722940407
16,120,-0.034205,0.0705673727055117
16,121,0.00497500000000001,0.163096763782628
16,122,0.064055,0.172580109938177
16,123,-0.00312100000000001,0.0500090431206145
16,124,-0.034196,0.022923585191883
16,125,0.154858,0.0334158624009917
16,126,0.047259,-0.154713912521282
16,127,-0.075867,-0.173318154691269
16,128,-0.100125,-0.0772120239718895
16,129,-0.00623299999999999,0.00805703673102071
16,130,-0.00434600000000002,0.073501329614108
16,131,0.00745800000000002,0.137318186917926
16,132,0.026738,0.0702263243445698
16,133,-0.06903,0.0232235760217242
16,134,0.008713,0.175375905987446
16,135,0.059079,0.17578027118532
16,136,-0.047887,0.0441982465499411
16,137,0.017412,0.0775601704260657
16,138,-0.037925,0.0269383314782107
16,139,0.055346,0.0599828110125894
16,140,-0.029238,0.0362205676648955
16,141,-4.000000000004e-06,0.0503214569170961
16,142,-0.00495800000000002,0.0205815374268912
16,143,-0.065925,0.042048404806128
16,144,0.062829,0.137647332004325
16,145,0.022988,0.0521747527498802
16,146,-0.00248000000000001,0.000617581821998878
16,147,-0.049758,0.0196051079320731
16,148,0.023013,0.0661946828052233
16,149,0.027987,0.039804972057277
16,150,0.043538,0.0295029630899622
16,151,0.00433299999999998,-0.0526187278186458
16,152,-0.1193792,-0.0763093727107219
16,153,0.0447622,0.100898994390302
16,154,0.072771,0.0700310949208727
16,155,-0.046654,-0.0257290622520468
16,156,0.120013,0.0327189321785724
16,157,-0.131821,-0.145321800409057
16,158,0.004358,0.0447049237914243
16,159,0.013046,0.109632610519705
16,160,-0.016779,0.0344742906893158
16,161,0.011808,0.0509139838559274
16,162,-0.024246,0.0504216879241582
16,163,-0.011825,0.0525011058748937
16,164,0.086438,0.122333856857206
16,165,0.041666,0.00480328134194118
16,166,0.032963,-0.0798320969832218
16,167,-0.161067,-0.114663572222063
16,168,-0.012446,0.0775333679521177
16,169,-0.00620799999999999,0.114457507412843
16,170,0.0454,0.133339400450575
16,171,0.082713,0.0658489431446757
16,172,-0.032334,-0.0671936191625747
16,173,-0.083967,-0.00792232931928557
16,174,0.0137,0.153585576510715
16,175,0.032946,0.104848483764977
16,176,0.000613000000000002,0.0365498785923134
16,177,-0.027975,0.0170929157614809
16,178,0.089558,0.0175229185908587
16,179,-0.053487,-0.0519759301817561
16,180,-0.091417,0.0671587568053956
17,1,-0.043558,-0.0181006098620452
17,2,0.046654,0.0280059250476306
17,3,0.184075,-0.0114163918617174
17,4,-0.216413,-0.227645650754527
17,5,0.062804,0.0647639074642616
17,6,-0.074616,-0.00925512034356762
17,7,-0.0143,0.0778063792064257
17,8,0.04787,0.122027292389321
17,9,-0.082083,0.107170188336282
17,10,0.016175,0.122572496174087
17,11,0.173492,0.149299895658885
17,12,-0.105713,-0.056260025628077
17,13,-0.027983,0.0674580836960298
17,14,0.144904,0.0663586430635578
17,15,0.095784,-0.148554446950642
17,16,-0.026763,-0.232876490489192
17,17,-0.18905,-0.140143076839006
17,18,-0.003163,0.0200845451444117
17,19,-0.014874,0.033726347321731
17,20,0.029237,0.161248487085679
17,21,-0.121888,0.15245795723169
17,22,0.034821,0.252875000017306
17,23,-0.036691,0.175602285736743
17,24,-0.002488,0.278304231941039
17,25,0.016179,0.259816945554027
17,26,0.035434,0.178263523711995
17,27,-0.041046,0.0522333233956482
17,28,-0.0317127,0.116219779982475
17,29,0.0280037,0.123409288798268
17,30,-0.001262,0.0664080495001932
17,31,0.076483,0.0621547472234884
17,32,0.027992,-0.0251871886052046
17,33,0.166046,-0.0794005179271708
17,34,-0.199629,-0.273915780269939
17,35,0.104479,-0.00307803721177719
17,36,0.027979,-0.144560769286908
17,37,-0.181583,-0.145307269184488
17,38,0.11255,0.100903409685591
17,39,-0.07835,0.00920562963142448
17,40,0.139872,0.0661103247376664
17,41,-0.212006,-0.0118755315104556
17,42,0.080842,0.263028218177158
17,43,0.038554,0.0789740823061319
17,44,0.080859,0.0786739497651458
17,45,-0.025517,-0.0314155141419318
17,46,-0.042275,0.00642370637301433
17,47,0.1256,-0.0382296041939759
17,48,-0.108821,-0.126682369619206
17,49,0.045899,0.0311856329588477
17,50,-0.00484499999999999,-0.0279169112283478
17,51,-0.134958,-0.0474677537557422
17,52,0.035446,0.148647970728453
17,53,0.034212,0.16124280001843
17,54,0.0597,0.0850066809249392
17,55,-0.0112,0.0362999628187019
17,56,-0.105717,0.0465221998390162
17,57,-0.1019828,0.121877641890451
17,58,0.0839418,0.250200105422924
17,59,0.133716,0.152222981104727
17,60,0.060959,-0.0141956345550298
17,61,-0.04105,-0.10954054233426
17,62,-0.054113,-0.0858814150876798
17,63,-0.130591,-0.0276643780925129
17,64,0.057833,0.17250360328774
17,65,0.171008,0.105426503129352
17,66,-0.217658,-0.116873069123369
17,67,-0.013067,0.150182610033263
17,68,0.05473,0.174091356411213
17,69,-0.015542,0.106557099071621
17,70,-0.018038,0.168862385359532
17,71,-0.00436199999999998,0.185831465732554
17,72,0.029242,0.0562475944303529
17,73,-0.00994600000000001,0.0447825843866293
17,74,-0.00311299999999998,0.109303017802239
17,75,0.080842,0.0709889325353612
17,76,0.065308,-0.0706366671136659
17,77,-0.079617,-0.128534311715803
17,78,0.097651,-0.0150992501213258
17,79,-0.077126,-0.151001386694453
17,80,-0.113804,-0.041655651292004
17,81,0.101984,0.132751887523273
17,82,-0.012425,0.01983440737557
17,83,-0.0653,0.029032464673248
17,84,-0.02488,0.166713886335369
17,85,0.106963,0.16736931210432
17,86,-0.092658,0.012137291367756
17,87,-0.052842,0.174922629866421
17,88,0.170392,0.194160059540728
17,89,-0.021163,-0.0728552222677774
17,90,-0.115037,-0.0238994340841643
17,91,-0.016167,0.148425795176041
17,92,0.070896,0.0891804623406811
17,93,-0.032346,0.00283534963329908
17,94,0.058442,0.125590715101201
17,95,0.016179,0.0110358198401635
17,96,-0.01865,-0.0595570364411439
17,97,0.098879,0.00505211728323396
17,98,-0.161071,-0.0772996165648576
17,99,0.06095,0.0753266755764382
17,100,0.042284,-0.00144277673520657
17,101,-0.051001,-0.029915819416514
17,102,-0.002475,0.0486912806704161
17,103,0.100746,0.0801944946137571
17,104,-0.075258,-0.0853597815657208
17,105,-0.13245,0.057912522468864
17,106,0.080225,0.219677052686531
17,107,0.018033,0.0752117341524103
17,108,-0.031096,0.065523037076134
17,109,-0.010566,0.149262269834334
17,110,0.073992,0.103236431218962
17,111,0.00683299999999998,-0.0219709053015632
17,112,0.128733,0.0322118123207335
17,113,-0.089546,-0.140435884576593
17,114,-0.077116,-0.0788018155690602
17,115,-0.00994999999999999,0.0110033812280358
17,116,-0.021763,0.0662274034298138
17,117,0.029842,0.100529818806371
17,118,-0.026729,0.103120197850947
17,119,-0.034205,0.107220229636755
17,120,0.00497500000000001,0.150222766807537
17,121,0.064055,0.16394233818312
17,122,-0.00312100000000001,0.0725365718012978
17,123,-0.034196,0.0493608069517682
17,124,0.154858,0.0526032343203514
17,125,0.047259,-0.149527278052113
17,126,-0.075867,-0.181454522035929
17,127,-0.100125,-0.0705806952738369
17,128,-0.00623299999999999,0.0220749118392236
17,129,-0.00434600000000002,0.0325027840048328
17,130,0.00745800000000002,0.124641880120657
17,131,0.026738,0.124899045744035
17,132,-0.06903,0.059702576430831
17,133,0.008713,0.149587540769201
17,134,0.059079,0.167354726005334
17,135,-0.047887,0.0719953714591931
17,136,0.017412,0.0951019968423641
17,137,-0.037925,0.050172513861019
17,138,0.055346,0.0689393268786786
17,139,-0.029238,0.0177666254451541
17,140,-4.000000000004e-06,0.0741482256328629
17,141,-0.00495800000000002,0.0388128330770591
17,142,-0.065925,0.0464917959937505
17,143,0.062829,0.127473530409062
17,144,0.022988,0.0674848616870548
17,145,-0.00248000000000001,0.0223998913381047
17,146,-0.049758,0.0263650168159529
17,147,0.023013,0.0800084622782212
17,148,0.027987,0.0333810697665614
17,149,0.043538,0.0261299802112173
17,150,0.00433299999999998,-0.0279440497079057
17,151,-0.1193792,-0.0489321662343404
17,152,0.0447622,0.0848227670624932
17,153,0.072771,0.0556446521477688
17,154,-0.046654,-0.0136094881509699
17,155,0.120013,0.0511599090853801
17,156,-0.131821,-0.109440790699004
17,157,0.004358,0.034234282089538
17,158,0.013046,0.0670147506151552
17,159,-0.016779,0.069205541475713
17,160,0.011808,0.0556253466727485
17,161,-0.024246,0.0723625968853862
17,162,-0.011825,0.0693086977757578
17,163,0.086438,0.10629898098405
17,164,0.041666,0.0130283423230327
17,165,0.032963,-0.0492910249843096
17,166,-0.161067,-0.106334805615695
17,167,-0.012446,0.0792427494480917
17,168,-0.00620799999999999,0.0882644942204166
17,169,0.0454,0.133194650442859
17,170,0.082713,0.0883954458398161
17,171,-0.032334,-0.0116947641505656
17,172,-0.083967,-0.00612431181200353
17,173,0.0137,0.124124530686615
17,174,0.032946,0.101858525926006
17,175,0.000613000000000002,0.0516362230585102
17,176,-0.027975,0.0439868421298984
17,177,0.089558,0.0527642178941585
17,178,-0.053487,-0.0631375563086207
17,179,-0.091417,0.0481898185993882
17,180,0.043529,0.159896718083603
18,1,0.046654,0.0258569447951756
18,2,0.184075,-0.0227866895854126
18,3,-0.216413,-0.208866323343838
18,4,0.062804,0.0425616004817364
18,5,-0.074616,0.0673434124066577
18,6,-0.0143,0.140967109590809
18,7,0.04787,0.0863538328404991
18,8,-0.082083,0.110751225863357
18,9,0.016175,0.108671344329132
18,10,0.173492,0.209348425014479
18,11,-0.105713,-0.00675483942183958
18,12,-0.027983,-0.00974483036642328
18,13,0.144904,0.109429639397665
18,14,0.095784,-0.096544112139853
18,15,-0.026763,-0.279972274966114
18,16,-0.18905,-0.181119527802939
18,17,-0.003163,0.0657531199074509
18,18,-0.014874,0.149749658002356
18,19,0.029237,0.196092218722581
18,20,-0.121888,0.054710541101592
18,21,0.034821,0.254580127355744
18,22,-0.036691,0.274517875666895
18,23,-0.002488,0.34486531668609
18,24,0.016179,0.235527014155055
18,25,0.035434,0.155921908936593
18,26,-0.041046,0.0611342496290644
18,27,-0.0317127,0.13111082419331
18,28,0.0280037,0.154764284577881
18,29,-0.001262,0.0762872373177127
18,30,0.076483,0.0635134399264549
18,31,0.027992,-0.0436331865085361
18,32,0.166046,-0.0771754696682077
18,33,-0.199629,-0.267577088681212
18,34,0.104479,0.0143793583542942
18,35,0.027979,-0.103409633304888
18,36,-0.181583,-0.118376369464524
18,37,0.11255,0.0540755312061615
18,38,-0.07835,0.057580435687385
18,39,0.139872,0.100195017878701
18,40,-0.212006,-0.0240326013396262
18,41,0.080842,0.304836254418817
18,42,0.038554,0.0898171275816894
18,43,0.080859,0.150294789277724
18,44,-0.025517,-0.0992066335714676
18,45,-0.042275,-0.0247467462973707
18,46,0.1256,0.0272991562164842
18,47,-0.108821,-0.0838948936295178
18,48,0.045899,0.0270265873019583
18,49,-0.00484499999999999,-0.0713349880685393
18,50,-0.134958,0.00789205403267308
18,51,0.035446,0.162314987077694
18,52,0.034212,0.220006157806512
18,53,0.0597,0.0837440986083852
18,54,-0.0112,-0.000818191175789004
18,55,-0.105717,0.0724306403196367
18,56,-0.1019828,0.150561380653255
18,57,0.0839418,0.336712697641154
18,58,0.133716,0.169700125963515
18,59,0.060959,-0.0989995389878853
18,60,-0.04105,-0.163708122802631
18,61,-0.054113,-0.0403085493063495
18,62,-0.130591,0.0781923649231768
18,63,0.057833,0.22516182103635
18,64,0.171008,0.0791534804925748
18,65,-0.217658,-0.186974106522437
18,66,-0.013067,0.119699125409189
18,67,0.05473,0.291553004753371
18,68,-0.015542,0.215571001746527
18,69,-0.018038,0.10874221392001
18,70,-0.00436199999999998,0.146349701818142
18,71,0.029242,0.0711221537101681
18,72,-0.00994600000000001,0.103109370136492
18,73,-0.00311299999999998,0.136015111175066
18,74,0.080842,0.0300561569398155
18,75,0.065308,-0.0502776505868136
18,76,-0.079617,-0.126408612460573
18,77,0.097651,-0.0228799057015958
18,78,-0.077126,-0.112135925558984
18,79,-0.113804,-0.0200530089406901
18,80,0.101984,0.141768715728735
18,81,-0.012425,0.05994207492923
18,82,-0.0653,0.0078427266319573
18,83,-0.02488,0.166317003314387
18,84,0.106963,0.235632167720721
18,85,-0.092658,0.0355171977618348
18,86,-0.052842,0.171826439693513
18,87,0.170392,0.187558517427503
18,88,-0.021163,-0.0367926403161409
18,89,-0.115037,-0.0372445685399204
18,90,-0.016167,0.134829889857978
18,91,0.070896,0.163305824537485
18,92,-0.032346,0.0334834479672244
18,93,0.058442,0.0954396695036288
18,94,0.016179,-0.0238150417691726
18,95,-0.01865,-0.0265659192596653
18,96,0.098879,0.060152689990565
18,97,-0.161071,-0.0675765089882509
18,98,0.06095,0.0530195101643873
18,99,0.042284,0.030562089012332
18,100,-0.051001,0.00561878217781228
18,101,-0.002475,0.00364061881492652
18,102,0.100746,0.121006632258702
18,103,-0.075258,-0.051092600073196
18,104,-0.13245,0.0511801154241698
18,105,0.080225,0.257341788962913
18,106,0.018033,0.113157223841204
18,107,-0.031096,0.0659088533636135
18,108,-0.010566,0.111628256836069
18,109,0.073992,0.130682739317159
18,110,0.00683299999999998,0.027373136884475
18,111,0.128733,0.0455944814894337
18,112,-0.089546,-0.179044510116346
18,113,-0.077116,-0.0925003402650421
18,114,-0.00994999999999999,0.0730780995068326
18,115,-0.021763,0.133188526750065
18,116,0.029842,0.0789042196995539
18,117,-0.026729,0.0768904427593799
18,118,-0.034205,0.124520538756656
18,119,0.00497500000000001,0.192947434397924
18,120,0.064055,0.231296051824979
18,121,-0.00312100000000001,0.0557272143112172
18,122,-0.034196,0.0185443753060869
18,123,0.154858,0.0643566408431527
18,124,0.047259,-0.116450266391707
18,125,-0.075867,-0.196466528761782
18,126,-0.100125,-0.0953789658332706
18,127,-0.00623299999999999,0.0875549730010765
18,128,-0.00434600000000002,0.0972918953966689
18,129,0.00745800000000002,0.119329232854306
18,130,0.026738,0.0796324412534273
18,131,-0.06903,0.0679136192969207
18,132,0.008713,0.220180114849914
18,133,0.059079,0.218998252036783
18,134,-0.047887,0.0705651556172986
18,135,0.017412,0.055216645994571
18,136,-0.037925,0.0660568284302641
18,137,0.055346,0.105596497701572
18,138,-0.029238,0.0325605626455253
18,139,-4.000000000004e-06,0.0766876775826913
18,140,-0.00495800000000002,0.0298103779035107
18,141,-0.065925,0.0845169368209071
18,142,0.062829,0.15377200294313
18,143,0.022988,0.078226841443602
18,144,-0.00248000000000001,0.0199502573118666
18,145,-0.049758,0.0100337135467701
18,146,0.023013,0.125833788331424
18,147,0.027987,0.0676959347056686
18,148,0.043538,0.0333104400989141
18,149,0.00433299999999998,-0.0545791285778459
18,150,-0.1193792,-0.0565531929806675
18,151,0.0447622,0.134835998942568
18,152,0.072771,0.114625392535078
18,153,-0.046654,-0.0186059813597365
18,154,0.120013,-0.00547338779518011
18,155,-0.131821,-0.086287775543274
18,156,0.004358,0.0770235320904078
18,157,0.013046,0.112808734113859
18,158,-0.016779,0.100619073833832
18,159,0.011808,0.00250019361463864
18,160,-0.024246,0.088944680766491
18,161,-0.011825,0.103481437850767
18,162,0.086438,0.131282608444641
18,163,0.041666,0.0466599116577547
18,164,0.032963,-0.094148780582853
18,165,-0.161067,-0.110381019268215
18,166,-0.012446,0.124288571597106
18,167,-0.00620799999999999,0.153616606536638
18,168,0.0454,0.157649768611561
18,169,0.082713,0.0309474044925514
18,170,-0.032334,-0.0309908990566908
18,171,-0.083967,0.0254646069817788
18,172,0.0137,0.194263183145517
18,173,0.032946,0.164076936620009
18,174,0.000613000000000002,0.0126824205262109
18,175,-0.027975,0.00355039150467518
18,176,0.089558,0.0630406354151823
18,177,-0.053487,-0.0112724859742629
18,178,-0.091417,0.0729471202296575
18,179,0.043529,0.164234932887112
18,180,-0.0572082,0.105932132047006
19,1,-0.216413,-0.221305211047966
19,2,0.062804,0.132153013100316
19,3,-0.074616,0.064043315445612
19,4,-0.0143,0.0467339910440242
19,5,0.04787,0.1610023684447
19,6,-0.082083,0.0538455916951571
19,7,0.016175,0.163367124629507
19,8,0.173492,0.113576574758029
19,9,-0.105713,-0.0878829055099059
19,10,-0.027983,0.0710550689445053
19,11,0.144904,0.133619102256586
19,12,0.095784,-0.165605031771688
19,13,-0.026763,-0.209253850840689
19,14,-0.18905,-0.0552311031626523
19,15,-0.003163,0.146303818013301
19,16,-0.014874,0.0651775244514405
19,17,0.029237,0.11975215326852
19,18,-0.121888,0.143782813033557
19,19,0.034821,0.238651446929426
19,20,-0.036691,0.168117011373535
19,21,-0.002488,0.183682360992125
19,22,0.016179,0.236333501052028
19,23,0.035434,0.113230191627214
19,24,-0.041046,0.05237172596634
19,25,-0.0317127,0.0994925144722338
19,26,0.0280037,0.147184462215259
19,27,-0.001262,0.0429095269630772
19,28,0.076483,0.0630791045440429
19,29,0.027992,-0.0214989208705442
19,30,0.166046,-0.0593757977499855
19,31,-0.199629,-0.232389266678517
19,32,0.104479,0.0703310704773779
19,33,0.027979,-0.045465245482432
19,34,-0.181583,-0.165905637081023
19,35,0.11255,0.22014020247246
19,36,-0.07835,0.00193335007722521
19,37,0.139872,0.0752978433998174
19,38,-0.212006,-0.0203568799983144
19,39,0.080842,0.261467776285718
19,40,0.038554,0.120324018283208
19,41,0.080859,-0.0299222382645963
19,42,-0.025517,0.0215664110391504
19,43,-0.042275,-0.0134989543912925
19,44,0.1256,0.0659996887605165
19,45,-0.108821,-0.154308082188657
19,46,0.045899,0.0867781537324614
19,47,-0.00484499999999999,0.0217893229642632
19,48,-0.134958,-0.0375419504891466
19,49,0.035446,0.207230125073509
19,50,0.034212,0.13508480229047
19,51,0.0597,0.0551140750595106
19,52,-0.0112,0.0138151036079968
19,53,-0.105717,0.0603503781038815
19,54,-0.1019828,0.161864690453508
19,55,0.0839418,0.243969591399604
19,56,0.133716,0.106125667553947
19,57,0.060959,-0.0775989799761716
19,58,-0.04105,-0.07981015371998
19,59,-0.054113,-0.01725053674115
19,60,-0.130591,0.034367027204744
19,61,0.057833,0.194024677527129
19,62,0.171008,0.0998505829033877
19,63,-0.217658,-0.15955119402977
19,64,-0.013067,0.212618629086687
19,65,0.05473,0.217239207457069
19,66,-0.015542,0.0259573818474079
19,67,-0.018038,0.144263948357999
19,68,-0.00436199999999998,0.168207501701106
19,69,0.029242,0.0763785412877681
19,70,-0.00994600000000001,0.0162027035127242
19,71,-0.00311299999999998,0.110902007598622
19,72,0.080842,0.0773784776733306
19,73,0.065308,-0.0680793999921564
19,74,-0.079617,-0.107563536952665
19,75,0.097651,0.0472588087235943
19,76,-0.077126,-0.0987417923905715
19,77,-0.113804,-0.011246980198586
19,78,0.101984,0.208466892377744
19,79,-0.012425,-0.00247033543398309
19,80,-0.0653,0.0243793827781714
19,81,-0.02488,0.185196182094735
19,82,0.106963,0.166488963381995
19,83,-0.092658,-0.0282180968885375
19,84,-0.052842,0.155006847596913
19,85,0.170392,0.231304307144002
19,86,-0.021163,-0.126064141691336
19,87,-0.115037,-0.0173221103431949
19,88,-0.016167,0.208447527428644
19,89,0.070896,0.107370206379524
19,90,-0.032346,-0.0270380056853384
19,91,0.058442,0.113914679945235
19,92,0.016179,0.0387975482910557
19,93,-0.01865,-0.0579140977280405
19,94,0.098879,0.0455747389531314
19,95,-0.161071,-0.0730025599035209
19,96,0.06095,0.126297098107873
19,97,0.042284,0.042306288665451
19,98,-0.051001,-0.0567116540533069
19,99,-0.002475,0.0991868228728892
19,100,0.100746,0.0833676118644101
19,101,-0.075258,-0.0719123880949207
19,102,-0.13245,0.0569600511091191
19,103,0.080225,0.281714132810956
19,104,0.018033,0.0419336669437887
19,105,-0.031096,0.0270583324368932
19,106,-0.010566,0.160440202944987
19,107,0.073992,0.107087553657355
19,108,0.00683299999999998,-0.0335302538122461
19,109,0.128733,0.0197722426176233
19,110,-0.089546,-0.108061192572682
19,111,-0.077116,-0.0315735554242522
19,112,-0.00994999999999999,0.110336965383248
19,113,-0.021763,0.0614027882496625
19,114,0.029842,0.11140582965235
19,115,-0.026729,0.08147451020419
19,116,-0.034205,0.116559042314252
19,117,0.00497500000000001,0.142733581081727
19,118,0.064055,0.13483574460191
19,119,-0.00312100000000001,0.0403299243638179
19,120,-0.034196,0.0416217745645588
19,121,0.154858,0.0896399699766463
19,122,0.047259,-0.149880727178254
19,123,-0.075867,-0.15954073106779
19,124,-0.100125,0.0278991379979442
19,125,-0.00623299999999999,0.0971765691218043
19,126,-0.00434600000000002,0.0576336298064792
19,127,0.00745800000000002,0.0988313392897786
19,128,0.026738,0.128950550832665
19,129,-0.06903,0.0468348880414769
19,130,0.008713,0.153054354377382
19,131,0.059079,0.148371442330885
19,132,-0.047887,0.0306026037567418
19,133,0.017412,0.101267142966618
19,134,-0.037925,0.067760100211425
19,135,0.055346,0.0748638356672022
19,136,-0.029238,0.0216314548665169
19,137,-4.000000000004e-06,0.0683821557613249
19,138,-0.00495800000000002,0.0752021888407178
19,139,-0.065925,0.0383946307661774
19,140,0.062829,0.15427907124709
19,141,0.022988,0.0460077065563009
19,142,-0.00248000000000001,0.0134326368157596
19,143,-0.049758,0.048120738317679
19,144,0.023013,0.100634091739788
19,145,0.027987,0.0475406421463204
19,146,0.043538,0.00800781347972736
19,147,0.00433299999999998,-0.0033916287449758
19,148,-0.1193792,-0.023375822734749
19,149,0.0447622,0.143153478062171
19,150,0.072771,0.0612863819987528
19,151,-0.046654,-0.0435664300811098
19,152,0.120013,0.0815342118738046
19,153,-0.131821,-0.0855023603292414
19,154,0.004358,0.0697646383644194
19,155,0.013046,0.113065346134637
19,156,-0.016779,0.0354978269361678
19,157,0.011808,0.0865797297416725
19,158,-0.024246,0.0590781681266953
19,159,-0.011825,0.0978459801663212
19,160,0.086438,0.090198243690561
19,161,0.041666,0.00227195741810532
19,162,0.032963,-0.0509965857950457
19,163,-0.161067,-0.0595985588474106
19,164,-0.012446,0.144076843233013
19,165,-0.00620799999999999,0.12694400835632
19,166,0.0454,0.088316446210672
19,167,0.082713,0.0876460422526736
19,168,-0.032334,-0.0374587321946253
19,169,-0.083967,0.035098791045704
19,170,0.0137,0.14691001283743
19,171,0.032946,0.101070059408788
19,172,0.000613000000000002,0.0240489228988682
19,173,-0.027975,0.0577175498305747
19,174,0.089558,0.0812223702130037
19,175,-0.053487,-0.0571731755782919
19,176,-0.091417,0.0531451888707292
19,177,0.043529,0.206275510268643
19,178,-0.0572082,0.0522659433087622
19,179,-0.00248749999999999,0.123980775717866
19,180,0.0143125,0.16574159964944
20,1,-0.003163,0.0367288361124654
20,2,-0.014874,0.081771528112404
20,3,0.029237,0.163434478666363
20,4,-0.121888,0.124662121753512
20,5,0.034821,0.247923379432906
20,6,-0.036691,0.20605306398458
20,7,-0.002488,0.257490928706629
20,8,0.016179,0.216003791870269
20,9,0.035434,0.141052932002051
20,10,-0.041046,0.0488438955760407
20,11,-0.0317127,0.0994653624781274
20,12,0.0280037,0.114776617571566
20,13,-0.001262,0.0572212254274048
20,14,0.076483,0.0565041797075884
20,15,0.027992,-0.0292529009881135
20,16,0.166046,-0.0747974930948059
20,17,-0.199629,-0.252287739890792
20,18,0.104479,-0.0133718558624176
20,19,0.027979,-0.115170458358232
20,20,-0.181583,-0.131808510604261
20,21,0.11255,0.0966160658197817
20,22,-0.07835,0.0371565285648281
20,23,0.139872,0.0849675028556925
20,24,-0.212006,-0.00311673586857888
20,25,0.080842,0.239336507708918
20,26,0.038554,0.0861470803358198
20,27,0.080859,0.0785854063558925
20,28,-0.025517,-0.0498191813463351
20,29,-0.042275,-0.0185808126018147
20,30,0.1256,-0.00941612429067498
20,31,-0.108821,-0.112402595039742
20,32,0.045899,0.0193315655380894
20,33,-0.00484499999999999,-0.0321530211841174
20,34,-0.134958,-0.0192156538661971
20,35,0.035446,0.153493203397448
20,36,0.034212,0.168859234520486
20,37,0.0597,0.0806794677104641
20,38,-0.0112,0.0254427249834824
20,39,-0.105717,0.0425561324442077
20,40,-0.1019828,0.113752442267598
20,41,0.0839418,0.249302739555651
20,42,0.133716,0.142312545615238
20,43,0.060959,-0.0381163430389155
20,44,-0.04105,-0.112811724575823
20,45,-0.054113,-0.071531055181335
20,46,-0.130591,-0.00644876517051715
20,47,0.057833,0.159062381375801
20,48,0.171008,0.0934134213920956
20,49,-0.217658,-0.112943434069307
20,50,-0.013067,0.145909299384667
20,51,0.05473,0.206533925286539
20,52,-0.015542,0.1177386369065
20,53,-0.018038,0.127250475328637
20,54,-0.00436199999999998,0.148079284897245
20,55,0.029242,0.0625289694016223
20,56,-0.00994600000000001,0.0594308138531268
20,57,-0.00311299999999998,0.0947260791275817
20,58,0.080842,0.0433601357819503
20,59,0.065308,-0.0577949086584288
20,60,-0.079617,-0.121388338878752
20,61,0.097651,-0.0229956217058836
20,62,-0.077126,-0.126584512479968
20,63,-0.113804,-0.0352618883291029
20,64,0.101984,0.134085486537381
20,65,-0.012425,0.0387519379104604
20,66,-0.0653,0.0325499795733915
20,67,-0.02488,0.160813806279687
20,68,0.106963,0.173130393628579
20,69,-0.092658,0.0165579140210558
20,70,-0.052842,0.146165731188459
20,71,0.170392,0.172223482427367
20,72,-0.021163,-0.0574772155627084
20,73,-0.115037,-0.0309814119326605
20,74,-0.016167,0.124527267040678
20,75,0.070896,0.103051543118294
20,76,-0.032346,0.0164515169873852
20,77,0.058442,0.102633818405942
20,78,0.016179,0.00278166952862739
20,79,-0.01865,-0.0422545732950334
20,80,0.098879,0.0181195424729321
20,81,-0.161071,-0.0833040346950477
20,82,0.06095,0.0558872069396106
20,83,0.042284,0.020265523794145
20,84,-0.051001,-0.0164899663338572
20,85,-0.002475,0.0412187622748807
20,86,0.100746,0.087289991775586
20,87,-0.075258,-0.0647870959230757
20,88,-0.13245,0.0439017908362963
20,89,0.080225,0.210637667249205
20,90,0.018033,0.0824896946975258
20,91,-0.031096,0.064611297727816
20,92,-0.010566,0.126565719792116
20,93,0.073992,0.101958984301064
20,94,0.00683299999999998,-0.00522188716280801
20,95,0.128733,0.0187863715349121
20,96,-0.089546,-0.152169012633887
20,97,-0.077116,-0.084851987052478
20,98,-0.00994999999999999,0.0359209483258245
20,99,-0.021763,0.07915951677067
20,100,0.029842,0.0969335356684164
20,101,-0.026729,0.0990854956873247
20,102,-0.034205,0.114771789206678
20,103,0.00497500000000001,0.154294944013375
20,104,0.064055,0.160970004747626
20,105,-0.00312100000000001,0.0481121989363663
20,106,-0.034196,0.0263120378605588
20,107,0.154858,0.0491260676752137
20,108,0.047259,-0.130670903208654
20,109,-0.075867,-0.181638309649049
20,110,-0.100125,-0.0778797013954087
20,111,-0.00623299999999999,0.0407538044690054
20,112,-0.00434600000000002,0.0613469986987723
20,113,0.00745800000000002,0.121646264352297
20,114,0.026738,0.114968391822551
20,115,-0.06903,0.0700051557728577
20,116,0.008713,0.159980436877243
20,117,0.059079,0.156553037633031
20,118,-0.047887,0.0491940795238164
20,119,0.017412,0.0684829423119488
20,120,-0.037925,0.0506702191391451
20,121,0.055346,0.0723141303284931
20,122,-0.029238,0.0215431336310455
20,123,-4.000000000004e-06,0.061179936818902
20,124,-0.00495800000000002,0.0361738347194878
20,125,-0.065925,0.0531046175721628
20,126,0.062829,0.126016331625499
20,127,0.022988,0.0639546235783349
20,128,-0.00248000000000001,0.0183561962123508
20,129,-0.049758,0.0198863971716422
20,130,0.023013,0.0827252520003091
20,131,0.027987,0.039225534484112
20,132,0.043538,0.0203608903547186
20,133,0.00433299999999998,-0.0345107524873654
20,134,-0.1193792,-0.047585662324961
20,135,0.0447622,0.0954954546033557
20,136,0.072771,0.0697730643033847
20,137,-0.046654,-0.0172967730878735
20,138,0.120013,0.0333216257689672
20,139,-0.131821,-0.0888948636470734
20,140,0.004358,0.039682527686601
20,141,0.013046,0.0761478525734148
20,142,-0.016779,0.0622729196737584
20,143,0.011808,0.0447144371369355
20,144,-0.024246,0.0769946002641764
20,145,-0.011825,0.0794270074827155
20,146,0.086438,0.103428139116673
20,147,0.041666,0.0154545692392351
20,148,0.032963,-0.0686579398295799
20,149,-0.161067,-0.102213841109776
20,150,-0.012446,0.0799444290918559
20,151,-0.00620799999999999,0.105555219167399
20,152,0.0454,0.130249348110623
20,153,0.082713,0.077025296636462
20,154,-0.032334,-0.00992619661029012
20,155,-0.083967,0.00628750225700891
20,156,0.0137,0.123532844487248
20,157,0.032946,0.0981694605424391
20,158,0.000613000000000002,0.0285025584366504
20,159,-0.027975,0.0334978199846147
20,160,0.089558,0.0592245059335867
20,161,-0.053487,-0.0374644655553748
20,162,-0.091417,0.0415390536393425
20,163,0.043529,0.142445207942886
20,164,-0.0572082,0.0748277526692318
20,165,-0.00248749999999999,0.129431820113325
20,166,0.0143125,0.162784081575968
20,167,-0.01245,0.119470059296398
20,168,0.1722622,0.109074033119441
20,169,-0.01555,-0.0630123243577754
20,170,-0.100125,-0.092830391976411
20,171,0.062192,0.0122253495459232
20,172,-0.078363,-0.0421724498860728
20,173,-0.0354453,0.0324950866345402
20,174,0.0914163,0.123922159409809
20,175,-0.055346,0.0140364363956671
20,176,-0.0491162,0.0652415004023972
20,177,0.0870502,0.179535371226597
20,178,0.0852,0.0466759588726177
20,179,-0.048513,-0.0822273854869635
20,180,-0.045387,-0.00550411116205154
21,1,-0.121888,0.110332946254117
21,2,0.034821,0.222972944727938
21,3,-0.036691,0.243491013810659
21,4,-0.002488,0.290881570207273
21,5,0.016179,0.251763742755339
21,6,0.035434,0.15094215306111
21,7,-0.041046,0.0710821548057555
21,8,-0.0317127,0.122104315590914
21,9,0.0280037,0.135338249289786
21,10,-0.001262,0.0848628564812067
21,11,0.076483,0.0670233729469033
21,12,0.027992,-0.0275039878488482
21,13,0.166046,-0.0791352176451441
21,14,-0.199629,-0.238348553010977
21,15,0.104479,-0.0126385605190524
21,16,0.027979,-0.0737784018813284
21,17,-0.181583,-0.145138223312387
21,18,0.11255,0.116034306879884
21,19,-0.07835,0.0180183337394799
21,20,0.139872,0.0803160137500738
21,21,-0.212006,0.0335030938378603
21,22,0.080842,0.199344984429641
21,23,0.038554,0.158692226726018
21,24,0.080859,0.0759005218905358
21,25,-0.025517,-0.02989355724289
21,26,-0.042275,-0.0334303276180602
21,27,0.1256,0.0121820705561773
21,28,-0.108821,-0.0727650537238093
21,29,0.045899,0.0114284975804207
21,30,-0.00484499999999999,-0.0146851954353355
21,31,-0.134958,-0.0394170599036166
21,32,0.035446,0.189122865850622
21,33,0.034212,0.173266107740529
21,34,0.0597,0.0835084142048502
21,35,-0.0112,0.0435722360976274
21,36,-0.105717,0.0242148172896975
21,37,-0.1019828,0.155788056947888
21,38,0.0839418,0.29682785059148
21,39,0.133716,0.164743183755226
21,40,0.060959,-0.0482576671402784
21,41,-0.04105,-0.139774317326718
21,42,-0.054113,-0.0661796363006371
21,43,-0.130591,0.045966893900005
21,44,0.057833,0.20842304468908
21,45,0.171008,0.107116546055136
21,46,-0.217658,-0.147814810013616
21,47,-0.013067,0.125532347449255
21,48,0.05473,0.235681395824294
21,49,-0.015542,0.150145064846696
21,50,-0.018038,0.175478460676403
21,51,-0.00436199999999998,0.123032865020943
21,52,0.029242,0.0745011977073194
21,53,-0.00994600000000001,0.102955683202433
21,54,-0.00311299999999998,0.0983227550359262
21,55,0.080842,0.0623551914643195
21,56,0.065308,-0.0470490513855858
21,57,-0.079617,-0.117934915621109
21,58,0.097651,-0.0160290697310533
21,59,-0.077126,-0.112153523126118
21,60,-0.113804,-0.025840878470592
21,61,0.101984,0.159472248926836
21,62,-0.012425,0.0288111512599248
21,63,-0.0653,0.0354686680502275
21,64,-0.02488,0.167296948512227
21,65,0.106963,0.172077810080084
21,66,-0.092658,0.0628683412080011
21,67,-0.052842,0.154218671261756
21,68,0.170392,0.187692764516157
21,69,-0.021163,-0.0402364677254006
21,70,-0.115037,-0.0192749797628576
21,71,-0.016167,0.134631077350979
21,72,0.070896,0.118083774679878
21,73,-0.032346,0.0610417347601378
21,74,0.058442,0.0947912267412736
21,75,0.016179,-0.0121218875197955
21,76,-0.01865,-0.0301609230224198
21,77,0.098879,0.0492803966451264
21,78,-0.161071,-0.075002444089131
21,79,0.06095,0.066904881720979
21,80,0.042284,0.0493871531189208
21,81,-0.051001,-0.0349728521615011
21,82,-0.002475,0.0622457041405312
21,83,0.100746,0.0766066621028773
21,84,-0.075258,-0.0513104092067074
21,85,-0.13245,0.0689558001975789
21,86,0.080225,0.220022296072879
21,87,0.018033,0.109573192345035
21,88,-0.031096,0.0782589849703895
21,89,-0.010566,0.122835695251177
21,90,0.073992,0.0981283450419938
21,91,0.00683299999999998,0.0351452649393892
21,92,0.128733,0.0349368415432588
21,93,-0.089546,-0.152142903623753
21,94,-0.077116,-0.0824700024752121
21,95,-0.00994999999999999,0.0715817632505291
21,96,-0.021763,0.091464740970554
21,97,0.029842,0.112922942905933
21,98,-0.026729,0.0860890907721969
21,99,-0.034205,0.0988753859006771
21,100,0.00497500000000001,0.187949521838194
21,101,0.064055,0.184394194661193
21,102,-0.00312100000000001,0.0736464717466958
21,103,-0.034196,0.0345662447339651
21,104,0.154858,0.0599361414188319
21,105,0.047259,-0.113088745723043
21,106,-0.075867,-0.17970935375306
21,107,-0.100125,-0.0703527302051815
21,108,-0.00623299999999999,0.0514982180491769
21,109,-0.00434600000000002,0.0995925625249208
21,110,0.00745800000000002,0.12338701720751
21,111,0.026738,0.091068401678656
21,112,-0.06903,0.0647433540143106
21,113,0.008713,0.182983140874693
21,114,0.059079,0.195247901891079
21,115,-0.047887,0.0683454182103936
21,116,0.017412,0.0858993608665494
21,117,-0.037925,0.0580110540209935
21,118,0.055346,0.0855718891602142
21,119,-0.029238,0.0520666860723033
21,120,-4.000000000004e-06,0.0554353045856614
21,121,-0.00495800000000002,0.0541356275578307
21,122,-0.065925,0.062707160601207
21,123,0.062829,0.146995559110093
21,124,0.022988,0.0809528381045466
21,125,-0.00248000000000001,0.015195257497233
21,126,-0.049758,0.0356255893389089
21,127,0.023013,0.0880441712866914
21,128,0.027987,0.0721689534513955
21,129,0.043538,0.0344816428682383
21,130,0.00433299999999998,-0.0364639430180533
21,131,-0.1193792,-0.0486510185502719
21,132,0.0447622,0.114869012550548
21,133,0.072771,0.101094358078925
21,134,-0.046654,-0.0159369439815447
21,135,0.120013,0.0339468515961384
21,136,-0.131821,-0.0984396142522035
21,137,0.004358,0.0531833536244634
21,138,0.013046,0.126621497660934
21,139,-0.016779,0.0538550015544943
21,140,0.011808,0.0681615116106553
21,141,-0.024246,0.0655508003961806
21,142,-0.011825,0.0824141831619574
21,143,0.086438,0.13985337486368
21,144,0.041666,0.0198131495816192
21,145,0.032963,-0.059519143370955
21,146,-0.161067,-0.0967180019103868
21,147,-0.012446,0.0928075458974323
21,148,-0.00620799999999999,0.151818868915679
21,149,0.0454,0.137462020525194
21,150,0.082713,0.0764077474315207
21,151,-0.032334,-0.0371781826228834
21,152,-0.083967,0.0138016772841373
21,153,0.0137,0.167607633771762
21,154,0.032946,0.131020809694129
21,155,0.000613000000000002,0.0518227237660515
21,156,-0.027975,0.0239057474806803
21,157,0.089558,0.0515075244982965
21,158,-0.053487,-0.0170163826435211
21,159,-0.091417,0.0568166109107736
21,160,0.043529,0.166795163421265
21,161,-0.0572082,0.0896728512808414
21,162,-0.00248749999999999,0.147100356131706
21,163,0.0143125,0.171472021832448
21,164,-0.01245,0.112114921014605
21,165,0.1722622,0.14189801798133
21,166,-0.01555,-0.0538431924518213
21,167,-0.100125,-0.0949132885294381
21,168,0.062192,0.0484458143507376
21,169,-0.078363,-0.0263819629809279
21,170,-0.0354453,0.0583323896736378
21,171,0.0914163,0.130295271392566
21,172,-0.055346,-0.0142387576859329
21,173,-0.0491162,0.0812820206309746
21,174,0.0870502,0.194572008662995
21,175,0.0852,0.059056088953683
21,176,-0.048513,-0.054058100944447
21,177,-0.045387,-0.00925978017228147
21,178,0.029225,0.0292409300890058
21,179,0.109458,0.0164041263308841
21,180,-0.056608,-0.0938395262020184
22,1,0.034821,0.328911287612982
22,2,-0.036691,0.230182356817343
22,3,-0.002488,0.186199633135054
22,4,0.016179,0.155196514016588
22,5,0.035434,0.136962989734473
22,6,-0.041046,0.0499926124581083
22,7,-0.0317127,0.0999100167229922
22,8,0.0280037,0.11440477521354
22,9,-0.001262,0.0392711730851352
22,10,0.076483,0.027816335188328
22,11,0.027992,-0.025666884564491
22,12,0.166046,-0.0405095974225782
22,13,-0.199629,-0.227741808438248
22,14,0.104479,0.0409456891847331
22,15,0.027979,-0.0891629215212293
22,16,-0.181583,-0.165448999966973
22,17,0.11255,0.109852635179396
22,18,-0.07835,0.0665461249859186
22,19,0.139872,0.0866413760028187
22,20,-0.212006,-0.0303917587987526
22,21,0.080842,0.268678175281965
22,22,0.038554,0.115465418854739
22,23,0.080859,0.0070778258999501
22,24,-0.025517,-0.0879961495106726
22,25,-0.042275,0.0483842071571976
22,26,0.1256,0.0537596443173685
22,27,-0.108821,-0.141754910521866
22,28,0.045899,-0.0141100099642308
22,29,-0.00484499999999999,0.00770119484571609
22,30,-0.134958,0.005407299988316
22,31,0.035446,0.163147251178627
22,32,0.034212,0.144609398898904
22,33,0.0597,0.0472375069869334
22,34,-0.0112,0.0156725675821926
22,35,-0.105717,0.0790149922078794
22,36,-0.1019828,0.167657579854451
22,37,0.0839418,0.21832795139544
22,38,0.133716,0.0438636473214105
22,39,0.060959,-0.0906024298519679
22,40,-0.04105,-0.0506257064520376
22,41,-0.054113,0.047501095763781
22,42,-0.130591,0.0251996709939163
22,43,0.057833,0.094276044051778
22,44,0.171008,0.012817700402459
22,45,-0.217658,-0.139251745348581
22,46,-0.013067,0.237896978252892
22,47,0.05473,0.285284218529783
22,48,-0.015542,0.0483550210782698
22,49,-0.018038,0.0246441702807664
22,50,-0.00436199999999998,0.15899572731235
22,51,0.029242,0.12925171930237
22,52,-0.00994600000000001,0.0400694101744154
22,53,-0.00311299999999998,0.0467890908803384
22,54,0.080842,0.0607378240519775
22,55,0.065308,-0.0495291460914937
22,56,-0.079617,-0.123844060679569
22,57,0.097651,0.0207936245111168
22,58,-0.077126,-0.0948269082492498
22,59,-0.113804,-0.0349451464624991
22,60,0.101984,0.138904762092515
22,61,-0.012425,0.0226799609966794
22,62,-0.0653,0.0137801164215882
22,63,-0.02488,0.183670955043637
22,64,0.106963,0.205230973589935
22,65,-0.092658,-0.0197036636683558
22,66,-0.052842,0.103585850187911
22,67,0.170392,0.202687126117892
22,68,-0.021163,-0.0656229204797449
22,69,-0.115037,-0.0654422452488333
22,70,-0.016167,0.171629533294802
22,71,0.070896,0.143607310291331
22,72,-0.032346,-0.0502330574668687
22,73,0.058442,0.0462566497162143
22,74,0.016179,0.0536468254066736
22,75,-0.01865,0.0131834122402104
22,76,0.098879,0.0115050725030127
22,77,-0.161071,-0.1036466260237
22,78,0.06095,0.08470383980923
22,79,0.042284,0.0311180401736838
22,80,-0.051001,-0.0463597373504951
22,81,-0.002475,0.0490222123952039
22,82,0.100746,0.122596192341094
22,83,-0.075258,-0.0607708495024076
22,84,-0.13245,0.0357867268360875
22,85,0.080225,0.231788475154492
22,86,0.018033,0.0711732805389336
22,87,-0.031096,-0.00295451189190667
22,88,-0.010566,0.126452247666843
22,89,0.073992,0.162801775799579
22,90,0.00683299999999998,-0.00944631151968496
22,91,0.128733,-0.0276604226874993
22,92,-0.089546,-0.144665684198999
22,93,-0.077116,-0.0155550997508543
22,94,-0.00994999999999999,0.0762678284956613
22,95,-0.021763,0.0458403467764806
22,96,0.029842,0.0440880684728292
22,97,-0.026729,0.0906718586057638
22,98,-0.034205,0.155645044426744
22,99,0.00497500000000001,0.180784687941285
22,100,0.064055,0.124402100132985
22,101,-0.00312100000000001,0.00374102843242294
22,102,-0.034196,0.0252282842412282
22,103,0.154858,0.0868830632000818
22,104,0.047259,-0.129864532294126
22,105,-0.075867,-0.193102646062922
22,106,-0.100125,-0.0193850771984856
22,107,-0.00623299999999999,0.107879215812907
22,108,-0.00434600000000002,0.0267710036598711
22,109,0.00745800000000002,0.0414323849071315
22,110,0.026738,0.117306203718142
22,111,-0.06903,0.127251273440939
22,112,0.008713,0.1816144360278
22,113,0.059079,0.125833997238085
22,114,-0.047887,0.000187914446671072
22,115,0.017412,0.0635312344372536
22,116,-0.037925,0.0753702291790323
22,117,0.055346,0.0843824063018238
22,118,-0.029238,-0.00438868784536447
22,119,-4.000000000004e-06,0.049480522260547
22,120,-0.00495800000000002,0.0614014137788009
22,121,-0.065925,0.0621253673270739
22,122,0.062829,0.116791951604163
22,123,0.022988,0.0428278935914809
22,124,-0.00248000000000001,0.00516660517958287
22,125,-0.049758,0.0429664506531059
22,126,0.023013,0.113407537499897
22,127,0.027987,0.0325336187158473
22,128,0.043538,-0.0186547721772536
22,129,0.00433299999999998,-0.0374001126279056
22,130,-0.1193792,-0.000573735170149754
22,131,0.0447622,0.138409738001048
22,132,0.072771,0.0463952041270215
22,133,-0.046654,-0.0755796658580046
22,134,0.120013,0.0472853181242966
22,135,-0.131821,-0.0362478505292663
22,136,0.004358,0.0829008772425412
22,137,0.013046,0.0634531675219011
22,138,-0.016779,0.0175241755602333
22,139,0.011808,0.0344834118247813
22,140,-0.024246,0.0940645908989653
22,141,-0.011825,0.105552113058534
22,142,0.086438,0.101888896351503
22,143,0.041666,-0.0231088341141742
22,144,0.032963,-0.066111521556822
22,145,-0.161067,-0.0622538149889449
22,146,-0.012446,0.137016455839383
22,147,-0.00620799999999999,0.0948784248199643
22,148,0.0454,0.0528329232843844
22,149,0.082713,0.0403510617594735
22,150,-0.032334,0.0289354833371516
22,151,-0.083967,0.0726764956635025
22,152,0.0137,0.14954443074333
22,153,0.032946,0.0492587650620413
22,154,0.000613000000000002,-0.0318199987688212
22,155,-0.027975,0.0312357245379454
22,156,0.089558,0.1170715476882
22,157,-0.053487,-0.020828192416625
22,158,-0.091417,0.0239995745421687
22,159,0.043529,0.153883688983758
22,160,-0.0572082,0.0671862952920423
22,161,-0.00248749999999999,0.0933887482788752
22,162,0.0143125,0.147587720827767
22,163,-0.01245,0.131253997175936
22,164,0.1722622,0.112181580399472
22,165,-0.01555,-0.0953011452005837
22,166,-0.100125,-0.0729876078712362
22,167,0.062192,0.0820442713658227
22,168,-0.078363,-0.0412738311538655
22,169,-0.0354453,-0.0114243270517219
22,170,0.0914163,0.107759211520143
22,171,-0.055346,0.0275631668971917
22,172,-0.0491162,0.0898722435153719
22,173,0.0870502,0.190789411985433
22,174,0.0852,0.0315124594546572
22,175,-0.048513,-0.11603336406167
22,176,-0.045387,0.0139166275801535
22,177,0.029225,0.086791688462864
22,178,0.109458,-0.0242515989869799
22,179,-0.056608,-0.169180596350821
22,180,0.034217,-0.00736287373696854
23,1,-0.0317127,0.0934061889403161
23,2,0.0280037,0.133671776324899
23,3,-0.001262,0.0636638410510727
23,4,0.076483,0.0505907076849696
23,5,0.027992,-0.0336988451635225
23,6,0.166046,-0.0649744217025012
23,7,-0.199629,-0.209982826606819
23,8,0.104479,0.00885062115574048
23,9,0.027979,-0.0342718848450219
23,10,-0.181583,-0.111091446115043
23,11,0.11255,0.087632147092002
23,12,-0.07835,0.053099086264073
23,13,0.139872,0.0853485107062515
23,14,-0.212006,-0.0142130045633187
23,15,0.080842,0.216609672332559
23,16,0.038554,0.123576599000591
23,17,0.080859,0.0698961995295527
23,18,-0.025517,-0.0589092327057911
23,19,-0.042275,-0.0408880149498081
23,20,0.1256,0.0557412910209382
23,21,-0.108821,-0.0736567611544531
23,22,0.045899,0.0228995079120071
23,23,-0.00484499999999999,-0.0243158946723269
23,24,-0.134958,0.0022441688021495
23,25,0.035446,0.15698636293103
23,26,0.034212,0.174058097515345
23,27,0.0597,0.0667133567682758
23,28,-0.0112,-0.00683975746389862
23,29,-0.105717,0.0438818442106177
23,30,-0.1019828,0.14036245398973
23,31,0.0839418,0.276607509013467
23,32,0.133716,0.139600628388503
23,33,0.060959,-0.0951669546410013
23,34,-0.04105,-0.139999615026442
23,35,-0.054113,-0.0289891894835354
23,36,-0.130591,0.078436251401368
23,37,0.057833,0.193990948418052
23,38,0.171008,0.0856966503702482
23,39,-0.217658,-0.157149234332323
23,40,-0.013067,0.10015503502456
23,41,0.05473,0.25653309727419
23,42,-0.015542,0.152152724003684
23,43,-0.018038,0.0860344162750537
23,44,-0.00436199999999998,0.105918785142448
23,45,0.029242,0.0776171843667624
23,46,-0.00994600000000001,0.0738371649055987
23,47,-0.00311299999999998,0.0964623477312176
23,48,0.080842,0.0363267763024459
23,49,0.065308,-0.039109521023814
23,50,-0.079617,-0.106332694405686
23,51,0.097651,-0.00972889949962407
23,52,-0.077126,-0.0701859171939435
23,53,-0.113804,-0.0139075617289364
23,54,0.101984,0.146298277938065
23,55,-0.012425,0.0526010574120496
23,56,-0.0653,0.0086377507144788
23,57,-0.02488,0.135051449954673
23,58,0.106963,0.190645685305378
23,59,-0.092658,0.0299131546962063
23,60,-0.052842,0.115349885018502
23,61,0.170392,0.17287886329763
23,62,-0.021163,-0.034937582866378
23,63,-0.115037,-0.0434029815942678
23,64,-0.016167,0.120554439523663
23,65,0.070896,0.149586720928341
23,66,-0.032346,0.0317694103711575
23,67,0.058442,0.061250267496378
23,68,0.016179,-0.0052965177842619
23,69,-0.01865,-0.0233455845956579
23,70,0.098879,0.0510759999003179
23,71,-0.161071,-0.0577717836306718
23,72,0.06095,0.0566898821461194
23,73,0.042284,0.0541023114331434
23,74,-0.051001,-0.0107819945454121
23,75,-0.002475,0.0243266479190937
23,76,0.100746,0.0920319506166649
23,77,-0.075258,-0.0310620833638797
23,78,-0.13245,0.0314113191068331
23,79,0.080225,0.225436535696027
23,80,0.018033,0.104484242954841
23,81,-0.031096,0.0412037940772099
23,82,-0.010566,0.0881003973227017
23,83,0.073992,0.108360110178792
23,84,0.00683299999999998,0.0246482307473962
23,85,0.128733,0.0175725388625123
23,86,-0.089546,-0.136806084143478
23,87,-0.077116,-0.0703575543003799
23,88,-0.00994999999999999,0.0937400397440877
23,89,-0.021763,0.111388370645805
23,90,0.029842,0.0822150830695853
23,91,-0.026729,0.0591459712922481
23,92,-0.034205,0.10120231959779
23,93,0.00497500000000001,0.157547324820455
23,94,0.064055,0.173218999030421
23,95,-0.00312100000000001,0.0404998021498117
23,96,-0.034196,0.00809921517835145
23,97,0.154858,0.0616323032285862
23,98,0.047259,-0.0918331121521147
23,99,-0.075867,-0.168766497614873
23,100,-0.100125,-0.056831684847414
23,101,-0.00623299999999999,0.0970334014656833
23,102,-0.00434600000000002,0.105269988964101
23,103,0.00745800000000002,0.0926170771698904
23,104,0.026738,0.0712365334939328
23,105,-0.06903,0.0540106977139243
23,106,0.008713,0.170651365109186
23,107,0.059079,0.172512666224826
23,108,-0.047887,0.0467039192534958
23,109,0.017412,0.0474123372361138
23,110,-0.037925,0.059748868448594
23,111,0.055346,0.0874776351133753
23,112,-0.029238,0.0333947226408937
23,113,-4.000000000004e-06,0.0509615847308215
23,114,-0.00495800000000002,0.0438919313910738
23,115,-0.065925,0.0632496013384006
23,116,0.062829,0.1345048799815
23,117,0.022988,0.0641273488070963
23,118,-0.00248000000000001,0.00980264327718082
23,119,-0.049758,0.0143424278096755
23,120,0.023013,0.100841401681976
23,121,0.027987,0.0680994245588388
23,122,0.043538,0.0192344011786025
23,123,0.00433299999999998,-0.0382557757026156
23,124,-0.1193792,-0.0417928762715549
23,125,0.0447622,0.123653134192067
23,126,0.072771,0.104610259481567
23,127,-0.046654,-0.0239042338654468
23,128,0.120013,0.00287022048823976
23,129,-0.131821,-0.0650954034012389
23,130,0.004358,0.0621079547858646
23,131,0.013046,0.114832599868028
23,132,-0.016779,0.067692894689077
23,133,0.011808,0.0273425852323317
23,134,-0.024246,0.0619918947348445
23,135,-0.011825,0.0929777413411631
23,136,0.086438,0.105663050436869
23,137,0.041666,0.028696855382423
23,138,0.032963,-0.078568336976864
23,139,-0.161067,-0.0837054726969383
23,140,-0.012446,0.111955624839012
23,141,-0.00620799999999999,0.154915956801798
23,142,0.0454,0.119539151865569
23,143,0.082713,0.0361219251315604
23,144,-0.032334,-0.0397491748165995
23,145,-0.083967,0.0227369631217022
23,146,0.0137,0.158298950747031
23,147,0.032946,0.137400067637038
23,148,0.000613000000000002,0.0131319445473798
23,149,-0.027975,0.00595942591955047
23,150,0.089558,0.0592087552127444
23,151,-0.053487,-0.00508970147040912
23,152,-0.091417,0.0469264701550715
23,153,0.043529,0.151261953569845
23,154,-0.0572082,0.0929448538940336
23,155,-0.00248749999999999,0.113688576186628
23,156,0.0143125,0.13825624787923
23,157,-0.01245,0.109184791415812
23,158,0.1722622,0.103158362798933
23,159,-0.01555,-0.0518469333813894
23,160,-0.100125,-0.094271363527746
23,161,0.062192,0.0442374089000399
23,162,-0.078363,0.0250139058802998
23,163,-0.0354453,0.0392465725686927
23,164,0.0914163,0.105379446189698
23,165,-0.055346,0.0122695190895741
23,166,-0.0491162,0.0477164720119856
23,167,0.0870502,0.184503061299676
23,168,0.0852,0.0690019584440485
23,169,-0.048513,-0.088674754051377
23,170,-0.045387,-0.0117907806225806
23,171,0.029225,0.0560647209071485
23,172,0.109458,0.0266811558140136
23,173,-0.056608,-0.0922844271078526
23,174,0.034217,-0.0583060853526776
23,175,-0.1666588,-0.0420155407640182
23,176,0.0397918,0.166431024640705
23,177,-0.0491252,0.160265987058022
23,178,0.0211422,0.143404826872006
23,179,0.143658,0.101231008493378
23,180,-0.1573377,-0.0287005117983313
24,1,0.076483,0.0613785444066519
24,2,0.027992,-0.0387188976961479
24,3,0.166046,-0.0882102370496114
24,4,-0.199629,-0.287646156917001
24,5,0.104479,-0.0316121889758777
24,6,0.027979,-0.127726709679679
24,7,-0.181583,-0.119601289378217
24,8,0.11255,0.0662525282412295
24,9,-0.07835,0.0325250534013115
24,10,0.139872,0.106112040428241
24,11,-0.212006,-0.0518841942203747
24,12,0.080842,0.274704110902422
24,13,0.038554,0.0810362078214185
24,14,0.080859,0.102509520180178
24,15,-0.025517,-0.0506692004087417
24,16,-0.042275,-0.0477278303570968
24,17,0.1256,-0.0085646227475324
24,18,-0.108821,-0.129380886751088
24,19,0.045899,0.0348925267185371
24,20,-0.00484499999999999,-0.0576739550574277
24,21,-0.134958,-0.014489290915591
24,22,0.035446,0.134610820002504
24,23,0.034212,0.185547286931556
24,24,0.0597,0.112305114883647
24,25,-0.0112,-0.0069980109829156
24,26,-0.105717,0.0440838754650048
24,27,-0.1019828,0.112204707331152
24,28,0.0839418,0.271558656985242
24,29,0.133716,0.1926569707353
24,30,0.060959,-0.0391188155904301
24,31,-0.04105,-0.157182356628202
24,32,-0.054113,-0.1085821512771
24,33,-0.130591,-0.00729560239245587
24,34,0.057833,0.190870404510098
24,35,0.171008,0.127016905526509
24,36,-0.217658,-0.119665451404154
24,37,-0.013067,0.0975492685892185
24,38,0.05473,0.196476466566011
24,39,-0.015542,0.175521762801615
24,40,-0.018038,0.130008908188362
24,41,-0.00436199999999998,0.159776805316204
24,42,0.029242,0.0732669797082591
24,43,-0.00994600000000001,0.0378050793906718
24,44,-0.00311299999999998,0.118821052691611
24,45,0.080842,0.0496899908806054
24,46,0.065308,-0.0673832211341552
24,47,-0.079617,-0.137218149419195
24,48,0.097651,-0.0452289813257887
24,49,-0.077126,-0.135995085741479
24,50,-0.113804,-0.0388023726445837
24,51,0.101984,0.121340902309099
24,52,-0.012425,0.0615005318660361
24,53,-0.0653,0.0285268838188202
24,54,-0.02488,0.130243991247321
24,55,0.106963,0.203253657950113
24,56,-0.092658,0.0223732052155408
24,57,-0.052842,0.148224883844886
24,58,0.170392,0.188128486725356
24,59,-0.021163,-0.0463196829122139
24,60,-0.115037,-0.0457632948019525
24,61,-0.016167,0.105683206379845
24,62,0.070896,0.134366076924046
24,63,-0.032346,0.0222075561705779
24,64,0.058442,0.100505055943991
24,65,0.016179,0.00189352978877517
24,66,-0.01865,-0.0631484801707881
24,67,0.098879,0.0020504150373848
24,68,-0.161071,-0.0737000179302225
24,69,0.06095,0.0568790780276517
24,70,0.042284,0.0029330357209035
24,71,-0.051001,0.00497398773180521
24,72,-0.002475,0.013208770490136
24,73,0.100746,0.0800764636614469
24,74,-0.075258,-0.0525729392647492
24,75,-0.13245,0.0175081689114878
24,76,0.080225,0.226098134940532
24,77,0.018033,0.111180834497201
24,78,-0.031096,0.0692066524445877
24,79,-0.010566,0.112969030908845
24,80,0.073992,0.112300187740717
24,81,0.00683299999999998,-0.00960309373750179
24,82,0.128733,0.0167946584972709
24,83,-0.089546,-0.154348419629597
24,84,-0.077116,-0.109144866323028
24,85,-0.00994999999999999,0.0149949290868623
24,86,-0.021763,0.106768124550549
24,87,0.029842,0.110433198790108
24,88,-0.026729,0.0860898553626507
24,89,-0.034205,0.117288218396801
24,90,0.00497500000000001,0.141417391114014
24,91,0.064055,0.185932803916366
24,92,-0.00312100000000001,0.0695302207923175
24,93,-0.034196,0.0210792309418717
24,94,0.154858,0.0431057374908146
24,95,0.047259,-0.135920050668586
24,96,-0.075867,-0.199728768772928
24,97,-0.100125,-0.11393151950593
24,98,-0.00623299999999999,0.0426752919863926
24,99,-0.00434600000000002,0.0749737528972406
24,100,0.00745800000000002,0.130638249852371
24,101,0.026738,0.11771117810554
24,102,-0.06903,0.0520262949948977
24,103,0.008713,0.154082033668108
24,104,0.059079,0.176065722577205
24,105,-0.047887,0.0800664747468633
24,106,0.017412,0.0647547349255753
24,107,-0.037925,0.0451662145212361
24,108,0.055346,0.0832614268164682
24,109,-0.029238,0.0148585445386923
24,110,-4.000000000004e-06,0.0702677637350975
24,111,-0.00495800000000002,0.0299873818166864
24,112,-0.065925,0.050303703261385
24,113,0.062829,0.1351207801319
24,114,0.022988,0.0690342114351409
24,115,-0.00248000000000001,0.0275521981675865
24,116,-0.049758,-0.00317461378271083
24,117,0.023013,0.0852068533829882
24,118,0.027987,0.0481330695982161
24,119,0.043538,0.0235190374811201
24,120,0.00433299999999998,-0.038788738480658
24,121,-0.1193792,-0.0679877419843298
24,122,0.0447622,0.0861154558467218
24,123,0.072771,0.0809903669819573
24,124,-0.046654,0.00118815957172239
24,125,0.120013,0.00994794787164031
24,126,-0.131821,-0.108074934325334
24,127,0.004358,0.0348936367391975
24,128,0.013046,0.0641235841191446
24,129,-0.016779,0.102644729807666
24,130,0.011808,0.0361780780678498
24,131,-0.024246,0.0604247317260526
24,132,-0.011825,0.0914306873031459
24,133,0.086438,0.0909470437210868
24,134,0.041666,0.0342995952652738
24,135,0.032963,-0.0762165307890054
24,136,-0.161067,-0.13160538223488
24,137,-0.012446,0.0760286972619634
24,138,-0.00620799999999999,0.117385095715152
24,139,0.0454,0.162422094203063
24,140,0.082713,0.0752637434384791
24,141,-0.032334,-0.0302721441681216
24,142,-0.083967,-0.0143456195545711
24,143,0.0137,0.113692203228984
24,144,0.032946,0.139944521680512
24,145,0.000613000000000002,0.0450810047396294
24,146,-0.027975,0.0213366705624266
24,147,0.089558,0.0481147782947269
24,148,-0.053487,-0.0487046577420635
24,149,-0.091417,0.0393005255295859
24,150,0.043529,0.147979926017442
24,151,-0.0572082,0.0971011599510048
24,152,-0.00248749999999999,0.137973137445455
24,153,0.0143125,0.15866708553081
24,154,-0.01245,0.140547456974567
24,155,0.1722622,0.101775451745985
24,156,-0.01555,-0.0651762662085975
24,157,-0.100125,-0.0952141450279168
24,158,0.062192,-0.020813421790144
24,159,-0.078363,-0.0238574890026829
24,160,-0.0354453,0.0432594939279657
24,161,0.0914163,0.110470956026484
24,162,-0.055346,0.0305668961670424
24,163,-0.0491162,0.0393262991366734
24,164,0.0870502,0.169004097843927
24,165,0.0852,0.0827112443413043
24,166,-0.048513,-0.0934118300346985
24,167,-0.045387,-0.0267904761906958
24,168,0.029225,0.0180768026428541
24,169,0.109458,-0.0179906975576039
24,170,-0.056608,-0.10588468524306
24,171,0.034217,-0.0520196308481637
24,172,-0.1666588,-0.107297422215741
24,173,0.0397918,0.133290116561339
24,174,-0.0491252,0.143755275204463
24,175,0.0211422,0.22171857012598
24,176,0.143658,0.127055673555039
24,177,-0.1573377,-0.0240243961662866
24,178,0.0615587,0.12817612943504
24,179,0.205845,0.0703144050358885
24,180,-0.142412,-0.150596260884455
25,1,0.104479,0.0335975662125903
25,2,0.027979,-0.0509296174016978
25,3,-0.181583,-0.133739849621693
25,4,0.11255,0.0801810266837988
25,5,-0.07835,0.0685806443756982
25,6,0.139872,0.103607574088078
25,7,-0.212006,-0.0699207727104617
25,8,0.080842,0.278116538597877
25,9,0.038554,0.132089241430335
25,10,0.080859,0.0300027473480584
25,11,-0.025517,-0.0779814021948843
25,12,-0.042275,0.0083975998633385
25,13,0.1256,0.0845826104540211
25,14,-0.108821,-0.125400417055774
25,15,0.045899,0.00956423463421701
25,16,-0.00484499999999999,-0.00671323625053905
25,17,-0.134958,0.0189634877346043
25,18,0.035446,0.146436565622046
25,19,0.034212,0.16255099535085
25,20,0.0597,0.0736053948516905
25,21,-0.0112,-0.0236427659420872
25,22,-0.105717,0.0786396470163397
25,23,-0.1019828,0.174993250908118
25,24,0.0839418,0.250929706581311
25,25,0.133716,0.0999227414968732
25,26,0.060959,-0.106773373506001
25,27,-0.04105,-0.102636757473945
25,28,-0.054113,0.0277985952040198
25,29,-0.130591,0.0679012890890883
25,30,0.057833,0.148177247307174
25,31,0.171008,0.0525080408582731
25,32,-0.217658,-0.156407924103764
25,33,-0.013067,0.158121982873045
25,34,0.05473,0.288177058555546
25,35,-0.015542,0.12292193121959
25,36,-0.018038,0.022433113990768
25,37,-0.00436199999999998,0.147844497603454
25,38,0.029242,0.140789039271783
25,39,-0.00994600000000001,0.0313172960155418
25,40,-0.00311299999999998,0.0764010625727777
25,41,0.080842,0.0668148653343142
25,42,0.065308,-0.0434463083153111
25,43,-0.079617,-0.121369883694655
25,44,0.097651,0.00876872847985153
25,45,-0.077126,-0.0689150589366785
25,46,-0.113804,-0.0228744776041131
25,47,0.101984,0.134517225059426
25,48,-0.012425,0.0537073429078896
25,49,-0.0653,0.00266714561128217
25,50,-0.02488,0.139591196548986
25,51,0.106963,0.234018644356418
25,52,-0.092658,0.00102469672542886
25,53,-0.052842,0.0942776889349642
25,54,0.170392,0.214933762812859
25,55,-0.021163,-0.0375937771923094
25,56,-0.115037,-0.0755625942045529
25,57,-0.016167,0.149760779300387
25,58,0.070896,0.19033829953507
25,59,-0.032346,-0.0258258176552422
25,60,0.058442,0.0315774384638101
25,61,0.016179,0.0489401110263635
25,62,-0.01865,0.00155006500537938
25,63,0.098879,0.0181084229068695
25,64,-0.161071,-0.0708002014439223
25,65,0.06095,0.0860872489682473
25,66,0.042284,0.0364821885887913
25,67,-0.051001,-0.0185506392493902
25,68,-0.002475,0.0196150291701345
25,69,0.100746,0.114388951379092
25,70,-0.075258,-0.027003625182309
25,71,-0.13245,0.00994732148403224
25,72,0.080225,0.248604477655496
25,73,0.018033,0.111095802730842
25,74,-0.031096,-0.00153154948159862
25,75,-0.010566,0.0965193245910317
25,76,0.073992,0.168386733010204
25,77,0.00683299999999998,0.00634888516600216
25,78,0.128733,-0.0204140542223516
25,79,-0.089546,-0.12668861491929
25,80,-0.077116,-0.0307322846004865
25,81,-0.00994999999999999,0.085705032715684
25,82,-0.021763,0.0910457877882425
25,83,0.029842,0.0570777267749235
25,84,-0.026729,0.060684106285713
25,85,-0.034205,0.144819562068169
25,86,0.00497500000000001,0.166162894598926
25,87,0.064055,0.155261237834843
25,88,-0.00312100000000001,0.0293899990482041
25,89,-0.034196,0.0164677334318318
25,90,0.154858,0.0868448575673142
25,91,0.047259,-0.10582899480917
25,92,-0.075867,-0.19040628583227
25,93,-0.100125,-0.0383406407032479
25,94,-0.00623299999999999,0.13237396478906
25,95,-0.00434600000000002,0.0667584805193809
25,96,0.00745800000000002,0.0440206582740025
25,97,0.026738,0.0983910859837228
25,98,-0.06903,0.0967539431614405
25,99,0.008713,0.175828112597013
25,100,0.059079,0.154905678584796
25,101,-0.047887,0.0365821942490608
25,102,0.017412,0.054283803897834
25,103,-0.037925,0.0753729360122395
25,104,0.055346,0.101383670964069
25,105,-0.029238,0.00345252384011235
25,106,-4.000000000004e-06,0.0558794470443765
25,107,-0.00495800000000002,0.0616758487431562
25,108,-0.065925,0.0650023257775279
25,109,0.062829,0.130568294073948
25,110,0.022988,0.0529915426318993
25,111,-0.00248000000000001,0.0140558368781761
25,112,-0.049758,0.0218203396283583
25,113,0.023013,0.121794812090008
25,114,0.027987,0.0597080937192008
25,115,0.043538,-0.00783740150714991
25,116,0.00433299999999998,-0.035638751877063
25,117,-0.1193792,-0.0152152307136446
25,118,0.0447622,0.13941447705104
25,119,0.072771,0.0789900483581684
25,120,-0.046654,-0.0505276934649995
25,121,0.120013,0.0143534189604698
25,122,-0.131821,-0.0403865738254945
25,123,0.004358,0.0859273208530506
25,124,0.013046,0.0775380439467246
25,125,-0.016779,0.0628500650490729
25,126,0.011808,0.0247536729834957
25,127,-0.024246,0.0700295351468538
25,128,-0.011825,0.120742266452848
25,129,0.086438,0.0930975869186467
25,130,0.041666,0.00883311152614683
25,131,0.032963,-0.0694151533342549
25,132,-0.161067,-0.0749605695271691
25,133,-0.012446,0.14393574784854
25,134,-0.00620799999999999,0.13330374955178
25,135,0.0454,0.0840617797497015
25,136,0.082713,0.0260596021635952
25,137,-0.032334,-0.0053153910945348
25,138,-0.083967,0.0576576143781337
25,139,0.0137,0.155361005500329
25,140,0.032946,0.114114177259322
25,141,0.000613000000000002,-0.0118536511043439
25,142,-0.027975,0.0109540039516503
25,143,0.089558,0.101939744402067
25,144,-0.053487,-0.0118120784462626
25,145,-0.091417,0.0292120783994497
25,146,0.043529,0.163731265839084
25,147,-0.0572082,0.0988700431453595
25,148,-0.00248749999999999,0.0967203394654322
25,149,0.0143125,0.132928163184784
25,150,-0.01245,0.142686486370066
25,151,0.1722622,0.103237572690156
25,152,-0.01555,-0.0808045761056829
25,153,-0.100125,-0.0693075828870762
25,154,0.062192,0.0670303789351752
25,155,-0.078363,0.0138585799238474
25,156,-0.0354453,0.0107440178368586
25,157,0.0914163,0.0899257704854856
25,158,-0.055346,0.0420385581942736
25,159,-0.0491162,0.0559926263244967
25,160,0.0870502,0.179972105378179
25,161,0.0852,0.0796984853472227
25,162,-0.048513,-0.11639661190576
25,163,-0.045387,-0.00480893623443064
25,164,0.029225,0.103488263901241
25,165,0.109458,0.00450030052569192
25,166,-0.056608,-0.151141576876866
25,167,0.034217,-0.0303490770357239
25,168,-0.1666588,-0.00400143338183031
25,169,0.0397918,0.174520801116686
25,170,-0.0491252,0.108459270668652
25,171,0.0211422,0.142864785803687
25,172,0.143658,0.113499992838381
25,173,-0.1573377,-0.0181452184346685
25,174,0.0615587,0.161867499879585
25,175,0.205845,0.104738668456101
25,176,-0.142412,-0.181664475328048
25,177,-0.097008,-0.0892835927935795
25,178,0.036062,0.177518553906343
25,179,0.129354,0.0946906300625002
25,180,-0.060325,-0.189480793069796
26,1,-0.07835,0.0671379075445716
26,2,0.139872,0.0812800667002486
26,3,-0.212006,0.0402913746521644
26,4,0.080842,0.167978738893453
26,5,0.038554,0.179529868729254
26,6,0.080859,0.0279321795382663
26,7,-0.025517,-0.0893563970042443
26,8,-0.042275,-0.000369580912907244
26,9,0.1256,0.0394267186978364
26,10,-0.108821,-0.0878482550720151
26,11,0.045899,-0.0738653482271869
26,12,-0.00484499999999999,-0.000841252925691732
26,13,-0.134958,-0.0127288780844685
26,14,0.035446,0.170238202876483
26,15,0.034212,0.154049341551481
26,16,0.0597,0.0537922157817706
26,17,-0.0112,0.0450508251736647
26,18,-0.105717,0.0366525605147335
26,19,-0.1019828,0.160448551723979
26,20,0.0839418,0.237814356914111
26,21,0.133716,0.0714546088256106
26,22,0.060959,-0.0798143907770637
26,23,-0.04105,-0.0816462045121925
26,24,-0.054113,0.0153160446585722
26,25,-0.130591,0.0363979965917277
26,26,0.057833,0.0876494079201918
26,27,0.171008,0.0152347776245814
26,28,-0.217658,-0.134645517537666
26,29,-0.013067,0.181411461694397
26,30,0.05473,0.307390660747612
26,31,-0.015542,0.097610861913296
26,32,-0.018038,0.0536042052796905
26,33,-0.00436199999999998,0.0957771366311004
26,34,0.029242,0.124483925648686
26,35,-0.00994600000000001,0.103128209116533
26,36,-0.00311299999999998,0.0236072489827193
26,37,0.080842,0.0401278347944762
26,38,0.065308,-0.0334821451364731
26,39,-0.079617,-0.125426182614329
26,40,0.097651,-0.0225218975612449
26,41,-0.077126,-0.0916802773801806
26,42,-0.113804,-0.0550733750170401
26,43,0.101984,0.121902529751121
26,44,-0.012425,0.029090058700558
26,45,-0.0653,0.0242409195387077
26,46,-0.02488,0.17574655230633
26,47,0.106963,0.186053619438452
26,48,-0.092658,0.0468916788457926
26,49,-0.052842,0.0812304198188727
26,50,0.170392,0.167667536572444
26,51,-0.021163,-0.0185618471363406
26,52,-0.115037,-0.0636785981280368
26,53,-0.016167,0.118176213991084
26,54,0.070896,0.13223920861999
26,55,-0.032346,0.0175949768280741
26,56,0.058442,0.022260190781218
26,57,0.016179,0.0178521595989828
26,58,-0.01865,0.0274606847888812
26,59,0.098879,0.0274213189441216
26,60,-0.161071,-0.114384370274899
26,61,0.06095,0.0311998989436865
26,62,0.042284,0.0584047993690105
26,63,-0.051001,-0.0558650375521787
26,64,-0.002475,0.0473109087113916
26,65,0.100746,0.101392747351435
26,66,-0.075258,-0.0394961770982607
26,67,-0.13245,0.0376933373172175
26,68,0.080225,0.182736235860491
26,69,0.018033,0.103837913744018
26,70,-0.031096,0.0279342211305788
26,71,-0.010566,0.0996709845955996
26,72,0.073992,0.13750778429639
26,73,0.00683299999999998,0.0449783542858302
26,74,0.128733,-0.0274535021972326
26,75,-0.089546,-0.169341343537937
26,76,-0.077116,-0.0624304373339674
26,77,-0.00994999999999999,0.074023421031045
26,78,-0.021763,0.045582059098325
26,79,0.029842,0.0515554959612751
26,80,-0.026729,0.0881722798365521
26,81,-0.034205,0.135965153290177
26,82,0.00497500000000001,0.211331068418878
26,83,0.064055,0.140929172102238
26,84,-0.00312100000000001,0.0153632091510212
26,85,-0.034196,0.00856980330663143
26,86,0.154858,0.0649340926494867
26,87,0.047259,-0.0995026454756054
26,88,-0.075867,-0.20583389100403
26,89,-0.100125,-0.0735594662254826
26,90,-0.00623299999999999,0.068085692314647
26,91,-0.00434600000000002,0.0650026779286978
26,92,0.00745800000000002,0.0509599385982411
26,93,0.026738,0.0884795668749045
26,94,-0.06903,0.135229494258478
26,95,0.008713,0.197787632751305
26,96,0.059079,0.147251011787006
26,97,-0.047887,0.00425131651705232
26,98,0.017412,0.0467853551924588
26,99,-0.037925,0.0659954036839544
26,100,0.055346,0.078775926689989
26,101,-0.029238,0.0266467779789263
26,102,-4.000000000004e-06,0.0197479709850874
26,103,-0.00495800000000002,0.0558542421309234
26,104,-0.065925,0.0654844472890535
26,105,0.062829,0.111814404298443
26,106,0.022988,0.0599837092761341
26,107,-0.00248000000000001,-0.00409720150682254
26,108,-0.049758,0.0413623375801647
26,109,0.023013,0.0908662476341061
26,110,0.027987,0.0523242616578835
26,111,0.043538,-0.0104040440772948
26,112,0.00433299999999998,-0.056193682419401
26,113,-0.1193792,-0.0211869016190311
26,114,0.0447622,0.120018763962449
26,115,0.072771,0.0747948088748194
26,116,-0.046654,-0.068953048676763
26,117,0.120013,0.0201985296720499
26,118,-0.131821,-0.039789783786107
26,119,0.004358,0.0586059259228641
26,120,0.013046,0.0941588772382307
26,121,-0.016779,-0.00649890752607158
26,122,0.011808,0.0395471317950197
26,123,-0.024246,0.0858874311838375
26,124,-0.011825,0.0937764494233827
26,125,0.086438,0.132591659061204
26,126,0.041666,-0.018084861618999
26,127,0.032963,-0.0778676742858852
26,128,-0.161067,-0.0781925793922995
26,129,-0.012446,0.0892197925028617
26,130,-0.00620799999999999,0.121885094018986
26,131,0.0454,0.0622350637171297
26,132,0.082713,0.0438942636010701
26,133,-0.032334,0.0178773136709006
26,134,-0.083967,0.064514728629313
26,135,0.0137,0.157363004749561
26,136,0.032946,0.0549505630009075
26,137,0.000613000000000002,-0.0233520195461493
26,138,-0.027975,0.00797309308080157
26,139,0.089558,0.0926606192825465
26,140,-0.053487,0.0156572463459841
26,141,-0.091417,0.0152563904354721
26,142,0.043529,0.124687122276144
26,143,-0.0572082,0.0772300422677017
26,144,-0.00248749999999999,0.10392594613722
26,145,0.0143125,0.150376820792256
26,146,-0.01245,0.11970228912014
26,147,0.1722622,0.140996897750828
26,148,-0.01555,-0.0663883888430903
26,149,-0.100125,-0.118393481692821
26,150,0.062192,0.0558706199861736
26,151,-0.078363,-0.0376808489880639
26,152,-0.0354453,-0.0155288723231587
26,153,0.0914163,0.0958091928765749
26,154,-0.055346,0.0155295337504288
26,155,-0.0491162,0.106511311365542
26,156,0.0870502,0.19162939739875
26,157,0.0852,0.0390817388671176
26,158,-0.048513,-0.0854255534088166
26,159,-0.045387,-0.0315957231401459
26,160,0.029225,0.0491118151405452
26,161,0.109458,0.00935094632500619
26,162,-0.056608,-0.150259806941841
26,163,0.034217,-0.0725544509040198
26,164,-0.1666588,-0.00496001317358151
26,165,0.0397918,0.154264781760757
26,166,-0.0491252,0.116531129555484
26,167,0.0211422,0.104007330882835
26,168,0.143658,0.144535382660217
26,169,-0.1573377,0.0232398334726229
26,170,0.0615587,0.138612248967545
26,171,0.205845,0.127662797385671
26,172,-0.142412,-0.24156718514449
26,173,-0.097008,-0.0908658902750988
26,174,0.036062,0.124259097698908
26,175,0.129354,0.0436543369230039
26,176,-0.060325,-0.105328907785097
26,177,-0.080854,-0.0416658552358664
26,178,0.093917,0.160115196663952
26,179,0.008079,0.0769470170441641
26,180,-0.110058,-0.0573465284813822
27,1,-0.212006,-0.0277732627019534
27,2,0.080842,0.241174870837618
27,3,0.038554,0.0747734924397906
27,4,0.080859,0.111617413883122
27,5,-0.025517,-0.038367661523123
27,6,-0.042275,-0.0427076925261467
27,7,0.1256,0.0150679926573213
27,8,-0.108821,-0.0694889144321571
27,9,0.045899,0.0734897684801723
27,10,-0.00484499999999999,-0.05177440639191
27,11,-0.134958,-0.0119785798009682
27,12,0.035446,0.167847732666143
27,13,0.034212,0.154982155948637
27,14,0.0597,0.0839739442010331
27,15,-0.0112,0.0023634227218408
27,16,-0.105717,0.0292165251954032
27,17,-0.1019828,0.132993637537748
27,18,0.0839418,0.289947529021741
27,19,0.133716,0.166086728028309
27,20,0.060959,-0.0607334348222621
27,21,-0.04105,-0.160099280896728
27,22,-0.054113,-0.0770200818950846
27,23,-0.130591,0.0641839985241501
27,24,0.057833,0.24709904727914
27,25,0.171008,0.109648094764618
27,26,-0.217658,-0.153373723280128
27,27,-0.013067,0.0997787389511676
27,28,0.05473,0.168281956783173
27,29,-0.015542,0.173795088351552
27,30,-0.018038,0.16478037903396
27,31,-0.00436199999999998,0.1076185354362
27,32,0.029242,0.041867720534869
27,33,-0.00994600000000001,0.0784021018337779
27,34,-0.00311299999999998,0.123493542446012
27,35,0.080842,0.0439704766018308
27,36,0.065308,-0.0526331336286798
27,37,-0.079617,-0.0992394530973033
27,38,0.097651,-0.00419710833747962
27,39,-0.077126,-0.108961831528717
27,40,-0.113804,0.0161087807138997
27,41,0.101984,0.14879913334516
27,42,-0.012425,0.0262807412112229
27,43,-0.0653,0.0345581887734922
27,44,-0.02488,0.126712432933051
27,45,0.106963,0.157943666421804
27,46,-0.092658,0.0368371611283092
27,47,-0.052842,0.1691213083437
27,48,0.170392,0.155759589824676
27,49,-0.021163,-0.0565906341707853
27,50,-0.115037,0.00479434469317797
27,51,-0.016167,0.11576608084235
27,52,0.070896,0.112215156825013
27,53,-0.032346,0.0580661030616479
27,54,0.058442,0.106929926196702
27,55,0.016179,-0.0403122501535069
27,56,-0.01865,-0.0441438898815771
27,57,0.098879,0.0545604257203778
27,58,-0.161071,-0.0542258432299068
27,59,0.06095,0.0905080514375682
27,60,0.042284,0.0169275362867727
27,61,-0.051001,0.00343545007552809
27,62,-0.002475,0.0391502422645316
27,63,0.100746,0.061786658011287
27,64,-0.075258,-0.0502594695444541
27,65,-0.13245,0.0705739393866182
27,66,0.080225,0.216386079690201
27,67,0.018033,0.0857311731251907
27,68,-0.031096,0.0848969046297737
27,69,-0.010566,0.0966891344597136
27,70,0.073992,0.072338794988263
27,71,0.00683299999999998,0.0156775445031704
27,72,0.128733,0.0557833903557611
27,73,-0.089546,-0.144827717449539
27,74,-0.077116,-0.0614991082060589
27,75,-0.00994999999999999,0.06660950164254
27,76,-0.021763,0.118103959400208
27,77,0.029842,0.114047760037735
27,78,-0.026729,0.0560086234288923
27,79,-0.034205,0.0773153947004297
27,80,0.00497500000000001,0.142254632695532
27,81,0.064055,0.18063920271906
27,82,-0.00312100000000001,0.0672055810634135
27,83,-0.034196,0.0297468874677177
27,84,0.154858,0.0486538662462799
27,85,0.047259,-0.114556182414027
27,86,-0.075867,-0.137989516517231
27,87,-0.100125,-0.0593386366317814
27,88,-0.00623299999999999,0.0652443704981428
27,89,-0.00434600000000002,0.107042416226926
27,90,0.00745800000000002,0.132926876301877
27,91,0.026738,0.0656459810873576
27,92,-0.06903,0.0174913268003143
27,93,0.008713,0.161623316868217
27,94,0.059079,0.178198012244455
27,95,-0.047887,0.0760498876351268
27,96,0.017412,0.0776563354508064
27,97,-0.037925,0.0387403877332702
27,98,0.055346,0.0889263130568492
27,99,-0.029238,0.0370165739537631
27,100,-4.000000000004e-06,0.0719506655175307
27,101,-0.00495800000000002,0.0315428594707617
27,102,-0.065925,0.0594493098710702
27,103,0.062829,0.145290839297315
27,104,0.022988,0.0616773166096413
27,105,-0.00248000000000001,0.0235035395197381
27,106,-0.049758,0.0120462783207004
27,107,0.023013,0.0886739464514571
27,108,0.027987,0.0642831893293887
27,109,0.043538,0.0448084647604188
27,110,0.00433299999999998,-0.0339036383013474
27,111,-0.1193792,-0.0541428529438448
27,112,0.0447622,0.114577213903023
27,113,0.072771,0.0922600060435647
27,114,-0.046654,0.00733915522519937
27,115,0.120013,0.0206304386711939
27,116,-0.131821,-0.118528588051325
27,117,0.004358,0.0752201113961448
27,118,0.013046,0.103209798825579
27,119,-0.016779,0.0922500035819173
27,120,0.011808,0.0464154892069291
27,121,-0.024246,0.0459472949519124
27,122,-0.011825,0.0762880775029709
27,123,0.086438,0.109937566793713
27,124,0.041666,0.0311880883980584
27,125,0.032963,-0.0576644587676404
27,126,-0.161067,-0.097504902518708
27,127,-0.012446,0.110880339859739
27,128,-0.00620799999999999,0.138872362841071
27,129,0.0454,0.159585215182083
27,130,0.082713,0.0503083150748187
27,131,-0.032334,-0.0658317407066794
27,132,-0.083967,-0.00164294887525041
27,133,0.0137,0.153485135150733
27,134,0.032946,0.150716638456805
27,135,0.000613000000000002,0.0587781552669423
27,136,-0.027975,0.0157077013050183
27,137,0.089558,0.030196178757284
27,138,-0.053487,-0.0342289201934589
27,139,-0.091417,0.0784327296822334
27,140,0.043529,0.156126122746773
27,141,-0.0572082,0.0808256713986427
27,142,-0.00248749999999999,0.146713047174493
27,143,0.0143125,0.136896455403886
27,144,-0.01245,0.0970574618382811
27,145,0.1722622,0.107654523947017
27,146,-0.01555,-0.0603512850226715
27,147,-0.100125,-0.0644236677688104
27,148,0.062192,0.0315638773047597
27,149,-0.078363,-0.000465121434299311
27,150,-0.0354453,0.0910603797906332
27,151,0.0914163,0.109672813438293
27,152,-0.055346,-0.0201002190802465
27,153,-0.0491162,0.05548219989239
27,154,0.0870502,0.167448484114651
27,155,0.0852,0.0583302127328519
27,156,-0.048513,-0.0555986446362047
27,157,-0.045387,0.00246091737657076
27,158,0.029225,0.0241238501212198
27,159,0.109458,0.0218435293472614
27,160,-0.056608,-0.0658869079365507
27,161,0.034217,-0.0389845052700488
27,162,-0.1666588,-0.0987642878693754
27,163,0.0397918,0.170466101738632
27,164,-0.0491252,0.155590156554703
27,165,0.0211422,0.190453977905166
27,166,0.143658,0.0908844087937825
27,167,-0.1573377,-0.0550477158562515
27,168,0.0615587,0.146568769147725
27,169,0.205845,0.0857511082588325
27,170,-0.142412,-0.134796372580686
27,171,-0.097008,-0.0194176022588567
27,172,0.036062,0.0835949507692797
27,173,0.129354,0.0527781023731523
27,174,-0.060325,-0.0490188703354733
27,175,-0.080854,0.0185463762941467
27,176,0.093917,0.0308916040793863
27,177,0.008079,0.0120640021234225
27,178,-0.110058,0.0850902090626051
27,179,0.029837,0.133890928652894
27,180,0.063425,0.0422779832067833
28,1,0.080859,0.0595698020035553
28,2,-0.025517,-0.0329818458896786
28,3,-0.042275,-0.0360143998951592
28,4,0.1256,0.050233014445225
28,5,-0.108821,-0.0908943607548573
28,6,0.045899,0.0456887951360027
28,7,-0.00484499999999999,-0.0323997841548943
28,8,-0.134958,-0.019751910578846
28,9,0.035446,0.174244357653307
28,10,0.034212,0.143274986143395
28,11,0.0597,0.0762303270412404
28,12,-0.0112,0.00181043952092874
28,13,-0.105717,0.0393651436082476
28,14,-0.1019828,0.16212585857374
28,15,0.0839418,0.277185306627829
28,16,0.133716,0.136086021698191
28,17,0.060959,-0.0825111193741211
28,18,-0.04105,-0.137884889467481
28,19,-0.054113,-0.0339927504061242
28,20,-0.130591,0.0751994917660812
28,21,0.057833,0.21229748534655
28,22,0.171008,0.0799461984382669
28,23,-0.217658,-0.171836935422124
28,24,-0.013067,0.125638830042814
28,25,0.05473,0.21477419214933
28,26,-0.015542,0.146969579931995
28,27,-0.018038,0.133176882110266
28,28,-0.00436199999999998,0.107895611265081
28,29,0.029242,0.0811535994445145
28,30,-0.00994600000000001,0.0697948734563249
28,31,-0.00311299999999998,0.102823351188901
28,32,0.080842,0.0565590553791989
28,33,0.065308,-0.0514382659882819
28,34,-0.079617,-0.107157463805418
28,35,0.097651,0.00348475088515939
28,36,-0.077126,-0.0972764172938481
28,37,-0.113804,-0.00273665228784331
28,38,0.101984,0.149263323189913
28,39,-0.012425,0.0150844891257705
28,40,-0.0653,0.024192952052035
28,41,-0.02488,0.134678521743656
28,42,0.106963,0.175924526476618
28,43,-0.092658,0.0345347183421554
28,44,-0.052842,0.141994582711445
28,45,0.170392,0.181370393692177
28,46,-0.021163,-0.0568143772972535
28,47,-0.115037,-0.0167523775247539
28,48,-0.016167,0.132745024497662
28,49,0.070896,0.131409943495391
28,50,-0.032346,0.0337779587053168
28,51,0.058442,0.0740690821858553
28,52,0.016179,-0.0122978822231179
28,53,-0.01865,-0.0269843565509136
28,54,0.098879,0.0509507158137723
28,55,-0.161071,-0.0663693967043519
28,56,0.06095,0.0912188573434996
28,57,0.042284,0.0262459105930094
28,58,-0.051001,-0.024709425064185
28,59,-0.002475,0.0464298360001423
28,60,0.100746,0.0671623972256627
28,61,-0.075258,-0.0406920748628513
28,62,-0.13245,0.0553758880692699
28,63,0.080225,0.226897941099311
28,64,0.018033,0.0886226643260004
28,65,-0.031096,0.0535102586119377
28,66,-0.010566,0.098246396299531
28,67,0.073992,0.100694333558625
28,68,0.00683299999999998,0.0220280853754168
28,69,0.128733,0.0294063825616639
28,70,-0.089546,-0.137971083400939
28,71,-0.077116,-0.0510668780932278
28,72,-0.00994999999999999,0.0820834981892855
28,73,-0.021763,0.0924469381282243
28,74,0.029842,0.0941254688612785
28,75,-0.026729,0.0476164804150095
28,76,-0.034205,0.096049750259336
28,77,0.00497500000000001,0.160506453995629
28,78,0.064055,0.170453816963443
28,79,-0.00312100000000001,0.0583425425997607
28,80,-0.034196,0.0267234043690925
28,81,0.154858,0.0650808786915835
28,82,0.047259,-0.113078652883121
28,83,-0.075867,-0.156680795613748
28,84,-0.100125,-0.0455161253003199
28,85,-0.00623299999999999,0.0808957672331093
28,86,-0.00434600000000002,0.0913990107945044
28,87,0.00745800000000002,0.0901926426355236
28,88,0.026738,0.0689365277924579
28,89,-0.06903,0.0433560057197129
28,90,0.008713,0.17341693341267
28,91,0.059079,0.175808929368791
28,92,-0.047887,0.0601349481035546
28,93,0.017412,0.0760585568618135
28,94,-0.037925,0.0498350629032739
28,95,0.055346,0.091206180172133
28,96,-0.029238,0.0312007002667271
28,97,-4.000000000004e-06,0.0576488412092369
28,98,-0.00495800000000002,0.0488406200266562
28,99,-0.065925,0.0555140618515941
28,100,0.062829,0.144188818028134
28,101,0.022988,0.055359978696426
28,102,-0.00248000000000001,0.015483021978993
28,103,-0.049758,0.0229263431600563
28,104,0.023013,0.0960357202160085
28,105,0.027987,0.0677802235857087
28,106,0.043538,0.0223869994547735
28,107,0.00433299999999998,-0.0354534193658361
28,108,-0.1193792,-0.0424881974837711
28,109,0.0447622,0.127090529036397
28,110,0.072771,0.0857949260879479
28,111,-0.046654,-0.0221205239756746
28,112,0.120013,0.0231266647984598
28,113,-0.131821,-0.0976546347293241
28,114,0.004358,0.08123868766641
28,115,0.013046,0.106020076499727
28,116,-0.016779,0.0613172836284433
28,117,0.011808,0.0501472404490531
28,118,-0.024246,0.0425104381081222
28,119,-0.011825,0.092363962470503
28,120,0.086438,0.110820325974888
28,121,0.041666,0.0176484766962437
28,122,0.032963,-0.0584107153866901
28,123,-0.161067,-0.0862748066337367
28,124,-0.012446,0.12201715466912
28,125,-0.00620799999999999,0.140750993128711
28,126,0.0454,0.117927565427663
28,127,0.082713,0.0426689617509868
28,128,-0.032334,-0.0552967368442629
28,129,-0.083967,0.0281375475240452
28,130,0.0137,0.163680844588808
28,131,0.032946,0.13525997148436
28,132,0.000613000000000002,0.0334525864568994
28,133,-0.027975,0.00990366652256025
28,134,0.089558,0.0516046607105225
28,135,-0.053487,-0.0239899701836714
28,136,-0.091417,0.0619601389683296
28,137,0.043529,0.16448994573959
28,138,-0.0572082,0.0782697271614872
28,139,-0.00248749999999999,0.130229550190039
28,140,0.0143125,0.134913608628239
28,141,-0.01245,0.104493997045308
28,142,0.1722622,0.117785907380721
28,143,-0.01555,-0.070204615541277
28,144,-0.100125,-0.0637189240977272
28,145,0.062192,0.0591285099524191
28,146,-0.078363,-0.00741591723230578
28,147,-0.0354453,0.0643096541644305
28,148,0.0914163,0.0989748771042061
28,149,-0.055346,-0.0171869546909741
28,150,-0.0491162,0.0645029853857907
28,151,0.0870502,0.173200981623264
28,152,0.0852,0.0603130932198624
28,153,-0.048513,-0.0682310523726282
28,154,-0.045387,0.000479969573018123
28,155,0.029225,0.0525895509904857
28,156,0.109458,0.0158118903641477
28,157,-0.056608,-0.100337865191063
28,158,0.034217,-0.0417058110862833
28,159,-0.1666588,-0.064125095030017
28,160,0.0397918,0.167178075315243
28,161,-0.0491252,0.144681389534571
28,162,0.0211422,0.154223437112123
28,163,0.143658,0.108722916931358
28,164,-0.1573377,-0.0550303997465205
28,165,0.0615587,0.165557861443757
28,166,0.205845,0.103062567918707
28,167,-0.142412,-0.165849210213054
28,168,-0.097008,-0.0242265385889849
28,169,0.036062,0.109716501560707
28,170,0.129354,0.0549556543860025
28,171,-0.060325,-0.0923020342442062
28,172,-0.080854,-0.000866616661068839
28,173,0.093917,0.0929248961707962
28,174,0.008079,0.0144189402209044
28,175,-0.110058,0.0414790151650212
28,176,0.029837,0.136145840782571
28,177,0.063425,0.0672949403653204
28,178,-0.092646,0.000767892869090084
28,179,-0.0441538,0.138330929893409
28,180,0.0136708,0.174108033103462
29,1,-0.025517,-0.0452540483242477
29,2,-0.042275,-0.0409198636315278
29,3,0.1256,0.0418689104007983
29,4,-0.108821,-0.124828355529284
29,5,0.045899,0.0483170122216475
29,6,-0.00484499999999999,-0.0458397859551026
29,7,-0.134958,0.00151139218964464
29,8,0.035446,0.143524871518495
29,9,0.034212,0.105854029750093
29,10,0.0597,0.0668573547262521
29,11,-0.0112,-0.0203092209412635
29,12,-0.105717,0.0347990237981683
29,13,-0.1019828,0.116256696812105
29,14,0.0839418,0.202862706450823
29,15,0.133716,0.0906356415976899
29,16,0.060959,-0.0770741994645465
29,17,-0.04105,-0.107663204898822
29,18,-0.054113,-0.0365696866687389
29,19,-0.130591,0.0269182942433742
29,20,0.057833,0.147054058750383
29,21,0.171008,0.0527575853858263
29,22,-0.217658,-0.129548052768578
29,23,-0.013067,0.14491796003404
29,24,0.05473,0.160883208242682
29,25,-0.015542,0.096014835834689
29,26,-0.018038,0.0744138621935679
29,27,-0.00436199999999998,0.0882347846704393
29,28,0.029242,0.0713668215708961
29,29,-0.00994600000000001,0.0244806306968895
29,30,-0.00311299999999998,0.0713663138505904
29,31,0.080842,0.0280636593454137
29,32,0.065308,-0.0591224238338457
29,33,-0.079617,-0.102629070146725
29,34,0.097651,-0.00361430071101406
29,35,-0.077126,-0.102603849496735
29,36,-0.113804,-0.00240295380655173
29,37,0.101984,0.11932893557105
29,38,-0.012425,0.0106517818438308
29,39,-0.0653,0.031865124253163
29,40,-0.02488,0.108190642077932
29,41,0.106963,0.148191971565816
29,42,-0.092658,-0.00781977265992587
29,43,-0.052842,0.106680301227195
29,44,0.170392,0.140266565786807
29,45,-0.021163,-0.0744988711410965
29,46,-0.115037,-0.022212609952014
29,47,-0.016167,0.0989294962341566
29,48,0.070896,0.102584695083129
29,49,-0.032346,5.35198851011123e-05
29,50,0.058442,0.0584672969591096
29,51,0.016179,-0.00796369634291591
29,52,-0.01865,-0.0294412216814783
29,53,0.098879,0.018996619605102
29,54,-0.161071,-0.0851002964049832
29,55,0.06095,0.0818319181843018
29,56,0.042284,-0.00157238062157443
29,57,-0.051001,-0.0125059266775455
29,58,-0.002475,0.0353292669037154
29,59,0.100746,0.053188639728049
29,60,-0.075258,-0.0438810488790458
29,61,-0.13245,0.0271760768131326
29,62,0.080225,0.188414025111201
29,63,0.018033,0.0521803885786665
29,64,-0.031096,0.0383190497471923
29,65,-0.010566,0.0784480497899374
29,66,0.073992,0.0847890243112082
29,67,0.00683299999999998,-0.0111896420239919
29,68,0.128733,-0.00181440614681881
29,69,-0.089546,-0.138439778440523
29,70,-0.077116,-0.0424588111771208
29,71,-0.00994999999999999,0.0537785372950352
29,72,-0.021763,0.0663748596009931
29,73,0.029842,0.0799896925091137
29,74,-0.026729,0.0438829005370742
29,75,-0.034205,0.0997566823905101
29,76,0.00497500000000001,0.115691690725802
29,77,0.064055,0.11778162347523
29,78,-0.00312100000000001,0.0181559516692069
29,79,-0.034196,0.00706548782860152
29,80,0.154858,0.0456917875816282
29,81,0.047259,-0.123936976139578
29,82,-0.075867,-0.144315728927419
29,83,-0.100125,-0.0468481083882528
29,84,-0.00623299999999999,0.0675664437147781
29,85,-0.00434600000000002,0.063530762844485
29,86,0.00745800000000002,0.0748254457348972
29,87,0.026738,0.0766040681315838
29,88,-0.06903,0.0425794849751772
29,89,0.008713,0.136337799937958
29,90,0.059079,0.109690411244237
29,91,-0.047887,0.0220631952820609
29,92,0.017412,0.0506217556317831
29,93,-0.037925,0.0291077664040997
29,94,0.055346,0.0712828414675045
29,95,-0.029238,-0.000917741497692397
29,96,-4.000000000004e-06,0.0451887266935397
29,97,-0.00495800000000002,0.030493161793257
29,98,-0.065925,0.0359323922624452
29,99,0.062829,0.11403094918741
29,100,0.022988,0.0235182051242645
29,101,-0.00248000000000001,0.0121349746743207
29,102,-0.049758,0.00524784636802459
29,103,0.023013,0.074299395278712
29,104,0.027987,0.0336091754079203
29,105,0.043538,-0.000364116992744454
29,106,0.00433299999999998,-0.0360698404800597
29,107,-0.1193792,-0.039455168252161
29,108,0.0447622,0.105068826202513
29,109,0.072771,0.0448402314549476
29,110,-0.046654,-0.0279761338028831
29,111,0.120013,0.0207752797498712
29,112,-0.131821,-0.0906849669165141
29,113,0.004358,0.0719223079976852
29,114,0.013046,0.0503155174538102
29,115,-0.016779,0.0464250722170438
29,116,0.011808,0.0370484755062272
29,117,-0.024246,0.0343079953146708
29,118,-0.011825,0.0842887751320409
29,119,0.086438,0.065116771279972
29,120,0.041666,-0.00318296902923508
29,121,0.032963,-0.0656865901440003
29,122,-0.161067,-0.0864406306436823
29,123,-0.012446,0.102372990795006
29,124,-0.00620799999999999,0.0914366334167237
29,125,0.0454,0.0936793176859554
29,126,0.082713,0.0377794034429474
29,127,-0.032334,-0.0398127452800794
29,128,-0.083967,0.0244423248223774
29,129,0.0137,0.10356837223811
29,130,0.032946,0.0819727185098632
29,131,0.000613000000000002,0.00568449968844562
29,132,-0.027975,0.0116486640701396
29,133,0.089558,0.0520210012483563
29,134,-0.053487,-0.0388863397629251
29,135,-0.091417,0.0378756140688996
29,136,0.043529,0.122248918875648
29,137,-0.0572082,0.0504709988682286
29,138,-0.00248749999999999,0.108277657210858
29,139,0.0143125,0.102749533074986
29,140,-0.01245,0.0901687675938538
29,141,0.1722622,0.0801433823565654
29,142,-0.01555,-0.0935481002044489
29,143,-0.100125,-0.0619521339984253
29,144,0.062192,0.0255776242583872
29,145,-0.078363,-0.028343800375849
29,146,-0.0354453,0.048454373339384
29,147,0.0914163,0.0786861043118385
29,148,-0.055346,0.00172031669299293
29,149,-0.0491162,0.0580509029879597
29,150,0.0870502,0.130444634872073
29,151,0.0852,0.0299682201296799
29,152,-0.048513,-0.0873523996093219
29,153,-0.045387,-0.00799784409830664
29,154,0.029225,0.0361087038407257
29,155,0.109458,-0.00990202291700237
29,156,-0.056608,-0.103355085232291
29,157,0.034217,-0.0237234144965675
29,158,-0.1666588,-0.0554468453851876
29,159,0.0397918,0.145322908132986
29,160,-0.0491252,0.0914257005218889
29,161,0.0211422,0.134654812826711
29,162,0.143658,0.0916101396290189
29,163,-0.1573377,-0.05642251513716
29,164,0.0615587,0.143587665463547
29,165,0.205845,0.030990209278089
29,166,-0.142412,-0.165415016210281
29,167,-0.097008,-0.0316750371945504
29,168,0.036062,0.0876253497935061
29,169,0.129354,0.0452166298621103
29,170,-0.060325,-0.106003408083405
29,171,-0.080854,0.0209291760046723
29,172,0.093917,0.0906784058232694
29,173,0.008079,-0.0170858974479466
29,174,-0.110058,0.0144061791603403
29,175,0.029837,0.105085818123545
29,176,0.063425,0.0554640668454652
29,177,-0.092646,-0.0127734836717498
29,178,-0.0441538,0.10876928662665
29,179,0.0136708,0.139679709158962
29,180,-0.0379292,0.0926769406194536
30,1,-0.042275,-0.0102385885014977
30,2,0.1256,0.0128186803136286
30,3,-0.108821,-0.0393571511573999
30,4,0.045899,0.0389608322716631
30,5,-0.00484499999999999,-0.00481287802423336
30,6,-0.134958,0.010335974409668
30,7,0.035446,0.182525301235694
30,8,0.034212,0.170602475461301
30,9,0.0597,0.120863695791918
30,10,-0.0112,0.02641974597491
30,11,-0.105717,0.0139672415497582
30,12,-0.1019828,0.164388008358321
30,13,0.0839418,0.30273316720865
30,14,0.133716,0.190589703180915
30,15,0.060959,-0.0187648231441829
30,16,-0.04105,-0.159641767027554
30,17,-0.054113,-0.0767145308132197
30,18,-0.130591,0.0598260963837847
30,19,0.057833,0.247401628816826
30,20,0.171008,0.145023460259472
30,21,-0.217658,-0.0988961293317667
30,22,-0.013067,0.106562836308913
30,23,0.05473,0.183623565557219
30,24,-0.015542,0.202787575771668
30,25,-0.018038,0.165557698977873
30,26,-0.00436199999999998,0.11529929827253
30,27,0.029242,0.101354440704565
30,28,-0.00994600000000001,0.0981182933059578
30,29,-0.00311299999999998,0.0897516407973907
30,30,0.080842,0.0858724060499175
30,31,0.065308,-0.0283648007460175
30,32,-0.079617,-0.102823101898396
30,33,0.097651,-0.0075891501581457
30,34,-0.077126,-0.0921056988190012
30,35,-0.113804,0.0286455313130525
30,36,0.101984,0.152768404503678
30,37,-0.012425,0.0672795252570289
30,38,-0.0653,0.068244026726083
30,39,-0.02488,0.128372394096068
30,40,0.106963,0.176841014804314
30,41,-0.092658,0.0818215783943768
30,42,-0.052842,0.148576235514156
30,43,0.170392,0.174521160448884
30,44,-0.021163,0.00198188588607542
30,45,-0.115037,-0.00952456719174322
30,46,-0.016167,0.106368889995745
30,47,0.070896,0.155522765274296
30,48,-0.032346,0.0967470080923757
30,49,0.058442,0.0881400937434507
30,50,0.016179,-0.0100715501518576
30,51,-0.01865,-0.00251335686824576
30,52,0.098879,0.0314898495016398
30,53,-0.161071,-0.0541644414020653
30,54,0.06095,0.111302548953759
30,55,0.042284,0.0441750308088296
30,56,-0.051001,0.0205023006123483
30,57,-0.002475,0.0555794817310533
30,58,0.100746,0.0730955350664371
30,59,-0.075258,-0.0238748756880058
30,60,-0.13245,0.0780620628952141
30,61,0.080225,0.202049270940211
30,62,0.018033,0.153958808175766
30,63,-0.031096,0.102089788440289
30,64,-0.010566,0.0927861577484742
30,65,0.073992,0.107314721004858
30,66,0.00683299999999998,0.046731737515376
30,67,0.128733,0.0339543268183538
30,68,-0.089546,-0.141684458435988
30,69,-0.077116,-0.0363823368538904
30,70,-0.00994999999999999,0.0643398066054796
30,71,-0.021763,0.140428217100034
30,72,0.029842,0.144324410732634
30,73,-0.026729,0.0867587663273792
30,74,-0.034205,0.0993683142285406
30,75,0.00497500000000001,0.172360067400484
30,76,0.064055,0.175637122747216
30,77,-0.00312100000000001,0.088708684906882
30,78,-0.034196,0.045513860023996
30,79,0.154858,0.0595468027711374
30,80,0.047259,-0.091219027476348
30,81,-0.075867,-0.147675776442988
30,82,-0.100125,-0.071418691908302
30,83,-0.00623299999999999,0.0882573625474508
30,84,-0.00434600000000002,0.144083326108036
30,85,0.00745800000000002,0.146520173705229
30,86,0.026738,0.091840428120695
30,87,-0.06903,0.0657385417090582
30,88,0.008713,0.162667067953939
30,89,0.059079,0.180115339714582
30,90,-0.047887,0.0959701615171089
30,91,0.017412,0.0975207543919697
30,92,-0.037925,0.054809174159169
30,93,0.055346,0.11279113091436
30,94,-0.029238,0.052294776398172
30,95,-4.000000000004e-06,0.0747485067098903
30,96,-0.00495800000000002,0.0584643824320796
30,97,-0.065925,0.0817662904480745
30,98,0.062829,0.150866248871858
30,99,0.022988,0.0904488808890407
30,100,-0.00248000000000001,0.0384662700381803
30,101,-0.049758,0.0290327522163536
30,102,0.023013,0.0934220822921666
30,103,0.027987,0.0889210158968472
30,104,0.043538,0.0567755616422122
30,105,0.00433299999999998,-0.0277046561110647
30,106,-0.1193792,-0.0293950472793632
30,107,0.0447622,0.120263722267882
30,108,0.072771,0.112243888732966
30,109,-0.046654,0.0255372744631498
30,110,0.120013,0.0341605718975884
30,111,-0.131821,-0.100907064415413
30,112,0.004358,0.086608198091604
30,113,0.013046,0.104673328691455
30,114,-0.016779,0.107484238486532
30,115,0.011808,0.0843223750913182
30,116,-0.024246,0.0633904709716335
30,117,-0.011825,0.0906722255058207
30,118,0.086438,0.140096415621537
30,119,0.041666,0.0220556791276191
30,120,0.032963,-0.0328490053000633
30,121,-0.161067,-0.0969966525840927
30,122,-0.012446,0.11393831492811
30,123,-0.00620799999999999,0.166795762141449
30,124,0.0454,0.186421658873023
30,125,0.082713,0.0763947185512196
30,126,-0.032334,-0.034990723119843
30,127,-0.083967,0.00332513842800655
30,128,0.0137,0.153265364437711
30,129,0.032946,0.153139587830805
30,130,0.000613000000000002,0.0964330230473467
30,131,-0.027975,0.0295156019230932
30,132,0.089558,0.0568375234244256
30,133,-0.053487,-0.0107742445750182
30,134,-0.091417,0.0680448139432564
30,135,0.043529,0.161400933366553
30,136,-0.0572082,0.125668307691201
30,137,-0.00248749999999999,0.171180046824433
30,138,0.0143125,0.150466099717514
30,139,-0.01245,0.127282121876751
30,140,0.1722622,0.137786867552497
30,141,-0.01555,-0.0660052485734862
30,142,-0.100125,-0.0669813333305235
30,143,0.062192,0.0399708913787905
30,144,-0.078363,0.0109172908365317
30,145,-0.0354453,0.113360265256249
30,146,0.0914163,0.124413655749138
30,147,-0.055346,0.0183688547256966
30,148,-0.0491162,0.0907218265496519
30,149,0.0870502,0.153428478182595
30,150,0.0852,0.0825446478790112
30,151,-0.048513,-0.0294044223495338
30,152,-0.045387,-0.0209380865878795
30,153,0.029225,0.0461692904601672
30,154,0.109458,0.0565360234076988
30,155,-0.056608,-0.0739791016702026
30,156,0.034217,-0.034700975991727
30,157,-0.1666588,-0.0675918009326633
30,158,0.0397918,0.184733018479042
30,159,-0.0491252,0.164331635694896
30,160,0.0211422,0.222319750955483
30,161,0.143658,0.128456794761277
30,162,-0.1573377,-0.0245191762081495
30,163,0.0615587,0.133669226435702
30,164,0.205845,0.103458352804884
30,165,-0.142412,-0.131558221404504
30,166,-0.097008,-0.0156843025040924
30,167,0.036062,0.0788130457634988
30,168,0.129354,0.111104223152945
30,169,-0.060325,-0.0263959688151355
30,170,-0.080854,-0.0168518904464196
30,171,0.093917,0.0829100638400715
30,172,0.008079,0.0528524280072466
30,173,-0.110058,0.0496408059709014
30,174,0.029837,0.144167576489277
30,175,0.063425,0.095217390206099
30,176,-0.092646,0.047212282332548
30,177,-0.0441538,0.133307206469013
30,178,0.0136708,0.178719190384483
30,179,-0.0379292,0.179084044998618
30,180,0.0510002,0.201035522539658
31,1,0.0597,0.023837387598742
31,2,-0.0112,-0.0359645980181023
31,3,-0.105717,0.069968462904574
31,4,-0.1019828,0.160227253304608
31,5,0.0839418,0.23583813845261
31,6,0.133716,0.0430915389197295
31,7,0.060959,-0.153305913073317
31,8,-0.04105,-0.0989645145068138
31,9,-0.054113,0.045778696519508
31,10,-0.130591,0.0897201832924343
31,11,0.057833,0.152491728313975
31,12,0.171008,0.00468865113298449
31,13,-0.217658,-0.204745183220534
31,14,-0.013067,0.182074184307426
31,15,0.05473,0.264082528613823
31,16,-0.015542,0.0727050303963947
31,17,-0.018038,0.0172665541348066
31,18,-0.00436199999999998,0.105118907933474
31,19,0.029242,0.0880916492946133
31,20,-0.00994600000000001,0.0323151694987457
31,21,-0.00311299999999998,0.0735340535701145
31,22,0.080842,0.0268280915932433
31,23,0.065308,-0.0584991099227697
31,24,-0.079617,-0.110409665908639
31,25,0.097651,0.0289875798872846
31,26,-0.077126,-0.0752589536387249
31,27,-0.113804,-0.00694957186051517
31,28,0.101984,0.147159148791882
31,29,-0.012425,0.00189518585515997
31,30,-0.0653,-0.0127705746138508
31,31,-0.02488,0.141637270425123
31,32,0.106963,0.188061932810604
31,33,-0.092658,-0.0360782692831958
31,34,-0.052842,0.102261086855677
31,35,0.170392,0.175686035872465
31,36,-0.021163,-0.0933538548182765
31,37,-0.115037,-0.0512808234628648
31,38,-0.016167,0.156687876612064
31,39,0.070896,0.14188908733337
31,40,-0.032346,-0.0446834486913569
31,41,0.058442,0.0351273870530207
31,42,0.016179,0.00544984718357289
31,43,-0.01865,-0.0117272914017976
31,44,0.098879,0.0468384857444824
31,45,-0.161071,-0.0850480038701952
31,46,0.06095,0.0886745409086987
31,47,0.042284,0.0244114857477851
31,48,-0.051001,-0.0406567530650328
31,49,-0.002475,0.0267254404282905
31,50,0.100746,0.0959087999949652
31,51,-0.075258,-0.0548886752576166
31,52,-0.13245,0.0282274802344645
31,53,0.080225,0.242728001264015
31,54,0.018033,0.043052406934466
31,55,-0.031096,-0.0136241071875804
31,56,-0.010566,0.0863480357898475
31,57,0.073992,0.12218029847487
31,58,0.00683299999999998,-0.0118523990061324
31,59,0.128733,-0.00812746439786892
31,60,-0.089546,-0.143366809175981
31,61,-0.077116,-0.0189448201050539
31,62,-0.00994999999999999,0.112850148598656
31,63,-0.021763,0.0688305277601422
31,64,0.029842,0.0348322415681526
31,65,-0.026729,0.0300962646135556
31,66,-0.034205,0.114068112098101
31,67,0.00497500000000001,0.146144170882277
31,68,0.064055,0.132226387292714
31,69,-0.00312100000000001,-0.0097576641651921
31,70,-0.034196,0.000367785391821675
31,71,0.154858,0.0771007722887025
31,72,0.047259,-0.12465128248355
31,73,-0.075867,-0.165729606770385
31,74,-0.100125,-0.00345362868925542
31,75,-0.00623299999999999,0.129726447324668
31,76,-0.00434600000000002,0.0536976816236975
31,77,0.00745800000000002,0.0297983507905559
31,78,0.026738,0.0582766424271032
31,79,-0.06903,0.0580415440094258
31,80,0.008713,0.174056548058801
31,81,0.059079,0.129942805734509
31,82,-0.047887,-0.00501394010245347
31,83,0.017412,0.0400363133412832
31,84,-0.037925,0.0555792086922079
31,85,0.055346,0.0815214856025006
31,86,-0.029238,-0.00678406828319969
31,87,-4.000000000004e-06,0.0432663104934957
31,88,-0.00495800000000002,0.0416331273071462
31,89,-0.065925,0.0501573103538397
31,90,0.062829,0.123058497865655
31,91,0.022988,0.018995054313268
31,92,-0.00248000000000001,-0.00756771294703218
31,93,-0.049758,0.0168122639796276
31,94,0.023013,0.112906815439427
31,95,0.027987,0.0390358408687383
31,96,0.043538,-0.0187145983715295
31,97,0.00433299999999998,-0.0464314351734449
31,98,-0.1193792,-0.0228933226675943
31,99,0.0447622,0.150695283496888
31,100,0.072771,0.0575302459518495
31,101,-0.046654,-0.075610153876716
31,102,0.120013,0.0136780359502228
31,103,-0.131821,-0.0595689275966081
31,104,0.004358,0.0981015221170803
31,105,0.013046,0.0839353030780337
31,106,-0.016779,0.0271514787902207
31,107,0.011808,0.00617972389083812
31,108,-0.024246,0.0534726942515574
31,109,-0.011825,0.0987303404371618
31,110,0.086438,0.0776847952570673
31,111,0.041666,-0.0100015364953735
31,112,0.032963,-0.0865790707017533
31,113,-0.161067,-0.0623923865088474
31,114,-0.012446,0.157832130077671
31,115,-0.00620799999999999,0.115874289784131
31,116,0.0454,0.051580972642994
31,117,0.082713,-0.00549107209467917
31,118,-0.032334,-0.0387574546033977
31,119,-0.083967,0.0616721460293473
31,120,0.0137,0.163704359541917
31,121,0.032946,0.0877226458275013
31,122,0.000613000000000002,-0.0452412506400416
31,123,-0.027975,-0.001242373388748
31,124,0.089558,0.0812058766993351
31,125,-0.053487,-0.0257598205718844
31,126,-0.091417,0.0422177287785042
31,127,0.043529,0.15398582274252
31,128,-0.0572082,0.0509297615850198
31,129,-0.00248749999999999,0.0809238618493576
31,130,0.0143125,0.108243503989808
31,131,-0.01245,0.0931735016094397
31,132,0.1722622,0.0818136500180135
31,133,-0.01555,-0.0983733260514378
31,134,-0.100125,-0.06733369181805
31,135,0.062192,0.0874477603706344
31,136,-0.078363,0.00046463564289289
31,137,-0.0354453,0.0125367528053119
31,138,0.0914163,0.0817205783805943
31,139,-0.055346,-0.00966199142967347
31,140,-0.0491162,0.0514267802041797
31,141,0.0870502,0.181078800738767
31,142,0.0852,0.0281587353269929
31,143,-0.048513,-0.128188325562851
31,144,-0.045387,0.0164857012879352
31,145,0.029225,0.0876588288911561
31,146,0.109458,-0.00575084219805432
31,147,-0.056608,-0.142924419440747
31,148,0.034217,-0.0258222131765716
31,149,-0.1666588,-0.0112902433675859
31,150,0.0397918,0.187170681860947
31,151,-0.0491252,0.0924181974230524
31,152,0.0211422,0.0949432491345586
31,153,0.143658,0.073511546597343
31,154,-0.1573377,-0.058020173391701
31,155,0.0615587,0.174009583818279
31,156,0.205845,0.0830016844216773
31,157,-0.142412,-0.212628749290038
31,158,-0.097008,-0.0491457228422962
31,159,0.036062,0.18449482723381
31,160,0.129354,0.0458085419025212
31,161,-0.060325,-0.181861595420305
31,162,-0.080854,0.0209553547677351
31,163,0.093917,0.155886532893336
31,164,0.008079,0.0063665200380149
31,165,-0.110058,-0.0205522141930844
31,166,0.029837,0.117674388553273
31,167,0.063425,0.0825379316849948
31,168,-0.092646,-0.039177475204628
31,169,-0.0441538,0.114415468075631
31,170,0.0136708,0.176547904470576
31,171,-0.0379292,0.0866106015971051
31,172,0.0510002,0.113358440083154
31,173,-0.011196,0.0633608894864571
31,174,0.161675,0.0585787529519754
31,175,-0.126863,-0.115595303145338
31,176,0.048517,0.0771365155591324
31,177,0.00062100000000001,0.00841923511033521
31,178,-0.00247900000000001,-0.033857602737279
31,179,-0.00622499999999998,-0.0345858704673372
31,180,0.053496,0.00982358596604045
32,1,-0.054113,-0.0335667009342276
32,2,-0.130591,0.0725154548472675
32,3,0.057833,0.200546984993062
32,4,0.171008,0.0792189275632551
32,5,-0.217658,-0.161603911266696
32,6,-0.013067,0.106731083662485
32,7,0.05473,0.171448526538724
32,8,-0.015542,0.118381272132965
32,9,-0.018038,0.0980827363727023
32,10,-0.00436199999999998,0.0801009278827233
32,11,0.029242,0.0953797100532155
32,12,-0.00994600000000001,0.032928546374827
32,13,-0.00311299999999998,0.0629568458989437
32,14,0.080842,0.0666177792068365
32,15,0.065308,-0.0549747496608783
32,16,-0.079617,-0.110525750732104
32,17,0.097651,0.00697105260421368
32,18,-0.077126,-0.0830994110257852
32,19,-0.113804,0.00886760397102852
32,20,0.101984,0.138220804871219
32,21,-0.012425,0.00872027828007909
32,22,-0.0653,0.0206082577093364
32,23,-0.02488,0.0920362893576493
32,24,0.106963,0.151035551666404
32,25,-0.092658,0.0213360343131625
32,26,-0.052842,0.0974266647645652
32,27,0.170392,0.169164415291595
32,28,-0.021163,-0.0562534565371662
32,29,-0.115037,-0.0362373308353809
32,30,-0.016167,0.11285877141725
32,31,0.070896,0.137110221224423
32,32,-0.032346,0.0229604002077659
32,33,0.058442,0.0342879685489523
32,34,0.016179,-0.00738201044276512
32,35,-0.01865,-0.0237211225367201
32,36,0.098879,0.0211353466746067
32,37,-0.161071,-0.0695811834840082
32,38,0.06095,0.109874815867572
32,39,0.042284,0.0193724021517722
32,40,-0.051001,-0.030912818885302
32,41,-0.002475,0.041822375559818
32,42,0.100746,0.0407206196986312
32,43,-0.075258,-0.035556234360302
32,44,-0.13245,0.0357390864375817
32,45,0.080225,0.20040159299005
32,46,0.018033,0.091374178958559
32,47,-0.031096,0.0270003527399774
32,48,-0.010566,0.0630425247122365
32,49,0.073992,0.0921597636881429
32,50,0.00683299999999998,0.008807451134761
32,51,0.128733,-0.00464041634356917
32,52,-0.089546,-0.126133043947668
32,53,-0.077116,-0.0238453653803872
32,54,-0.00994999999999999,0.078978630188649
32,55,-0.021763,0.0850129561270897
32,56,0.029842,0.0907021849518303
32,57,-0.026729,0.0221928306573465
32,58,-0.034205,0.0765334857219398
32,59,0.00497500000000001,0.128238512068843
32,60,0.064055,0.123069372489664
32,61,-0.00312100000000001,0.0437241790916076
32,62,-0.034196,0.0160804408995806
32,63,0.154858,0.0574475853105845
32,64,0.047259,-0.11145205588064
32,65,-0.075867,-0.150082283861611
32,66,-0.100125,-0.0329010078210437
32,67,-0.00623299999999999,0.0982094387417891
32,68,-0.00434600000000002,0.0941525502494275
32,69,0.00745800000000002,0.0612847921467296
32,70,0.026738,0.0529568969125067
32,71,-0.06903,0.0284883828632756
32,72,0.008713,0.130156856292985
32,73,0.059079,0.134559488162877
32,74,-0.047887,0.0460875748232368
32,75,0.017412,0.0689493157001885
32,76,-0.037925,0.0354343390335578
32,77,0.055346,0.0842648714983782
32,78,-0.029238,0.0131436670344156
32,79,-4.000000000004e-06,0.0403850244151664
32,80,-0.00495800000000002,0.0495990676164753
32,81,-0.065925,0.0397694082957232
32,82,0.062829,0.125073941919978
32,83,0.022988,0.036803171060231
32,84,-0.00248000000000001,0.00513543747841819
32,85,-0.049758,0.0118061804788293
32,86,0.023013,0.0781738772777764
32,87,0.027987,0.0622752602827851
32,88,0.043538,0.00586383875360909
32,89,0.00433299999999998,-0.0385050163809697
32,90,-0.1193792,-0.0361620355701872
32,91,0.0447622,0.117499025112886
32,92,0.072771,0.0683772289372915
32,93,-0.046654,-0.0296429250031989
32,94,0.120013,0.0170703605053791
32,95,-0.131821,-0.10216034495195
32,96,0.004358,0.0822636718148018
32,97,0.013046,0.0824217271811201
32,98,-0.016779,0.0513937780156955
32,99,0.011808,0.0572953672942704
32,100,-0.024246,0.0134713748475177
32,101,-0.011825,0.0817265493114145
32,102,0.086438,0.0861553597506904
32,103,0.041666,-0.010502841455064
32,104,0.032963,-0.0508148452491261
32,105,-0.161067,-0.0856742000880773
32,106,-0.012446,0.123388456871906
32,107,-0.00620799999999999,0.134748988293112
32,108,0.0454,0.0980792667682796
32,109,0.082713,0.0269830456909117
32,110,-0.032334,-0.0721740128154694
32,111,-0.083967,0.015494985660123
32,112,0.0137,0.133603283448753
32,113,0.032946,0.117243043335051
32,114,0.000613000000000002,0.0360074433599965
32,115,-0.027975,-0.000969322629912315
32,116,0.089558,0.0457022502203451
32,117,-0.053487,-0.0357452893113232
32,118,-0.091417,0.0388780724226346
32,119,0.043529,0.151643740565389
32,120,-0.0572082,0.0747806245051513
32,121,-0.00248749999999999,0.11243955842503
32,122,0.0143125,0.097340551858004
32,123,-0.01245,0.0848867694533203
32,124,0.1722622,0.0946828507290937
32,125,-0.01555,-0.103997539854609
32,126,-0.100125,-0.0553949873615478
32,127,0.062192,0.0656639382499468
32,128,-0.078363,-0.00568998908075351
32,129,-0.0354453,0.07503471570876
32,130,0.0914163,0.0791608256732503
32,131,-0.055346,-0.0195148043270439
32,132,-0.0491162,0.0532540236608519
32,133,0.0870502,0.120133274011735
32,134,0.0852,0.0478099338864412
32,135,-0.048513,-0.0706488687453382
32,136,-0.045387,-0.0172429362819389
32,137,0.029225,0.0665866123681912
32,138,0.109458,0.0201704899610284
32,139,-0.056608,-0.112784945525848
32,140,0.034217,-0.0325641620517089
32,141,-0.1666588,-0.0469728650385307
32,142,0.0397918,0.155013033147266
32,143,-0.0491252,0.115689589575815
32,144,0.0211422,0.131561861702338
32,145,0.143658,0.0925812738866368
32,146,-0.1573377,-0.0872496455267171
32,147,0.0615587,0.142175720668185
32,148,0.205845,0.0739486866439004
32,149,-0.142412,-0.162624011951578
32,150,-0.097008,-0.00471948022240157
32,151,0.036062,0.10008519176627
32,152,0.129354,0.0777781353061979
32,153,-0.060325,-0.108129912417538
32,154,-0.080854,-0.0302938229617253
32,155,0.093917,0.115752858257021
32,156,0.008079,-0.00316977147823009
32,157,-0.110058,0.00422526354839076
32,158,0.029837,0.129006567075048
32,159,0.063425,0.0745573286200531
32,160,-0.092646,-0.0125976481993372
32,161,-0.0441538,0.0960069043677326
32,162,0.0136708,0.159570374437681
32,163,-0.0379292,0.118314641268399
32,164,0.0510002,0.12896751341697
32,165,-0.011196,0.0655765592054056
32,166,0.161675,0.0720788586856952
32,167,-0.126863,-0.115505683075806
32,168,0.048517,0.050979857330416
32,169,0.00062100000000001,0.0196586514773999
32,170,-0.00247900000000001,-0.0121428492502635
32,171,-0.00622499999999998,-0.00275077806875667
32,172,0.053496,-0.0135404802529911
32,173,-0.08895,-0.037108984126393
32,174,0.13247,0.0618359818349697
32,175,0.017425,-0.0577620308760919
32,176,-0.113816,-0.0664063564726492
32,177,-0.08085,0.0729611734561648
32,178,0.135566,0.166537438154062
32,179,-0.101983,0.00496668700929696
32,180,-0.017417,0.0790752482068938
33,1,0.057833,0.15342122664429
33,2,0.171008,0.138087608086797
33,3,-0.217658,-0.0690158430849249
33,4,-0.013067,0.191227284852485
33,5,0.05473,0.195143127997319
33,6,-0.015542,0.0861778251692775
33,7,-0.018038,0.070621269027742
33,8,-0.00436199999999998,0.193037278405586
33,9,0.029242,0.137393300534217
33,10,-0.00994600000000001,-0.0301296277535617
33,11,-0.00311299999999998,0.0863174656301487
33,12,0.080842,0.0874853193700386
33,13,0.065308,-0.0625938950410748
33,14,-0.079617,-0.130420239121189
33,15,0.097651,0.00279094837559651
33,16,-0.077126,-0.105240045444825
33,17,-0.113804,-0.0137161562589016
33,18,0.101984,0.158390796753149
33,19,-0.012425,0.0762962998285858
33,20,-0.0653,0.0545038649146088
33,21,-0.02488,0.139452168248857
33,22,0.106963,0.217806221334901
33,23,-0.092658,-0.0266534376768016
33,24,-0.052842,0.111819221887868
33,25,0.170392,0.230858898337447
33,26,-0.021163,-0.0676064943027227
33,27,-0.115037,-0.0624627327134903
33,28,-0.016167,0.146778273743413
33,29,0.070896,0.166776217515207
33,30,-0.032346,-0.0280780638789433
33,31,0.058442,0.0864003124288596
33,32,0.016179,0.0772369533618656
33,33,-0.01865,-0.0416169156201098
33,34,0.098879,-0.0290306456441756
33,35,-0.161071,-0.0818475768518642
33,36,0.06095,0.122327763780571
33,37,0.042284,0.0172378307900328
33,38,-0.051001,0.00943978664428452
33,39,-0.002475,0.0547848606802334
33,40,0.100746,0.0966051522594913
33,41,-0.075258,-0.0388456440889992
33,42,-0.13245,-0.000176326159672301
33,43,0.080225,0.257660054216893
33,44,0.018033,0.10879282154209
33,45,-0.031096,0.0343711994712461
33,46,-0.010566,0.131222632820941
33,47,0.073992,0.155051934283634
33,48,0.00683299999999998,-0.0447069655554343
33,49,0.128733,-0.0320131474712496
33,50,-0.089546,-0.118395577322492
33,51,-0.077116,-0.0393857520545714
33,52,-0.00994999999999999,0.045131226468288
33,53,-0.021763,0.0963097969464455
33,54,0.029842,0.130876848812258
33,55,-0.026729,0.10781966037588
33,56,-0.034205,0.163584038627986
33,57,0.00497500000000001,0.122348583980699
33,58,0.064055,0.124986385478402
33,59,-0.00312100000000001,0.0422400170585678
33,60,-0.034196,0.0301038493671865
33,61,0.154858,0.0755268198395307
33,62,0.047259,-0.146395489526885
33,63,-0.075867,-0.191445153880363
33,64,-0.100125,-0.0435499321225706
33,65,-0.00623299999999999,0.10799658980635
33,66,-0.00434600000000002,0.0708384335871597
33,67,0.00745800000000002,0.112650312933495
33,68,0.026738,0.177406875178777
33,69,-0.06903,0.0892486549568427
33,70,0.008713,0.126899987013485
33,71,0.059079,0.116854840547382
33,72,-0.047887,0.0487110023968619
33,73,0.017412,0.0825135875416054
33,74,-0.037925,0.0642820915543877
33,75,0.055346,0.0947882687753113
33,76,-0.029238,-0.00784803703993201
33,77,-4.000000000004e-06,0.0780274689528202
33,78,-0.00495800000000002,0.0691409011691391
33,79,-0.065925,0.0470566547545194
33,80,0.062829,0.140028572852183
33,81,0.022988,0.054232044326511
33,82,-0.00248000000000001,0.0394980798269659
33,83,-0.049758,0.0169505474045588
33,84,0.023013,0.0987066780901003
33,85,0.027987,0.0421106827242861
33,86,0.043538,0.000984996305125871
33,87,0.00433299999999998,-0.006870362838118
33,88,-0.1193792,-0.0208186060386411
33,89,0.0447622,0.116184557953503
33,90,0.072771,0.0558701557739631
33,91,-0.046654,-0.0108535501985958
33,92,0.120013,0.0582468171995577
33,93,-0.131821,-0.0718115117814054
33,94,0.004358,0.0634256813270728
33,95,0.013046,0.0373770309788601
33,96,-0.016779,0.095025236903848
33,97,0.011808,0.0802072726841759
33,98,-0.024246,0.0702935608475757
33,99,-0.011825,0.124817880612998
33,100,0.086438,0.0618338385715882
33,101,0.041666,0.00532151089208266
33,102,0.032963,-0.0539324382813174
33,103,-0.161067,-0.0987642288889494
33,104,-0.012446,0.122055431157416
33,105,-0.00620799999999999,0.111674352369143
33,106,0.0454,0.135113905534502
33,107,0.082713,0.103892920262716
33,108,-0.032334,0.00546556209643939
33,109,-0.083967,0.0172600534831273
33,110,0.0137,0.0801078177650841
33,111,0.032946,0.100301811809121
33,112,0.000613000000000002,0.0381970421622699
33,113,-0.027975,0.0605388627061464
33,114,0.089558,0.105227201372723
33,115,-0.053487,-0.0583080955739305
33,116,-0.091417,0.0176966432276926
33,117,0.043529,0.172224932928292
33,118,-0.0572082,0.10083894182938
33,119,-0.00248749999999999,0.134213799814219
33,120,0.0143125,0.155007566419971
33,121,-0.01245,0.15608266090144
33,122,0.1722622,0.0866286889287596
33,123,-0.01555,-0.11803654644599
33,124,-0.100125,-0.0631406811135015
33,125,0.062192,0.0250712556293516
33,126,-0.078363,-0.0289109671212532
33,127,-0.0354453,0.0580251234970491
33,128,0.0914163,0.138139446160058
33,129,-0.055346,0.0795437991952811
33,130,-0.0491162,0.0621352872559352
33,131,0.0870502,0.143928415430789
33,132,0.0852,0.0667342883327075
33,133,-0.048513,-0.116955972078616
33,134,-0.045387,-0.00298375477294963
33,135,0.029225,0.0817736170610435
33,136,0.109458,-0.0290631154827164
33,137,-0.056608,-0.130597443978936
33,138,0.034217,0.0249964588544938
33,139,-0.1666588,-0.0284019392234468
33,140,0.0397918,0.144679724830557
33,141,-0.0491252,0.106526275999267
33,142,0.0211422,0.215555685137837
33,143,0.143658,0.166542343593457
33,144,-0.1573377,-0.0447323968067868
33,145,0.0615587,0.150092099398042
33,146,0.205845,0.024337828668532
33,147,-0.142412,-0.191248242873859
33,148,-0.097008,-0.0468464023444573
33,149,0.036062,0.150087681433136
33,150,0.129354,0.0859102287580207
33,151,-0.060325,-0.16512674865241
33,152,-0.080854,0.0803980744948741
33,153,0.093917,0.187888409638216
33,154,0.008079,-0.0703681571934219
33,155,-0.110058,-0.0292452945613047
33,156,0.029837,0.189300573975312
33,157,0.063425,0.132776396840314
33,158,-0.092646,-0.0401090670786445
33,159,-0.0441538,0.119922100546971
33,160,0.0136708,0.232767360730079
33,161,-0.0379292,0.124574433158981
33,162,0.0510002,0.133815048704056
33,163,-0.011196,0.132930174379412
33,164,0.161675,0.110188769849916
33,165,-0.126863,-0.160178915596325
33,166,0.048517,0.0450026683882335
33,167,0.00062100000000001,-0.0183789354536449
33,168,-0.00247900000000001,-0.0269168366508702
33,169,-0.00622499999999998,-0.00977349745215037
33,170,0.053496,0.0416162377074005
33,171,-0.08895,-0.00499858710346113
33,172,0.13247,0.0490586354567251
33,173,0.017425,-0.0424379516955947
33,174,-0.113816,-0.0704724538475401
33,175,-0.08085,0.0707426691554136
33,176,0.135566,0.198546021167192
33,177,-0.101983,-0.00198119511893938
33,178,-0.017417,0.118807240346503
33,179,0.048517,0.218839174685883
33,180,-0.0845707,0.0817398779288109
34,1,0.171008,0.070171442981817
34,2,-0.217658,-0.171063270937044
34,3,-0.013067,0.0997172821372529
34,4,0.05473,0.192684754984037
34,5,-0.015542,0.166685079627279
34,6,-0.018038,0.13380065902654
34,7,-0.00436199999999998,0.107910924620538
34,8,0.029242,0.066604056057531
34,9,-0.00994600000000001,0.0559275549956042
34,10,-0.00311299999999998,0.122429660174182
34,11,0.080842,0.0384809813344284
34,12,0.065308,-0.0606174500696371
34,13,-0.079617,-0.107936204048302
34,14,0.097651,-0.0186061404314105
34,15,-0.077126,-0.115372005163666
34,16,-0.113804,-0.0213258233145301
34,17,0.101984,0.116820643661107
34,18,-0.012425,0.00998914570365004
34,19,-0.0653,0.0187958824456871
34,20,-0.02488,0.116672609778892
34,21,0.106963,0.179000818148608
34,22,-0.092658,0.0304235831253741
34,23,-0.052842,0.146811181215193
34,24,0.170392,0.168502724734775
34,25,-0.021163,-0.0605294211059577
34,26,-0.115037,-0.0118020861466108
34,27,-0.016167,0.108605992394742
34,28,0.070896,0.115589640311951
34,29,-0.032346,0.0247165708205686
34,30,0.058442,0.0795136108740727
34,31,0.016179,-0.0195932059817705
34,32,-0.01865,-0.0457073302195793
34,33,0.098879,0.0450881038815891
34,34,-0.161071,-0.065151154939697
34,35,0.06095,0.0654436330086788
34,36,0.042284,-0.00354534215969916
34,37,-0.051001,-0.016654810020723
34,38,-0.002475,0.0238602757206421
34,39,0.100746,0.0551851276362437
34,40,-0.075258,-0.0370125501044337
34,41,-0.13245,0.0353426382490567
34,42,0.080225,0.215627743509034
34,43,0.018033,0.0736469063518449
34,44,-0.031096,0.0582106751777288
34,45,-0.010566,0.0940221132044317
34,46,0.073992,0.0925562175859836
34,47,0.00683299999999998,0.015014161230062
34,48,0.128733,0.0359651292950228
34,49,-0.089546,-0.136858332200157
34,50,-0.077116,-0.0814933822840252
34,51,-0.00994999999999999,0.0478721155429316
34,52,-0.021763,0.0803515102933674
34,53,0.029842,0.0831497919193317
34,54,-0.026729,0.0360059119938997
34,55,-0.034205,0.0964242840186848
34,56,0.00497500000000001,0.143929803152121
34,57,0.064055,0.182276232134019
34,58,-0.00312100000000001,0.0644371360228285
34,59,-0.034196,0.0200081284427967
34,60,0.154858,0.0512860449891229
34,61,0.047259,-0.117720059958739
34,62,-0.075867,-0.156965714982488
34,63,-0.100125,-0.075827443028284
34,64,-0.00623299999999999,0.0452744655476593
34,65,-0.00434600000000002,0.0675432561628245
34,66,0.00745800000000002,0.0858990255672475
34,67,0.026738,0.0666411149254751
34,68,-0.06903,0.0302103738468584
34,69,0.008713,0.17075890151382
34,70,0.059079,0.17847939050727
34,71,-0.047887,0.0693350228758543
34,72,0.017412,0.0635080024734455
34,73,-0.037925,0.0374931233530057
34,74,0.055346,0.0825266733077024
34,75,-0.029238,0.0216398198705757
34,76,-4.000000000004e-06,0.057888134186904
34,77,-0.00495800000000002,0.0314382626891153
34,78,-0.065925,0.0431845543281936
34,79,0.062829,0.136795182665249
34,80,0.022988,0.0467528478946598
34,81,-0.00248000000000001,0.020207220277674
34,82,-0.049758,0.00616732901493594
34,83,0.023013,0.0870948654269881
34,84,0.027987,0.0565668025734024
34,85,0.043538,0.0183357564195638
34,86,0.00433299999999998,-0.0381531398383584
34,87,-0.1193792,-0.0615986268494973
34,88,0.0447622,0.104138419193089
34,89,0.072771,0.0734265364296694
34,90,-0.046654,-0.0146306467102537
34,91,0.120013,0.00636003471052865
34,92,-0.131821,-0.106113825238291
34,93,0.004358,0.0654608026402421
34,94,0.013046,0.0826075641625328
34,95,-0.016779,0.0684487597040287
34,96,0.011808,0.0297138548417781
34,97,-0.024246,0.0301139096619505
34,98,-0.011825,0.0928447066704913
34,99,0.086438,0.0909870614619126
34,100,0.041666,0.0341517018519636
34,101,0.032963,-0.0657293111803124
34,102,-0.161067,-0.100998876404212
34,103,-0.012446,0.0958975806452643
34,104,-0.00620799999999999,0.114350501672347
34,105,0.0454,0.117314987714484
34,106,0.082713,0.0395560307383697
34,107,-0.032334,-0.0577598659615102
34,108,-0.083967,0.0223292557218921
34,109,0.0137,0.143267510247054
34,110,0.032946,0.139205086474512
34,111,0.000613000000000002,0.0245512138556229
34,112,-0.027975,0.000274341206545556
34,113,0.089558,0.0356622457141362
34,114,-0.053487,-0.0315496154529913
34,115,-0.091417,0.0601226595410314
34,116,0.043529,0.145519414536672
34,117,-0.0572082,0.066344523727117
34,118,-0.00248749999999999,0.122984810154604
34,119,0.0143125,0.126859286045946
34,120,-0.01245,0.109414956375191
34,121,0.1722622,0.10729325468055
34,122,-0.01555,-0.0546997737448303
34,123,-0.100125,-0.060722145898496
34,124,0.062192,0.0188709892983484
34,125,-0.078363,-0.0173469947475971
34,126,-0.0354453,0.0468793030078542
34,127,0.0914163,0.074210728030049
34,128,-0.055346,-0.014445034524058
34,129,-0.0491162,0.0458414456393268
34,130,0.0870502,0.166622583318536
34,131,0.0852,0.0715670986997582
34,132,-0.048513,-0.072318459480052
34,133,-0.045387,-0.00652447013467878
34,134,0.029225,0.0285382086327306
34,135,0.109458,-0.00539808622964732
34,136,-0.056608,-0.0957226511073819
34,137,0.034217,-0.0561373263413993
34,138,-0.1666588,-0.0947727213230875
34,139,0.0397918,0.142168015761438
34,140,-0.0491252,0.134684410637545
34,141,0.0211422,0.1572039738243
34,142,0.143658,0.098676936648141
34,143,-0.1573377,-0.048607177217013
34,144,0.0615587,0.165820880924851
34,145,0.205845,0.0823774427879747
34,146,-0.142412,-0.13463299615961
34,147,-0.097008,-0.0561758511693368
34,148,0.036062,0.0728111171013324
34,149,0.129354,0.0421158893984328
34,150,-0.060325,-0.100607935085179
34,151,-0.080854,0.00645618495463486
34,152,0.093917,0.056497898826218
34,153,0.008079,-0.00223598626368315
34,154,-0.110058,0.0609033885620567
34,155,0.029837,0.115316361013361
34,156,0.063425,0.0480301359722739
34,157,-0.092646,-0.00455080066205789
34,158,-0.0441538,0.135875580521541
34,159,0.0136708,0.162269151234466
34,160,-0.0379292,0.11610030517702
34,161,0.0510002,0.175820428761984
34,162,-0.011196,0.108428977168987
34,163,0.161675,0.0714927235364343
34,164,-0.126863,-0.098213685791315
34,165,0.048517,0.0655394633073236
34,166,0.00062100000000001,-0.0158800230468638
34,167,-0.00247900000000001,-0.0283716620842495
34,168,-0.00622499999999998,-0.0255945600172505
34,169,0.053496,-0.0277179502816903
34,170,-0.08895,-0.054844969557587
34,171,0.13247,0.0495670180860224
34,172,0.017425,-0.0286885157528641
34,173,-0.113816,-0.0887923267187069
34,174,-0.08085,0.0526016858456226
34,175,0.135566,0.157619258555727
34,176,-0.101983,0.00972306752710455
34,177,-0.017417,0.0995980564026998
34,178,0.048517,0.132463983107457
34,179,-0.0845707,0.0586870489108298
34,180,0.0130625,0.190920688996954
35,1,-0.217658,-0.158035232480839
35,2,-0.013067,0.122101902668746
35,3,0.05473,0.234627090416722
35,4,-0.015542,0.162011841355975
35,5,-0.018038,0.106731147457793
35,6,-0.00436199999999998,0.12058864515366
35,7,0.029242,0.0887259721081886
35,8,-0.00994600000000001,0.0543427272884552
35,9,-0.00311299999999998,0.105794953400041
35,10,0.080842,0.0457647331412327
35,11,0.065308,-0.0564144596938835
35,12,-0.079617,-0.123385457377444
35,13,0.097651,-0.0145290561223162
35,14,-0.077126,-0.10086054643007
35,15,-0.113804,-0.0104994434983469
35,16,0.101984,0.153271969940312
35,17,-0.012425,0.0480242665651231
35,18,-0.0653,0.0260533412143928
35,19,-0.02488,0.134216039305439
35,20,0.106963,0.201986562919397
35,21,-0.092658,0.0220786824948078
35,22,-0.052842,0.132056213385699
35,23,0.170392,0.188916164645679
35,24,-0.021163,-0.0540118325411193
35,25,-0.115037,-0.0399124370270475
35,26,-0.016167,0.122720958362398
35,27,0.070896,0.153778352828084
35,28,-0.032346,0.0282425226798798
35,29,0.058442,0.0746485050820978
35,30,0.016179,-0.00478712348068501
35,31,-0.01865,-0.0377077382024468
35,32,0.098879,0.0355076516659755
35,33,-0.161071,-0.074735823592044
35,34,0.06095,0.0807726394241617
35,35,0.042284,0.0310964533919544
35,36,-0.051001,-0.00613200824725423
35,37,-0.002475,0.0314957984279124
35,38,0.100746,0.0818370774001949
35,39,-0.075258,-0.038504440168834
35,40,-0.13245,0.0299814077905175
35,41,0.080225,0.242501852925439
35,42,0.018033,0.105836474321922
35,43,-0.031096,0.0535175894836289
35,44,-0.010566,0.097102384616943
35,45,0.073992,0.113471853491466
35,46,0.00683299999999998,0.0094815477738429
35,47,0.128733,0.012387280866384
35,48,-0.089546,-0.15412743165111
35,49,-0.077116,-0.0738866228263488
35,50,-0.00994999999999999,0.077815228344183
35,51,-0.021763,0.113753418561272
35,52,0.029842,0.105518841607382
35,53,-0.026729,0.0626491189075708
35,54,-0.034205,0.114867835341317
35,55,0.00497500000000001,0.155561808105552
35,56,0.064055,0.177208550179099
35,57,-0.00312100000000001,0.0482985070211332
35,58,-0.034196,0.0122404598180341
35,59,0.154858,0.0606683898333637
35,60,0.047259,-0.122211113450958
35,61,-0.075867,-0.184157164937558
35,62,-0.100125,-0.0703124233203188
35,63,-0.00623299999999999,0.0922370625207224
35,64,-0.00434600000000002,0.105827983319574
35,65,0.00745800000000002,0.107925040675578
35,66,0.026738,0.0913813893927249
35,67,-0.06903,0.0513222370786621
35,68,0.008713,0.172551958431226
35,69,0.059079,0.172841333425747
35,70,-0.047887,0.0558473699494269
35,71,0.017412,0.0612384859158675
35,72,-0.037925,0.0522072568605218
35,73,0.055346,0.0950435482302242
35,74,-0.029238,0.0230137079212721
35,75,-4.000000000004e-06,0.0604105099327487
35,76,-0.00495800000000002,0.044805106789666
35,77,-0.065925,0.0580008453141841
35,78,0.062829,0.1478106961472
35,79,0.022988,0.0591134697688358
35,80,-0.00248000000000001,0.0180642838570804
35,81,-0.049758,0.00829226789076779
35,82,0.023013,0.100232237922136
35,83,0.027987,0.0649975515462864
35,84,0.043538,0.0175669362716395
35,85,0.00433299999999998,-0.0398325478580937
35,86,-0.1193792,-0.0517183977901693
35,87,0.0447622,0.126379031646038
35,88,0.072771,0.0942753466844396
35,89,-0.046654,-0.0180529736798045
35,90,0.120013,0.0115735284902519
35,91,-0.131821,-0.0949487544048197
35,92,0.004358,0.0711815946309742
35,93,0.013046,0.0971203840647303
35,94,-0.016779,0.0811319738642075
35,95,0.011808,0.042552558048832
35,96,-0.024246,0.0533491444158095
35,97,-0.011825,0.103983961942776
35,98,0.086438,0.0999231693214712
35,99,0.041666,0.023348973742963
35,100,0.032963,-0.0798729801849453
35,101,-0.161067,-0.105847240592539
35,102,-0.012446,0.118264068105061
35,103,-0.00620799999999999,0.150049941470164
35,104,0.0454,0.139489500674765
35,105,0.082713,0.051480366462978
35,106,-0.032334,-0.0494657481150559
35,107,-0.083967,0.01651691898719
35,108,0.0137,0.147703440414907
35,109,0.032946,0.142727681738058
35,110,0.000613000000000002,0.0265555285864445
35,111,-0.027975,0.0119008718362075
35,112,0.089558,0.0602394138173187
35,113,-0.053487,-0.0274799858726036
35,114,-0.091417,0.0491111803897356
35,115,0.043529,0.16274015764268
35,116,-0.0572082,0.0941932175457715
35,117,-0.00248749999999999,0.135102996680448
35,118,0.0143125,0.144155460976748
35,119,-0.01245,0.122539153969193
35,120,0.1722622,0.107506681512761
35,121,-0.01555,-0.07941436382037
35,122,-0.100125,-0.0906210905140844
35,123,0.062192,0.0312005459490837
35,124,-0.078363,0.00364608566207957
35,125,-0.0354453,0.0589218444116233
35,126,0.0914163,0.109932351882764
35,127,-0.055346,0.0147415455777942
35,128,-0.0491162,0.0550288144615365
35,129,0.0870502,0.178774235698055
35,130,0.0852,0.0706424745640359
35,131,-0.048513,-0.0969416213928374
35,132,-0.045387,-0.016847109358882
35,133,0.029225,0.0520175566349595
35,134,0.109458,0.0128137757061315
35,135,-0.056608,-0.107170030936448
35,136,0.034217,-0.0499134027973552
35,137,-0.1666588,-0.0655366742601673
35,138,0.0397918,0.174688593356303
35,139,-0.0491252,0.156809950952475
35,140,0.0211422,0.177576433084302
35,141,0.143658,0.117263291292977
35,142,-0.1573377,-0.0497816156917545
35,143,0.0615587,0.151434695321786
35,144,0.205845,0.0879950950592223
35,145,-0.142412,-0.168730117840376
35,146,-0.097008,-0.0756275709249238
35,147,0.036062,0.122015524650999
35,148,0.129354,0.0843829876847862
35,149,-0.060325,-0.109870784815745
35,150,-0.080854,0.00488429731109766
35,151,0.093917,0.100063890143492
35,152,0.008079,0.0164495482859339
35,153,-0.110058,0.0317654517984723
35,154,0.029837,0.128378733881483
35,155,0.063425,0.0886096595387853
35,156,-0.092646,-0.00117165410655239
35,157,-0.0441538,0.13223575260143
35,158,0.0136708,0.190364666449362
35,159,-0.0379292,0.136999189045985
35,160,0.0510002,0.175431665288936
35,161,-0.011196,0.108853165926712
35,162,0.161675,0.0745897849166737
35,163,-0.126863,-0.118081793376472
35,164,0.048517,0.0489549257228762
35,165,0.00062100000000001,-0.0065773604973757
35,166,-0.00247900000000001,-0.0166115280468088
35,167,-0.00622499999999998,-0.0191779328385774
35,168,0.053496,0.00177914975657592
35,169,-0.08895,-0.0391800511460211
35,170,0.13247,0.067543481074355
35,171,0.017425,-0.0277892152064495
35,172,-0.113816,-0.0964101658428613
35,173,-0.08085,0.0654488394411497
35,174,0.135566,0.202431931795513
35,175,-0.101983,0.0205726107821696
35,176,-0.017417,0.102101070517665
35,177,0.048517,0.160454729411072
35,178,-0.0845707,0.0785108058794468
35,179,0.0130625,0.181561322497763
35,180,-0.0217666,0.17444627930267
36,1,0.05473,0.192946441305179
36,2,-0.015542,0.0936805129321218
36,3,-0.018038,0.043339771802684
36,4,-0.00436199999999998,0.111279954487681
36,5,0.029242,0.0999621837366143
36,6,-0.00994600000000001,0.0045709606076821
36,7,-0.00311299999999998,0.0538899534205995
36,8,0.080842,0.0520914418756427
36,9,0.065308,-0.0612104281730139
36,10,-0.079617,-0.125761851200702
36,11,0.097651,-0.00322400768054393
36,12,-0.077126,-0.0891759233862785
36,13,-0.113804,-0.00752274193331045
36,14,0.101984,0.133262919037937
36,15,-0.012425,0.0372771084779728
36,16,-0.0653,0.0157276691018867
36,17,-0.02488,0.104676218669722
36,18,0.106963,0.173349269118327
36,19,-0.092658,-0.0156616680587246
36,20,-0.052842,0.0829939644067103
36,21,0.170392,0.173030965639305
36,22,-0.021163,-0.0632974381233126
36,23,-0.115037,-0.0663486426457977
36,24,-0.016167,0.114479704392978
36,25,0.070896,0.146778794324908
36,26,-0.032346,-0.0137684689712298
36,27,0.058442,0.0360571296766154
36,28,0.016179,0.0151712100502574
36,29,-0.01865,-0.0289495154528186
36,30,0.098879,-0.00578829824121792
36,31,-0.161071,-0.0839807308472425
36,32,0.06095,0.0945521168761417
36,33,0.042284,0.0176679518299353
36,34,-0.051001,-0.0175916882979216
36,35,-0.002475,0.0252010671157562
36,36,0.100746,0.069612551304685
36,37,-0.075258,-0.0469319885402029
36,38,-0.13245,0.00853328936895855
36,39,0.080225,0.210386041226482
36,40,0.018033,0.0885827458832426
36,41,-0.031096,0.0106864538334674
36,42,-0.010566,0.0728500790980988
36,43,0.073992,0.112907641790333
36,44,0.00683299999999998,-0.0213895136404563
36,45,0.128733,-0.0303241785393479
36,46,-0.089546,-0.138536146038411
36,47,-0.077116,-0.0349418586328575
36,48,-0.00994999999999999,0.0647934953629158
36,49,-0.021763,0.0870490222635588
36,50,0.029842,0.0816521222381724
36,51,-0.026729,0.0495085766283002
36,52,-0.034205,0.10471185648615
36,53,0.00497500000000001,0.118165656841756
36,54,0.064055,0.111528022850724
36,55,-0.00312100000000001,0.0159926592409331
36,56,-0.034196,0.00359876174437933
36,57,0.154858,0.0551216089556315
36,58,0.047259,-0.126759758666791
36,59,-0.075867,-0.177196638470732
36,60,-0.100125,-0.044864946330703
36,61,-0.00623299999999999,0.107462613654627
36,62,-0.00434600000000002,0.0770976491863289
36,63,0.00745800000000002,0.0663653410318148
36,64,0.026738,0.0865780642638192
36,65,-0.06903,0.0520877780162667
36,66,0.008713,0.123379923511566
36,67,0.059079,0.110839925360545
36,68,-0.047887,0.0232659508016724
36,69,0.017412,0.0499803567200296
36,70,-0.037925,0.0415229371124081
36,71,0.055346,0.0789210014981585
36,72,-0.029238,-0.00829364994093166
36,73,-4.000000000004e-06,0.0433233007633424
36,74,-0.00495800000000002,0.0424149922142925
36,75,-0.065925,0.0407431959732301
36,76,0.062829,0.114150741478328
36,77,0.022988,0.0332187350899788
36,78,-0.00248000000000001,0.00431252182225805
36,79,-0.049758,0.00179172650022038
36,80,0.023013,0.0833307714655757
36,81,0.027987,0.0408990528895541
36,82,0.043538,-0.00888608025697141
36,83,0.00433299999999998,-0.040959775499762
36,84,-0.1193792,-0.033452819544415
36,85,0.0447622,0.112434480412866
36,86,0.072771,0.0574591809166452
36,87,-0.046654,-0.0388708289268194
36,88,0.120013,0.0148833307459676
36,89,-0.131821,-0.0827471110560593
36,90,0.004358,0.0676805797796645
36,91,0.013046,0.0547053168973718
36,92,-0.016779,0.0585166297407318
36,93,0.011808,0.0390801694430107
36,94,-0.024246,0.0397783429703776
36,95,-0.011825,0.0878703279665833
36,96,0.086438,0.0665948718449696
36,97,0.041666,-0.0155167889815311
36,98,0.032963,-0.0714365023276843
36,99,-0.161067,-0.0944534917418821
36,100,-0.012446,0.118748413818789
36,101,-0.00620799999999999,0.116951692579352
36,102,0.0454,0.0977800572136176
36,103,0.082713,0.0334124245348464
36,104,-0.032334,-0.0402192420505908
36,105,-0.083967,0.0115392592968587
36,106,0.0137,0.107257473348971
36,107,0.032946,0.0932482618724663
36,108,0.000613000000000002,0.00949332976173519
36,109,-0.027975,0.00984717431060615
36,110,0.089558,0.0671299477798249
36,111,-0.053487,-0.0445280860543322
36,112,-0.091417,0.0179897984680773
36,113,0.043529,0.14111633323688
36,114,-0.0572082,0.0779472071646244
36,115,-0.00248749999999999,0.101016291231165
36,116,0.0143125,0.107013749711782
36,117,-0.01245,0.103272500283538
36,118,0.1722622,0.0744793723048944
36,119,-0.01555,-0.115235684858797
36,120,-0.100125,-0.0779643999099095
36,121,0.062192,0.0405601530033577
36,122,-0.078363,-0.00961116448926689
36,123,-0.0354453,0.0448645364393089
36,124,0.0914163,0.0914523066013704
36,125,-0.055346,0.0195421233906595
36,126,-0.0491162,0.0448175786065854
36,127,0.0870502,0.127198220963937
36,128,0.0852,0.0423295888473797
36,129,-0.048513,-0.110294820313447
36,130,-0.045387,-0.0220312903070805
36,131,0.029225,0.0676331728703925
36,132,0.109458,-0.00256539372195789
36,133,-0.056608,-0.131701835045185
36,134,0.034217,-0.0234040293644789
36,135,-0.1666588,-0.0345566017993644
36,136,0.0397918,0.153280157928634
36,137,-0.0491252,0.0968201749467505
36,138,0.0211422,0.146480239186387
36,139,0.143658,0.0977773914908732
36,140,-0.1573377,-0.0642727316061711
36,141,0.0615587,0.124807273376796
36,142,0.205845,0.0484457207268874
36,143,-0.142412,-0.18479840992055
36,144,-0.097008,-0.0539453840162515
36,145,0.036062,0.12913611439941
36,146,0.129354,0.0805238479554996
36,147,-0.060325,-0.147843355014588
36,148,-0.080854,0.00301394298302797
36,149,0.093917,0.139693015514478
36,150,0.008079,-0.0173107274131755
36,151,-0.110058,-0.0306342174753734
36,152,0.029837,0.126551997339424
36,153,0.063425,0.0963218443561773
36,154,-0.092646,-0.0301061545775193
36,155,-0.0441538,0.0876688818521992
36,156,0.0136708,0.175959268524793
36,157,-0.0379292,0.109538285358943
36,158,0.0510002,0.110759401190818
36,159,-0.011196,0.0741631735150674
36,160,0.161675,0.0705273929461511
36,161,-0.126863,-0.13848278219675
36,162,0.048517,0.0367373440313463
36,163,0.00062100000000001,-0.00889407022339547
36,164,-0.00247900000000001,-0.0191708803403534
36,165,-0.00622499999999998,-0.0275150743384914
36,166,0.053496,0.0118128384985139
36,167,-0.08895,-0.0303515888841231
36,168,0.13247,0.0543475189233737
36,169,0.017425,-0.055823588120302
36,170,-0.113816,-0.0795501345830565
36,171,-0.08085,0.0600133375432574
36,172,0.135566,0.181801189938721
36,173,-0.101983,-0.0133221972484269
36,174,-0.017417,0.0734234047167235
36,175,0.048517,0.14528957285849
36,176,-0.0845707,0.0685302745026301
36,177,0.0130625,0.115161809648956
36,178,-0.0217666,0.121098911670129
36,179,0.0515958,0.133745113424846
36,180,0.008092,0.0104855793055137
37,1,0.029242,0.0890729708983773
37,2,-0.00994600000000001,0.0661781617661195
37,3,-0.00311299999999998,0.103766298720882
37,4,0.080842,0.0742012356092125
37,5,0.065308,-0.0575056319191909
37,6,-0.079617,-0.109081687111631
37,7,0.097651,0.00154539417116097
37,8,-0.077126,-0.134015302087407
37,9,-0.113804,0.016888359975234
37,10,0.101984,0.12664033833947
37,11,-0.012425,0.00744007585029167
37,12,-0.0653,0.0556833324022593
37,13,-0.02488,0.125064147028232
37,14,0.106963,0.170954192432055
37,15,-0.092658,0.042776865260747
37,16,-0.052842,0.170982291170703
37,17,0.170392,0.171646151541354
37,18,-0.021163,-0.0518025605232887
37,19,-0.115037,0.00730955102987108
37,20,-0.016167,0.119140251413608
37,21,0.070896,0.121155493869646
37,22,-0.032346,0.043804827536856
37,23,0.058442,0.0928145599382941
37,24,0.016179,-0.0183983952083238
37,25,-0.01865,-0.0181792709758537
37,26,0.098879,0.0276587873565868
37,27,-0.161071,-0.0749495367313112
37,28,0.06095,0.121875271147742
37,29,0.042284,-0.0171584594877149
37,30,-0.051001,-0.00238238352008115
37,31,-0.002475,0.0487139943244925
37,32,0.100746,0.054193530164378
37,33,-0.075258,-0.0475760696898973
37,34,-0.13245,0.0776005999086414
37,35,0.080225,0.206870455232585
37,36,0.018033,0.0918316991783603
37,37,-0.031096,0.0834144220648107
37,38,-0.010566,0.101209025205179
37,39,0.073992,0.103011130308127
37,40,0.00683299999999998,0.0173193629285183
37,41,0.128733,0.0385601776282229
37,42,-0.089546,-0.149919321574216
37,43,-0.077116,-0.0289357485576148
37,44,-0.00994999999999999,0.035847599221742
37,45,-0.021763,0.0917296231936503
37,46,0.029842,0.110168632325927
37,47,-0.026729,0.0561500481773985
37,48,-0.034205,0.103377090561402
37,49,0.00497500000000001,0.158710072404637
37,50,0.064055,0.168911540732697
37,51,-0.00312100000000001,0.0775731614264462
37,52,-0.034196,0.0482119086902541
37,53,0.154858,0.0582194635567218
37,54,0.047259,-0.130840538460904
37,55,-0.075867,-0.143445438314089
37,56,-0.100125,-0.063748262024379
37,57,-0.00623299999999999,0.0593758167790883
37,58,-0.00434600000000002,0.0785978137426015
37,59,0.00745800000000002,0.107569780845937
37,60,0.026738,0.0803475713258705
37,61,-0.06903,0.0501851053528859
37,62,0.008713,0.170661560956517
37,63,0.059079,0.168229553639386
37,64,-0.047887,0.0837443988167576
37,65,0.017412,0.100317217467112
37,66,-0.037925,0.0369837826976465
37,67,0.055346,0.10210674782565
37,68,-0.029238,0.020863409028964
37,69,-4.000000000004e-06,0.0762751751586802
37,70,-0.00495800000000002,0.0420112395609782
37,71,-0.065925,0.059956553039842
37,72,0.062829,0.144355802626828
37,73,0.022988,0.0539376316900707
37,74,-0.00248000000000001,0.0343381484943219
37,75,-0.049758,0.0220851426948902
37,76,0.023013,0.0914376876434029
37,77,0.027987,0.0601234198791269
37,78,0.043538,0.0347592668473996
37,79,0.00433299999999998,-0.0355736146700609
37,80,-0.1193792,-0.0390687875362476
37,81,0.0447622,0.116983340154159
37,82,0.072771,0.0636750043757955
37,83,-0.046654,0.000725954173622145
37,84,0.120013,0.0375859076659519
37,85,-0.131821,-0.126982563498407
37,86,0.004358,0.10154145920912
37,87,0.013046,0.064826765918231
37,88,-0.016779,0.085266475542431
37,89,0.011808,0.0627980111001046
37,90,-0.024246,0.0407068427100852
37,91,-0.011825,0.0910113612327186
37,92,0.086438,0.114610010075171
37,93,0.041666,0.00994096902251175
37,94,0.032963,-0.0347832643578846
37,95,-0.161067,-0.101098360876745
37,96,-0.012446,0.121499602438093
37,97,-0.00620799999999999,0.110530137632572
37,98,0.0454,0.146037467922754
37,99,0.082713,0.052975943445666
37,100,-0.032334,-0.0447241704414852
37,101,-0.083967,0.0230149403041
37,102,0.0137,0.148820255227296
37,103,0.032946,0.127756273531253
37,104,0.000613000000000002,0.0647237149057175
37,105,-0.027975,0.0191396217318884
37,106,0.089558,0.0491057842944713
37,107,-0.053487,-0.0422525237540158
37,108,-0.091417,0.0759614852844556
37,109,0.043529,0.15636067641316
37,110,-0.0572082,0.0797933808302428
37,111,-0.00248749999999999,0.155803465710005
37,112,0.0143125,0.130835049196098
37,113,-0.01245,0.120299968440995
37,114,0.1722622,0.12811529681162
37,115,-0.01555,-0.0848905646513951
37,116,-0.100125,-0.0338062593571365
37,117,0.062192,0.037865732128735
37,118,-0.078363,-0.035871384411521
37,119,-0.0354453,0.0912887041555639
37,120,0.0914163,0.0878042855611628
37,121,-0.055346,-0.015287220460919
37,122,-0.0491162,0.0855399069888465
37,123,0.0870502,0.149424041109548
37,124,0.0852,0.062746070585547
37,125,-0.048513,-0.0447381045003923
37,126,-0.045387,0.000121486236373258
37,127,0.029225,0.0360118224186609
37,128,0.109458,0.00793125072036018
37,129,-0.056608,-0.105575150703068
37,130,0.034217,-0.0224048342799127
37,131,-0.1666588,-0.097445449426712
37,132,0.0397918,0.174404975347427
37,133,-0.0491252,0.109329392902481
37,134,0.0211422,0.206151044596172
37,135,0.143658,0.107640734031342
37,136,-0.1573377,-0.0467259820383947
37,137,0.0615587,0.184080375266048
37,138,0.205845,0.0665139059162904
37,139,-0.142412,-0.152176327965085
37,140,-0.097008,0.0133804209252955
37,141,0.036062,0.0592883427865965
37,142,0.129354,0.0510538886539054
37,143,-0.060325,-0.0844925994144965
37,144,-0.080854,0.0152368042026132
37,145,0.093917,0.0780048176507881
37,146,0.008079,-0.00871477307633942
37,147,-0.110058,0.0523247673873532
37,148,0.029837,0.153808812085766
37,149,0.063425,0.0555701174044869
37,150,-0.092646,0.010365154308571
37,151,-0.0441538,0.147341076529672
37,152,0.0136708,0.168715593966907
37,153,-0.0379292,0.142421891328312
37,154,0.0510002,0.189511780044901
37,155,-0.011196,0.104333055588828
37,156,0.161675,0.105560924562096
37,157,-0.126863,-0.119309374550984
37,158,0.048517,0.0941452181053035
37,159,0.00062100000000001,-0.0333937575679206
37,160,-0.00247900000000001,0.00532431059191262
37,161,-0.00622499999999998,-0.0234669695265483
37,162,0.053496,-0.00164381160245686
37,163,-0.08895,-0.0664030454328369
37,164,0.13247,0.0917271891709211
37,165,0.017425,-0.0808297503932649
37,166,-0.113816,-0.0410833812773005
37,167,-0.08085,0.060528004030124
37,168,0.135566,0.168234708778006
37,169,-0.101983,0.00164523214637699
37,170,-0.017417,0.158364885384814
37,171,0.048517,0.113001315865473
37,172,-0.0845707,0.0855047845169246
37,173,0.0130625,0.20117703384145
37,174,-0.0217666,0.165855043860588
37,175,0.0515958,0.169868138379383
37,176,0.008092,0.0581868580202585
37,177,0.103225,0.064289460296324
37,178,0.162316,-0.079008913793747
37,179,-0.039808,-0.26133236869503
37,180,-0.145191,-0.181904087161541
38,1,-0.113804,-0.0349450250143908
38,2,0.101984,0.158653912005838
38,3,-0.012425,0.0231053816079477
38,4,-0.0653,0.0403131308903083
38,5,-0.02488,0.157110414188896
38,6,0.106963,0.162490430709517
38,7,-0.092658,0.0141757809231111
38,8,-0.052842,0.111340970939044
38,9,0.170392,0.192053254905097
38,10,-0.021163,-0.0703034132911624
38,11,-0.115037,-0.0436894016847605
38,12,-0.016167,0.135202066426218
38,13,0.070896,0.112125736706397
38,14,-0.032346,0.0108688382956521
38,15,0.058442,0.0724553014415068
38,16,0.016179,0.0225354063597893
38,17,-0.01865,-0.0359555948582434
38,18,0.098879,0.0105289770317926
38,19,-0.161071,-0.0999794837134503
38,20,0.06095,0.0795587003728405
38,21,0.042284,0.0385455940432111
38,22,-0.051001,-0.0463165176329436
38,23,-0.002475,0.0723509960115674
38,24,0.100746,0.068620027893488
38,25,-0.075258,-0.0556634919787952
38,26,-0.13245,0.0338777004257021
38,27,0.080225,0.215902467401069
38,28,0.018033,0.085302766531095
38,29,-0.031096,0.0438130771485007
38,30,-0.010566,0.121005160757981
38,31,0.073992,0.105884465757798
38,32,0.00683299999999998,-0.00517230238933754
38,33,0.128733,-0.0144678790257786
38,34,-0.089546,-0.14426955741783
38,35,-0.077116,-0.0658082906475315
38,36,-0.00994999999999999,0.0645058815916057
38,37,-0.021763,0.0594857581441125
38,38,0.029842,0.109569353054612
38,39,-0.026729,0.0884745620816016
38,40,-0.034205,0.117452563037289
38,41,0.00497500000000001,0.155465257399276
38,42,0.064055,0.126913304462984
38,43,-0.00312100000000001,0.0377183415277996
38,44,-0.034196,0.0208486759007648
38,45,0.154858,0.0596032162060561
38,46,0.047259,-0.135822870517937
38,47,-0.075867,-0.190592584157904
38,48,-0.100125,-0.050350911506074
38,49,-0.00623299999999999,0.0616960444747169
38,50,-0.00434600000000002,0.0732489679110217
38,51,0.00745800000000002,0.0976321297337873
38,52,0.026738,0.120659544098105
38,53,-0.06903,0.0761411834004259
38,54,0.008713,0.147774522753311
38,55,0.059079,0.135302233711453
38,56,-0.047887,0.0284105040221742
38,57,0.017412,0.0758387330257987
38,58,-0.037925,0.0514113864481002
38,59,0.055346,0.0712179212676513
38,60,-0.029238,0.0201185850891356
38,61,-4.000000000004e-06,0.0415905169059675
38,62,-0.00495800000000002,0.0599037517528636
38,63,-0.065925,0.0399103099922332
38,64,0.062829,0.129973139947594
38,65,0.022988,0.0531083263215416
38,66,-0.00248000000000001,0.00882081678029831
38,67,-0.049758,0.0304302131507693
38,68,0.023013,0.0747257742263471
38,69,0.027987,0.046629184557116
38,70,0.043538,0.00119311962924782
38,71,0.00433299999999998,-0.0301462320103653
38,72,-0.1193792,-0.0380143616994794
38,73,0.0447622,0.109104871109735
38,74,0.072771,0.0633668220828316
38,75,-0.046654,-0.0377407445171365
38,76,0.120013,0.0484448168527206
38,77,-0.131821,-0.0877234347513094
38,78,0.004358,0.0458530884252881
38,79,0.013046,0.0855907097940792
38,80,-0.016779,0.0280949731081766
38,81,0.011808,0.07911331523907
38,82,-0.024246,0.0564602267027495
38,83,-0.011825,0.0887669549235803
38,84,0.086438,0.098356082317328
38,85,0.041666,-0.0112606503680549
38,86,0.032963,-0.0638860427880458
38,87,-0.161067,-0.0935569130548354
38,88,-0.012446,0.0917779352366849
38,89,-0.00620799999999999,0.121242452048818
38,90,0.0454,0.100686458742264
38,91,0.082713,0.0863051366002114
38,92,-0.032334,-0.0227270329325174
38,93,-0.083967,0.0188199614418193
38,94,0.0137,0.116693962069358
38,95,0.032946,0.0807676701106538
38,96,0.000613000000000002,0.025951676918081
38,97,-0.027975,0.0352627655607383
38,98,0.089558,0.0710402051769697
38,99,-0.053487,-0.0381355704498892
38,100,-0.091417,0.0221030984150267
38,101,0.043529,0.156110035662407
38,102,-0.0572082,0.0700225815506843
38,103,-0.00248749999999999,0.126818374908498
38,104,0.0143125,0.154204865864824
38,105,-0.01245,0.107206368409368
38,106,0.1722622,0.113917719056773
38,107,-0.01555,-0.0978569223294291
38,108,-0.100125,-0.0941729708162022
38,109,0.062192,0.046845401990405
38,110,-0.078363,-0.0539801337502356
38,111,-0.0354453,0.0430519098367432
38,112,0.0914163,0.129482931724137
38,113,-0.055346,0.00783271035645641
38,114,-0.0491162,0.0801144759695831
38,115,0.0870502,0.160687076996006
38,116,0.0852,0.0312559976541522
38,117,-0.048513,-0.0858314127999639
38,118,-0.045387,-0.0129229671272071
38,119,0.029225,0.0432395579045624
38,120,0.109458,-0.0151410859177302
38,121,-0.056608,-0.12141394211775
38,122,0.034217,-0.0254483444271278
38,123,-0.1666588,-0.0419380057381287
38,124,0.0397918,0.13072414729971
38,125,-0.0491252,0.131833913295634
38,126,0.0211422,0.150071158698906
38,127,0.143658,0.160448964022057
38,128,-0.1573377,-0.0488054109212437
38,129,0.0615587,0.140210831303953
38,130,0.205845,0.0760836427509861
38,131,-0.142412,-0.230762754856685
38,132,-0.097008,-0.0264914191153989
38,133,0.036062,0.115613554409609
38,134,0.129354,0.0287103434103069
38,135,-0.060325,-0.0961164492349667
38,136,-0.080854,0.0170133047349752
38,137,0.093917,0.134354270594864
38,138,0.008079,-0.023072101273105
38,139,-0.110058,-0.0143984470861752
38,140,0.029837,0.151291035285431
38,141,0.063425,0.0838674577648388
38,142,-0.092646,-0.0160128814728243
38,143,-0.0441538,0.126481484664271
38,144,0.0136708,0.182695704050057
38,145,-0.0379292,0.116745556657434
38,146,0.0510002,0.159522281143732
38,147,-0.011196,0.103780542585321
38,148,0.161675,0.0804187406175175
38,149,-0.126863,-0.110811153526906
38,150,0.048517,0.0167206050779885
38,151,0.00062100000000001,-0.00060814067456523
38,152,-0.00247900000000001,-0.0633955847876301
38,153,-0.00622499999999998,-0.00135495270357088
38,154,0.053496,0.00414067039946578
38,155,-0.08895,-0.0368399297309544
38,156,0.13247,0.0700940149818007
38,157,0.017425,-0.0509673932153574
38,158,-0.113816,-0.0967059768050965
38,159,-0.08085,0.0821012326074085
38,160,0.135566,0.16171157071239
38,161,-0.101983,-0.0063484458931345
38,162,-0.017417,0.114712920865203
38,163,0.048517,0.179693267842721
38,164,-0.0845707,0.0577647952519669
38,165,0.0130625,0.162672719594365
38,166,-0.0217666,0.151370807101472
38,167,0.0515958,0.129936079454805
38,168,0.008092,0.0606717434364902
38,169,0.103225,0.0324539187837884
38,170,0.162316,-0.0762914344648668
38,171,-0.039808,-0.289215697174187
38,172,-0.145191,-0.208780430025343
38,173,-0.046342,-0.00560741720500793
38,174,-0.009321,0.0459115086000114
38,175,0.108829,0.0779951540029562
38,176,0.00435400000000002,-7.94561570761076e-05
38,177,-0.091421,0.00952630909636906
38,178,0.057217,0.135110063498291
38,179,-0.062812,0.0504263390530529
38,180,0.130595,0.103564726200949
39,1,0.101984,0.151763735512299
39,2,-0.012425,0.0143683023450309
39,3,-0.0653,-0.00811641260886177
39,4,-0.02488,0.0822587196551533
39,5,0.106963,0.127365969679687
39,6,-0.092658,-0.0436991196991964
39,7,-0.052842,0.0849656342247483
39,8,0.170392,0.133895093705893
39,9,-0.021163,-0.11023747687941
39,10,-0.115037,-0.0572587337309554
39,11,-0.016167,0.0976116111519549
39,12,0.070896,0.107274103536751
39,13,-0.032346,-0.00872389192175872
39,14,0.058442,0.0465481476255068
39,15,0.016179,-0.042751909269796
39,16,-0.01865,-0.0788234885317753
39,17,0.098879,0.01635798717486
39,18,-0.161071,-0.0834530537233886
39,19,0.06095,0.0773028747707154
39,20,0.042284,0.0176897557936684
39,21,-0.051001,-0.0265207464250168
39,22,-0.002475,0.0143750839866014
39,23,0.100746,0.03938953618513
39,24,-0.075258,-0.0704505207788818
39,25,-0.13245,0.00305819823610931
39,26,0.080225,0.209251423380827
39,27,0.018033,0.0454737227942926
39,28,-0.031096,0.00921171570790555
39,29,-0.010566,0.0496481791507317
39,30,0.073992,0.0465111615565241
39,31,0.00683299999999998,-0.0443445780549146
39,32,0.128733,-0.0158119390469421
39,33,-0.089546,-0.15487136222215
39,34,-0.077116,-0.0674503985291972
39,35,-0.00994999999999999,0.0867870170594857
39,36,-0.021763,0.0972703781398689
39,37,0.029842,0.0846195526211904
39,38,-0.026729,0.0160824538785908
39,39,-0.034205,0.0523060964854901
39,40,0.00497500000000001,0.0757534115307398
39,41,0.064055,0.103559588168015
39,42,-0.00312100000000001,-0.00860217744648362
39,43,-0.034196,-0.0267411098872233
39,44,0.154858,0.028410273414062
39,45,0.047259,-0.141905381084367
39,46,-0.075867,-0.167721586252436
39,47,-0.100125,-0.0411776990959911
39,48,-0.00623299999999999,0.0975872866095632
39,49,-0.00434600000000002,0.0966798656641403
39,50,0.00745800000000002,0.083100338662455
39,51,0.026738,0.0450803953576602
39,52,-0.06903,-0.0210209221026615
39,53,0.008713,0.0982584137896892
39,54,0.059079,0.100361366130928
39,55,-0.047887,0.00145292248253889
39,56,0.017412,0.0239186263170666
39,57,-0.037925,0.0143590569842259
39,58,0.055346,0.0533368578501002
39,59,-0.029238,-0.0101812277301085
39,60,-4.000000000004e-06,0.0288286853847757
39,61,-0.00495800000000002,0.01368954044527
39,62,-0.065925,0.0182832510228805
39,63,0.062829,0.110402901339475
39,64,0.022988,0.0113629913327704
39,65,-0.00248000000000001,-0.0191083060042516
39,66,-0.049758,-0.0255020625575276
39,67,0.023013,0.0618372881376219
39,68,0.027987,0.0292278718936971
39,69,0.043538,-0.01022269345896
39,70,0.00433299999999998,-0.0536037465028229
39,71,-0.1193792,-0.0688172227229164
39,72,0.0447622,0.104508815125756
39,73,0.072771,0.0606739945945658
39,74,-0.046654,-0.0424542533939125
39,75,0.120013,-0.00855122208011578
39,76,-0.131821,-0.119129009428359
39,77,0.004358,0.0474413151802613
39,78,0.013046,0.0754101834709455
39,79,-0.016779,0.0514498369779839
39,80,0.011808,0.0190729227994818
39,81,-0.024246,0.00970440586963737
39,82,-0.011825,0.0573189554734363
39,83,0.086438,0.0411641234079792
39,84,0.041666,-0.0151749321567904
39,85,0.032963,-0.104216648295076
39,86,-0.161067,-0.107983670707693
39,87,-0.012446,0.108520654473223
39,88,-0.00620799999999999,0.126942823972865
39,89,0.0454,0.102371521326415
39,90,0.082713,0.0127196426878713
39,91,-0.032334,-0.103986403265061
39,92,-0.083967,-0.0283614356104627
39,93,0.0137,0.0986234735061134
39,94,0.032946,0.105409460977398
39,95,0.000613000000000002,-0.00130523533370199
39,96,-0.027975,-0.00962421535088355
39,97,0.089558,0.0207432366687298
39,98,-0.053487,-0.0666425121323215
39,99,-0.091417,0.0222136206145848
39,100,0.043529,0.132641979683604
39,101,-0.0572082,0.0486160916862553
39,102,-0.00248749999999999,0.0908504893192754
39,103,0.0143125,0.0857500085734409
39,104,-0.01245,0.0499439580078436
39,105,0.1722622,0.0375676672786362
39,106,-0.01555,-0.125472756927529
39,107,-0.100125,-0.104641520921852
39,108,0.062192,0.0273790700734199
39,109,-0.078363,0.000418114676923684
39,110,-0.0354453,0.0615280047029058
39,111,0.0914163,0.0941444447309387
39,112,-0.055346,-0.025093632696905
39,113,-0.0491162,0.00612952784485751
39,114,0.0870502,0.119082303925657
39,115,0.0852,0.00903388835917095
39,116,-0.048513,-0.128598625230074
39,117,-0.045387,-0.0250162771658332
39,118,0.029225,0.0357111592420611
39,119,0.109458,-0.00393211961715163
39,120,-0.056608,-0.0996858328821929
39,121,0.034217,-0.0428762770131805
39,122,-0.1666588,-0.0690147627797678
39,123,0.0397918,0.148817293751465
39,124,-0.0491252,0.124026374891015
39,125,0.0211422,0.1193304789352
39,126,0.143658,0.0564694899710921
39,127,-0.1573377,-0.123581323178408
39,128,0.0615587,0.0970315673122745
39,129,0.205845,0.0285793219550736
39,130,-0.142412,-0.184016289656002
39,131,-0.097008,-0.0557400597522186
39,132,0.036062,0.121799577408353
39,133,0.129354,0.0590242288844638
39,134,-0.060325,-0.117219355334342
39,135,-0.080854,-0.000715016565697037
39,136,0.093917,0.0603315166803846
39,137,0.008079,-0.0336518527980557
39,138,-0.110058,0.0146466042804101
39,139,0.029837,0.101324756577382
39,140,0.063425,0.0428267316874303
39,141,-0.092646,-0.0428671551030504
39,142,-0.0441538,0.0961940354286424
39,143,0.0136708,0.130837452969637
39,144,-0.0379292,0.0658392725230793
39,145,0.0510002,0.111680170960394
39,146,-0.011196,0.0425023088619459
39,147,0.161675,0.00740694322464324
39,148,-0.126863,-0.157013186207688
39,149,0.048517,0.027799922146844
39,150,0.00062100000000001,-0.0138011376720091
39,151,-0.00247900000000001,-0.0244532925222992
39,152,-0.00622499999999998,-0.00421587190477178
39,153,0.053496,-0.0116014297111682
39,154,-0.08895,-0.0481302182658042
39,155,0.13247,0.0369583019461726
39,156,0.017425,-0.0439731498088191
39,157,-0.113816,-0.112823966421283
39,158,-0.08085,0.0631835615818385
39,159,0.135566,0.163114702915983
39,160,-0.101983,-0.0134027640671831
39,161,-0.017417,0.0632123522817702
39,162,0.048517,0.107342253336647
39,163,-0.0845707,-0.0027521598482834
39,164,0.0130625,0.121205402018894
39,165,-0.0217666,0.105794546786881
39,166,0.0515958,0.0808997142069101
39,167,0.008092,-0.0197735786041638
39,168,0.103225,0.0147823467778156
39,169,0.162316,-0.121913199221867
39,170,-0.039808,-0.282817474771006
39,171,-0.145191,-0.157497387034185
39,172,-0.046342,0.04717834009749
39,173,-0.009321,0.12885275829596
39,174,0.108829,0.093726750722686
39,175,0.00435400000000002,-0.0533952250579394
39,176,-0.091421,-0.0801935005608958
39,177,0.057217,0.062176576652104
39,178,-0.062812,0.0558568245267101
39,179,0.130595,0.10590738327177
39,180,0.043727,-0.0830297445078173
40,1,0.070896,0.13914432085941
40,2,-0.032346,0.0338257484351283
40,3,0.058442,0.0852544256258105
40,4,0.016179,0.0211421885808332
40,5,-0.01865,-0.024794189215705
40,6,0.098879,0.0194156444657682
40,7,-0.161071,-0.0809117599098429
40,8,0.06095,0.0941399090842922
40,9,0.042284,-0.00781563307960755
40,10,-0.051001,-0.00326266860621183
40,11,-0.002475,0.0511387280074614
40,12,0.100746,0.060465539158242
40,13,-0.075258,-0.0186108803288602
40,14,-0.13245,0.0356362751086618
40,15,0.080225,0.222749289753843
40,16,0.018033,0.106967942840069
40,17,-0.031096,0.0796125515881783
40,18,-0.010566,0.116117726790471
40,19,0.073992,0.13057885855126
40,20,0.00683299999999998,0.0221322217238186
40,21,0.128733,0.0174153153047769
40,22,-0.089546,-0.136410020672394
40,23,-0.077116,-0.067342468815371
40,24,-0.00994999999999999,0.0283411602933244
40,25,-0.021763,0.0773025627044577
40,26,0.029842,0.118174040603899
40,27,-0.026729,0.0693726591962113
40,28,-0.034205,0.142275946898225
40,29,0.00497500000000001,0.166229982222375
40,30,0.064055,0.180710357422365
40,31,-0.00312100000000001,0.0847287078390707
40,32,-0.034196,0.0395041181001637
40,33,0.154858,0.0649585991917663
40,34,0.047259,-0.126013982040109
40,35,-0.075867,-0.170450196463371
40,36,-0.100125,-0.0874692859282103
40,37,-0.00623299999999999,0.0454669757266095
40,38,-0.00434600000000002,0.0723582984860919
40,39,0.00745800000000002,0.10104621350544
40,40,0.026738,0.119897423589954
40,41,-0.06903,0.0777332798861661
40,42,0.008713,0.181130578514383
40,43,0.059079,0.175712683344056
40,44,-0.047887,0.0855724166199374
40,45,0.017412,0.091131694962407
40,46,-0.037925,0.0482208345218399
40,47,0.055346,0.102877017837964
40,48,-0.029238,0.022406881821622
40,49,-4.000000000004e-06,0.0702133932447879
40,50,-0.00495800000000002,0.0566708175931111
40,51,-0.065925,0.0514830746283331
40,52,0.062829,0.151853327216973
40,53,0.022988,0.0595088216713377
40,54,-0.00248000000000001,0.0446244403183438
40,55,-0.049758,0.0219712194104964
40,56,0.023013,0.0926163758378958
40,57,0.027987,0.0653711416309515
40,58,0.043538,0.0202791315118549
40,59,0.00433299999999998,-0.0243121542629192
40,60,-0.1193792,-0.0453537920892347
40,61,0.0447622,0.10982408583137
40,62,0.072771,0.0677465831919282
40,63,-0.046654,0.000167046357997941
40,64,0.120013,0.0353950794068267
40,65,-0.131821,-0.102727044051997
40,66,0.004358,0.0796262801703003
40,67,0.013046,0.0612259359020059
40,68,-0.016779,0.079065064064397
40,69,0.011808,0.071978655966786
40,70,-0.024246,0.042239411618111
40,71,-0.011825,0.123257392926418
40,72,0.086438,0.101505402702281
40,73,0.041666,0.0296254476538967
40,74,0.032963,-0.0441736926857229
40,75,-0.161067,-0.107458405062521
40,76,-0.012446,0.0984797718756017
40,77,-0.00620799999999999,0.11201909872356
40,78,0.0454,0.13615854750295
40,79,0.082713,0.0829829438936779
40,80,-0.032334,-0.0228426042500478
40,81,-0.083967,0.0404937127420388
40,82,0.0137,0.12715395621165
40,83,0.032946,0.130521508984959
40,84,0.000613000000000002,0.0497847705132796
40,85,-0.027975,0.0257575980244299
40,86,0.089558,0.0673447787376639
40,87,-0.053487,-0.0291428040469603
40,88,-0.091417,0.0542000876385846
40,89,0.043529,0.156636748408443
40,90,-0.0572082,0.0879627716418171
40,91,-0.00248749999999999,0.154159177021053
40,92,0.0143125,0.148382395592543
40,93,-0.01245,0.149938529408228
40,94,0.1722622,0.13562025953324
40,95,-0.01555,-0.0711144960519888
40,96,-0.100125,-0.0484035856521337
40,97,0.062192,0.0133664116949378
40,98,-0.078363,-0.0408761695411255
40,99,-0.0354453,0.0631165414881316
40,100,0.0914163,0.0878780921250651
40,101,-0.055346,0.025074756885981
40,102,-0.0491162,0.0850288979149282
40,103,0.0870502,0.160492671702455
40,104,0.0852,0.0893125190957769
40,105,-0.048513,-0.0606058062428866
40,106,-0.045387,-0.0139471248374572
40,107,0.029225,0.041515376537727
40,108,0.109458,-0.0084051189998463
40,109,-0.056608,-0.113473452216459
40,110,0.034217,-0.0341052016225701
40,111,-0.1666588,-0.0817785851682485
40,112,0.0397918,0.146575903374042
40,113,-0.0491252,0.127937497694337
40,114,0.0211422,0.198146645342438
40,115,0.143658,0.154185095732872
40,116,-0.1573377,-0.0300804783040549
40,117,0.0615587,0.19165409732811
40,118,0.205845,0.0650043716105675
40,119,-0.142412,-0.147792987605952
40,120,-0.097008,-0.0402338981871672
40,121,0.036062,0.0595743725217458
40,122,0.129354,0.0667500005100568
40,123,-0.060325,-0.10546329483998
40,124,-0.080854,0.0169638379757985
40,125,0.093917,0.111962858341197
40,126,0.008079,-0.0136619107643863
40,127,-0.110058,0.0390450305839386
40,128,0.029837,0.143656560349468
40,129,0.063425,0.0846326143374329
40,130,-0.092646,0.00853053889879847
40,131,-0.0441538,0.138218969731133
40,132,0.0136708,0.194898018491738
40,133,-0.0379292,0.152511641845443
40,134,0.0510002,0.188030615967836
40,135,-0.011196,0.13243106081052
40,136,0.161675,0.118176306801176
40,137,-0.126863,-0.107073049024424
40,138,0.048517,0.0618678626677469
40,139,0.00062100000000001,-0.0234055959746988
40,140,-0.00247900000000001,-0.0318496748763853
40,141,-0.00622499999999998,-0.0191871513323221
40,142,0.053496,-0.0180523842727582
40,143,-0.08895,-0.0317727242212942
40,144,0.13247,0.0574853716908688
40,145,0.017425,-0.0433563518260595
40,146,-0.113816,-0.0687251891157266
40,147,-0.08085,0.0548828322658579
40,148,0.135566,0.163129363051726
40,149,-0.101983,0.026614479242874
40,150,-0.017417,0.127463612906928
40,151,0.048517,0.165594500614402
40,152,-0.0845707,0.0978010147281505
40,153,0.0130625,0.198670056260885
40,154,-0.0217666,0.173457848680656
40,155,0.0515958,0.19148558993249
40,156,0.008092,0.058380168472008
40,157,0.103225,0.0723593723476991
40,158,0.162316,-0.0625395005470123
40,159,-0.039808,-0.283997625329003
40,160,-0.145191,-0.214032743909607
40,161,-0.046342,-0.0551741310462344
40,162,-0.009321,0.0355777562741149
40,163,0.108829,0.0695403884284025
40,164,0.00435400000000002,-0.0269664846334899
40,165,-0.091421,0.0030950583541697
40,166,0.057217,0.124505631722002
40,167,-0.062812,0.0944752708307888
40,168,0.130595,0.174507405227481
40,169,0.043727,-0.046432289126463
40,170,-0.133277,-0.102891317766905
40,171,-0.1567122,0.0405111344985783
40,172,0.0696542,0.247124520614813
40,173,0.046017,0.205451140190138
40,174,0.168529,0.10996371857019
40,175,-0.142421,-0.0844210564031509
40,176,-0.046638,0.0729371174186252
40,177,0.018038,0.124332897513451
40,178,0.00870399999999999,0.124604415957691
40,179,0.047883,0.0901762639223459
40,180,0.00745499999999999,-0.0329480829616707
41,1,0.058442,0.0657481760309213
41,2,0.016179,0.00243568727333413
41,3,-0.01865,-0.0264266670559385
41,4,0.098879,0.00425086905736063
41,5,-0.161071,-0.0828041176172973
41,6,0.06095,0.134854297855448
41,7,0.042284,0.0124106168900465
41,8,-0.051001,-0.0363568716734863
41,9,-0.002475,0.0795128740659561
41,10,0.100746,0.0304246569675507
41,11,-0.075258,-0.0511524835148986
41,12,-0.13245,0.0628214389961823
41,13,0.080225,0.191917370657323
41,14,0.018033,0.0916876494165761
41,15,-0.031096,0.0558167098106894
41,16,-0.010566,0.0930205611588622
41,17,0.073992,0.0861344927697879
41,18,0.00683299999999998,0.001170066389449
41,19,0.128733,-0.000632049319177652
41,20,-0.089546,-0.128350741909425
41,21,-0.077116,-0.0137311043995176
41,22,-0.00994999999999999,0.056406941100302
41,23,-0.021763,0.0706788159579643
41,24,0.029842,0.12534226896113
41,25,-0.026729,0.0551886457454792
41,26,-0.034205,0.0823119938500496
41,27,0.00497500000000001,0.134949988947614
41,28,0.064055,0.109079792588691
41,29,-0.00312100000000001,0.0617215411381778
41,30,-0.034196,0.040407296771031
41,31,0.154858,0.0568598987675131
41,32,0.047259,-0.131183934547861
41,33,-0.075867,-0.147307095330605
41,34,-0.100125,-0.029467427055706
41,35,-0.00623299999999999,0.071770910944256
41,36,-0.00434600000000002,0.0879436024410633
41,37,0.00745800000000002,0.0931940269141966
41,38,0.026738,0.0874309218897511
41,39,-0.06903,0.042154811843099
41,40,0.008713,0.12090491461791
41,41,0.059079,0.126192010841016
41,42,-0.047887,0.0564737148408434
41,43,0.017412,0.10311528229605
41,44,-0.037925,0.0336168319668487
41,45,0.055346,0.082487289398593
41,46,-0.029238,0.0192416648366655
41,47,-4.000000000004e-06,0.0499270065749142
41,48,-0.00495800000000002,0.0609830303440002
41,49,-0.065925,0.0381633315750745
41,50,0.062829,0.130310401576564
41,51,0.022988,0.0456977229317085
41,52,-0.00248000000000001,0.0162246239652289
41,53,-0.049758,0.029595878754488
41,54,0.023013,0.065555622273797
41,55,0.027987,0.0575014745158264
41,56,0.043538,0.0171861160074166
41,57,0.00433299999999998,-0.0266733838259781
41,58,-0.1193792,-0.0293444874564317
41,59,0.0447622,0.109082881308214
41,60,0.072771,0.0540997650726105
41,61,-0.046654,-0.0157986384194935
41,62,0.120013,0.05572593579467
41,63,-0.131821,-0.122291171387892
41,64,0.004358,0.0787014919703762
41,65,0.013046,0.0727944554748138
41,66,-0.016779,0.0476972267330079
41,67,0.011808,0.100160858096417
41,68,-0.024246,0.0212951032502015
41,69,-0.011825,0.0748103227583602
41,70,0.086438,0.0997672936456127
41,71,0.041666,-0.0247771067677939
41,72,0.032963,-0.0266532725801174
41,73,-0.161067,-0.089641555250584
41,74,-0.012446,0.112475579512048
41,75,-0.00620799999999999,0.120817972252574
41,76,0.0454,0.115969242459379
41,77,0.082713,0.0706285578882863
41,78,-0.032334,-0.0566035248702615
41,79,-0.083967,0.00596426890525547
41,80,0.0137,0.117707716694797
41,81,0.032946,0.0964979375175269
41,82,0.000613000000000002,0.0723860326488239
41,83,-0.027975,0.028274727855418
41,84,0.089558,0.0497026847765756
41,85,-0.053487,-0.0528138500162036
41,86,-0.091417,0.041803774168047
41,87,0.043529,0.16042165960758
41,88,-0.0572082,0.0720795412849721
41,89,-0.00248749999999999,0.140203906856091
41,90,0.0143125,0.119377651939839
41,91,-0.01245,0.0888319166402459
41,92,0.1722622,0.113359269001293
41,93,-0.01555,-0.118776359954805
41,94,-0.100125,-0.0451164523720288
41,95,0.062192,0.0671210007915024
41,96,-0.078363,-0.049573653797683
41,97,-0.0354453,0.100426682396285
41,98,0.0914163,0.107604146837145
41,99,-0.055346,-0.0225263282010126
41,100,-0.0491162,0.083706676957253
41,101,0.0870502,0.11071156397024
41,102,0.0852,0.0315004787898734
41,103,-0.048513,-0.0448961418707534
41,104,-0.045387,-0.00935391806924839
41,105,0.029225,0.0511471858043737
41,106,0.109458,0.00752040777534881
41,107,-0.056608,-0.109770584640468
41,108,0.034217,-0.00402094825026383
41,109,-0.1666588,-0.0593506389786758
41,110,0.0397918,0.142328798929792
41,111,-0.0491252,0.109221102004835
41,112,0.0211422,0.166007765660884
41,113,0.143658,0.1311218041154
41,114,-0.1573377,-0.0870151358277697
41,115,0.0615587,0.149079864851204
41,116,0.205845,0.058170224228706
41,117,-0.142412,-0.192392600700705
41,118,-0.097008,0.0545134484640155
41,119,0.036062,0.0756535186218728
41,120,0.129354,0.0465146164406677
41,121,-0.060325,-0.0745473018737271
41,122,-0.080854,-0.00424187006827027
41,123,0.093917,0.11836951991072
41,124,0.008079,-0.038096029899491
41,125,-0.110058,0.00519216880654375
41,126,0.029837,0.170273441967654
41,127,0.063425,0.065896929044639
41,128,-0.092646,-0.00884558956919206
41,129,-0.0441538,0.118123173114099
41,130,0.0136708,0.162363624327379
41,131,-0.0379292,0.123766436441428
41,132,0.0510002,0.151817954472342
41,133,-0.011196,0.0796411107654328
41,134,0.161675,0.0922295838278065
41,135,-0.126863,-0.124619649659668
41,136,0.048517,0.051233943726528
41,137,0.00062100000000001,0.00610475341711021
41,138,-0.00247900000000001,-0.0204369841332136
41,139,-0.00622499999999998,0.0153026156246907
41,140,0.053496,-0.00298256294347933
41,141,-0.08895,-0.0479136114303015
41,142,0.13247,0.0799060153064975
41,143,0.017425,-0.0881523289661358
41,144,-0.113816,-0.0464870340990952
41,145,-0.08085,0.0813080546975625
41,146,0.135566,0.147998433472406
41,147,-0.101983,0.000626988602972764
41,148,-0.017417,0.135638712055758
41,149,0.048517,0.120062327260306
41,150,-0.0845707,0.0539146373114134
41,151,0.0130625,0.164381656428761
41,152,-0.0217666,0.129235987783119
41,153,0.0515958,0.151197824055197
41,154,0.008092,0.0605369063001888
41,155,0.103225,0.0154879736109172
41,156,0.162316,-0.0617141273313252
41,157,-0.039808,-0.262570084168874
41,158,-0.145191,-0.161877517333277
41,159,-0.046342,0.0309437962241568
41,160,-0.009321,0.0665146115592155
41,161,0.108829,0.101816797635438
41,162,0.00435400000000002,-0.040412059305102
41,163,-0.091421,-0.026659278062331
41,164,0.057217,0.0923643723244631
41,165,-0.062812,0.0280147390819125
41,166,0.130595,0.160434662285986
41,167,0.043727,-0.024660491316468
41,168,-0.133277,-0.105842518297794
41,169,-0.1567122,0.0785273591414575
41,170,0.0696542,0.221200849168513
41,171,0.046017,0.156519420692289
41,172,0.168529,0.102788657887157
41,173,-0.142421,-0.132838880283575
41,174,-0.046638,0.0606822871317993
41,175,0.018038,0.0998036162437477
41,176,0.00870399999999999,0.0887826364883153
41,177,0.047883,0.116339958821021
41,178,0.00745499999999999,-0.00894509248194006
41,179,-0.152342,-0.0382150186484827
41,180,0.020521,0.169661304117136
42,1,0.016179,-0.0193631382000738
42,2,-0.01865,0.0159843515576457
42,3,0.098879,0.0387995892278732
42,4,-0.161071,-0.0820193585809892
42,5,0.06095,0.0920849549551316
42,6,0.042284,0.0324180360776294
42,7,-0.051001,0.00408405274994603
42,8,-0.002475,0.0233559159454688
42,9,0.100746,0.070854914311707
42,10,-0.075258,-0.0041177968643762
42,11,-0.13245,0.0412924360068735
42,12,0.080225,0.211331893256941
42,13,0.018033,0.153185604259536
42,14,-0.031096,0.0651715926878654
42,15,-0.010566,0.0548605171881383
42,16,0.073992,0.132647451188249
42,17,0.00683299999999998,0.0632926954043938
42,18,0.128733,0.00093331550345474
42,19,-0.089546,-0.172635940627107
42,20,-0.077116,-0.0474563727595794
42,21,-0.00994999999999999,0.082428540415624
42,22,-0.021763,0.127636036702477
42,23,0.029842,0.101998526230463
42,24,-0.026729,0.0396027975340683
42,25,-0.034205,0.118423857358771
42,26,0.00497500000000001,0.19156547274643
42,27,0.064055,0.18633020694384
42,28,-0.00312100000000001,0.0598028869975244
42,29,-0.034196,0.0116749122947882
42,30,0.154858,0.063348869953153
42,31,0.047259,-0.0944105092873928
42,32,-0.075867,-0.18160270204037
42,33,-0.100125,-0.0950279194509798
42,34,-0.00623299999999999,0.110847131201333
42,35,-0.00434600000000002,0.141144520222209
42,36,0.00745800000000002,0.0834361458949376
42,37,0.026738,0.0569846026211792
42,38,-0.06903,0.0772320724361337
42,39,0.008713,0.198755566275591
42,40,0.059079,0.184857765045926
42,41,-0.047887,0.0691043524720238
42,42,0.017412,0.0619556633567859
42,43,-0.037925,0.049570880983711
42,44,0.055346,0.122412476076473
42,45,-0.029238,0.0324250299759241
42,46,-4.000000000004e-06,0.049397959167255
42,47,-0.00495800000000002,0.0518627572704725
42,48,-0.065925,0.0772340020542815
42,49,0.062829,0.150929312649801
42,50,0.022988,0.0649817038009354
42,51,-0.00248000000000001,0.022072404053766
42,52,-0.049758,0.0107771186020652
42,53,0.023013,0.106393890122577
42,54,0.027987,0.0924441571760921
42,55,0.043538,0.0212252816597558
42,56,0.00433299999999998,-0.0578000512661234
42,57,-0.1193792,-0.0414925650578884
42,58,0.0447622,0.140950643409205
42,59,0.072771,0.109691361161752
42,60,-0.046654,-0.0149185907871121
42,61,0.120013,-0.00870143511174405
42,62,-0.131821,-0.0949261960971547
42,63,0.004358,0.109723430550477
42,64,0.013046,0.0979803434510358
42,65,-0.016779,0.0817422736749677
42,66,0.011808,0.0469303388473054
42,67,-0.024246,0.040969613846381
42,68,-0.011825,0.117764560294479
42,69,0.086438,0.129341207239233
42,70,0.041666,0.0134038015714959
42,71,0.032963,-0.0687199669092329
42,72,-0.161067,-0.109371324456349
42,73,-0.012446,0.131457829075876
42,74,-0.00620799999999999,0.173479476633413
42,75,0.0454,0.144540726353248
42,76,0.082713,0.0242766090661248
42,77,-0.032334,-0.0537803813864226
42,78,-0.083967,0.0409924579980518
42,79,0.0137,0.17425559947945
42,80,0.032946,0.154446962217708
42,81,0.000613000000000002,0.0369124376243523
42,82,-0.027975,-0.0152164906549267
42,83,0.089558,0.0646911741541055
42,84,-0.053487,0.00662970402615766
42,85,-0.091417,0.0540650893280203
42,86,0.043529,0.149778001209867
42,87,-0.0572082,0.119635187562631
42,88,-0.00248749999999999,0.14910120874476
42,89,0.0143125,0.12168889962598
42,90,-0.01245,0.134870186291464
42,91,0.1722622,0.139533563349364
42,92,-0.01555,-0.0830167135851667
42,93,-0.100125,-0.0853180183098416
42,94,0.062192,0.0397013768953904
42,95,-0.078363,0.0248836315532423
42,96,-0.0354453,0.0759873810416264
42,97,0.0914163,0.0718161642274897
42,98,-0.055346,0.0153349681665346
42,99,-0.0491162,0.0867413455439964
42,100,0.0870502,0.162481926112352
42,101,0.0852,0.0949605443447572
42,102,-0.048513,-0.0692711939333796
42,103,-0.045387,-0.0500971144172386
42,104,0.029225,0.0658887862582658
42,105,0.109458,0.059776189999675
42,106,-0.056608,-0.123758257685647
42,107,0.034217,-0.0825440124511383
42,108,-0.1666588,-0.0537640941538028
42,109,0.0397918,0.211827433924469
42,110,-0.0491252,0.153704201976755
42,111,0.0211422,0.172382358332826
42,112,0.143658,0.108262412578871
42,113,-0.1573377,-0.0346377720205432
42,114,0.0615587,0.164624045725465
42,115,0.205845,0.1074706184957
42,116,-0.142412,-0.145420601079015
42,117,-0.097008,-0.0827005731019606
42,118,0.036062,0.0863953479370461
42,119,0.129354,0.148723593178394
42,120,-0.060325,-0.096360291290689
42,121,-0.080854,-0.0769359218598169
42,122,0.093917,0.120464482239307
42,123,0.008079,0.0905548982013716
42,124,-0.110058,0.0174980484153512
42,125,0.029837,0.0898127990214013
42,126,0.063425,0.113412799448091
42,127,-0.092646,0.0438566433055623
42,128,-0.0441538,0.100306893533974
42,129,0.0136708,0.183049673775634
42,130,-0.0379292,0.191553913658282
42,131,0.0510002,0.176509401808587
42,132,-0.011196,0.0849407957779842
42,133,0.161675,0.102181074875422
42,134,-0.126863,-0.0980307591304483
42,135,0.048517,0.046865176100417
42,136,0.00062100000000001,0.00092681708645162
42,137,-0.00247900000000001,0.0126658033564516
42,138,-0.00622499999999998,-0.0344402435079331
42,139,0.053496,-0.013821517954359
42,140,-0.08895,-0.0282865607049442
42,141,0.13247,0.0881853277182608
42,142,0.017425,-0.0468251701185326
42,143,-0.113816,-0.0717183802015188
42,144,-0.08085,0.0511655767019456
42,145,0.135566,0.215146864795894
42,146,-0.101983,0.0540234303867502
42,147,-0.017417,0.0844468638561527
42,148,0.048517,0.122176090375248
42,149,-0.0845707,0.141363947085025
42,150,0.0130625,0.200287360280229
42,151,-0.0217666,0.14990456101885
42,152,0.0515958,0.171875225240163
42,153,0.008092,0.0656748315505102
42,154,0.103225,0.0445476975752627
42,155,0.162316,-0.0765805135927554
42,156,-0.039808,-0.272451502661773
42,157,-0.145191,-0.221223456266625
42,158,-0.046342,0.0101622252530366
42,159,-0.009321,0.129917838794795
42,160,0.108829,0.0922604138601273
42,161,0.00435400000000002,-0.0908783919215873
42,162,-0.091421,-0.0456847226818508
42,163,0.057217,0.159711195410361
42,164,-0.062812,0.153554901168014
42,165,0.130595,0.161675286426509
42,166,0.043727,-0.0815318301949452
42,167,-0.133277,-0.130670392894842
42,168,-0.1567122,0.0585464894628392
42,169,0.0696542,0.321805416134898
42,170,0.046017,0.237664188301677
42,171,0.168529,0.057321226336341
42,172,-0.142421,-0.18472453844633
42,173,-0.046638,0.0713561999995499
42,174,0.018038,0.21154498968812
42,175,0.00870399999999999,0.178484259926744
42,176,0.047883,0.0306962622309856
42,177,0.00745499999999999,-0.074139587881009
42,178,-0.152342,-0.0103742911086382
42,179,0.020521,0.223409682513423
42,180,-0.0503752,0.221042945055718
43,1,-0.002475,0.0537905428618683
43,2,0.100746,0.0704100300065706
43,3,-0.075258,-0.0748027431612321
43,4,-0.13245,0.0426503946925597
43,5,0.080225,0.233668524798752
43,6,0.018033,0.0495441686073677
43,7,-0.031096,0.0309739564279026
43,8,-0.010566,0.116081557422116
43,9,0.073992,0.108112392458665
43,10,0.00683299999999998,-0.0375643398550783
43,11,0.128733,-0.00298045282548993
43,12,-0.089546,-0.149897128864861
43,13,-0.077116,-0.0291009276189072
43,14,-0.00994999999999999,0.0555589440828694
43,15,-0.021763,0.0644421155263214
43,16,0.029842,0.0909846899431098
43,17,-0.026729,0.065313721299215
43,18,-0.034205,0.117572626243695
43,19,0.00497500000000001,0.130774457791014
43,20,0.064055,0.123286487087406
43,21,-0.00312100000000001,0.0238837353471816
43,22,-0.034196,0.025768800542629
43,23,0.154858,0.0628632773304595
43,24,0.047259,-0.162127591657251
43,25,-0.075867,-0.170589445111611
43,26,-0.100125,-0.0285599038300033
43,27,-0.00623299999999999,0.0824904320117138
43,28,-0.00434600000000002,0.0466814482811524
43,29,0.00745800000000002,0.0850865195721503
43,30,0.026738,0.107380646637755
43,31,-0.06903,0.053227927334009
43,32,0.008713,0.146037222182078
43,33,0.059079,0.120907160756819
43,34,-0.047887,0.0261741766667474
43,35,0.017412,0.0786497030845942
43,36,-0.037925,0.0409110582005783
43,37,0.055346,0.0783791988870136
43,38,-0.029238,-0.00958446667170532
43,39,-4.000000000004e-06,0.062303883698717
43,40,-0.00495800000000002,0.0430811511409708
43,41,-0.065925,0.0390692192904668
43,42,0.062829,0.130027659207639
43,43,0.022988,0.0278328519957665
43,44,-0.00248000000000001,0.0129792875349414
43,45,-0.049758,0.0174786959462574
43,46,0.023013,0.0892633003608162
43,47,0.027987,0.0282503753730492
43,48,0.043538,-0.00237878830905917
43,49,0.00433299999999998,-0.0338461458239709
43,50,-0.1193792,-0.0342124281890585
43,51,0.0447622,0.122324596600126
43,52,0.072771,0.0365829068550924
43,53,-0.046654,-0.0408505580911781
43,54,0.120013,0.0483262406409078
43,55,-0.131821,-0.107390894227226
43,56,0.004358,0.0816258202934674
43,57,0.013046,0.0506581242165794
43,58,-0.016779,0.0513740364400967
43,59,0.011808,0.0530582483889727
43,60,-0.024246,0.0491685376558124
43,61,-0.011825,0.0899764871675141
43,62,0.086438,0.0756075560299933
43,63,0.041666,-0.0169402129571834
43,64,0.032963,-0.0626231607356384
43,65,-0.161067,-0.0931288841714662
43,66,-0.012446,0.130152637846629
43,67,-0.00620799999999999,0.091454505617088
43,68,0.0454,0.0999454069815271
43,69,0.082713,0.0536546912164153
43,70,-0.032334,-0.0344004928034506
43,71,-0.083967,0.0240635566285382
43,72,0.0137,0.119700567237144
43,73,0.032946,0.0810851747471176
43,74,0.000613000000000002,0.0138385520427158
43,75,-0.027975,0.0308487437380597
43,76,0.089558,0.070459556721522
43,77,-0.053487,-0.066544814800985
43,78,-0.091417,0.0426993541635478
43,79,0.043529,0.16006329788229
43,80,-0.0572082,0.0531836972252149
43,81,-0.00248749999999999,0.12167995439852
43,82,0.0143125,0.130325513820395
43,83,-0.01245,0.106212892069913
43,84,0.1722622,0.0904422084606494
43,85,-0.01555,-0.122060931576385
43,86,-0.100125,-0.0561909611384717
43,87,0.062192,0.0514142429351105
43,88,-0.078363,-0.0541793677750185
43,89,-0.0354453,0.053659060612157
43,90,0.0914163,0.10914062631456
43,91,-0.055346,-0.00408287389581714
43,92,-0.0491162,0.0671522204646487
43,93,0.0870502,0.152513406376366
43,94,0.0852,0.0224417273581266
43,95,-0.048513,-0.10437560672178
43,96,-0.045387,0.0122953297003756
43,97,0.029225,0.0534731874093519
43,98,0.109458,-0.0325117011228829
43,99,-0.056608,-0.135283941567194
43,100,0.034217,0.00395463741401503
43,101,-0.1666588,-0.0606967087267274
43,102,0.0397918,0.159569356408504
43,103,-0.0491252,0.0854451629328799
43,104,0.0211422,0.169167240624121
43,105,0.143658,0.114876994009267
43,106,-0.1573377,-0.0704836074977644
43,107,0.0615587,0.172945437239294
43,108,0.205845,0.0364159648080252
43,109,-0.142412,-0.22184471192632
43,110,-0.097008,0.0014962959560538
43,111,0.036062,0.126479952770099
43,112,0.129354,0.019618983770289
43,113,-0.060325,-0.148308341576943
43,114,-0.080854,0.0588534361593141
43,115,0.093917,0.130321773398244
43,116,0.008079,-0.0624895464771494
43,117,-0.110058,-0.0029193638558274
43,118,0.029837,0.168611743249579
43,119,0.063425,0.0653406586943747
43,120,-0.092646,-0.0421612143493865
43,121,-0.0441538,0.138704918490629
43,122,0.0136708,0.181334273841174
43,123,-0.0379292,0.0938868321812387
43,124,0.0510002,0.144469274460496
43,125,-0.011196,0.091520465433669
43,126,0.161675,0.0813219103549856
43,127,-0.126863,-0.152247850146826
43,128,0.048517,0.0755673661097152
43,129,0.00062100000000001,-0.0313838125466856
43,130,-0.00247900000000001,-0.0365679989596136
43,131,-0.00622499999999998,-0.0206683586239006
43,132,0.053496,0.0133405485459435
43,133,-0.08895,-0.0520622609080254
43,134,0.13247,0.0742955131646718
43,135,0.017425,-0.0775593848463875
43,136,-0.113816,-0.0764130058719012
43,137,-0.08085,0.0862190952393933
43,138,0.135566,0.170023306992456
43,139,-0.101983,-0.0501232030953553
43,140,-0.017417,0.130382284438168
43,141,0.048517,0.160891375127169
43,142,-0.0845707,0.044264818013005
43,143,0.0130625,0.152697784654367
43,144,-0.0217666,0.142175947753161
43,145,0.0515958,0.137928418261229
43,146,0.008092,0.0174799287476773
43,147,0.103225,0.0493452860059048
43,148,0.162316,-0.0970957719831625
43,149,-0.039808,-0.290418053877619
43,150,-0.145191,-0.164687366064994
43,151,-0.046342,0.0247013564363988
43,152,-0.009321,0.046048958695221
43,153,0.108829,0.0552752547175273
43,154,0.00435400000000002,-0.0334782520909097
43,155,-0.091421,0.012557735069006
43,156,0.057217,0.124334665107878
43,157,-0.062812,0.0350169159271557
43,158,0.130595,0.124262728200113
43,159,0.043727,-0.0720331741973657
43,160,-0.133277,-0.0980286453303312
43,161,-0.1567122,0.0754228623982884
43,162,0.0696542,0.259598973249025
43,163,0.046017,0.113945951213066
43,164,0.168529,0.0604391768438955
43,165,-0.142421,-0.107841118307325
43,166,-0.046638,0.0989072502899102
43,167,0.018038,0.0983038787960163
43,168,0.00870399999999999,0.0637520317903409
43,169,0.047883,0.0510799646288541
43,170,0.00745499999999999,-0.011557775764039
43,171,-0.152342,-0.0113194097540327
43,172,0.020521,0.176506875477837
43,173,-0.0503752,0.138707338040853
43,174,0.0951502,0.183386663583996
43,175,0.22885,0.0314371503960778
43,176,-0.226371,-0.230996338322078
43,177,-0.10385,0.113829998500953
43,178,0.190912,0.188589074109089
43,179,-0.026741,-0.107627149220776
43,180,-0.095299,-0.0360269109273878
44,1,0.080225,0.306240827957474
44,2,0.018033,0.0670197381300194
44,3,-0.031096,0.0296788792375658
44,4,-0.010566,0.135321847341758
44,5,0.073992,0.111616228374514
44,6,0.00683299999999998,-0.0389118749742305
44,7,0.128733,0.00479170947328943
44,8,-0.089546,-0.12079790498831
44,9,-0.077116,-0.0893193944709106
44,10,-0.00994999999999999,0.113142712473275
44,11,-0.021763,0.104717092034316
44,12,0.029842,0.127673350810672
44,13,-0.026729,0.0710710085109666
44,14,-0.034205,0.132949824809455
44,15,0.00497500000000001,0.119757414828322
44,16,0.064055,0.163522501344776
44,17,-0.00312100000000001,0.0323516201472305
44,18,-0.034196,0.00419827599011582
44,19,0.154858,0.0764429890699328
44,20,0.047259,-0.146378077494455
44,21,-0.075867,-0.188287977458017
44,22,-0.100125,-0.0219911233545223
44,23,-0.00623299999999999,0.110769930352801
44,24,-0.00434600000000002,0.096782402831781
44,25,0.00745800000000002,0.118485814356995
44,26,0.026738,0.138458130166571
44,27,-0.06903,0.0286557017695498
44,28,0.008713,0.153166329739604
44,29,0.059079,0.157746071509818
44,30,-0.047887,0.0349322071053994
44,31,0.017412,0.0613955036520514
44,32,-0.037925,0.0627481641559635
44,33,0.055346,0.0816507750194696
44,34,-0.029238,0.0151002842599514
44,35,-4.000000000004e-06,0.0673378041570515
44,36,-0.00495800000000002,0.0615987551968335
44,37,-0.065925,0.034049283729344
44,38,0.062829,0.165670618176308
44,39,0.022988,0.0456344141113389
44,40,-0.00248000000000001,0.0193727065614522
44,41,-0.049758,0.00939165706763159
44,42,0.023013,0.104760440126296
44,43,0.027987,0.0552693900743612
44,44,0.043538,0.00186163184704288
44,45,0.00433299999999998,-0.00966456422463158
44,46,-0.1193792,-0.055253389231495
44,47,0.0447622,0.138954149349185
44,48,0.072771,0.0877724047427628
44,49,-0.046654,-0.0265320915549636
44,50,0.120013,0.0373242661464095
44,51,-0.131821,-0.084325427370079
44,52,0.004358,0.0525232200227161
44,53,0.013046,0.110327079174413
44,54,-0.016779,0.0756761250101387
44,55,0.011808,0.0611030346386443
44,56,-0.024246,0.0491161560244537
44,57,-0.011825,0.124492672377448
44,58,0.086438,0.0582786002307583
44,59,0.041666,0.0364655068473086
44,60,0.032963,-0.0933345299126715
44,61,-0.161067,-0.0929627501417946
44,62,-0.012446,0.13127505776569
44,63,-0.00620799999999999,0.154565697149105
44,64,0.0454,0.123545134155905
44,65,0.082713,0.0866296124971317
44,66,-0.032334,-0.0587523697345005
44,67,-0.083967,0.0171797696327185
44,68,0.0137,0.122035208280836
44,69,0.032946,0.145423095488872
44,70,0.000613000000000002,0.00863110000368575
44,71,-0.027975,0.0405672006540214
44,72,0.089558,0.0742078557707931
44,73,-0.053487,-0.0518756553264378
44,74,-0.091417,0.0392695998594368
44,75,0.043529,0.196894500105849
44,76,-0.0572082,0.0754203134150847
44,77,-0.00248749999999999,0.126299940747234
44,78,0.0143125,0.161516033143047
44,79,-0.01245,0.117103544271736
44,80,0.1722622,0.0777349658963656
44,81,-0.01555,-0.0944798328816054
44,82,-0.100125,-0.0894922949849227
44,83,0.062192,0.0457331227888137
44,84,-0.078363,0.000255680809746452
44,85,-0.0354453,0.05790181255903
44,86,0.0914163,0.150341325315958
44,87,-0.055346,0.030281437171314
44,88,-0.0491162,0.0296501605079082
44,89,0.0870502,0.19381800406075
44,90,0.0852,0.0575771355968506
44,91,-0.048513,-0.138308189578928
44,92,-0.045387,0.0158376890470123
44,93,0.029225,0.074035480081533
44,94,0.109458,-0.0231007990996597
44,95,-0.056608,-0.0954926143066814
44,96,0.034217,-0.00875353435044901
44,97,-0.1666588,-0.0429023758039199
44,98,0.0397918,0.152983483476988
44,99,-0.0491252,0.180242733243276
44,100,0.0211422,0.161426316948766
44,101,0.143658,0.15039090889408
44,102,-0.1573377,-0.0972145776386298
44,103,0.0615587,0.166192180832357
44,104,0.205845,0.0618997318154307
44,105,-0.142412,-0.195327913800482
44,106,-0.097008,-0.0636274592058438
44,107,0.036062,0.185535999883271
44,108,0.129354,0.0614707526378743
44,109,-0.060325,-0.145290708462562
44,110,-0.080854,0.0780936311049983
44,111,0.093917,0.133593447415657
44,112,0.008079,-0.0598988073290911
44,113,-0.110058,0.0400533458993882
44,114,0.029837,0.170819901636361
44,115,0.063425,0.0916844722654537
44,116,-0.092646,-0.0485276324602647
44,117,-0.0441538,0.157297296958364
44,118,0.0136708,0.218075612043112
44,119,-0.0379292,0.0897082309521934
44,120,0.0510002,0.162239115498354
44,121,-0.011196,0.127204912815444
44,122,0.161675,0.0524411963784041
44,123,-0.126863,-0.142946514685815
44,124,0.048517,0.0483684702370044
44,125,0.00062100000000001,0.0222761207107124
44,126,-0.00247900000000001,-0.0566242315929055
44,127,-0.00622499999999998,0.0304378138615161
44,128,0.053496,0.00397341520676638
44,129,-0.08895,-0.00485753552365718
44,130,0.13247,0.0336089110579194
44,131,0.017425,0.0162466350440859
44,132,-0.113816,-0.132633088900447
44,133,-0.08085,0.110918161049675
44,134,0.135566,0.202028097463004
44,135,-0.101983,0.0068431199743894
44,136,-0.017417,0.0897475187649955
44,137,0.048517,0.230420821059551
44,138,-0.0845707,0.0124135305996551
44,139,0.0130625,0.168591297884707
44,140,-0.0217666,0.181204172172838
44,141,0.0515958,0.142418743719856
44,142,0.008092,0.00245847469187176
44,143,0.103225,0.0707091601914031
44,144,0.162316,-0.0921626395433722
44,145,-0.039808,-0.322961941794408
44,146,-0.145191,-0.169441451781146
44,147,-0.046342,0.0344033049738201
44,148,-0.009321,0.121798670199949
44,149,0.108829,0.0953351425569654
44,150,0.00435400000000002,0.0106622757428856
44,151,-0.091421,-0.0173620449436398
44,152,0.057217,0.11521380086038
44,153,-0.062812,0.0844762077447321
44,154,0.130595,0.134014198908674
44,155,0.043727,-0.0466519161787148
44,156,-0.133277,-0.128545384708881
44,157,-0.1567122,0.0655020642114625
44,158,0.0696542,0.305531089247202
44,159,0.046017,0.202005359003159
44,160,0.168529,0.0333714749424308
44,161,-0.142421,-0.0792743494693156
44,162,-0.046638,0.00997695758160705
44,163,0.018038,0.156419731500011
44,164,0.00870399999999999,0.0965312800318565
44,165,0.047883,0.0899888519855823
44,166,0.00745499999999999,-0.0370830796673367
44,167,-0.152342,0.00218826606444673
44,168,0.020521,0.152389037491175
44,169,-0.0503752,0.237128707507571
44,170,0.0951502,0.173494062784908
44,171,0.22885,0.0593600646400591
44,172,-0.226371,-0.251216670539389
44,173,-0.10385,0.0484143867487533
44,174,0.190912,0.251645101676801
44,175,-0.026741,-0.0367133171540347
44,176,-0.095299,-0.0778990126187133
44,177,-0.0570512,0.173682489601293
44,178,0.0012334,0.175399782255282
44,179,0.0646748,0.0965825105278617
44,180,-0.0416582,0.157640818914792
45,1,-0.010566,0.0870531502853563
45,2,0.073992,0.0913055811237608
45,3,0.00683299999999998,0.00201012211045598
45,4,0.128733,0.0181017459428167
45,5,-0.089546,-0.152555004810282
45,6,-0.077116,-0.0802728571097916
45,7,-0.00994999999999999,0.105701688132734
45,8,-0.021763,0.0868853811912331
45,9,0.029842,0.0377913582953162
45,10,-0.026729,0.0342453387406045
45,11,-0.034205,0.0737742132716292
45,12,0.00497500000000001,0.152710687866254
45,13,0.064055,0.167676862083984
45,14,-0.00312100000000001,0.0141967153186853
45,15,-0.034196,-0.00537353469400476
45,16,0.154858,0.0574986157709695
45,17,0.047259,-0.11391362678492
45,18,-0.075867,-0.18595114405005
45,19,-0.100125,-0.0414458747459709
45,20,-0.00623299999999999,0.0941362621213732
45,21,-0.00434600000000002,0.0702831339538806
45,22,0.00745800000000002,0.0593120403299275
45,23,0.026738,0.0357228347141941
45,24,-0.06903,0.027572085967655
45,25,0.008713,0.171117296082651
45,26,0.059079,0.173553787536915
45,27,-0.047887,0.0185743361718413
45,28,0.017412,0.0314507990292801
45,29,-0.037925,0.0534325146716459
45,30,0.055346,0.0654399744128128
45,31,-0.029238,0.0188849864007173
45,32,-4.000000000004e-06,0.035694326698656
45,33,-0.00495800000000002,0.0265372495400347
45,34,-0.065925,0.0494659215580186
45,35,0.062829,0.120723515845105
45,36,0.022988,0.0448169773470111
45,37,-0.00248000000000001,-0.0216306290894764
45,38,-0.049758,0.00744712684136916
45,39,0.023013,0.0990550293201443
45,40,0.027987,0.0484040336521718
45,41,0.043538,-0.000219995276873164
45,42,0.00433299999999998,-0.0587497901370438
45,43,-0.1193792,-0.0554868587495564
45,44,0.0447622,0.124430789480542
45,45,0.072771,0.0908872881487783
45,46,-0.046654,-0.0656611950666556
45,47,0.120013,-0.0113940486169357
45,48,-0.131821,-0.0758787118109528
45,49,0.004358,0.0502366189456547
45,50,0.013046,0.125405793980357
45,51,-0.016779,0.0343818032931675
45,52,0.011808,-0.00811320959469917
45,53,-0.024246,0.0544612155594547
45,54,-0.011825,0.0674381828597537
45,55,0.086438,0.0992859041943871
45,56,0.041666,0.0111160576575733
45,57,0.032963,-0.102970919326625
45,58,-0.161067,-0.0836734172238422
45,59,-0.012446,0.117937969028389
45,60,-0.00620799999999999,0.142722137767721
45,61,0.0454,0.0780431495181608
45,62,0.082713,-0.00279824801119934
45,63,-0.032334,-0.0641569085020394
45,64,-0.083967,0.0165420036730607
45,65,0.0137,0.180127869204822
45,66,0.032946,0.123050687719506
45,67,0.000613000000000002,-0.0259632893856798
45,68,-0.027975,-0.0148292990325114
45,69,0.089558,0.043485337926956
45,70,-0.053487,-0.0237064797534162
45,71,-0.091417,0.0426475835991846
45,72,0.043529,0.154158718391558
45,73,-0.0572082,0.0617938659121616
45,74,-0.00248749999999999,0.080411163873089
45,75,0.0143125,0.129218728703639
45,76,-0.01245,0.0785724015119335
45,77,0.1722622,0.0859667736974801
45,78,-0.01555,-0.0607101950355051
45,79,-0.100125,-0.108867759393194
45,80,0.062192,0.0653519933427202
45,81,-0.078363,0.0121099572615637
45,82,-0.0354453,0.00376895560684453
45,83,0.0914163,0.0965153889616515
45,84,-0.055346,-0.0350826608401074
45,85,-0.0491162,0.0214958696610744
45,86,0.0870502,0.201664195268252
45,87,0.0852,0.0389197964321258
45,88,-0.048513,-0.117407870732648
45,89,-0.045387,-0.000413889917621701
45,90,0.029225,0.0518789799178886
45,91,0.109458,0.00309639452464804
45,92,-0.056608,-0.117261150349085
45,93,0.034217,-0.072645735355374
45,94,-0.1666588,-0.0523651572805443
45,95,0.0397918,0.160294363941623
45,96,-0.0491252,0.146374007489977
45,97,0.0211422,0.102379147970977
45,98,0.143658,0.067295257665427
45,99,-0.1573377,-0.0516789359818323
45,100,0.0615587,0.127698390830907
45,101,0.205845,0.134628763578959
45,102,-0.142412,-0.198376066826728
45,103,-0.097008,-0.091050608998532
45,104,0.036062,0.166729051197073
45,105,0.129354,0.0272551481344606
45,106,-0.060325,-0.133738474643806
45,107,-0.080854,-0.00921307793076737
45,108,0.093917,0.0813656749014118
45,109,0.008079,0.0307954881651859
45,110,-0.110058,0.0123028224249739
45,111,0.029837,0.106667044741294
45,112,0.063425,0.060012058946504
45,113,-0.092646,-0.0305504639476649
45,114,-0.0441538,0.12422811352682
45,115,0.0136708,0.167696340370444
45,116,-0.0379292,0.0909648164296576
45,117,0.0510002,0.148077260368928
45,118,-0.011196,0.083361259247156
45,119,0.161675,0.0320156949770697
45,120,-0.126863,-0.0942178955195961
45,121,0.048517,0.0459600944420347
45,122,0.00062100000000001,0.0164464758707404
45,123,-0.00247900000000001,-0.0393299439929639
45,124,-0.00622499999999998,-0.0413610574686346
45,125,0.053496,-0.00246154617199729
45,126,-0.08895,-0.0697748996792933
45,127,0.13247,0.0680034888556399
45,128,0.017425,-0.0202321880306956
45,129,-0.113816,-0.12716732280329
45,130,-0.08085,0.0765741493932972
45,131,0.135566,0.198510594681657
45,132,-0.101983,-0.0315245400172668
45,133,-0.017417,0.0581851687128605
45,134,0.048517,0.148436443829934
45,135,-0.0845707,0.0435961999745388
45,136,0.0130625,0.161947452776538
45,137,-0.0217666,0.174071712018401
45,138,0.0515958,0.0788148045758139
45,139,0.008092,0.028470609293183
45,140,0.103225,0.0524743687827383
45,141,0.162316,-0.0997807552078539
45,142,-0.039808,-0.258091916002632
45,143,-0.145191,-0.176549388567563
45,144,-0.046342,0.0467769912638449
45,145,-0.009321,0.0851978534181952
45,146,0.108829,0.022732106282018
45,147,0.00435400000000002,-0.0882438305688765
45,148,-0.091421,-0.0746577340422812
45,149,0.057217,0.14822588758534
45,150,-0.062812,0.146050769854567
45,151,0.130595,0.101119484297526
45,152,0.043727,-0.0718287975585721
45,153,-0.133277,-0.160537413250608
45,154,-0.1567122,0.055451240897444
45,155,0.0696542,0.321722672060423
45,156,0.046017,0.138595852358704
45,157,0.168529,-0.00791799014241396
45,158,-0.142421,-0.148276160122592
45,159,-0.046638,0.0348171208304781
45,160,0.018038,0.221132053345793
45,161,0.00870399999999999,0.130842964023953
45,162,0.047883,-0.016616626840658
45,163,0.00745499999999999,-0.070015117794448
45,164,-0.152342,-0.0481406899705169
45,165,0.020521,0.199332868839374
45,166,-0.0503752,0.218261362139755
45,167,0.0951502,0.120679293022648
45,168,0.22885,0.0145800848691069
45,169,-0.226371,-0.240290825410325
45,170,-0.10385,0.0417688775925754
45,171,0.190912,0.315374016473165
45,172,-0.026741,-0.042648192282012
45,173,-0.095299,-0.146507039736294
45,174,-0.0570512,0.0931969527664279
45,175,0.0012334,0.135659749471601
45,176,0.0646748,0.161642088434668
45,177,-0.0416582,0.112163736913218
45,178,0.0914082,0.0290683855223394
45,179,0.149892,-0.0260917627345214
45,180,-0.149267,-0.14262211870069
46,1,-0.00994999999999999,0.0520048450880906
46,2,-0.021763,0.0798380374131305
46,3,0.029842,0.127911405946091
46,4,-0.026729,0.0725796829195212
46,5,-0.034205,0.0721398376470907
46,6,0.00497500000000001,0.115853960452836
46,7,0.064055,0.103220356494446
46,8,-0.00312100000000001,0.0303122482761067
46,9,-0.034196,0.0152313908159277
46,10,0.154858,0.0340948446681286
46,11,0.047259,-0.155405628676784
46,12,-0.075867,-0.173122042484418
46,13,-0.100125,-0.0516813278856711
46,14,-0.00623299999999999,0.0583820419496277
46,15,-0.00434600000000002,0.0915165288959368
46,16,0.00745800000000002,0.124688922496332
46,17,0.026738,0.0940585667924377
46,18,-0.06903,0.0249368022432721
46,19,0.008713,0.108085356297903
46,20,0.059079,0.110385769917858
46,21,-0.047887,0.0283707065749846
46,22,0.017412,0.0765547727542946
46,23,-0.037925,0.0227502722777062
46,24,0.055346,0.0612666099009087
46,25,-0.029238,0.00981333406290039
46,26,-4.000000000004e-06,0.0429717614578295
46,27,-0.00495800000000002,0.0365056815486937
46,28,-0.065925,0.0303075555902849
46,29,0.062829,0.120816543420611
46,30,0.022988,0.0399016915899951
46,31,-0.00248000000000001,0.000602700127190534
46,32,-0.049758,0.00937454933538083
46,33,0.023013,0.0529548391843929
46,34,0.027987,0.034454623262134
46,35,0.043538,0.0116168873757465
46,36,0.00433299999999998,-0.0408593642379229
46,37,-0.1193792,-0.0531833788212683
46,38,0.0447622,0.0958600987788994
46,39,0.072771,0.053519095561414
46,40,-0.046654,-0.0223380657447804
46,41,0.120013,0.0428661697389938
46,42,-0.131821,-0.135132507102883
46,43,0.004358,0.0463461307618869
46,44,0.013046,0.0711510743694056
46,45,-0.016779,0.0466165782407882
46,46,0.011808,0.0791420296443509
46,47,-0.024246,0.034407910163955
46,48,-0.011825,0.0544505665045762
46,49,0.086438,0.0847350915805613
46,50,0.041666,-0.0297485997128892
46,51,0.032963,-0.0650496359750831
46,52,-0.161067,-0.112598459208609
46,53,-0.012446,0.0908709966927291
46,54,-0.00620799999999999,0.116627218639735
46,55,0.0454,0.130917168418569
46,56,0.082713,0.0744341463183013
46,57,-0.032334,-0.0643976258122119
46,58,-0.083967,-0.0286758738270876
46,59,0.0137,0.0964755588309173
46,60,0.032946,0.0823783350521271
46,61,0.000613000000000002,0.0533291081660977
46,62,-0.027975,0.0288450644941337
46,63,0.089558,0.0359376137070908
46,64,-0.053487,-0.0710132331750533
46,65,-0.091417,0.0289181137796994
46,66,0.043529,0.145687657549824
46,67,-0.0572082,0.0607580616737505
46,68,-0.00248749999999999,0.135661571518629
46,69,0.0143125,0.129161421092996
46,70,-0.01245,0.0731097443834072
46,71,0.1722622,0.0873303719764602
46,72,-0.01555,-0.128887135633985
46,73,-0.100125,-0.0942867598598144
46,74,0.062192,0.0324658187065553
46,75,-0.078363,-0.0568021353271937
46,76,-0.0354453,0.0868514583098661
46,77,0.0914163,0.130959356841765
46,78,-0.055346,-0.0218198475982041
46,79,-0.0491162,0.0639964087135467
46,80,0.0870502,0.121545587452551
46,81,0.0852,0.00373019823954705
46,82,-0.048513,-0.0800910599933457
46,83,-0.045387,-0.0207489701703968
46,84,0.029225,0.0176950852713169
46,85,0.109458,-0.00934085838495612
46,86,-0.056608,-0.103336173258829
46,87,0.034217,-0.0180559926291273
46,88,-0.1666588,-0.0807704359370732
46,89,0.0397918,0.137824616063871
46,90,-0.0491252,0.122078283563286
46,91,0.0211422,0.173655384387066
46,92,0.143658,0.121532090070953
46,93,-0.1573377,-0.0923133065361388
46,94,0.0615587,0.111502562314682
46,95,0.205845,0.0368253905839565
46,96,-0.142412,-0.223176926964769
46,97,-0.097008,0.0108308924520486
46,98,0.036062,0.0842747753230523
46,99,0.129354,0.0259029267740554
46,100,-0.060325,-0.0649600060347978
46,101,-0.080854,0.0151544164001884
46,102,0.093917,0.0755155781564532
46,103,0.008079,-0.0481771829261294
46,104,-0.110058,0.00849981905820402
46,105,0.029837,0.153769280026448
46,106,0.063425,0.047057004854318
46,107,-0.092646,-0.0196226811469135
46,108,-0.0441538,0.125712634078625
46,109,0.0136708,0.146602001890904
46,110,-0.0379292,0.100127609388743
46,111,0.0510002,0.15735242089157
46,112,-0.011196,0.0743786803629611
46,113,0.161675,0.0543836728660681
46,114,-0.126863,-0.14872101671352
46,115,0.048517,0.0245183224320847
46,116,0.00062100000000001,-0.0278980723928239
46,117,-0.00247900000000001,-0.0329133404399018
46,118,-0.00622499999999998,0.006379673715688
46,119,0.053496,0.00581195421281643
46,120,-0.08895,-0.0655142624148984
46,121,0.13247,0.0749262381837184
46,122,0.017425,-0.0860476829196491
46,123,-0.113816,-0.0804856855013703
46,124,-0.08085,0.0680997745635686
46,125,0.135566,0.149270698771015
46,126,-0.101983,-0.00892675746729089
46,127,-0.017417,0.143299040862848
46,128,0.048517,0.120486768765521
46,129,-0.0845707,0.024566955612181
46,130,0.0130625,0.15372166277115
46,131,-0.0217666,0.131020633302841
46,132,0.0515958,0.115198437744445
46,133,0.008092,0.0419378851888593
46,134,0.103225,0.0137208058590469
46,135,0.162316,-0.106208700034176
46,136,-0.039808,-0.296051117079743
46,137,-0.145191,-0.201591041682291
46,138,-0.046342,0.00568015504519601
46,139,-0.009321,0.0724464309845824
46,140,0.108829,0.128983264217715
46,141,0.00435400000000002,-0.00517284174900456
46,142,-0.091421,-0.0370051560724087
46,143,0.057217,0.0703247619664506
46,144,-0.062812,0.0177070508494496
46,145,0.130595,0.132920253089664
46,146,0.043727,-0.0397296558820403
46,147,-0.133277,-0.129927973276727
46,148,-0.1567122,0.0494102660381091
46,149,0.0696542,0.233691592598498
46,150,0.046017,0.15649813463702
46,151,0.168529,0.11173049191917
46,152,-0.142421,-0.137841211352288
46,153,-0.046638,0.00870228355186993
46,154,0.018038,0.0720671365310234
46,155,0.00870399999999999,0.0828078990480045
46,156,0.047883,0.0983133365188813
46,157,0.00745499999999999,-0.00884974311277706
46,158,-0.152342,-0.0585573117346033
46,159,0.020521,0.157244346962199
46,160,-0.0503752,0.134408200552393
46,161,0.0951502,0.20316331728393
46,162,0.22885,0.0555455968535472
46,163,-0.226371,-0.259761148074111
46,164,-0.10385,0.0401337553345816
46,165,0.190912,0.16036796293582
46,166,-0.026741,-0.0692983665909627
46,167,-0.095299,0.0339869648126448
46,168,-0.0570512,0.0965308285648353
46,169,0.0012334,0.0993304152212735
46,170,0.0646748,0.14061759427423
46,171,-0.0416582,0.0907571794574527
46,172,0.0914082,0.110852747600359
46,173,0.149892,-0.0602384971027641
46,174,-0.149267,-0.230153212029896
46,175,-0.044154,0.0165109838907086
46,176,-0.029221,0.0523000558495904
46,177,0.056596,0.0803209379764389
46,178,0.032333,0.049331109993499
46,179,0.105729,-0.00849615432593409
46,180,-0.1331,-0.152793528640101
47,1,-0.00312100000000001,0.0324358287782091
47,2,-0.034196,0.0248337962226936
47,3,0.154858,0.0679152663460755
47,4,0.047259,-0.140724223826421
47,5,-0.075867,-0.18260417770132
47,6,-0.100125,-0.0182617310151027
47,7,-0.00623299999999999,0.118555156060887
47,8,-0.00434600000000002,0.122225535271175
47,9,0.00745800000000002,0.123207702685478
47,10,0.026738,0.138482537796099
47,11,-0.06903,0.0703222004648383
47,12,0.008713,0.117362315594981
47,13,0.059079,0.108070299990693
47,14,-0.047887,0.0273061389501212
47,15,0.017412,0.0928292503205342
47,16,-0.037925,0.0536699408722265
47,17,0.055346,0.087262247481915
47,18,-0.029238,0.0177786428111959
47,19,-4.000000000004e-06,0.0509968733671484
47,20,-0.00495800000000002,0.0784548013347058
47,21,-0.065925,0.046681407009351
47,22,0.062829,0.141967936086278
47,23,0.022988,0.0559153098197544
47,24,-0.00248000000000001,0.0148699405601359
47,25,-0.049758,0.0320367977272689
47,26,0.023013,0.0775905474899907
47,27,0.027987,0.058241465508235
47,28,0.043538,0.00843711249017402
47,29,0.00433299999999998,-0.0189980432598276
47,30,-0.1193792,-0.0195111862302627
47,31,0.0447622,0.13027175347492
47,32,0.072771,0.072377021738723
47,33,-0.046654,-0.022561304572957
47,34,0.120013,0.0686570641936929
47,35,-0.131821,-0.0965825667996999
47,36,0.004358,0.0691960925064239
47,37,0.013046,0.0867211441788014
47,38,-0.016779,0.053958806482123
47,39,0.011808,0.11712457615244
47,40,-0.024246,0.0538718873584554
47,41,-0.011825,0.0939582620001335
47,42,0.086438,0.0941288711760879
47,43,0.041666,-0.0314872428665309
47,44,0.032963,-0.0509957643467401
47,45,-0.161067,-0.0914001087986712
47,46,-0.012446,0.127364595143122
47,47,-0.00620799999999999,0.15339392394799
47,48,0.0454,0.13227550874062
47,49,0.082713,0.101638731834814
47,50,-0.032334,-0.0356282373845706
47,51,-0.083967,0.00179114167839542
47,52,0.0137,0.103568795215748
47,53,0.032946,0.0883720817293712
47,54,0.000613000000000002,0.0607124771886774
47,55,-0.027975,0.0532074345286327
47,56,0.089558,0.0850222470728234
47,57,-0.053487,-0.0503391506628544
47,58,-0.091417,0.0192606201558181
47,59,0.043529,0.17820429132707
47,60,-0.0572082,0.0948967477933616
47,61,-0.00248749999999999,0.147953130785788
47,62,0.0143125,0.1478561171778
47,63,-0.01245,0.104949046535051
47,64,0.1722622,0.103550853646757
47,65,-0.01555,-0.144085102859001
47,66,-0.100125,-0.0876131118416416
47,67,0.062192,0.0718270414842685
47,68,-0.078363,-0.0328758025081942
47,69,-0.0354453,0.10037242595315
47,70,0.0914163,0.160626879885896
47,71,-0.055346,0.026224738452826
47,72,-0.0491162,0.0894072861378527
47,73,0.0870502,0.130663282641865
47,74,0.0852,0.0239588650926034
47,75,-0.048513,-0.087624018058723
47,76,-0.045387,-0.0154442863452595
47,77,0.029225,0.0750355146475742
47,78,0.109458,0.011497244153528
47,79,-0.056608,-0.117000487417931
47,80,0.034217,0.0118087471819391
47,81,-0.1666588,-0.0158297184178504
47,82,0.0397918,0.162744634034034
47,83,-0.0491252,0.138509954621392
47,84,0.0211422,0.179861372145624
47,85,0.143658,0.168933731245453
47,86,-0.1573377,-0.0866778006361844
47,87,0.0615587,0.128934712463518
47,88,0.205845,0.0509808907208387
47,89,-0.142412,-0.240349517370973
47,90,-0.097008,0.0191258345300906
47,91,0.036062,0.144556778905421
47,92,0.129354,0.0820291773607548
47,93,-0.060325,-0.0896381249684717
47,94,-0.080854,0.0202772854863794
47,95,0.093917,0.175054157499131
47,96,0.008079,-0.0353075935445813
47,97,-0.110058,-0.0305972273110985
47,98,0.029837,0.185183406283893
47,99,0.063425,0.113663710222615
47,100,-0.092646,-0.0151916325418093
47,101,-0.0441538,0.117889120836637
47,102,0.0136708,0.197279437477045
47,103,-0.0379292,0.130689261638299
47,104,0.0510002,0.145648934844338
47,105,-0.011196,0.087706833801807
47,106,0.161675,0.0868574618637038
47,107,-0.126863,-0.146984538677516
47,108,0.048517,0.0193832957058053
47,109,0.00062100000000001,0.0162904438313757
47,110,-0.00247900000000001,-0.0278910528780952
47,111,-0.00622499999999998,0.03327987335589
47,112,0.053496,0.0326889795592229
47,113,-0.08895,-0.0146918909759449
47,114,0.13247,0.0865219881505476
47,115,0.017425,-0.0674245456348356
47,116,-0.113816,-0.0709452329550103
47,117,-0.08085,0.102601290939838
47,118,0.135566,0.190232664420369
47,119,-0.101983,0.0105797479638219
47,120,-0.017417,0.131746871736259
47,121,0.048517,0.178048463728946
47,122,-0.0845707,0.0593243175743051
47,123,0.0130625,0.144248143088382
47,124,-0.0217666,0.130741335797197
47,125,0.0515958,0.151617867810764
47,126,0.008092,0.0531225854189312
47,127,0.103225,0.00987224413415229
47,128,0.162316,-0.0779142974165383
47,129,-0.039808,-0.303239988210252
47,130,-0.145191,-0.18812450526575
47,131,-0.046342,0.0584522137585008
47,132,-0.009321,0.120463860142254
47,133,0.108829,0.145499754762142
47,134,0.00435400000000002,0.0199582530963973
47,135,-0.091421,0.0171820415139556
47,136,0.057217,0.114675654628193
47,137,-0.062812,0.00918779210719254
47,138,0.130595,0.117880965483996
47,139,0.043727,-0.0251842225491201
47,140,-0.133277,-0.103672012208849
47,141,-0.1567122,0.0986826644293742
47,142,0.0696542,0.264071928451681
47,143,0.046017,0.176546505616921
47,144,0.168529,0.0954254746634387
47,145,-0.142421,-0.111911398771658
47,146,-0.046638,0.0566967405633818
47,147,0.018038,0.101105324038579
47,148,0.00870399999999999,0.0496971876602021
47,149,0.047883,0.105526391925215
47,150,0.00745499999999999,0.0275074895469888
47,151,-0.152342,-0.000208672677184052
47,152,0.020521,0.17918606973409
47,153,-0.0503752,0.14032711495316
47,154,0.0951502,0.210728925490658
47,155,0.22885,0.0739746199742552
47,156,-0.226371,-0.254852632386286
47,157,-0.10385,0.0699894567396009
47,158,0.190912,0.201056365777457
47,159,-0.026741,-0.0768057679463937
47,160,-0.095299,0.0135826767975887
47,161,-0.0570512,0.153553555092062
47,162,0.0012334,0.198441606909604
47,163,0.0646748,0.130440897399793
47,164,-0.0416582,0.0445724743369962
47,165,0.0914082,0.159042556022935
47,166,0.149892,-0.0177825428473166
47,167,-0.149267,-0.254405810999424
47,168,-0.044154,0.0188499875702869
47,169,-0.029221,0.103125577642536
47,170,0.056596,0.113477646617521
47,171,0.032333,0.0559332913241181
47,172,0.105729,0.0135849271515271
47,173,-0.1331,-0.0934389584056952
47,174,0.011192,0.0386188876522111
47,175,-0.0429,0.0579487875720935
47,176,-0.024879,0.117953428864848
47,177,-0.005608,0.166315962922478
47,178,-0.00248369999999999,0.135968468283049
47,179,0.1231457,0.126540996786616
47,180,-0.037312,-0.0645253427271577
48,1,-0.075867,-0.148623676838174
48,2,-0.100125,-0.0269254642432093
48,3,-0.00623299999999999,0.125356161316211
48,4,-0.00434600000000002,0.124158250822372
48,5,0.00745800000000002,0.0773485439054302
48,6,0.026738,0.0615614075181802
48,7,-0.06903,0.0357716210934149
48,8,0.008713,0.181653964235274
48,9,0.059079,0.183673555093284
48,10,-0.047887,0.0648587025600978
48,11,0.017412,0.0732508780440632
48,12,-0.037925,0.0567148768444494
48,13,0.055346,0.110439899135278
48,14,-0.029238,0.03452339428454
48,15,-4.000000000004e-06,0.0597484051157015
48,16,-0.00495800000000002,0.0636735289307652
48,17,-0.065925,0.0593045927735774
48,18,0.062829,0.162977563305235
48,19,0.022988,0.0521788573637241
48,20,-0.00248000000000001,0.0214380792097652
48,21,-0.049758,0.0201422007186794
48,22,0.023013,0.112422617816422
48,23,0.027987,0.089891175716243
48,24,0.043538,0.0201091205048136
48,25,0.00433299999999998,-0.0284521361397355
48,26,-0.1193792,-0.036824232599551
48,27,0.0447622,0.153840677888389
48,28,0.072771,0.103880972990495
48,29,-0.046654,-0.0192804599772295
48,30,0.120013,0.0148910834487622
48,31,-0.131821,-0.088636689575065
48,32,0.004358,0.107726073194302
48,33,0.013046,0.122204206142602
48,34,-0.016779,0.0750790519820128
48,35,0.011808,0.0560331216860027
48,36,-0.024246,0.0267116266322834
48,37,-0.011825,0.119905805649622
48,38,0.086438,0.103664188643709
48,39,0.041666,0.0290256437395975
48,40,0.032963,-0.0595145048375986
48,41,-0.161067,-0.0775148581029189
48,42,-0.012446,0.154119382962172
48,43,-0.00620799999999999,0.173729085224719
48,44,0.0454,0.119336876852981
48,45,0.082713,0.0316747145375571
48,46,-0.032334,-0.0756571677170789
48,47,-0.083967,0.0463372716610214
48,48,0.0137,0.177145601266047
48,49,0.032946,0.167161396782781
48,50,0.000613000000000002,0.0314373175682285
48,51,-0.027975,0.00162788254327421
48,52,0.089558,0.0613051757819863
48,53,-0.053487,-0.0104818338274704
48,54,-0.091417,0.0675771008154378
48,55,0.043529,0.182498391747897
48,56,-0.0572082,0.093317899560784
48,57,-0.00248749999999999,0.13332045581158
48,58,0.0143125,0.12189218821218
48,59,-0.01245,0.110816929697863
48,60,0.1722622,0.116314628348301
48,61,-0.01555,-0.0774401502778426
48,62,-0.100125,-0.0518295245041305
48,63,0.062192,0.0794804300655137
48,64,-0.078363,0.0311520876122664
48,65,-0.0354453,0.0847980096202074
48,66,0.0914163,0.0912119032917672
48,67,-0.055346,-0.00541877887751399
48,68,-0.0491162,0.0600205039136133
48,69,0.0870502,0.171952065717278
48,70,0.0852,0.0821765256673701
48,71,-0.048513,-0.0763715269587447
48,72,-0.045387,-0.000145122937229632
48,73,0.029225,0.0882861145633736
48,74,0.109458,0.0398604019602364
48,75,-0.056608,-0.0976294644772764
48,76,0.034217,-0.0407894600357996
48,77,-0.1666588,-0.0398221648772225
48,78,0.0397918,0.193867235325632
48,79,-0.0491252,0.164922136824833
48,80,0.0211422,0.14228604820877
48,81,0.143658,0.106542187670799
48,82,-0.1573377,-0.0806224926653396
48,83,0.0615587,0.186260896939224
48,84,0.205845,0.106635254767705
48,85,-0.142412,-0.141654083383575
48,86,-0.097008,-0.0283284698472654
48,87,0.036062,0.134725763252413
48,88,0.129354,0.10907447942802
48,89,-0.060325,-0.111282986720944
48,90,-0.080854,-0.0179286512159903
48,91,0.093917,0.12555404773246
48,92,0.008079,0.0304400182586419
48,93,-0.110058,0.0486347999161041
48,94,0.029837,0.131807953793913
48,95,0.063425,0.0918218560636234
48,96,-0.092646,0.00499330697127578
48,97,-0.0441538,0.129165591224797
48,98,0.0136708,0.189705874277402
48,99,-0.0379292,0.14004781935762
48,100,0.0510002,0.165206924939102
48,101,-0.011196,0.0915065088761883
48,102,0.161675,0.079858498377757
48,103,-0.126863,-0.0991042325858613
48,104,0.048517,0.0771991399355748
48,105,0.00062100000000001,0.042819422330467
48,106,-0.00247900000000001,-0.00400541492592899
48,107,-0.00622499999999998,0.0127967514157523
48,108,0.053496,-0.0155047835489745
48,109,-0.08895,-0.0143691328307842
48,110,0.13247,0.069831469256047
48,111,0.017425,-0.0128615521002906
48,112,-0.113816,-0.0809595772416604
48,113,-0.08085,0.0990273948971101
48,114,0.135566,0.204541455473384
48,115,-0.101983,0.0313113881577952
48,116,-0.017417,0.078069100985867
48,117,0.048517,0.150980551309593
48,118,-0.0845707,0.0732954320612478
48,119,0.0130625,0.198404223301209
48,120,-0.0217666,0.15880667968632
48,121,0.0515958,0.155227716351956
48,122,0.008092,0.0405249213679634
48,123,0.103225,0.0562780490745449
48,124,0.162316,-0.0605474835964276
48,125,-0.039808,-0.257202122573107
48,126,-0.145191,-0.138345573764429
48,127,-0.046342,0.0661706895073471
48,128,-0.009321,0.138586473883838
48,129,0.108829,0.0777865670568724
48,130,0.00435400000000002,-0.0854593401056104
48,131,-0.091421,-0.0593753869199519
48,132,0.057217,0.144649616981019
48,133,-0.062812,0.13994489868006
48,134,0.130595,0.173545900478739
48,135,0.043727,-0.0582647811087899
48,136,-0.133277,-0.124924391591371
48,137,-0.1567122,0.0862042371974695
48,138,0.0696542,0.313129186501619
48,139,0.046017,0.210255738375323
48,140,0.168529,0.022509711466614
48,141,-0.142421,-0.156151244028886
48,142,-0.046638,0.0568861460141788
48,143,0.018038,0.222574565174806
48,144,0.00870399999999999,0.162916101730213
48,145,0.047883,0.0698413132425475
48,146,0.00745499999999999,-0.077232904990332
48,147,-0.152342,-0.00953559491009271
48,148,0.020521,0.202358589583386
48,149,-0.0503752,0.227372387482662
48,150,0.0951502,0.193347366055014
48,151,0.22885,0.0266722216495516
48,152,-0.226371,-0.245980272821695
48,153,-0.10385,0.0931781663758347
48,154,0.190912,0.284010605021727
48,155,-0.026741,0.0299144899043419
48,156,-0.095299,-0.0681774660236989
48,157,-0.0570512,0.0539924267982998
48,158,0.0012334,0.192233685661949
48,159,0.0646748,0.181995607461929
48,160,-0.0416582,0.101096403561867
48,161,0.0914082,0.096216377501315
48,162,0.149892,-0.0266454546740799
48,163,-0.149267,-0.139867825900941
48,164,-0.044154,0.0610636652157171
48,165,-0.029221,0.119293458808552
48,166,0.056596,0.121478976198476
48,167,0.032333,-0.00189862259100695
48,168,0.105729,-0.0481650726885647
48,169,-0.1331,-0.118532044972725
48,170,0.011192,0.0877483936062117
48,171,-0.0429,0.16241941751537
48,172,-0.024879,0.124881913881044
48,173,-0.005608,0.114210489099835
48,174,-0.00248369999999999,0.0766547253587279
48,175,0.1231457,0.121613746889171
48,176,-0.037312,-0.0353087253258764
48,177,-0.051629,0.0578571699606302
48,178,0.24192,0.110999564049068
48,179,0.032963,-0.17513001684363
48,180,-0.274263,-0.230334334807909
49,1,-0.100125,-0.0294580307784896
49,2,-0.00623299999999999,0.133136059029417
49,3,-0.00434600000000002,0.107783817136392
49,4,0.00745800000000002,0.0456093619915628
49,5,0.026738,0.0789629438339206
49,6,-0.06903,0.078749372308436
49,7,0.008713,0.155108197851971
49,8,0.059079,0.145298685598228
49,9,-0.047887,0.0354397945914897
49,10,0.017412,0.067590836554162
49,11,-0.037925,0.062463268784164
49,12,0.055346,0.0989500332093597
49,13,-0.029238,0.0199709741540508
49,14,-4.000000000004e-06,0.0335192711014487
49,15,-0.00495800000000002,0.0766049085187626
49,16,-0.065925,0.0540138013618276
49,17,0.062829,0.134843865911003
49,18,0.022988,0.0522635373664123
49,19,-0.00248000000000001,0.00412427738523698
49,20,-0.049758,0.0281272159268685
49,21,0.023013,0.0977804142300829
49,22,0.027987,0.0782880797320722
49,23,0.043538,-0.00628940070093963
49,24,0.00433299999999998,-0.0373504916910523
49,25,-0.1193792,-0.0184440540395044
49,26,0.0447622,0.140294557979776
49,27,0.072771,0.0871432637420111
49,28,-0.046654,-0.0489596162195777
49,29,0.120013,0.0216070273682013
49,30,-0.131821,-0.0652799946459199
49,31,0.004358,0.0867264709460902
49,32,0.013046,0.101679859798234
49,33,-0.016779,0.0383424137973746
49,34,0.011808,0.0687858565359253
49,35,-0.024246,0.0365535533076228
49,36,-0.011825,0.109224007838386
49,37,0.086438,0.10439971927659
49,38,0.041666,-0.0148420746560543
49,39,0.032963,-0.0573178467605936
49,40,-0.161067,-0.0772904324864807
49,41,-0.012446,0.138493963954804
49,42,-0.00620799999999999,0.163873050727271
49,43,0.0454,0.0840079759028333
49,44,0.082713,0.0368701375905774
49,45,-0.032334,-0.0432080206071691
49,46,-0.083967,0.0440005103557121
49,47,0.0137,0.152145945973868
49,48,0.032946,0.114513975328436
49,49,0.000613000000000002,0.019508470310219
49,50,-0.027975,0.00458194231796528
49,51,0.089558,0.0843307765326958
49,52,-0.053487,-0.00999529836202245
49,53,-0.091417,0.021161602286522
49,54,0.043529,0.168866432115714
49,55,-0.0572082,0.100232625056671
49,56,-0.00248749999999999,0.111169157243639
49,57,0.0143125,0.119345752537133
49,58,-0.01245,0.112913629354868
49,59,0.1722622,0.116169905622034
49,60,-0.01555,-0.106522772112995
49,61,-0.100125,-0.0764219486504065
49,62,0.062192,0.0902495774075353
49,63,-0.078363,0.0071171618574641
49,64,-0.0354453,0.0525883119158695
49,65,0.0914163,0.0948622769115824
49,66,-0.055346,0.0131048732023355
49,67,-0.0491162,0.0726694743530004
49,68,0.0870502,0.146261404323047
49,69,0.0852,0.0642472868184217
49,70,-0.048513,-0.0878431626468855
49,71,-0.045387,-0.0266315265489028
49,72,0.029225,0.103056558511444
49,73,0.109458,0.032000867863358
49,74,-0.056608,-0.142447821408862
49,75,0.034217,-0.0392294691763788
49,76,-0.1666588,0.00234134686329869
49,77,0.0397918,0.170041615042814
49,78,-0.0491252,0.132566077279068
49,79,0.0211422,0.120192306388673
49,80,0.143658,0.130858577981732
49,81,-0.1573377,-0.0635919537192836
49,82,0.0615587,0.14972054179935
49,83,0.205845,0.109276797985361
49,84,-0.142412,-0.197346603308032
49,85,-0.097008,-0.0384281164562657
49,86,0.036062,0.149199071529672
49,87,0.129354,0.111284806488878
49,88,-0.060325,-0.138771852544592
49,89,-0.080854,-0.0499510398520282
49,90,0.093917,0.193632914717076
49,91,0.008079,0.030330276057269
49,92,-0.110058,-0.044144231773832
49,93,0.029837,0.133763906928835
49,94,0.063425,0.129557298144335
49,95,-0.092646,-0.00807076452237657
49,96,-0.0441538,0.0834111178701399
49,97,0.0136708,0.201362637661212
49,98,-0.0379292,0.14825653895305
49,99,0.0510002,0.123565953984062
49,100,-0.011196,0.0782226368572511
49,101,0.161675,0.094855045250655
49,102,-0.126863,-0.102397981091164
49,103,0.048517,0.0283121459597595
49,104,0.00062100000000001,0.050556118373043
49,105,-0.00247900000000001,-0.0277720234026894
49,106,-0.00622499999999998,-0.00625790764291271
49,107,0.053496,-0.00112333722282027
49,108,-0.08895,-0.00939454100676423
49,109,0.13247,0.0705984072699149
49,110,0.017425,-0.0428759886912226
49,111,-0.113816,-0.0814061354586386
49,112,-0.08085,0.089565465842292
49,113,0.135566,0.202655515101524
49,114,-0.101983,0.013066802215609
49,115,-0.017417,0.0533527270371348
49,116,0.048517,0.167041253334132
49,117,-0.0845707,0.0998136182936153
49,118,0.0130625,0.147239807257413
49,119,-0.0217666,0.131199903435991
49,120,0.0515958,0.152292789890073
49,121,0.008092,0.052220998839632
49,122,0.103225,0.0159463011334201
49,123,0.162316,-0.0501325438822706
49,124,-0.039808,-0.264906847767909
49,125,-0.145191,-0.171035050287122
49,126,-0.046342,0.0716308250387567
49,127,-0.009321,0.117758736227247
49,128,0.108829,0.0564818441150707
49,129,0.00435400000000002,-0.0746356529053776
49,130,-0.091421,-0.013038909041852
49,131,0.057217,0.164609183972276
49,132,-0.062812,0.0899675243474788
49,133,0.130595,0.108736830984337
49,134,0.043727,-0.0517375880996526
49,135,-0.133277,-0.116890880346898
49,136,-0.1567122,0.102294639996725
49,137,0.0696542,0.288229109477945
49,138,0.046017,0.173258224872563
49,139,0.168529,0.00863302162253604
49,140,-0.142421,-0.137032811317554
49,141,-0.046638,0.0936068481240541
49,142,0.018038,0.200954761758815
49,143,0.00870399999999999,0.0803995948865331
49,144,0.047883,0.0339527192421822
49,145,0.00745499999999999,-0.0329315428613587
49,146,-0.152342,0.0129209903935044
49,147,0.020521,0.199427185614558
49,148,-0.0503752,0.171886044294796
49,149,0.0951502,0.170126524694999
49,150,0.22885,0.036706949984287
49,151,-0.226371,-0.23415111066705
49,152,-0.10385,0.0860564009013804
49,153,0.190912,0.276861020804131
49,154,-0.026741,-0.0329604355881821
49,155,-0.095299,-0.100358151200674
49,156,-0.0570512,0.0866243361951599
49,157,0.0012334,0.246172181691324
49,158,0.0646748,0.153077047406786
49,159,-0.0416582,0.0117585966354587
49,160,0.0914082,0.122362542900193
49,161,0.149892,0.0242386954318568
49,162,-0.149267,-0.190273421816477
49,163,-0.044154,0.0187178238534632
49,164,-0.029221,0.126272803509147
49,165,0.056596,0.102499168005107
49,166,0.032333,-0.0159221422509269
49,167,0.105729,-0.0456505833373242
49,168,-0.1331,-0.0707943103036256
49,169,0.011192,0.074797556369558
49,170,-0.0429,0.110639824375319
49,171,-0.024879,0.096892626518863
49,172,-0.005608,0.106525547382896
49,173,-0.00248369999999999,0.0966498020054878
49,174,0.1231457,0.127839109220399
49,175,-0.037312,-0.0373030611414868
49,176,-0.051629,0.0102716241410345
49,177,0.24192,0.120908828574663
49,178,0.032963,-0.194568575705832
49,179,-0.274263,-0.265250983939099
49,180,-0.0558526,0.144208469675695
50,1,0.026738,0.0884463757005657
50,2,-0.06903,0.0446253569595421
50,3,0.008713,0.151193548424168
50,4,0.059079,0.136579082289479
50,5,-0.047887,0.0215476784602724
50,6,0.017412,0.0515644278807775
50,7,-0.037925,0.0434642226919352
50,8,0.055346,0.0632915344391117
50,9,-0.029238,0.00161757148574626
50,10,-4.000000000004e-06,0.0454902648229999
50,11,-0.00495800000000002,0.0356516567306398
50,12,-0.065925,0.0315412342642995
50,13,0.062829,0.120514702894672
50,14,0.022988,0.0303645927045076
50,15,-0.00248000000000001,0.00310495585974013
50,16,-0.049758,0.0114152810406647
50,17,0.023013,0.0838499885542477
50,18,0.027987,0.031256098455897
50,19,0.043538,-0.00807753831916586
50,20,0.00433299999999998,-0.035735933802409
50,21,-0.1193792,-0.0481659934201036
50,22,0.0447622,0.107548763262796
50,23,0.072771,0.0503717324451352
50,24,-0.046654,-0.0482048223609035
50,25,0.120013,0.022660913466693
50,26,-0.131821,-0.0838115803029723
50,27,0.004358,0.0511650257497851
50,28,0.013046,0.071982828174482
50,29,-0.016779,0.0341689301304943
50,30,0.011808,0.0278238924619874
50,31,-0.024246,0.0448041545353316
50,32,-0.011825,0.086443453603623
50,33,0.086438,0.0700710587338923
50,34,0.041666,0.00588561465928075
50,35,0.032963,-0.0789637931237103
50,36,-0.161067,-0.0869866133461249
50,37,-0.012446,0.100987504333171
50,38,-0.00620799999999999,0.0960398034078862
50,39,0.0454,0.0769891781805911
50,40,0.082713,0.0427679571845947
50,41,-0.032334,-0.0373428150122565
50,42,-0.083967,0.0268129836182007
50,43,0.0137,0.12280251289589
50,44,0.032946,0.089968430458535
50,45,0.000613000000000002,-0.0116285455507868
50,46,-0.027975,0.0142739609854084
50,47,0.089558,0.0570548625925444
50,48,-0.053487,-0.0449082644813029
50,49,-0.091417,0.03368883820062
50,50,0.043529,0.144766778551149
50,51,-0.0572082,0.0459309737060535
50,52,-0.00248749999999999,0.0963808396669427
50,53,0.0143125,0.128758884698142
50,54,-0.01245,0.0966530234007439
50,55,0.1722622,0.0844538733050964
50,56,-0.01555,-0.0813141237256769
50,57,-0.100125,-0.0759892451768348
50,58,0.062192,0.0377736050008325
50,59,-0.078363,-0.0370476264653051
50,60,-0.0354453,0.0162596018385908
50,61,0.0914163,0.0944889031235346
50,62,-0.055346,-0.00653911924360704
50,63,-0.0491162,0.0430773524359427
50,64,0.0870502,0.167566546584511
50,65,0.0852,0.0337176283768326
50,66,-0.048513,-0.108071108776181
50,67,-0.045387,0.00531862018218642
50,68,0.029225,0.0420492140595324
50,69,0.109458,-0.0328694490650591
50,70,-0.056608,-0.118964082931984
50,71,0.034217,-0.0305657314868018
50,72,-0.1666588,-0.0569577503223955
50,73,0.0397918,0.129922655654766
50,74,-0.0491252,0.108806624959643
50,75,0.0211422,0.125718029002934
50,76,0.143658,0.107719818137977
50,77,-0.1573377,-0.0546717001614951
50,78,0.0615587,0.152593012927578
50,79,0.205845,0.0652850128495269
50,80,-0.142412,-0.196399873453701
50,81,-0.097008,-0.0520083228026022
50,82,0.036062,0.124538487989597
50,83,0.129354,0.0108737557453314
50,84,-0.060325,-0.138583951902803
50,85,-0.080854,0.0384173353804319
50,86,0.093917,0.103469038609993
50,87,0.008079,-0.03558647922723
50,88,-0.110058,0.00813125628758374
50,89,0.029837,0.128736357849177
50,90,0.063425,0.0575334347686477
50,91,-0.092646,-0.0391163017682312
50,92,-0.0441538,0.127426649351372
50,93,0.0136708,0.16827913588759
50,94,-0.0379292,0.0812596009481882
50,95,0.0510002,0.139827877252882
50,96,-0.011196,0.0955043706683136
50,97,0.161675,0.0577711971335287
50,98,-0.126863,-0.114204781576199
50,99,0.048517,0.0490183789966761
50,100,0.00062100000000001,-0.0129290514138616
50,101,-0.00247900000000001,-0.0589600078118679
50,102,-0.00622499999999998,-0.0240418410962547
50,103,0.053496,-0.00745008587195214
50,104,-0.08895,-0.0454168856046038
50,105,0.13247,0.0482726360050517
50,106,0.017425,-0.0339053471769894
50,107,-0.113816,-0.106367555343313
50,108,-0.08085,0.0748413133393083
50,109,0.135566,0.155953576263442
50,110,-0.101983,-0.0347227476533662
50,111,-0.017417,0.0854413655643459
50,112,0.048517,0.165858302816818
50,113,-0.0845707,0.0341482173499801
50,114,0.0130625,0.150759440998399
50,115,-0.0217666,0.149018708960519
50,116,0.0515958,0.109706210665219
50,117,0.008092,0.0182265106314236
50,118,0.103225,0.0544246786163502
50,119,0.162316,-0.0870524126608915
50,120,-0.039808,-0.268755700474088
50,121,-0.145191,-0.168502999654943
50,122,-0.046342,0.000931995854626388
50,123,-0.009321,0.0366354754351889
50,124,0.108829,0.0263822871928198
50,125,0.00435400000000002,-0.037786577386352
50,126,-0.091421,-0.0107470221654569
50,127,0.057217,0.127552584890073
50,128,-0.062812,0.0753605292885595
50,129,0.130595,0.100677912234002
50,130,0.043727,-0.0653012490257441
50,131,-0.133277,-0.11912528889856
50,132,-0.1567122,0.0554077547224275
50,133,0.0696542,0.250509046943089
50,134,0.046017,0.121268531877957
50,135,0.168529,0.0289492946614426
50,136,-0.142421,-0.0857952424279013
50,137,-0.046638,0.0586919468642046
50,138,0.018038,0.137064867793676
50,139,0.00870399999999999,0.0677815313602894
50,140,0.047883,0.0250474899969583
50,141,0.00745499999999999,-0.0389843317142981
50,142,-0.152342,-0.0144084991700872
50,143,0.020521,0.158521849984407
50,144,-0.0503752,0.168187852154227
50,145,0.0951502,0.140118825709479
50,146,0.22885,0.0366046273830364
50,147,-0.226371,-0.206925916818212
50,148,-0.10385,0.0713708772878534
50,149,0.190912,0.210708815962402
50,150,-0.026741,-0.0827621291431787
50,151,-0.095299,-0.0861086642522942
50,152,-0.0570512,0.120988600196797
50,153,0.0012334,0.13772059101575
50,154,0.0646748,0.10316820703495
50,155,-0.0416582,0.107603503199546
50,156,0.0914082,0.100386566719809
50,157,0.149892,-0.0379104151187671
50,158,-0.149267,-0.164780205292361
50,159,-0.044154,0.0191604515810231
50,160,-0.029221,0.0609110527700204
50,161,0.056596,0.0304421422516905
50,162,0.032333,-0.0216639744467976
50,163,0.105729,-0.000284014822686904
50,164,-0.1331,-0.111830267522387
50,165,0.011192,0.0576147037713673
50,166,-0.0429,0.0921666600734882
50,167,-0.024879,0.0544981732304214
50,168,-0.005608,0.086890737228836
50,169,-0.00248369999999999,0.0906082290119888
50,170,0.1231457,0.102456399851351
50,171,-0.037312,-0.0373859157221633
50,172,-0.051629,0.0401077966747996
50,173,0.24192,0.0668177660149488
50,174,0.032963,-0.220343584295682
50,175,-0.274263,-0.255279161900662
50,176,-0.0558526,0.123630931107826
50,177,0.0914956,0.163466418157466
50,178,0.14782,-0.0158770212499262
50,179,0.033587,-0.0941558736215004
50,180,-0.194662,-0.0707682199313705
