"iteration","obs_index","y_true","y_pred"
1,1,3,0.350725174441837
1,2,0,0.0758136557024805
1,3,-1,-0.306011845707086
1,4,0,0.4467786196868
1,5,-2,0.382600711488611
1,6,0,0.799154846096205
1,7,0,0.462680556875763
1,8,-3,0.59591341617458
1,9,1,1.53485526907863
1,10,0,0.227676939979293
1,11,3,1.01093466625512
1,12,-1,0.504458419871559
1,13,2,-0.10056790365113
1,14,1,-0.0092751424863392
1,15,0,-0.719332545353253
1,16,0,-0.363089063141863
1,17,-2,-0.0776187817713162
1,18,3,0.0603471744905154
1,19,-2,-0.188889521427411
1,20,-5,-0.76861465112521
1,21,3,1.19050633347766
1,22,0,0.0458030252589965
1,23,0,0.515481383709752
1,24,0,0.884877465125582
1,25,-1,0.386798698262731
1,26,0,0.919893824785246
1,27,-2,-0.242886218957166
1,28,-1,0.578264515100665
1,29,0,0.951614672297192
1,30,3,0.593134454388456
1,31,3,0.805181454560336
1,32,-1,-0.511704298517879
1,33,-3,-0.526026800817665
1,34,0,0.159981413014957
1,35,0,-0.120272071410699
1,36,1,0.570740129552416
1,37,-2,0.254986745674668
1,38,2,0.558239558543446
1,39,2,-0.0483605612654043
1,40,1,-0.781241301896758
1,41,0,-0.442846799429236
1,42,-1,-0.269331900492615
1,43,0,0.210055169846409
1,44,0,-0.0451939260137797
1,45,1,0.175804086114709
1,46,-1,0.269119909036447
1,47,0,0.276119285791742
1,48,6,0.297891206233913
1,49,-2,-0.265547101713508
1,50,-3,-1.32388932305277
1,51,-1,0.0468806826079304
1,52,4,0.748058225897773
1,53,-4,0.0449107299285161
1,54,1,0.118227138303274
1,55,-1,-0.748832512437202
1,56,1,1.09075316142649
1,57,-2,-0.824449664120314
1,58,1,0.682372436048432
1,59,1,-0.0231061288312704
1,60,-1,0.317887532912079
1,61,2,-0.274992189200411
1,62,1,0.155075579351651
1,63,6,-0.187629908497754
1,64,1,-1.09921073357942
1,65,-2,-2.28852157636104
1,66,-3,-0.854555859257519
1,67,-4,0.0365048120026908
1,68,3,0.19301685516563
1,69,0,0.344072376893579
1,70,-5,-0.727086589988354
1,71,1,2.17812945354615
1,72,-1,-0.460948166610799
1,73,2,1.31724817738504
1,74,2,0.654313902709472
1,75,-2,-0.388133716096154
1,76,1,0.405685750933
1,77,7,-0.719441736322133
1,78,-3,-0.807973985089054
1,79,3,-1.93061659923263
1,80,1,-2.35058156226661
1,81,0,-0.815673098830651
1,82,1,-1.15478436921749
1,83,1,-0.606606385356837
1,84,-4,-1.76075647086532
1,85,-5,0.198760194040921
1,86,0,-1.21716077042335
1,87,0,1.03455462461369
1,88,-1,1.40313867015566
1,89,0,2.07990779696111
1,90,-3,1.65086115080466
1,91,-1,1.82698160197583
1,92,2,0.951614672297192
1,93,3,1.00614081040811
1,94,-1,0.211711457058918
1,95,-2,-0.120653619092345
1,96,-1,0.543977412904864
1,97,3,0.285689886765525
1,98,-3,0.0512433540530889
1,99,1,-0.00476125149115317
1,100,0,-0.0233148332370376
1,101,1,0.380034537956285
1,102,-1,-0.0442162407532939
1,103,-2,0.323362777558529
1,104,2,0.417508795064023
1,105,1,0.22711529446942
1,106,0,-0.43586950292881
1,107,-1,0.260924580433857
1,108,0,0.665975653059398
1,109,0,0.40498270952554
1,110,1,0.443151412956746
1,111,-1,0.269119909036447
1,112,0,0.544856093526841
1,113,0,0.297891206233913
1,114,0,0.642262730888129
1,115,-1,0.658196873005798
1,116,2,0.813093513574085
1,117,0,0.442160754518472
1,118,1,0.0487927333867116
1,119,-2,0.292739358596636
1,120,1,0.359971411568317
1,121,1,0.131094054153164
1,122,0,0.0632272135027939
1,123,0,2.51095110801458e-05
1,124,3,0.45767885688553
1,125,5,-0.175542853985922
1,126,1,-1.52129337687268
1,127,2,-2.06994187339464
1,128,-5,-1.44612455480332
1,129,-5,-0.481599071606829
1,130,6,-0.183850408803955
1,131,8,-0.960627798375562
1,132,-13,-2.29529932809809
1,133,-1,-0.869559052147277
1,134,-1,-3.16825105232975
1,135,-1,2.30503409720709
1,136,1,1.17848172837843
1,137,2,-0.503845373689862
1,138,4,0.028823133280626
1,139,1,-1.8336164167512
1,140,-5,-3.19307061259353
1,141,0,-0.0703559066283002
1,142,0,-0.446972105937752
1,143,0,0.561253843354006
1,144,2,0.613045552075368
1,145,1,-0.016504901679479
1,146,8,0.0133390632254839
1,147,-5,-1.81885399773816
1,148,-5,-2.17184690326318
1,149,1,-2.29998137632497
1,150,1,0.500114365434967
1,151,0,0.314461777776357
1,152,-1,0.919511925639436
1,153,-1,-0.571690325618998
1,154,-1,1.03603298547142
1,155,0,-1.17416044353718
1,156,1,0.865904892728762
1,157,-1,0.969263573371107
1,158,1,0.825493412774403
1,159,-1,0.557442535726528
1,160,2,0.525326949607824
1,161,0,0.177457577388581
1,162,0,-0.0897284253363953
1,163,1,0.41446899572395
1,164,-2,0.174303915314743
1,165,-1,0.382353409605246
1,166,0,0.380297176081462
1,167,1,0.553051422129431
1,168,0,0.85312441268493
1,169,1,0.322482809027159
1,170,2,0.669986694611358
1,171,6,-0.106713984776334
1,172,7,-1.35740529590606
1,173,-10,-3.1971887884408
1,174,-4,-2.06735338143756
1,175,0,-1.81622956799445
1,176,-2,0.831515291996328
1,177,1,1.5034175817247
1,178,1,-0.177701910685006
1,179,0,0.277494153793985
1,180,-1,-0.484018806258603
1,181,0,-0.890896191873294
1,182,0,0.547098870049995
1,183,0,0.555695571841576
1,184,2,0.687768874645423
1,185,-1,0.471732756158097
1,186,-1,0.134502512955142
1,187,0,0.427249475767783
1,188,0,0.474169570525397
1,189,-1,0.694216730564683
1,190,1,0.868642515051987
1,191,2,0.46823122696783
1,192,10,0.239515193669737
1,193,5,-1.31593278275397
1,194,-13,-4.31435314599288
1,195,-3,-5.0744768552188
1,196,-1,-0.70561126197029
1,197,3,0.948760342915465
1,198,0,1.35728517194377
1,199,-2,-2.22809145836183
1,200,2,1.11980468878702
1,201,-3,-2.1135455178915
1,202,2,-0.707917885858061
1,203,-2,-0.028101596462062
1,204,3,0.121019393726641
1,205,-2,0.267178398508971
1,206,1,-0.523649322320103
1,207,-3,0.0687493296395721
1,208,3,0.616479768893998
1,209,-1,-0.400979038872012
1,210,1,-0.0459084865800582
1,211,0,-0.269669642935207
1,212,-2,0.239099153919125
1,213,1,0.298590672591721
1,214,2,0.117308757907815
1,215,-2,-0.259159602455452
1,216,3,0.218766136594546
1,217,-2,-0.599291534083995
1,218,1,-0.104463713408403
1,219,-1,-0.114079979057711
1,220,2,0.313876491360119
1,221,-4,0.0190594076300262
1,222,2,0.432505972486157
1,223,0,-0.579021584344271
1,224,2,0.27658646855089
1,225,0,-0.063444576716386
1,226,2,-0.122153281093932
1,227,-1,-0.128058452884662
1,228,-2,-0.539316284424812
1,229,-1,-0.241765341091323
1,230,-1,0.400382891522676
1,231,0,0.487570252837825
1,232,1,1.06357005473112
1,233,0,0.687839758203256
1,234,0,0.786735932892293
1,235,0,0.440007366758368
1,236,0,0.57667087168962
1,237,1,0.490103712643067
1,238,4,0.368374075515752
1,239,1,-0.35376826083231
1,240,1,-1.22034409941106
1,241,-1,-0.78050057722758
1,242,1,-0.421791726693602
1,243,1,-0.546319745028137
1,244,1,-0.48211328287466
1,245,-3,-0.966608502187495
1,246,-7,0.388686033729819
1,247,2,0.509319741245105
1,248,0,0.441271170111643
1,249,1,1.36722800356566
1,250,-1,1.61510264346156
1,251,3,0.972650731029231
1,252,3,0.503755729928265
1,253,-1,-1.17907523997857
1,254,-3,-1.13460160611554
1,255,-3,0.0770092557697523
1,256,2,0.17744019603985
1,257,4,0.268136852018537
1,258,-4,-0.426073274240282
1,259,-1,-0.133494455797382
1,260,1,-0.0387015383667026
1,261,-3,0.205109365781125
1,262,-1,0.762298910203052
1,263,-2,0.624419333930315
1,264,1,1.09138886012635
1,265,3,0.865024924197392
1,266,-2,-0.170507526052724
1,267,4,0.430277353726246
1,268,-1,-0.278711416579245
1,269,-4,-0.804640091470149
1,270,1,0.322176036169192
1,271,0,0.101374615790145
1,272,1,0.254004548919302
1,273,3,0.667094382753304
1,274,-2,-1.02906657744176
1,275,1,-0.0775971291632971
1,276,-3,-1.14033756230229
1,277,2,0.415219605090293
1,278,-2,-0.051225742182427
1,279,0,0.486174731118956
1,280,-1,0.32850482165017
1,281,-1,1.11741155006421
1,282,0,0.635634372795307
1,283,-1,0.86949989453011
1,284,1,1.08749168130815
1,285,-1,0.791127555287768
1,286,-3,0.566799462759911
1,287,2,1.18862609063256
1,288,2,0.481775613878704
1,289,0,0.240982650742618
1,290,4,0.0482361618645146
1,291,3,-0.126552398334184
1,292,-4,-1.62759752398148
1,293,-1,-1.12678301971287
1,294,-1,-0.747601668015448
1,295,1,0.155974134239766
1,296,-4,0.186164969087065
1,297,0,0.362927404931395
1,298,0,0.679775157826615
1,299,-1,0.625120681342133
1,300,2,0.888848536275565
1,301,1,0.785537078846631
1,302,-2,0.347667730159092
1,303,-2,0.36586269596538
1,304,2,0.562616972417053
1,305,1,0.346107309273509
1,306,-4,0.0446089551344598
1,307,1,0.740899969184033
1,308,3,0.475916534410349
1,309,-2,0.0141034788909048
1,310,-1,-0.0804894410213502
1,311,1,0.269593453692664
1,312,2,0.64097126449393
1,313,2,-0.344472092682922
1,314,2,-0.495389575556694
1,315,-3,-1.12380193414987
1,316,-2,-0.397468726927575
1,317,-1,-0.691885301594678
1,318,0,0.472422606640445
1,319,0,0.716103424761788
1,320,-1,1.08045504893799
1,321,0,1.03739533542346
1,322,1,0.730687543726537
1,323,0,0.502861603633652
1,324,-2,0.419531454598179
1,325,0,0.898803293142516
1,326,-2,0.57667087168962
1,327,2,1.14897902634362
1,328,-2,0.553258757474276
1,329,1,0.813764350052839
1,330,0,0.685920836729027
1,331,-1,0.555756330725571
1,332,-1,0.882427811297336
1,333,3,0.674572354850978
1,334,0,0.172075805353211
1,335,0,-0.276439844067461
1,336,3,0.139284332069592
1,337,-2,-0.0713042048122072
1,338,-1,-0.521325908783357
1,339,0,-0.0885190189700462
1,340,-3,-0.0504822254380692
1,341,1,1.17409864670378
1,342,2,0.058137623687535
1,343,1,0.315752895561626
1,344,0,0.158042698426119
1,345,0,-0.384052036190796
1,346,0,0.313413850488754
1,347,0,0.0673502328710503
1,348,0,0.265015394873407
1,349,0,0.252328387440655
1,350,1,0.632219873167521
1,351,0,0.212181426665483
1,352,1,0.251438294235447
1,353,0,0.302782216317243
1,354,-3,0.0833451338727154
1,355,0,0.765872610860546
1,356,0,0.35158255391996
1,357,1,1.02451176689308
1,358,0,0.872653556603947
1,359,-1,0.677786775808811
1,360,-1,0.943017970505612
1,361,2,0.615428351571729
2,1,3,1.10350775389048
2,2,-1,0.464122466720556
2,3,2,-0.113122437803712
2,4,1,-0.115089441108439
2,5,0,-0.77607195527042
2,6,0,-0.356718989622573
2,7,-2,-0.334118709649723
2,8,3,-0.251940753191277
2,9,-2,-0.0508251022929411
2,10,-5,-0.920466131730223
2,11,3,1.29254589855684
2,12,0,0.557563319597289
2,13,0,0.500076784213056
2,14,0,0.726067143369282
2,15,-1,0.125957409119081
2,16,0,0.732618263384011
2,17,-2,-0.430251690141127
2,18,-1,0.305915373251221
2,19,0,1.01908396687955
2,20,3,0.465867169126038
2,21,3,0.77529556819482
2,22,-1,-0.391299729572582
2,23,-3,-0.5541980684406
2,24,0,0.0584431276336183
2,25,0,-0.0317076431001977
2,26,1,0.323639794338062
2,27,-2,-0.0305002372202895
2,28,2,0.590528439465944
2,29,2,-0.076001311733966
2,30,1,-0.878215658736118
2,31,0,-0.455631318755787
2,32,-1,-0.240457710852056
2,33,0,-0.0282794860172771
2,34,0,-0.190778178584573
2,35,1,-0.10585641387438
2,36,-1,0.00938768421942193
2,37,0,0.31488760290359
2,38,6,0.183019689849045
2,39,-2,0.106596044400199
2,40,-3,-1.51505237188938
2,41,-1,0.0843738441933516
2,42,4,0.72708140807611
2,43,-4,0.204720989404583
2,44,1,0.0791274711343022
2,45,-1,-0.651451168823553
2,46,1,1.00264521385511
2,47,-2,-1.10367636715307
2,48,1,0.76467272055264
2,49,1,-0.0978842869895664
2,50,-1,0.362844657424535
2,51,2,-0.30961592238877
2,52,1,0.0518988738599084
2,53,6,-0.200189174832702
2,54,1,-0.489075796458578
2,55,-2,-2.53974585500111
2,56,-3,-0.857223757225507
2,57,-4,-0.155124245871354
2,58,3,0.255100764486669
2,59,0,0.747662623834094
2,60,-5,-0.966311161760673
2,61,1,2.12460366749809
2,62,-1,-0.19236043742123
2,63,2,1.41028015462306
2,64,2,0.583184585987095
2,65,-2,-0.452134826329066
2,66,1,0.462604170606929
2,67,7,-0.798276877617724
2,68,-3,-0.205610844084951
2,69,3,-2.19271178449019
2,70,1,-2.09281256801861
2,71,0,-1.12355156504428
2,72,1,-1.23511400864125
2,73,1,-0.915899757547813
2,74,-4,-2.03058743726963
2,75,-5,0.237912197984298
2,76,0,-1.22349380419449
2,77,0,1.44986116487989
2,78,-1,1.18707116165939
2,79,0,2.00281531563057
2,80,-3,1.67125739620947
2,81,-1,1.71191858813972
2,82,2,1.14346466684934
2,83,3,0.939887932872029
2,84,-1,0.39967265519229
2,85,-2,-0.119374195607102
2,86,-1,0.481734448299989
2,87,3,0.285590508178569
2,88,-3,0.062728904700224
2,89,1,-0.0568061611130035
2,90,0,0.0729399506236569
2,91,1,0.408675309700145
2,92,-1,-0.334481993118479
2,93,-2,0.384043407558514
2,94,2,0.272370735607846
2,95,1,0.232325190730781
2,96,0,-0.509775201998868
2,97,-1,0.330106488882411
2,98,0,0.476656902425834
2,99,0,0.301350835851426
2,100,1,0.208737340984106
2,101,-1,0.00938768421942193
2,102,0,0.621044937421331
2,103,0,0.183019689849045
2,104,0,0.42990491865326
2,105,-1,0.45167596930041
2,106,2,0.622393383782122
2,107,0,0.350883119077295
2,108,1,0.05428200565073
2,109,-2,0.0769837547597707
2,110,1,0.418921194424114
2,111,1,0.137918966183992
2,112,0,0.0828202433025078
2,113,0,0.00957563557043828
2,114,3,0.250827048143178
2,115,5,-0.295503912376139
2,116,1,-1.16719755478254
2,117,2,-2.26985847022291
2,118,-5,-1.49165264947475
2,119,-5,-0.706008588430335
2,120,6,0.15097813385202
2,121,8,-0.114670608233444
2,122,-13,-2.04743834888614
2,123,-1,-1.05906799690904
2,124,-1,-1.98990075744141
2,125,-1,2.06366071809362
2,126,1,1.08513142994885
2,127,2,-0.803752038665053
2,128,4,-0.099751302025223
2,129,1,-1.70792997493427
2,130,-5,-3.57364596211977
2,131,0,-0.027127437467626
2,132,0,-0.3009053642456
2,133,0,0.295931645237424
2,134,2,0.372509560253419
2,135,1,-0.335374710633844
2,136,8,0.0166165330878889
2,137,-5,-1.30941247595165
2,138,-5,-2.47004174533518
2,139,1,-1.81055247670171
2,140,1,0.681489919313311
2,141,0,0.281700905210748
2,142,-1,1.03963619513468
2,143,-1,-1.04365429057738
2,144,-1,0.989094194317983
2,145,0,-1.52529660993476
2,146,1,0.795031545137798
2,147,-1,0.789020822163504
2,148,1,0.925966281092205
2,149,-1,0.484514747753284
2,150,2,0.590210909418999
2,151,0,0.0677328260535726
2,152,0,-0.0936471775071159
2,153,1,0.204678284982273
2,154,-2,-0.064693670594685
2,155,-1,0.434755146617778
2,156,0,0.406115400636108
2,157,1,0.424706832728133
2,158,0,0.656925591199323
2,159,1,0.369082162742961
2,160,2,0.483166301392493
2,161,6,-0.0797673709241602
2,162,7,-0.796048967042495
2,163,-10,-2.86151833154236
2,164,-4,-2.31070526193879
2,165,0,-0.988230949241138
2,166,-2,0.858877698722756
2,167,1,1.28033854398296
2,168,1,-0.31871903747321
2,169,0,0.17534515505583
2,170,-1,-0.557496107210756
2,171,0,-1.30143026822774
2,172,0,0.458342996364454
2,173,0,0.331769594593106
2,174,2,0.485635876204438
2,175,-1,0.260462326011532
2,176,-1,0.153953727422691
2,177,0,0.342784238920748
2,178,0,0.372396528561177
2,179,-1,0.479698777750952
2,180,1,0.681250220234996
2,181,2,0.354935961858366
2,182,10,0.287136688101282
2,183,5,-0.763325050985336
2,184,-13,-4.31401912979878
2,185,-3,-4.95953504489205
2,186,-1,0.439043671038042
2,187,3,0.82322770071809
2,188,0,1.43273811769473
2,189,-2,-2.65171844697753
2,190,2,0.882795521680186
2,191,-3,-2.42276279406718
2,192,2,-0.84831328000716
2,193,-2,0.101263746777487
2,194,3,0.068639449016263
2,195,-2,0.459949083888514
2,196,1,-0.621706329065401
2,197,-3,0.063137960740115
2,198,3,0.679644132710936
2,199,-1,-0.190287587129256
2,200,1,-0.0841664522530327
2,201,0,-0.466144831640002
2,202,-2,0.289690266489805
2,203,1,0.032767645355363
2,204,2,0.11989231218877
2,205,-2,-0.314028013165149
2,206,3,0.2483068684914
2,207,-2,-0.498017810560353
2,208,1,-0.145231287646029
2,209,-1,-0.114397298837398
2,210,2,0.356335258457876
2,211,-4,-0.132891652551096
2,212,2,0.463898224294032
2,213,0,-0.433420380017338
2,214,2,0.279508639321717
2,215,0,-0.342270148633677
2,216,2,-0.112607008602475
2,217,-1,-0.403008833877175
2,218,-2,-0.578921213528056
2,219,-1,-0.430296734355005
2,220,-1,0.412367158439498
2,221,0,0.329997794434613
2,222,1,1.0108805421037
2,223,0,0.448294146909304
2,224,0,0.887344097574675
2,225,0,0.215631150392282
2,226,0,0.367922203298691
2,227,1,0.269786879238537
2,228,4,0.142092349016035
2,229,1,-0.0209105344712863
2,230,1,-1.34366497559216
2,231,-1,-0.781205063260905
2,232,1,-0.605510712815787
2,233,1,-0.728399652091727
2,234,1,-0.505251393392088
2,235,-3,-1.08618765494394
2,236,-7,0.454417499039949
2,237,2,0.612166230063953
2,238,0,1.06726646799385
2,239,1,1.43001467549574
2,240,-1,1.5162625230611
2,241,3,1.09733999966367
2,242,3,0.59007735074167
2,243,-1,-1.13011176897682
2,244,-3,-1.24695156148127
2,245,-3,-0.0306292190713536
2,246,2,0.270130587370651
2,247,4,0.373473019994374
2,248,-4,-0.194621770520517
2,249,-1,-0.20991926330635
2,250,1,0.209876794109835
2,251,-3,-0.155193411032933
2,252,-1,0.825899831102317
2,253,-2,0.779695570643397
2,254,1,0.952964341176816
2,255,3,0.904451000292036
2,256,-2,-0.0395192821054167
2,257,4,0.464296740345814
2,258,-1,0.0523141431205614
2,259,-4,-0.921906117929045
2,260,1,0.227487057348865
2,261,0,0.164993571419328
2,262,1,0.213255661146839
2,263,3,0.472529139985988
2,264,-2,-1.00789466248299
2,265,1,-0.0904335071949882
2,266,-3,-1.26455225155019
2,267,2,0.454732158389853
2,268,-2,0.0613667414199728
2,269,0,0.51061928796811
2,270,-1,0.311062608937629
2,271,-1,0.942629462611568
2,272,0,0.519390127737094
2,273,-1,0.80409452249298
2,274,1,0.88680828826305
2,275,-1,0.728386553169727
2,276,-3,0.622934825476158
2,277,2,1.15602942580825
2,278,2,0.6367303048226
2,279,0,0.248932252482653
2,280,4,0.0788642758496724
2,281,3,-0.0363292174042975
2,282,-4,-1.62897018407793
2,283,-1,-1.21735522199966
2,284,-1,-0.757303252457429
2,285,1,-0.0353556143940572
2,286,-4,0.0328138013130647
2,287,0,0.324853429445247
2,288,0,0.941109625961087
2,289,-1,0.346502236112769
2,290,2,0.669715261186078
2,291,1,0.732787253911406
2,292,-2,0.384756582960199
2,293,-2,0.43756636616957
2,294,2,0.607048325369918
2,295,1,0.349420345886295
2,296,-4,0.0383640498804887
2,297,1,0.819122643043072
2,298,3,0.773903081660937
2,299,-2,0.163183102995318
2,300,-1,-0.101070668601493
2,301,1,0.290603513449721
2,302,2,0.549004824259314
2,303,2,-0.372283455049795
2,304,2,-0.512280156268538
2,305,-3,-1.23209170754086
2,306,-2,-0.413537676888161
2,307,-1,-0.659909347807425
2,308,0,0.46841277534058
2,309,0,0.592214364731572
2,310,-1,0.885890408301477
2,311,0,0.832652559416795
2,312,1,0.648059072934641
2,313,0,0.267014490679861
2,314,-2,0.484287429843647
2,315,0,0.722065105554083
2,316,-2,0.616683603238272
2,317,2,0.963125691418734
2,318,-2,0.592977491952833
2,319,1,0.876590169893414
2,320,0,0.753698751979226
2,321,-1,0.622634418611219
2,322,-1,0.699276874230217
2,323,3,0.598844900594067
2,324,0,0.18734442627835
2,325,0,-0.319992460991009
2,326,3,-0.0955419510819819
2,327,-2,-0.162172690565089
2,328,-1,-0.588499620084474
2,329,0,-0.0869467909000295
2,330,-3,-0.253665102254101
2,331,1,0.989559018679388
2,332,2,0.152728683759853
2,333,1,0.308003530433474
2,334,0,0.191297154391683
2,335,0,-0.390858875703637
2,336,0,0.0900904909782205
2,337,0,-0.192126624945364
2,338,0,0.0237223720205372
2,339,0,-0.0108469687159217
2,340,1,0.426779039751564
2,341,0,-0.0410327318927071
2,342,1,0.302398339781774
2,343,0,0.0801096336614657
2,344,-3,0.1205092497199
2,345,0,0.569735221654558
2,346,0,0.494999795990064
2,347,1,0.824831786129243
2,348,0,0.687759619201655
2,349,-1,0.773374821320857
2,350,-1,0.772515268741525
2,351,2,0.530925086786012
2,352,0,0.255873673918837
2,353,2,0.113138842103604
2,354,0,0.0723214781462682
2,355,-1,-0.214486729314558
2,356,-2,0.0274514715339017
2,357,1,0.264625926632669
2,358,-2,0.0703228956436431
2,359,2,0.931561734805845
2,360,0,0.0672358477350643
2,361,0,0.49442445918748
3,1,2,-0.0859788647941565
3,2,1,-0.0634632100389237
3,3,0,-0.721053502743538
3,4,0,-0.318600804453607
3,5,-2,-0.297202958117844
3,6,3,-0.245183797365122
3,7,-2,-0.153482524935596
3,8,-5,-0.911967290131834
3,9,3,1.25558061958209
3,10,0,0.439599095554613
3,11,0,0.532321795869435
3,12,0,0.748912233079794
3,13,-1,0.15315588093571
3,14,0,0.751775871838374
3,15,-2,-0.406419771193451
3,16,-1,0.3080594259806
3,17,0,1.02742806501814
3,18,3,0.484720812526153
3,19,3,0.673083478928577
3,20,-1,-0.482878075843394
3,21,-3,-0.525365832867594
3,22,0,0.0590188394573619
3,23,0,-0.0054414385052689
3,24,1,0.354296106430854
3,25,-2,0.00170782083915069
3,26,2,0.594243553539807
3,27,2,-0.0362699149714375
3,28,1,-0.822070101279624
3,29,0,-0.407923491481594
3,30,-1,-0.200509891076908
3,31,0,-0.0029546037381365
3,32,0,-0.158859619952499
3,33,1,-0.0760391460105907
3,34,-1,0.0479169622803766
3,35,0,0.3351590015995
3,36,6,0.207537625012832
3,37,-2,0.0114648545913687
3,38,-3,-1.4926667412095
3,39,-1,0.0773946323220024
3,40,4,0.739155592509469
3,41,-4,0.103083834978501
3,42,1,0.0685862454068584
3,43,-1,-0.640421114861003
3,44,1,1.02780684806598
3,45,-2,-1.0809588196684
3,46,1,0.776188843952386
3,47,1,-0.0737219979242747
3,48,-1,0.409220678748587
3,49,2,-0.295651520325501
3,50,1,0.103069950205239
3,51,6,-0.150333233404504
3,52,1,-0.579440656450136
3,53,-2,-2.47674266921343
3,54,-3,-0.835570272130184
3,55,-4,-0.15579873250336
3,56,3,0.231425967373549
3,57,0,0.630902030052807
3,58,-5,-0.952059029087493
3,59,1,2.08762747772706
3,60,-1,-0.1827249664881
3,61,2,1.42941000505951
3,62,2,0.624852365524933
3,63,-2,-0.399218415055522
3,64,1,0.474629237279685
3,65,7,-0.763282840943637
3,66,-3,-0.29378209967835
3,67,3,-2.17839025789469
3,68,1,-2.19360912702853
3,69,0,-1.06922629826076
3,70,1,-1.19768406642415
3,71,1,-0.868353497103033
3,72,-4,-1.99409306380456
3,73,-5,0.230814213263991
3,74,0,-1.28204771658861
3,75,0,1.45800519527057
3,76,-1,1.20141854454667
3,77,0,2.00772248018397
3,78,-3,1.6908903092979
3,79,-1,1.7038324090474
3,80,2,1.14745220841709
3,81,3,0.985303578769626
3,82,-1,0.301963137587677
3,83,-2,-0.0945153640891633
3,84,-1,0.489377908553095
3,85,3,0.302979384377453
3,86,-3,-0.0376281143551837
3,87,1,-0.0584337122603663
3,88,0,0.0957786449555684
3,89,1,0.44263895550499
3,90,-1,-0.299593259590743
3,91,-2,0.408519180567818
3,92,2,0.271299513063686
3,93,1,0.279230690993579
3,94,0,-0.46841779147086
3,95,-1,0.362516027740201
3,96,0,0.498420271865698
3,97,0,0.330711398316662
3,98,1,0.240810307018781
3,99,-1,0.0479169622803766
3,100,0,0.643555585774099
3,101,0,0.207537625012832
3,102,0,0.46179576710617
3,103,-1,0.481327566505858
3,104,2,0.641186974605758
3,105,0,0.399723807081706
3,106,1,0.0906754257652705
3,107,-2,0.119138757402087
3,108,1,0.434181976765754
3,109,1,0.173964233329218
3,110,0,0.130886016638516
3,111,0,0.0401857204300328
3,112,3,0.28326641514949
3,113,5,-0.392098334228907
3,114,1,-1.252838509629
3,115,2,-2.21038292151929
3,116,-5,-1.42199413524078
3,117,-5,-0.713587014839914
3,118,6,0.113549584830718
3,119,8,-0.233720146491925
3,120,-13,-2.14993187874779
3,121,-1,-1.17009225522058
3,122,-1,-2.02442940684038
3,123,-1,2.07713914733628
3,124,1,1.08042198958304
3,125,2,-0.781249888298721
3,126,4,-0.0698635257440885
3,127,1,-1.81158220139743
3,128,-5,-3.5333251898847
3,129,0,-0.0410189961876217
3,130,0,-0.279606367796803
3,131,0,0.32928345275037
3,132,2,0.393874921567216
3,133,1,-0.291866574368816
3,134,8,0.0601221040180457
3,135,-5,-1.40603770345383
3,136,-5,-2.47130630622316
3,137,1,-1.84213489594103
3,138,1,0.707893718431945
3,139,0,0.319376416086448
3,140,-1,1.06400680810678
3,141,-1,-1.04672569356981
3,142,-1,1.00394187373291
3,143,0,-1.52543858006557
3,144,1,0.818911069117775
3,145,-1,0.827111283657296
3,146,1,0.945690296931361
3,147,-1,0.521765812558612
3,148,2,0.614274682446111
3,149,0,0.117120895324131
3,150,0,-0.055517377849211
3,151,1,0.235699908598196
3,152,-2,-0.018517546917388
3,153,-1,0.448232921884645
3,154,0,0.418890393056111
3,155,1,0.448980663713224
3,156,0,0.694969425161706
3,157,1,0.398339806993363
3,158,2,0.524134423726952
3,159,6,-0.0200664363061669
3,160,7,-0.883617806767264
3,161,-10,-2.93717343474691
3,162,-4,-2.3659095695634
3,163,0,-1.02641928637906
3,164,-2,0.87832137267807
3,165,1,1.27080193798621
3,166,1,-0.30601008136733
3,167,0,0.193615355856263
3,168,-1,-0.539434821601647
3,169,0,-1.29461003115921
3,170,0,0.486653305859443
3,171,0,0.363203061586072
3,172,2,0.514876719481349
3,173,-1,0.313248816658247
3,174,-1,0.179168278266685
3,175,0,0.359641552554265
3,176,0,0.402077953915148
3,177,-1,0.509395865200553
3,178,1,0.698536176628441
3,179,2,0.388926565766715
3,180,10,0.343685726521282
3,181,5,-0.856330526809109
3,182,-13,-4.38219139076453
3,183,-3,-5.04080487772158
3,184,-1,0.394876866959694
3,185,3,0.836670521992024
3,186,0,1.30737403914516
3,187,-2,-2.64077807892641
3,188,2,0.868596599390439
3,189,-3,-2.39431976018329
3,190,2,-0.8540027602419
3,191,-2,0.141664576315439
3,192,3,0.0776174424302969
3,193,-2,0.351352043085749
3,194,1,-0.609168782221354
3,195,-3,0.0933637901394185
3,196,3,0.683727135230535
3,197,-1,-0.30554350861455
3,198,1,-0.0570684173263794
3,199,0,-0.438615280898038
3,200,-2,0.327720678588329
3,201,1,0.0360392488786936
3,202,2,0.156487187335904
3,203,-2,-0.261944880842767
3,204,3,0.259966780246175
3,205,-2,-0.605426830586795
3,206,1,-0.126572225774121
3,207,-1,-0.0793577751003696
3,208,2,0.383506526887334
3,209,-4,-0.0870849070662508
3,210,2,0.456080237245392
3,211,0,-0.404126861815258
3,212,2,0.316771284273245
3,213,0,-0.298029905867066
3,214,2,-0.073836572615606
3,215,-1,-0.349875753205261
3,216,-2,-0.547493898615131
3,217,-1,-0.427377995563668
3,218,-1,0.427426892351118
3,219,0,0.338294481804609
3,220,1,1.03220217868324
3,221,0,0.480199908563397
3,222,0,0.917972747327051
3,223,0,0.243455389156663
3,224,0,0.400178315435984
3,225,1,0.301585609915885
3,226,4,0.185024458719776
3,227,1,-0.112827538455085
3,228,1,-1.28913159994513
3,229,-1,-0.728389711651761
3,230,1,-0.571306261908831
3,231,1,-0.682471190879848
3,232,1,-0.453851606276322
3,233,-3,-1.04575820095757
3,234,-7,0.457631276722561
3,235,2,0.545881008529984
3,236,0,1.0914299129205
3,237,1,1.45562787084997
3,238,-1,1.54302346500298
3,239,3,1.11907565892437
3,240,3,0.488076008990807
3,241,-1,-1.21502110700601
3,242,-3,-1.21914265352714
3,243,-3,-0.029824762134437
3,244,2,0.258885644402224
3,245,4,0.414147928284503
3,246,-4,-0.297344466722494
3,247,-1,-0.226844844417793
3,248,1,0.210420475077234
3,249,-3,-0.116984364456859
3,250,-1,0.82225917986618
3,251,-2,0.780789161052206
3,252,1,0.945025498047099
3,253,3,0.92875583894227
3,254,-2,-0.144821953852902
3,255,4,0.474641551526194
3,256,-1,-0.0502511139077835
3,257,-4,-0.887262641067616
3,258,1,0.211217488578426
3,259,0,0.197261718144144
3,260,1,0.240605128504305
3,261,3,0.508745722683102
3,262,-2,-1.11375063774396
3,263,1,-0.0743334221720238
3,264,-3,-1.23188958230852
3,265,2,0.460686921736772
3,266,-2,0.102634569059151
3,267,0,0.523880041377144
3,268,-1,0.323925957084587
3,269,-1,0.961607288986328
3,270,0,0.525647158476273
3,271,-1,0.828660173046075
3,272,1,0.899326040562924
3,273,-1,0.76312522081877
3,274,-3,0.641561962404266
3,275,2,1.1460070782922
3,276,2,0.6775894965026
3,277,0,0.304668033511504
3,278,4,0.111419829798251
3,279,3,-0.130089243515399
3,280,-4,-1.70953146661449
3,281,-1,-1.21644186748777
3,282,-1,-0.744899012010204
3,283,1,-0.0161401629912932
3,284,-4,0.0646260642112804
3,285,0,0.299341176780107
3,286,0,0.94516986116016
3,287,-1,0.366971295404874
3,288,2,0.67626332666547
3,289,1,0.778705928118251
3,290,-2,0.43013613986283
3,291,-2,0.449445526517938
3,292,2,0.610244200725128
3,293,1,0.396142591280073
3,294,-4,0.08333182433373
3,295,1,0.802049698940012
3,296,3,0.800688991685587
3,297,-2,0.0679764397792663
3,298,-1,-0.0897221232158738
3,299,1,0.300438955700229
3,300,2,0.58986501011743
3,301,2,-0.317838176236295
3,302,2,-0.453118087079218
3,303,-3,-1.17428924726171
3,304,-2,-0.404057346587793
3,305,-1,-0.66075350765823
3,306,0,0.483563489740508
3,307,0,0.611279165852972
3,308,-1,0.90721239734048
3,309,0,0.841195819803702
3,310,1,0.66988249336038
3,311,0,0.305423589917234
3,312,-2,0.51724533064969
3,313,0,0.729679827107173
3,314,-2,0.640226602233884
3,315,2,0.969826630734039
3,316,-2,0.634446354526021
3,317,1,0.88679005543151
3,318,0,0.78371450992454
3,319,-1,0.657923688440286
3,320,-1,0.716013222621754
3,321,3,0.615018314390227
3,322,0,0.0832251031427181
3,323,0,-0.282813526743969
3,324,3,-0.0672158212956065
3,325,-2,-0.253694602715981
3,326,-1,-0.56938529472198
3,327,0,-0.0715227739861315
3,328,-3,-0.227352702496093
3,329,1,0.983526826762546
3,330,2,0.175143983108384
3,331,1,0.356341895047561
3,332,0,0.234163333455926
3,333,0,-0.359226440726062
3,334,0,0.125269754200334
3,335,0,-0.156491008784159
3,336,0,0.0568001007813053
3,337,0,0.0182853098620044
3,338,1,0.457527517458667
3,339,0,-0.000979370887532305
3,340,1,0.337503374059717
3,341,0,0.12340700704959
3,342,-3,0.157761417469744
3,343,0,0.567906316193211
3,344,0,0.515465236498254
3,345,1,0.853616228628314
3,346,0,0.724250328489694
3,347,-1,0.80532909668806
3,348,-1,0.790805879094661
3,349,2,0.547920008439244
3,350,0,0.305399351209111
3,351,2,0.148024627787953
3,352,0,0.124970360773268
3,353,-1,-0.17448403154208
3,354,-2,0.0501263486370426
3,355,1,0.273502846886292
3,356,-2,0.102742438207508
3,357,2,0.940700842333263
3,358,0,0.103524773194645
3,359,0,0.529220245065627
3,360,-1,0.22943803558086
3,361,-1,0.437644968968594
4,1,2,-0.0432847830872685
4,2,1,-0.900641071088238
4,3,0,-0.428498333218002
4,4,-1,-0.236892485083168
4,5,0,-0.00931174827448655
4,6,0,-0.17791975626764
4,7,1,-0.105340340186538
4,8,-1,0.0278700292603866
4,9,0,0.319499200544033
4,10,6,0.207794550621331
4,11,-2,0.13533924675593
4,12,-3,-1.54654763318285
4,13,-1,0.1100045165643
4,14,4,0.750962159230897
4,15,-4,0.253742740811799
4,16,1,0.0545732522433817
4,17,-1,-0.648104148321905
4,18,1,1.01477118329772
4,19,-2,-1.12095182392374
4,20,1,0.75760291778357
4,21,1,-0.069530684757726
4,22,-1,0.378256100299095
4,23,2,-0.322174174573266
4,24,1,0.0836181022670074
4,25,6,-0.181787366666281
4,26,1,-0.461923387320758
4,27,-2,-2.58849880032705
4,28,-3,-0.850202790730236
4,29,-4,-0.1665168630096
4,30,3,0.253845454344775
4,31,0,0.796002176809165
4,32,-5,-1.03770763964272
4,33,1,2.18574640185859
4,34,-1,-0.208473704469654
4,35,2,1.4526795106815
4,36,2,0.645307570118775
4,37,-2,-0.46528711173479
4,38,1,0.503508473006294
4,39,7,-0.807318797199734
4,40,-3,-0.188314596134057
4,41,3,-2.24515802796659
4,42,1,-2.07610585005509
4,43,0,-1.15352946508778
4,44,1,-1.22761658173605
4,45,1,-0.94914615470257
4,46,-4,-2.09483612607669
4,47,-5,0.227812826433658
4,48,0,-1.33051901867849
4,49,0,1.50710707376608
4,50,-1,1.20918668423599
4,51,0,2.06951311904973
4,52,-3,1.73969491884593
4,53,-1,1.7638646580045
4,54,2,1.19837877777482
4,55,3,0.986548790123522
4,56,-1,0.447752390235324
4,57,-2,-0.109347316607979
4,58,-1,0.514749172416887
4,59,3,0.305880238252904
4,60,-3,0.0966791473539022
4,61,1,-0.0807466007516897
4,62,0,0.109780668485091
4,63,1,0.407565763460926
4,64,-1,-0.313082279340143
4,65,-2,0.383473860619944
4,66,2,0.286883356353532
4,67,1,0.268625955157429
4,68,0,-0.521629133565411
4,69,-1,0.36270484655945
4,70,0,0.496999608352571
4,71,0,0.338631039090056
4,72,1,0.225105291357429
4,73,-1,0.0278700292603866
4,74,0,0.642777328282284
4,75,0,0.207794550621331
4,76,0,0.452628054025588
4,77,-1,0.487235499411986
4,78,2,0.644851833063322
4,79,0,0.399543959591524
4,80,1,0.0670588020336296
4,81,-2,0.115933182640576
4,82,1,0.422191934162494
4,83,1,0.185915950611974
4,84,0,0.0902561375930503
4,85,0,0.0294324746232664
4,86,3,0.269694705916204
4,87,5,-0.274285835671693
4,88,1,-1.16796200369248
4,89,2,-2.29567949619344
4,90,-5,-1.48966328562875
4,91,-5,-0.746285743904526
4,92,6,0.162906408945864
4,93,8,-0.120616301164344
4,94,-13,-2.10364769858684
4,95,-1,-1.15602435701996
4,96,-1,-1.96208397759334
4,97,-1,2.09527593766555
4,98,1,1.15722851269488
4,99,2,-0.858041944684634
4,100,4,-0.0921102311385509
4,101,1,-1.76052595934713
4,102,-5,-3.70137159194263
4,103,0,-0.0335020378332378
4,104,0,-0.278538028079899
4,105,0,0.301943954886661
4,106,2,0.398698668019561
4,107,1,-0.345831480873204
4,108,8,0.0450646763560687
4,109,-5,-1.33337270670678
4,110,-5,-2.55430083804288
4,111,1,-1.78366323028566
4,112,1,0.707102664322072
4,113,0,0.313019752724202
4,114,-1,1.07734562793514
4,115,-1,-1.1155077182252
4,116,-1,1.04355080310978
4,117,0,-1.61884729671561
4,118,1,0.833932356561244
4,119,-1,0.832075712011998
4,120,1,0.961529925999018
4,121,-1,0.531290538591373
4,122,2,0.609197952879379
4,123,0,0.115398807261189
4,124,0,-0.0928315318164833
4,125,1,0.244853021248209
4,126,-2,-0.0516667719609543
4,127,-1,0.453972639156676
4,128,0,0.4335161890966
4,129,1,0.439154714603682
4,130,0,0.703966083156067
4,131,1,0.380194260813711
4,132,2,0.529216033810336
4,133,6,-0.0524953465267077
4,134,7,-0.780612446105849
4,135,-10,-2.90215065745279
4,136,-4,-2.40476957899456
4,137,0,-0.950464424617908
4,138,-2,0.86902398751134
4,139,1,1.32479104164302
4,140,1,-0.343745132933845
4,141,0,0.159020561007875
4,142,-1,-0.581099473299705
4,143,0,-1.38219195803905
4,144,0,0.497493302956676
4,145,0,0.354242990196853
4,146,2,0.516960064439182
4,147,-1,0.298056320998259
4,148,-1,0.169080816006282
4,149,0,0.374819294653386
4,150,0,0.39422535876874
4,151,-1,0.514133324046966
4,152,1,0.705329033101207
4,153,2,0.386604995549006
4,154,10,0.322879640852202
4,155,5,-0.75541341110017
4,156,-13,-4.39003848374197
4,157,-3,-5.04681312143955
4,158,-1,0.504052457781877
4,159,3,0.818287397564027
4,160,0,1.52223476658774
4,161,-2,-2.79231857120959
4,162,2,0.916422527641715
4,163,-3,-2.53045402151873
4,164,2,-0.911809502273724
4,165,-2,0.15312719222617
4,166,3,0.0334712531971758
4,167,-2,0.539493853946896
4,168,1,-0.681338908754026
4,169,-3,0.121455337498272
4,170,3,0.663328482110987
4,171,-1,-0.145734775957189
4,172,1,-0.106052032239487
4,173,0,-0.444141161499901
4,174,-2,0.289635145410945
4,175,1,0.0418965314885723
4,176,2,0.14209713647843
4,177,-2,-0.311113797600752
4,178,3,0.262919531215281
4,179,-2,-0.488348339251209
4,180,1,-0.15368091338631
4,181,-1,-0.0646498263154562
4,182,2,0.34603967484133
4,183,-4,-0.0848810554598614
4,184,2,0.442332948910604
4,185,0,-0.402618663526364
4,186,2,0.274833834811008
4,187,0,-0.309009608732642
4,188,2,-0.120757426434956
4,189,-1,-0.363945483791074
4,190,-2,-0.597562078266609
4,191,-1,-0.437984588727244
4,192,-1,0.425806568345182
4,193,0,0.336026260521639
4,194,1,1.05327182046575
4,195,0,0.466351915435825
4,196,0,0.932023221203613
4,197,0,0.23544461086749
4,198,0,0.396005664363411
4,199,1,0.297620600534677
4,200,4,0.168700761927044
4,201,1,0.00798185351117775
4,202,1,-1.35104967310201
4,203,-1,-0.766028995737705
4,204,1,-0.619166883461794
4,205,1,-0.710911077297886
4,206,1,-0.512641612454018
4,207,-3,-1.10885578981623
4,208,-7,0.455553449333608
4,209,2,0.585696365085624
4,210,0,1.13734488639632
4,211,1,1.46246406696912
4,212,-1,1.60107166866487
4,213,3,1.1275474186458
4,214,3,0.670885536393226
4,215,-1,-1.14209224904099
4,216,-3,-1.26100209212003
4,217,-3,-0.0327721181832886
4,218,2,0.272240857538152
4,219,4,0.415725944257002
4,220,-4,-0.199307227340484
4,221,-1,-0.22990981944619
4,222,1,0.235149563398581
4,223,-3,-0.163236263807377
4,224,-1,0.851699102550831
4,225,-2,0.801071317838037
4,226,1,0.956725406511322
4,227,3,0.961864960375472
4,228,-2,-0.0532683610626271
4,229,4,0.494360643190791
4,230,-1,0.101585526563116
4,231,-4,-0.945912163147255
4,232,1,0.252737635870005
4,233,0,0.180299199455645
4,234,1,0.219860992788979
4,235,3,0.51284943628303
4,236,-2,-1.05493944116863
4,237,1,-0.0734559834576447
4,238,-3,-1.2856043784289
4,239,2,0.445017088189974
4,240,-2,0.120575886806757
4,241,0,0.496564318644148
4,242,-1,0.35475366199524
4,243,-1,0.954866740045145
4,244,0,0.548701582719735
4,245,-1,0.832904286577752
4,246,1,0.918332021549916
4,247,-1,0.777527827130859
4,248,-3,0.634396987885058
4,249,2,1.19662078814138
4,250,2,0.687838121483935
4,251,0,0.281180505617286
4,252,4,0.108347798187953
4,253,3,-0.00583142718689555
4,254,-4,-1.63347521720483
4,255,-1,-1.24713589859595
4,256,-1,-0.764484807718883
4,257,1,-0.045359557979388
4,258,-4,0.0568546337019602
4,259,0,0.268644199277118
4,260,0,0.999708285395233
4,261,-1,0.328073899021681
4,262,2,0.697306043041665
4,263,1,0.776717617379158
4,264,-2,0.424965193756496
4,265,-2,0.460654189924601
4,266,2,0.630068456522278
4,267,1,0.394936913604637
4,268,-4,0.056266623109552
4,269,1,0.825699093421418
4,270,3,0.833697314404183
4,271,-2,0.178680050847627
4,272,-1,-0.0898225809849503
4,273,1,0.306522235978028
4,274,2,0.589414676249277
4,275,2,-0.356030878410139
4,276,2,-0.501823852146951
4,277,-3,-1.2408787711606
4,278,-2,-0.423242615348501
4,279,-1,-0.676760174274647
4,280,0,0.479602217615142
4,281,0,0.621614384700832
4,282,-1,0.909338513034562
4,283,0,0.856156031882729
4,284,1,0.681554601828975
4,285,0,0.289458120369242
4,286,-2,0.514885559658145
4,287,0,0.746873847035974
4,288,-2,0.658430071604334
4,289,2,0.986429584807535
4,290,-2,0.651710563287757
4,291,1,0.887832225538128
4,292,0,0.826247886437656
4,293,-1,0.635285567762658
4,294,-1,0.749147847234751
4,295,3,0.61617370283367
4,296,0,0.225133851521962
4,297,0,-0.316435945177291
4,298,3,-0.0755983660978257
4,299,-2,-0.141650676794245
4,300,-1,-0.592833519207556
4,301,0,-0.0671416867460247
4,302,-3,-0.270520714694903
4,303,1,1.02081916996214
4,304,2,0.164845146243629
4,305,1,0.321508517473513
4,306,0,0.234876616866952
4,307,0,-0.405833878976316
4,308,0,0.120043810796729
4,309,0,-0.179994261048677
4,310,0,0.0393452028558289
4,311,0,-0.00310046598209401
4,312,1,0.456482864401297
4,313,0,-0.0254396669717828
4,314,1,0.325270660780835
4,315,0,0.112078372264868
4,316,-3,0.135655761903526
4,317,0,0.587793722937562
4,318,0,0.531366877545948
4,319,1,0.854900866039478
4,320,0,0.737545458558972
4,321,-1,0.801857452380696
4,322,-1,0.816780276052797
4,323,2,0.556724572779277
4,324,0,0.297304085387081
4,325,2,0.127536002071515
4,326,0,0.116151042872368
4,327,-1,-0.209931121516545
4,328,-2,0.0550202621391078
4,329,1,0.267478679857949
4,330,-2,0.0978527972317836
4,331,2,0.945419146252155
4,332,0,0.100226678209983
4,333,0,0.510066218230585
4,334,-1,0.240327491226691
4,335,-1,0.424484299175324
4,336,0,0.686890341602194
4,337,-1,0.515179758844511
4,338,2,0.660056623871068
4,339,0,0.61888342349603
4,340,1,0.0317806370014231
4,341,0,0.24507088148
4,342,-2,0.104903126892837
4,343,-1,0.399424754275537
4,344,-1,0.429661378720891
4,345,2,0.6285517532492
4,346,5,0.706258448168896
4,347,-4,-0.0661687063637288
4,348,1,-0.580807130255498
4,349,-1,-0.197343002308263
4,350,-1,0.279908994019011
4,351,2,0.266452261652275
4,352,0,-0.0741336198982134
4,353,1,-0.707420293773854
4,354,-2,-0.177620380070478
4,355,-1,-0.741782877951084
4,356,0,0.503204757881631
4,357,1,0.511324948468802
4,358,0,0.3735204516121
4,359,-1,0.703472388551961
4,360,0,0.523226713341742
4,361,2,0.527217867983872
5,1,4,0.592783729967035
5,2,-4,0.3987394573384
5,3,1,-0.0796305714621655
5,4,-1,-0.899993515288011
5,5,1,0.878031249308333
5,6,-2,-0.887903324008404
5,7,1,0.619764893101442
5,8,1,-0.0775720390530299
5,9,-1,0.284555722626131
5,10,2,-0.34762510040416
5,11,1,0.199619392505683
5,12,6,-0.233322530540608
5,13,1,-0.470377751346686
5,14,-2,-2.54254714373181
5,15,-3,-0.796455284070224
5,16,-4,-0.113556840787066
5,17,3,0.165498815796135
5,18,0,0.496526827760751
5,19,-5,-1.14610643809327
5,20,1,2.26224665803425
5,21,-1,-0.577014255053702
5,22,2,1.30068166376943
5,23,2,0.718854706378969
5,24,-2,-0.420515149125233
5,25,1,0.41021985074966
5,26,7,-0.733968310609612
5,27,-3,-0.214688374042051
5,28,3,-2.22475342505262
5,29,1,-2.10990683428741
5,30,0,-1.16143682532901
5,31,1,-1.13192326399978
5,32,1,-0.63728040493284
5,33,-4,-2.03328315663048
5,34,-5,0.17640391976804
5,35,0,-1.47931096264752
5,36,0,1.04102509432593
5,37,-1,1.35198609068244
5,38,0,2.1276103830185
5,39,-3,1.8522147019098
5,40,-1,1.88990997198197
5,41,2,0.999955866095089
5,42,3,1.02671613447299
5,43,-1,0.328807181414038
5,44,-2,-0.209180052547162
5,45,-1,0.622241555599885
5,46,3,0.318906499399782
5,47,-3,0.235706699813944
5,48,1,-0.188072686239747
5,49,0,-0.0387551258745406
5,50,1,0.313605909085151
5,51,-1,-0.0190856625069528
5,52,-2,0.283386404146028
5,53,2,0.392321688745588
5,54,1,0.258458964570782
5,55,0,-0.560049607147351
5,56,-1,0.27715262599095
5,57,0,0.710918423125897
5,58,0,0.467045637831244
5,59,1,0.469299663732154
5,60,-1,0.266665031447409
5,61,0,0.536503689618647
5,62,0,0.32908331451164
5,63,0,0.674642160097918
5,64,-1,0.712554637256694
5,65,2,0.846785420518713
5,66,0,0.501713938095323
5,67,1,-0.0122020100027931
5,68,-2,0.366313836353201
5,69,1,0.339387291070165
5,70,1,0.203448228640433
5,71,0,0.0259896205802339
5,72,0,-0.0300927011815153
5,73,3,0.496298274052106
5,74,5,0.00860061331763429
5,75,1,-1.16571461257362
5,76,2,-2.24333019578999
5,77,-5,-1.40816805023738
5,78,-5,-0.715564997171141
5,79,6,-0.142927240597284
5,80,8,-0.49163698092826
5,81,-13,-2.15651762297042
5,82,-1,-1.12359251931587
5,83,-1,-3.16317483622242
5,84,-1,2.08972757257385
5,85,1,1.23032867066558
5,86,2,-0.615992266533972
5,87,4,-0.233502531036945
5,88,1,-1.71868967319979
5,89,-5,-3.54551559767231
5,90,0,-0.0481399451507873
5,91,0,-0.578132637191169
5,92,0,0.553312676266688
5,93,2,0.608341420856683
5,94,1,0.00669133309817993
5,95,8,-0.0323293860025413
5,96,-5,-1.28702336205875
5,97,-5,-2.53164006293857
5,98,1,-2.10216803725686
5,99,1,0.303974840706488
5,100,0,0.257704231177213
5,101,-1,1.0420478554091
5,102,-1,-0.741732441971036
5,103,-1,1.11295980861178
5,104,0,-1.36865209874052
5,105,1,0.900593685438898
5,106,-1,1.01082034671158
5,107,1,0.828735923260208
5,108,-1,0.620633592835984
5,109,2,0.512699869971064
5,110,0,0.247394181612539
5,111,0,-0.16537245557917
5,112,1,0.495095803041942
5,113,-2,0.204650699650597
5,114,-1,0.387162080177021
5,115,0,0.419737744375083
5,116,1,0.526016095075106
5,117,0,0.905424690242063
5,118,1,0.279621711558382
5,119,2,0.740137906816698
5,120,6,-0.100800026446303
5,121,7,-0.784905827809865
5,122,-10,-2.82570202700709
5,123,-4,-2.34162647274558
5,124,0,-1.85768914779016
5,125,-2,0.599413211642446
5,126,1,1.48871115472646
5,127,1,-0.266290081649165
5,128,0,-0.014457305485263
5,129,-1,-0.60004567323479
5,130,0,-1.0408255573882
5,131,0,0.606107425896428
5,132,0,0.588803977712867
5,133,2,0.732112111341165
5,134,-1,0.521271412179793
5,135,-1,0.0871601706533986
5,136,0,0.490264798238777
5,137,0,0.501914240437071
5,138,-1,0.741974423289244
5,139,1,0.900009026198846
5,140,2,0.472007527813173
5,141,10,0.240409467312277
5,142,5,-0.773944051116206
5,143,-13,-4.28628010448431
5,144,-3,-5.03955735949635
5,145,-1,-0.807040611262468
5,146,3,0.696950222448121
5,147,0,1.52317915264879
5,148,-2,-2.67998567756358
5,149,2,1.04433354300538
5,150,-3,-2.34585078415195
5,151,2,-0.89969488792975
5,152,-2,0.0321893732986962
5,153,3,-0.0801075216933202
5,154,-2,0.524315286732743
5,155,1,-0.745762564391729
5,156,-3,0.133841908607543
5,157,3,0.552015120481752
5,158,-1,-0.236928417048471
5,159,1,-0.209802751387515
5,160,0,-0.291808267800056
5,161,-2,0.197081326110283
5,162,1,0.319485448452414
5,163,2,0.138369991350017
5,164,-2,-0.364386024896263
5,165,3,0.173465248689143
5,166,-2,-0.451013729676079
5,167,1,-0.222336598664867
5,168,-1,-0.027067708194766
5,169,2,0.25533623893533
5,170,-4,0.0638995139839008
5,171,2,0.328038467617432
5,172,0,-0.617121973797228
5,173,2,0.167344347053183
5,174,0,-0.0241169696518666
5,175,2,-0.208900899122912
5,176,-1,-0.0719674834089152
5,177,-2,-0.616808610610435
5,178,-1,-0.257454907271296
5,179,-1,0.411245053248855
5,180,0,0.440859868007272
5,181,1,1.09287907918421
5,182,0,0.651450878604565
5,183,0,0.79990079646771
5,184,0,0.468145102576824
5,185,0,0.625664899980898
5,186,1,0.539826717595848
5,187,4,0.411044750907107
5,188,1,-0.0475764207661697
5,189,1,-1.35707668873303
5,190,-1,-0.745891196044737
5,191,1,-0.60101313925284
5,192,1,-0.486411895112207
5,193,1,-0.52056236954411
5,194,-3,-1.10487965383738
5,195,-7,0.372468763425777
5,196,2,0.454013830133345
5,197,0,0.456360324701064
5,198,1,1.25830509152025
5,199,-1,1.70036240453312
5,200,3,1.10580794449983
5,201,3,0.772134671751503
5,202,-1,-1.15040348405227
5,203,-3,-1.25101641802617
5,204,-3,0.119835820789396
5,205,2,0.175695661848649
5,206,4,0.284683959930964
5,207,-4,-0.307400416489255
5,208,-1,-0.36320290004699
5,209,1,-0.0181117452054342
5,210,-3,-0.00770281361760428
5,211,-1,0.758258255618844
5,212,-2,0.592596549214693
5,213,1,0.974040316466209
5,214,3,0.896828992851252
5,215,-2,-0.142688095792134
5,216,4,0.360758247796401
5,217,-1,0.101664872271644
5,218,-4,-0.973190003979703
5,219,1,0.407086133508373
5,220,0,-0.0722704054696066
5,221,1,0.144302874291634
5,222,3,0.714023701575804
5,223,-2,-1.09753165361195
5,224,1,-0.143316853674946
5,225,-3,-1.16961168414405
5,226,2,0.373838384247628
5,227,-2,0.0224942111623052
5,228,0,0.368322734266475
5,229,-1,0.325840678103259
5,230,-1,1.11641630552285
5,231,0,0.651417289502966
5,232,-1,0.886485027927705
5,233,1,1.0903384290337
5,234,-1,0.842338772613851
5,235,-3,0.523661646664723
5,236,2,1.24765748752449
5,237,2,0.517025066616679
5,238,0,0.181252702222627
5,239,4,0.0200945007710183
5,240,3,0.236480314773714
5,241,-4,-1.60200102891843
5,242,-1,-1.20817036637119
5,243,-1,-0.925244721584315
5,244,1,0.109615692461355
5,245,-4,0.193911766478164
5,246,0,0.129253079556266
5,247,0,0.665998616971093
5,248,-1,0.5361691913399
5,249,2,0.896926288928417
5,250,1,0.81895246239463
5,251,-2,0.31747580514685
5,252,-2,0.381546113792055
5,253,2,0.600691761853211
5,254,1,0.387825590499575
5,255,-4,-0.0246744533831883
5,256,1,0.692464538028434
5,257,3,0.533743855560188
5,258,-2,0.113679076762604
5,259,-1,-0.16943105891584
5,260,1,0.268690503639673
5,261,2,0.688283921958416
5,262,2,-0.371156616555379
5,263,2,-0.553505485895608
5,264,-3,-1.24319839571774
5,265,-2,-0.437641723382522
5,266,-1,-0.706135352485529
5,267,0,0.470084625313954
5,268,0,0.699795569626699
5,269,-1,1.05389501619404
5,270,0,1.01865681401468
5,271,1,0.756130990655271
5,272,0,0.517707021933895
5,273,-2,0.421830380441099
5,274,0,0.946147601174904
5,275,-2,0.625664899980898
5,276,2,1.17346874733774
5,277,-2,0.608161149455589
5,278,1,0.73108202177173
5,279,0,0.778050383975475
5,280,-1,0.518733345784392
5,281,-1,0.965087263489263
5,282,3,0.693614974942336
5,283,0,0.333530398988041
5,284,0,-0.388764449203439
5,285,3,0.184405560061491
5,286,-2,0.122591967177966
5,287,-1,-0.61147179764972
5,288,0,-0.0367297178010968
5,289,-3,-0.136547383367132
5,290,1,1.22065887720454
5,291,2,0.0212317566721512
5,292,1,0.20172343931255
5,293,0,0.140183473991783
5,294,0,-0.445059104945252
5,295,0,0.384402246118562
5,296,0,0.108532695889104
5,297,0,0.300818089634421
5,298,0,0.242276552559773
5,299,1,0.678888505661031
5,300,0,0.229721133855449
5,301,1,0.249102460780253
5,302,0,0.362067490790087
5,303,-3,0.0763745411194059
5,304,0,0.816363465817748
5,305,0,0.386656272019471
5,306,1,1.04527143988905
5,307,0,0.929228509889647
5,308,-1,0.666287824975804
5,309,-1,1.01725931427865
5,310,2,0.654500026773396
5,311,0,0.411629410147158
5,312,2,0.0410215956773401
5,313,0,0.357036183645173
5,314,-1,-0.267573321376323
5,315,-2,0.331645536089123
5,316,1,0.391102919924333
5,317,-2,0.103799423734641
5,318,2,0.816463782221561
5,319,0,0.0803101072508372
5,320,0,0.381179534545174
5,321,-1,0.486500105651131
5,322,-1,0.640391369262203
5,323,0,0.788112998265302
5,324,-1,0.608361451797338
5,325,2,0.851329801072278
5,326,0,0.69399933184064
5,327,1,-0.0544638389892673
5,328,0,0.485818150333914
5,329,-2,0.0427084095237428
5,330,-1,0.648466550960067
5,331,-1,0.415491398811969
5,332,2,0.70802166744398
5,333,5,0.776642723553322
5,334,-4,-0.158857326790373
5,335,1,-0.662848768158026
5,336,-1,-0.398748542876641
5,337,-1,0.221837257151355
5,338,2,0.415340482692551
5,339,0,0.0195812217881182
5,340,1,-0.768949178966455
5,341,-2,0.0850433794052998
5,342,-1,-0.744420119078607
5,343,0,0.500127110186856
5,344,1,0.604115106234224
5,345,0,0.588317051121518
5,346,-1,0.580449642590753
5,347,0,0.735988857330749
5,348,2,0.625664899980898
5,349,-1,0.411629410147158
5,350,-1,0.0208794623528183
5,351,-3,0.62932658630396
5,352,1,1.06643687673742
5,353,5,0.593634982516033
5,354,-1,0.530649381291633
5,355,1,-1.03054163015949
5,356,-2,0.052102952914573
5,357,-1,-0.0580255393743938
5,358,3,0.0166610376907246
5,359,-3,0.0879850708108449
5,360,0,-0.939501923808895
5,361,2,0.504790965178333
6,1,-2,-1.03453993217636
6,2,1,0.891944650198577
6,3,1,-0.05311865260477
6,4,-1,0.491096886753843
6,5,2,-0.332204154163303
6,6,1,0.214365768038342
6,7,6,-0.368417597995086
6,8,1,-0.370374636652915
6,9,-2,-2.74462204510735
6,10,-3,-0.836855353756706
6,11,-4,-0.226597445032774
6,12,3,-0.101266904162087
6,13,0,0.890246554032051
6,14,-5,-1.18561857718275
6,15,1,2.02465084993056
6,16,-1,-0.026777818642362
6,17,2,1.2204552655132
6,18,2,0.773718024673764
6,19,-2,-0.327829249218778
6,20,1,0.551655579879381
6,21,7,-0.852896507302331
6,22,-3,-0.124677757807961
6,23,3,-2.21222254672485
6,24,1,-2.20893543633308
6,25,0,-0.914587654826382
6,26,1,-1.45478116062201
6,27,1,-1.01776307951154
6,28,-4,-2.1718851982751
6,29,-5,-0.00793131302425509
6,30,0,-1.24587934631443
6,31,0,1.56144350333126
6,32,-1,1.1673950484144
6,33,0,1.97982624983637
6,34,-3,1.89048780722499
6,35,-1,1.55430965573204
6,36,2,1.00754476639308
6,37,3,1.11147262260479
6,38,-1,0.573110135366792
6,39,-2,0.0230917065226447
6,40,-1,0.575452078617212
6,41,3,0.323238485287253
6,42,-3,0.154729104939772
6,43,1,-0.0120490420815678
6,44,0,0.193674750393633
6,45,1,0.299756034135066
6,46,-1,-0.396672911574813
6,47,-2,0.508332383246355
6,48,2,0.288391860006195
6,49,1,0.364609623710052
6,50,0,-0.571595497459622
6,51,-1,0.474427887522259
6,52,0,0.331172164372739
6,53,0,0.3777738541054
6,54,1,0.0317006029982994
6,55,-1,0.108748424449393
6,56,0,0.736288861973784
6,57,0,0.0867027617342656
6,58,0,0.270876139238883
6,59,-1,0.55839258761237
6,60,2,0.736154229188795
6,61,0,0.501055054987054
6,62,1,0.15559330017611
6,63,-2,-0.0497176434339256
6,64,1,0.494390866587644
6,65,1,0.236996350640271
6,66,0,0.185642194931661
6,67,0,0.087928381944669
6,68,3,0.382114385772542
6,69,5,-0.393777629612453
6,70,1,-1.07705044949968
6,71,2,-2.46290622865749
6,72,-5,-1.40758614974287
6,73,-5,-0.85527340552928
6,74,6,-0.177265013731753
6,75,8,-0.0850650051310761
6,76,-13,-2.06849938584314
6,77,-1,-1.25070796619322
6,78,-1,-1.66320473632635
6,79,-1,1.99125588595084
6,80,1,0.959344753439499
6,81,2,-0.780944278341002
6,82,4,-0.0974652041383561
6,83,1,-1.58498176601743
6,84,-5,-3.42423721557671
6,85,0,-0.0356465469521902
6,86,0,-0.0715846986824356
6,87,0,0.318192046615842
6,88,2,0.474128475257459
6,89,1,-0.488101641895398
6,90,8,-0.059504391539549
6,91,-5,-1.30643049150546
6,92,-5,-2.79003925126285
6,93,1,-1.75589848767992
6,94,1,0.95313542895379
6,95,0,0.284257404196925
6,96,-1,1.26206888455979
6,97,-1,-1.3126278207657
6,98,-1,0.827329931241077
6,99,0,-1.39403305441534
6,100,1,0.922445454870847
6,101,-1,0.951081110305865
6,102,1,0.798480184828423
6,103,-1,0.376820519374652
6,104,2,0.680816725054685
6,105,0,0.203146710525187
6,106,0,0.00847548302159651
6,107,1,0.312162520038104
6,108,-2,0.0496885796812893
6,109,-1,0.221555074084131
6,110,0,0.50046191470705
6,111,1,0.237622482257269
6,112,0,0.792744235638196
6,113,1,0.307835570224694
6,114,2,0.638571887149999
6,115,6,0.0487518115803367
6,116,7,-0.954086630291607
6,117,-10,-2.80033842148762
6,118,-4,-2.45833960110589
6,119,0,-0.776477655048547
6,120,-2,0.765113186969677
6,121,1,1.30680808704219
6,122,1,-0.51629763419774
6,123,0,0.0131022999187265
6,124,-1,-0.440643248098894
6,125,0,-1.17224908998781
6,126,0,0.554464094795883
6,127,0,0.422081789120356
6,128,2,0.606318377171154
6,129,-1,0.420351026199129
6,130,-1,-0.0165670249950768
6,131,0,0.180247004280397
6,132,0,0.466079085862653
6,133,-1,0.56919960627487
6,134,1,0.802433384770393
6,135,2,0.476553779036687
6,136,10,0.431292677646617
6,137,5,-0.843969517878185
6,138,-13,-4.26813717934431
6,139,-3,-5.01163126499966
6,140,-1,0.652032464800678
6,141,3,0.902020136950797
6,142,0,1.59369507539496
6,143,-2,-3.04569388212239
6,144,2,0.752221664402411
6,145,-3,-2.13739415375583
6,146,2,-0.921731732241082
6,147,-2,0.258349581874308
6,148,3,0.0914980535547446
6,149,-2,0.615205144518425
6,150,1,-0.706239965399334
6,151,-3,0.160237212942992
6,152,3,0.741692335047852
6,153,-1,-0.313015829847685
6,154,1,0.00750719577538361
6,155,0,-0.598037413793658
6,156,-2,0.415082113395685
6,157,1,-0.0846635686166455
6,158,2,0.244462920824609
6,159,-2,-0.518278508043853
6,160,3,0.338299979845951
6,161,-2,-0.500587426807307
6,162,1,-0.113092918663396
6,163,-1,-0.267056591892856
6,164,2,0.445313898966941
6,165,-4,-0.0470419965603892
6,166,2,0.258776958620144
6,167,0,-0.562927130867596
6,168,2,0.375923654367247
6,169,0,-0.36062554156447
6,170,2,0.0272408878950657
6,171,-1,-0.580653879723155
6,172,-2,-0.531330856826411
6,173,-1,-0.635941728731779
6,174,-1,0.48536921998642
6,175,0,0.160901697352996
6,176,1,1.16541485114293
6,177,0,0.383921597466024
6,178,0,1.04067215291002
6,179,0,0.134763184078039
6,180,0,0.473760066007957
6,181,1,0.363348980899073
6,182,4,0.263085552417402
6,183,1,0.115030967161935
6,184,1,-1.25421716140975
6,185,-1,-0.943429193913197
6,186,1,-0.389719698900058
6,187,1,-0.697586458064102
6,188,1,-0.436074207375203
6,189,-3,-1.08283036330339
6,190,-7,0.259745245866356
6,191,2,0.486319607326374
6,192,0,0.944446258468726
6,193,1,1.29863624962136
6,194,-1,1.78346700277597
6,195,3,1.00094898902338
6,196,3,0.471147286052942
6,197,-1,-1.29828774229157
6,198,-3,-1.22054725027358
6,199,-3,0.0135398854175729
6,200,2,0.0483230290436745
6,201,4,0.470721549854476
6,202,-4,-0.350641114116525
6,203,-1,-0.155563806580026
6,204,1,0.194185332673796
6,205,-3,-0.0665992937890945
6,206,-1,0.859358878545055
6,207,-2,0.923986665584285
6,208,1,0.976101488536188
6,209,3,0.850578460195896
6,210,-2,0.0399084235595168
6,211,4,0.586734662643511
6,212,-1,0.225529969942484
6,213,-4,-1.16125584082722
6,214,1,0.242688914909602
6,215,0,0.475822844134899
6,216,1,0.208448517506929
6,217,3,0.384542872222638
6,218,-2,-1.07747963467272
6,219,1,-0.0279685810323511
6,220,-3,-1.28365713562286
6,221,2,0.4691505152398
6,222,-2,0.17330502141924
6,223,0,0.337393041245199
6,224,-1,0.389512351927206
6,225,-1,0.812825280858773
6,226,0,0.455008138446373
6,227,-1,0.952017878406817
6,228,1,0.717300738288025
6,229,-1,0.892213669299591
6,230,-3,0.52931710247775
6,231,2,1.24954749254964
6,232,2,0.798694133878944
6,233,0,0.381327199955679
6,234,4,0.226158131815839
6,235,3,0.137414226579232
6,236,-4,-1.57208346150968
6,237,-1,-1.50497560548143
6,238,-1,-0.551784522126695
6,239,1,-0.0744252221944793
6,240,-4,-0.0802104884769771
6,241,0,0.135799076813148
6,242,0,1.05509141819138
6,243,-1,0.35397240414894
6,244,2,0.635626871953343
6,245,1,0.950287115485589
6,246,-2,0.522461886662451
6,247,-2,0.527836927331088
6,248,2,0.431166327284432
6,249,1,0.456255303945467
6,250,-4,0.150769411961352
6,251,1,0.894494265693257
6,252,3,0.939694187800726
6,253,-2,0.0508913487622853
6,254,-1,-0.281997595959713
6,255,1,0.416568468500111
6,256,2,0.648711084298196
6,257,2,-0.48945320324235
6,258,2,-0.615265654901957
6,259,-3,-1.16286284708578
6,260,-2,-0.661960561737211
6,261,-1,-0.809769756905705
6,262,0,0.50698325731142
6,263,0,0.668504260456455
6,264,-1,0.779168044505521
6,265,0,0.75033167645735
6,266,1,0.579654712909431
6,267,0,0.184878244053066
6,268,-2,0.606453009956143
6,269,0,0.825610639007966
6,270,-2,0.731019702701377
6,271,2,1.03472193568595
6,272,-2,0.762243184496962
6,273,1,0.992849476990969
6,274,0,0.921731237226548
6,275,-1,0.488080454912824
6,276,-1,0.794966814586056
6,277,3,0.717666230380991
6,278,0,0.291245790099947
6,279,0,-0.22144090666201
6,280,3,-0.173952179046328
6,281,-2,-0.0360153428090656
6,282,-1,-0.84176189144579
6,283,0,-0.00329705513061518
6,284,-3,-0.240228730860274
6,285,1,1.03212062641905
6,286,2,0.155019988317323
6,287,1,0.412980418812153
6,288,0,0.346304834701281
6,289,0,-0.413408205076043
6,290,0,0.172057861514591
6,291,0,-0.137149317636407
6,292,0,0.105820078635675
6,293,0,0.0618940357765506
6,294,1,0.278422486599198
6,295,0,-0.131383466431616
6,296,1,0.149792668252488
6,297,0,0.204352744196118
6,298,-3,0.216365796529548
6,299,0,0.620419375667455
6,300,0,0.602120618784689
6,301,1,0.925840758958021
6,302,0,0.848216372557295
6,303,-1,0.679863390323937
6,304,-1,0.887024533672125
6,305,2,0.360197916273065
6,306,0,0.383097622517855
6,307,2,0.221872455757709
6,308,0,0.24040011420646
6,309,-1,-0.116536480781286
6,310,-2,-0.17299884431558
6,311,1,0.317431360327182
6,312,-2,0.133845683533231
6,313,2,1.02029706247962
6,314,0,0.0075864123041387
6,315,0,0.63019188532846
6,316,-1,0.112737107902384
6,317,-1,0.522757256452682
6,318,0,0.721006678859153
6,319,-1,0.59863739702585
6,320,2,0.459771836024627
6,321,0,0.744024451259136
6,322,1,-0.0621854779824239
6,323,0,0.340663542688132
6,324,-2,0.198012430506733
6,325,-1,0.424304368068216
6,326,-1,0.492915567346735
6,327,2,0.665781801310897
6,328,5,0.821110625503235
6,329,-4,-0.115594517791253
6,330,1,-0.514818943312995
6,331,-1,-0.377366276423746
6,332,-1,0.499840808306072
6,333,2,0.268555319761115
6,334,0,0.0783022289171715
6,335,1,-0.708518467999503
6,336,-2,-0.2634085888655
6,337,-1,-0.684928357232448
6,338,0,0.533374786721181
6,339,1,0.329474314675178
6,340,0,0.44336350095689
6,341,-1,0.83106904020541
6,342,0,0.411716853250193
6,343,2,0.602389884354667
6,344,-1,-0.00714893081921286
6,345,-1,0.182564414445181
6,346,-3,0.618553979961238
6,347,1,1.03941119111572
6,348,5,0.545283108284187
6,349,-1,0.791727690361267
6,350,1,-0.859947310467787
6,351,-2,0.0467850916207463
6,352,-1,-0.00347607873925648
6,353,3,-0.0591812309003689
6,354,-3,0.0851095008800113
6,355,0,-0.898513922979656
6,356,2,0.521479800542944
6,357,-1,-0.652842788570208
6,358,-2,0.300109808063725
6,359,0,0.472213590997204
6,360,1,0.282240788241848
6,361,-1,0.608507647587398
7,1,1,0.222829147006607
7,2,6,-0.395104564004124
7,3,1,-0.360240133053324
7,4,-2,-2.78248252710726
7,5,-3,-0.821291571587253
7,6,-4,-0.232086111959702
7,7,3,-0.120610763046364
7,8,0,0.901386020447298
7,9,-5,-1.215273964454
7,10,1,2.05062826249209
7,11,-1,-0.0469505177420162
7,12,2,1.17826045342229
7,13,2,0.805385183386077
7,14,-2,-0.340250371051173
7,15,1,0.546177103737851
7,16,7,-0.855261998710326
7,17,-3,-0.149714226523871
7,18,3,-2.24070404847214
7,19,1,-2.18280111314005
7,20,0,-0.961074490149286
7,21,1,-1.45092253652914
7,22,1,-1.0215458994689
7,23,-4,-2.19225894591123
7,24,-5,-0.00938430962853054
7,25,0,-1.26445377698572
7,26,0,1.55140455282938
7,27,-1,1.14618208267286
7,28,0,2.00256215175088
7,29,-3,1.89386687205118
7,30,-1,1.53696392960581
7,31,2,1.01543522036453
7,32,3,1.10196298995772
7,33,-1,0.569755305450611
7,34,-2,0.0255287310878163
7,35,-1,0.581024932367076
7,36,3,0.307153725456883
7,37,-3,0.150109453488321
7,38,1,-0.0200173859426195
7,39,0,0.221004712038297
7,40,1,0.260633925253494
7,41,-1,-0.399450349140102
7,42,-2,0.509830152084382
7,43,2,0.287810029381057
7,44,1,0.363333677802358
7,45,0,-0.600711445402617
7,46,-1,0.491293668564327
7,47,0,0.324863953994053
7,48,0,0.370139611535264
7,49,1,0.0234241909018134
7,50,-1,0.113182053385162
7,51,0,0.734164626193969
7,52,0,0.0840002800001907
7,53,0,0.257465484225786
7,54,-1,0.560153886906101
7,55,2,0.738437457105198
7,56,0,0.502606171331609
7,57,1,0.141309959090702
7,58,-2,-0.0408480236192698
7,59,1,0.484119796787026
7,60,1,0.242683284780208
7,61,0,0.171857968583179
7,62,0,0.0946998610413102
7,63,3,0.387074593703154
7,64,5,-0.410678196535325
7,65,1,-1.092391414954
7,66,2,-2.47905323016645
7,67,-5,-1.39886436315095
7,68,-5,-0.882438230277398
7,69,6,-0.166897192422155
7,70,8,-0.0974556502088797
7,71,-13,-2.11012455124388
7,72,-1,-1.25519977021186
7,73,-1,-1.64780310422018
7,74,-1,1.89913594649339
7,75,1,0.993548073446576
7,76,2,-0.76857909554873
7,77,4,-0.122663602753848
7,78,1,-1.61049548129115
7,79,-5,-3.47374367391865
7,80,0,-0.0325724181179097
7,81,0,-0.0661873643470254
7,82,0,0.286395444549046
7,83,2,0.496691741731802
7,84,1,-0.486288166213756
7,85,8,-0.084370880945666
7,86,-5,-1.31690563937883
7,87,-5,-2.84463112113174
7,88,1,-1.7385614508603
7,89,1,0.933596871626239
7,90,0,0.264711372374008
7,91,-1,1.29669528686977
7,92,-1,-1.32620640968365
7,93,-1,0.812602452260007
7,94,0,-1.4305705994115
7,95,1,0.925554873810694
7,96,-1,0.95169316657065
7,97,1,0.794655253689892
7,98,-1,0.380252213033265
7,99,2,0.666964382581294
7,100,0,0.213122327792222
7,101,0,-0.00667943419108008
7,102,1,0.321925224273354
7,103,-2,0.0445998679837143
7,104,-1,0.20857216821075
7,105,0,0.513198525136209
7,106,1,0.22182859476606
7,107,0,0.793996954074482
7,108,1,0.304538443595351
7,109,2,0.641820191483926
7,110,6,0.0403855104494204
7,111,7,-0.964306958491579
7,112,-10,-2.82671291898769
7,113,-4,-2.48204050186859
7,114,0,-0.742020998980843
7,115,-2,0.706290933262557
7,116,1,1.3212415808322
7,117,1,-0.488626000247121
7,118,0,-0.019581224698797
7,119,-1,-0.462589307756117
7,120,0,-1.19853658972331
7,121,0,0.548481655111295
7,122,0,0.416608562465621
7,123,2,0.611152368280214
7,124,-1,0.421988259592575
7,125,-1,-0.0320424805817557
7,126,0,0.187642334647676
7,127,0,0.455934812044928
7,128,-1,0.564597955747403
7,129,1,0.810081769559174
7,130,2,0.478839739822281
7,131,10,0.422159497522648
7,132,5,-0.852817849621542
7,133,-13,-4.31849857736863
7,134,-3,-5.05900341880179
7,135,-1,0.699392090603359
7,136,3,0.82343643236402
7,137,0,1.63199589302837
7,138,-2,-3.05063923396054
7,139,2,0.744652673708255
7,140,-3,-2.18811998516196
7,141,2,-0.968997784113048
7,142,-2,0.288868233227354
7,143,3,0.0613735715949226
7,144,-2,0.63627343862763
7,145,1,-0.744569075795194
7,146,-3,0.179734538670962
7,147,3,0.722289986042839
7,148,-1,-0.308374987787801
7,149,1,-0.0188891863190944
7,150,0,-0.583616512126162
7,151,-2,0.401396719688915
7,152,1,-0.0989462143335147
7,153,2,0.252133404462067
7,154,-2,-0.539316032978352
7,155,3,0.342231761175601
7,156,-2,-0.498519438181329
7,157,1,-0.151040573205978
7,158,-1,-0.245441124508395
7,159,2,0.426428146233145
7,160,-4,-0.0399261552903156
7,161,2,0.242858355238613
7,162,0,-0.551887889586025
7,163,2,0.342691028405024
7,164,0,-0.352837463230356
7,165,2,0.0192291472618678
7,166,-1,-0.585116051514607
7,167,-2,-0.54620810713741
7,168,-1,-0.636991036951636
7,169,-1,0.480795000659085
7,170,0,0.145210367468744
7,171,1,1.1755412298407
7,172,0,0.375657758634614
7,173,0,1.03990870534885
7,174,0,0.130725930463075
7,175,0,0.467863743372261
7,176,1,0.361166012250207
7,177,4,0.264233573719473
7,178,1,0.112029822903397
7,179,1,-1.27092881772825
7,180,-1,-0.936012390878873
7,181,1,-0.402269197343111
7,182,1,-0.699292194544733
7,183,1,-0.443957311814022
7,184,-3,-1.07964128570176
7,185,-7,0.255068107366627
7,186,2,0.473737968604707
7,187,0,0.942805015264838
7,188,1,1.26346384242255
7,189,-1,1.82660260220416
7,190,3,0.987404884854138
7,191,3,0.461356535611833
7,192,-1,-1.32343550518033
7,193,-3,-1.22066495062385
7,194,-3,0.0205937288083547
7,195,2,0.0246082960799129
7,196,4,0.46878478993003
7,197,-4,-0.361624274288666
7,198,-1,-0.154805803704069
7,199,1,0.204318738450731
7,200,-3,-0.114801473895791
7,201,-1,0.862366734760582
7,202,-2,0.952444447815334
7,203,1,0.953954858758269
7,204,3,0.85187955843481
7,205,-2,0.0209092534725752
7,206,4,0.580580237519583
7,207,-1,0.243560439688925
7,208,-4,-1.21316799316833
7,209,1,0.267309735271217
7,210,0,0.478518597369935
7,211,1,0.179264147157617
7,212,3,0.407869507534106
7,213,-2,-1.09388692830274
7,214,1,-0.046736036742351
7,215,-3,-1.28324308940969
7,216,2,0.441950979718581
7,217,-2,0.19131533932043
7,218,0,0.312568740263585
7,219,-1,0.410398532032944
7,220,-1,0.796877210418247
7,221,0,0.444855289524044
7,222,-1,0.955907524104944
7,223,1,0.708019882856053
7,224,-1,0.900523447266464
7,225,-3,0.512612682089441
7,226,2,1.25846253309441
7,227,2,0.800635676693454
7,228,0,0.359009737397456
7,229,4,0.2409137271805
7,230,3,0.142467934800101
7,231,-4,-1.60870277507387
7,232,-1,-1.50747676033409
7,233,-1,-0.536143932430053
7,234,1,-0.110171374748452
7,235,-4,-0.0741508581840958
7,236,0,0.13092701340968
7,237,0,1.06981289292068
7,238,-1,0.313986999170066
7,239,2,0.634869564894882
7,240,1,0.961287221231898
7,241,-2,0.502753287993528
7,242,-2,0.537169152344013
7,243,2,0.430342054347244
7,244,1,0.444122827471465
7,245,-4,0.14111173293511
7,246,1,0.91131999676954
7,247,3,0.948652058200755
7,248,-2,0.0105078164448288
7,249,-1,-0.280686720692171
7,250,1,0.439310767161486
7,251,2,0.622834335133161
7,252,2,-0.501259627021272
7,253,2,-0.612323639713345
7,254,-3,-1.16894771462743
7,255,-2,-0.678070658494549
7,256,-1,-0.814878976610733
7,257,0,0.489683138341689
7,258,0,0.67224969119563
7,259,-1,0.784728719527522
7,260,0,0.743420610430812
7,261,1,0.572471998195473
7,262,0,0.170025191816863
7,263,-2,0.606879537368985
7,264,0,0.83092582679463
7,265,-2,0.731096529598555
7,266,2,1.02260007689457
7,267,-2,0.77751118935271
7,268,1,0.976641998469791
7,269,0,0.941900571028645
7,270,-1,0.46633141602614
7,271,-1,0.800631649877315
7,272,3,0.722064456936563
7,273,0,0.284354407384623
7,274,0,-0.236413544495044
7,275,3,-0.163201981917614
7,276,-2,-0.047631802173191
7,277,-1,-0.868505507444725
7,278,0,0.020282738099625
7,279,-3,-0.260345740174046
7,280,1,1.02903654654181
7,281,2,0.162545162377366
7,282,1,0.393338538154852
7,283,0,0.352114000520792
7,284,0,-0.419164734135045
7,285,0,0.162434837126839
7,286,0,-0.143507468183638
7,287,0,0.10647888784637
7,288,0,0.0621250986341137
7,289,1,0.273667246464348
7,290,0,-0.140104482802388
7,291,1,0.142050853351201
7,292,0,0.208791023504058
7,293,-3,0.208903788057196
7,294,0,0.622172659547414
7,295,0,0.608025798307866
7,296,1,0.909524349502205
7,297,0,0.861197197687157
7,298,-1,0.677076984079295
7,299,-1,0.886683549919506
7,300,2,0.354226684826447
7,301,0,0.379706677970993
7,302,2,0.212954271544678
7,303,0,0.255403909413804
7,304,-1,-0.133766296860471
7,305,-2,-0.173314583415615
7,306,1,0.314323415033452
7,307,-2,0.130872552422749
7,308,2,1.01362647760951
7,309,0,0.0186896689993409
7,310,0,0.609135846206121
7,311,-1,0.116575042407388
7,312,-1,0.518803751369439
7,313,0,0.717058406096005
7,314,-1,0.599223436952881
7,315,2,0.453332758452217
7,316,0,0.752592527361617
7,317,1,-0.084686053855128
7,318,0,0.352336347944538
7,319,-2,0.188257956977332
7,320,-1,0.423243258268454
7,321,-1,0.496996762897647
7,322,2,0.65624615511266
7,323,5,0.828680908656895
7,324,-4,-0.130561537634814
7,325,1,-0.531411104025313
7,326,-1,-0.354018806608416
7,327,-1,0.46066288336944
7,328,2,0.285823412766485
7,329,0,0.0856718151954574
7,330,1,-0.728827540982585
7,331,-2,-0.255690351607046
7,332,-1,-0.717740687820504
7,333,0,0.538545124589901
7,334,1,0.31718086535243
7,335,0,0.443957559084276
7,336,-1,0.83622006231913
7,337,0,0.40600041256984
7,338,2,0.599480136485408
7,339,-1,-0.0177505245040438
7,340,-1,0.178099079032192
7,341,-3,0.631825187585597
7,342,1,1.02707113396139
7,343,5,0.545675405820107
7,344,-1,0.783030953983485
7,345,1,-0.871824959202855
7,346,-2,0.0726447852219902
7,347,-1,-0.0384169847216227
7,348,3,-0.0521802558861343
7,349,-3,0.0834711918749023
7,350,0,-0.917445409257627
7,351,2,0.548486488157829
7,352,-1,-0.701133949528722
7,353,-2,0.295735822019724
7,354,0,0.488568698674862
7,355,1,0.269503101783418
7,356,-1,0.599453148259889
7,357,0,0.079930823016253
7,358,2,0.622326590885827
7,359,0,0.482131578181819
7,360,3,-0.552511940970547
7,361,0,-0.0709275274440088
8,1,1,-0.178442754512347
8,2,-2,-2.40891991356313
8,3,-3,-0.794120334131001
8,4,-4,0.330488170994469
8,5,3,0.0139088123447171
8,6,0,1.35975235465584
8,7,-5,-0.506567066887669
8,8,1,1.82369320317135
8,9,-1,-0.349535648734862
8,10,2,0.88469762514572
8,11,2,1.01674790468824
8,12,-2,-0.812182569300569
8,13,1,-0.123246665695771
8,14,7,-0.459645695202265
8,15,-3,-0.167440025171926
8,16,3,-2.19058988808668
8,17,1,-1.80830682966377
8,18,0,-1.38619094258603
8,19,1,-1.01557614954142
8,20,1,-0.0640173836203438
8,21,-4,-1.23710708626786
8,22,-5,0.616305374760696
8,23,0,-1.58463161977378
8,24,0,1.41323431756014
8,25,-1,1.25166733354543
8,26,0,2.11285161788576
8,27,-3,1.28183147550226
8,28,-1,1.0856605760639
8,29,2,1.15097911579668
8,30,3,1.02695082898847
8,31,-1,0.327845978118221
8,32,-2,-0.0819944560345613
8,33,-1,0.243637704339975
8,34,3,0.234091241834989
8,35,-3,0.378162815965452
8,36,1,-0.0545560671598408
8,37,0,-0.422168449986061
8,38,1,0.292602703324938
8,39,-1,-0.35286140063575
8,40,-2,0.869044676499732
8,41,2,-0.564821556348907
8,42,1,0.484979641909138
8,43,0,-0.443442498033083
8,44,-1,0.570592601935523
8,45,0,0.491658425225064
8,46,0,0.15069128692577
8,47,1,0.528077538200438
8,48,-1,-0.0142695476890191
8,49,0,0.707910252440345
8,50,0,0.179865801243667
8,51,0,0.527677635680341
8,52,-1,0.525426831495357
8,53,2,0.818577492649404
8,54,0,0.371661694994998
8,55,1,0.106075765008798
8,56,-2,0.225775049370857
8,57,1,0.516058031335843
8,58,1,0.126691583335088
8,59,0,0.449579094181284
8,60,0,-0.157105584087983
8,61,3,0.521576417229985
8,62,5,-0.353717533029116
8,63,1,-0.956944831126735
8,64,2,-2.10288679399071
8,65,-5,-1.15840015174517
8,66,-5,-0.533418588164421
8,67,6,0.439668581887531
8,68,8,0.0134236127374985
8,69,-13,-2.33388995891005
8,70,-1,-1.29369927322179
8,71,-1,-2.47707259551246
8,72,-1,1.45230592496394
8,73,1,1.45392227560634
8,74,2,0.325177715241728
8,75,4,0.0437107359279891
8,76,1,-1.61987518579073
8,77,-5,-3.50453692609601
8,78,0,-0.0693016537577926
8,79,0,0.104906853758181
8,80,0,0.539880072581054
8,81,2,0.603949279224482
8,82,1,-0.800511644903725
8,83,8,-0.481768840026515
8,84,-5,-1.05257295344041
8,85,-5,-2.72409453669878
8,86,1,-1.74549487287087
8,87,1,1.12193455807098
8,88,0,0.0534501948876856
8,89,-1,1.70558320477738
8,90,-1,0.0907479052150042
8,91,-1,0.444241850599914
8,92,0,-1.26794300944777
8,93,1,0.962213334088563
8,94,-1,0.881064183364327
8,95,1,0.869844481539927
8,96,-1,0.50062732286448
8,97,2,0.549026632565942
8,98,0,0.207476661710433
8,99,0,0.1056758624887
8,100,1,0.196256959886033
8,101,-2,0.230676560260921
8,102,-1,0.355323509796554
8,103,0,0.713792710683376
8,104,1,0.233715343024862
8,105,0,0.71992975930494
8,106,1,0.608119138888761
8,107,2,0.389960082655422
8,108,6,-0.0116070145227009
8,109,7,-0.648660907369332
8,110,-10,-2.70512118394235
8,111,-4,-2.57560349726621
8,112,0,-0.642330021480295
8,113,-2,1.15853660108247
8,114,1,1.36678668265345
8,115,1,0.75706270694487
8,116,0,0.0934938683614471
8,117,-1,-0.882573949519247
8,118,0,-1.09386793849129
8,119,0,0.312225613505254
8,120,0,0.528077538200438
8,121,2,0.686961158074841
8,122,-1,0.422528781365423
8,123,-1,0.0735070662987957
8,124,0,0.438540534669655
8,125,0,0.476410646789819
8,126,-1,0.528477440720535
8,127,1,0.980511721748986
8,128,2,0.0959977899999427
8,129,10,0.314912150381543
8,130,5,-0.616435783826256
8,131,-13,-4.43506229561113
8,132,-3,-5.2566704494145
8,133,-1,0.727953743495985
8,134,3,1.02750309906412
8,135,0,1.59367537913692
8,136,-2,0.726963646868283
8,137,2,-0.778801674586217
8,138,-3,-2.46313031473911
8,139,2,-0.98286729618497
8,140,-2,0.587694762002955
8,141,3,-0.439950631571152
8,142,-2,0.315893097734509
8,143,1,-0.359928027291975
8,144,-3,-0.447824298744275
8,145,3,0.976844237519731
8,146,-1,-0.592781182736025
8,147,1,0.255527438210103
8,148,0,-1.09548088407946
8,149,-2,0.577744917010572
8,150,1,-0.280681147550932
8,151,2,0.613945269778621
8,152,-2,-0.82046617773168
8,153,3,0.364806825787956
8,154,-2,-0.26819337661786
8,155,1,-0.423578469337932
8,156,-1,0.121390169924926
8,157,2,0.71281176333041
8,158,-4,-0.522872231018154
8,159,2,0.795275137446826
8,160,0,-1.05477892294144
8,161,2,0.437496440803106
8,162,0,-0.325994017856007
8,163,2,0.263759677322909
8,164,-1,-0.960458538651553
8,165,-2,-0.250361391900367
8,166,-1,-0.612969782199843
8,167,-1,0.719094124093538
8,168,0,0.0752879530237271
8,169,1,1.28568188976763
8,170,0,0.182140609138621
8,171,0,0.737828244445266
8,172,0,0.230732887614092
8,173,0,0.363092699875679
8,174,1,0.363492602395776
8,175,4,0.3930106918806
8,176,1,0.15032721457688
8,177,1,-1.30084806281932
8,178,-1,-0.537930520646689
8,179,1,-0.265546023822029
8,180,1,-0.468978539132521
8,181,1,0.123459831797138
8,182,-3,-1.58948498762062
8,183,-7,0.645423561725423
8,184,2,0.419358521373363
8,185,0,1.20595138798427
8,186,1,1.41785374055603
8,187,-1,1.6819834037068
8,188,3,0.868644773979635
8,189,3,-0.115991893968632
8,190,-1,-0.79275979784217
8,191,-3,-1.46193116682636
8,192,-3,0.213719712335054
8,193,2,0.156013197517895
8,194,4,0.764082232188232
8,195,-4,-0.319878761031371
8,196,-1,-0.973375083451884
8,197,1,0.0196200409548177
8,198,-3,-0.229340529421384
8,199,-1,0.976592945935233
8,200,-2,1.06331701764075
8,201,1,-0.314561857740071
8,202,3,0.81195503668665
8,203,-2,0.252303998616269
8,204,4,0.0534722928053745
8,205,-1,0.149708551849458
8,206,-4,-1.19039779509424
8,207,1,0.344684852805022
8,208,0,0.837530554381722
8,209,1,-0.549932582571905
8,210,3,1.03769699905375
8,211,-2,-1.65559997848434
8,212,1,-0.593464818552756
8,213,-3,-0.915074160622819
8,214,2,0.492241257781279
8,215,-2,0.267676718069165
8,216,0,0.86041253486683
8,217,-1,-0.396969038835087
8,218,-1,1.14694755921853
8,219,0,0.186023347047194
8,220,-1,1.12334775814795
8,221,1,0.414347862304964
8,222,-1,0.827146487768724
8,223,-3,0.581251756109018
8,224,2,1.02909217376322
8,225,2,0.757181208697681
8,226,0,0.171613064948898
8,227,4,0.259657971473039
8,228,3,0.0925591047159047
8,229,-4,-1.91521647546745
8,230,-1,-0.984721478356906
8,231,-1,-0.449059836475774
8,232,1,-0.275104312788252
8,233,-4,0.540153372418204
8,234,0,-0.0838057297765682
8,235,0,-0.011849427652501
8,236,-1,0.309236473265842
8,237,2,0.560758891616782
8,238,1,1.01779900131293
8,239,-2,-0.0259404720858628
8,240,-2,0.511156520445779
8,241,2,0.683474816158358
8,242,1,0.326495924554832
8,243,-4,0.300978595338478
8,244,1,0.690977408224449
8,245,3,0.670294911871979
8,246,-2,0.0324206434009901
8,247,-1,0.0542720978455687
8,248,1,0.299611447623207
8,249,2,0.185510789820755
8,250,2,-0.137065803293737
8,251,2,-0.00212369853129823
8,252,-3,-1.79054035645301
8,253,-2,-0.477033115899855
8,254,-1,-0.437532723447677
8,255,0,0.725195342543894
8,256,0,0.558383606264219
8,257,-1,0.928868834048337
8,258,0,0.28158814752328
8,259,1,0.505985063627813
8,260,0,0.266352195549272
8,261,-2,0.576293917865782
8,262,0,0.786008793939403
8,263,-2,0.584427180293797
8,264,2,0.956694948194421
8,265,-2,0.80619739340322
8,266,1,0.857761828161748
8,267,0,0.609043758888556
8,268,-1,0.742729755335331
8,269,-1,0.493258035305453
8,270,3,0.928844830338366
8,271,0,-0.194502164449024
8,272,0,-0.204858865453687
8,273,3,0.0634972451043492
8,274,-2,-0.0632739059333203
8,275,-1,-0.751948535907062
8,276,0,0.384622839074052
8,277,-3,-0.659367583843501
8,278,1,0.924926054524614
8,279,2,0.627528430494347
8,280,1,-0.332812588768049
8,281,0,0.130692343603557
8,282,0,-0.174628296476232
8,283,0,-0.124960791608049
8,284,0,0.0400240467167108
8,285,0,0.363492602395776
8,286,0,-0.04418753969394
8,287,1,0.52502692897526
8,288,0,0.10176725974461
8,289,1,0.414359688766201
8,290,0,0.228425756075938
8,291,-3,0.25242545966662
8,292,0,0.594956377875095
8,293,0,0.695094420502856
8,294,1,0.857247409809763
8,295,0,0.878813379179344
8,296,-1,0.898962668504653
8,297,-1,0.492458230265258
8,298,2,0.605776177179398
8,299,0,0.374712304220177
8,300,2,0.268009994108379
8,301,0,0.25529313885568
8,302,-1,-0.220843302415543
8,303,-2,0.004804641301628
8,304,1,0.575858185174477
8,305,-2,-0.113353013724788
8,306,2,1.16949626366443
8,307,0,-0.0573111166271481
8,308,0,0.431795124872847
8,309,-1,0.0669477568496244
8,310,-1,0.656243361029726
8,311,0,0.444641753120011
8,312,-1,0.800279104988981
8,313,2,0.414347862304964
8,314,0,0.695130250674064
8,315,1,-0.023633340547708
8,316,0,0.225775049370857
8,317,-2,0.252025557146523
8,318,-1,0.301405814200951
8,319,-1,0.716443417388457
8,320,2,0.36613148263962
8,321,5,0.860115088998823
8,322,-4,0.0358027409420366
8,323,1,-0.95475211703368
8,324,-1,-0.149579157926154
8,325,-1,0.395844328621798
8,326,2,0.443190753975222
8,327,0,0.451235239348815
8,328,1,-1.32292437950996
8,329,-2,0.096065943814351
8,330,-1,-0.648915697208115
8,331,0,0.390724057524408
8,332,1,0.802929811694062
8,333,0,0.15071529063574
8,334,-1,0.89936257102475
8,335,0,0.362749124708752
8,336,2,0.473759940084738
8,337,-1,0.264045064011118
8,338,-1,0.235441295398377
8,339,-3,0.600074861249139
8,340,1,0.8724593580738
8,341,5,0.728462924253052
8,342,-1,0.967550577669932
8,343,1,-1.43156190298304
8,344,-2,0.00342200370521864
8,345,-1,-0.0956033472540337
8,346,3,0.0680553068855373
8,347,-3,0.700431664084226
8,348,0,-1.23781029868846
8,349,2,0.848276724447
8,350,-1,-0.734492827063293
8,351,-2,0.0747067738590872
8,352,0,1.05515975150277
8,353,1,-0.551351050339522
8,354,-1,0.561046139430537
8,355,0,0.449291846367529
8,356,2,0.224963417869425
8,357,0,0.26364516149102
8,358,3,-0.349352700411757
8,359,0,0.0933589097560992
8,360,0,-0.855246488557093
8,361,0,-0.291796531597695
9,1,-1,-0.514992698355976
9,2,2,1.26795538732123
9,3,2,0.725744814875993
9,4,-2,-0.38885708581295
9,5,1,0.348950112383916
9,6,7,-0.650644983904161
9,7,-3,-0.152368463980815
9,8,3,-2.24399349842301
9,9,1,-2.02068492021452
9,10,0,-1.5825801527962
9,11,1,-1.13759049403919
9,12,1,-0.499867074642567
9,13,-4,-2.10468729188602
9,14,-5,0.192328685496016
9,15,0,-1.49557748250167
9,16,0,1.07783174161687
9,17,-1,1.32973172329495
9,18,0,2.08327348878566
9,19,-3,1.83938317283187
9,20,-1,1.83216577267018
9,21,2,1.00161228370727
9,22,3,1.07165802951958
9,23,-1,0.319273621074662
9,24,-2,-0.206958276401857
9,25,-1,0.629284790325654
9,26,3,0.36649113074072
9,27,-3,0.286104859913213
9,28,1,-0.208668375821411
9,29,0,-0.0526683427607246
9,30,1,0.361799637815529
9,31,-1,-0.0322748797826504
9,32,-2,0.345932795792516
9,33,2,0.337559821320453
9,34,1,0.329906695407814
9,35,0,-0.537546235849799
9,36,-1,0.286578274188425
9,37,0,0.747731807213392
9,38,0,0.486446087628438
9,39,1,0.51535671773867
9,40,-1,0.284663201498875
9,41,0,0.552259892675647
9,42,0,0.348407088965112
9,43,0,0.714850053989215
9,44,-1,0.724154844610355
9,45,2,0.873901491331222
9,46,0,0.5387048222795
9,47,1,0.0115933016715016
9,48,-2,0.390735988753648
9,49,1,0.373872489039583
9,50,1,0.230102428020594
9,51,0,0.0955671584779876
9,52,0,-0.0478984794271243
9,53,3,0.549820594353893
9,54,5,0.0514179937701701
9,55,1,-1.11107996930886
9,56,2,-2.19754328214579
9,57,-5,-1.31306290248002
9,58,-5,-0.84309138576602
9,59,6,-0.122766160464246
9,60,8,-0.398057276841276
9,61,-13,-2.24243646781227
9,62,-1,-1.27904806739554
9,63,-1,-3.4263931783437
9,64,-1,1.46387739903095
9,65,1,-0.00024559667224644
9,66,2,-0.614532468667448
9,67,4,-0.442045568521835
9,68,1,-1.68589543540001
9,69,-5,-3.49054773051493
9,70,0,-0.0522880155095518
9,71,0,-0.482746122855532
9,72,0,0.608636801757734
9,73,2,0.588527072459231
9,74,1,0.0221504718673586
9,75,8,-0.0471771908240319
9,76,-5,-1.23209151956403
9,77,-5,-2.53430229898722
9,78,1,-2.07911261508248
9,79,1,-0.217879227574751
9,80,0,0.207947881113298
9,81,-1,1.0503733095196
9,82,-1,-0.861986771593385
9,83,-1,1.09110765535195
9,84,0,-1.32834549730753
9,85,1,0.922107072602682
9,86,-1,1.03275723886926
9,87,1,0.819490466295678
9,88,-1,0.648661771752539
9,89,2,0.531146113186575
9,90,0,0.280779039280609
9,91,0,-0.116117490704548
9,92,1,0.498221908238133
9,93,-2,0.281701114136354
9,94,-1,0.380706249672169
9,95,0,0.457813177587832
9,96,1,0.550344819986097
9,97,0,0.911880207125797
9,98,1,0.304263944539282
9,99,2,0.75772981462807
9,100,6,-0.0501673499961063
9,101,7,-0.738802774526104
9,102,-10,-2.75685262265046
9,103,-4,-2.3909265975548
9,104,0,-2.10087698529281
9,105,-2,0.21812450292216
9,106,1,0.746380147065687
9,107,1,-0.307545366057827
9,108,0,-0.170081572453558
9,109,-1,-0.633463600035923
9,110,0,-0.995209061295923
9,111,0,0.62596586887242
9,112,0,0.624424760614201
9,113,2,0.754606582978805
9,114,-1,0.56915656064795
9,115,-1,0.091098512776091
9,116,0,0.508448773715018
9,117,0,0.556687523244716
9,118,-1,0.752135552990251
9,119,1,0.92299597920019
9,120,2,0.484156537749421
9,121,10,0.27549567037227
9,122,5,-0.739793021934003
9,123,-13,-4.23110336465537
9,124,-3,-5.07084223502079
9,125,-1,-1.68791029225923
9,126,3,0.616809566159798
9,127,0,0.306168588518033
9,128,-2,-2.78042156842681
9,129,2,0.846796919898071
9,130,-3,-2.26617993752638
9,131,2,-0.911274773587752
9,132,-2,0.0837567330186175
9,133,3,-0.0788273496299006
9,134,-2,0.508219915652812
9,135,1,-0.688987456830736
9,136,-3,0.0975568723859068
9,137,3,0.610032290888691
9,138,-1,-0.252640189735168
9,139,1,-0.152504799642047
9,140,0,-0.34450714152452
9,141,-2,0.277306651825523
9,142,1,0.283349118038219
9,143,2,0.22172755912979
9,144,-2,-0.360535068501825
9,145,3,0.159724656743084
9,146,-2,-0.381832286893083
9,147,1,-0.213449291511775
9,148,-1,-0.0067095754892248
9,149,2,0.334156975182822
9,150,-4,0.0460323696612125
9,151,2,0.35701683620011
9,152,0,-0.631269371242576
9,153,2,0.228221447422584
9,154,0,-0.040030715270981
9,155,2,-0.132289210216511
9,156,-1,-0.0801373144566179
9,157,-2,-0.552430677339503
9,158,-1,-0.263331413943386
9,159,-1,0.476489095346587
9,160,0,0.426895417443687
9,161,1,1.11072134171563
9,162,0,0.650666779965399
9,163,0,0.790620851318275
9,164,0,0.487926870209093
9,165,0,0.65641760724087
9,166,1,0.565992313865856
9,167,4,0.458506394381371
9,168,1,-0.00107286212713864
9,169,1,-1.3227646184914
9,170,-1,-0.691299693514211
9,171,1,-0.52693028241419
9,172,1,-0.425235750962932
9,173,1,-0.429589198140935
9,174,-3,-1.11707815815408
9,175,-7,0.393404145137609
9,176,2,0.418943263154414
9,177,0,0.525387893411587
9,178,1,1.24249600752875
9,179,-1,1.49103994333256
9,180,3,1.12121808478917
9,181,3,0.74657302742085
9,182,-1,-1.07129027206104
9,183,-3,-1.26454361462866
9,184,-3,0.172787745931962
9,185,2,0.204174105806227
9,186,4,0.344537306661558
9,187,-4,-0.30648923718972
9,188,-1,-0.46247328726362
9,189,1,0.00554108654404439
9,190,-3,0.0557457201202851
9,191,-1,0.71255082901242
9,192,-2,0.623913023930199
9,193,1,0.905501130807961
9,194,3,0.880438221349448
9,195,-2,-0.0944357294676133
9,196,4,0.304806967958086
9,197,-1,0.157080385151332
9,198,-4,-0.940259121640316
9,199,1,0.37595844290759
9,200,0,0.0542602377641506
9,201,1,0.0990124563398851
9,202,3,0.735971680352878
9,203,-2,-1.08545051469393
9,204,1,-0.181489613143344
9,205,-3,-1.0981752834239
9,206,2,0.40960903290781
9,207,-2,0.0508339646616129
9,208,0,0.416142499741994
9,209,-1,0.259603565348673
9,210,-1,1.17161697157794
9,211,0,0.610594261797642
9,212,-1,0.933916061470615
9,213,1,1.05524313545522
9,214,-1,0.865256749245384
9,215,-3,0.530155865778676
9,216,2,1.2190551526648
9,217,2,0.578494519527327
9,218,0,0.198429757589436
9,219,4,0.0140311634018181
9,220,3,0.305938125274692
9,221,-4,-1.56136228207083
9,222,-1,-1.20204380480628
9,223,-1,-0.841843648264915
9,224,1,0.148879270621861
9,225,-4,0.214220975228325
9,226,0,0.0884013714308118
9,227,0,0.607954641722578
9,228,-1,0.569921668791219
9,229,2,0.848303018779559
9,230,1,0.878647861504363
9,231,-2,0.309927815320694
9,232,-2,0.373839320781346
9,233,2,0.637081640946813
9,234,1,0.436503708294791
9,235,-4,-0.000174672063602443
9,236,1,0.645842963217151
9,237,3,0.580924534383054
9,238,-2,0.15119052949059
9,239,-1,-0.203247747418537
9,240,1,0.299791111820041
9,241,2,0.724840214529304
9,242,2,-0.34354725701812
9,243,2,-0.489285028676255
9,244,-3,-1.23130159390944
9,245,-2,-0.423871993498774
9,246,-1,-0.655391354077302
9,247,0,0.532450512106378
9,248,0,0.685819294725068
9,249,-1,1.0577551805766
9,250,0,0.977177691798455
9,251,1,0.764495402708502
9,252,0,0.545470410359931
9,253,-2,0.43296498432323
9,254,0,0.953406702435811
9,255,-2,0.65641760724087
9,256,2,1.17686860881948
9,257,-2,0.636893798017435
9,258,1,0.734008669489212
9,259,0,0.767034605249211
9,260,-1,0.57251793382545
9,261,-1,0.931370848090994
9,262,3,0.746190698955173
9,263,0,0.343747849907932
9,264,0,-0.370021851990637
9,265,3,0.202020378830307
9,266,-2,0.203737011289983
9,267,-1,-0.620232814634026
9,268,0,0.013744155464546
9,269,-3,-0.0979859651298969
9,270,1,1.18459127604957
9,271,2,0.0802272830700097
9,272,1,0.195073026485547
9,273,0,0.122210299679842
9,274,0,-0.397146831474338
9,275,0,0.409370891379575
9,276,0,0.159241959001843
9,277,0,0.347856228114793
9,278,0,0.264438328607311
9,279,1,0.705512095109838
9,280,0,0.268901877860523
9,281,1,0.274802453578731
9,282,0,0.400073947633026
9,283,-3,0.116639922834232
9,284,0,0.812304797800783
9,285,0,0.438281521489807
9,286,1,1.06849378273749
9,287,0,0.932993986614869
9,288,-1,0.693361797310676
9,289,-1,1.00315339196549
9,290,2,0.685287222218273
9,291,0,0.457617487783863
9,292,2,0.0606877895404693
9,293,0,0.392318112144695
9,294,-1,-0.223644425321861
9,295,-2,0.338477254102587
9,296,1,0.446926263575645
9,297,-2,0.124029640765821
9,298,2,0.825705193525791
9,299,0,0.0873028494896954
9,300,0,0.409038865914374
9,301,-1,0.466779922461784
9,302,-1,0.697096211086205
9,303,0,0.782546276225873
9,304,-1,0.654876498982651
9,305,2,0.837107049704154
9,306,0,0.727319091392449
9,307,1,-0.0384914336053656
9,308,0,0.49980403162918
9,309,-2,0.0979971733337137
9,310,-1,0.643915401579398
9,311,-1,0.46715113646721
9,312,2,0.70692522733955
9,313,5,0.804394287641312
9,314,-4,-0.125752480198286
9,315,1,-0.715468062642166
9,316,-1,-0.337665248231968
9,317,-1,0.121957896592246
9,318,2,0.392864394345921
9,319,0,0.119707925254618
9,320,1,-0.861514671833835
9,321,-2,0.122515167725717
9,322,-1,-0.711749705670407
9,323,0,0.505977743726464
9,324,1,0.664214457862029
9,325,0,0.579874483498802
9,326,-1,0.602936503935662
9,327,0,0.73493257093756
9,328,2,0.65641760724087
9,329,-1,0.457617487783863
9,330,-1,0.031124957769527
9,331,-3,0.647968554959
9,332,1,1.07956853967905
9,333,5,0.614197895137316
9,334,-1,0.58097483298191
9,335,1,-1.08652925159062
9,336,-2,0.0995368450004944
9,337,-1,-0.183622606827786
9,338,3,0.0274448449879543
9,339,-3,0.200654794773546
9,340,0,-1.04745293768823
9,341,2,0.531144676595137
9,342,-1,-0.379383714548376
9,343,-2,0.147026761277644
9,344,0,0.737741646673303
9,345,1,0.21988020461732
9,346,-1,0.781698384761193
9,347,0,0.0531037496208219
9,348,2,0.59411348722246
9,349,0,0.657110824034409
9,350,3,-0.435936997848238
9,351,0,0.125087538524664
9,352,0,-0.793873848096949
9,353,0,-0.076028936249757
9,354,-2,0.0128884171252761
9,355,0,0.230822343456767
9,356,1,0.378307966483242
9,357,-1,-0.0601085901457141
9,358,0,0.729065172920665
9,359,-1,0.219706049181163
9,360,-1,1.07092379759321
9,361,-1,0.86209250246329
10,1,-2,-0.428561827549908
10,2,1,0.382779795468557
10,3,7,-0.744667030623422
10,4,-3,-0.229813618731685
10,5,3,-2.22987845450534
10,6,1,-2.08297542678514
10,7,0,-1.0504642040753
10,8,1,-1.15009805847728
10,9,1,-0.626341120984474
10,10,-4,-2.25417085457776
10,11,-5,0.136913870683488
10,12,0,-1.64032478890959
10,13,0,1.02463429964642
10,14,-1,1.38622200166237
10,15,0,2.21242812095165
10,16,-3,1.88218115285032
10,17,-1,1.84424598897312
10,18,2,1.00324713811982
10,19,3,1.06008543667666
10,20,-1,0.389968313621049
10,21,-2,-0.177502466388509
10,22,-1,0.577399097269549
10,23,3,0.256470778367716
10,24,-3,0.255365333168495
10,25,1,-0.205401259088361
10,26,0,-0.0648606969046595
10,27,1,0.279142994521909
10,28,-1,-0.00787400585307185
10,29,-2,0.2971918850983
10,30,2,0.291605910974194
10,31,1,0.274885637706703
10,32,0,-0.549961630375871
10,33,-1,0.315715760450888
10,34,0,0.691338968441852
10,35,0,0.436330597410638
10,36,1,0.470246620855849
10,37,-1,0.263304528396813
10,38,0,0.537540974834146
10,39,0,0.322910953045937
10,40,0,0.665669392424656
10,41,-1,0.719229008917636
10,42,2,0.849071167590052
10,43,0,0.52386802576849
10,44,1,-0.0059210557963314
10,45,-2,0.391757886713788
10,46,1,0.305594864463614
10,47,1,0.198588823031307
10,48,0,0.0360342425880973
10,49,0,-0.0420763928801046
10,50,3,0.50568348539013
10,51,5,0.0023837575379918
10,52,1,-1.14027983152315
10,53,2,-2.21824553197989
10,54,-5,-1.41743131792508
10,55,-5,-0.651817787453042
10,56,6,-0.238623408340737
10,57,8,-0.546515381209133
10,58,-13,-2.20222242718424
10,59,-1,-1.16110454267827
10,60,-1,-3.01623727950034
10,61,-1,2.15846206338621
10,62,1,1.32190057867023
10,63,2,-0.69637979809619
10,64,4,-0.449864418084711
10,65,1,-1.70239245918924
10,66,-5,-3.57226140459214
10,67,0,-0.134758199637016
10,68,0,-0.450958880761478
10,69,0,0.519509550362278
10,70,2,0.642081559207317
10,71,1,-0.0222108230142154
10,72,8,-0.0355898193822444
10,73,-5,-1.27773252991561
10,74,-5,-2.59498253625018
10,75,1,-2.134063912405
10,76,1,0.453990725885548
10,77,0,0.241338838959482
10,78,-1,1.15938144118808
10,79,-1,-0.968016176573824
10,80,-1,1.06994746871139
10,81,0,-1.42221600109903
10,82,1,0.918208009104878
10,83,-1,1.04450821165482
10,84,1,0.838609654223543
10,85,-1,0.639266949610204
10,86,2,0.491264620011297
10,87,0,0.276358962872074
10,88,0,-0.160097026326096
10,89,1,0.49852351222956
10,90,-2,0.205748796191877
10,91,-1,0.350521182630654
10,92,0,0.417026339337097
10,93,1,0.485129742780071
10,94,0,0.935258559292095
10,95,1,0.308722406627731
10,96,2,0.75579986364306
10,97,6,-0.0887308463768132
10,98,7,-0.764303016061993
10,99,-10,-2.79935061910728
10,100,-4,-2.47128106341065
10,101,0,-1.75117350184355
10,102,-2,0.699748628732266
10,103,1,1.51559888092633
10,104,1,-0.311391707387038
10,105,0,-0.195006026300041
10,106,-1,-0.612836713119908
10,107,0,-1.08019042851756
10,108,0,0.58322330627027
10,109,0,0.586779534888706
10,110,2,0.749588803744412
10,111,-1,0.554227820595265
10,112,-1,0.079118073218607
10,113,0,0.481472962042344
10,114,0,0.481133627068116
10,115,-1,0.74095550541847
10,116,1,0.917074018913735
10,117,2,0.458727299965619
10,118,10,0.264424124340193
10,119,5,-0.739463249893003
10,120,-13,-4.24817742336984
10,121,-3,-5.10972677737234
10,122,-1,-0.7140594411757
10,123,3,0.755160829717684
10,124,0,1.64587070798455
10,125,-2,-2.87100758742706
10,126,2,0.886896823319613
10,127,-3,-2.40907910580043
10,128,2,-0.976425634142992
10,129,-2,0.0895694896292094
10,130,3,-0.16803562739422
10,131,-2,0.562984407430768
10,132,1,-0.765750764833794
10,133,-3,0.114328916084116
10,134,3,0.509249810964474
10,135,-1,-0.255572424477171
10,136,1,-0.199969421257459
10,137,0,-0.326523086784803
10,138,-2,0.192679967468853
10,139,1,0.267496552527206
10,140,2,0.157218733482703
10,141,-2,-0.412167089169075
10,142,3,0.183629990848054
10,143,-2,-0.43383106271694
10,144,1,-0.274012528046531
10,145,-1,-0.00264388504226032
10,146,2,0.234998970279378
10,147,-4,0.0510162835700118
10,148,2,0.302231535838015
10,149,0,-0.664100832479964
10,150,2,0.161224824398764
10,151,0,0.0178098426600859
10,152,2,-0.189106784497062
10,153,-1,-0.106715915578188
10,154,-2,-0.639552199593043
10,155,-1,-0.330934598386607
10,156,-1,0.38519321934495
10,157,0,0.390952568069251
10,158,1,1.13310356928819
10,159,0,0.652186271495075
10,160,0,0.818017147913851
10,161,0,0.469803661905569
10,162,0,0.613583101097046
10,163,1,0.534693243561096
10,164,4,0.427927618045324
10,165,1,-0.0207279950531302
10,166,1,-1.33641110043734
10,167,-1,-0.742615161508988
10,168,1,-0.478470944315205
10,169,1,-0.512798188110211
10,170,1,-0.512543499697715
10,171,-3,-1.17858820262215
10,172,-7,0.342103930769379
10,173,2,0.338183005133234
10,174,0,0.465231339568004
10,175,1,1.2959758495436
10,176,-1,1.82311769139907
10,177,3,1.10563902165817
10,178,3,0.7606608868859
10,179,-1,-1.12583659669244
10,180,-3,-1.28285136219256
10,181,-3,0.0638570961241294
10,182,2,0.0772402021459968
10,183,4,0.307451624496105
10,184,-4,-0.290349932939915
10,185,-1,-0.406902577413795
10,186,1,-0.0477375268085665
10,187,-3,0.107965965735368
10,188,-1,0.751024709941992
10,189,-2,0.606908257061401
10,190,1,0.84270644380659
10,191,3,0.929738530634309
10,192,-2,-0.0945747305711654
10,193,4,0.36859124905035
10,194,-1,0.127260062049815
10,195,-4,-1.02373682053438
10,196,1,0.36747130245038
10,197,0,0.103659116989722
10,198,1,0.0597127150474532
10,199,3,0.794745440872079
10,200,-2,-1.1618139920478
10,201,1,-0.177732785349137
10,202,-3,-1.18223188753416
10,203,2,0.301637512451291
10,204,-2,0.0505763964764924
10,205,0,0.365219105873852
10,206,-1,0.285810246965394
10,207,-1,1.11102346531717
10,208,0,0.630418811761297
10,209,-1,0.910924747434746
10,210,1,1.05577331654095
10,211,-1,0.875889006294353
10,212,-3,0.516104386180286
10,213,2,1.2254116874773
10,214,2,0.538311260599192
10,215,0,0.21124248476927
10,216,4,0.0721884190186642
10,217,3,0.258236210913374
10,218,-4,-1.61817552175319
10,219,-1,-1.25542975380221
10,220,-1,-0.822978222458507
10,221,1,0.0028512076919428
10,222,-4,0.2378243081073
10,223,0,0.0390863179967864
10,224,0,0.61220916739776
10,225,-1,0.515186507256996
10,226,2,0.913317223268295
10,227,1,0.878373033141306
10,228,-2,0.323085179992548
10,229,-2,0.375071040952668
10,230,2,0.565038765891911
10,231,1,0.382785253413618
10,232,-4,0.0146857230093209
10,233,1,0.661951295675661
10,234,3,0.533621041789613
10,235,-2,0.101904763331462
10,236,-1,-0.138787208120119
10,237,1,0.250197057725959
10,238,2,0.64733059400129
10,239,2,-0.346837007638521
10,240,2,-0.488687866225126
10,241,-3,-1.28892445100412
10,242,-2,-0.499833736389942
10,243,-1,-0.773968896174675
10,244,0,0.428646212346618
10,245,0,0.696421558421252
10,246,-1,1.07773013200241
10,247,0,0.990883734885418
10,248,1,0.754955781298892
10,249,0,0.523023943424321
10,250,-2,0.438058610988505
10,251,0,0.934110296604991
10,252,-2,0.613583101097046
10,253,2,1.14618249496713
10,254,-2,0.659873728415856
10,255,1,0.730734407968496
10,256,0,0.809359480136041
10,257,-1,0.515475143359084
10,258,-1,0.958444108462339
10,259,3,0.694895197060288
10,260,0,0.31296858129713
10,261,0,-0.365981311261412
10,262,3,0.200568102508319
10,263,-2,0.117153438558503
10,264,-1,-0.652497739806506
10,265,0,-0.036744985416693
10,266,-3,-0.23310064293806
10,267,1,1.18997482294302
10,268,2,0.0600055569610496
10,269,1,0.166770447943513
10,270,0,0.189855323242664
10,271,0,-0.440750619960975
10,272,0,0.346601249586121
10,273,0,0.0867318553120676
10,274,0,0.301627415495383
10,275,0,0.215894183382821
10,276,1,0.681585952420729
10,277,0,0.237871824030998
10,278,1,0.253522845631966
10,279,0,0.375841326717715
10,280,-3,0.0689870802754259
10,281,0,0.777450299228274
10,282,0,0.380517273031332
10,283,1,1.0405508596425
10,284,0,0.981534914114944
10,285,-1,0.694200972210863
10,286,-1,0.999690909501381
10,287,2,0.634175607406737
10,288,0,0.429061608236467
10,289,2,0.0620817955273516
10,290,0,0.401525175230872
10,291,-1,-0.280186168977388
10,292,-2,0.304220458355936
10,293,1,0.353699434327032
10,294,-2,0.0701354647143316
10,295,2,0.816482034328821
10,296,0,0.0989325828956448
10,297,0,0.388480715959717
10,298,-1,0.493003483571774
10,299,-1,0.626892345736605
10,300,0,0.757991783109726
10,301,-1,0.617139329715482
10,302,2,0.822707488475232
10,303,0,0.738763585951805
10,304,1,-0.0490841409510251
10,305,0,0.508290800746645
10,306,-2,0.0313440237785184
10,307,-1,0.60996508405895
10,308,-1,0.401109779341023
10,309,2,0.659898219619526
10,310,5,0.828492933776322
10,311,-4,-0.108439421452805
10,312,1,-0.682972008591944
10,313,-1,-0.404281402544742
10,314,-1,0.334265287660352
10,315,2,0.420705856465094
10,316,0,0.047165962008754
10,317,1,-0.898781763188202
10,318,-2,0.115528973493381
10,319,-1,-0.80422705369226
10,320,0,0.472839663716403
10,321,1,0.601222769719408
10,322,0,0.586099704287044
10,323,-1,0.615311114674913
10,324,0,0.723461996280974
10,325,2,0.613583101097046
10,326,-1,0.429061608236467
10,327,-1,0.030588010509433
10,328,-3,0.628365670901976
10,329,1,1.00904280212862
10,330,5,0.603830085075923
10,331,-1,0.583492267178728
10,332,1,-1.02234930258395
10,333,-2,0.0740397805310629
10,334,-1,0.0389029207996638
10,335,3,-0.0163685255716683
10,336,-3,0.124265895795375
10,337,0,-1.08053158569135
10,338,2,0.537516605382277
10,339,-1,-0.486810863515972
10,340,-2,0.192047242709329
10,341,0,0.709677766865218
10,342,1,0.132414659156584
10,343,-1,0.772449290436389
10,344,0,0.0603692613871465
10,345,2,0.574126223807333
10,346,0,0.624484379805273
10,347,3,-0.443485912707073
10,348,0,0.100456495841476
10,349,0,-0.855141984625784
10,350,0,-0.118057081379935
10,351,-2,-0.105087171714604
10,352,0,0.165999811521877
10,353,1,0.331987210322158
10,354,-1,-0.123207475258171
10,355,0,0.759719796687593
10,356,-1,0.193574748685162
10,357,-1,1.03586064083292
10,358,-1,0.856354429260184
10,359,0,1.01769037295052
10,360,3,1.15127383717059
10,361,-1,0.907382791312272
11,1,-3,-0.154305395455845
11,2,3,-2.26600060413545
11,3,1,-1.95015062511725
11,4,0,-1.58568554785911
11,5,1,-1.14894245104528
11,6,1,-0.414291083694927
11,7,-4,-2.10668449172356
11,8,-5,0.208783191012445
11,9,0,-1.41837785302694
11,10,0,1.07499679050299
11,11,-1,1.33478730114584
11,12,0,2.12345677764538
11,13,-3,1.73127413434857
11,14,-1,1.8188647184143
11,15,2,1.01761467725875
11,16,3,1.09061917220689
11,17,-1,0.321542045390252
11,18,-2,-0.173587435518973
11,19,-1,0.65672292242369
11,20,3,0.367677682167083
11,21,-3,0.288286713411076
11,22,1,-0.195672386093271
11,23,0,-0.00426013679875936
11,24,1,0.377906558235167
11,25,-1,-0.0174366652615856
11,26,-2,0.39557648153451
11,27,2,0.34135164777289
11,28,1,0.357443977625059
11,29,0,-0.522817866561716
11,30,-1,0.319414138918055
11,31,0,0.784119209606872
11,32,0,0.486513029640612
11,33,1,0.5329672710188
11,34,-1,0.311991274566407
11,35,0,0.572993263417726
11,36,0,0.378529049977407
11,37,0,0.732880480781952
11,38,-1,0.735766695481016
11,39,2,0.903221405791464
11,40,0,0.560243402087275
11,41,1,0.0190251300090178
11,42,-2,0.421193365539516
11,43,1,0.396049925201432
11,44,1,0.23967213483235
11,45,0,0.115888836957313
11,46,0,-0.0361554031963941
11,47,3,0.595386305541374
11,48,5,0.0728542869278539
11,49,1,-1.1007993041557
11,50,2,-2.17757571473779
11,51,-5,-1.26232224792247
11,52,-5,-0.850294687283852
11,53,6,-0.125957982395484
11,54,8,-0.373150590340646
11,55,-13,-2.27797492464812
11,56,-1,-1.39355307621356
11,57,-1,-3.48198225497477
11,58,-1,1.37452528871764
11,59,1,-0.0242780599368236
11,60,2,-0.67889823911229
11,61,4,-0.463306389504239
11,62,1,-1.6175006746194
11,63,-5,-3.40632519029712
11,64,0,-0.037715292355329
11,65,0,-0.459086033793903
11,66,0,0.588793522955857
11,67,2,0.611058840150985
11,68,1,-0.053798375721924
11,69,8,-0.0448466008369084
11,70,-5,-1.17379166119036
11,71,-5,-2.55231830838957
11,72,1,-2.07467521896707
11,73,1,-0.199968000768271
11,74,0,0.143819596824856
11,75,-1,0.971173844027965
11,76,-1,-0.948452113600844
11,77,-1,1.08266749264878
11,78,0,-1.25346653645695
11,79,1,0.940388829961474
11,80,-1,1.05633796273594
11,81,1,0.833900678622706
11,82,-1,0.679214566045432
11,83,2,0.537986176448254
11,84,0,0.302222201581359
11,85,0,-0.0953681414582677
11,86,1,0.514781886918675
11,87,-2,0.32027655345505
11,88,-1,0.373553497321497
11,89,0,0.489061617157381
11,90,1,0.565570399066078
11,91,0,0.919448263388719
11,92,1,0.346038119796363
11,93,2,0.783983393122245
11,94,6,-0.030892155491443
11,95,7,-0.72391032544791
11,96,-10,-2.74116829253697
11,97,-4,-2.4015503815744
11,98,0,-2.06994138585636
11,99,-2,0.173317795809349
11,100,1,0.705518686134562
11,101,1,-0.373359292547365
11,102,0,-0.155316682625066
11,103,-1,-0.58790510346786
11,104,0,-0.901542291564004
11,105,0,0.633027173378306
11,106,0,0.637736098095613
11,107,2,0.777512012141897
11,108,-1,0.601988718748156
11,109,-1,0.0962509773062941
11,110,0,0.53572245349143
11,111,0,0.576741892653785
11,112,-1,0.752129369562898
11,113,1,0.954591166842819
11,114,2,0.511904484329559
11,115,10,0.2881232504563
11,116,5,-0.71076280395242
11,117,-13,-4.22987319952467
11,118,-3,-5.12290385694995
11,119,-1,-1.64142331972109
11,120,3,0.523502688613677
11,121,0,0.294334803630213
11,122,-2,-2.85702573130937
11,123,2,0.855602436539532
11,124,-3,-2.15766745773925
11,125,2,-0.904890983669042
11,126,-2,0.127691634397206
11,127,3,-0.0641762461235948
11,128,-2,0.514646070434047
11,129,1,-0.643710165479496
11,130,-3,0.105546430067707
11,131,3,0.637975300336527
11,132,-1,-0.244821953518059
11,133,1,-0.132301147645556
11,134,0,-0.316261775049067
11,135,-2,0.320379939211336
11,136,1,0.285825326755825
11,137,2,0.266877487429592
11,138,-2,-0.355887874532717
11,139,3,0.171447519629467
11,140,-2,-0.312399782022213
11,141,1,-0.231681011382279
11,142,-1,0.0166580212959069
11,143,2,0.367307624256447
11,144,-4,0.044683256852313
11,145,2,0.382943700285962
11,146,0,-0.600995971525865
11,147,2,0.237123723872295
11,148,0,-0.0129945892553414
11,149,2,-0.0796099432697417
11,150,-1,-0.074418939332279
11,151,-2,-0.530332680180477
11,152,-1,-0.24166410584974
11,153,-1,0.5025380765402
11,154,0,0.430647915516693
11,155,1,1.13827273475052
11,156,0,0.687928823644625
11,157,0,0.803335667659478
11,158,0,0.525043193715101
11,159,0,0.674772490039188
11,160,1,0.579628107352848
11,161,4,0.48603958597369
11,162,1,0.0204776055599117
11,163,1,-1.31205628257128
11,164,-1,-0.651834415806521
11,165,1,-0.507466194389907
11,166,1,-0.41903239492483
11,167,1,-0.403039778753583
11,168,-3,-1.09277045551231
11,169,-7,0.41987670647325
11,170,2,0.444202763651083
11,171,0,0.536683469526518
11,172,1,1.21341883049647
11,173,-1,1.53665991031662
11,174,3,1.01456499960491
11,175,3,0.732951259253185
11,176,-1,-1.0523157578034
11,177,-3,-1.25270772782478
11,178,-3,0.216842864028314
11,179,2,0.202326004139097
11,180,4,0.34639470415384
11,181,-4,-0.285639282611051
11,182,-1,-0.445910686587156
11,183,1,0.0725301332987178
11,184,-3,0.0600291048304459
11,185,-1,0.688983736987957
11,186,-2,0.69153222654725
11,187,1,0.904330545939779
11,188,3,0.890850468223327
11,189,-2,-0.0313721976476137
11,190,4,0.30204000222386
11,191,-1,0.208502647975766
11,192,-4,-0.958150407001037
11,193,1,0.383936249938837
11,194,0,0.107852684602361
11,195,1,0.0618984211784146
11,196,3,0.779924783174039
11,197,-2,-1.01440669988776
11,198,1,-0.19849663443105
11,199,-3,-1.02724508672432
11,200,2,0.40797052327707
11,201,-2,0.0605636751573258
11,202,0,0.438029659845035
11,203,-1,0.271454091180922
11,204,-1,1.20972615264967
11,205,0,0.616021038401223
11,206,-1,0.972509702231882
11,207,1,1.0598422496965
11,208,-1,0.893461144916364
11,209,-3,0.551133697943743
11,210,2,1.23017436259607
11,211,2,0.608726948439566
11,212,0,0.188504361035376
11,213,4,0.0405557575956714
11,214,3,0.361755021404869
11,215,-4,-1.57551228529303
11,216,-1,-1.19158651800827
11,217,-1,-0.79143327052989
11,218,1,0.128324121538162
11,219,-4,0.230116633492044
11,220,0,0.143180224491513
11,221,0,0.624619674373177
11,222,-1,0.604278273944073
11,223,2,0.865274704241626
11,224,1,0.936762322884426
11,225,-2,0.302766600276227
11,226,-2,0.392197910209086
11,227,2,0.668170076832406
11,228,1,0.436830162122873
11,229,-4,0.00279348815356983
11,230,1,0.677076735280459
11,231,3,0.618220360603604
11,232,-2,0.142850445017916
11,233,-1,-0.202555244379255
11,234,1,0.3678078958822
11,235,2,0.72070744887471
11,236,2,-0.338184869024444
11,237,2,-0.442535787337098
11,238,-3,-1.20073358883754
11,239,-2,-0.417626302246807
11,240,-1,-0.618028420017808
11,241,0,0.535263424703965
11,242,0,0.687558809949734
11,243,-1,1.10111412269046
11,244,0,1.00525733605875
11,245,1,0.79268883861149
11,246,0,0.56894884757652
11,247,-2,0.447283869768159
11,248,0,0.98044725308874
11,249,-2,0.674772490039188
11,250,2,1.17604941907208
11,251,-2,0.662982924189984
11,252,1,0.745597911384063
11,253,0,0.786869607821308
11,254,-1,0.597650028498199
11,255,-1,0.927385814245578
11,256,3,0.788828134324179
11,257,0,0.35118800371052
11,258,0,-0.364602078390178
11,259,3,0.250659319127302
11,260,-2,0.238341781440467
11,261,-1,-0.642954585317298
11,262,0,0.0585391544414158
11,263,-3,-0.0768936767257056
11,264,1,1.16775532807349
11,265,2,0.146658386682877
11,266,1,0.20478605783906
11,267,0,0.131122247791139
11,268,0,-0.33021493165499
11,269,0,0.418780594507375
11,270,0,0.172206548410175
11,271,0,0.370090453199224
11,272,0,0.29118652447828
11,273,1,0.726142251090542
11,274,0,0.301303202680131
11,275,1,0.291145281639992
11,276,0,0.427931595230926
11,277,-3,0.135006693511825
11,278,0,0.822752803653392
11,279,0,0.465234835885563
11,280,1,1.06825856081158
11,281,0,0.954455350358191
11,282,-1,0.730687712853074
11,283,-1,1.01290575254144
11,284,2,0.705337501002415
11,285,0,0.471837249092345
11,286,2,0.0703948910603727
11,287,0,0.43237367123717
11,288,-1,-0.204845893252386
11,289,-2,0.347462993092854
11,290,1,0.474995096760664
11,291,-2,0.130470043859241
11,292,2,0.834167527333768
11,293,0,0.131696967279093
11,294,0,0.423560474252628
11,295,-1,0.486184091753283
11,296,-1,0.737458373272824
11,297,0,0.77798545580882
11,298,-1,0.679481414756494
11,299,2,0.850304595542877
11,300,0,0.758127306876323
11,301,1,-0.0191971095468473
11,302,0,0.525962192616329
11,303,-2,0.125382249121352
11,304,-1,0.645673648952471
11,305,-1,0.495799846848791
11,306,2,0.710528681496592
11,307,5,0.825859742009561
11,308,-4,-0.0919808808378789
11,309,1,-0.721070493621717
11,310,-1,-0.284569881489208
11,311,-1,0.109033989918927
11,312,2,0.38104525098158
11,313,0,0.194238344733136
11,314,1,-0.873022715435059
11,315,-2,0.173433471830026
11,316,-1,-0.657202089203242
11,317,0,0.510339810912431
11,318,1,0.686219644447904
11,319,0,0.58926136385327
11,320,-1,0.635543330166735
11,321,0,0.765145858831953
11,322,2,0.674772490039188
11,323,-1,0.471837249092345
11,324,-1,0.0428519112808363
11,325,-3,0.682236597229124
11,326,1,1.08751223385072
11,327,5,0.616795531522858
11,328,-1,0.602223136730877
11,329,1,-1.08687374027819
11,330,-2,0.164596994114347
11,331,-1,-0.177716037978816
11,332,3,0.0173983136738909
11,333,-3,0.24775963087508
11,334,0,-1.06018606386776
11,335,2,0.581909846158556
11,336,-1,-0.326279779505478
11,337,-2,0.125124310477714
11,338,0,0.796292241514114
11,339,1,0.230674574813322
11,340,-1,0.779672349342435
11,341,0,0.0967223647796921
11,342,2,0.630875648287716
11,343,0,0.671750458855496
11,344,3,-0.423732453790457
11,345,0,0.171466256032191
11,346,0,-0.786357006440631
11,347,0,-0.0555164898435749
11,348,-2,0.0481888325524165
11,349,0,0.227080596422091
11,350,1,0.411835769860105
11,351,-1,-0.0333169607516163
11,352,0,0.738756295936366
11,353,-1,0.27728330000561
11,354,-1,1.07775197297562
11,355,-1,0.871100533521056
11,356,0,1.06609822361104
11,357,3,1.1499264841151
11,358,-1,0.9210041246959
11,359,0,-0.0360932602783952
11,360,-1,0.488794768446319
11,361,1,0.66070596964247
12,1,0,-1.04826775014074
12,2,1,-1.13347564999143
12,3,1,-0.517420686636838
12,4,-4,-2.25880932169825
12,5,-5,0.182661454077468
12,6,0,-1.5505148764236
12,7,0,0.992817603743662
12,8,-1,1.36768644780279
12,9,0,2.25567508281808
12,10,-3,1.74114130496915
12,11,-1,1.79404201997249
12,12,2,1.01264792991903
12,13,3,1.05622551629398
12,14,-1,0.40774839033455
12,15,-2,-0.0911466320546003
12,16,-1,0.597304208403753
12,17,3,0.237382556412993
12,18,-3,0.248372411085585
12,19,1,-0.138263377380638
12,20,0,-0.0102111058331563
12,21,1,0.278183757964527
12,22,-1,0.00174852339948994
12,23,-2,0.371659782493277
12,24,2,0.280088716407834
12,25,1,0.293637433449542
12,26,0,-0.518919378493859
12,27,-1,0.373940910474181
12,28,0,0.720358125368425
12,29,0,0.417099096516957
12,30,1,0.484805854979975
12,31,-1,0.289566902286879
12,32,0,0.56752923047398
12,33,0,0.346696525330514
12,34,0,0.670476566391524
12,35,-1,0.723403826423812
12,36,2,0.876742177052928
12,37,0,0.532235404893379
12,38,1,0.0208005762259174
12,39,-2,0.425159850565618
12,40,1,0.336084294543909
12,41,1,0.199297114591757
12,42,0,0.0637842170288649
12,43,0,-0.0150295076791259
12,44,3,0.554284539269333
12,45,5,0.00560742557772775
12,46,1,-1.0857848230434
12,47,2,-2.10611257398048
12,48,-5,-1.33536724166281
12,49,-5,-0.63558756023152
12,50,6,-0.225847176204391
12,51,8,-0.529487599540939
12,52,-13,-2.16411450474217
12,53,-1,-1.11092993138245
12,54,-1,-2.94275638236232
12,55,-1,1.95551532485841
12,56,1,1.30158803444597
12,57,2,-0.747566287310002
12,58,4,-0.52508172466549
12,59,1,-1.60326705725523
12,60,-5,-3.41897336076757
12,61,0,-0.096776514571707
12,62,0,-0.429666343367476
12,63,0,0.474092001599034
12,64,2,0.680930162739673
12,65,1,-0.103192131080219
12,66,8,-0.0332479968150039
12,67,-5,-1.19799887385557
12,68,-5,-2.48762211253828
12,69,1,-1.96837533786308
12,70,1,0.436261930697716
12,71,0,0.164936488687532
12,72,-1,1.11675732276633
12,73,-1,-1.07885638426781
12,74,-1,1.02791966428983
12,75,0,-1.34703565129155
12,76,1,0.929552836653759
12,77,-1,1.05634211672543
12,78,1,0.857855597743924
12,79,-1,0.662558957803275
12,80,2,0.496087108903958
12,81,0,0.294836297655723
12,82,0,-0.115105176640188
12,83,1,0.512754880012379
12,84,-2,0.240826773848711
12,85,-1,0.346283031113062
12,86,0,0.456208857304546
12,87,1,0.483155222286677
12,88,0,0.930635100428482
12,89,1,0.366803106377641
12,90,2,0.769751112562493
12,91,6,-0.0673039089555142
12,92,7,-0.721108117531337
12,93,-10,-2.68155482633543
12,94,-4,-2.34612293307367
12,95,0,-1.63081727333185
12,96,-2,0.59358510069653
12,97,1,1.46821456463512
12,98,1,-0.357084200363148
12,99,0,-0.222809931035776
12,100,-1,-0.566924915349761
12,101,0,-0.981291659841888
12,102,0,0.571519710920796
12,103,0,0.591998009739193
12,104,2,0.770632286068433
12,105,-1,0.579463864538
12,106,-1,0.103895669491192
12,107,0,0.511672616237656
12,108,0,0.487342353880798
12,109,-1,0.727903762605299
12,110,1,0.952684234804437
12,111,2,0.475237613698427
12,112,10,0.274750854140538
12,113,5,-0.679818597777075
12,114,-13,-4.08556246252504
12,115,-3,-4.78501864197708
12,116,-1,-0.660878078434631
12,117,3,0.587487783928533
12,118,0,1.62824392402412
12,119,-2,-2.88065725597236
12,120,2,0.846236736414796
12,121,-3,-2.31475007315926
12,122,2,-0.956939323008125
12,123,-2,0.151894109707309
12,124,3,-0.141622330014787
12,125,-2,0.562147867206447
12,126,1,-0.676958501993138
12,127,-3,0.115866853270822
12,128,3,0.545650977180619
12,129,-1,-0.258993610973269
12,130,1,-0.138809382830919
12,131,0,-0.296277676424306
12,132,-2,0.243872728484204
12,133,1,0.25433487517062
12,134,2,0.209576676841002
12,135,-2,-0.413232999058321
12,136,3,0.231682723500265
12,137,-2,-0.359621449060146
12,138,1,-0.273341726251016
12,139,-1,0.0333401289241231
12,140,2,0.276003998997855
12,141,-4,0.0372716961870342
12,142,2,0.364225084610744
12,143,0,-0.638449039951816
12,144,2,0.178522262605062
12,145,0,0.0455593106373479
12,146,2,-0.101090251283941
12,147,-1,-0.119112355497469
12,148,-2,-0.583949219807915
12,149,-1,-0.304852325329116
12,150,-1,0.407781533453744
12,151,0,0.37914060043153
12,152,1,1.15991550880911
12,153,0,0.675447684038015
12,154,0,0.83022426341176
12,155,0,0.501117139734353
12,156,0,0.618748170565417
12,157,1,0.540269613913086
12,158,4,0.452674584466325
12,159,1,0.00863814879599423
12,160,1,-1.26467421671245
12,161,-1,-0.675354776964652
12,162,1,-0.449635186451203
12,163,1,-0.507062636245083
12,164,1,-0.463941257478736
12,165,-3,-1.1326631534208
12,166,-7,0.387929290801474
12,167,2,0.360375507735016
12,168,0,0.457057920216354
12,169,1,1.26211374810699
12,170,-1,1.88003481408228
12,171,3,0.986099112941698
12,172,3,0.707626554055683
12,173,-1,-1.06277002532418
12,174,-3,-1.21399153494545
12,175,-3,0.120224865947537
12,176,2,0.0563436130316148
12,177,4,0.300100806911692
12,178,-4,-0.241242302508177
12,179,-1,-0.322104475718295
12,180,1,0.0198707832141165
12,181,-3,0.0663509251840344
12,182,-1,0.742146227747343
12,183,-2,0.69639932322202
12,184,1,0.802428195115133
12,185,3,0.924696160538123
12,186,-2,-0.02311277055124
12,187,4,0.39846685560281
12,188,-1,0.181180769434354
12,189,-4,-1.00770452919129
12,190,1,0.394116409391869
12,191,0,0.156649416808714
12,192,1,0.00131960435352108
12,193,3,0.85913503405009
12,194,-2,-1.08087774973128
12,195,1,-0.169450643467104
12,196,-3,-1.09601720128129
12,197,2,0.296773443487538
12,198,-2,0.0619371265995528
12,199,0,0.41241920759863
12,200,-1,0.293731670412705
12,201,-1,1.1371560820098
12,202,0,0.615986763579128
12,203,-1,0.948067698191493
12,204,1,1.03971089533262
12,205,-1,0.897421566140108
12,206,-3,0.53737662865822
12,207,2,1.23056651227569
12,208,2,0.555250202612599
12,209,0,0.204900452079909
12,210,4,0.140670021646741
12,211,3,0.311387721912792
12,212,-4,-1.59411034476998
12,213,-1,-1.17413885999946
12,214,-1,-0.757276776088457
12,215,1,-0.0481310700880989
12,216,-4,0.263028370445081
12,217,0,0.12074884854722
12,218,0,0.609609334302692
12,219,-1,0.520055065829647
12,220,2,0.922291493485984
12,221,1,0.935533552990299
12,222,-2,0.314745706171407
12,223,-2,0.413225216501598
12,224,2,0.59356884529675
12,225,1,0.358101064745625
12,226,-4,0.0423611388190382
12,227,1,0.721413586553376
12,228,3,0.557903301944879
12,229,-2,0.0704639121770241
12,230,-1,-0.080066721979506
12,231,1,0.33386626130757
12,232,2,0.602653207497048
12,233,2,-0.332892180728266
12,234,2,-0.396288526086747
12,235,-3,-1.23242113168162
12,236,-2,-0.464987492921987
12,237,-1,-0.728336317579918
12,238,0,0.416781405816717
12,239,0,0.692466534003468
12,240,-1,1.12251484292661
12,241,0,1.00055842115389
12,242,1,0.767229845078897
12,243,0,0.529714137409783
12,244,-2,0.461419339489485
12,245,0,0.959837270318203
12,246,-2,0.618748170565417
12,247,2,1.1277576932665
12,248,-2,0.684119520396396
12,249,1,0.758209333801685
12,250,0,0.822678372594781
12,251,-1,0.538699031935635
12,252,-1,0.942404672555192
12,253,3,0.740836424186823
12,254,0,0.297685601143911
12,255,0,-0.319662467360741
12,256,3,0.259218096315211
12,257,-2,0.137253381765039
12,258,-1,-0.64094778596711
12,259,0,0.0311756013746767
12,260,-3,-0.229355097424948
12,261,1,1.16108782798633
12,262,2,0.137735101945686
12,263,1,0.161720935093901
12,264,0,0.224730778255281
12,265,0,-0.351958957811709
12,266,0,0.336657102583962
12,267,0,0.0955226322393026
12,268,0,0.32588530439465
12,269,0,0.241256178867534
12,270,1,0.694690228316925
12,271,0,0.263601432065239
12,272,1,0.278285126978759
12,273,0,0.400946188640217
12,274,-3,0.0951509144680321
12,275,0,0.785819530601907
12,276,0,0.404363861046981
12,277,1,1.01703126566906
12,278,0,1.0020772219985
12,279,-1,0.741546970190276
12,280,-1,0.992169631100636
12,281,2,0.646379504897581
12,282,0,0.429543186315647
12,283,2,0.0967426339774257
12,284,0,0.444756975878075
12,285,-1,-0.242775630217804
12,286,-2,0.310023542189196
12,287,1,0.383684471959801
12,288,-2,0.0637041663130177
12,289,2,0.834523109324464
12,290,0,0.144304537123651
12,291,0,0.412620297867412
12,292,-1,0.50681594012202
12,293,-1,0.664894366435315
12,294,0,0.735056798119065
12,295,-1,0.639226469383815
12,296,2,0.825326585814186
12,297,0,0.762598077048726
12,298,1,-0.0138519617713293
12,299,0,0.532352005324836
12,300,-2,0.0664373163611449
12,301,-1,0.603767581865904
12,302,-1,0.431995195379145
12,303,2,0.646692309484947
12,304,5,0.843040070981721
12,305,-4,-0.053136267798746
12,306,1,-0.613943286746029
12,307,-1,-0.33939166955948
12,308,-1,0.297739106830803
12,309,2,0.416642635328256
12,310,0,0.136309377337854
12,311,1,-0.906684785391014
12,312,-2,0.176123003049936
12,313,-1,-0.741784779338088
12,314,0,0.468944092774522
12,315,1,0.615012807458414
12,316,0,0.58439320573831
12,317,-1,0.663068413537945
12,318,0,0.743132783584953
12,319,2,0.618748170565417
12,320,-1,0.429543186315647
12,321,-1,0.0726455724834822
12,322,-3,0.666093230641495
12,323,1,0.999004975914162
12,324,5,0.593080273513917
12,325,-1,0.6085703179481
12,326,1,-0.946658827862788
12,327,-2,0.152583771758924
12,328,-1,0.0283405609281802
12,329,3,-0.0255678474447055
12,330,-3,0.178209979401835
12,331,0,-1.05706167122196
12,332,2,0.602711863120135
12,333,-1,-0.463854040360981
12,334,-2,0.190036463811854
12,335,0,0.788181484262902
12,336,1,0.116435028778106
12,337,-1,0.752000824099242
12,338,0,0.126882731656389
12,339,2,0.605561166608323
12,340,0,0.615213897727196
12,341,3,-0.405671683412825
12,342,0,0.154430608608131
12,343,0,-0.81360134595981
12,344,0,-0.0909126522467295
12,345,-2,-0.06909671873369
12,346,0,0.154833468597999
12,347,1,0.373113764039271
12,348,-1,-0.111041256144455
12,349,0,0.779377041091593
12,350,-1,0.252080292218671
12,351,-1,1.01968436500134
12,352,-1,0.858227315515194
12,353,0,1.03566272763825
12,354,3,1.1439371461722
12,355,-1,0.921518627634052
12,356,0,0.0250453950675906
12,357,-1,0.479541345724006
12,358,1,0.546223785220672
12,359,1,0.279739108524752
12,360,2,0.135226338598887
12,361,-2,-0.552439823899732
13,1,1,-1.13862603848298
13,2,1,-0.517099115601318
13,3,-4,-2.25359893338709
13,4,-5,0.182202605227994
13,5,0,-1.55588030016043
13,6,0,0.9985025353269
13,7,-1,1.36780287842733
13,8,0,2.25412591168865
13,9,-3,1.74684703050489
13,10,-1,1.79948373148807
13,11,2,1.01362871268887
13,12,3,1.06127320851792
13,13,-1,0.411948736995809
13,14,-2,-0.0867715859194342
13,15,-1,0.600188612670831
13,16,3,0.242312536193692
13,17,-3,0.249342286898154
13,18,1,-0.13509880502191
13,19,0,-0.0101228643544056
13,20,1,0.28690952274459
13,21,-1,-0.00142156108204305
13,22,-2,0.374522641560785
13,23,2,0.282448516659977
13,24,1,0.296868888590972
13,25,0,-0.515372877175823
13,26,-1,0.373720906558992
13,27,0,0.724071695539561
13,28,0,0.420490583558912
13,29,1,0.485966809284152
13,30,-1,0.290244478894753
13,31,0,0.570959124289281
13,32,0,0.347502912880972
13,33,0,0.673997053326044
13,34,-1,0.724263613432425
13,35,2,0.878147127624564
13,36,0,0.535165692739244
13,37,1,0.0263104576868632
13,38,-2,0.424854399606443
13,39,1,0.340876640934749
13,40,1,0.200630114417816
13,41,0,0.0683934890594369
13,42,0,-0.01439548391983
13,43,3,0.556115662387776
13,44,5,0.00870739439928214
13,45,1,-1.08030435418355
13,46,2,-2.10021495140926
13,47,-5,-1.33349731643028
13,48,-5,-0.63119660263976
13,49,6,-0.229110967304823
13,50,8,-0.525109124412003
13,51,-13,-2.15459574397058
13,52,-1,-1.11104245799558
13,53,-1,-2.94184145735776
13,54,-1,1.97168356967205
13,55,1,1.28758241197668
13,56,2,-0.747508570165211
13,57,4,-0.512779422753124
13,58,1,-1.60360273951754
13,59,-5,-3.41790140637129
13,60,0,-0.0957559097257388
13,61,0,-0.427490885443032
13,62,0,0.478410729727648
13,63,2,0.67611429397385
13,64,1,-0.100398446882252
13,65,8,-0.0261022728772533
13,66,-5,-1.1988161556493
13,67,-5,-2.47482535187517
13,68,1,-1.97093217284539
13,69,1,0.443196323226607
13,70,0,0.165626375470147
13,71,-1,1.11336436996849
13,72,-1,-1.07378036434999
13,73,-1,1.03336751192156
13,74,0,-1.35203416122992
13,75,1,0.930887704495013
13,76,-1,1.05879919175385
13,77,1,0.861160364426865
13,78,-1,0.664789079637647
13,79,2,0.501454494173931
13,80,0,0.295231012708041
13,81,0,-0.109171127377444
13,82,1,0.512617465085069
13,83,-2,0.244128311720523
13,84,-1,0.349282879621354
13,85,0,0.45584848382451
13,86,1,0.487482696625042
13,87,0,0.93172384537615
13,88,1,0.368348066712939
13,89,2,0.77262635600638
13,90,6,-0.0622235507336221
13,91,7,-0.717183510468841
13,92,-10,-2.67250792670726
13,93,-4,-2.34000106811881
13,94,0,-1.63288024571779
13,95,-2,0.602952053833613
13,96,1,1.46003664380823
13,97,1,-0.360158391216703
13,98,0,-0.211064980674652
13,99,-1,-0.568130433645414
13,100,0,-0.984673352259727
13,101,0,0.575210238632189
13,102,0,0.593804085652885
13,103,2,0.771145992136968
13,104,-1,0.582048071443788
13,105,-1,0.109051465880722
13,106,0,0.511781324203932
13,107,0,0.491633089557193
13,108,-1,0.729285670717192
13,109,1,0.952673815024682
13,110,2,0.478274722936645
13,111,10,0.279882125393273
13,112,5,-0.677311847493281
13,113,-13,-4.07005211408131
13,114,-3,-4.77922720066138
13,115,-1,-0.6625214023257
13,116,3,0.597944014797809
13,117,0,1.61824435617061
13,118,-2,-2.87823531379257
13,119,2,0.852856345708517
13,120,-3,-2.31643959355567
13,121,2,-0.955181009722951
13,122,-2,0.149061090085926
13,123,3,-0.132715984739949
13,124,-2,0.561172125551888
13,125,1,-0.670349648081242
13,126,-3,0.11529310091785
13,127,3,0.551686648400967
13,128,-1,-0.259637805857809
13,129,1,-0.131022435846391
13,130,0,-0.298928581534369
13,131,-2,0.250565534935424
13,132,1,0.25346139666723
13,133,2,0.210817722751908
13,134,-2,-0.407607955440051
13,135,3,0.233008572506083
13,136,-2,-0.35950357370101
13,137,1,-0.263455251166281
13,138,-1,0.0302000645019636
13,139,2,0.282395760034628
13,140,-4,0.037574150008759
13,141,2,0.368455751691045
13,142,0,-0.638560240897196
13,143,2,0.187690045927838
13,144,0,0.0412749012188705
13,145,2,-0.0949551146532417
13,146,-1,-0.116501282076244
13,147,-2,-0.579188290763179
13,148,-1,-0.306480566685065
13,149,-1,0.410603981002897
13,150,0,0.380204802332793
13,151,1,1.16013404696841
13,152,0,0.677888098270249
13,153,0,0.834352196612429
13,154,0,0.502222567954248
13,155,0,0.622092617336733
13,156,1,0.541899649663574
13,157,4,0.454136584184948
13,158,1,0.0123031366664956
13,159,1,-1.25786897062043
13,160,-1,-0.674382232351362
13,161,1,-0.445313789521869
13,162,1,-0.506847712235054
13,163,1,-0.46174243110935
13,164,-3,-1.13175430635868
13,165,-7,0.390307060159993
13,166,2,0.358513491587897
13,167,0,0.461632658233783
13,168,1,1.26929569169967
13,169,-1,1.87535987107065
13,170,3,0.993901991077609
13,171,3,0.713008328447045
13,172,-1,-1.05604422688981
13,173,-3,-1.21164798762963
13,174,-3,0.121120987610218
13,175,2,0.0596718136201868
13,176,4,0.301246722887466
13,177,-4,-0.237709426807849
13,178,-1,-0.317807467285598
13,179,1,0.0208168545430358
13,180,-3,0.0734974259058154
13,181,-1,0.740174751985219
13,182,-2,0.695160446089956
13,183,1,0.810071919779543
13,184,3,0.924713129647166
13,185,-2,-0.0211636535971711
13,186,4,0.404052053350276
13,187,-1,0.183015902042814
13,188,-4,-0.995489938822318
13,189,1,0.388965917986491
13,190,0,0.160551162645527
13,191,1,0.00720863256013038
13,192,3,0.855058552869385
13,193,-2,-1.07653704935079
13,194,1,-0.162277907965246
13,195,-3,-1.09908838425774
13,196,2,0.303202235918603
13,197,-2,0.0603183899616057
13,198,0,0.418648288040794
13,199,-1,0.292670530873413
13,200,-1,1.1423419349495
13,201,0,0.615641283684232
13,202,-1,0.950125774503982
13,203,1,1.04278890872534
13,204,-1,0.899057479395808
13,205,-3,0.541326157149491
13,206,2,1.2310151650659
13,207,2,0.559425820032981
13,208,0,0.211984579100919
13,209,4,0.141059590623827
13,210,3,0.315113305705285
13,211,-4,-1.58342811102361
13,212,-1,-1.17395546995871
13,213,-1,-0.756982901257176
13,214,1,-0.041994982306508
13,215,-4,0.258451401425799
13,216,0,0.121668106035612
13,217,0,0.612798178577775
13,218,-1,0.524143254242483
13,219,2,0.919414313557744
13,220,1,0.938369760294885
13,221,-2,0.323014118978626
13,222,-2,0.413765452451937
13,223,2,0.596160208280721
13,224,1,0.362845843539928
13,225,-4,0.0457404455886967
13,226,1,0.720766269305902
13,227,3,0.562618083541955
13,228,-2,0.0779293090541664
13,229,-1,-0.0798457111022407
13,230,1,0.334460922942365
13,231,2,0.610994844364872
13,232,2,-0.332435420892889
13,233,2,-0.394172410586359
13,234,-3,-1.22668746182981
13,235,-2,-0.460588653080006
13,236,-1,-0.730001657399022
13,237,0,0.420648095572432
13,238,0,0.691824688816426
13,239,-1,1.12331728805591
13,240,0,1.00311182701601
13,241,1,0.769801556681026
13,242,0,0.532340893413891
13,243,-2,0.463957988801686
13,244,0,0.960888135818422
13,245,-2,0.622092617336733
13,246,2,1.130673962746
13,247,-2,0.68421906753948
13,248,1,0.7647823685578
13,249,0,0.82289291611276
13,250,-1,0.545788832357775
13,251,-1,0.94248620669059
13,252,3,0.742665542560257
13,253,0,0.301768957333699
13,254,0,-0.314188134617035
13,255,3,0.257265830638278
13,256,-2,0.142793456505969
13,257,-1,-0.635487334859954
13,258,0,0.0285277827396888
13,259,-3,-0.223501299971705
13,260,1,1.16086631196228
13,261,2,0.135841393629751
13,262,1,0.169410343433279
13,263,0,0.227110756462891
13,264,0,-0.350518309965409
13,265,0,0.340941838874027
13,266,0,0.0969787544527132
13,267,0,0.326225096926108
13,268,0,0.242525959309072
13,269,1,0.69661930473685
13,270,0,0.264761904687113
13,271,1,0.281594025032835
13,272,0,0.402232148195637
13,273,-3,0.0992300612639841
13,274,0,0.786094269855039
13,275,0,0.406418064599267
13,276,1,1.02112478673771
13,277,0,1.0012284754915
13,278,-1,0.745752990252665
13,279,-1,0.995034865668175
13,280,2,0.64890078515117
13,281,0,0.432350473655279
13,282,2,0.100837145086981
13,283,0,0.44492861049655
13,284,-1,-0.235602250766873
13,285,-2,0.310179290426111
13,286,1,0.385507712828022
13,287,-2,0.0660201937061259
13,288,2,0.837057749146647
13,289,0,0.143566261697832
13,290,0,0.420964792791343
13,291,-1,0.505606749356086
13,292,-1,0.668138855160139
13,293,0,0.737499991510933
13,294,-1,0.640686464357429
13,295,2,0.82711435598787
13,296,0,0.764412035212639
13,297,1,-0.00834456673769468
13,298,0,0.532691675975177
13,299,-2,0.07158575256841
13,300,-1,0.604566446967325
13,301,-1,0.433226232413704
13,302,2,0.649772449503786
13,303,5,0.843960779897524
13,304,-4,-0.0483891126306396
13,305,1,-0.606650570187044
13,306,-1,-0.338905697332232
13,307,-1,0.306512393563808
13,308,2,0.41170606353353
13,309,0,0.138142334350101
13,310,1,-0.899720404378814
13,311,-2,0.174524822444419
13,312,-1,-0.740133906162788
13,313,0,0.469921002784156
13,314,1,0.618064212946622
13,315,0,0.585467776317104
13,316,-1,0.665560022579506
13,317,0,0.744705288506151
13,318,2,0.622092617336733
13,319,-1,0.432350473655279
13,320,-1,0.0757408769121066
13,321,-3,0.666500979277209
13,322,1,1.00340669847544
13,323,5,0.594640226534022
13,324,-1,0.61293733984529
13,325,1,-0.940210608268586
13,326,-2,0.152897576583172
13,327,-1,0.0351149526170205
13,328,3,-0.0275485514042897
13,329,-3,0.17998115054736
13,330,0,-1.05195721687067
13,331,2,0.601360165209389
13,332,-1,-0.458991953517437
13,333,-2,0.191984391967444
13,334,0,0.787073904500733
13,335,1,0.122632780545301
13,336,-1,0.754381938892067
13,337,0,0.125588587356382
13,338,2,0.607898109835047
13,339,0,0.620380717697171
13,340,3,-0.402998901842174
13,341,0,0.154727370358967
13,342,0,-0.805347185544165
13,343,0,-0.0920451424838353
13,344,-2,-0.0661471393071678
13,345,0,0.155495158824314
13,346,1,0.373107475630652
13,347,-1,-0.10826680871489
13,348,0,0.780967396753706
13,349,-1,0.251892990792224
13,350,-1,1.02431705024668
13,351,-1,0.858909057615594
13,352,0,1.03788883998261
13,353,3,1.14656225723248
13,354,-1,0.924153747570683
13,355,0,0.0311098050188336
13,356,-1,0.479951099104728
13,357,1,0.551751846340245
13,358,1,0.280178859102702
13,359,2,0.137898119174787
13,360,-2,-0.549749473672056
13,361,-1,-0.05152638735846
14,1,0,-1.92649926270757
14,2,0,0.819130913318281
14,3,-1,1.51010406783509
14,4,0,2.10362386578937
14,5,-3,1.83208269035571
14,6,-1,1.51024808839174
14,7,2,0.917891979911878
14,8,3,1.40885116598195
14,9,-1,0.742470835229768
14,10,-2,-0.182048889673126
14,11,-1,0.396340172455504
14,12,3,0.20833377199601
14,13,-3,0.5622580811027
14,14,1,-0.501510254573069
14,15,0,0.148215751683048
14,16,1,0.18567635893043
14,17,-1,0.246217328912897
14,18,-2,0.266754024402678
14,19,2,0.0954046023527251
14,20,1,0.341460149600244
14,21,0,-0.214035349806554
14,22,-1,0.378233661831423
14,23,0,0.652074234611302
14,24,0,0.503591529255924
14,25,1,0.524100467497452
14,26,-1,0.457380929492134
14,27,0,0.491552925094374
14,28,0,0.438890828578424
14,29,0,0.741677884173826
14,30,-1,0.765049989670634
14,31,2,0.778338412022664
14,32,0,0.863583744825145
14,33,1,0.103371483882117
14,34,-2,0.576912584953599
14,35,1,0.144849131877183
14,36,1,0.387410066863517
14,37,0,0.268251110159088
14,38,0,0.0206156514520568
14,39,3,0.587338808176172
14,40,5,0.402230300729587
14,41,1,-0.744833013810281
14,42,2,-1.91511841290676
14,43,-5,-1.03379324236836
14,44,-5,-1.21618957162568
14,45,6,-0.891132144035402
14,46,8,-0.180710298164531
14,47,-13,-2.04299810760655
14,48,-1,-3.63691982489887
14,49,-1,-0.95014778679126
14,50,-1,2.11901682686816
14,51,1,1.09644698838732
14,52,2,-0.602805613742725
14,53,4,-1.13200589552572
14,54,1,-2.75043089485269
14,55,-5,-2.90064468167417
14,56,0,-0.723749977000001
14,57,0,-0.370732946005996
14,58,0,0.574181390081683
14,59,2,0.640815541119684
14,60,1,0.212462216052753
14,61,8,-0.288451270858729
14,62,-5,-0.764878116407894
14,63,-5,-3.01928659499427
14,64,1,-0.75743397866264
14,65,1,0.686003567588224
14,66,0,0.374671932942111
14,67,-1,1.05113037377263
14,68,-1,-1.03719018326291
14,69,-1,-0.673479934247561
14,70,0,-1.13627840235376
14,71,1,0.969338015869155
14,72,-1,1.24122366763226
14,73,1,0.783948483224833
14,74,-1,0.84593603758725
14,75,2,0.454892397245537
14,76,0,0.594560292191494
14,77,0,-0.0361820840070971
14,78,1,0.543114256234217
14,79,-2,0.431634618805472
14,80,-1,0.152070615892505
14,81,0,0.335963062780417
14,82,1,0.570700192755085
14,83,0,1.10889158375837
14,84,1,0.44449993165477
14,85,2,0.964979699109112
14,86,6,0.284402699766397
14,87,7,-0.390449901317406
14,88,-10,-2.32380976048637
14,89,-4,-3.61874792418106
14,90,0,-1.22318143340169
14,91,-2,0.774242103777702
14,92,1,1.15343821110989
14,93,1,-0.253239621396078
14,94,0,-0.946208938366732
14,95,-1,-1.68578678241787
14,96,0,-0.818836842907455
14,97,0,0.656433519497168
14,98,0,0.643144129019315
14,99,2,0.798848318390015
14,100,-1,0.897382073544526
14,101,-1,0.0519254479248408
14,102,0,0.403560688345003
14,103,0,0.56832598756523
14,104,-1,0.78269769690853
14,105,1,0.832646647109396
14,106,2,0.674958346168508
14,107,10,0.628244293854133
14,108,5,-0.318459233235148
14,109,-13,-3.67524070252387
14,110,-3,-2.68804596575889
14,111,-1,-1.05269173592255
14,112,3,0.674343235250145
14,113,0,1.80868818393903
14,114,-2,-2.83945882146751
14,115,2,-1.45694890079046
14,116,-3,-2.39689381977907
14,117,2,-1.08243400291094
14,118,-2,0.393133496996606
14,119,3,-0.279603711690069
14,120,-2,0.574845647680308
14,121,1,-0.766639550161243
14,122,-3,0.289754399268274
14,123,3,0.227231297424385
14,124,-1,0.104644923695865
14,125,1,-0.186277170301452
14,126,0,-0.0987659830692115
14,127,-2,0.0474531786566321
14,128,1,0.137600858739431
14,129,2,0.366899192370342
14,130,-2,-0.0370427767037337
14,131,3,-0.291121852432553
14,132,-2,0.0274863346837319
14,133,1,-0.393426427503605
14,134,-1,0.155047142078704
14,135,2,0.227231297424385
14,136,-4,0.358848142463447
14,137,2,-0.121427416809579
14,138,0,-0.274980078807263
14,139,2,0.0207610387700065
14,140,0,0.401921518283597
14,141,2,-0.0405413688929632
14,142,-1,0.232583965052085
14,143,-2,-0.65190932985794
14,144,-1,-0.497793899802948
14,145,-1,0.330238664521505
14,146,0,0.357516786722207
14,147,1,1.17648824119713
14,148,0,0.917438711729906
14,149,0,0.902992144746696
14,150,0,0.591732818819668
14,151,0,0.69023184821655
14,152,1,0.591698093062038
14,153,4,0.625496421781419
14,154,1,0.33871093485313
14,155,1,-1.04926620797647
14,156,-1,-0.516599751672024
14,157,1,-0.504676442693041
14,158,1,-0.329713133271292
14,159,1,-0.293167900605022
14,160,-3,-0.954714684474164
14,161,-7,-0.533680476618664
14,162,2,-0.395709495806579
14,163,0,0.810771627368999
14,164,1,1.37447970681964
14,165,-1,1.95650627380704
14,166,3,0.960506087166504
14,167,3,1.10167203599469
14,168,-1,-0.713896884220356
14,169,-3,-1.30537393701512
14,170,-3,-0.253186370240543
14,171,2,-0.198711437012816
14,172,4,0.613704117059976
14,173,-4,0.0771827965460775
14,174,-1,-1.08623943423171
14,175,1,-0.25804605512803
14,176,-3,0.449483749941991
14,177,-1,0.353152934757951
14,178,-2,0.541128208412382
14,179,1,0.687271748767158
14,180,3,0.584735777017807
14,181,-2,0.42991487931913
14,182,4,0.21323970849771
14,183,-1,0.484446736261618
14,184,-4,-0.972607472562353
14,185,1,-0.16828454564168
14,186,0,0.343527086873534
14,187,1,0.137806205661272
14,188,3,0.662951243360598
14,189,-2,-0.637037943497433
14,190,1,-0.882452549783546
14,191,-3,-0.82193422356734
14,192,2,0.00679264974437813
14,193,-2,0.343184546795739
14,194,0,0.219551978148701
14,195,-1,0.32592693317751
14,196,-1,0.79712392119452
14,197,0,0.634284443068411
14,198,-1,0.982626438221184
14,199,1,0.985001611536862
14,200,-1,1.07073397015312
14,201,-3,0.526883065327795
14,202,2,0.866445943954601
14,203,2,0.89451987441507
14,204,0,0.583904446729611
14,205,4,0.145756409989867
14,206,3,0.634426527373406
14,207,-4,-1.17403329963142
14,208,-1,-1.69867745548995
14,209,-1,-0.866539410901531
14,210,1,-0.0463921664688035
14,211,-4,0.41953353163804
14,212,0,-0.341815880120972
14,213,0,0.131135994862232
14,214,-1,0.481248899019887
14,215,2,0.895742903483121
14,216,1,1.2368643827464
14,217,-2,0.579546129969569
14,218,-2,0.171083436503446
14,219,2,0.380188582848195
14,220,1,0.725527262692341
14,221,-4,0.229635661293479
14,222,1,0.189608263174786
14,223,3,0.771117896133165
14,224,-2,0.525517951954749
14,225,-1,-0.340958786376901
14,226,1,0.2105760048025
14,227,2,0.888796444281982
14,228,2,0.0241315745362846
14,229,2,-0.115703018550667
14,230,-3,-0.87345496967469
14,231,-2,-1.06977380354359
14,232,-1,-0.876277184411703
14,233,0,0.365534078997296
14,234,0,0.720336475663254
14,235,-1,1.14070483278174
14,236,0,0.985036337294492
14,237,1,0.88126617782067
14,238,0,0.779870223536703
14,239,-2,0.512062831461726
14,240,0,0.726892376065387
14,241,-2,0.69023184821655
14,242,2,0.932677488020318
14,243,-2,0.972200214998611
14,244,1,0.579545161843745
14,245,0,0.98835180460592
14,246,-1,0.638670517076706
14,247,-1,0.853157521602572
14,248,3,0.638784844133449
14,249,0,0.658807724687023
14,250,0,-0.248149429481302
14,251,3,0.305061658948121
14,252,-2,0.496370045240602
14,253,-1,-0.812429671249044
14,254,0,-0.124059993699725
14,255,-3,-0.117470989359988
14,256,1,0.522033530224162
14,257,2,0.358038538293614
14,258,1,0.558174562779757
14,259,0,0.120317367219769
14,260,0,-0.225500823525176
14,261,0,0.431635586931296
14,262,0,0.146460544690336
14,263,0,0.353610770018313
14,264,0,0.284029032883538
14,265,1,0.744540083303282
14,266,0,0.490336864535701
14,267,1,0.33871093485313
14,268,0,0.574050385824143
14,269,-3,0.165359038244534
14,270,0,0.421208395582899
14,271,0,0.452144525172824
14,272,1,1.10316718549946
14,273,0,1.14555211160721
14,274,-1,0.797236905576862
14,275,-1,0.931181370389731
14,276,2,0.571188186694687
14,277,0,0.762187790541178
14,278,2,0.15767971896885
14,279,0,0.729754575194843
14,280,-1,-0.141936355051107
14,281,-2,0.216920369384378
14,282,1,0.159748967042365
14,283,-2,0.267878411402053
14,284,2,0.61495490337628
14,285,0,0.477925561617116
14,286,0,0.525236926757012
14,287,-1,0.581306595597094
14,288,-1,0.584476609046716
14,289,0,0.67694342586452
14,290,-1,0.676942457738696
14,291,2,0.746914288493137
14,292,0,1.07073397015312
14,293,1,0.121053916877643
14,294,0,0.695956246475462
14,295,-2,0.144849131877183
14,296,-1,0.387410066863517
14,297,-1,0.333100863650961
14,298,2,0.591210099122437
14,299,5,1.14268991247775
14,300,-4,0.32820414220562
14,301,1,-1.06130384401219
14,302,-1,-0.182726545546501
14,303,-1,0.313973715983276
14,304,2,0.26516069800858
14,305,0,0.416360148631607
14,306,1,-0.765813519254603
14,307,-2,-0.487014524249761
14,308,-1,-0.752920081671281
14,309,0,0.387410066863517
14,310,1,0.67408025860924
14,311,0,0.767424194860489
14,312,-1,0.698703150422351
14,313,0,0.710776480341531
14,314,2,0.69023184821655
14,315,-1,0.762187790541178
14,316,-1,-0.0128099785102893
14,317,-3,0.556402678586247
14,318,1,0.687369649087093
14,319,5,0.78269769690853
14,320,-1,0.938286591096663
14,321,1,-1.0046214037356
14,322,-2,0.296309331544583
14,323,-1,-0.0607692819367545
14,324,3,-0.135851330295345
14,325,-3,0.469791264284896
14,326,0,-1.35542175566175
14,327,2,-0.250459012720075
14,328,-1,0.110069924129557
14,329,-2,0.113455167026896
14,330,0,0.504955674503146
14,331,1,0.242522194335057
14,332,-1,0.67201332133595
14,333,0,0.0917629577326766
14,334,2,0.657310638930613
14,335,0,0.979765207217552
14,336,3,-0.300811525997252
14,337,0,0.437359017064384
14,338,0,-0.700607493742503
14,339,0,-0.0726129896166249
14,340,-2,-0.0136029295662307
14,341,0,-0.0554532763183308
14,342,1,0.387409098737694
14,343,-1,0.148381481698218
14,344,0,0.404240655018602
14,345,-1,0.371327928771467
14,346,-1,0.979765207217552
14,347,-1,0.765049989670634
14,348,0,0.948828109501803
14,349,3,1.20742533891288
14,350,-1,1.24122366763226
14,351,0,-0.0277098136754717
14,352,-1,0.50495664262897
14,353,1,0.514017752478498
14,354,1,0.459366009188146
14,355,2,0.304911638007925
14,356,-2,-0.222317982291313
14,357,-1,-0.539291890495234
14,358,0,-0.311995974518137
14,359,0,0.466930033281263
14,360,0,0.837005931995263
14,361,1,0.98548863735064
15,1,-3,1.67572265383177
15,2,-1,1.73435928299243
15,3,2,0.969996309084877
15,4,3,1.06514323556994
15,5,-1,0.287365179220258
15,6,-2,-0.185097396689382
15,7,-1,0.604346974264004
15,8,3,0.333632998257876
15,9,-3,0.260948490480162
15,10,1,-0.201317981367025
15,11,0,-0.0384323825646888
15,12,1,0.374192806916977
15,13,-1,-0.0516387437983987
15,14,-2,0.39809450410217
15,15,2,0.280059590810475
15,16,1,0.342391566602678
15,17,0,-0.512588686270869
15,18,-1,0.288559622013186
15,19,0,0.752699833526892
15,20,0,0.437142574028702
15,21,1,0.507677574391572
15,22,-1,0.283823680938835
15,23,0,0.543792974872742
15,24,0,0.349999042651975
15,25,0,0.7022637299497
15,26,-1,0.690134243779055
15,27,2,0.871108724668998
15,28,0,0.524848235990161
15,29,1,0.00188434842704022
15,30,-2,0.381761188433768
15,31,1,0.37501421044554
15,32,1,0.195101711764334
15,33,0,0.113544217149306
15,34,0,-0.0744990414027455
15,35,3,0.5759281599189
15,36,5,0.0501302562548348
15,37,1,-1.09506018698326
15,38,2,-2.15476008719576
15,39,-5,-1.26328935118489
15,40,-5,-0.865205441625719
15,41,6,-0.169563725718124
15,42,8,-0.34787216005036
15,43,-13,-2.25954607566893
15,44,-1,-1.38570041032099
15,45,-1,-3.23037200959766
15,46,-1,1.33719705722123
15,47,1,-0.0710356290314727
15,48,2,-0.654229635062959
15,49,4,-0.548667067166324
15,50,1,-1.55880168078303
15,51,-5,-3.28856088952545
15,52,0,-0.0841414563764
15,53,0,-0.469128768750585
15,54,0,0.563636550045958
15,55,2,0.572140571224782
15,56,1,-0.0543492238776528
15,57,8,-0.0769133199879957
15,58,-5,-1.14571323522267
15,59,-5,-2.51982876530976
15,60,1,-1.91741049736457
15,61,1,-0.170181367115606
15,62,0,0.0830511175760581
15,63,-1,0.956573725737059
15,64,-1,-0.966330282838582
15,65,-1,1.01047837930853
15,66,0,-1.18009511026237
15,67,1,0.90424170606341
15,68,-1,1.01988076800488
15,69,1,0.791518832916601
15,70,-1,0.641616532648272
15,71,2,0.505971771831288
15,72,0,0.264992891775657
15,73,0,-0.0970032359888389
15,74,1,0.461771286474968
15,75,-2,0.309258585208266
15,76,-1,0.326126525657983
15,77,0,0.461352102401971
15,78,1,0.539057033798392
15,79,0,0.872105498801446
15,80,1,0.339881146837905
15,81,2,0.739441112639608
15,82,6,-0.0501933718499528
15,83,7,-0.735189045852048
15,84,-10,-2.697731718066
15,85,-4,-2.40387659399949
15,86,0,-1.97803513033959
15,87,-2,0.182021177713422
15,88,1,0.645610285464625
15,89,1,-0.367619569553102
15,90,0,-0.198912247230503
15,91,-1,-0.577077023241206
15,92,0,-0.838041516688885
15,93,0,0.585980847656681
15,94,0,0.605502154382908
15,95,2,0.741147937415698
15,96,-1,0.575861929626805
15,97,-1,0.0676389514485076
15,98,0,0.493907493736931
15,99,0,0.552362451897178
15,100,-1,0.704389738798787
15,101,1,0.923185422730185
15,102,2,0.478409836496964
15,103,10,0.262801674850281
15,104,5,-0.710252502217707
15,105,-13,-4.15163018359705
15,106,-3,-4.73362049522653
15,107,-1,-1.62784013662304
15,108,3,0.506775736927527
15,109,0,0.2560978973615
15,110,-2,-2.80402613583892
15,111,2,0.750968288348651
15,112,-3,-2.0445952369722
15,113,2,-0.885852780968964
15,114,-2,0.10716493483444
15,115,3,-0.0646074693689767
15,116,-2,0.448512565587683
15,117,1,-0.594657540653254
15,118,-3,0.0380654257576085
15,119,3,0.635513375011591
15,120,-1,-0.287236690290287
15,121,1,-0.111743123157857
15,122,0,-0.361123075398406
15,123,-2,0.326011084949666
15,124,1,0.237279235112757
15,125,2,0.263510703278117
15,126,-2,-0.375543759728026
15,127,3,0.139722370601012
15,128,-2,-0.298994628185483
15,129,1,-0.251106299107506
15,130,-1,-0.0269324294087158
15,131,2,0.373465791655905
15,132,-4,-0.0134336822441267
15,133,2,0.38028104436784
15,134,0,-0.628855654533583
15,135,2,0.242376791901773
15,136,0,-0.0470167524434513
15,137,2,-0.0613080417964713
15,138,-1,-0.131842573386232
15,139,-2,-0.525637344630546
15,140,-1,-0.272848734686365
15,141,-1,0.487737083592349
15,142,0,0.398403826279161
15,143,1,1.10515667775258
15,144,0,0.666440148779017
15,145,0,0.758319621230094
15,146,0,0.498837316279954
15,147,0,0.636994541293325
15,148,1,0.540232965726532
15,149,4,0.460222867685332
15,150,1,0.00188332621123388
15,151,1,-1.30560764012141
15,152,-1,-0.669369234754292
15,153,1,-0.516582453241018
15,154,1,-0.448125273526819
15,155,1,-0.394036985109057
15,156,-3,-1.10584962072249
15,157,-7,0.395020931536858
15,158,2,0.420820016624053
15,159,0,0.519740830270123
15,160,1,1.18348794085156
15,161,-1,1.47995781958898
15,162,3,0.983978979625643
15,163,3,0.651025400034507
15,164,-1,-1.03085400275143
15,165,-3,-1.26984472464803
15,166,-3,0.194171167923981
15,167,2,0.173039299939421
15,168,4,0.326217679136537
15,169,-4,-0.281508259419723
15,170,-1,-0.472140144945103
15,171,1,0.0602999451020869
15,172,-3,0.0590085866831518
15,173,-1,0.628698910963662
15,174,-2,0.684656850184719
15,175,1,0.851734049797074
15,176,3,0.846028348799144
15,177,-2,0.00525335831329948
15,178,4,0.254718634406744
15,179,-1,0.183342199250462
15,180,-4,-0.957171698625463
15,181,1,0.316254486704809
15,182,0,0.12573891139624
15,183,1,0.0139023980830044
15,184,3,0.752098744901683
15,185,-2,-0.981347687827417
15,186,1,-0.244935888962924
15,187,-3,-1.00036874044881
15,188,2,0.384647714110325
15,189,-2,0.0193930425808855
15,190,0,0.444420998307578
15,191,-1,0.206797492973309
15,192,-1,1.19517025311533
15,193,0,0.568088763763127
15,194,-1,0.95419239527551
15,195,1,1.00243877291624
15,196,-1,0.85678699935717
15,197,-3,0.530908315465629
15,198,2,1.16677470378419
15,199,2,0.589054420221994
15,200,0,0.164911886782657
15,201,4,0.0133205702781167
15,202,3,0.345372963473631
15,203,-4,-1.57754302653854
15,204,-1,-1.20795536512637
15,205,-1,-0.790741011902563
15,206,1,0.101112712154696
15,207,-4,0.209130179639029
15,208,0,0.150196075073215
15,209,0,0.563414412754606
15,210,-1,0.616798865373668
15,211,2,0.82108043351348
15,212,1,0.924552170519407
15,213,-2,0.262158876714541
15,214,-2,0.349692233679705
15,215,2,0.63706077158542
15,216,1,0.403457947977103
15,217,-4,-0.0107305521086969
15,218,1,0.635192597553517
15,219,3,0.588476830162542
15,220,-2,0.12852672743011
15,221,-1,-0.232278256700849
15,222,1,0.352140496758258
15,223,2,0.676991197151888
15,224,2,-0.353362757957443
15,225,2,-0.432246686889596
15,226,-3,-1.20745931491169
15,227,-2,-0.445141832224254
15,228,-1,-0.617978414029887
15,229,0,0.516248073631814
15,230,0,0.645336438769853
15,231,-1,1.07653276020951
15,232,0,0.961043123469663
15,233,1,0.759755664919002
15,234,0,0.545162788269555
15,235,-2,0.413832187619443
15,236,0,0.936863327690465
15,237,-2,0.636994541293325
15,238,2,1.12846808637764
15,239,-2,0.629001632112535
15,240,1,0.724702247686396
15,241,0,0.727311626468963
15,242,-1,0.587992438013257
15,243,-1,0.854776431216401
15,244,3,0.772221140253118
15,245,0,0.31062784620221
15,246,0,-0.371179283299364
15,247,3,0.224726477045718
15,248,-2,0.223982675460573
15,249,-1,-0.672992407545179
15,250,0,0.0373399851152117
15,251,-3,-0.0870459871056729
15,252,1,1.09852411825686
15,253,2,0.16454551691882
15,254,1,0.18305113616698
15,255,0,0.092201433602678
15,256,0,-0.313249100989409
15,257,0,0.370810380947783
15,258,0,0.143668834054694
15,259,0,0.34458380574386
15,260,0,0.264946194564156
15,261,1,0.689071239354511
15,262,0,0.284244439630507
15,263,1,0.26393090956692
15,264,0,0.394953679028957
15,265,-3,0.114029631514397
15,266,0,0.77021057211235
15,267,0,0.441345381310653
15,268,1,1.02951427166967
15,269,0,0.909926701842901
15,270,-1,0.710445730450858
15,271,-1,0.950475002358651
15,272,2,0.670193752979832
15,273,0,0.441279151018558
15,274,2,0.053961046488227
15,275,0,0.399575670383904
15,276,-1,-0.214349122706401
15,277,-2,0.294055526472309
15,278,1,0.45566710662248
15,279,-2,0.0971642042694019
15,280,2,0.80641814828788
15,281,0,0.112467244238958
15,282,0,0.410577966269524
15,283,-1,0.435694136472665
15,284,-1,0.720144442191932
15,285,0,0.718067643759068
15,286,-1,0.656515848019551
15,287,2,0.806789612933569
15,288,0,0.725763207679327
15,289,1,-0.0252558059998053
15,290,0,0.479585768425104
15,291,-2,0.112966627089854
15,292,-1,0.588173086797863
15,293,-1,0.47454459299716
15,294,2,0.671143829900779
15,295,5,0.792095400760247
15,296,-4,-0.0863884176663252
15,297,1,-0.744334068504323
15,298,-1,-0.31056109804762
15,299,-1,0.0979714183083737
15,300,2,0.316765846472165
15,301,0,0.220145876350232
15,302,1,-0.910956186379152
15,303,-2,0.15897187402425
15,304,-1,-0.622373241747767
15,305,0,0.45714929512002
15,306,1,0.66970833861474
15,307,0,0.545805034002426
15,308,-1,0.613684154884065
15,309,0,0.727685687949133
15,310,2,0.636994541293325
15,311,-1,0.441279151018558
15,312,-1,0.0218910695183583
15,313,-3,0.642745767364911
15,314,1,1.04325840692204
15,315,5,0.573365947120944
15,316,-1,0.594255023852199
15,317,1,-1.09863416357545
15,318,-2,0.137016727260862
15,319,-1,-0.189601670392427
15,320,3,-0.0351134076940669
15,321,-3,0.263025288913026
15,322,0,-1.0865976030547
15,323,2,0.549543178728522
15,324,-1,-0.2841234707896
15,325,-2,0.0708279647221379
15,326,0,0.777972366324704
15,327,1,0.193235262273146
15,328,-1,0.736459715768656
15,329,0,0.100340354902794
15,330,2,0.595178133155075
15,331,0,0.635865306576686
15,332,3,-0.433949423842289
15,333,0,0.151849812340046
15,334,0,-0.788327726121972
15,335,0,-0.0978866138445821
15,336,-2,0.0437182452142717
15,337,0,0.17830353702724
15,338,1,0.395597499380504
15,339,-1,-0.0421689526721083
15,340,0,0.694757257349808
15,341,-1,0.276048001870437
15,342,-1,1.02893668161022
15,343,-1,0.821158035456898
15,344,0,1.03420249331671
15,345,3,1.09989086604608
15,346,-1,0.888856976327039
15,347,0,-0.0587618266585817
15,348,-1,0.446452787030692
15,349,1,0.631309545513834
15,350,1,0.261433904845253
15,351,2,0.15136542019076
15,352,-2,-0.566085513990658
15,353,-1,-0.0633186099372403
15,354,0,-0.254613494044556
15,355,0,0.468793366925574
15,356,0,0.756466436859974
15,357,1,0.940999904680321
15,358,0,0.5762344164883
15,359,0,0.361755489558256
15,360,1,0.252174462660639
15,361,-1,0.408146169624146
16,1,3,0.300603464853705
16,2,-3,0.362678953525357
16,3,1,-0.223008042896958
16,4,0,-0.103233085964455
16,5,1,0.315613087141616
16,6,-1,-0.0882024876998402
16,7,-2,0.350699645621261
16,8,2,0.242807810388161
16,9,1,0.422145970560652
16,10,0,-0.551684984117027
16,11,-1,0.227127660119026
16,12,0,0.688408419583537
16,13,0,0.385486221855279
16,14,1,0.473173113155361
16,15,-1,0.236518265636968
16,16,0,0.486875260452661
16,17,0,0.297535005337236
16,18,0,0.649840162083179
16,19,-1,0.638949378886849
16,20,2,0.821369440646498
16,21,0,0.58792223629214
16,22,1,-0.0541504856489244
16,23,-2,0.318166659619899
16,24,1,0.330066601321442
16,25,1,0.141765325927198
16,26,0,0.0686762074279395
16,27,0,-0.118874674091805
16,28,3,0.516613425785101
16,29,5,0.126005726773918
16,30,1,-1.01173249121536
16,31,2,-2.20934122175119
16,32,-5,-1.18291389840741
16,33,-5,-0.854839426488453
16,34,6,-0.135706730363794
16,35,8,-0.211419231918252
16,36,-13,-2.1470506318749
16,37,-1,-1.37785661397008
16,38,-1,-3.25438208301038
16,39,-1,1.31747559120917
16,40,1,-0.0379404201349827
16,41,2,-0.663207974348368
16,42,4,-0.510174559748995
16,43,1,-1.45899378810846
16,44,-5,-3.29491897183805
16,45,0,-0.10329286620746
16,46,0,-0.490447668926287
16,47,0,0.55268769440525
16,48,2,0.546144486472471
16,49,1,0.0235732625564229
16,50,8,-0.163615704169235
16,51,-5,-1.0470873390673
16,52,-5,-2.5418170849346
16,53,1,-1.90389195392051
16,54,1,-0.186715506846877
16,55,0,0.079144174868786
16,56,-1,0.891745440171108
16,57,-1,-0.99701976756893
16,58,-1,0.936648145098236
16,59,0,-1.14960054679732
16,60,1,0.852540042599882
16,61,-1,0.948313582797785
16,62,1,0.724577428313794
16,63,-1,0.566759610677362
16,64,2,0.452138688343348
16,65,0,0.339329285234677
16,66,0,-0.15018789192667
16,67,1,0.404196089559038
16,68,-2,0.254182662153262
16,69,-1,0.289575167225024
16,70,0,0.425975806796422
16,71,1,0.496265865970603
16,72,0,0.811784742423622
16,73,1,0.283293963095391
16,74,2,0.657661095745883
16,75,6,0.01572588823717
16,76,7,-0.658262728082651
16,77,-10,-2.61871018260799
16,78,-4,-2.38825958497643
16,79,0,-1.95830235204621
16,80,-2,0.202691010473632
16,81,1,0.676950076396911
16,82,1,-0.385633313168697
16,83,0,-0.28980889269884
16,84,-1,-0.618965039977308
16,85,0,-0.841807683956832
16,86,0,0.527150983438667
16,87,0,0.564074598223882
16,88,2,0.689712655401716
16,89,-1,0.638685512807007
16,90,-1,0.0107163186754362
16,91,0,0.444951389735298
16,92,0,0.503039479290567
16,93,-1,0.660112004501627
16,94,1,0.877268638370589
16,95,2,0.413185314564786
16,96,10,0.325353958227949
16,97,5,-0.634149833917394
16,98,-13,-4.08772659700552
16,99,-3,-4.66533747946074
16,100,-1,-1.61218319511261
16,101,3,0.554908197773809
16,102,0,0.387074093003503
16,103,-2,-2.77460763133918
16,104,2,0.642471698970976
16,105,-3,-1.90818503226196
16,106,2,-0.872447979613357
16,107,-2,0.192262887206948
16,108,3,-0.0979855073845133
16,109,-2,0.510241472175389
16,110,1,-0.622248502198694
16,111,-3,-0.0248867960576106
16,112,3,0.605575190825515
16,113,-1,-0.19615081852393
16,114,1,-0.153274284892343
16,115,0,-0.408077070271617
16,116,-2,0.26493593091724
16,117,1,0.210377236213995
16,118,2,0.219180374808832
16,119,-2,-0.286286782778757
16,120,3,0.096480033379458
16,121,-2,-0.220810283220037
16,122,1,-0.296596507836675
16,123,-1,-0.0720910530209524
16,124,2,0.331989777917503
16,125,-4,0.0682017316868129
16,126,2,0.3568447253357
16,127,0,-0.538851048658675
16,128,2,0.191493586875217
16,129,0,0.0374355694779935
16,130,2,-0.125723162235805
16,131,-1,-0.0647592893761473
16,132,-2,-0.555589502115351
16,133,-1,-0.282339660498957
16,134,-1,0.45802921560753
16,135,0,0.378977864632314
16,136,1,1.05010400190736
16,137,0,0.600125595928209
16,138,0,0.678686206928309
16,139,0,0.439199766920624
16,140,0,0.577914259953534
16,141,1,0.492148696094237
16,142,4,0.406119266155098
16,143,1,0.0716250859612612
16,144,1,-1.36738929702398
16,145,-1,-0.726485145624016
16,146,1,-0.54648438108273
16,147,1,-0.470167850169233
16,148,1,-0.417618911490657
16,149,-3,-1.12617291502843
16,150,-7,0.359931118301373
16,151,2,0.437913405717791
16,152,0,0.606135983373597
16,153,1,1.130649639266
16,154,-1,1.3862628732646
16,155,3,0.890972634823164
16,156,3,0.687174236338324
16,157,-1,-0.944942510294943
16,158,-3,-1.30532875535146
16,159,-3,0.166070643582174
16,160,2,0.168171565967586
16,161,4,0.434604855655003
16,162,-4,-0.188729429572421
16,163,-1,-0.522758700377079
16,164,1,-0.00531111071201806
16,165,-3,0.0217974004631359
16,166,-1,0.620364013675305
16,167,-2,0.641230882474802
16,168,1,0.805146001312769
16,169,3,0.785134360074011
16,170,-2,0.0851156921996188
16,171,4,0.176355069974572
16,172,-1,0.235968915071805
16,173,-4,-1.00558556234565
16,174,1,0.307380330467523
16,175,0,0.0832704752125492
16,176,1,-0.0111314188174502
16,177,3,0.699454916505205
16,178,-2,-0.895525215782991
16,179,1,-0.309674333708907
16,180,-3,-1.02222122886424
16,181,2,0.362383876212393
16,182,-2,0.111898959791992
16,183,0,0.40891408682402
16,184,-1,0.155895573591298
16,185,-1,1.13675237262438
16,186,0,0.524877361334156
16,187,-1,0.898167397905525
16,188,1,0.945635520948709
16,189,-1,0.785486195599619
16,190,-3,0.476251582508605
16,191,2,1.11906635770261
16,192,2,0.654712217212561
16,193,0,0.230748988571148
16,194,4,-0.0514673223507198
16,195,3,0.393660381060747
16,196,-4,-1.50878834337225
16,197,-1,-1.21164475438991
16,198,-1,-0.803283382081101
16,199,1,0.0984529349021647
16,200,-4,0.194098094357242
16,201,0,0.145613679207087
16,202,0,0.490254088508059
16,203,-1,0.577830919697357
16,204,2,0.778340518365726
16,205,1,0.97277831248865
16,206,-2,0.172662748171154
16,207,-2,0.303149113719558
16,208,2,0.592634879385634
16,209,1,0.483446804729085
16,210,-4,-0.0579821710399698
16,211,1,0.599561564207695
16,212,3,0.505724491744046
16,213,-2,0.210254848720837
16,214,-1,-0.267880512949585
16,215,1,0.294679197698808
16,216,2,0.604214655932811
16,217,2,-0.252194481284777
16,218,2,-0.359172215745438
16,219,-3,-1.1355616713911
16,220,-2,-0.476619169981497
16,221,-1,-0.614793378052704
16,222,0,0.500354466837087
16,223,0,0.618336103837233
16,224,-1,1.01703184176339
16,225,0,0.892686591775097
16,226,1,0.692928639187312
16,227,0,0.486397073279563
16,228,-2,0.355218475207879
16,229,0,0.886236244970858
16,230,-2,0.577914259953534
16,231,2,1.09138888339858
16,232,-2,0.699720631740322
16,233,1,0.66559183762403
16,234,0,0.646770312549553
16,235,-1,0.523800724393151
16,236,-1,0.799853589488955
16,237,3,0.725332034368752
16,238,0,0.383584663664697
16,239,0,-0.423646953187191
16,240,3,0.169444190248383
16,241,-2,0.289184949497691
16,242,-1,-0.70288092488308
16,243,0,0.00941954733156869
16,244,-3,-0.113737182925364
16,245,1,1.07562604507287
16,246,2,0.125741401555957
16,247,1,0.250771612654705
16,248,0,0.0147055669470948
16,249,0,-0.367748480445001
16,250,0,0.308424398516409
16,251,0,0.112781766649716
16,252,0,0.310345725957195
16,253,0,0.226510289298361
16,254,1,0.633813457677625
16,255,0,0.232668201012876
16,256,1,0.208417792415267
16,257,0,0.334193364025453
16,258,-3,0.0616171096226548
16,259,0,0.739699428258088
16,260,0,0.396111289816492
16,261,1,0.980630857688736
16,262,0,0.846521314532934
16,263,-1,0.633412077165431
16,264,-1,0.880483232139028
16,265,2,0.623805481339018
16,266,0,0.518183376838397
16,267,2,0.00174871207516658
16,268,0,0.459831421203287
16,269,-1,-0.278012991780406
16,270,-2,0.252523351637043
16,271,1,0.43199453486337
16,272,-2,0.060116931944267
16,273,2,0.772655692375181
16,274,0,0.18870525767258
16,275,0,0.336107226991927
16,276,-1,0.377545707209428
16,277,-1,0.669432836644661
16,278,0,0.669079611101897
16,279,-1,0.614837874738749
16,280,2,0.763832550811667
16,281,0,0.785486195599619
16,282,1,-0.0859367892077587
16,283,0,0.40906814468842
16,284,-2,0.0564811884134306
16,285,-1,0.552143445289215
16,286,-1,0.442002511201976
16,287,2,0.638194493633833
16,288,5,0.862548018938488
16,289,-4,-0.0251655363542855
16,290,1,-0.801380402701431
16,291,-1,-0.378151303700528
16,292,-1,0.0700885956006225
16,293,2,0.304854730049931
16,294,0,0.308797393309377
16,295,1,-0.951015357408585
16,296,-2,0.104577385924022
16,297,-1,-0.63644211445301
16,298,0,0.41535073883521
16,299,1,0.630864579144303
16,300,0,0.495383059112879
16,301,-1,0.547646513306134
16,302,0,0.666893958443151
16,303,2,0.577914259953534
16,304,-1,0.518183376838397
16,305,-1,-0.024285968668994
16,306,-3,0.586616151318686
16,307,1,1.00431908372111
16,308,5,0.523319298047621
16,309,-1,0.666769721794718
16,310,1,-1.16263293765932
16,311,-2,0.0519789022588605
16,312,-1,-0.222485678030184
16,313,3,-0.0446458332593844
16,314,-3,0.363032179068122
16,315,0,-1.09193667572188
16,316,2,0.484560016973993
16,317,-1,-0.188841604682262
16,318,-2,0.0261240823031088
16,319,0,0.734033925733905
16,320,1,0.142940567874645
16,321,-1,0.686146685245788
16,322,0,0.0699685554793563
16,323,2,0.528815395404013
16,324,0,0.694850425766215
16,325,3,-0.47619450184861
16,326,0,0.222129253342153
16,327,0,-0.845073418626152
16,328,0,-0.13799822708365
16,329,-2,0.0116084391627461
16,330,0,0.16600290252473
16,331,1,0.361109002472062
16,332,-1,-0.0744803912122763
16,333,0,0.638811864454497
16,334,-1,0.225610493224748
16,335,-1,0.968435838674227
16,336,-1,0.775742085340855
16,337,0,0.984196827844664
16,338,3,1.03434301273692
16,339,-1,0.948313582797785
16,340,0,-0.126213902210921
16,341,-1,0.377897542735035
16,342,1,0.583932988020482
16,343,1,0.218827149266067
16,344,2,0.103412779537252
16,345,-2,-0.486303499997256
16,346,-1,-0.111355768346469
16,347,0,-0.281317669993667
16,348,0,0.433300619836824
16,349,0,0.716011202225719
16,350,1,0.882140693499971
16,351,0,0.504086799633307
16,352,0,0.299319277483788
16,353,1,0.206633520268715
16,354,-1,0.350220068431007
16,355,0,0.203545737285885
16,356,1,0.380084585410938
16,357,-1,0.513047455629173
16,358,1,0.350346420078497
16,359,-2,0.38495664054032
16,360,-1,0.588931394797354
16,361,0,0.612914698142689
17,1,-3,0.284351914949125
17,2,1,-0.225012999091132
17,3,0,-0.0547851178492733
17,4,1,0.34754049286991
17,5,-1,-0.0407414014979245
17,6,-2,0.368259326289117
17,7,2,0.260124036836998
17,8,1,0.342208005488184
17,9,0,-0.507170487485886
17,10,-1,0.261765933388382
17,11,0,0.710723013933434
17,12,0,0.425544902589715
17,13,1,0.506372856065327
17,14,-1,0.281919777536417
17,15,0,0.508994739621886
17,16,0,0.331969451631808
17,17,0,0.683265102116496
17,18,-1,0.673824551731599
17,19,2,0.840818903130283
17,20,0,0.509659701154456
17,21,1,-0.0175657422777473
17,22,-2,0.366268076092118
17,23,1,0.342284673439049
17,24,1,0.193799355913002
17,25,0,0.113479393667519
17,26,0,-0.0803025646941002
17,27,3,0.548745687047594
17,28,5,0.0496208411096306
17,29,1,-1.08285990610211
17,30,2,-2.14864574236707
17,31,-5,-1.24853521812587
17,32,-5,-0.863954464789833
17,33,6,-0.149419018751961
17,34,8,-0.294885713365614
17,35,-13,-2.21891274489144
17,36,-1,-1.49105514077924
17,37,-1,-3.23051034676705
17,38,-1,1.34170023154979
17,39,1,-0.0127324120402585
17,40,2,-0.625284383808341
17,41,4,-0.576789854948208
17,42,1,-1.54291796765359
17,43,-5,-3.24953535575274
17,44,0,-0.116225667381307
17,45,0,-0.447350541184125
17,46,0,0.586434021808174
17,47,2,0.575612176918947
17,48,1,-0.0604929866206652
17,49,8,-0.112303032267908
17,50,-5,-1.12570332579288
17,51,-5,-2.5473178119514
17,52,1,-1.91863577930832
17,53,1,-0.139498666598352
17,54,0,0.13013854542121
17,55,-1,0.91351821990266
17,56,-1,-0.971744861807263
17,57,-1,0.96445187360642
17,58,0,-1.13967405477392
17,59,1,0.883302500196191
17,60,-1,0.989684896973053
17,61,1,0.746214655079031
17,62,-1,0.612928541934161
17,63,2,0.47623574811649
17,64,0,0.262999235312413
17,65,0,-0.115075929061173
17,66,1,0.44282063453832
17,67,-2,0.299724408422275
17,68,-1,0.306127840720649
17,69,0,0.448405999442627
17,70,1,0.529148583769922
17,71,0,0.856017877471227
17,72,1,0.312150447884274
17,73,2,0.704396019545693
17,74,6,-0.0593843778110861
17,75,7,-0.729336484773057
17,76,-10,-2.6812489334386
17,77,-4,-2.44594033897527
17,78,0,-1.95475746075506
17,79,-2,0.238678424399078
17,80,1,0.68617117373711
17,81,1,-0.349262767673905
17,82,0,-0.242476988084506
17,83,-1,-0.589591565510393
17,84,0,-0.831257052654626
17,85,0,0.565254631263435
17,86,0,0.597840333676858
17,87,2,0.722066802793787
17,88,-1,0.557901952216644
17,89,-1,0.0374608474397697
17,90,0,0.470105257263285
17,91,0,0.537512664270882
17,92,-1,0.695350520460284
17,93,1,0.895103863364365
17,94,2,0.458812023587587
17,95,10,0.247603757436932
17,96,5,-0.709918489390748
17,97,-13,-4.14323829163306
17,98,-3,-4.7691163302037
17,99,-1,-1.59242352934226
17,100,3,0.57984628711103
17,101,0,0.305175695648584
17,102,-2,-2.74026848496442
17,103,2,0.660170168053015
17,104,-3,-1.99935046871881
17,105,2,-0.873784009307894
17,106,-2,0.112823271594747
17,107,3,-0.0882945782979025
17,108,-2,0.436493640150579
17,109,1,-0.617431054145669
17,110,-3,0.0304155762735034
17,111,3,0.600573213357292
17,112,-1,-0.269129215852352
17,113,1,-0.134326592417245
17,114,0,-0.356986121704698
17,115,-2,0.296130293714968
17,116,1,0.225073106559082
17,117,2,0.262541891044826
17,118,-2,-0.36157470533234
17,119,3,0.109589880013919
17,120,-2,-0.302700494034107
17,121,1,-0.278311716120374
17,122,-1,-0.0201021184236443
17,123,2,0.350983594340512
17,124,-4,-0.00308504471532833
17,125,2,0.340878082423045
17,126,0,-0.61205010950191
17,127,2,0.222878725300428
17,128,0,-0.0413097418893864
17,129,2,-0.0944023558995636
17,130,-1,-0.133180933912177
17,131,-2,-0.528446461086052
17,132,-1,-0.265915777461767
17,133,-1,0.479372518556209
17,134,0,0.399984640485076
17,135,1,1.07729718910399
17,136,0,0.639465716372302
17,137,0,0.712887323182173
17,138,0,0.471679180305527
17,139,0,0.613496882325623
17,140,1,0.528072113885985
17,141,4,0.451519555439783
17,142,1,-0.00509941757700427
17,143,1,-1.3114152288308
17,144,-1,-0.670999835523847
17,145,1,-0.514670166510412
17,146,1,-0.414307494503115
17,147,1,-0.370400987631669
17,148,-3,-1.07302172115759
17,149,-7,0.360128745779117
17,150,2,0.387982609397159
17,151,0,0.524969671619274
17,152,1,1.15592854938827
17,153,-1,1.42269197372981
17,154,3,0.911021482786413
17,155,3,0.617809412073801
17,156,-1,-1.01913439548313
17,157,-3,-1.27031487007599
17,158,-3,0.169444116403008
17,159,2,0.172438775403788
17,160,4,0.354120134739998
17,161,-4,-0.27282378861171
17,162,-1,-0.531527333019684
17,163,1,0.017572263348955
17,164,-3,0.0678147044915881
17,165,-1,0.621346208831864
17,166,-2,0.654710181011077
17,167,1,0.814849107810996
17,168,3,0.827193621791348
17,169,-2,-0.00734638992802439
17,170,4,0.191877878013837
17,171,-1,0.159619628449067
17,172,-4,-0.972150604594306
17,173,1,0.302926503042182
17,174,0,0.12623000358411
17,175,1,0.0285770379252358
17,176,3,0.738600905258957
17,177,-2,-0.978690452637191
17,178,1,-0.287578977413298
17,179,-3,-0.976072488024116
17,180,2,0.364378982559197
17,181,-2,0.0378647381990556
17,182,0,0.413759858211074
17,183,-1,0.195088556343121
17,184,-1,1.15120487959131
17,185,0,0.54697616097243
17,186,-1,0.925502042086486
17,187,1,0.967147526790197
17,188,-1,0.828449199570648
17,189,-3,0.495653743498799
17,190,2,1.11815048913962
17,191,2,0.573385211773435
17,192,0,0.152826220293708
17,193,4,-0.0157732698859333
17,194,3,0.314812616679578
17,195,-4,-1.57149624114086
17,196,-1,-1.21021104494664
17,197,-1,-0.772427362493616
17,198,1,0.126070997697016
17,199,-4,0.236189214231864
17,200,0,0.122993238197679
17,201,0,0.527173790624802
17,202,-1,0.600016887197891
17,203,2,0.795255810114314
17,204,1,0.885563660626272
17,205,-2,0.223509358659989
17,206,-2,0.31736086349736
17,207,2,0.604340617156573
17,208,1,0.406959200766213
17,209,-4,-0.0122646625892885
17,210,1,0.585302684346684
17,211,3,0.552600872528185
17,212,-2,0.131562260925602
17,213,-1,-0.253374091700034
17,214,1,0.315136343349635
17,215,2,0.654361296091691
17,216,2,-0.328999679253087
17,217,2,-0.438857293740879
17,218,-3,-1.20467463894853
17,219,-2,-0.466635532713206
17,220,-1,-0.59958008615257
17,221,0,0.52242445601358
17,222,0,0.649803922581874
17,223,-1,1.04136443070245
17,224,0,0.91075459320974
17,225,1,0.724382355319464
17,226,0,0.529646036928227
17,227,-2,0.39024263928539
17,228,0,0.8958454928478
17,229,-2,0.613496882325623
17,230,2,1.10013312770758
17,231,-2,0.61822962162262
17,232,1,0.672679031488877
17,233,0,0.694955469160795
17,234,-1,0.554876177900799
17,235,-1,0.826361328232541
17,236,3,0.743308716346858
17,237,0,0.307300931745694
17,238,0,-0.386572423163594
17,239,3,0.2034927457348
17,240,-2,0.212112116291335
17,241,-1,-0.680165170192928
17,242,0,0.0344671270262854
17,243,-3,-0.0777085076702838
17,244,1,1.07577765815735
17,245,2,0.161668153135725
17,246,1,0.170547927029036
17,247,0,0.0638928445574249
17,248,0,-0.336692787463535
17,249,0,0.349733973626948
17,250,0,0.15114246975512
17,251,0,0.345137158662922
17,252,0,0.260962149199194
17,253,1,0.667781842559705
17,254,0,0.276942861914291
17,255,1,0.244490201439776
17,256,0,0.38175133564891
17,257,-3,0.0987377635941628
17,258,0,0.741220845008751
17,259,0,0.43056192710256
17,260,1,1.0117792060932
17,261,0,0.888776868976624
17,262,-1,0.663619387460935
17,263,-1,0.905743387500285
17,264,2,0.646824214222482
17,265,0,0.439718192271609
17,266,2,0.0367192179563345
17,267,0,0.381182995257448
17,268,-1,-0.239129109086128
17,269,-2,0.282153277527377
17,270,1,0.442931630662195
17,271,-2,0.109451057357301
17,272,2,0.779368697883917
17,273,0,0.106774743619463
17,274,0,0.368804452238015
17,275,-1,0.413996378858442
17,276,-1,0.689023756112776
17,277,0,0.696092149943719
17,278,-1,0.646082584739046
17,279,2,0.784212571567134
17,280,0,0.703654390062258
17,281,1,-0.0524327071295196
17,282,0,0.45773555370365
17,283,-2,0.0926950544222688
17,284,-1,0.568183784438173
17,285,-1,0.463889258999418
17,286,2,0.659986102450206
17,287,5,0.779465319025024
17,288,-4,-0.108027637238498
17,289,1,-0.80357139806879
17,290,-1,-0.323519123366686
17,291,-1,0.0975136315938103
17,292,2,0.332867107456482
17,293,0,0.219824793987957
17,294,1,-0.907061985655643
17,295,-2,0.148466156017283
17,296,-1,-0.630424533497514
17,297,0,0.443388974929782
17,298,1,0.661565844295838
17,299,0,0.540665661722248
17,300,-1,0.578194619021298
17,301,0,0.687941467425449
17,302,2,0.613496882325623
17,303,-1,0.439718192271609
17,304,-1,0.00027833006231992
17,305,-3,0.609814985937005
17,306,1,1.00336457040758
17,307,5,0.570555710951893
17,308,-1,0.58113488592648
17,309,1,-1.13203494686084
17,310,-2,0.101652771826367
17,311,-1,-0.204798138345255
17,312,3,-0.0129227284688267
17,313,-3,0.277283521118182
17,314,0,-1.08461919323938
17,315,2,0.517779167934011
17,316,-1,-0.276889998438014
17,317,-2,0.0555889749554512
17,318,0,0.73962681995824
17,319,1,0.18121066560752
17,320,-1,0.731791408354298
17,321,0,0.0854763178160027
17,322,2,0.562080864367292
17,323,0,0.616610438322779
17,324,3,-0.438802901645282
17,325,0,0.143963079800302
17,326,0,-0.802130478879776
17,327,0,-0.0953447069949493
17,328,-2,0.0475895737998008
17,329,0,0.182890059806347
17,330,1,0.39337940972511
17,331,-1,-0.0312901747788573
17,332,0,0.660789886639394
17,333,-1,0.253877260230692
17,334,-1,0.99099486684795
17,335,-1,0.798619361239989
17,336,0,1.00205460053269
17,337,3,1.06623745541925
17,338,-1,0.864890087464662
17,339,0,-0.100368627160825
17,340,-1,0.415251956637741
17,341,1,0.608022513545191
17,342,1,0.269610284875769
17,343,2,0.146238385172916
17,344,-2,-0.559819631020221
17,345,-1,-0.0964902272376704
17,346,0,-0.255977773918564
17,347,0,0.467571155388036
17,348,0,0.749635480694365
17,349,1,0.910018782529694
17,350,0,0.550279501199119
17,351,0,0.335957679051308
17,352,1,0.240501974020276
17,353,-1,0.397234595205701
17,354,0,0.229575282274447
17,355,1,0.415078667545768
17,356,-1,0.558470292608106
17,357,1,0.37532772012006
17,358,-2,0.429993586711098
17,359,-1,0.60103055762488
17,360,0,0.637383663837584
17,361,1,0.892743050581089
18,1,1,-0.221927653143678
18,2,0,-0.0527372156529878
18,3,1,0.346112766843196
18,4,-1,-0.0453910842520354
18,5,-2,0.365050993353564
18,6,2,0.262710393154711
18,7,1,0.332026145811137
18,8,0,-0.509581461809096
18,9,-1,0.262438306148238
18,10,0,0.711016482994841
18,11,0,0.421161465870717
18,12,1,0.495879490639514
18,13,-1,0.275183646302867
18,14,0,0.509512610050081
18,15,0,0.330076606376724
18,16,0,0.677136755318578
18,17,-1,0.668690623067426
18,18,2,0.836831399125945
18,19,0,0.504837278239049
18,20,1,-0.0176533422167421
18,21,-2,0.362931927225607
18,22,1,0.342231689567038
18,23,1,0.188005480209383
18,24,0,0.104346097678805
18,25,0,-0.0812852642223616
18,26,3,0.544991021524634
18,27,5,0.0445090204827412
18,28,1,-1.08504746095507
18,29,2,-2.14092255096914
18,30,-5,-1.25141800298641
18,31,-5,-0.865478023144902
18,32,6,-0.160602185304349
18,33,8,-0.317881543283065
18,34,-13,-2.21433806398675
18,35,-1,-1.45032135431138
18,36,-1,-3.22691788926889
18,37,-1,1.32310932761367
18,38,1,-0.0326246791460448
18,39,2,-0.634857242883571
18,40,4,-0.554910988529298
18,41,1,-1.53939985607722
18,42,-5,-3.24056566792619
18,43,0,-0.110975247531201
18,44,0,-0.459158753511739
18,45,0,0.567969321569622
18,46,2,0.566165392230696
18,47,1,-0.0635953551651014
18,48,8,-0.10320921366786
18,49,-5,-1.12823538008656
18,50,-5,-2.52653407986445
18,51,1,-1.92457428226209
18,52,1,-0.160627903624383
18,53,0,0.114446142295027
18,54,-1,0.912519684077636
18,55,-1,-0.960367882777199
18,56,-1,0.968233329255435
18,57,0,-1.14696198751118
18,58,1,0.876925892554026
18,59,-1,0.985522421097092
18,60,1,0.749454266669121
18,61,-1,0.611319716095798
18,62,2,0.475690908329329
18,63,0,0.256449489368858
18,64,0,-0.11649025354031
18,65,1,0.441064849350961
18,66,-2,0.291931652383056
18,67,-1,0.305436041584492
18,68,0,0.441866678970925
18,69,1,0.52225795020471
18,70,0,0.849889861790978
18,71,1,0.311945312699339
18,72,2,0.704684441430008
18,73,6,-0.0624231674558545
18,74,7,-0.73149447073612
18,75,-10,-2.67356068922532
18,76,-4,-2.42006684794346
18,77,0,-1.96399685073435
18,78,-2,0.208774490896394
18,79,1,0.666476008683068
18,80,1,-0.355621698554422
18,81,0,-0.222536920189403
18,82,-1,-0.58140409550193
18,83,0,-0.831839150115844
18,84,0,0.562266211166189
18,85,0,0.589244215973725
18,86,2,0.716430643028688
18,87,-1,0.55257729820031
18,88,-1,0.0410890756787456
18,89,0,0.468100880114008
18,90,0,0.530559824033748
18,91,-1,0.688081127297293
18,92,1,0.890043605076564
18,93,2,0.45644091098193
18,94,10,0.244649013354312
18,95,5,-0.709824100666036
18,96,-13,-4.12182527623594
18,97,-3,-4.75851528902013
18,98,-1,-1.60298251306222
18,99,3,0.544868062946795
18,100,0,0.284698481402212
18,101,-2,-2.73937720001434
18,102,2,0.689603644124227
18,103,-3,-2.0011610782435
18,104,2,-0.873534003024632
18,105,-2,0.10354174042119
18,106,3,-0.0866094402499615
18,107,-2,0.434732807786128
18,108,1,-0.614687413300347
18,109,-3,0.0315242397575812
18,110,3,0.59689349404655
18,111,-1,-0.273838980418257
18,112,1,-0.135935032186043
18,113,0,-0.355544170145751
18,114,-2,0.293248888891049
18,115,1,0.225803330106572
18,116,2,0.251779132999465
18,117,-2,-0.366708591694231
18,118,3,0.11289118014126
18,119,-2,-0.305907999860158
18,120,1,-0.273624880124957
18,121,-1,-0.026560606940055
18,122,2,0.34514760987332
18,123,-4,-0.00782767390804007
18,124,2,0.341376809433201
18,125,0,-0.614075725276686
18,126,2,0.218418563750874
18,127,0,-0.0440775992836878
18,128,2,-0.093612923798273
18,129,-1,-0.133642590039144
18,130,-2,-0.532158962893544
18,131,-1,-0.269621029539742
18,132,-1,0.469703315451943
18,133,0,0.393063957759823
18,134,1,1.07124284380012
18,135,0,0.638606530577352
18,136,0,0.716946049916716
18,137,0,0.471181351672195
18,138,0,0.61000623112745
18,139,1,0.522113691782597
18,140,4,0.443980769657243
18,141,1,-0.00921096150523587
18,142,1,-1.30588381217418
18,143,-1,-0.671895948804801
18,144,1,-0.519499855205516
18,145,1,-0.42751039233481
18,146,1,-0.383983347810425
18,147,-3,-1.07784797220643
18,148,-7,0.360821588078934
18,149,2,0.391482911382295
18,150,0,0.511911899566341
18,151,1,1.15057947816009
18,152,-1,1.42576609420196
18,153,3,0.919767159369469
18,154,3,0.622320890128031
18,155,-1,-1.0233891227533
18,156,-3,-1.2643467812914
18,157,-3,0.167360740868674
18,158,2,0.165640901946343
18,159,4,0.336126820876635
18,160,-4,-0.278415473470379
18,161,-1,-0.511352705469742
18,162,1,0.0253423173622853
18,163,-3,0.0588808403447425
18,164,-1,0.615808291742187
18,165,-2,0.650759086130014
18,166,1,0.818314621257181
18,167,3,0.823820211899801
18,168,-2,-0.0097279401481789
18,169,4,0.206771312363499
18,170,-1,0.158984088969149
18,171,-4,-0.966758267906475
18,172,1,0.301204108672211
18,173,0,0.113648333965787
18,174,1,0.0226552122622998
18,175,3,0.730803814564062
18,176,-2,-0.976148963212019
18,177,1,-0.275227315462892
18,178,-3,-0.982115829734251
18,179,2,0.360308708828557
18,180,-2,0.0274522047285342
18,181,0,0.410621424310647
18,182,-1,0.19683532797642
18,183,-1,1.14687752619791
18,184,0,0.548107314125596
18,185,-1,0.919193726525929
18,186,1,0.967518956004067
18,187,-1,0.825027171571754
18,188,-3,0.497361278399412
18,189,2,1.12028367043162
18,190,2,0.566495616440819
18,191,0,0.150428183984272
18,192,4,-0.011668276977007
18,193,3,0.314007152505129
18,194,-4,-1.56653068189343
18,195,-1,-1.20626027716641
18,196,-1,-0.780805599858272
18,197,1,0.111548547590457
18,198,-4,0.221364025922635
18,199,0,0.125290206576044
18,200,0,0.533115656191463
18,201,-1,0.595058054993621
18,202,2,0.795636471322305
18,203,1,0.882526808752514
18,204,-2,0.229932617033485
18,205,-2,0.319867239075378
18,206,2,0.602419954451774
18,207,1,0.397041355413952
18,208,-4,-0.0177113681722533
18,209,1,0.591660765150965
18,210,3,0.552635324155821
18,211,-2,0.124701758878547
18,212,-1,-0.249107942328837
18,213,1,0.316708900512311
18,214,2,0.650959356229012
18,215,2,-0.338252117141082
18,216,2,-0.441697479567507
18,217,-3,-1.20037581956533
18,218,-2,-0.46241414706383
18,219,-1,-0.606776869314623
18,220,0,0.508484323911675
18,221,0,0.639626734084663
18,222,-1,1.03807827975185
18,223,0,0.916586615893665
18,224,1,0.725041326531744
18,225,0,0.525194163340785
18,226,-2,0.389111853952824
18,227,0,0.895573817021432
18,228,-2,0.61000623112745
18,229,2,1.0948500750065
18,230,-2,0.611261690140286
18,231,1,0.676797282072769
18,232,0,0.696238309178857
18,233,-1,0.552581049739955
18,234,-1,0.826269952286482
18,235,3,0.737994487802377
18,236,0,0.302218453163921
18,237,0,-0.385124650676197
18,238,3,0.203403058572139
18,239,-2,0.206211229680033
18,240,-1,-0.677035732531128
18,241,0,0.0275114545860389
18,242,-3,-0.0862699670041532
18,243,1,1.0711721395465
18,244,2,0.15401512784416
18,245,1,0.16936087375626
18,246,0,0.068578735834665
18,247,0,-0.333740884801531
18,248,0,0.348558755690232
18,249,0,0.141067289868086
18,250,0,0.335384241114176
18,251,0,0.254479657104653
18,252,1,0.663218437078069
18,253,0,0.271334188481236
18,254,1,0.242534922667994
18,255,0,0.376850245466116
18,256,-3,0.0959579913831653
18,257,0,0.739237268517105
18,258,0,0.423276780459029
18,259,1,1.00359944035861
18,260,0,0.88371156351173
18,261,-1,0.665849158554409
18,262,-1,0.908690305641977
18,263,2,0.642514447879855
18,264,0,0.430863057134705
18,265,2,0.0355588637338768
18,266,0,0.378163730434464
18,267,-1,-0.236832983682056
18,268,-2,0.279256114857276
18,269,1,0.43508100801322
18,270,-2,0.100257199286643
18,271,2,0.775118786508309
18,272,0,0.103850550095208
18,273,0,0.37183919194892
18,274,-1,0.414995199459783
18,275,-1,0.684782281851758
18,276,0,0.693611339242162
18,277,-1,0.636984235934986
18,278,2,0.780789505335646
18,279,0,0.699154229485139
18,280,1,-0.0491951780972775
18,281,0,0.456296652559818
18,282,-2,0.0904858053938075
18,283,-1,0.565624306469229
18,284,-1,0.455784997211434
18,285,2,0.653603078280683
18,286,5,0.771756939665624
18,287,-4,-0.106624111024417
18,288,1,-0.783286738427796
18,289,-1,-0.323815144575212
18,290,-1,0.0886594411750825
18,291,2,0.322650677632884
18,292,0,0.207612171016976
18,293,1,-0.900218473447363
18,294,-2,0.144660640676651
18,295,-1,-0.628448811139621
18,296,0,0.439751364382613
18,297,1,0.650902554175494
18,298,0,0.534515807151773
18,299,-1,0.577956619209556
18,300,0,0.690419019093021
18,301,2,0.61000623112745
18,302,-1,0.430863057134705
18,303,-1,0.000936556295154101
18,304,-3,0.60920562540948
18,305,1,1.0015433756278
18,306,5,0.562208185210678
18,307,-1,0.573227012982658
18,308,1,-1.11599523256606
18,309,-2,0.10497127730056
18,310,-1,-0.205130475860641
18,311,3,-0.0237153908873927
18,312,-3,0.260167239295104
18,313,0,-1.07680040631539
18,314,2,0.517154385043617
18,315,-1,-0.282983522450613
18,316,-2,0.0575056336468187
18,317,0,0.737193882084407
18,318,1,0.17990589075797
18,319,-1,0.722703434736015
18,320,0,0.0839144089308839
18,321,2,0.562923348838679
18,322,0,0.612120321813768
18,323,3,-0.438687712262939
18,324,0,0.138222073815424
18,325,0,-0.798621243387602
18,326,0,-0.100476802088888
18,327,-2,0.0367581925551603
18,328,0,0.176276030725679
18,329,1,0.383124261075437
18,330,-1,-0.0384234217464984
18,331,0,0.661561727324268
18,332,-1,0.252910065123239
18,333,-1,0.989739148073614
18,334,-1,0.794563565154042
18,335,0,0.997326648651283
18,336,3,1.06365534322245
18,337,-1,0.859649479010477
18,338,0,-0.0919127621510281
18,339,-1,0.416202159131737
18,340,1,0.603220560169745
18,341,1,0.260608190389868
18,342,2,0.138167799399557
18,343,-2,-0.560512663689944
18,344,-1,-0.0923701430835451
18,345,0,-0.258238684152516
18,346,0,0.456585602929404
18,347,0,0.741293333247912
18,348,1,0.90527540828542
18,349,0,0.549805636316141
18,350,0,0.335899648002205
18,351,1,0.236711881042514
18,352,-1,0.390768563706624
18,353,0,0.227303119459138
18,354,1,0.40935846221852
18,355,-1,0.551263813231962
18,356,1,0.373880050743967
18,357,-2,0.424590265427377
18,358,-1,0.601563850415944
18,359,0,0.634068315628704
18,360,1,0.885372024805176
18,361,1,0.943254587125189
19,1,0,-0.051718070051832
19,2,1,0.346580905723956
19,3,-1,-0.0506768898263947
19,4,-2,0.377046003833142
19,5,2,0.262370165004268
19,6,1,0.331134047956455
19,7,0,-0.508117677955455
19,8,-1,0.269507011279229
19,9,0,0.714657777175973
19,10,0,0.4175400059061
19,11,1,0.498760704507626
19,12,-1,0.276695237215282
19,13,0,0.516278923927124
19,14,0,0.329591966639477
19,15,0,0.678554883531841
19,16,-1,0.66989498180922
19,17,2,0.842815829324061
19,18,0,0.502268325258049
19,19,1,-0.0118623726673441
19,20,-2,0.363373993948591
19,21,1,0.349346183062051
19,22,1,0.184224949051451
19,23,0,0.108273187461436
19,24,0,-0.0781866230798207
19,25,3,0.549751697256679
19,26,5,0.0377683863332738
19,27,1,-1.08127095728876
19,28,2,-2.13103616349292
19,29,-5,-1.25412549371618
19,30,-5,-0.85904892636733
19,31,6,-0.154885942083344
19,32,8,-0.316513019913435
19,33,-13,-2.20362705948498
19,34,-1,-1.40421868853024
19,35,-1,-3.23881481778951
19,36,-1,1.3106116570361
19,37,1,-0.0313294539795679
19,38,2,-0.625148659621761
19,39,4,-0.569160323386126
19,40,1,-1.54188816162383
19,41,-5,-3.24138455818792
19,42,0,-0.103389988017485
19,43,0,-0.461794300287519
19,44,0,0.566978989892485
19,45,2,0.573911189226215
19,46,1,-0.0598967048154915
19,47,8,-0.105748802090765
19,48,-5,-1.13156005269057
19,49,-5,-2.50294849410818
19,50,1,-1.92432746192997
19,51,1,-0.163965257591486
19,52,0,0.110770364491685
19,53,-1,0.930124552497618
19,54,-1,-0.96165382593084
19,55,-1,0.964440073681246
19,56,0,-1.15106068357732
19,57,1,0.880754692363477
19,58,-1,0.987938358015818
19,59,1,0.755822178164073
19,60,-1,0.611577149908161
19,61,2,0.479580612648887
19,62,0,0.25406516929848
19,63,0,-0.108954893285389
19,64,1,0.440781461391091
19,65,-2,0.293195184917038
19,66,-1,0.308784924131817
19,67,0,0.447364985674964
19,68,1,0.523467149863178
19,69,0,0.85028457846754
19,70,1,0.319022060010389
19,71,2,0.703872716455581
19,72,6,-0.0638118343758359
19,73,7,-0.730847462279762
19,74,-10,-2.66397441415801
19,75,-4,-2.39227630062668
19,76,0,-1.96499297823176
19,77,-2,0.202114113931381
19,78,1,0.672102351613967
19,79,1,-0.344110140035951
19,80,0,-0.228980138876773
19,81,-1,-0.586246766938618
19,82,0,-0.8329726066645
19,83,0,0.559990739525003
19,84,0,0.591056271055046
19,85,2,0.720050148880703
19,86,-1,0.552423492329532
19,87,-1,0.0472912849112845
19,88,0,0.471251575287029
19,89,0,0.531307195842313
19,90,-1,0.688148791673091
19,91,1,0.897767950466169
19,92,2,0.456489416239497
19,93,10,0.244140396796467
19,94,5,-0.708246125135094
19,95,-13,-4.10455800176911
19,96,-3,-4.74135237947758
19,97,-1,-1.60541069681384
19,98,3,0.536482819797131
19,99,0,0.286048737313068
19,100,-2,-2.72275717416754
19,101,2,0.682285727211421
19,102,-3,-2.01630662857067
19,103,2,-0.871914896606965
19,104,-2,0.106172347481877
19,105,3,-0.0765064791179552
19,106,-2,0.429996400670699
19,107,1,-0.600793508045675
19,108,-3,0.0261100934083611
19,109,3,0.608929817376117
19,110,-1,-0.28188683847016
19,111,1,-0.120956043226151
19,112,0,-0.359376413145829
19,113,-2,0.300283670517717
19,114,1,0.222106771431337
19,115,2,0.255851739511727
19,116,-2,-0.369190347642538
19,117,3,0.124053618226709
19,118,-2,-0.307976717034169
19,119,1,-0.26722000800408
19,120,-1,-0.0272798956298812
19,121,2,0.353804548348152
19,122,-4,-0.0147897543063962
19,123,2,0.359155245294606
19,124,0,-0.620729879556094
19,125,2,0.225911049473406
19,126,0,-0.0492456465147204
19,127,2,-0.0818504901484022
19,128,-1,-0.142947806454484
19,129,-2,-0.524090790110032
19,130,-1,-0.268976618751996
19,131,-1,0.474278697261456
19,132,0,0.393526608354647
19,133,1,1.07815754712449
19,134,0,0.63979529686694
19,135,0,0.72055511019751
19,136,0,0.47204270025838
19,137,0,0.610145906596487
19,138,1,0.522647294119692
19,139,4,0.445239826677192
19,140,1,-0.00885971323372758
19,141,1,-1.29849903803559
19,142,-1,-0.67136294034037
19,143,1,-0.51831783755157
19,144,1,-0.432515338970724
19,145,1,-0.379473222735082
19,146,-3,-1.07687706613363
19,147,-7,0.371156395235367
19,148,2,0.398637818601398
19,149,0,0.510092401303101
19,150,1,1.15936165113156
19,151,-1,1.43466906670552
19,152,3,0.926022449047038
19,153,3,0.610435713821988
19,154,-1,-1.01765893442404
19,155,-3,-1.25694570710963
19,156,-3,0.174084404835119
19,157,2,0.16459369322168
19,158,4,0.335095176349511
19,159,-4,-0.269856011987409
19,160,-1,-0.49158413277861
19,161,1,0.0253918451138662
19,162,-3,0.0491538804745231
19,163,-1,0.624254686006621
19,164,-2,0.664032197593827
19,165,1,0.819345407879626
19,166,3,0.822730748540724
19,167,-2,-0.00643755676065166
19,168,4,0.216854146090936
19,169,-1,0.157808474358004
19,170,-4,-0.960862802151949
19,171,1,0.307377999838356
19,172,0,0.11726395354482
19,173,1,0.0195350617312152
19,174,3,0.739090067929174
19,175,-2,-0.975579899682064
19,176,1,-0.270247129978507
19,177,-3,-0.98541274395195
19,178,2,0.366168749614248
19,179,-2,0.0241158232027816
19,180,0,0.425439063232189
19,181,-1,0.195987849014692
19,182,-1,1.15463100814836
19,183,0,0.544947101708561
19,184,-1,0.926112905364336
19,185,1,0.969411749368283
19,186,-1,0.827233814533044
19,187,-3,0.502181949793555
19,188,2,1.12662464203472
19,189,2,0.565880348122778
19,190,0,0.151513965888284
19,191,4,-0.00207777297559941
19,192,3,0.313716063770153
19,193,-4,-1.5678672720414
19,194,-1,-1.19345962430229
19,195,-1,-0.778827129200137
19,196,1,0.10814056148804
19,197,-4,0.223599136255346
19,198,0,0.142910644237748
19,199,0,0.531689617451057
19,200,-1,0.594123561655196
19,201,2,0.79730207761168
19,202,1,0.887480126638822
19,203,-2,0.229757259008353
19,204,-2,0.327229425546183
19,205,2,0.607474111523633
19,206,1,0.391528257296263
19,207,-4,-0.0112669550332395
19,208,1,0.606416005802626
19,209,3,0.551828074695428
19,210,-2,0.119303354701112
19,211,-1,-0.235029778504914
19,212,1,0.325014434891482
19,213,2,0.643932949692352
19,214,2,-0.34040464593979
19,215,2,-0.433134273375784
19,216,-3,-1.20089164742229
19,217,-2,-0.455938642024258
19,218,-1,-0.607072367690798
19,219,0,0.510786316989198
19,220,0,0.642965300288644
19,221,-1,1.04726673721086
19,222,0,0.918807155506971
19,223,1,0.725042810288575
19,224,0,0.523438419091043
19,225,-2,0.393513243483766
19,226,0,0.90196948690269
19,227,-2,0.610145906596487
19,228,2,1.09918165011321
19,229,-2,0.612172567542266
19,230,1,0.688868907081203
19,231,0,0.69521281473296
19,232,-1,0.558080734618537
19,233,-1,0.826141160005894
19,234,3,0.745723308706016
19,235,0,0.297025424517903
19,236,0,-0.375742723469593
19,237,3,0.20558573443494
19,238,-2,0.202975995808367
19,239,-1,-0.671330753375799
19,240,0,0.0336603321619946
19,241,-3,-0.0868205026673168
19,242,1,1.07563364928567
19,243,2,0.158603680182159
19,244,1,0.168711229625463
19,245,0,0.0732045354691289
19,246,0,-0.329233186331656
19,247,0,0.344334074900121
19,248,0,0.14065330626384
19,249,0,0.338056161024851
19,250,0,0.257010184039737
19,251,1,0.665098027738595
19,252,0,0.270438309060848
19,253,1,0.246265555794238
19,254,0,0.376830849741838
19,255,-3,0.0990178681047099
19,256,0,0.744630654178866
19,257,0,0.425554773501646
19,258,1,1.00476092456801
19,259,0,0.886982889745777
19,260,-1,0.673617756650948
19,261,-1,0.908842818412064
19,262,2,0.64541297456305
19,263,0,0.4282265685745
19,264,2,0.0430897484747639
19,265,0,0.378262093053512
19,266,-1,-0.232315991362852
19,267,-2,0.278645674596642
19,268,1,0.441136788292664
19,269,-2,0.097546192318142
19,270,2,0.785456466382441
19,271,0,0.103324962910613
19,272,0,0.378791516911129
19,273,-1,0.413227631464276
19,274,-1,0.690771187563908
19,275,0,0.692350328109611
19,276,-1,0.641211438126529
19,277,2,0.784820616273443
19,278,0,0.699671180019061
19,279,1,-0.0442131566647846
19,280,0,0.455669560496011
19,281,-2,0.0942209140340847
19,282,-1,0.5669128525934
19,283,-1,0.46082184146821
19,284,2,0.655826738447786
19,285,5,0.77287711102504
19,286,-4,-0.101935570931739
19,287,1,-0.765933326489534
19,288,-1,-0.325736399401994
19,289,-1,0.0878020251012905
19,290,2,0.32410206833856
19,291,0,0.21596243909095
19,292,1,-0.90105226101279
19,293,-2,0.146432076856311
19,294,-1,-0.626746587045584
19,295,0,0.439350218079417
19,296,1,0.654668293919775
19,297,0,0.534492301316102
19,298,-1,0.586119144174153
19,299,0,0.691900901319783
19,300,2,0.610145906596487
19,301,-1,0.4282265685745
19,302,-1,0.00994783950597256
19,303,-3,0.613702308905932
19,304,1,1.00629066593168
19,305,5,0.560586157159108
19,306,-1,0.578361205428187
19,307,1,-1.10150915486851
19,308,-2,0.106412755525341
19,309,-1,-0.20680418828307
19,310,3,-0.0253454281826045
19,311,-3,0.265107058868453
19,312,0,-1.06683584136793
19,313,2,0.522837985670186
19,314,-1,-0.291003143850944
19,315,-2,0.0616821471231594
19,316,0,0.749279711015462
19,317,1,0.176609341181697
19,318,-1,0.721290700641882
19,319,0,0.0919889978838137
19,320,2,0.565798240889609
19,321,0,0.608020747598715
19,322,3,-0.434867046243257
19,323,0,0.138718838816563
19,324,0,-0.793599196926112
19,325,0,-0.101917069947535
19,326,-2,0.0387638315751698
19,327,0,0.177078818758413
19,328,1,0.388211328096335
19,329,-1,-0.0397371582764785
19,330,0,0.668323565687278
19,331,-1,0.2551007831661
19,332,-1,0.990708651140664
19,333,-1,0.797457616323203
19,334,0,1.00352037280684
19,335,3,1.06534582545832
19,336,-1,0.860375723501835
19,337,0,-0.0818427657246408
19,338,-1,0.417730697456595
19,339,1,0.603917709214187
19,340,1,0.257430880057431
19,341,2,0.144971498739673
19,342,-2,-0.56160555678243
19,343,-1,-0.0829431446755523
19,344,0,-0.26034544780151
19,345,0,0.457265439158764
19,346,0,0.743100912815199
19,347,1,0.91265604957109
19,348,0,0.548784982786917
19,349,0,0.338561122341658
19,350,1,0.237296400092057
19,351,-1,0.390287705535084
19,352,0,0.231377456689318
19,353,1,0.412097917708401
19,354,-1,0.550992249017858
19,355,1,0.378625144378846
19,356,-2,0.426986016813321
19,357,-1,0.60714324716287
19,358,0,0.636753072840428
19,359,1,0.889414594086098
19,360,1,0.94258014501496
19,361,0,0.45855650966017
20,1,1,0.349838113992296
20,2,-1,-0.0489659825853439
20,3,-2,0.3766677404611
20,4,2,0.275033598725937
20,5,1,0.33318913325544
20,6,0,-0.512306686419232
20,7,-1,0.271443839382185
20,8,0,0.722811733067512
20,9,0,0.425575535112074
20,10,1,0.499653202461786
20,11,-1,0.279862033193157
20,12,0,0.519406195165152
20,13,0,0.334815893279817
20,14,0,0.682641384552746
20,15,-1,0.673637501659809
20,16,2,0.84602678211453
20,17,0,0.507173432453463
20,18,1,-0.0113092431982482
20,19,-2,0.368569562799801
20,20,1,0.354346399987924
20,21,1,0.190831026144577
20,22,0,0.107002528414573
20,23,0,-0.0743295396651319
20,24,3,0.554176690069993
20,25,5,0.0435049065727536
20,26,1,-1.08297242166712
20,27,2,-2.13234304112555
20,28,-5,-1.24468007187679
20,29,-5,-0.850402020947731
20,30,6,-0.149059146864872
20,31,8,-0.320199492371316
20,32,-13,-2.21301011229771
20,33,-1,-1.41020044611073
20,34,-1,-3.23329705197039
20,35,-1,1.31597759189135
20,36,1,-0.0387175506041767
20,37,2,-0.623826945115607
20,38,4,-0.543046133918427
20,39,1,-1.54669989847294
20,40,-5,-3.2489099095141
20,41,0,-0.091675371953829
20,42,0,-0.454416299368652
20,43,0,0.565166481491267
20,44,2,0.570676443724492
20,45,1,-0.0544964042651858
20,46,8,-0.0994381847740002
20,47,-5,-1.1315649139253
20,48,-5,-2.50541771948455
20,49,1,-1.92228872054578
20,50,1,-0.161371768066628
20,51,0,0.105934010855904
20,52,-1,0.923064347531848
20,53,-1,-0.941924746627712
20,54,-1,0.976583071516314
20,55,0,-1.15830738479855
20,56,1,0.882025695868508
20,57,-1,0.989979907968696
20,58,1,0.759499960333153
20,59,-1,0.617667210860739
20,60,2,0.483946386748649
20,61,0,0.258075784392525
20,62,0,-0.109124280127528
20,63,1,0.447817496713107
20,64,-2,0.297190219501463
20,65,-1,0.314096672601016
20,66,0,0.450436441892338
20,67,1,0.527824388976124
20,68,0,0.851915143652508
20,69,1,0.31815277492562
20,70,2,0.711268283867486
20,71,6,-0.0595409196639151
20,72,7,-0.728860227680977
20,73,-10,-2.66727244341148
20,74,-4,-2.38639953692437
20,75,0,-1.95526543274887
20,76,-2,0.200205566929923
20,77,1,0.664589027644132
20,78,1,-0.344059407608569
20,79,0,-0.209840376195889
20,80,-1,-0.585609877283483
20,81,0,-0.835285718702867
20,82,0,0.567854263350794
20,83,0,0.593254275468533
20,84,2,0.722315156891783
20,85,-1,0.555851087685437
20,86,-1,0.0505068799770539
20,87,0,0.477928048929107
20,88,0,0.536148692391492
20,89,-1,0.691069312397813
20,90,1,0.898918401269038
20,91,2,0.462850215284117
20,92,10,0.246662311474063
20,93,5,-0.708586985768483
20,94,-13,-4.11227928199051
20,95,-3,-4.75263201959037
20,96,-1,-1.58843784080723
20,97,3,0.531133244373001
20,98,0,0.27773358856373
20,99,-2,-2.72169108972958
20,100,2,0.709677608361919
20,101,-3,-2.01930737616541
20,102,2,-0.875049762445024
20,103,-2,0.106333446795536
20,104,3,-0.0735199839059989
20,105,-2,0.436274047513081
20,106,1,-0.606316888481889
20,107,-3,0.0370699439737827
20,108,3,0.610276957150626
20,109,-1,-0.275812546950997
20,110,1,-0.126922690759696
20,111,0,-0.350785421673817
20,112,-2,0.30266945198353
20,113,1,0.22902754654148
20,114,2,0.256480765649223
20,115,-2,-0.364960946894626
20,116,3,0.124505168454624
20,117,-2,-0.304780311165506
20,118,1,-0.264031152434824
20,119,-1,-0.0228068134998572
20,120,2,0.354425778860067
20,121,-4,-0.00731436846351563
20,122,2,0.357654658678819
20,123,0,-0.61198585616488
20,124,2,0.223514644641391
20,125,0,-0.0478306903073731
20,126,2,-0.0820923995560903
20,127,-1,-0.130529417510534
20,128,-2,-0.523281723365694
20,129,-1,-0.261729531443882
20,130,-1,0.476872135523279
20,131,0,0.395679727478989
20,132,1,1.07719604326174
20,133,0,0.642833996173336
20,134,0,0.72517544419462
20,135,0,0.477094621518538
20,136,0,0.616531918582769
20,137,1,0.527144809498555
20,138,4,0.44789687558525
20,139,1,-0.00664930050940782
20,140,1,-1.29909923020923
20,141,-1,-0.664058559432279
20,142,1,-0.51083256893403
20,143,1,-0.427421268507612
20,144,1,-0.382188884814365
20,145,-3,-1.0714039630851
20,146,-7,0.375453069310987
20,147,2,0.404527239921839
20,148,0,0.510331482970168
20,149,1,1.15055226590039
20,150,-1,1.43426813531549
20,151,3,0.934060214579047
20,152,3,0.624511875039777
20,153,-1,-1.02107691961968
20,154,-3,-1.2527610405468
20,155,-3,0.183268266991155
20,156,2,0.171699477469181
20,157,4,0.331557264801741
20,158,-4,-0.275840826939809
20,159,-1,-0.488321558359572
20,160,1,0.0361646334145906
20,161,-3,0.0536187414217144
20,162,-1,0.622342893870355
20,163,-2,0.664314366441636
20,164,1,0.831014057402423
20,165,3,0.823510730333027
20,166,-2,-0.012994954147732
20,167,4,0.220966528764207
20,168,-1,0.166106579839478
20,169,-4,-0.958671093697482
20,170,1,0.314831865011096
20,171,0,0.118991956380907
20,172,1,0.0235688898012201
20,173,3,0.735632614472022
20,174,-2,-0.971004967344033
20,175,1,-0.262975239028996
20,176,-3,-0.98322196896862
20,177,2,0.370642918447957
20,178,-2,0.026409947069591
20,179,0,0.421224558341708
20,180,-1,0.205348884935669
20,181,-1,1.15701993222291
20,182,0,0.5495839167729
20,183,-1,0.926489387177949
20,184,1,0.976226969480681
20,185,-1,0.830269368991971
20,186,-3,0.504219628661143
20,187,2,1.13358353136439
20,188,2,0.569068934500908
20,189,0,0.150075693393921
20,190,4,-0.00228512841268502
20,191,3,0.321603154893669
20,192,-4,-1.56405390215749
20,193,-1,-1.19014084394781
20,194,-1,-0.769482939259473
20,195,1,0.113070758797462
20,196,-4,0.217440600983107
20,197,0,0.143338377287373
20,198,0,0.54383364208082
20,199,-1,0.592158267265944
20,200,2,0.797645883320636
20,201,1,0.889086199394853
20,202,-2,0.235169459683458
20,203,-2,0.332124670279516
20,204,2,0.614857520967324
20,205,1,0.395544361768216
20,206,-4,-0.0160197832965097
20,207,1,0.610897389648679
20,208,3,0.560561627783699
20,209,-2,0.119846674284806
20,210,-1,-0.23861090842446
20,211,1,0.332711123185919
20,212,2,0.653566513849948
20,213,2,-0.342888813420565
20,214,2,-0.436334569823801
20,215,-3,-1.19235892543471
20,216,-2,-0.448327132247064
20,217,-1,-0.602286632707271
20,218,0,0.511735756999286
20,219,0,0.642035555130205
20,220,-1,1.04722596518583
20,221,0,0.926176781500664
20,222,1,0.730406233502009
20,223,0,0.526311382087986
20,224,-2,0.395694569942406
20,225,0,0.907842905289832
20,226,-2,0.616531918582769
20,227,2,1.10241706574256
20,228,-2,0.612956670762478
20,229,1,0.688809930546478
20,230,0,0.702264400974549
20,231,-1,0.560195027889534
20,232,-1,0.833268661764391
20,233,3,0.74821174518525
20,234,0,0.303678781644867
20,235,0,-0.378639283999865
20,236,3,0.210565162719597
20,237,-2,0.209974084208422
20,238,-1,-0.668625375549953
20,239,0,0.0374142909321428
20,240,-3,-0.0796885298997299
20,241,1,1.07906004375619
20,242,2,0.15474852123549
20,243,1,0.172908121566287
20,244,0,0.074423239193532
20,245,0,-0.326872064592351
20,246,0,0.355252105219563
20,247,0,0.144772316091834
20,248,0,0.339942663485062
20,249,0,0.261294930177183
20,250,1,0.669423537737276
20,251,0,0.272999770104515
20,252,1,0.249201877781152
20,253,0,0.381787409615272
20,254,-3,0.102709185619898
20,255,0,0.75121103795767
20,256,0,0.429329772569276
20,257,1,1.00627642642873
20,258,0,0.887374952069012
20,259,-1,0.676038062497314
20,260,-1,0.918441806926071
20,261,2,0.650856434721302
20,262,0,0.43100417018472
20,263,2,0.0415823759562592
20,264,0,0.382922701893243
20,265,-1,-0.228125365252013
20,266,-2,0.286971665458412
20,267,1,0.445087185691834
20,268,-2,0.102123496537932
20,269,2,0.783764680172921
20,270,0,0.106100219990394
20,271,0,0.380067133101411
20,272,-1,0.419413083393627
20,273,-1,0.695320126030743
20,274,0,0.699993816418607
20,275,-1,0.641931930700507
20,276,2,0.789024823467188
20,277,0,0.702343779846691
20,278,1,-0.0439276204402617
20,279,0,0.462170635806548
20,280,-2,0.0984952216973646
20,281,-1,0.574607793580416
20,282,-1,0.463654288707809
20,283,2,0.659963942043937
20,284,5,0.772667209739202
20,285,-4,-0.104608451337593
20,286,1,-0.763429917002207
20,287,-1,-0.314160329368666
20,288,-1,0.0925497785563641
20,289,2,0.32501356934375
20,290,0,0.213372219629991
20,291,1,-0.890801125462114
20,292,-2,0.148749039544295
20,293,-1,-0.626045240955253
20,294,0,0.446682204435136
20,295,1,0.655149777515978
20,296,0,0.537387609099161
20,297,-1,0.586650953413101
20,298,0,0.698621283670565
20,299,2,0.616531918582769
20,300,-1,0.43100417018472
20,301,-1,0.0097974261248146
20,302,-3,0.620206777167828
20,303,1,1.01352653283408
20,304,5,0.563143723252533
20,305,-1,0.574051590807247
20,306,1,-1.10263936869891
20,307,-2,0.11688981927003
20,308,-1,-0.197673553463796
20,309,3,-0.0208634341332656
20,310,-3,0.260774108443899
20,311,0,-1.06155654484138
20,312,2,0.527740996439052
20,313,-1,-0.291285939804582
20,314,-2,0.0631487717446534
20,315,0,0.75188660377031
20,316,1,0.18789684230504
20,317,-1,0.722854262229257
20,318,0,0.0881930764992052
20,319,2,0.573343993691394
20,320,0,0.61399235227568
20,321,3,-0.43530399673992
20,322,0,0.142828936725242
20,323,0,-0.790625753446858
20,324,0,-0.094265535670339
20,325,-2,0.0427433152400207
20,326,0,0.183910996758327
20,327,1,0.388620318717036
20,328,-1,-0.0366342210487287
20,329,0,0.67011285124894
20,330,-1,0.257274098263031
20,331,-1,0.99776911971152
20,332,-1,0.801563090805089
20,333,0,1.00573732109125
20,334,3,1.069227841882
20,335,-1,0.862054318823416
20,336,0,-0.0809433595790955
20,337,-1,0.42617172205257
20,338,1,0.611182662382265
20,339,1,0.261154456037088
20,340,2,0.142462336831077
20,341,-2,-0.555321143424824
20,342,-1,-0.0790931067836705
20,343,0,-0.254238655439083
20,344,0,0.459979430122749
20,345,0,0.74396093155232
20,346,1,0.913271540362478
20,347,0,0.556451288290864
20,348,0,0.342802950787898
20,349,1,0.241214820273071
20,350,-1,0.395005256430742
20,351,0,0.234848738687711
20,352,1,0.416111925753805
20,353,-1,0.554715795407467
20,354,1,0.381341430848965
20,355,-2,0.430465064847246
20,356,-1,0.611871975893928
20,357,0,0.641852551828365
20,358,1,0.891029578761445
20,359,1,0.945516216659254
20,360,0,0.458725364267821
20,361,1,0.418972213056641
21,1,-2,0.379849324345111
21,2,2,0.273627022798177
21,3,1,0.328495511697046
21,4,0,-0.520315417487043
21,5,-1,0.265445907454852
21,6,0,0.726673586059909
21,7,0,0.420535898358504
21,8,1,0.492429051311952
21,9,-1,0.272940543468724
21,10,0,0.519659899439092
21,11,0,0.328796859436727
21,12,0,0.680666558223446
21,13,-1,0.665924708576704
21,14,2,0.843906251162772
21,15,0,0.501991168961799
21,16,1,-0.0117564194180549
21,17,-2,0.360465308864404
21,18,1,0.358486187840031
21,19,1,0.181768374998643
21,20,0,0.104615346194521
21,21,0,-0.08220951780577
21,22,3,0.55389332007485
21,23,5,0.0367071747064843
21,24,1,-1.08741043364942
21,25,2,-2.13306299943574
21,26,-5,-1.24852446533282
21,27,-5,-0.846404057729208
21,28,6,-0.161407796200531
21,29,8,-0.324815229395787
21,30,-13,-2.21640042265912
21,31,-1,-1.39974513850103
21,32,-1,-3.22294404392774
21,33,-1,1.32644535040056
21,34,1,-0.0726496373698978
21,35,2,-0.623137829480162
21,36,4,-0.531088487268903
21,37,1,-1.55876276021941
21,38,-5,-3.2587015670494
21,39,0,-0.0909405205548286
21,40,0,-0.458371165879528
21,41,0,0.556328782742376
21,42,2,0.554117520488549
21,43,1,-0.0516330553274734
21,44,8,-0.0991453895930501
21,45,-5,-1.14342186765236
21,46,-5,-2.49075129250165
21,47,1,-1.92496929507607
21,48,1,-0.154682472761408
21,49,0,0.082104275438454
21,50,-1,0.915977229232983
21,51,-1,-0.930044219448625
21,52,-1,0.97710631170047
21,53,0,-1.17730170346533
21,54,1,0.876219198668859
21,55,-1,0.98614750253986
21,56,1,0.759142814078647
21,57,-1,0.614690073150701
21,58,2,0.485270198290684
21,59,0,0.247766404675502
21,60,0,-0.106932101340257
21,61,1,0.439479130882534
21,62,-2,0.296182564190959
21,63,-1,0.310059256022517
21,64,0,0.444669635181486
21,65,1,0.527154535452963
21,66,0,0.842544888800144
21,67,1,0.315221956328413
21,68,2,0.709161136095266
21,69,6,-0.0617380974014358
21,70,7,-0.734680276355978
21,71,-10,-2.66518393727053
21,72,-4,-2.37438275319301
21,73,0,-1.95431805599459
21,74,-2,0.199934808734575
21,75,1,0.638348177794163
21,76,1,-0.348560594714562
21,77,0,-0.193749147232934
21,78,-1,-0.598227554157994
21,79,0,-0.845401461914895
21,80,0,0.564843131075857
21,81,0,0.586900114256517
21,82,2,0.715760878349491
21,83,-1,0.551827338734586
21,84,-1,0.05110631499806
21,85,0,0.473153440751249
21,86,0,0.535654706528457
21,87,-1,0.68207579617872
21,88,1,0.894447039913196
21,89,2,0.461178050380218
21,90,10,0.243732074612921
21,91,5,-0.715797164731174
21,92,-13,-4.10127530028159
21,93,-3,-4.73205309470684
21,94,-1,-1.58372558195418
21,95,3,0.522954534004164
21,96,0,0.251104355745831
21,97,-2,-2.7162977506634
21,98,2,0.721285135202257
21,99,-3,-2.03371878260453
21,100,2,-0.884942650083579
21,101,-2,0.0932139799347793
21,102,3,-0.0624897193324587
21,103,-2,0.421966680917891
21,104,1,-0.599231606887225
21,105,-3,0.0258472205491663
21,106,3,0.618606075402916
21,107,-1,-0.291300399052471
21,108,1,-0.120517776750628
21,109,0,-0.363711073860446
21,110,-2,0.310376075372714
21,111,1,0.217093149663086
21,112,2,0.252252289996817
21,113,-2,-0.368057523964764
21,114,3,0.120579563970457
21,115,-2,-0.310665866456863
21,116,1,-0.257704340403298
21,117,-1,-0.0380666881392454
21,118,2,0.360906091821081
21,119,-4,-0.0208644262649332
21,120,2,0.363832972651633
21,121,0,-0.622126448721974
21,122,2,0.229431007922857
21,123,0,-0.0683644759067609
21,124,2,-0.0739516381471221
21,125,-1,-0.138097091367796
21,126,-2,-0.522330577225615
21,127,-1,-0.271017348769927
21,128,-1,0.475562572430243
21,129,0,0.386977792411616
21,130,1,1.07106722013664
21,131,0,0.64051948232439
21,132,0,0.724763885232295
21,133,0,0.47310409215408
21,134,0,0.614679300848644
21,135,1,0.520912856881715
21,136,4,0.441899034863585
21,137,1,-0.011197308651012
21,138,1,-1.2989578811842
21,139,-1,-0.669192449832555
21,140,1,-0.509460293094938
21,141,1,-0.440800068020183
21,142,1,-0.389092332731331
21,143,-3,-1.07848311041594
21,144,-7,0.377418648062004
21,145,2,0.40055577198573
21,146,0,0.505104919618429
21,147,1,1.1472507619212
21,148,-1,1.42397520254684
21,149,3,0.945971083034868
21,150,3,0.619744760875119
21,151,-1,-1.02212779525225
21,152,-3,-1.25672284768507
21,153,-3,0.185195718701535
21,154,2,0.168306222211189
21,155,4,0.317572031684572
21,156,-4,-0.280550849572231
21,157,-1,-0.48067861254709
21,158,1,0.0376760381332133
21,159,-3,0.0520827501295806
21,160,-1,0.607387320644358
21,161,-2,0.663997948766904
21,162,1,0.83956363767008
21,163,3,0.811591830652161
21,164,-2,-0.0181260994724087
21,165,4,0.224053633797826
21,166,-1,0.164218821743411
21,167,-4,-0.95028359855745
21,168,1,0.30141771777862
21,169,0,0.12198228794857
21,170,1,0.0171203167433034
21,171,3,0.72238216520783
21,172,-2,-0.967292141376653
21,173,1,-0.260113472082292
21,174,-3,-0.995795696152122
21,175,2,0.374626503139989
21,176,-2,0.0096927279912204
21,177,0,0.427049629708534
21,178,-1,0.196033211037377
21,179,-1,1.16341365384623
21,180,0,0.538020562603879
21,181,-1,0.925350749464009
21,182,1,0.974512036203623
21,183,-1,0.825689182220492
21,184,-3,0.504153309915488
21,185,2,1.13079465929201
21,186,2,0.567273807358964
21,187,0,0.146635919561049
21,188,4,-0.0082596555184038
21,189,3,0.323972523085142
21,190,-4,-1.56257453264673
21,191,-1,-1.19492205984331
21,192,-1,-0.770264755327057
21,193,1,0.109668533623228
21,194,-4,0.195633902189617
21,195,0,0.148841554087473
21,196,0,0.544024419290603
21,197,-1,0.589511896480854
21,198,2,0.783409372822079
21,199,1,0.890277973942078
21,200,-2,0.23727784056929
21,201,-2,0.32829786956891
21,202,2,0.616745282188908
21,203,1,0.38928149247084
21,204,-4,-0.0233737461061094
21,205,1,0.611182764246023
21,206,3,0.56344466542264
21,207,-2,0.115515808598358
21,208,-1,-0.246892442969728
21,209,1,0.336470793571886
21,210,2,0.655828202422827
21,211,2,-0.358544018825827
21,212,2,-0.440159915342627
21,213,-3,-1.1905345432262
21,214,-2,-0.446441278166172
21,215,-1,-0.611977744802159
21,216,0,0.507864747634274
21,217,0,0.629645350909084
21,218,-1,1.04571134248149
21,219,0,0.926703271475987
21,220,1,0.728033475418013
21,221,0,0.520863508284546
21,222,-2,0.391514526625812
21,223,0,0.906768985578887
21,224,-2,0.614679300848644
21,225,2,1.09952948110228
21,226,-2,0.603072746462646
21,227,1,0.695016349917853
21,228,0,0.694419286448524
21,229,-1,0.566010077614284
21,230,-1,0.823963124915021
21,231,3,0.748730569240569
21,232,0,0.298642976418529
21,233,0,-0.379933045335876
21,234,3,0.202728240265768
21,235,-2,0.211262846594183
21,236,-1,-0.671682806031326
21,237,0,0.0292819315981845
21,238,-3,-0.0768395110268654
21,239,1,1.06933039052911
21,240,2,0.145711280529072
21,241,1,0.175486324733874
21,242,0,0.0679835661818255
21,243,0,-0.327376064825921
21,244,0,0.353844022006065
21,245,0,0.137122709524808
21,246,0,0.331970730992584
21,247,0,0.256778683564651
21,248,1,0.665220089599067
21,249,0,0.265934125020612
21,250,1,0.246502674930822
21,251,0,0.375911777488782
21,252,-3,0.101490823235833
21,253,0,0.747004511935099
21,254,0,0.425737174959513
21,255,1,1.00228781783982
21,256,0,0.876934589948553
21,257,-1,0.67942437308288
21,258,-1,0.917024949904313
21,259,2,0.649058229694995
21,260,0,0.423671193619248
21,261,2,0.0387843693323687
21,262,0,0.375922549790839
21,263,-1,-0.223460147465483
21,264,-2,0.279010038261109
21,265,1,0.443954243901792
21,266,-2,0.0942436096029629
21,267,2,0.781189024957251
21,268,0,0.096986405927808
21,269,0,0.386775577585594
21,270,-1,0.408526072734551
21,271,-1,0.698189780490146
21,272,0,0.69439774184441
21,273,-1,0.636736284029304
21,274,2,0.785569910314492
21,275,0,0.696839190429575
21,276,1,-0.0434140965436746
21,277,0,0.454936371808969
21,278,-2,0.100786204258196
21,279,-1,0.568318350371394
21,280,-1,0.460116103805864
21,281,2,0.656709146221517
21,282,5,0.763531066782014
21,283,-4,-0.106266058657733
21,284,1,-0.755622446915752
21,285,-1,-0.31716691151675
21,286,-1,0.0979832870341251
21,287,2,0.30318087837468
21,288,0,0.213869847698344
21,289,1,-0.889048921021558
21,290,-2,0.139865505849653
21,291,-1,-0.628786640365555
21,292,0,0.439468358580477
21,293,1,0.652182752653683
21,294,0,0.528574545710294
21,295,-1,0.585657929115951
21,296,0,0.696425146889563
21,297,2,0.614679300848644
21,298,-1,0.423671193619248
21,299,-1,0.0071760408039182
21,300,-3,0.617460673468602
21,301,1,1.01667574484577
21,302,5,0.553225804387802
21,303,-1,0.570554610830302
21,304,1,-1.10013180461357
21,305,-2,0.116459405612945
21,306,-1,-0.191728296314116
21,307,3,-0.0373836137657223
21,308,-3,0.255376812955504
21,309,0,-1.05961769745576
21,310,2,0.523000382826093
21,311,-1,-0.294635020653299
21,312,-2,0.05322017193097
21,313,0,0.751511941860527
21,314,1,0.191127209182453
21,315,-1,0.71368412470717
21,316,0,0.079869531364864
21,317,2,0.57387695456912
21,318,0,0.611908700530743
21,319,3,-0.441946093547324
21,320,0,0.136439635151284
21,321,0,-0.786484794851081
21,322,0,-0.104769336793741
21,323,-2,0.0412424086249685
21,324,0,0.176028031938994
21,325,1,0.381806900765371
21,326,-1,-0.0410899205203528
21,327,0,0.665376370111718
21,328,-1,0.252504289139329
21,329,-1,0.998458675903494
21,330,-1,0.794774700367621
21,331,0,1.00436457148214
21,332,3,1.06516132455799
21,333,-1,0.857297510748943
21,334,0,-0.0782920152578432
21,335,-1,0.422623424302882
21,336,1,0.61396390956895
21,337,1,0.248460251351082
21,338,2,0.139005047342929
21,339,-2,-0.560113400510526
21,340,-1,-0.0756776954525928
21,341,0,-0.262566526291603
21,342,0,0.457334731185906
21,343,0,0.732616584929143
21,344,1,0.909904280839631
21,345,0,0.555649113324783
21,346,0,0.340973737875388
21,347,1,0.234325796492162
21,348,-1,0.391358246113161
21,349,0,0.231045434004387
21,350,1,0.410290706335134
21,351,-1,0.551816566432529
21,352,1,0.376057285699376
21,353,-2,0.42574794726157
21,354,-1,0.614120190081601
21,355,0,0.634316380048254
21,356,1,0.890961048315601
21,357,1,0.93701595174471
21,358,0,0.456807937325034
21,359,1,0.419293713217938
21,360,0,0.325370988738359
21,361,2,-0.0428164094815194
22,1,0,-0.534365904482354
22,2,-1,0.245440435336358
22,3,0,0.717094882904818
22,4,0,0.425874601086241
22,5,1,0.485368200280605
22,6,-1,0.261755146552132
22,7,0,0.506544200357463
22,8,0,0.324250448874936
22,9,0,0.673448538940481
22,10,-1,0.661573231813157
22,11,2,0.833452951926617
22,12,0,0.488357600127572
22,13,1,-0.0286244731997005
22,14,-2,0.348228085844815
22,15,1,0.350837360620459
22,16,1,0.180950623605241
22,17,0,0.0857198759686643
22,18,0,-0.0886064418105655
22,19,3,0.53628759349838
22,20,5,0.0316942554842332
22,21,1,-1.11315553191954
22,22,2,-2.1679085369006
22,23,-5,-1.26486938878104
22,24,-5,-0.826604805726586
22,25,6,-0.132421228768362
22,26,8,-0.337132268791793
22,27,-13,-2.24368670639816
22,28,-1,-1.41646415683795
22,29,-1,-3.22707366330612
22,30,-1,1.36281738991385
22,31,1,-0.0535568095560094
22,32,2,-0.647000975262817
22,33,4,-0.512462484049231
22,34,1,-1.57870775221989
22,35,-5,-3.27872924068051
22,36,0,-0.0762009383890816
22,37,0,-0.45539965534599
22,38,0,0.563000791679369
22,39,2,0.542422108972848
22,40,1,-0.0774240752474741
22,41,8,-0.109424917984392
22,42,-5,-1.15825900908866
22,43,-5,-2.51334935317312
22,44,1,-1.90962583418195
22,45,1,-0.158981670246682
22,46,0,0.0981180765202091
22,47,-1,0.872842313988299
22,48,-1,-0.919549198860896
22,49,-1,0.986828439757797
22,50,0,-1.16819891093465
22,51,1,0.865514749545722
22,52,-1,0.968980208335488
22,53,1,0.746865919964576
22,54,-1,0.600425112579252
22,55,2,0.479091567775893
22,56,0,0.236160573393135
22,57,0,-0.129121363148811
22,58,1,0.437147446127706
22,59,-2,0.280090770975915
22,60,-1,0.315813901324346
22,61,0,0.437126615121395
22,62,1,0.522858911573236
22,63,0,0.833459859090266
22,64,1,0.292852535694477
22,65,2,0.696617522115581
22,66,6,-0.0788728710486959
22,67,7,-0.754171058888616
22,68,-10,-2.70738169087055
22,69,-4,-2.36885960775726
22,70,0,-1.93700660820026
22,71,-2,0.220120759993101
22,72,1,0.657749982811975
22,73,1,-0.374922142661352
22,74,0,-0.190836545212279
22,75,-1,-0.597621321283508
22,76,0,-0.848377903266
22,77,0,0.565699430744245
22,78,0,0.581560609816933
22,79,2,0.705205651934832
22,80,-1,0.531990020249247
22,81,-1,0.0398106191303041
22,82,0,0.469202336583162
22,83,0,0.529319228869696
22,84,-1,0.682057499766044
22,85,1,0.881389852461073
22,86,2,0.449835485212008
22,87,10,0.225565536632979
22,88,5,-0.739118533610707
22,89,-13,-4.16376909609815
22,90,-3,-4.71684939990231
22,91,-1,-1.56375656500056
22,92,3,0.562559134739893
22,93,0,0.246883422898827
22,94,-2,-2.73908895794567
22,95,2,0.74305362803049
22,96,-3,-2.03193521141203
22,97,2,-0.869548571616311
22,98,-2,0.071228386902048
22,99,3,-0.0733091279506202
22,100,-2,0.416670085338469
22,101,1,-0.625285155027136
22,102,-3,0.0300771426195541
22,103,3,0.607318036761366
22,104,-1,-0.286775296208444
22,105,1,-0.151612538042601
22,106,0,-0.361961466616999
22,107,-2,0.28537083713111
22,108,1,0.23749203540262
22,109,2,0.231835261974043
22,110,-2,-0.375747645370404
22,111,3,0.107927102992893
22,112,-2,-0.330735884287072
22,113,1,-0.262011606612078
22,114,-1,-0.0437937705476258
22,115,2,0.342214475952234
22,116,-4,-0.0178736817575644
22,117,2,0.3485257690548
22,118,0,-0.622462769552246
22,119,2,0.207676619613074
22,120,0,-0.0731962430288329
22,121,2,-0.110277691392803
22,122,-1,-0.134231750779363
22,123,-2,-0.537025229620252
22,124,-1,-0.257695881757293
22,125,-1,0.469486190201605
22,126,0,0.395118038352486
22,127,1,1.05327647973818
22,128,0,0.625197108100807
22,129,0,0.710506549096339
22,130,0,0.464075278532939
22,131,0,0.60933185086592
22,132,1,0.517443921742372
22,133,4,0.428524561459481
22,134,1,-0.0309359705142395
22,135,1,-1.32799677103701
22,136,-1,-0.683749890624018
22,137,1,-0.509931796852575
22,138,1,-0.435213164854208
22,139,1,-0.406798870372887
22,140,-3,-1.08327739177851
22,141,-7,0.371016943948591
22,142,2,0.430355543076352
22,143,0,0.492945934158796
22,144,1,1.12960080348366
22,145,-1,1.39215671563642
22,146,3,0.92633729779889
22,147,3,0.625553300418647
22,148,-1,-1.05334332425776
22,149,-3,-1.26700448890953
22,150,-3,0.185241289690725
22,151,2,0.190661566124048
22,152,4,0.309170075911702
22,153,-4,-0.311271757481949
22,154,-1,-0.499289587858647
22,155,1,0.0305740099010514
22,156,-3,0.06056046154745
22,157,-1,0.616965131697949
22,158,-2,0.637271699773403
22,159,1,0.851068587840307
22,160,3,0.804879964246501
22,161,-2,-0.0496112291366294
22,162,4,0.209420409690728
22,163,-1,0.142950656540125
22,164,-4,-0.961793858192913
22,165,1,0.318831204206311
22,166,0,0.099581259030581
22,167,1,0.0308213412936111
22,168,3,0.695980305180749
22,169,-2,-0.990072956252843
22,170,1,-0.262295460230521
22,171,-3,-1.00323688479661
22,172,2,0.380228366860012
22,173,-2,0.00444781461158417
22,174,0,0.404040403467448
22,175,-1,0.199801025849336
22,176,-1,1.14546218632283
22,177,0,0.549203492337733
22,178,-1,0.904842689254616
22,179,1,0.97574503358114
22,180,-1,0.808671110724599
22,181,-3,0.494144093053802
22,182,2,1.1349367146103
22,183,2,0.548169807789352
22,184,0,0.127387051162057
22,185,4,-0.0335314156983404
22,186,3,0.298955273738233
22,187,-4,-1.57957050467928
22,188,-1,-1.19509847913003
22,189,-1,-0.77090754536166
22,190,1,0.128470948425998
22,191,-4,0.188397567319635
22,192,0,0.137937420232578
22,193,0,0.54388598170732
22,194,-1,0.583688227614846
22,195,2,0.784902123064649
22,196,1,0.85527209968693
22,197,-2,0.223593384541048
22,198,-2,0.32278226595303
22,199,2,0.613629424115052
22,200,1,0.38519682596256
22,201,-4,-0.0448181845824677
22,202,1,0.604573661634492
22,203,3,0.548183731632014
22,204,-2,0.110004655164306
22,205,-1,-0.262932677165352
22,206,1,0.316972113019039
22,207,2,0.657892044492546
22,208,2,-0.366936765722998
22,209,2,-0.479144488452806
22,210,-3,-1.2083724381379
22,211,-2,-0.443787465081917
22,212,-1,-0.600149800907936
22,213,0,0.510454726107377
22,214,0,0.627341673467712
22,215,-1,1.02202741407606
22,216,0,0.922376390371707
22,217,1,0.720576785680158
22,218,0,0.512316863692149
22,219,-2,0.378296900365678
22,220,0,0.901888044256622
22,221,-2,0.60933185086592
22,222,2,1.10316567777328
22,223,-2,0.584231401196485
22,224,1,0.676437844536329
22,225,0,0.684742214988257
22,226,-1,0.54617682469111
22,227,-1,0.830505214092272
22,228,3,0.732956061977507
22,229,0,0.294135552638653
22,230,0,-0.403788733770728
22,231,3,0.191393983845616
22,232,-2,0.195794499573221
22,233,-1,-0.670213250544624
22,234,0,0.0203160103632863
22,235,-3,-0.0762984335464685
22,236,1,1.08401732139252
22,237,2,0.122115482871858
22,238,1,0.160403521092822
22,239,0,0.0467858909226371
22,240,0,-0.348908654925419
22,241,0,0.357453432598898
22,242,0,0.137297372477255
22,243,0,0.325059102669715
22,244,0,0.250177616885913
22,245,1,0.657268751400376
22,246,0,0.255815356544931
22,247,1,0.234167590294893
22,248,0,0.36440787338492
22,249,-3,0.0900382802241078
22,250,0,0.754790165345181
22,251,0,0.416947031793262
22,252,1,0.998371214575042
22,253,0,0.860912491671836
22,254,-1,0.653642079268904
22,255,-1,0.918088662803038
22,256,2,0.645691221734157
22,257,0,0.41264945854413
22,258,2,0.0193124273347558
22,259,0,0.355501135098253
22,260,-1,-0.241174951757828
22,261,-2,0.285745086803484
22,262,1,0.441728872995281
22,263,-2,0.094477684312558
22,264,2,0.771633837323933
22,265,0,0.0801392033509137
22,266,0,0.36339738319274
22,267,-1,0.408567551283941
22,268,-1,0.685019161443051
22,269,0,0.702555691561592
22,270,-1,0.625193029938609
22,271,2,0.783360214508482
22,272,0,0.676119330320032
22,273,1,-0.0615088484562474
22,274,0,0.444420495381144
22,275,-2,0.0857337998113263
22,276,-1,0.57860596481894
22,277,-1,0.4533064026615
22,278,2,0.659715172390584
22,279,5,0.744540498807375
22,280,-4,-0.138850679072919
22,281,1,-0.77230916892911
22,282,-1,-0.329069898005878
22,283,-1,0.103851961009415
22,284,2,0.314519707114517
22,285,0,0.175783524103585
22,286,1,-0.883145254554143
22,287,-2,0.122958891515611
22,288,-1,-0.628576687646729
22,289,0,0.446054184414373
22,290,1,0.641372817478714
22,291,0,0.522561134112132
22,292,-1,0.561754150145356
22,293,0,0.692819468473834
22,294,2,0.60933185086592
22,295,-1,0.41264945854413
22,296,-1,-0.00844488987156811
22,297,-3,0.609027166241166
22,298,1,1.02316697961972
22,299,5,0.549505719361478
22,300,-1,0.541560642974562
22,301,1,-1.12848792690481
22,302,-2,0.0947090713809147
22,303,-1,-0.181215517138907
22,304,3,-0.0216758135615098
22,305,-3,0.227516857718599
22,306,0,-1.05303899298413
22,307,2,0.50392801841817
22,308,-1,-0.302692255861297
22,309,-2,0.0527240603686482
22,310,0,0.732651377352753
22,311,1,0.196099007522413
22,312,-1,0.709814816972368
22,313,0,0.0646147725246171
22,314,2,0.561902997663687
22,315,0,0.600729797204006
22,316,3,-0.453530704848689
22,317,0,0.115179415491139
22,318,0,-0.804100942521315
22,319,0,-0.103308200748301
22,320,-2,0.0324960021153635
22,321,0,0.191999098257363
22,322,1,0.36869152279139
22,323,-1,-0.0453638981895582
22,324,0,0.654977990841029
22,325,-1,0.238806084203735
22,326,-1,0.998385138417704
22,327,-1,0.794125012217723
22,328,0,0.993762049537507
22,329,3,1.05789956861838
22,330,-1,0.836428427930922
22,331,0,-0.0993364022463904
22,332,-1,0.412358697762038
22,333,1,0.613934108739805
22,334,1,0.249371792092584
22,335,2,0.113172508550234
22,336,-2,-0.572720798474285
22,337,-1,-0.0884435880251295
22,338,0,-0.256362622511056
22,339,0,0.453611087286254
22,340,0,0.7299944003005
22,341,1,0.888662901714511
22,342,0,0.546027894748336
22,343,0,0.330359999831221
22,344,1,0.228058039338607
22,345,-1,0.380587660925025
22,346,0,0.226894541041455
22,347,1,0.400767244253157
22,348,-1,0.540896758535915
22,349,1,0.37102385111224
22,350,-2,0.408040293506595
22,351,-1,0.611643348180459
22,352,0,0.633815914606833
22,353,1,0.877390056673046
22,354,1,0.929652268626595
22,355,0,0.42920236974079
22,356,1,0.406068141414664
22,357,0,0.316470972850464
22,358,2,-0.049786549433896
22,359,1,-0.00416114621397867
22,360,-2,-0.56180707082227
22,361,2,0.0388281262242414
23,1,1,-0.219490308436326
23,2,0,-0.416773951185409
23,3,-1,0.532897402132853
23,4,-1,-0.555878959685098
23,5,-1,0.960919941669616
23,6,0,0.219464852751476
23,7,1,1.38027669106815
23,8,-1,1.40452949735208
23,9,1,0.429553727503997
23,10,-1,0.503857212143014
23,11,2,0.397487625622017
23,12,0,0.223187652605269
23,13,0,-0.0622925142687136
23,14,1,0.398596435962866
23,15,-2,0.291504070317432
23,16,-1,0.136637949995854
23,17,0,0.687755176201908
23,18,1,0.415406161586595
23,19,0,0.681242913314766
23,20,1,0.21091091519275
23,21,2,0.74675283073819
23,22,6,-0.106736703053175
23,23,7,-1.38133713908605
23,24,-10,-3.24928025999089
23,25,-4,-2.97571120713973
23,26,0,-1.52053026536785
23,27,-2,0.160595303245148
23,28,1,0.342254415706603
23,29,1,-0.406122709665704
23,30,0,0.38060139765657
23,31,-1,-0.0557491947643374
23,32,0,0.0891039180426704
23,33,0,1.71333705140175
23,34,0,1.13228930225277
23,35,2,0.638008884361116
23,36,-1,0.779494817723416
23,37,-1,-0.173226892094142
23,38,0,0.2864550791047
23,39,0,0.441239554724162
23,40,-1,0.656990107030836
23,41,1,0.882419049301401
23,42,2,0.519956815248188
23,43,10,0.252630397801291
23,44,5,-1.4707402360054
23,45,-13,-4.88224385486983
23,46,-3,-1.7533254764819
23,47,-1,-2.02414760396993
23,48,3,0.739726435727765
23,49,0,0.000191602802543267
23,50,-2,-2.61358150476
23,51,2,1.10582195831495
23,52,-3,-0.184513789015218
23,53,2,-0.462711021705884
23,54,-2,1.54740168596601
23,55,3,0.13901672604629
23,56,-2,0.063268627758129
23,57,1,-0.50793545066042
23,58,-3,-0.146523082876307
23,59,3,0.787610716880277
23,60,-1,-0.5095868675619
23,61,1,0.288956904473407
23,62,0,-0.640287709851409
23,63,-2,0.417717873817192
23,64,1,0.327934932056375
23,65,2,0.704194686887787
23,66,-2,-0.364457881900949
23,67,3,0.0882473939645707
23,68,-2,-0.297887283554151
23,69,1,-0.332158349511947
23,70,-1,-0.376353541466528
23,71,2,0.340141551817374
23,72,-4,0.0551154245793742
23,73,2,0.285041882249555
23,74,0,-0.576378098488927
23,75,2,0.387949450842732
23,76,0,-0.410516021118692
23,77,2,0.0949907449164145
23,78,-1,-0.067029659325197
23,79,-2,-0.44591242140711
23,80,-1,-0.257329706783369
23,81,-1,1.00594184686544
23,82,0,0.328544776651092
23,83,1,0.946328660663883
23,84,0,0.600964785144407
23,85,0,0.562370666770996
23,86,0,0.500279988267917
23,87,0,0.695525692792485
23,88,1,0.730989205155558
23,89,4,0.641586108236213
23,90,1,-0.157099063734351
23,91,1,-1.51985462160185
23,92,-1,-0.935506805082812
23,93,1,-0.770196587254732
23,94,1,-0.368762838269955
23,95,1,-0.0862409340383472
23,96,-3,-1.06347247762214
23,97,-7,0.161104269913983
23,98,2,0.589477155770591
23,99,0,0.506450198797552
23,100,1,0.671041262408289
23,101,-1,0.696603983691214
23,102,3,0.720269994796507
23,103,3,0.65614368900175
23,104,-1,-1.22262097825793
23,105,-3,-1.24413307713182
23,106,-3,0.820066427817275
23,107,2,0.0850302346939206
23,108,4,0.53682194094042
23,109,-4,-0.739652828020364
23,110,-1,-1.04064862179764
23,111,1,0.131122674001246
23,112,-3,0.260456592482019
23,113,-1,0.250114039805123
23,114,-2,1.18084833426812
23,115,1,1.3723765893489
23,116,3,0.469514919096845
23,117,-2,0.135671137795095
23,118,4,0.255504794969626
23,119,-1,0.0019090746320102
23,120,-4,-1.32337677939651
23,121,1,0.32034369168469
23,122,0,0.342722129495858
23,123,1,0.27088902630213
23,124,3,0.374617496751112
23,125,-2,-0.835090921909025
23,126,1,-0.111230267269233
23,127,-3,-0.634037090015943
23,128,2,0.270960356840682
23,129,-2,0.295492390990878
23,130,0,0.412861104974519
23,131,-1,-0.128908933426024
23,132,-1,1.01464507837605
23,133,0,0.526176029030964
23,134,-1,1.30797195268254
23,135,1,0.795354791171724
23,136,-1,1.00322940025487
23,137,-3,0.489886114991382
23,138,2,1.15080815345344
23,139,2,0.540792491843721
23,140,0,0.111482262787746
23,141,4,-0.398878576176885
23,142,3,0.0111941375676955
23,143,-4,-1.70406923174039
23,144,-1,-1.40529583747439
23,145,-1,-0.673281236623398
23,146,1,0.420001472333147
23,147,-4,0.0716122324807297
23,148,0,0.279243122054056
23,149,0,0.572221759272653
23,150,-1,0.95753082515086
23,151,2,0.402028083859267
23,152,1,1.40980108096629
23,153,-2,0.395634992522417
23,154,-2,0.155396430853394
23,155,2,0.33409591440803
23,156,1,0.895649653903058
23,157,-4,-0.195322967169912
23,158,1,0.25901626674193
23,159,3,0.623982599225957
23,160,-2,0.112402718142426
23,161,-1,-0.969156838446664
23,162,1,0.533837039519724
23,163,2,0.929709538284886
23,164,2,-0.50691558083348
23,165,2,-0.538027964937022
23,166,-3,-0.748056786180939
23,167,-2,-0.806135220758826
23,168,-1,-0.470198639525498
23,169,0,0.857943650615993
23,170,0,0.559433806932737
23,171,-1,0.829791137896063
23,172,0,0.905613283893906
23,173,1,0.803507994350479
23,174,0,0.603846404708952
23,175,-2,0.510527459984907
23,176,0,1.04582124434547
23,177,-2,0.695525692792485
23,178,2,1.07181133878668
23,179,-2,0.417851525704761
23,180,1,0.651563430854215
23,181,0,0.438433054435424
23,182,-1,0.301785779449729
23,183,-1,0.563915732558225
23,184,3,1.05868353115625
23,185,0,0.334364491450181
23,186,0,-0.366038420499771
23,187,3,0.0230636914946962
23,188,-2,0.24251942329572
23,189,-1,-0.934591803588316
23,190,0,0.226122691617315
23,191,-3,0.000415756876770201
23,192,1,0.852894659403262
23,193,2,0.45562546664733
23,194,1,0.321088998609101
23,195,0,-0.453716638237882
23,196,0,-0.301768893943543
23,197,0,0.57396244031299
23,198,0,0.29762300617637
23,199,0,0.50367739874901
23,200,0,0.70743200318218
23,201,1,0.524352981157842
23,202,0,0.300618398626391
23,203,1,0.0559038471718106
23,204,0,0.353941914342279
23,205,-3,-0.0158190597887224
23,206,0,0.659925146042882
23,207,0,0.452630074197309
23,208,1,1.02564227082099
23,209,0,0.527930205032939
23,210,-1,0.458898304008131
23,211,-1,0.96181841917434
23,212,2,0.449052850322213
23,213,0,0.457508330783314
23,214,2,0.216066616689535
23,215,0,0.204206429935549
23,216,-1,-0.406075802934552
23,217,-2,0.147031823272389
23,218,1,0.487408622689857
23,219,-2,0.2753668369139
23,220,2,0.851349593616033
23,221,0,-0.120661676569099
23,222,0,0.261611074222681
23,223,-1,0.186868441744946
23,224,-1,0.645992914585893
23,225,0,0.851559926452158
23,226,-1,1.03930898145832
23,227,2,0.53687536038792
23,228,0,0.779494817723416
23,229,1,-0.0886416983228268
23,230,0,0.309193339043522
23,231,-2,-0.0668663843404225
23,232,-1,0.658410599697774
23,233,-1,0.676364656728761
23,234,2,0.690188068669747
23,235,5,0.705495719598695
23,236,-4,-0.63394332474351
23,237,1,-1.21908773324174
23,238,-1,-0.562853570947238
23,239,-1,-0.0907257141854462
23,240,2,0.129753651344648
23,241,0,0.785898261094556
23,242,1,-0.714796176916549
23,243,-2,0.0869733028571782
23,244,-1,-0.285748826308536
23,245,0,0.889299629979419
23,246,1,0.686950752375354
23,247,0,0.409698322526007
23,248,-1,0.551878624802572
23,249,0,0.739598382987997
23,250,2,0.581869789589211
23,251,-1,0.34385242758004
23,252,-1,0.0385011021237787
23,253,-3,0.648098371123356
23,254,1,0.900715308100597
23,255,5,0.319599621296111
23,256,-1,0.275462711418283
23,257,1,-1.662463883513
23,258,-2,0.00484411364405626
23,259,-1,-0.337112796939885
23,260,3,0.0160977481413742
23,261,-3,0.718358006409477
23,262,0,-1.01341661268721
23,263,2,0.271051080310077
23,264,-1,0.208211367664859
23,265,-2,-0.348909542523914
23,266,0,0.799528215269198
23,267,1,0.513181325728898
23,268,-1,0.720899718393319
23,269,0,0.0730022057055467
23,270,2,0.931346399107636
23,271,0,0.664940437015418
23,272,3,-0.660532675629602
23,273,0,0.207783653810645
23,274,0,-0.781544616126142
23,275,0,-0.152618958935076
23,276,-2,-0.0317834493335789
23,277,0,0.297283098595666
23,278,1,0.638008884361116
23,279,-1,0.105505798430191
23,280,0,0.279638429703262
23,281,-1,0.391715855284848
23,282,-1,0.99517647499995
23,283,-1,0.613756078077187
23,284,0,1.05640733999206
23,285,3,1.16854869685023
23,286,-1,0.61609262267935
23,287,0,-0.507344540468066
23,288,-1,0.49327111649642
23,289,1,0.495179139280434
23,290,1,0.238591651399892
23,291,2,0.481456750552948
23,292,-2,-0.524779461954272
23,293,-1,-0.303767640196952
23,294,0,-0.131327307685859
23,295,0,0.594552263005989
23,296,0,0.543334203827562
23,297,1,1.0203277587886
23,298,0,0.535540627436816
23,299,0,0.185143562563713
23,300,1,0.236708787263909
23,301,-1,0.56986320127568
23,302,0,0.258962847294429
23,303,1,0.464020593670457
23,304,-1,0.516539685559791
23,305,1,0.145306944091155
23,306,-2,0.374617496751112
23,307,-1,0.507566304950194
23,308,0,0.439767787386527
23,309,1,0.821282237987461
23,310,1,0.810482628706668
23,311,0,0.328144042271121
23,312,1,0.274726472877062
23,313,0,0.411458722773648
23,314,2,-0.263806448604103
23,315,1,0.336843555808543
23,316,-2,-0.480690969899658
23,317,2,-0.0925909579619864
23,318,-1,-0.240550288516787
23,319,-1,-0.408531807492745
23,320,6,0.265779496695868
23,321,-2,-0.335770044012723
23,322,-2,-1.78872381064847
23,323,1,-0.278743821920928
23,324,4,-0.357995367556609
23,325,-1,-0.372215777430497
23,326,-1,-1.25834609812783
23,327,-1,-0.850169057969656
23,328,-5,0.418364462099697
23,329,1,0.256785113227866
23,330,1,1.06356178774225
23,331,-2,0.605671759544485
23,332,2,0.365644116141515
23,333,2,0.270426469877528
23,334,3,0.269074023500887
23,335,-1,-0.997777585385632
23,336,-4,-0.993675165550246
23,337,-1,0.743697084850194
23,338,2,-0.0163794505389555
23,339,-2,0.325609737639046
23,340,1,0.185354966965963
23,341,0,0.0761182935078824
23,342,0,0.570757252201956
23,343,4,-0.0163703717716772
23,344,4,0.394634231312087
23,345,-9,-1.36887540169969
23,346,-1,-0.827376797188777
23,347,-2,-0.916692646135121
23,348,0,1.3725314825363
23,349,1,0.161015329400075
23,350,0,0.598598956496408
23,351,2,0.652414902148032
23,352,1,0.187142308817121
23,353,2,-0.790491055132224
23,354,2,0.48999745355477
23,355,-2,-0.950136750082302
23,356,0,-0.653438581317384
23,357,-4,-0.215056802959924
23,358,0,0.401679097511285
23,359,0,0.369345913136903
23,360,-2,1.10376862115266
23,361,4,0.731445179809242
24,1,0,-0.415459343837618
24,2,-1,0.531025672666468
24,3,-1,-0.56057425923081
24,4,-1,0.960653702145101
24,5,0,0.216409987399607
24,6,1,1.38160431368921
24,7,-1,1.40648801222612
24,8,1,0.426704266584215
24,9,-1,0.501331639687649
24,10,2,0.400451426979033
24,11,0,0.222094840377761
24,12,0,-0.0580351908511091
24,13,1,0.395177263044542
24,14,-2,0.300201542472094
24,15,-1,0.132846544105926
24,16,0,0.685391792649819
24,17,1,0.419508737089538
24,18,0,0.681389737183651
24,19,1,0.208835314860594
24,20,2,0.744084289948174
24,21,6,-0.103204305008383
24,22,7,-1.38174012222206
24,23,-10,-3.24497087576945
24,24,-4,-2.97893826263808
24,25,0,-1.50173419645664
24,26,-2,0.199609215717221
24,27,1,0.341671608405451
24,28,1,-0.409644667890944
24,29,0,0.372439626363081
24,30,-1,-0.0621913391516326
24,31,0,0.0895367578437722
24,32,0,1.71922731678352
24,33,0,1.13308623894325
24,34,2,0.636603208126811
24,35,-1,0.779945718780466
24,36,-1,-0.176462537043539
24,37,0,0.282483875413228
24,38,0,0.450163635621241
24,39,-1,0.656506038646747
24,40,1,0.880693533531292
24,41,2,0.518096184610676
24,42,10,0.252284168773478
24,43,5,-1.47088748646042
24,44,-13,-4.8800274663347
24,45,-3,-1.75889294322339
24,46,-1,-1.98421665490156
24,47,3,0.771118283293283
24,48,0,0.00181433626711236
24,49,-2,-2.61968417589546
24,50,2,1.09160276945291
24,51,-3,-0.174035004478091
24,52,2,-0.467149613817018
24,53,-2,1.55010881396564
24,54,3,0.148544855737405
24,55,-2,0.0606018982577392
24,56,1,-0.500455473210049
24,57,-3,-0.152459051389043
24,58,3,0.80153304334771
24,59,-1,-0.513244819891006
24,60,1,0.295129051818952
24,61,0,-0.646868061992439
24,62,-2,0.432364323330987
24,63,1,0.321574581526214
24,64,2,0.708906350118445
24,65,-2,-0.36561273336302
24,66,3,0.0856976483200248
24,67,-2,-0.295660162026892
24,68,1,-0.324836095021228
24,69,-1,-0.380542567081784
24,70,2,0.354264290929593
24,71,-4,0.0524827446438632
24,72,2,0.286802949304197
24,73,0,-0.581625583740176
24,74,2,0.399890564886503
24,75,0,-0.414640626894808
24,76,2,0.103968434054377
24,77,-1,-0.0725260484267959
24,78,-2,-0.438407363169874
24,79,-1,-0.263030207407932
24,80,-1,1.01589120015611
24,81,0,0.326749645902482
24,82,1,0.945936011783554
24,83,0,0.599366862716879
24,84,0,0.559853603410951
24,85,0,0.496903890346167
24,86,0,0.698713176291525
24,87,1,0.730178321706659
24,88,4,0.641030957468292
24,89,1,-0.156458774490135
24,90,1,-1.52256506362127
24,91,-1,-0.935736808579322
24,92,1,-0.754376802136446
24,93,1,-0.366436626971608
24,94,1,-0.0819637993444911
24,95,-3,-1.06734962923566
24,96,-7,0.161700832184676
24,97,2,0.586448252794951
24,98,0,0.512773199475613
24,99,1,0.67464609186908
24,100,-1,0.694800410008268
24,101,3,0.726323113275181
24,102,3,0.650993501819524
24,103,-1,-1.21807406033077
24,104,-3,-1.24887636165191
24,105,-3,0.831652178480177
24,106,2,0.0955293198494337
24,107,4,0.538472920405309
24,108,-4,-0.738400923745478
24,109,-1,-1.04740522104237
24,110,1,0.133070600666807
24,111,-3,0.278909883242553
24,112,-1,0.247662163349666
24,113,-2,1.17928965654484
24,114,1,1.37483414957937
24,115,3,0.468018136343095
24,116,-2,0.136141844351482
24,117,4,0.25170069386469
24,118,-1,0.00473657143960426
24,119,-4,-1.31182400775843
24,120,1,0.314265447531496
24,121,0,0.362280044712487
24,122,1,0.270639216775646
24,123,3,0.372610052202394
24,124,-2,-0.833289687500092
24,125,1,-0.11661386814198
24,126,-3,-0.63430441356202
24,127,2,0.284040944660363
24,128,-2,0.295214004762187
24,129,0,0.417287905808721
24,130,-1,-0.134356831322059
24,131,-1,1.02404271387789
24,132,0,0.521304071749169
24,133,-1,1.30848514930479
24,134,1,0.792352115903596
24,135,-1,1.00358009498953
24,136,-3,0.487518995494995
24,137,2,1.14735106977792
24,138,2,0.546086702820166
24,139,0,0.112840011293096
24,140,4,-0.401929883813451
24,141,3,0.0193956302252669
24,142,-4,-1.69698946170477
24,143,-1,-1.41341116657008
24,144,-1,-0.658982828643816
24,145,1,0.435694472922119
24,146,-4,0.0703225249164556
24,147,0,0.274731455608304
24,148,0,0.566906159275886
24,149,-1,0.96242804113007
24,150,2,0.398347908749351
24,151,1,1.41146888024308
24,152,-2,0.39340351578124
24,153,-2,0.151469522740495
24,154,2,0.340134628312139
24,155,1,0.902317297180475
24,156,-4,-0.195155117219692
24,157,1,0.253506801235894
24,158,3,0.631317000502516
24,159,-2,0.118260986295361
24,160,-1,-0.97359340640881
24,161,1,0.534924328301654
24,162,2,0.94322489529856
24,163,2,-0.507960580174394
24,164,2,-0.539865832574825
24,165,-3,-0.746467448557104
24,166,-2,-0.802719869710376
24,167,-1,-0.466234324836529
24,168,0,0.868546634036286
24,169,0,0.559239520794504
24,170,-1,0.828766663411375
24,171,0,0.901170872868915
24,172,1,0.800471269517472
24,173,0,0.602505148313787
24,174,-2,0.51001660479556
24,175,0,1.04351318082957
24,176,-2,0.698713176291525
24,177,2,1.0710144063958
24,178,-2,0.417396581259234
24,179,1,0.651146921769021
24,180,0,0.434751486291431
24,181,-1,0.311272596816345
24,182,-1,0.559829880903674
24,183,3,1.06259998895671
24,184,0,0.33348291297302
24,185,0,-0.366528249607783
24,186,3,0.0184907194888109
24,187,-2,0.257135946544502
24,188,-1,-0.939000051178889
24,189,0,0.221669146502447
24,190,-3,0.0141731889101653
24,191,1,0.85082896697742
24,192,2,0.453880730308596
24,193,1,0.32095973252494
24,194,0,-0.456483892821896
24,195,0,-0.301043001411896
24,196,0,0.580211928284752
24,197,0,0.301017564864886
24,198,0,0.502116196156118
24,199,0,0.706584086914328
24,200,1,0.52257214535154
24,201,0,0.298937769142482
24,202,1,0.0538923536944792
24,203,0,0.352154103006972
24,204,-3,-0.0127192656260609
24,205,0,0.656080344771433
24,206,0,0.455960526031
24,207,1,1.02665357121427
24,208,0,0.526999894693022
24,209,-1,0.457353389606556
24,210,-1,0.957525492330313
24,211,2,0.451532776689519
24,212,0,0.457755360974592
24,213,2,0.216182604824549
24,214,0,0.202192009857825
24,215,-1,-0.398833139922985
24,216,-2,0.142231438957098
24,217,1,0.494524470802767
24,218,-2,0.274790415674665
24,219,2,0.850852689484698
24,220,0,-0.123136633544958
24,221,0,0.265988137515619
24,222,-1,0.181805662203987
24,223,-1,0.653895181310364
24,224,0,0.848706735364994
24,225,-1,1.0395111253634
24,226,2,0.534908940933086
24,227,0,0.779945718780466
24,228,1,-0.0907641095958543
24,229,0,0.306029898806176
24,230,-2,-0.0588749357511788
24,231,-1,0.654742669627477
24,232,-1,0.679594902240059
24,233,2,0.689298783423715
24,234,5,0.706273435720554
24,235,-4,-0.633015252279359
24,236,1,-1.22614389285424
24,237,-1,-0.559336891248174
24,238,-1,-0.0665559502874405
24,239,2,0.126987795571627
24,240,0,0.79146649196922
24,241,1,-0.719929420908836
24,242,-2,0.0837331977410731
24,243,-1,-0.281102035274698
24,244,0,0.887232544519499
24,245,1,0.691621046627832
24,246,0,0.409277427645358
24,247,-1,0.550928503186404
24,248,0,0.73522879126521
24,249,2,0.584682113516255
24,250,-1,0.343724298199322
24,251,-1,0.0369090637970168
24,252,-3,0.64503301293446
24,253,1,0.907695163407861
24,254,5,0.318840599662418
24,255,-1,0.278931236329651
24,256,1,-1.66691087571783
24,257,-2,0.00431087756429077
24,258,-1,-0.317621950521142
24,259,3,0.0129567327963571
24,260,-3,0.725360243847699
24,261,0,-1.01790190916976
24,262,2,0.267008794234773
24,263,-1,0.221780783094806
24,264,-2,-0.351861447405075
24,265,0,0.795548224759093
24,266,1,0.52016590455096
24,267,-1,0.721748516899009
24,268,0,0.0699205535484198
24,269,2,0.929433906654917
24,270,0,0.669042865819984
24,271,3,-0.663305512708545
24,272,0,0.206619759199306
24,273,0,-0.773937818000199
24,274,0,-0.156908190872726
24,275,-2,-0.0193559009358901
24,276,0,0.294267552319288
24,277,1,0.636603208126811
24,278,-1,0.104404733437997
24,279,0,0.277526729903538
24,280,-1,0.388638252056334
24,281,-1,0.997852806121349
24,282,-1,0.611719509589907
24,283,0,1.05553932521734
24,284,3,1.16823271284866
24,285,-1,0.617126071482188
24,286,0,-0.510655316729908
24,287,-1,0.489305495299876
24,288,1,0.507845854444474
24,289,1,0.237569921556215
24,290,2,0.481683969467974
24,291,-2,-0.527600970899939
24,292,-1,-0.302551210130904
24,293,0,-0.13198635671856
24,294,0,0.604553478111869
24,295,0,0.542474975871477
24,296,1,1.01960829484347
24,297,0,0.532786709320661
24,298,0,0.182613941179734
24,299,1,0.23369529089022
24,300,-1,0.574419338147752
24,301,0,0.257070780708116
24,302,1,0.46175741644076
24,303,-1,0.521203004283262
24,304,1,0.143039717932846
24,305,-2,0.372610052202394
24,306,-1,0.510054740412822
24,307,0,0.436873717903856
24,308,1,0.826108058598524
24,309,1,0.810111324668905
24,310,0,0.327294126977346
24,311,1,0.270976748949631
24,312,0,0.414264071171686
24,313,2,-0.261237340372023
24,314,1,0.336125903153031
24,315,-2,-0.476971307941641
24,316,2,-0.0970485520054672
24,317,-1,-0.232765637393708
24,318,-1,-0.405109247193887
24,319,6,0.262027926217806
24,320,-2,-0.324625593353669
24,321,-2,-1.7929539722328
24,322,1,-0.286840028701764
24,323,4,-0.330099387367354
24,324,-1,-0.370936612681662
24,325,-1,-1.26244653836285
24,326,-1,-0.853932613283714
24,327,-5,0.435468810638496
24,328,1,0.251362205222684
24,329,1,1.06439482390031
24,330,-2,0.607482857857822
24,331,2,0.361461788331953
24,332,2,0.272453491744316
24,333,3,0.272237887452254
24,334,-1,-0.999713848056201
24,335,-4,-0.987804714257652
24,336,-1,0.747818187517668
24,337,2,-0.00388081975743565
24,338,-2,0.327175339777796
24,339,1,0.183732871349255
24,340,0,0.0716912020618187
24,341,0,0.577640872011402
24,342,4,-0.0205882083411801
24,343,4,0.400552359012501
24,344,-9,-1.36956110767398
24,345,-1,-0.837038241566271
24,346,-2,-0.903809499117385
24,347,0,1.39696530945337
24,348,1,0.159469889154822
24,349,0,0.598302597333013
24,350,2,0.644567787192856
24,351,1,0.184122149898742
24,352,2,-0.789683446847482
24,353,2,0.49081775923681
24,354,-2,-0.94206309515729
24,355,0,-0.652795912178491
24,356,-4,-0.208860751407603
24,357,0,0.408305284787498
24,358,0,0.367629184185426
24,359,-2,1.10478596372356
24,360,4,0.727109637651334
24,361,3,0.508075876723886
25,1,1,0.625980996214353
25,2,-1,0.574568037440424
25,3,2,0.404583979061308
25,4,0,0.150262461352555
25,5,0,-0.174534391868957
25,6,1,0.348091608056536
25,7,-2,0.357720679934411
25,8,-1,0.17810754967742
25,9,0,0.514151217415484
25,10,1,0.494200734416873
25,11,0,0.729086091398074
25,12,1,0.516892448652065
25,13,2,0.716139824838698
25,14,6,-0.107349697679582
25,15,7,-1.36749732683101
25,16,-10,-3.5092997481902
25,17,-4,-3.00082502910712
25,18,0,-1.20217526138677
25,19,-2,0.542962745904231
25,20,1,1.39528556845793
25,21,1,-0.0922631929017212
25,22,0,0.406651588979808
25,23,-1,-0.531784584725699
25,24,0,-0.910315134076305
25,25,0,0.585406880460002
25,26,0,0.596429673386722
25,27,2,0.694679377929432
25,28,-1,0.490377097945763
25,29,-1,-0.113317586809265
25,30,0,0.343132162302552
25,31,0,0.496256495211357
25,32,-1,0.573455538951752
25,33,1,0.954439032184057
25,34,2,0.449364964035604
25,35,10,0.186816670043685
25,36,5,-1.21186677438469
25,37,-13,-5.01602118019817
25,38,-3,-1.74929802845786
25,39,-1,-1.09692267098056
25,40,3,0.831466955491795
25,41,0,1.31776030922002
25,42,-2,-2.52573122736474
25,43,2,1.50280769025174
25,44,-3,-2.00404857044573
25,45,2,-0.938504563083918
25,46,-2,0.248512165895265
25,47,3,-0.174689989824987
25,48,-2,0.248921952002217
25,49,1,-0.3958855508195
25,50,-3,0.0273816575781107
25,51,3,0.707255930064545
25,52,-1,-0.145549881058244
25,53,1,-0.0427664507564451
25,54,0,-0.141143498682273
25,55,-2,0.34144370036896
25,56,1,0.418575371699631
25,57,2,0.480867992544746
25,58,-2,-0.380729978924191
25,59,3,-0.06597559689048
25,60,-2,-0.261037471648864
25,61,1,-0.378515377609762
25,62,-1,-0.101111576098959
25,63,2,0.479979515645906
25,64,-4,-0.0319116738489242
25,65,2,0.426139884013627
25,66,0,-0.330057275999332
25,67,2,0.215375460859503
25,68,0,0.0254232978291856
25,69,2,-0.176457865501613
25,70,-1,-0.0199603323406744
25,71,-2,-0.50118399942821
25,72,-1,-0.131694653096491
25,73,-1,0.609894702420676
25,74,0,0.561890672756252
25,75,1,1.134967192698
25,76,0,0.889652778804177
25,77,0,0.653914576403307
25,78,0,0.688206244649743
25,79,0,0.589956540107034
25,80,1,0.42541061827379
25,81,4,0.457893858109777
25,82,1,-0.35305058688616
25,83,1,-1.59324449047506
25,84,-1,-0.819359498320263
25,85,1,-0.594589303439142
25,86,1,-0.420758297794713
25,87,1,-0.11038566980091
25,88,-3,-1.09479554035936
25,89,-7,0.294371942901116
25,90,2,0.430858715225208
25,91,0,0.588044056583611
25,92,1,1.05192629515937
25,93,-1,1.41625127729218
25,94,3,0.831925527270505
25,95,3,0.75835800627551
25,96,-1,-1.1316002839102
25,97,-3,-1.55717262586703
25,98,-3,0.176069030822558
25,99,2,0.417231250491337
25,100,4,0.542095787713671
25,101,-4,-0.386904117074532
25,102,-1,-0.839138700211704
25,103,1,0.299166743592342
25,104,-3,0.463140909629958
25,105,-1,0.521539380952129
25,106,-2,0.779440742643985
25,107,1,1.01246054355134
25,108,3,0.993805191406683
25,109,-2,0.0267126111064502
25,110,4,0.0348313889816694
25,111,-1,-0.0854105599784284
25,112,-4,-1.0853307207974
25,113,1,0.149938957789402
25,114,0,0.428566556871977
25,115,1,0.0149393045930039
25,116,3,0.925585500483493
25,117,-2,-0.990002335900653
25,118,1,-0.362134342931339
25,119,-3,-0.81573539302818
25,120,2,0.268891588928629
25,121,-2,-0.0188331201277202
25,122,0,0.540901579820851
25,123,-1,0.143513763639979
25,124,-1,1.21927809866952
25,125,0,0.745224979258884
25,126,-1,1.03479401452264
25,127,1,0.966258086530479
25,128,-1,0.727162617765418
25,129,-3,0.673852738716949
25,130,2,1.00614673184273
25,131,2,0.538248840448359
25,132,0,0.0358508224666015
25,133,4,-0.19500230676641
25,134,3,0.108582629569473
25,135,-4,-1.76332400689723
25,136,-1,-1.3603236904899
25,137,-1,-0.616698271769474
25,138,1,0.119096638450162
25,139,-4,0.683137822528134
25,140,0,0.399919394094327
25,141,0,0.643624662419397
25,142,-1,0.782729434415241
25,143,2,0.854497476728314
25,144,1,0.782619992036374
25,145,-2,0.255140416079849
25,146,-2,0.10988785875423
25,147,2,0.527616246449438
25,148,1,0.412475341823647
25,149,-4,-0.0399545002249488
25,150,1,0.456332351356064
25,151,3,0.615966646663332
25,152,-2,0.312417208870488
25,153,-1,-0.435832242083091
25,154,1,0.19110800719745
25,155,2,0.850655733052422
25,156,2,-0.146824833269834
25,157,2,-0.351432844247483
25,158,-3,-1.22416865386535
25,159,-2,-0.620495354882466
25,160,-1,-0.400479536393824
25,161,0,0.659689918555929
25,162,0,0.694547090767604
25,163,-1,1.13098795827086
25,164,0,1.22905371290643
25,165,1,1.00079708716095
25,166,0,0.770484700620982
25,167,-2,0.224649554561454
25,168,0,0.773910871670109
25,169,-2,0.589956540107034
25,170,2,0.994725142918293
25,171,-2,0.590550276121128
25,172,1,0.493029837318255
25,173,0,0.645293947901131
25,174,-1,0.489488621046922
25,175,-1,0.751346523342091
25,176,3,0.854265854008691
25,177,0,0.24243649803756
25,178,0,-0.544391037061568
25,179,3,0.327743659635942
25,180,-2,0.14886874030371
25,181,-1,-0.908073544103839
25,182,0,0.17211310718962
25,183,-3,-0.0483160193215499
25,184,1,0.891396026144741
25,185,2,0.55457167821631
25,186,1,0.224103757677625
25,187,0,-0.142171118509829
25,188,0,-0.244031226343577
25,189,0,0.432812300135008
25,190,0,0.156141858618149
25,191,0,0.42541061827379
25,192,0,0.275309936801345
25,193,1,0.571532065319096
25,194,0,0.457893858109777
25,195,1,0.101502241951119
25,196,0,0.286874802996845
25,197,-3,-0.0216450706592168
25,198,0,0.595306184788817
25,199,0,0.448384752708761
25,200,1,0.938467783612586
25,201,0,0.827335795940783
25,202,-1,0.539866583087035
25,203,-1,0.938866579610305
25,204,2,0.56202295991808
25,205,0,0.369153258968083
25,206,2,-0.074361213693591
25,207,0,0.271486300330234
25,208,-1,-0.32712897219395
25,209,-2,0.192461055610215
25,210,1,0.552513854517064
25,211,-2,0.0404478906143458
25,212,2,0.793964079205957
25,213,0,0.269430539535751
25,214,0,0.284177897687554
25,215,-1,0.612810708065145
25,216,-1,0.731118541398355
25,217,0,0.676070953234352
25,218,-1,0.742551120432028
25,219,2,0.683114511733932
25,220,0,0.613524410556098
25,221,1,0.0901847081396524
25,222,0,0.380574847892522
25,223,-2,0.00132906377575304
25,224,-1,0.477118317932466
25,225,-1,0.56202295991808
25,226,2,0.584864807191222
25,227,5,0.76156933123406
25,228,-4,-0.350309355649578
25,229,1,-1.11368999845719
25,230,-1,-0.355802808231975
25,231,-1,0.13280899986815
25,232,2,0.276133232630299
25,233,0,0.534269606021218
25,234,1,-0.839084025216807
25,235,-2,0.385124507539554
25,236,-1,-0.585959894190573
25,237,0,0.363480110723146
25,238,1,0.790422862934624
25,239,0,0.432863962880322
25,240,-1,0.516892448652065
25,241,0,0.943416239257337
25,242,2,0.589956540107034
25,243,-1,0.369153258968083
25,244,-1,-0.131742061597203
25,245,-3,0.489253609347858
25,246,1,0.978742904237589
25,247,5,0.459817331742433
25,248,-1,0.315637130898958
25,249,1,-1.47508485566757
25,250,-2,0.0595873984689724
25,251,-1,0.162655063580527
25,252,3,-0.0933087052007084
25,253,-3,0.595629688351971
25,254,0,-1.26976727654131
25,255,2,0.473865106681247
25,256,-1,-0.0390012595331405
25,257,-2,-0.182239990114175
25,258,0,0.895134710647788
25,259,1,0.328527600370675
25,260,-1,0.630836386855365
25,261,0,0.288844134832002
25,262,2,0.538105563177298
25,263,0,0.6752709681996
25,264,3,-0.391501715851828
25,265,0,0.0347007805105793
25,266,0,-0.943280242607233
25,267,0,-0.233767994110311
25,268,-2,0.202090127488089
25,269,0,0.0642220100840672
25,270,1,0.571532065319096
25,271,-1,0.207487711300137
25,272,0,0.46143507438111
25,273,-1,0.374043517702362
25,274,-1,1.01618558982756
25,275,-1,0.662196138093446
25,276,0,1.00231077468665
25,277,3,1.00727022044064
25,278,-1,0.67090525845971
25,279,0,-0.314078650521601
25,280,-1,0.34616813442388
25,281,1,0.628319177208614
25,282,1,0.142676829584195
25,283,2,0.305004536900036
25,284,-2,-0.624518384607346
25,285,-1,-0.289296087676181
25,286,0,-0.103277196549228
25,287,0,0.521154103278983
25,288,0,0.696602851562088
25,289,1,0.986922272020043
25,290,0,0.590936751433878
25,291,0,0.243074029349392
25,292,1,0.400513010206164
25,293,-1,0.334746545499441
25,294,0,0.0690190021151327
25,295,1,0.400513010206164
25,296,-1,0.505765600612373
25,297,1,0.192166314725468
25,298,-2,0.43299625004215
25,299,-1,0.518222186270628
25,300,0,0.491177082980514
25,301,1,0.93654430997993
25,302,1,0.870657878796348
25,303,0,0.403254241442746
25,304,1,0.35974820868004
25,305,0,0.305299277784783
25,306,2,-0.167766517704522
25,307,1,0.0271151487422197
25,308,-2,-0.605313101236514
25,309,2,-0.159380900901411
25,310,-1,-0.073058029433146
25,311,-1,-0.328241470682622
25,312,6,0.443305340477918
25,313,-2,-0.189551982471701
25,314,-2,-1.73630341204092
25,315,1,0.0419629087157858
25,316,4,0.0525191985994541
25,317,-1,-0.499874746313184
25,318,-1,-0.827430556745143
25,319,-1,-1.02777743423525
25,320,-5,0.500622204951247
25,321,1,-0.425445865469912
25,322,1,0.89818167287835
25,323,-2,0.365133471807119
25,324,2,1.06118939875208
25,325,2,-0.00739936147744605
25,326,3,0.184824291726093
25,327,-1,-0.951307135095315
25,328,-4,-1.02100903893144
25,329,-1,0.257633784302844
25,330,2,0.194504495719729
25,331,-2,0.416892714308852
25,332,1,0.372256457083609
25,333,0,0.226494931992936
25,334,0,0.909654323594711
25,335,4,0.177424142140085
25,336,4,0.286074817962093
25,337,-9,-1.9223400577566
25,338,-1,-0.969919583720664
25,339,-2,-0.491495198364654
25,340,0,1.26090493713156
25,341,1,1.26639114574383
25,342,0,0.472777236528638
25,343,2,0.879398015248304
25,344,1,-0.0303734959124159
25,345,2,-0.959594299628792
25,346,2,-0.61393372973869
25,347,-2,-1.0131176761691
25,348,0,-0.89867948392503
25,349,-4,-0.162922117172744
25,350,0,0.533363356553204
25,351,0,0.525583796449156
25,352,-2,1.25162905134368
25,353,4,1.27831917645787
25,354,3,0.555343577617734
25,355,2,-0.741176589961814
25,356,2,-1.50361541443453
25,357,2,-1.30920751752502
25,358,-2,-1.60862625727704
25,359,-8,-1.16794824358067
25,360,1,-0.288604292096748
25,361,0,-0.331049808011145
26,1,-1,-0.113719433419887
26,2,0,0.572907334516362
26,3,1,0.305515277949855
26,4,0,0.783386540642071
26,5,1,0.217665554252109
26,6,2,0.386233322042281
26,7,6,-0.270345843231282
26,8,7,-1.4490796431598
26,9,-10,-3.22540312015934
26,10,-4,-2.9118180200538
26,11,0,-1.15680239251426
26,12,-2,0.561245920939187
26,13,1,1.54404853528608
26,14,1,0.534671784480139
26,15,0,0.41976491320591
26,16,-1,-0.185591406600153
26,17,0,0.0635685015262122
26,18,0,1.37600852022417
26,19,0,0.990479597888097
26,20,2,0.634803892780307
26,21,-1,0.664851495442993
26,22,-1,-0.415045252706832
26,23,0,0.189026372784391
26,24,0,0.452935508273767
26,25,-1,0.639368764776637
26,26,1,0.874455899086259
26,27,2,0.234459399282625
26,28,10,0.0073511571501772
26,29,5,-1.41559952108062
26,30,-13,-4.85039184692867
26,31,-3,-1.82915237540934
26,32,-1,-1.0513452187486
26,33,3,1.49524601797908
26,34,0,1.31014063192259
26,35,-2,-1.56182617371874
26,36,2,1.73117398957305
26,37,-3,-0.453586119726797
26,38,2,-0.724226636794496
26,39,-2,1.65054785324219
26,40,3,0.0306217029149822
26,41,-2,0.0649461297484812
26,42,1,-0.49670296905416
26,43,-3,-0.427342524675832
26,44,3,0.841650457821828
26,45,-1,-0.667721318566635
26,46,1,0.204567947738883
26,47,0,-0.713716844970767
26,48,-2,0.497445656643285
26,49,1,-0.0522567999994799
26,50,2,0.655222937552252
26,51,-2,-0.703929214289543
26,52,3,0.199345189053989
26,53,-2,-0.299212998385771
26,54,1,-0.592109225807907
26,55,-1,-0.223300601542972
26,56,2,0.410049573586799
26,57,-4,-0.120307915090353
26,58,2,0.217435856173788
26,59,0,-0.885956671586566
26,60,2,0.367134062489207
26,61,0,-0.157050350843283
26,62,2,0.119079099775446
26,63,-1,-0.465071260684537
26,64,-2,-0.423752637578321
26,65,-1,-0.399606505539107
26,66,-1,1.00034891175005
26,67,0,0.261244668989473
26,68,1,1.04689011113646
26,69,0,0.425470310066265
26,70,0,0.304351643849928
26,71,0,0.270420802801028
26,72,0,0.515558854122563
26,73,1,0.606598636156126
26,74,4,0.525187412013304
26,75,1,-0.255442419885544
26,76,1,-1.6075217635527
26,77,-1,-0.926843325324118
26,78,1,-0.596426389037657
26,79,1,-0.400604114053182
26,80,1,-0.136666618715256
26,81,-3,-1.17623396534752
26,82,-7,0.117014008453989
26,83,2,0.402515231375943
26,84,0,0.43798571439122
26,85,1,0.829616358769434
26,86,-1,1.40698318117246
26,87,3,0.760738047577086
26,88,3,0.64219741524283
26,89,-1,-1.25302356499948
26,90,-3,-1.26023051561707
26,91,-3,0.910762704886187
26,92,2,0.0295895655489549
26,93,4,0.509527624672091
26,94,-4,-0.603038129082287
26,95,-1,-1.01479328351776
26,96,1,-0.184275281626963
26,97,-3,0.00591559266873531
26,98,-1,0.566211265581957
26,99,-2,1.13185128329053
26,100,1,0.871275932446666
26,101,3,0.566664925505303
26,102,-2,0.140802407979432
26,103,4,-0.0205694060901349
26,104,-1,-0.125130825731467
26,105,-4,-1.49818013483875
26,106,1,0.447969083124192
26,107,0,0.497206117234149
26,108,1,-0.124455675651415
26,109,3,0.735261053144024
26,110,-2,-1.11340345177989
26,111,1,-0.495157097662681
26,112,-3,-0.630809165618354
26,113,2,0.327945150111495
26,114,-2,0.415346969401274
26,115,0,0.332521587830191
26,116,-1,-0.224573094907537
26,117,-1,1.01363395090231
26,118,0,0.254566630025414
26,119,-1,1.17257194423966
26,120,1,0.477755104565654
26,121,-1,0.995543283782508
26,122,-3,0.236453432546135
26,123,2,1.00886191118714
26,124,2,0.491690495807942
26,125,0,-0.040839219402411
26,126,4,-0.145780785143808
26,127,3,-0.0533649536055703
26,128,-4,-2.04326516066288
26,129,-1,-1.48409940720535
26,130,-1,-0.526848935609673
26,131,1,0.411200425402286
26,132,-4,0.412777835777918
26,133,0,0.126562066928642
26,134,0,0.222277047150657
26,135,-1,0.748482419803815
26,136,2,0.618738540444105
26,137,1,1.28909445693958
26,138,-2,0.00335887675597063
26,139,-2,0.165414348005089
26,140,2,0.361701340805802
26,141,1,0.693479111188347
26,142,-4,-0.094028392794868
26,143,1,0.33449247613362
26,144,3,0.401377501359229
26,145,-2,-0.214239758446598
26,146,-1,-0.612253418526798
26,147,1,0.465919628741352
26,148,2,0.727321861871137
26,149,2,-0.387109111902411
26,150,2,-0.509969489688684
26,151,-3,-1.11341793917379
26,152,-2,-0.894302894781926
26,153,-1,-0.425347274850246
26,154,0,0.836106476547072
26,155,0,0.717377534460981
26,156,-1,0.890551316380472
26,157,0,0.473190232569324
26,158,1,0.433226456960488
26,159,0,0.356380104813996
26,160,-2,0.501575387234003
26,161,0,0.923096994608569
26,162,-2,0.515558854122563
26,163,2,0.921660213565052
26,164,-2,0.539169662339789
26,165,1,0.505682587465242
26,166,0,0.318821142352128
26,167,-1,0.309140477691284
26,168,-1,0.423373937224721
26,169,3,1.00013773218946
26,170,0,-0.0820389591698185
26,171,0,-0.375839546202937
26,172,3,0.0597008407041089
26,173,-2,0.214914668445735
26,174,-1,-1.17779158520472
26,175,0,0.136758372411187
26,176,-3,-0.0177716838407487
26,177,1,0.935659258017721
26,178,2,0.466706579039666
26,179,1,-0.161807470394442
26,180,0,-0.333164791076555
26,181,0,-0.313876882322374
26,182,0,0.214010289552666
26,183,0,0.246780418173178
26,184,0,0.385523328583615
26,185,0,0.536945930997959
26,186,1,0.409374892772051
26,187,0,0.193574450654537
26,188,1,-0.0554665741330203
26,189,0,0.251844104067588
26,190,-3,-0.0598202665687642
26,191,0,0.538506039417931
26,192,0,0.405021200336307
26,193,1,0.873940291061994
26,194,0,0.759323796893048
26,195,-1,0.347701079791058
26,196,-1,0.462369680730106
26,197,2,0.39974633488131
26,198,0,0.337803406080556
26,199,2,0.199539574488391
26,200,0,0.233056225773562
26,201,-1,-0.505163861721143
26,202,-2,-0.0797520631649946
26,203,1,0.500655430776825
26,204,-2,0.104635053304263
26,205,2,0.816636964642928
26,206,0,-0.0249016583366055
26,207,0,0.0697280107944684
26,208,-1,0.0686194051361833
26,209,-1,0.664171078394951
26,210,0,0.466934552726437
26,211,-1,0.903793508290278
26,212,2,0.477755104565654
26,213,0,0.779742841664993
26,214,1,-0.333650822690195
26,215,0,0.203929796130129
26,216,-2,-0.0403223948160716
26,217,-1,0.409391686898235
26,218,-1,0.620821642453822
26,219,2,0.501817848314677
26,220,5,0.812512970285504
26,221,-4,-0.610684200149797
26,222,1,-1.45957437876424
26,223,-1,-0.605309640825813
26,224,-1,-0.0316786824370507
26,225,2,0.471064283317154
26,226,0,0.690816226599159
26,227,1,-1.16919451434193
26,228,-2,0.117243706532309
26,229,-1,-0.382485087084833
26,230,0,0.635741859925744
26,231,1,0.620094854868971
26,232,0,0.468806963722955
26,233,-1,0.549278515610876
26,234,0,0.375683591132287
26,235,2,0.405021200336307
26,236,-1,0.227265752294301
26,237,-1,0.0314590548739342
26,238,-3,0.544490898331595
26,239,1,0.768723873267544
26,240,5,0.313030668872867
26,241,-1,0.266454664672013
26,242,1,-1.58681632028742
26,243,-2,-0.111102204868173
26,244,-1,-0.50151894618199
26,245,3,0.015852590864899
26,246,-3,0.659771015422398
26,247,0,-1.22732970685206
26,248,2,0.304627712465057
26,249,-1,0.0348308427515827
26,250,-2,-0.252463560392399
26,251,0,0.697456815039727
26,252,1,0.044851662008047
26,253,-1,0.696911630604838
26,254,0,0.192892817044419
26,255,2,0.642918712787883
26,256,0,0.357301277833249
26,257,3,-0.650343566577039
26,258,0,0.123439745006559
26,259,0,-0.883319239028395
26,260,0,-0.237282851869457
26,261,-2,0.0647008541060519
26,262,0,0.123228546163887
26,263,1,0.519912546558307
26,264,-1,-0.109973394864775
26,265,0,0.390116560428494
26,266,-1,0.294272366989465
26,267,-1,0.673089642827025
26,268,-1,0.605677463136873
26,269,0,0.922370207023718
26,270,3,1.01868485451228
26,271,-1,0.616210399920682
26,272,0,-0.630606155415212
26,273,-1,0.276422455840876
26,274,1,0.443306950383026
26,275,1,0.236911104311226
26,276,2,0.357540817242385
26,277,-2,-0.721990304998718
26,278,-1,-0.342552592996086
26,279,0,-0.281329498984813
26,280,0,0.59188959824479
26,281,0,0.643722457212381
26,282,1,1.01411998251595
26,283,0,0.123921745496369
26,284,0,-0.0554665741330203
26,285,1,0.136031584826335
26,286,-1,0.520833719577559
26,287,0,0.136482303796058
26,288,1,0.357106892398847
26,289,-1,0.462564066164508
26,290,1,0.140835996231802
26,291,-2,0.275695668256025
26,292,-1,0.313510964253213
26,293,0,0.442871808977413
26,294,1,0.754484072843663
26,295,1,0.783386540642071
26,296,0,0.333478073493361
26,297,1,-0.0838830103177877
26,298,0,0.247490411631844
26,299,2,-0.304747138329712
26,300,1,0.233267405334148
26,301,-2,-0.519386868018838
26,302,2,-0.194403869977859
26,303,-1,-0.193739030493926
26,304,-1,-0.473103726559298
26,305,6,0.394957501039953
26,306,-2,-0.334980016469773
26,307,-2,-2.04969211377753
26,308,1,-0.218190545111753
26,309,4,-0.23981502351671
26,310,-1,-0.261456855209832
26,311,-1,-1.11951036606931
26,312,-1,-1.33452042283021
26,313,-5,0.304564039972589
26,314,1,0.233678347766012
26,315,1,1.04781128415571
26,316,-2,0.290453703131132
26,317,2,0.701099297454729
26,318,2,0.261485444242769
26,319,3,0.0566699227808288
26,320,-1,-0.845238932308969
26,321,-4,-0.945426976852927
26,322,-1,0.506673877942857
26,323,2,0.0639908606473854
26,324,-2,0.247216048126179
26,325,1,0.464011177086229
26,326,0,-0.108747793381845
26,327,0,0.309262350323686
26,328,4,-0.0135018124653055
26,329,4,0.363286136746912
26,330,-9,-1.7673226541358
26,331,-1,-0.932773188932232
26,332,-2,-0.706687974208784
26,333,0,1.4196420614417
26,334,1,1.06864579103074
26,335,0,1.12091664378285
26,336,2,0.94579672567468
26,337,1,-0.0267908634593086
26,338,2,-1.07207513695012
26,339,2,0.379383860773407
26,340,-2,-0.902346656731557
26,341,0,-0.687450593507111
26,342,-4,-0.169870672179305
26,343,0,0.342896649103506
26,344,0,0.480916803052922
26,345,-2,0.904258714653904
26,346,4,0.764886277403452
26,347,3,0.41534295755953
26,348,2,-1.305656940916
26,349,2,-1.28550204744075
26,350,2,-1.29949987533135
26,351,-2,-1.38598756765302
26,352,-8,-1.15780646527631
26,353,1,-0.405896314261274
26,354,0,-0.166383908113137
26,355,-1,0.56179037735939
26,356,1,1.00408634817761
26,357,-1,0.83921727131096
26,358,1,1.1929187185635
26,359,3,0.145660142717077
26,360,1,0.142661548144122
26,361,-3,-0.277876938110273
27,1,0,-0.29826206819138
27,2,-2,0.794507883679093
27,3,1,0.534600005963077
27,4,1,0.466266748478622
27,5,0,1.11519102511061
27,6,-1,-0.824282777057658
27,7,0,-1.10959691352946
27,8,0,0.375435528506361
27,9,0,0.619659853551483
27,10,2,0.573729440315922
27,11,-1,0.476600222938021
27,12,-1,0.0139624210323378
27,13,0,0.476878548832672
27,14,0,0.474400238147691
27,15,-1,0.487810830541982
27,16,1,0.820067583519123
27,17,2,0.415327899271904
27,18,10,0.37831177536041
27,19,5,-0.965240856568628
27,20,-13,-5.34764412853663
27,21,-3,-1.99991254858698
27,22,-1,-0.467190731908372
27,23,3,1.71944395102127
27,24,0,-0.0714061704373163
27,25,-2,-1.61856998451381
27,26,2,2.0094186927495
27,27,-3,-2.54386583899499
27,28,2,-0.800889735638512
27,29,-2,0.421848909877913
27,30,3,-0.13580021259222
27,31,-2,-0.10055711714796
27,32,1,-0.406421361985873
27,33,-3,-0.369338617678609
27,34,3,0.76024360975328
27,35,-1,-0.230388147772217
27,36,1,0.070297747509176
27,37,0,-0.701688760155268
27,38,-2,0.370845835936617
27,39,1,-0.105232891410196
27,40,2,0.668863315144832
27,41,-2,-0.215718420750007
27,42,3,-0.0493278950190225
27,43,-2,-0.118438841563148
27,44,1,-0.599203387183917
27,45,-1,-0.0493583130056197
27,46,2,0.531265369365879
27,47,-4,-0.404336749204859
27,48,2,0.58824351426427
27,49,0,-0.205741861664394
27,50,2,0.321112569601918
27,51,0,-0.609119785420559
27,52,2,0.00554189365017477
27,53,-1,-0.332043676209109
27,54,-2,-0.407365078194126
27,55,-1,0.00768931833438324
27,56,-1,0.733108219154563
27,57,0,0.604317943120926
27,58,1,1.02757676038365
27,59,0,0.580737497713294
27,60,0,0.561359602512251
27,61,0,0.527799027080361
27,62,0,0.36306569070269
27,63,1,0.441880417306422
27,64,4,0.459240320122221
27,65,1,-0.0284459012720518
27,66,1,-1.45286981292835
27,67,-1,-0.606760035284425
27,68,1,-0.608283758011036
27,69,1,-0.312380096960901
27,70,1,0.150288122931379
27,71,-3,-0.954547913964478
27,72,-7,0.51638377723506
27,73,2,0.618289521563633
27,74,0,1.54510876173317
27,75,1,1.01208033154456
27,76,-1,0.4992285166606
27,77,3,1.04561536153649
27,78,3,0.982772846461854
27,79,-1,-1.00691565177475
27,80,-3,-1.50124249404945
27,81,-3,0.0279351271448178
27,82,2,0.500094501713403
27,83,4,0.915199022074716
27,84,-4,-0.533256457537461
27,85,-1,-1.30261718852239
27,86,1,0.193581761744144
27,87,-3,-0.126390185396248
27,88,-1,0.423361284290913
27,89,-2,1.15051149406909
27,90,1,0.70395155667346
27,91,3,0.793608454984124
27,92,-2,0.167921026760357
27,93,4,-0.447516150673636
27,94,-1,-0.0760933311619522
27,95,-4,-1.45439353565496
27,96,1,0.0692399678951514
27,97,0,0.634938247186041
27,98,1,-0.0267283769009847
27,99,3,0.413309906886661
27,100,-2,-0.891779419512506
27,101,1,-0.448771849648155
27,102,-3,-0.665552150279765
27,103,2,0.364696540724779
27,104,-2,0.204081277094473
27,105,0,0.71482414636699
27,106,-1,-0.265201342903336
27,107,-1,1.01799700280178
27,108,0,0.234125308463836
27,109,-1,1.15942578339315
27,110,1,0.546017692081695
27,111,-1,0.735308203944893
27,112,-3,0.853628158951013
27,113,2,0.883636225465134
27,114,2,0.876372492009364
27,115,0,0.0719843461769181
27,116,4,-0.324236548641984
27,117,3,-0.265566343146965
27,118,-4,-2.18909416231616
27,119,-1,-1.14742328804992
27,120,-1,-0.430879608098791
27,121,1,0.0641875207523525
27,122,-4,0.385691548151953
27,123,0,0.632701674541648
27,124,0,0.727156208031549
27,125,-1,0.53680432501252
27,126,2,0.221755470660165
27,127,1,1.01636615277969
27,128,-2,0.225205963934478
27,129,-2,0.30292994740003
27,130,2,0.623887489867642
27,131,1,0.514385998412753
27,132,-4,0.00869403012555792
27,133,1,0.475625929133443
27,134,3,0.700706873922383
27,135,-2,0.32279916826966
27,136,-1,-0.711214196692636
27,137,1,0.440070011152563
27,138,2,0.4576201286208
27,139,2,-0.0172352936680905
27,140,2,-0.243586329774825
27,141,-3,-1.4038391479886
27,142,-2,-0.665794733306346
27,143,-1,-0.139834221432706
27,144,0,0.824969045625684
27,145,0,0.489828822927225
27,146,-1,0.827075640916495
27,147,0,0.631936301855634
27,148,1,0.849797324138593
27,149,0,0.637019756367282
27,150,-2,0.429510579502751
27,151,0,0.756777267467763
27,152,-2,0.651503412329033
27,153,2,1.02641753018394
27,154,-2,0.633188921554863
27,155,1,0.747708459735161
27,156,0,0.392119169258442
27,157,-1,0.62743999878541
27,158,-1,0.246741078245561
27,159,3,0.885471717728563
27,160,0,0.100431049110563
27,161,0,-0.452784541580415
27,162,3,0.172240154590239
27,163,-2,-0.269880146095375
27,164,-1,-0.797132806466575
27,165,0,0.443317973400782
27,166,-3,-0.198444684566458
27,167,1,0.699429168113584
27,168,2,0.820980881740778
27,169,1,0.225759061514054
27,170,0,-0.392795255600124
27,171,0,-0.0757790404120593
27,172,0,-0.157226518165102
27,173,0,0.0993676446836899
27,174,0,0.441880417306422
27,175,0,0.253749135642933
27,176,1,0.573729440315922
27,177,0,0.459240320122221
27,178,1,0.429510579502751
27,179,0,0.281460883877161
27,180,-3,0.218846829889519
27,181,0,0.607568341642463
27,182,0,0.795722273142204
27,183,1,0.975218726041605
27,184,0,0.459240320122221
27,185,-1,0.825057648531252
27,186,-1,0.510439124264562
27,187,2,0.621773671709562
27,188,0,0.534900473977252
27,189,2,0.077252737083698
27,190,0,0.121041350447899
27,191,-1,-0.390005175378326
27,192,-2,0.0689616420005005
27,193,1,0.525599042290031
27,194,-2,0.341779127301635
27,195,2,1.01404769238027
27,196,0,0.267278203646313
27,197,0,0.308066469734528
27,198,-1,0.0863215448163
27,199,-1,0.53058910730216
27,200,0,0.568739375303793
27,201,-1,0.895727737374154
27,202,2,0.546017692081695
27,203,0,0.620819083751192
27,204,1,0.209101760093198
27,205,0,0.1036814476321
27,206,-2,0.140032103285788
27,207,-1,0.361230198439262
27,208,-1,0.765992532522733
27,209,2,0.736166966130426
27,210,5,0.666749496986753
27,211,-4,-0.231494817865805
27,212,1,-1.45639190385952
27,213,-1,-0.142259894067361
27,214,-1,-0.0618993494084639
27,215,2,-0.00458712996976829
27,216,0,0.663501534738533
27,217,1,-1.07207515757328
27,218,-2,0.2355304706416
27,219,-1,-0.634831856846683
27,220,0,0.535178799871904
27,221,1,0.862843424005983
27,222,0,0.185190428684793
27,223,-1,0.693208625521751
27,224,0,0.642288147274062
27,225,2,0.507284551515862
27,226,-1,0.390681613164081
27,227,-1,0.0139624210323378
27,228,-3,0.608727571842172
27,229,1,0.817867598728793
27,230,5,0.805978292787795
27,231,-1,0.52225231027893
27,232,1,-1.94206013286855
27,233,-2,-0.100554680874643
27,234,-1,-0.348899514940446
27,235,3,0.139631730843403
27,236,-3,0.651225086434382
27,237,0,-1.52108742270077
27,238,2,0.736745760039254
27,239,-1,-0.625894917686363
27,240,-2,-0.381584647996163
27,241,0,0.986914738054874
27,242,1,-0.021341510385116
27,243,-1,0.551101146593343
27,244,0,0.341234655865994
27,245,2,0.483886606230044
27,246,0,0.31186688656035
27,247,3,-0.232375722170863
27,248,0,0.0065522302541986
27,249,0,-1.05189147705194
27,250,0,-0.223306914438261
27,251,-2,-0.0582618085237729
27,252,0,0.0871803070018337
27,253,1,0.862167161942264
27,254,-1,0.174838583266365
27,255,0,0.543999699696451
27,256,-1,0.469252844063076
27,257,-1,0.655334247141452
27,258,-1,0.700588398313294
27,259,0,1.14206588057736
27,260,3,0.895727737374154
27,261,-1,0.539890538989381
27,262,0,-0.384225834622275
27,263,-1,0.316459015403411
27,264,1,0.234006747914989
27,265,1,0.207912111906892
27,266,2,0.624649918563611
27,267,-2,-0.617207706475689
27,268,-1,-0.128142621622754
27,269,0,-0.0560294298168461
27,270,0,0.520330651383251
27,271,0,0.487810830541982
27,272,1,0.837427486334923
27,273,0,0.271109038458733
27,274,0,0.429510579502751
27,275,1,0.395950004070861
27,276,-1,0.24857657050899
27,277,0,0.412150676686951
27,278,1,0.540168864884032
27,279,-1,0.426356006754051
27,280,1,0.412150676686951
27,281,-2,0.557528767699832
27,282,-1,0.625604506521981
27,283,0,0.667027822881404
27,284,1,0.994692447015484
27,285,1,0.505170733357782
27,286,0,0.578719505328051
27,287,1,0.38358016626719
27,288,0,0.070797134263929
27,289,2,0.0869978068800188
27,290,1,0.0351227406739597
27,291,-2,-0.425679568968295
27,292,2,0.17108092439053
27,293,-1,0.0340819860833389
27,294,-1,-0.104840502109773
27,295,6,0.345029525823172
27,296,-2,-0.268816741668502
27,297,-2,-2.07761618320436
27,298,1,0.1563178078688
27,299,4,-0.348876865104193
27,300,-1,-0.332132143829431
27,301,-1,-0.960193526521949
27,302,-1,-1.42554755061663
27,303,-5,0.0357128361054279
27,304,1,-0.397679021055173
27,305,1,1.48996308344264
27,306,-2,0.375826749524888
27,307,2,0.612558406654591
27,308,2,0.234762717064157
27,309,3,0.208425854407588
27,310,-1,-0.931401955242087
27,311,-4,-1.02926318332936
27,312,-1,-0.0424590720767506
27,313,2,0.547184145148673
27,314,-2,0.484560432020446
27,315,1,0.118099695807611
27,316,0,0.279554651950465
27,317,0,0.75803332282039
27,318,4,-0.202362108788097
27,319,4,0.168807255946888
27,320,-9,-2.07038706494688
27,321,-1,-0.841316919726527
27,322,-2,0.432415564394994
27,323,0,1.17689037723111
27,324,1,0.512550506149324
27,325,0,1.04149948567888
27,326,2,1.17607277076017
27,327,1,-0.238558323977454
27,328,2,-1.09490770264821
27,329,2,-0.286875556384273
27,330,-2,-0.928611875020289
27,331,0,-0.701469126896316
27,332,-4,-0.0465682327838212
27,333,0,0.382238943662394
27,334,0,0.886906837549606
27,335,-2,1.22856492664218
27,336,4,0.482727376030335
27,337,3,0.931606773205463
27,338,2,-0.886067397536089
27,339,2,-1.57065996319312
27,340,2,-1.44180020071787
27,341,-2,-1.84445115291658
27,342,-8,-1.04398189951905
27,343,1,-0.222445208262683
27,344,0,0.643563924526271
27,345,-1,0.598839585091334
27,346,1,0.119542798770616
27,347,-1,1.12760731072517
27,348,1,1.90214184815442
27,349,3,0.425679744690332
27,350,1,0.185007928562978
27,351,-3,-1.05468155727374
27,352,1,0.160824904744938
27,353,-1,-0.0497228055325211
27,354,-2,0.471127189789902
27,355,3,0.637298082261933
27,356,-1,0.241401947675515
27,357,-1,-0.292365008151154
27,358,2,0.0963340687571541
27,359,0,0.298456294166058
27,360,5,-0.318294331944803
27,361,5,-0.222426010133203
28,1,1,0.351346704976379
28,2,1,0.459767737190453
28,3,0,0.0506988695895756
28,4,-1,-0.261334087974687
28,5,0,0.0364744972792254
28,6,0,1.40930471264778
28,7,0,1.01558959385346
28,8,2,0.555751038483996
28,9,-1,0.657931258356959
28,10,-1,-0.0956205308088381
28,11,0,0.362715001793284
28,12,0,0.453328674024959
28,13,-1,0.574613215679641
28,14,1,0.79852277483203
28,15,2,0.219917404789956
28,16,10,0.361264830008251
28,17,5,-1.18444320432682
28,18,-13,-5.28454716276479
28,19,-3,-1.7731666994848
28,20,-1,-0.502951023860808
28,21,3,1.58920098095981
28,22,0,-0.167321570774311
28,23,-2,1.66337812603417
28,24,2,-1.42437413450105
28,25,-3,-0.416157522362261
28,26,2,-0.328417128446339
28,27,-2,1.73513345275456
28,28,3,-0.146710241745371
28,29,-2,-0.0202076920365071
28,30,1,-0.411169326951861
28,31,-3,-0.52824717423486
28,32,3,0.981585586172651
28,33,-1,-0.640413139211034
28,34,1,0.339024894726036
28,35,0,-1.20991388213653
28,36,-2,0.59121421202881
28,37,1,-0.0688446850757296
28,38,2,0.830292070981407
28,39,-2,-0.646378261289335
28,40,3,0.275770777726946
28,41,-2,-0.13395213427977
28,42,1,-0.494605258041592
28,43,-1,-0.162109071877548
28,44,2,0.537760079021449
28,45,-4,-0.35607012031658
28,46,2,0.475235464870348
28,47,0,-0.782201123422643
28,48,2,0.496549662337167
28,49,0,-0.576099463944826
28,50,2,0.211776690842077
28,51,-1,-0.837208217451791
28,52,-2,-0.279922579774133
28,53,-1,-0.348375056785026
28,54,-1,1.11665836476769
28,55,0,0.197179504853149
28,56,1,0.973577752313727
28,57,0,0.175027639686806
28,58,0,0.555310479490682
28,59,0,0.305971180815225
28,60,0,0.463600014001349
28,61,1,0.63992140456191
28,62,4,0.543896982609088
28,63,1,0.0669178778172309
28,64,1,-1.46376095210315
28,65,-1,-0.652108945404121
28,66,1,-0.533913763952454
28,67,1,-0.301146667040133
28,68,1,0.155079529777732
28,69,-3,-1.39246143369396
28,70,-7,0.438141479892248
28,71,2,0.844125951461042
28,72,0,1.27501688431259
28,73,1,0.820874173979128
28,74,-1,0.590342994295712
28,75,3,0.928133778436278
28,76,3,-0.190985788762436
28,77,-1,-1.13162176600364
28,78,-3,-1.30628412756211
28,79,-3,0.805454322079506
28,80,2,0.271732603530885
28,81,4,0.820134380786001
28,82,-4,-0.999655650455077
28,83,-1,-1.50459397876437
28,84,1,0.183728240961506
28,85,-3,-0.12795171239031
28,86,-1,0.547157875993753
28,87,-2,1.23348554530117
28,88,1,0.242968864541021
28,89,3,0.521187877258313
28,90,-2,0.367538516340805
28,91,4,-0.0302082763515765
28,92,-1,0.00367236480550459
28,93,-4,-1.55562446835218
28,94,1,0.424598633320382
28,95,0,0.677877206577902
28,96,1,-0.143969416974409
28,97,3,0.294117124940317
28,98,-2,-1.34344551332375
28,99,1,-0.492043637297829
28,100,-3,-0.422600828516023
28,101,2,0.498891242453966
28,102,-2,0.577813809823959
28,103,0,0.572687638601553
28,104,-1,-0.591033397503627
28,105,-1,0.882128325742969
28,106,0,0.232098624028746
28,107,-1,1.3095247816372
28,108,1,0.262047134742103
28,109,-1,1.00617290254865
28,110,-3,0.627744678106101
28,111,2,1.07717934938569
28,112,2,0.79528835076241
28,113,0,0.134728095865883
28,114,4,-0.207775889392334
28,115,3,-0.259697315396386
28,116,-4,-2.07302633102401
28,117,-1,-1.19608168079371
28,118,-1,-0.473738064788234
28,119,1,0.210227449042056
28,120,-4,0.143082323396661
28,121,0,-0.0574424664727724
28,122,0,0.0790105385649759
28,123,-1,0.726779567735824
28,124,2,0.231658065035431
28,125,1,1.37198384154208
28,126,-2,0.046280849032203
28,127,-2,0.436999322987044
28,128,2,0.50306437368228
28,129,1,0.877021352270222
28,130,-4,-0.0190273398500655
28,131,1,0.346345995625107
28,132,3,0.741018970062176
28,133,-2,0.0821941657763219
28,134,-1,-0.807131683848868
28,135,1,0.473727949320025
28,136,2,0.389044753635482
28,137,2,-0.226458862560781
28,138,2,-0.3601035733299
28,139,-3,-1.26596992804011
28,140,-2,-0.71332178282881
28,141,-1,-0.123939919861515
28,142,0,0.986041987003156
28,143,0,0.395384146678934
28,144,-1,0.522828724885186
28,145,0,0.243184957546458
28,146,1,0.597909563022176
28,147,0,0.394418427648905
28,148,-2,0.744510194418943
28,149,0,0.959855385667121
28,150,-2,0.716257795233536
28,151,2,0.99484849949344
28,152,-2,0.574642010265674
28,153,1,0.814317218044383
28,154,0,0.360306431809214
28,155,-1,0.513027698778841
28,156,-1,0.255248288372835
28,157,3,1.0636183214386
28,158,0,-0.100016576315254
28,159,0,-0.268703131943844
28,160,3,-0.0252478023664893
28,161,-2,-0.0504932663672769
28,162,-1,-0.89329885550357
28,163,0,0.428463749668866
28,164,-3,-0.415547761282148
28,165,1,0.799375098232626
28,166,2,0.754542922301541
28,167,1,-0.123962757602572
28,168,0,-0.389967482999858
28,169,0,-0.0364002603295073
28,170,0,0.0799511663050652
28,171,0,0.21182335075579
28,172,0,0.429862706861217
28,173,0,0.399671633827378
28,174,1,0.450721689633649
28,175,0,0.228808936058048
28,176,1,0.324392799017556
28,177,0,0.273258142167884
28,178,-3,0.232241774534909
28,179,0,0.614903429446124
28,180,0,0.737557336999283
28,181,1,0.926691181633788
28,182,0,0.438867633758741
28,183,-1,0.702057793885894
28,184,-1,0.507024951618394
28,185,2,0.496753611642004
28,186,0,0.488034279617659
28,187,2,0.373222951458151
28,188,0,0.116653577474552
28,189,-1,-0.375947001726954
28,190,-2,-0.0153905520683689
28,191,1,0.521485991884611
28,192,-2,0.239220140978915
28,193,2,1.09943728935047
28,194,0,-0.146305298610755
28,195,0,0.278340686410533
28,196,-1,-0.111414974021191
28,197,-1,0.530050359788822
28,198,0,0.652216019430132
28,199,-1,1.05774811839164
28,200,2,0.262047134742103
28,201,0,0.784260148973053
28,202,1,-0.0260354611708027
28,203,0,0.107648650577027
28,204,-2,0.160949732824694
28,205,-1,0.477161041948436
28,206,-1,0.833141199958791
28,207,2,0.533126534176621
28,208,5,0.718951960090784
28,209,-4,-0.484564153174296
28,210,1,-1.45596182299661
28,211,-1,-0.257366025624725
28,212,-1,-0.0289350109539419
28,213,2,0.213970881821284
28,214,0,0.55415746204125
28,215,1,-1.84739388269595
28,216,-2,0.0234782844991133
28,217,-1,-0.13043020197653
28,218,0,0.928023465006408
28,219,1,0.711089190098464
28,220,0,0.112450691369508
28,221,-1,0.786228159963808
28,222,0,0.42285458554048
28,223,2,0.484899555767096
28,224,-1,0.256676040151218
28,225,-1,0.219467515742202
28,226,-3,0.698662031116756
28,227,1,0.803978888200723
28,228,5,0.626657785101974
28,229,-1,0.467721930636981
28,230,1,-2.00714064793883
28,231,-2,-0.082366312044106
28,232,-1,-0.493050447079173
28,233,3,0.235270423587031
28,234,-3,0.696386005246172
28,235,0,-1.82358170537115
28,236,2,0.584656549954917
28,237,-1,-0.171986828821877
28,238,-2,-0.263226827976483
28,239,0,0.857263401386876
28,240,1,-0.152618640073571
28,241,-1,0.623339302545244
28,242,0,0.357105837664897
28,243,2,0.612167696098173
28,244,0,0.29041334729135
28,245,3,-0.443421616007219
28,246,0,0.104799521599644
28,247,0,-0.828673370200689
28,248,0,-0.192854099534134
28,249,-2,-0.140819430365332
28,250,0,0.0457147507088556
28,251,1,0.808408819716183
28,252,-1,-0.382306983175554
28,253,0,0.546305552593157
28,254,-1,0.453159054203752
28,255,-1,0.641063561467114
28,256,-1,0.673075002202565
28,257,0,1.09046115703898
28,258,3,1.05774811839164
28,259,-1,0.496598647521869
28,260,0,-0.506628933737707
28,261,-1,0.416169134800644
28,262,1,0.246702814801126
28,263,1,0.292560878356844
28,264,2,0.709065915206631
28,265,-2,-0.807259706738434
28,266,-1,-0.110609310534308
28,267,0,-0.0440835102470897
28,268,0,0.598079182843384
28,269,0,0.469583866829295
28,270,1,0.912557050579901
28,271,0,-0.011440834676484
28,272,0,0.324392799017556
28,273,1,0.180082849192446
28,274,-1,0.451745958126441
28,275,0,0.525446569820725
28,276,1,0.516470437509233
28,277,-1,0.407296752016605
28,278,1,0.420417220970378
28,279,-2,0.420446015556411
28,280,-1,0.631618075576275
28,281,0,0.633794401227801
28,282,1,0.836977521721243
28,283,1,0.583618142577166
28,284,0,0.564315406388207
28,285,1,0.284671639049478
28,286,0,0.181107117685237
28,287,2,0.0013240940617828
28,288,1,0.240545103520544
28,289,-2,-0.316509015891648
28,290,2,0.206081642513918
28,291,-1,-0.0903575768415175
28,292,-1,-0.213358584205676
28,293,6,0.341856019020851
28,294,-2,-0.572391891139015
28,295,-2,-2.10746188709453
28,296,1,-0.0356516864563645
28,297,4,-0.610646310260546
28,298,-1,-0.126275448264605
28,299,-1,-1.18827617710778
28,300,-1,-1.08946063895309
28,301,-5,0.154992349311794
28,302,1,0.40340637357437
28,303,1,1.57206860775354
28,304,-2,0.0630308767974319
28,305,2,0.518438448499988
28,306,2,0.421176408054333
28,307,3,-0.228061769057967
28,308,-1,-0.810202766813657
28,309,-4,-0.896261634261937
28,310,-1,0.531794407568723
28,311,2,0.395212365169595
28,312,-2,0.156889291086666
28,313,1,0.156681292473435
28,314,0,-0.288533841815678
28,315,0,0.282110018305716
28,316,4,-0.176723162903459
28,317,4,0.247843058345889
28,318,-9,-1.82574006211711
28,319,-1,-0.686726030772834
28,320,-2,0.148376301357995
28,321,0,1.32411604074591
28,322,1,0.365435635965576
28,323,0,0.489579247922495
28,324,2,-0.858191874132293
28,325,1,-0.0119659947131979
28,326,2,-0.841655760143381
28,327,2,0.68381216326602
28,328,-2,-0.796182285540754
28,329,0,-0.44382509929281
28,330,-4,-0.0430592417542981
28,331,0,0.132169430597177
28,332,0,0.809289937702812
28,333,-2,0.788739519184632
28,334,4,0.213321047876501
28,335,3,0.634369829605589
28,336,2,-1.41075798448179
28,337,2,-1.33051739934864
28,338,2,-1.37501470099324
28,339,-2,-1.34743743040468
28,340,-8,-0.976952501949277
28,341,1,-0.647382689198016
28,342,0,0.402304127243034
28,343,-1,0.611236570740157
28,344,1,-0.0274538828947458
28,345,-1,0.693896655115724
28,346,1,0.375968014860542
28,347,3,0.189528335083285
28,348,1,0.383148081273475
28,349,-3,-0.212517758371513
28,350,1,0.106922496710534
28,351,-1,-0.0651846376055961
28,352,-2,0.573318008014744
28,353,3,0.519319566486616
28,354,-1,-0.0334528348983492
28,355,-1,-0.427186613801552
28,356,2,0.112935144124512
28,357,0,0.169128805636668
28,358,5,-0.00444204341018706
28,359,5,-0.339025985551558
28,360,3,-3.40835978257314
28,361,0,-2.93858042801361
29,1,-1,-0.154459179098038
29,2,0,-0.0263567038451117
29,3,0,1.30934633695082
29,4,0,0.766137388420575
29,5,2,0.43795446931152
29,6,-1,0.442413940566094
29,7,-1,0.0497462909354194
29,8,0,0.166065209993099
29,9,0,0.322553784878466
29,10,-1,0.421202668309123
29,11,1,0.68538290346613
29,12,2,-0.0410466769486428
29,13,10,0.0897580926949557
29,14,5,-0.869125997837149
29,15,-13,-5.95430985189195
29,16,-3,-6.02851246789726
29,17,-1,1.13685168056633
29,18,3,1.68036514718289
29,19,0,1.11727418488648
29,20,-2,2.05549743747904
29,21,2,-1.57905153471493
29,22,-3,-0.230402958658719
29,23,2,-0.187742329292914
29,24,-2,1.92403492805709
29,25,3,0.0368626276875862
29,26,-2,0.183898371879243
29,27,1,-0.301710997930598
29,28,-3,-0.468819120121772
29,29,3,1.03376692819312
29,30,-1,-0.650240559251178
29,31,1,0.394507426827198
29,32,0,-1.06549922506614
29,33,-2,0.68866998320461
29,34,1,-0.212423606266644
29,35,2,0.689337971977038
29,36,-2,-1.02265561331999
29,37,3,0.733654695501384
29,38,-2,-0.244802243839569
29,39,1,-0.384419299814703
29,40,-1,-0.0801908326454175
29,41,2,0.580264210825956
29,42,-4,-0.345459165675106
29,43,2,0.66810463846715
29,44,0,-0.90571919963338
29,45,2,0.703624165272623
29,46,0,-0.287687753226265
29,47,2,0.554218523416792
29,48,-1,-1.07469748979525
29,49,-2,0.0200967691545377
29,50,-1,-0.602303212293168
29,51,-1,1.0189137344121
29,52,0,-0.0376555992659575
29,53,1,0.967667246462698
29,54,0,0.00155879254357882
29,55,0,0.441132827973647
29,56,0,0.0801220284215849
29,57,0,0.29527747902035
29,58,1,0.402452632950053
29,59,4,0.309405818247785
29,60,1,-0.16229203759129
29,61,1,-1.52189394347305
29,62,-1,-0.725546807292487
29,63,1,-0.233738876467821
29,64,1,-0.473395688719248
29,65,1,-0.0580747905137934
29,66,-3,-1.58259723657215
29,67,-7,0.275942752731841
29,68,2,0.646451561208281
29,69,0,1.03464297025602
29,70,1,1.14928327413261
29,71,-1,1.33022541909695
29,72,3,0.860499825322355
29,73,3,-0.418609620212767
29,74,-1,-1.05516673276966
29,75,-3,-1.0783364130016
29,76,-3,1.03810300515191
29,77,2,0.297609257072206
29,78,4,0.613861068328384
29,79,-4,-0.592033984371007
29,80,-1,-1.19651803437338
29,81,1,0.201738365172687
29,82,-3,0.0152278565615065
29,83,-1,0.747995753749377
29,84,-2,1.17787192246192
29,85,1,-0.0790668869220752
29,86,3,0.618857746026114
29,87,-2,0.190520008275125
29,88,4,0.320591655931879
29,89,-1,-0.0440460784216533
29,90,-4,-1.38399317906969
29,91,1,0.538677944511764
29,92,0,0.980845007135657
29,93,1,-0.454127193085862
29,94,3,0.590834524361496
29,95,-2,-1.59867934289455
29,96,1,-0.428576827852788
29,97,-3,-0.535420838415841
29,98,2,0.51962582773889
29,99,-2,0.643303897970493
29,100,0,0.715916495020447
29,101,-1,-0.457564394103132
29,102,-1,0.731467471616172
29,103,0,0.203565280711238
29,104,-1,1.07172226866313
29,105,1,0.0746249534378274
29,106,-1,0.927543713969596
29,107,-3,0.338579370175579
29,108,2,0.998077443721228
29,109,2,0.617715148552298
29,110,0,0.341666698205358
29,111,4,0.404078933066317
29,112,3,-0.274643784539791
29,113,-4,-2.02179798362349
29,114,-1,-1.08680545236821
29,115,-1,-0.111291330266803
29,116,1,0.151775604020555
29,117,-4,0.348774702145024
29,118,0,-0.296250365919791
29,119,0,-0.0471775758536381
29,120,-1,0.414363954249998
29,121,2,0.462448098174822
29,122,1,1.20010869484981
29,123,-2,0.185983266059351
29,124,-2,0.372643895949322
29,125,2,0.425945189115383
29,126,1,0.675815023780262
29,127,-4,0.33258553081915
29,128,1,0.38066976916234
29,129,3,0.705585370235769
29,130,-2,-0.232392596512444
29,131,-1,-0.256250315780736
29,132,1,0.403354172931097
29,133,2,0.438810106194377
29,134,2,-0.281706017468108
29,135,2,-0.0337938806710504
29,136,-3,-0.999006871325611
29,137,-2,-0.387474568400652
29,138,-1,-0.208327012979894
29,139,0,0.800709346328785
29,140,0,0.443407374893072
29,141,-1,0.489866924609207
29,142,0,0.0913767544402248
29,143,1,0.348278032190718
29,144,0,0.107953231166863
29,145,-2,0.646510689523197
29,146,0,0.75967968280933
29,147,-2,0.556329849658729
29,148,2,0.679105113175954
29,149,-2,0.599411289004038
29,150,1,0.93219384299181
29,151,0,0.437875542277445
29,152,-1,0.353512852142373
29,153,-1,0.274491682472971
29,154,3,0.919964110985754
29,155,0,-0.398273726807919
29,156,0,-0.119208197917446
29,157,3,-0.0672853790775736
29,158,-2,0.0729855915913395
29,159,-1,-0.89743850289634
29,160,0,0.271989045372633
29,161,-3,-0.430100440134588
29,162,1,0.756522024248423
29,163,2,0.644135817527557
29,164,1,-0.504589238397128
29,165,0,0.181252848851362
29,166,0,-0.161504585295936
29,167,0,0.0091183556986506
29,168,0,0.0278683910577202
29,169,0,0.176397695929476
29,170,0,0.147528889455014
29,171,1,0.197074771400502
29,172,0,-0.0296765872830813
29,173,1,0.0665485860813131
29,174,0,0.058748531287552
29,175,-3,0.0517238251908727
29,176,0,0.379939547999417
29,177,0,0.573828566467629
29,178,1,0.589287151279308
29,179,0,0.579935037939684
29,180,-1,0.467662218025258
29,181,-1,0.286196311634142
29,182,2,0.313472617492258
29,183,0,0.217105919352019
29,184,2,0.653614322653952
29,185,0,0.0689515960463576
29,186,-1,-0.0729500455477305
29,187,-2,-0.231870063288721
29,188,1,0.412371746775112
29,189,-2,-0.0609768366131662
29,190,2,0.923163169749098
29,191,0,-0.132224678471811
29,192,0,0.463866364734202
29,193,-1,-0.0692124191895308
29,194,-1,0.435530759245257
29,195,0,0.399970695950934
29,196,-1,0.804313180700502
29,197,2,0.0746249534378274
29,198,0,0.700792355286012
29,199,1,0.0943292946830949
29,200,0,0.0489709422383375
29,201,-2,0.0575761397714585
29,202,-1,0.245538582355096
29,203,-1,0.670053739832024
29,204,2,0.194251652335205
29,205,5,0.719542390645082
29,206,-4,-0.212733382801336
29,207,1,-1.48914258973558
29,208,-1,-0.204693384565899
29,209,-1,0.320705671800584
29,210,2,0.485663631670251
29,211,0,0.36914812238151
29,212,1,-1.71276818229451
29,213,-2,-0.0433794508009246
29,214,-1,-0.167085953923106
29,215,0,0.731949468351045
29,216,1,0.47500836421885
29,217,0,0.0673797955312291
29,218,-1,0.68786484046525
29,219,0,0.19384591859488
29,220,2,0.312776195829251
29,221,-1,-0.0264477344774589
29,222,-1,0.516680925867015
29,223,-3,0.525824690994992
29,224,1,0.663725455398351
29,225,5,0.473002397072818
29,226,-1,0.285402832457003
29,227,1,-1.82560827048042
29,228,-2,-0.0879831546498184
29,229,-1,-0.0708102864152153
29,230,3,0.119605660276963
29,231,-3,0.493596174700857
29,232,0,-1.67748439741443
29,233,2,0.571025189371598
29,234,-1,-0.0785658739472654
29,235,-2,0.258244284214239
29,236,0,0.680902732110339
29,237,1,-0.324176604755055
29,238,-1,0.445108596585772
29,239,0,0.343626542016805
29,240,2,0.407834344286889
29,241,0,0.0924320486134154
29,242,3,-0.18285738232875
29,243,0,-0.0595970550173783
29,244,0,-0.640394704569578
29,245,0,-0.370196303401671
29,246,-2,-0.0586296874009566
29,247,0,-0.252191899162919
29,248,1,0.57115461054917
29,249,-1,-0.75772846235648
29,250,0,0.549004403566356
29,251,-1,0.231325289211801
29,252,-1,0.433603719133301
29,253,-1,0.54850000082269
29,254,0,0.825686677834535
29,255,3,0.932165410101231
29,256,-1,0.368117161222894
29,257,0,-0.348491987743645
29,258,-1,0.274470982371752
29,259,1,0.305751489732571
29,260,1,0.166670601023758
29,261,2,0.450213995359855
29,262,-2,-0.9479333582672
29,263,-1,0.144720145749645
29,264,0,-0.191020315090334
29,265,0,0.439506527857383
29,266,0,0.436027429199564
29,267,1,0.818391025784439
29,268,0,-0.284600330778121
29,269,0,0.0665485860813131
29,270,1,-0.0535825155597303
29,271,-1,0.294581057357344
29,272,0,0.27262286929387
29,273,1,0.302998606780037
29,274,-1,0.206155938786711
29,275,1,0.287447630184311
29,276,-2,0.209951792077768
29,277,-1,0.416801423987407
29,278,0,0.541396367691935
29,279,1,0.608712908200165
29,280,1,0.569035551517872
29,281,0,0.461113481781666
29,282,1,0.0626233116126844
29,283,0,0.0439237703971112
29,284,2,-0.195008187300731
29,285,1,0.0373750341535192
29,286,-2,-0.0794987817913226
29,287,2,-0.00194034594301085
29,288,-1,-0.162654915559112
29,289,-1,-0.070255389528052
29,290,6,0.401092593323531
29,291,-2,-0.707063692695607
29,292,-2,-2.36460959873739
29,293,1,0.00832531655756319
29,294,4,-0.00399278204131304
29,295,-1,-0.18682319328623
29,296,-1,-0.997387553382944
29,297,-1,-1.24489614840781
29,298,-5,0.415600599580734
29,299,1,0.287801873980714
29,300,1,1.47425080518601
29,301,-2,-0.263354300889281
29,302,2,0.929332238962921
29,303,2,0.294637628217327
29,304,3,-0.0516675790460449
29,305,-1,-0.332354054816928
29,306,-4,-0.647548831843829
29,307,-1,0.524658326360683
29,308,2,0.447419674536409
29,309,-2,-0.124244708356981
29,310,1,0.783640110687114
29,311,0,-0.384524960191887
29,312,0,0.106780839650769
29,313,4,-0.17831461323119
29,314,4,0.1077910062898
29,315,-9,-1.90868622146979
29,316,-1,-0.684517028579638
29,317,-2,0.566283128334976
29,318,0,1.34227687391992
29,319,1,1.21160884917013
29,320,0,0.297863843910019
29,321,2,-0.935982210585554
29,322,1,-0.239676144964268
29,323,2,-0.644636124342766
29,324,2,0.560411309956407
29,325,-2,-0.458704719815291
29,326,0,-0.167968367623667
29,327,-4,-0.0935140291334923
29,328,0,-0.0975393337571615
29,329,0,0.820502352026376
29,330,-2,0.400319908665976
29,331,4,0.434275713363367
29,332,3,0.425022288760672
29,333,2,-1.56250720549038
29,334,2,-0.906952841113026
29,335,2,-0.579582737262838
29,336,-2,-0.792070308659629
29,337,-8,-0.655580078026289
29,338,1,-0.822394719688376
29,339,0,0.215477347474099
29,340,-1,0.315144343002184
29,341,1,0.735685073285098
29,342,-1,0.540977964499256
29,343,1,0.0711702822129486
29,344,3,0.0910720089868937
29,345,1,0.207941454122824
29,346,-3,0.0362685420897885
29,347,1,0.000683115831952463
29,348,-1,0.0609180844623457
29,349,-2,0.290251007280343
29,350,3,0.667271062837211
29,351,-1,-0.249409882440554
29,352,-1,-0.340641438806387
29,353,2,0.191789457305351
29,354,0,0.249487623984217
29,355,5,0.252500690710007
29,356,5,-0.385247542983816
29,357,3,-3.51123869606053
29,358,0,-3.00101020062257
29,359,-1,-1.89368113937074
29,360,0,-1.30191879145013
29,361,3,-0.370571284967765
30,1,1,0.655467316819725
30,2,2,0.0996849751206966
30,3,10,0.0741491697071407
30,4,5,-0.628871662568802
30,5,-13,-5.98954578530767
30,6,-3,-6.40530035969727
30,7,-1,1.08913888717454
30,8,3,1.59271705835266
30,9,0,1.14259892641378
30,10,-2,-1.4290913851202
30,11,2,2.11888704996568
30,12,-3,-2.94082635448145
30,13,2,-0.29299779160377
30,14,-2,0.43958783391052
30,15,3,-0.0162286308514981
30,16,-2,0.0665539651104726
30,17,1,0.0058017292454795
30,18,-3,-0.312429883995012
30,19,3,0.762517077040143
30,20,-1,-0.269600669204743
30,21,1,0.0248161996222355
30,22,0,-0.5183410251101
30,23,-2,0.433620918364598
30,24,1,0.104779830293994
30,25,2,0.437369142839206
30,26,-2,-0.599689632326584
30,27,3,0.372468064633182
30,28,-2,0.0848776040516191
30,29,1,-0.521290377168209
30,30,-1,0.0250349194220257
30,31,2,0.543980174456681
30,32,-4,-0.415155180252226
30,33,2,0.738702332626629
30,34,0,-0.366895435225507
30,35,2,0.441254878199467
30,36,0,0.0481915709311248
30,37,2,0.305118632394639
30,38,-1,-0.51413610630577
30,39,-2,-0.112705022727318
30,40,-1,-0.233556413621924
30,41,-1,0.529804733354884
30,42,0,0.315822577569575
30,43,1,0.93366629496951
30,44,0,0.364102468826421
30,45,0,0.418787384358387
30,46,0,0.286142917256085
30,47,0,0.160041605188301
30,48,1,0.155460695453014
30,49,4,0.177965270764705
30,50,1,-0.277251564280095
30,51,1,-1.51333840685178
30,52,-1,-0.608093652888132
30,53,1,-0.249930399564907
30,54,1,-0.481771302751285
30,55,1,-0.0755475224726858
30,56,-3,-1.09928536179508
30,57,-7,0.359344673093535
30,58,2,1.04251834973204
30,59,0,1.10020353839999
30,60,1,1.21226090354462
30,61,-1,1.19790150584437
30,62,3,0.937117644666244
30,63,3,0.826052339350975
30,64,-1,-0.94153132155908
30,65,-3,-1.25076643829144
30,66,-3,0.221247855757067
30,67,2,0.480434037297687
30,68,4,0.581395794250986
30,69,-4,-0.167651780864629
30,70,-1,-0.997894158216299
30,71,1,0.515627618485497
30,72,-3,0.318901790606292
30,73,-1,0.60216778722465
30,74,-2,0.962692205318001
30,75,1,0.307865693157684
30,76,3,0.815455388508678
30,77,-2,0.620255746497586
30,78,4,-0.147567350700143
30,79,-1,-0.157254678643886
30,80,-4,-1.28236727039669
30,81,1,0.179328836703878
30,82,0,0.829636846317481
30,83,1,-0.383552029877706
30,84,3,0.685642933436896
30,85,-2,-0.780477533693925
30,86,1,-0.381592043990573
30,87,-3,-0.0929953779755367
30,88,2,0.367197997229876
30,89,-2,0.177132585504026
30,90,0,0.785893092850714
30,91,-1,-0.148797261244988
30,92,-1,0.80316468222971
30,93,0,0.514751835047201
30,94,-1,0.811055087836661
30,95,1,0.319093318203039
30,96,-1,0.56434189540587
30,97,-3,0.533727550185756
30,98,2,0.736778842565598
30,99,2,0.588376004120856
30,100,0,0.207884441609794
30,101,4,0.280032474117503
30,102,3,-0.27463289984404
30,103,-4,-2.11694176497458
30,104,-1,-0.97732525587454
30,105,-1,-0.0842924333380342
30,106,1,-0.0635721634341287
30,107,-4,0.551689971000362
30,108,0,0.371649690488237
30,109,0,0.531956945621258
30,110,-1,0.823269957406817
30,111,2,0.773497614217288
30,112,1,0.72320040705627
30,113,-2,0.33991173348195
30,114,-2,0.239823597530879
30,115,2,0.50511854844249
30,116,1,0.198509274544756
30,117,-4,0.311481178365887
30,118,1,0.511633866772283
30,119,3,0.563909183509933
30,120,-2,-0.0272659574482491
30,121,-1,-0.156729170170717
30,122,1,0.315168827604576
30,123,2,0.468852748054852
30,124,2,-0.0667856763668546
30,125,2,0.071748195804966
30,126,-3,-1.12220250277258
30,127,-2,-0.291668809554826
30,128,-1,0.104347118398057
30,129,0,0.531986342955587
30,130,0,0.460938360014115
30,131,-1,0.732336063589709
30,132,0,0.449775540006109
30,133,1,0.546418229829466
30,134,0,0.310829102168479
30,135,-2,0.287014357754965
30,136,0,0.504679819839547
30,137,-2,0.414864567527515
30,138,2,0.639725260844024
30,139,-2,0.57790401554846
30,140,1,0.780221378315076
30,141,0,0.421444804032643
30,142,-1,0.43471172316495
30,143,-1,0.25447652247382
30,144,3,0.660267590856483
30,145,0,-0.249534149265836
30,146,0,-0.359341733947616
30,147,3,0.147607371316673
30,148,-2,-0.163182838951606
30,149,-1,-0.79617985944633
30,150,0,0.252733641476061
30,151,-3,-0.248940974536757
30,152,1,0.606968061261408
30,153,2,0.950937884348507
30,154,1,-0.203279747715966
30,155,0,0.171854827626124
30,156,0,0.162221541021413
30,157,0,-0.23178736968703
30,158,0,-0.103504448018544
30,159,0,0.155460695453014
30,160,0,-0.0502310813606018
30,161,1,0.287233722056436
30,162,0,0.177965270764705
30,163,1,0.159822240886829
30,164,0,0.0451014393609316
30,165,-3,0.0326301240186936
30,166,0,0.350402217924433
30,167,0,0.542276048697122
30,168,1,0.554052189664335
30,169,0,0.559541621369112
30,170,-1,0.555141320697096
30,171,-1,0.263638341944394
30,172,2,0.396721537649639
30,173,0,0.197199105442933
30,174,2,0.292466707989131
30,175,0,0.0619343001369848
30,176,-1,-0.090200447415627
30,177,-2,-0.132771542666224
30,178,1,0.378797872073234
30,179,-2,-0.0353587921161889
30,180,2,0.771278923145974
30,181,0,0.23934840733107
30,182,0,0.434492358863478
30,183,-1,0.144117266381738
30,184,-1,0.405663992818741
30,185,0,0.26036760131093
30,186,-1,0.547509034629817
30,187,2,0.319093318203039
30,188,0,0.455073444114139
30,189,1,0.297047617724418
30,190,0,0.0394297248252936
30,191,-2,0.0372110337539802
30,192,-1,0.109360740029281
30,193,-1,0.524133018819246
30,194,2,0.320403487304861
30,195,5,0.583356365782626
30,196,-4,0.00967050473732034
30,197,1,-1.49270328026209
30,198,-1,-0.0993191687085834
30,199,-1,0.282615730850539
30,200,2,0.240953157569432
30,201,0,0.39140731817487
30,202,1,-0.905259938629758
30,203,-2,0.171202751428716
30,204,-1,-0.267874551856023
30,205,0,0.254915251076764
30,206,1,0.553180749165455
30,207,0,0.09597550588429
30,208,-1,0.550560410961809
30,209,0,0.395411368547816
30,210,2,0.287453086357908
30,211,-1,0.0697876242733257
30,212,-1,0.268871327877089
30,213,-3,0.389959018313649
30,214,1,0.620930154768739
30,215,5,0.556709609338592
30,216,-1,0.271036622111053
30,217,1,-1.77072537241427
30,218,-2,-0.090815442142425
30,219,-1,0.125065714534371
30,220,3,-0.0132117118653672
30,221,-3,0.357148421893684
30,222,0,-1.38597650347586
30,223,2,0.661614841428917
30,224,-1,-0.178945381642019
30,225,-2,0.127936481803093
30,226,0,0.762773522812225
30,227,1,-0.254393324770923
30,228,-1,0.307338997233544
30,229,0,0.655247952518254
30,230,2,0.207862621612076
30,231,0,0.0743685340086123
30,232,3,0.0278298499819354
30,233,0,-0.174526268022882
30,234,0,-0.873781915955796
30,235,0,-0.374903825361729
30,236,-2,0.0328494883201652
30,237,0,-0.227013258587406
30,238,1,0.542056684395651
30,239,-1,-0.231236673261824
30,240,0,0.523474925914831
30,241,-1,0.545327425029114
30,242,-1,0.402173887883806
30,243,-1,0.519332744782488
30,244,0,0.78855051252497
30,245,3,0.674701151497953
30,246,-1,0.351257343056575
30,247,0,-0.251164087456236
30,248,-1,0.147826735618145
30,249,1,0.27498177101567
30,250,1,0.0372497889921817
30,251,2,0.315190647602294
30,252,-2,-0.739315983066347
30,253,-1,0.122664740632197
30,254,0,0.126632329408277
30,255,0,0.294215605693898
30,256,0,0.410935733989637
30,257,1,0.677971892131416
30,258,0,-0.0277265060489106
30,259,0,0.159822240886829
30,260,1,0.154369890652663
30,261,-1,0.0507731538965698
30,262,0,0.137317665575138
30,263,1,0.28178137182227
30,264,-1,0.183636985300344
30,265,1,0.264509782443274
30,266,-2,0.304285947133961
30,267,-1,0.384030858005929
30,268,0,0.513880394548321
30,269,1,0.684953775768878
30,270,1,0.433440309301328
30,271,0,0.441291959670078
30,272,1,0.158731436086478
30,273,0,-0.082090677507204
30,274,2,-0.0991429025847286
30,275,1,-0.195940038534222
30,276,-2,-0.204049808442645
30,277,2,-0.0191415459406783
30,278,-1,-0.0637282833278562
30,279,-1,0.0166687037415202
30,280,6,0.380797198843076
30,281,-2,-0.436404657067034
30,282,-2,-2.35977621038124
30,283,1,0.222375742028029
30,284,4,0.23843988536158
30,285,-1,-0.416004800753387
30,286,-1,-0.7768712173252
30,287,-1,-1.5585117518438
30,288,-5,0.270620225581855
30,289,1,-0.353293674844012
30,290,1,1.20685165148807
30,291,-2,-0.0385563201655901
30,292,2,1.01322892301062
30,293,2,0.72232896655739
30,294,3,0.388447563775121
30,295,-1,-0.43851104983267
30,296,-4,-0.766695074264768
30,297,-1,-0.0648027727614687
30,298,2,0.521081642487254
30,299,-2,0.121971859898507
30,300,1,0.686888184363384
30,301,0,0.14641518674412
30,302,0,0.586844290214213
30,303,4,0.14520807118209
30,304,4,-0.013486146771779
30,305,-9,-2.17751775934366
30,306,-1,-0.819245388145788
30,307,-2,0.757365944523266
30,308,0,1.04748024829351
30,309,1,1.29255746119896
30,310,0,0.744447879620073
30,311,2,1.23701865289152
30,312,1,0.199379041276045
30,313,2,-0.204049808442645
30,314,2,-0.456215351107602
30,315,-2,-0.573374208006285
30,316,0,-0.405518170581843
30,317,-4,-0.10982823875159
30,318,0,0.134640099670754
30,319,0,0.787717827264292
30,320,-2,0.744770297461337
30,321,4,0.677074288695402
30,322,3,0.632074985642415
30,323,2,-1.04937822157123
30,324,2,-1.11500567668181
30,325,2,-0.575555817606988
30,326,-2,-1.23333014582375
30,327,-8,-0.664483314053401
30,328,1,-0.379848065272278
30,329,0,0.270124889151918
30,330,-1,0.876106269229407
30,331,1,1.20725652667928
30,332,-1,0.894904044476516
30,333,1,1.68970946524234
30,334,3,0.299705037398674
30,335,1,-0.0305383718493037
30,336,-3,-0.866110874650317
30,337,1,0.0936170102859879
30,338,-1,0.0411786225300597
30,339,-2,0.145170989711479
30,340,3,0.750121598406717
30,341,-1,-0.0596874819677141
30,342,-1,-0.248982477855534
30,343,2,0.511479420646147
30,344,0,0.338133951516928
30,345,5,-0.102852371821135
30,346,5,-0.265871053738209
30,347,3,-3.2668976365186
30,348,0,-3.17868513019393
30,349,-1,-1.53810107297466
30,350,0,-1.25280349103357
30,351,3,-0.498604163527338
30,352,-1,-1.6528860938934
30,353,-11,-1.73279632772781
30,354,-3,0.151227604799644
30,355,6,1.37142247827135
30,356,9,1.20723264031425
30,357,3,-1.30095590941592
30,358,-4,-4.49908663972987
30,359,4,-1.75790548840396
30,360,-2,-0.952035019396762
30,361,-9,-1.4344632627111
31,1,3,0.165352077710117
31,2,0,-0.396799236216988
31,3,-2,2.04353746870533
31,4,2,-1.27565920565591
31,5,-3,-2.65708277703568
31,6,2,0.31824338238464
31,7,-2,0.241550147798967
31,8,3,-0.0767473881360047
31,9,-2,-0.275590051772584
31,10,1,0.166418394417463
31,11,-3,-0.652350377945162
31,12,3,0.958164097187328
31,13,-1,-0.416385907930514
31,14,1,0.0662517801701602
31,15,0,-1.141940014828
31,16,-2,0.568532890537596
31,17,1,0.407719971410478
31,18,2,0.714283691648237
31,19,-2,-0.560966097307177
31,20,3,0.421699784430772
31,21,-2,-0.0310375240096005
31,22,1,-0.244976079180924
31,23,-1,-0.207195143751973
31,24,2,0.629844213821109
31,25,-4,-0.546792008425901
31,26,2,1.308724909452
31,27,0,-0.60432591789776
31,28,2,0.382394578484558
31,29,0,-0.405996152267971
31,30,2,0.431015458337741
31,31,-1,-0.85115138646116
31,32,-2,0.183780926422463
31,33,-1,-0.0472285986394744
31,34,-1,1.03283798612506
31,35,0,0.56838638571424
31,36,1,1.15792753342311
31,37,0,0.50417795485716
31,38,0,0.603436515899006
31,39,0,0.490794561642646
31,40,0,0.481028972753254
31,41,1,0.54502230018906
31,42,4,0.483710976905548
31,43,1,0.00810807245008083
31,44,1,-1.57076664908357
31,45,-1,-0.870113891401535
31,46,1,-0.3653935379043
31,47,1,-0.207167396784602
31,48,1,0.326662366926907
31,49,-3,-1.36181134050847
31,50,-7,0.669149419767323
31,51,2,1.70922403405756
31,52,0,1.34076659395778
31,53,1,0.510381233356172
31,54,-1,0.272406881413122
31,55,3,1.05100427630889
31,56,3,-0.162948097516224
31,57,-1,-0.796085223361471
31,58,-3,-1.56030726476885
31,59,-3,0.110181619583796
31,60,2,1.03305308954634
31,61,4,0.712779218637
31,62,-4,-0.666711823280341
31,63,-1,-1.59165652920122
31,64,1,0.336325006774311
31,65,-3,0.0178539531995959
31,66,-1,0.841598224295958
31,67,-2,0.960194187599101
31,68,1,-0.016060231625643
31,69,3,0.935353376030055
31,70,-2,0.576578902994479
31,71,4,-0.225444901402139
31,72,-1,-0.290962499355208
31,73,-4,-1.32597127093194
31,74,1,0.103547949829121
31,75,0,0.871097490065727
31,76,1,-0.541192069139749
31,77,3,0.326634619959537
31,78,-2,-1.0828051023665
31,79,1,-0.431142138201333
31,80,-3,-0.168339852788183
31,81,2,0.649618241988538
31,82,-2,0.192929267945785
31,83,0,0.980405026085777
31,84,-1,-0.570572076710038
31,85,-1,1.04681779914536
31,86,0,0.753616644561821
31,87,-1,1.26077615182271
31,88,1,0.626800601424185
31,89,-1,0.733842616394392
31,90,-3,1.02752143292772
31,91,2,1.02770878938163
31,92,2,0.957331746399984
31,93,0,0.182061349989953
31,94,4,-0.0636964558814581
31,95,3,-0.389596893623903
31,96,-4,-2.17854268557418
31,97,-1,-0.985445799271534
31,98,-1,-0.491134998942868
31,99,1,-0.137836688591164
31,100,-4,0.582373118141613
31,101,0,0.493081410596273
31,102,0,0.18961617761326
31,103,-1,0.843802566498458
31,104,2,0.70918224187217
31,105,1,0.878228529910073
31,106,-2,0.449069910072659
31,107,-2,0.309057830174412
31,108,2,0.779996595516554
31,109,1,0.501502870111945
31,110,-4,0.346221291673062
31,111,1,0.397919716146635
31,112,3,0.684931431045319
31,113,-2,-0.104506134838908
31,114,-1,-0.431142138201333
31,115,1,0.126219269983233
31,116,2,0.287544517434596
31,117,2,0.123647134280008
31,118,2,-0.0292427455024721
31,119,-3,-1.44916875346946
31,120,-2,-0.11059775930213
31,121,-1,0.358808786061404
31,122,0,0.82714074932587
31,123,0,0.40422644403113
31,124,-1,0.771186514939866
31,125,0,0.572572862877771
31,126,1,0.898002558077502
31,127,0,0.743635952251155
31,128,-2,0.500587897499409
31,129,0,0.819114445008865
31,130,-2,0.77559501493175
31,131,2,1.13326715890089
31,132,-2,0.614117077400934
31,133,1,1.14724697192118
31,134,0,0.258427068392828
31,135,-1,0.632526217973403
31,136,-1,0.346408648126965
31,137,3,0.998169172324805
31,138,0,0.0145952373813987
31,139,0,-0.136763452476739
31,140,3,-0.0290553890485696
31,141,-2,-0.242286125567285
31,142,-1,-0.376914399654918
31,143,0,0.326821976413439
31,144,-3,-0.335757390869076
31,145,1,1.0917298637848
31,146,2,1.13125727697249
31,147,1,-0.355268860507984
31,148,0,-0.0707800406185563
31,149,0,0.12244185617158
31,150,0,-0.0485865668273545
31,151,0,0.27533173595406
31,152,0,0.54502230018906
31,153,0,0.202715684395468
31,154,1,0.647870918588657
31,155,0,0.483710976905548
31,156,1,0.500587897499409
31,157,0,0.22378600155994
31,158,-3,0.333745951664005
31,159,0,0.777577149892781
31,160,0,0.922878036020998
31,161,1,0.804947275534668
31,162,0,0.483710976905548
31,163,-1,0.809133752698199
31,164,-1,0.552105884926159
31,165,2,0.792471935525611
31,166,0,0.623910413257697
31,167,2,0.613229851755769
31,168,0,-0.0974502970691806
31,169,-1,0.12246960313895
31,170,-2,0.0864836727813574
31,171,1,0.789789931373317
31,172,-2,0.387349523437269
31,173,2,1.08883275621124
31,174,0,0.0118854862617341
31,175,0,0.652085142719559
31,176,-1,0.0251723494978447
31,177,-1,0.684044205400153
31,178,0,0.753616644561821
31,179,-1,1.05507891502351
31,180,2,0.626800601424185
31,181,0,0.569682674711283
31,182,1,0.716078470155365
31,183,0,-0.0361389737856679
31,184,-2,0.269752624228199
31,185,-1,0.510568589810075
31,186,-1,0.939754956614859
31,187,2,0.671235004113836
31,188,5,0.726759031657294
31,189,-4,0.326447263505634
31,190,1,-1.65703660184654
31,191,-1,-0.457617088736709
31,192,-1,-0.115234151448085
31,193,2,0.185145814017423
31,194,0,0.526156325227088
31,195,1,-1.27023970341659
31,196,-2,0.0667096446139288
31,197,-1,0.119152068372751
31,198,0,0.640974690305461
31,199,1,0.888236969188109
31,200,0,0.195632099658369
31,201,-1,0.706285134298603
31,202,0,0.654954503325755
31,203,2,0.628311993842502
31,204,-1,0.476627392168449
31,205,-1,0.51746481809327
31,206,-3,0.542312549069396
31,207,1,1.21387484840203
31,208,5,0.979787778719706
31,209,-1,0.370881666195285
31,210,1,-2.33474668574345
31,211,-2,-0.526926969369856
31,212,-1,0.151774408634621
31,213,3,0.332428835106671
31,214,-3,0.498605762538378
31,215,0,-1.52775318259976
31,216,2,0.515642292618772
31,217,-1,-0.297121647760234
31,218,-2,0.20891896289448
31,219,0,0.912169727551699
31,220,1,-0.0216324239444246
31,221,-1,0.537938715451962
31,222,0,0.767596457582115
31,223,2,0.295770966938302
31,224,0,0.412634064732643
31,225,3,0.250456258010564
31,226,0,-0.26161023875229
31,227,0,-0.730372319493154
31,228,0,-0.33760124424736
31,229,-2,0.147345081082446
31,230,0,0.222489712562896
31,231,1,0.942436960767153
31,232,-1,-0.146674516135223
31,233,0,0.664747839182518
31,234,-1,0.740926201131491
31,235,-1,0.905113889781971
31,236,-1,0.856465262961418
31,237,0,1.32208747510622
31,238,3,1.05507891502351
31,239,-1,0.518164687284533
31,240,0,-0.129679867739641
31,241,-1,0.118227632040678
31,242,1,0.571429998111164
31,243,1,0.322448142796006
31,244,2,0.699201549561504
31,245,-2,-0.977967429598796
31,246,-1,0.357706456994965
31,247,0,0.317056387524047
31,248,0,0.618546404953109
31,249,0,0.702098657135071
31,250,1,0.85356815538785
31,251,0,0.141404361111955
31,252,0,0.500587897499409
31,253,1,0.387945943243049
31,254,-1,0.316869031070144
31,255,0,0.561899220782922
31,256,1,0.535228964332297
31,257,-1,0.576794006415752
31,258,1,0.561899220782922
31,259,-2,0.473917641048785
31,260,-1,0.921990810375832
31,261,0,0.743823308705058
31,262,1,0.991085587587706
31,263,1,0.640787333851559
31,264,0,0.542125192615493
31,265,1,0.343511540553398
31,266,0,0.0569440557245364
31,267,2,0.230897333264409
31,268,1,-0.0432225585227662
31,269,-2,0.0223029888916479
31,270,2,0.206209211774815
31,271,-1,0.0205082103845197
31,272,-1,0.404850610804281
31,273,6,0.336615312270202
31,274,-2,-0.0105427990906181
31,275,-2,-2.26412071860724
31,276,1,-0.185944389540678
31,277,4,-0.305156296376362
31,278,-1,-0.246210044202295
31,279,-1,-1.03674952891816
31,280,-1,-1.29737370207837
31,281,-5,0.449022454965411
31,282,1,0.506643271397341
31,283,1,1.58289967609699
31,284,-2,-0.636264153018064
31,285,2,0.671831423919617
31,286,2,0.701593248217907
31,287,3,0.0152194041545496
31,288,-1,-0.76187351772998
31,289,-4,-0.880365091702066
31,290,-1,0.132637651903519
31,291,2,0.954864845668962
31,292,-2,-0.0269420577346853
31,293,1,0.599243119328395
31,294,0,-0.220488926395163
31,295,0,0.529677599573806
31,296,4,0.182248706443856
31,297,4,0.194246384503119
31,298,-9,-2.18716540969697
31,299,-1,-0.708942158289301
31,300,-2,0.430510365350954
31,301,0,0.304636541449731
31,302,1,0.790967462514374
31,303,0,0.333807815267958
31,304,2,-0.732029186680562
31,305,1,0.265323296676024
31,306,2,0.0223029888916479
31,307,2,-0.450430554957622
31,308,-2,-0.568623873972473
31,309,0,-0.210764373549433
31,310,-4,-0.013945499994466
31,311,0,0.579899298003512
31,312,0,1.03130576614646
31,313,-2,0.668337896540269
31,314,4,0.531035567761687
31,315,3,0.861351609316212
31,316,2,-1.37923658175857
31,317,2,-1.764708212571
31,318,2,-1.2164604795353
31,319,-2,-1.40678526875187
31,320,-8,-0.480454937784433
31,321,1,-0.138980287508755
31,322,0,0.492208524108761
31,323,-1,0.109660401852634
31,324,1,0.312647887532163
31,325,-1,0.841785765162977
31,326,1,0.821824196128529
31,327,3,0.371069022649188
31,328,1,0.204039720359882
31,329,-3,-0.923621963250661
31,330,1,0.149299469076107
31,331,-1,0.0622606089218769
31,332,-2,0.449285013493932
31,333,3,0.760700229298919
31,334,-1,-0.0387244479595591
31,335,-1,-0.0754521291932265
31,336,2,0.282387573723788
31,337,0,0.431930430950277
31,338,5,0.304683996556978
31,339,5,-0.26161023875229
31,340,3,-3.51030060299428
31,341,0,-3.89447697486392
31,342,-1,-2.5305230337274
31,343,0,-1.76135212113325
31,344,3,-0.219614989826289
31,345,-1,-1.67385072308661
31,346,-11,-2.01314942291199
31,347,-3,0.554756082946837
31,348,6,2.04094267423745
31,349,9,0.548619276953891
31,350,3,-2.77637457182399
31,351,-4,-6.70765359633118
31,352,4,-2.77187925901401
31,353,-2,-2.05107235265712
31,354,-9,-1.57320580284722
31,355,-7,-0.184212293686827
31,356,1,3.44498028401133
31,357,2,-0.484928720552205
31,358,-2,-1.75671196983034
31,359,0,0.0118716474475749
31,360,0,0.975685393037711
31,361,-1,0.471263383863861
32,1,1,0.120724147138553
32,2,-3,-0.56673297173862
32,3,3,0.940881461240088
32,4,-1,-0.31718615892511
32,5,1,0.0172971121055848
32,6,0,-0.865266235594967
32,7,-2,0.512137293728249
32,8,1,0.388522945092156
32,9,2,0.610335300925936
32,10,-2,-0.215580317931935
32,11,3,0.381053543327674
32,12,-2,-0.192512752579626
32,13,1,-0.230226615457265
32,14,-1,-0.315803254088991
32,15,2,0.596560222466226
32,16,-4,-0.415708013249524
32,17,2,1.29064339377718
32,18,0,-0.358270891724552
32,19,2,0.357791950577585
32,20,0,-0.485514094496941
32,21,2,0.347872769834121
32,22,-1,-0.73644381214657
32,23,-2,0.169082626625234
32,24,-1,0.0875399022568283
32,25,-1,0.983579826738253
32,26,0,0.734776040940878
32,27,1,1.07675821115044
32,28,0,0.606064327907161
32,29,0,0.532943484748766
32,30,0,0.395152468914112
32,31,0,0.424075755952567
32,32,1,0.49280934030653
32,33,4,0.408386411568553
32,34,1,-0.0712760640609823
32,35,1,-1.64915716185473
32,36,-1,-0.975955111051346
32,37,1,-0.36938862986421
32,38,1,-0.236826641864837
32,39,1,0.301968461751335
32,40,-3,-0.840613921575286
32,41,-7,0.619821815216315
32,42,2,1.67435385888882
32,43,0,1.21253773720979
32,44,1,0.495259119285511
32,45,-1,0.125334978134763
32,46,3,0.918587698023589
32,47,3,0.56257232069715
32,48,-1,-0.846820746740049
32,49,-3,-1.4329034132493
32,50,-3,0.0312972335411713
32,51,2,1.04355795541801
32,52,4,0.652168683492104
32,53,-4,-0.34760679287663
32,54,-1,-1.30013268096279
32,55,1,0.151814108944827
32,56,-3,0.0154994198049734
32,57,-1,0.883869142355114
32,58,-2,0.985620153165297
32,59,1,0.511819021972499
32,60,3,0.864463447321272
32,61,-2,0.465069260576208
32,62,4,-0.288073189534175
32,63,-1,-0.465645005269953
32,64,-4,-1.31572293335792
32,65,1,0.0487886626507105
32,66,0,0.77247389296781
32,67,1,-0.134472151104936
32,68,3,0.222991849527181
32,69,-2,-0.629585729416967
32,70,1,-0.463548570832084
32,71,-3,-0.296799147794
32,72,2,0.677668389293225
32,73,-2,0.10590417811145
32,74,0,0.946322155003319
32,75,-1,-0.284632126662035
32,76,-1,0.976110424973771
32,77,0,0.71257350590018
32,78,-1,1.16449590179939
32,79,1,0.774910185383114
32,80,-1,0.631465339073181
32,81,-3,0.978236356826024
32,82,2,0.959237873281624
32,83,2,0.846648171085004
32,84,0,0.150937880511649
32,85,4,-0.148662257487561
32,86,3,-0.531928810644935
32,87,-4,-2.20876407924201
32,88,-1,-1.02636178077816
32,89,-1,-0.402138977967173
32,90,1,0.0898868346342161
32,91,-4,0.55364682916769
32,92,0,1.0051421339848
32,93,0,0.434657981037547
32,94,-1,0.784945699291848
32,95,2,0.664969959693461
32,96,1,0.722517791633113
32,97,-2,0.410836190547534
32,98,-2,0.24326252749302
32,99,2,0.697213631393485
32,100,1,0.448093862282468
32,101,-4,0.32309849989858
32,102,1,0.512129429915163
32,103,3,0.539151937592991
32,104,-2,-0.130090467671482
32,105,-1,-0.463548570832084
32,106,1,0.147543135926052
32,107,2,0.259708385456845
32,108,2,0.110803736069413
32,109,2,-0.132113552922142
32,110,-3,-1.1513142065636
32,111,-2,-0.120598330630512
32,112,-1,0.296209543611967
32,113,0,0.808104445440344
32,114,0,0.562615421553947
32,115,-1,0.865962637943047
32,116,0,0.677253313990696
32,117,1,0.803625958460112
32,118,0,0.68151866425888
32,119,-2,0.445205794099811
32,120,0,0.739473707687974
32,121,-2,0.694758229663913
32,122,2,1.11026283177072
32,123,-2,0.506908265892968
32,124,1,1.10279343000624
32,125,0,0.132804379899245
32,126,-1,0.580870878082212
32,127,-1,0.30410001635418
32,128,3,0.90705299349308
32,129,0,0.133871254042108
32,130,0,-0.173867613576338
32,131,3,-0.151112036466542
32,132,-2,-0.317610961565108
32,133,-1,-0.365891699439666
32,134,0,0.20399336598278
32,135,-3,0.0177472601934746
32,136,1,1.10694806985974
32,137,2,0.989885503433481
32,138,1,-0.0401049366340261
32,139,0,-0.13542831483312
32,140,0,0.00568308566310316
32,141,0,-0.0932654623896325
32,142,0,0.248600374654658
32,143,0,0.49280934030653
32,144,0,0.329617313305856
32,145,1,0.580547030955484
32,146,0,0.408386411568553
32,147,1,0.445205794099811
32,148,0,0.135254158878226
32,149,-3,0.288734519096894
32,150,0,0.736158945776997
32,151,0,0.830099466519585
32,152,1,0.765941592996857
32,153,0,0.408386411568553
32,154,-1,0.708418866046675
32,155,-1,0.479575397652089
32,156,2,0.731577612195171
32,157,0,0.556961591078667
32,158,2,0.582996809934466
32,159,0,-0.222301022550078
32,160,-1,0.0846596978872577
32,161,-2,0.0309677636638526
32,162,1,0.747266956579184
32,163,-2,0.525796039022689
32,164,2,1.062659285564
32,165,0,0.0705839862019669
32,166,0,0.602000916229457
32,167,-1,-0.0534551650741241
32,168,-1,0.615240481634489
32,169,0,0.71257350590018
32,170,-1,0.989020520501484
32,171,2,0.774910185383114
32,172,0,0.459304719686249
32,173,1,0.67073450058342
32,174,0,-0.137878093812101
32,175,-2,0.220000934742931
32,176,-1,0.476260635741111
32,177,-1,0.866918849050844
32,178,2,0.822513731589833
32,179,5,0.644699281727622
32,180,-4,0.241990333071581
32,181,1,-1.73061305047225
32,182,-1,-0.641114763817271
32,183,-1,-0.0673330901354278
32,184,2,0.176228181262989
32,185,0,0.588249051670894
32,186,1,-0.508459751313002
32,187,-2,-0.0501404031631464
32,188,-1,0.0576925381927656
32,189,0,0.574782490065525
32,190,1,0.832549245498567
32,191,0,0.342851255960297
32,192,-1,0.62068117539772
32,193,0,0.567313088301043
32,194,2,0.55941699280824
32,195,-1,0.421620354222994
32,196,-1,0.48202517663107
32,197,-3,0.429522072466389
32,198,1,1.19255982865644
32,199,5,0.91206699352799
32,200,-1,0.289593879278299
32,201,1,-2.22489237359234
32,202,-2,-0.715191818083463
32,203,-1,0.192565219900458
32,204,3,0.311569418118662
32,205,-3,0.403805077986727
32,206,0,-0.748842316663012
32,207,2,0.342649364749431
32,208,-1,-0.378947724811877
32,209,-2,0.218812104684206
32,210,0,0.777158073151229
32,211,1,0.309559772052065
32,212,-1,0.506043282960971
32,213,0,0.705104104135697
32,214,2,0.367301678769111
32,215,0,0.352886769869031
32,216,3,0.222126866595184
32,217,0,-0.394461641937009
32,218,0,-0.7599424162725
32,219,0,-0.414325108413406
32,220,-2,0.111133205946731
32,221,0,0.410725480132855
32,222,1,0.85122950466683
32,223,-1,0.179659228959623
32,224,0,0.617366413486743
32,225,-1,0.618231396418739
32,226,-1,0.869368628029825
32,227,-1,0.800311196549134
32,228,0,1.24891883053737
32,229,3,0.989020520501484
32,230,-1,0.424935116133972
32,231,0,-0.187101556230779
32,232,-1,-0.0157707996108694
32,233,1,0.55642607802399
32,234,1,0.280514576477363
32,235,2,0.633915118052162
32,236,-2,-0.674107132663635
32,237,-1,0.312319958973711
32,238,0,0.232916653021235
32,239,0,0.588340279846694
32,240,0,0.678203902347903
32,241,1,0.756022412253393
32,242,0,0.245194384567879
32,243,0,0.445205794099811
32,244,1,0.307414778265157
32,245,-1,0.251915136565635
32,246,0,0.529628722837788
32,247,1,0.44275601512083
32,248,-1,0.525047389255962
32,249,1,0.529628722837788
32,250,-2,0.358333086382854
32,251,-1,0.906188010561083
32,252,0,0.66252018071448
32,253,1,0.920286936147521
32,254,1,0.593780973609926
32,255,0,0.448520556010789
32,256,1,0.259811232058439
32,257,0,-0.0212171161246916
32,258,2,0.200996828447939
32,259,1,-0.12464415115766
32,260,-2,-0.0187673371457104
32,261,2,0.155524836844065
32,262,-1,-0.0791665368031947
32,263,-1,0.42321077302057
32,264,6,0.25404669116848
32,265,-2,0.0841417759831359
32,266,-2,-2.27561502663279
32,267,1,-0.355505082052315
32,268,4,-0.149818539047954
32,269,-1,-0.236832264615428
32,270,-1,-1.12936054178295
32,271,-1,-1.44012460551637
32,272,-5,0.44755834922779
32,273,1,0.485613584192268
32,274,1,1.4459625391862
32,275,-2,-0.118874034896723
32,276,2,0.604132470832301
32,277,2,0.515993191444496
32,278,3,0.265057787187072
32,279,-1,-0.840619496946264
32,280,-4,-0.958570920968314
32,281,-1,0.0967160559841567
32,282,2,0.922315644148772
32,283,-2,0.13055649213113
32,284,1,0.764126021707654
32,285,0,-0.0181042928041938
32,286,0,0.493133187433258
32,287,4,0.131939396967248
32,288,4,0.0830692790896819
32,289,-9,-2.05901355623684
32,290,-1,-0.746947726056395
32,291,-2,0.252364671270493
32,292,0,0.356505896667858
32,293,1,0.773410994761339
32,294,0,0.718368727150585
32,295,2,1.13311024019159
32,296,1,0.138568920789204
32,297,2,-0.0187673371457104
32,298,2,-0.53311764070366
32,299,-2,-0.620531484225886
32,300,0,-0.22402536566348
32,301,-4,-0.0957152413686137
32,302,0,0.802974112240164
32,303,0,0.946436597080267
32,304,-2,0.778224947294092
32,305,4,0.673938552079718
32,306,3,0.685698409101855
32,307,2,-1.44721389524793
32,308,2,-1.88385011580184
32,309,2,-1.30426315831447
32,310,-2,-1.40108577451495
32,311,-8,-0.468234331315352
32,312,1,0.441042870128997
32,313,0,0.773971192501263
32,314,-1,0.291932947842601
32,315,1,0.404121061300369
32,316,-1,0.838228180963316
32,317,1,1.88512570224148
32,318,3,0.270595395733899
32,319,1,0.133122604275382
32,320,-3,-0.980030428992878
32,321,1,0.0735573098356609
32,322,-1,-0.0158736462124627
32,323,-2,0.470814319227288
32,324,3,0.699339563245738
32,325,-1,0.212762260841053
32,326,-1,-0.0894446848383609
32,327,2,0.156389819776062
32,328,0,0.350760838016778
32,329,5,0.319783737987602
32,330,5,-0.394461641937009
32,331,3,-3.2042748661052
32,332,0,-4.01834721619861
32,333,-1,-2.59501750473289
32,334,0,-1.53866365363755
32,335,3,-0.192214010442368
32,336,-1,-0.929734517060359
32,337,-11,-1.27855811747825
32,338,-3,0.86950694302209
32,339,6,1.88287128688623
32,340,9,0.480008064105173
32,341,3,-2.87320505162059
32,342,-4,-6.680206619795
32,343,4,-0.99802396925414
32,344,-2,-2.06089656612463
32,345,-9,-1.4945130765668
32,346,-7,-0.209715591807102
32,347,1,0.994502672442507
32,348,2,-0.237162146294539
32,349,-2,-1.98365598730595
32,350,0,0.417903606219379
32,351,0,2.11561346721764
32,352,-1,1.26477258802604
32,353,1,0.577232269044507
32,354,1,0.719203029722135
32,355,-2,0.295247709753579
32,356,2,0.516394780183347
32,357,0,0.165042428848678
32,358,0,0.338787844282593
32,359,1,-0.0534551650741241
32,360,1,0.270919242860627
32,361,0,0.0975697934149712
33,1,1,0.309577039253093
33,2,2,0.531843614340523
33,3,-2,-0.371155117020658
33,4,3,0.416538435495288
33,5,-2,-0.260432720957911
33,6,1,-0.242256567880212
33,7,-1,-0.282414711935849
33,8,2,0.633716076173247
33,9,-4,-0.380886902770481
33,10,2,1.18797326364269
33,11,0,-0.444375530191753
33,12,2,0.344497025225136
33,13,0,-0.236312869095222
33,14,2,0.340212546587828
33,15,-1,-0.897222870922877
33,16,-2,0.138221615171887
33,17,-1,-0.110700915151598
33,18,-1,0.947445458611087
33,19,0,0.659254886236935
33,20,1,1.13587146898928
33,21,0,0.565079597654419
33,22,0,0.493768361813047
33,23,0,0.249808178859361
33,24,0,0.338506199281377
33,25,1,0.345453368331723
33,26,4,0.273362167242502
33,27,1,-0.186255964680229
33,28,1,-1.73230505061591
33,29,-1,-1.07112646528696
33,30,1,-0.295407158502252
33,31,1,-0.336040859051398
33,32,1,0.229345879590336
33,33,-3,-0.933807029781982
33,34,-7,0.509141726672602
33,35,2,1.51108518499632
33,36,0,1.12760843225952
33,37,1,0.653315002982024
33,38,-1,0.678866236660519
33,39,3,0.910460899091446
33,40,3,0.469624831404032
33,41,-1,-0.86984753678113
33,42,-3,-1.49192976700423
33,43,-3,0.0212213607652302
33,44,2,1.03467357814326
33,45,4,0.610645538063484
33,46,-4,-0.18967627569281
33,47,-1,-1.15976329454777
33,48,1,0.0951231515522677
33,49,-3,0.108490145247451
33,50,-1,1.10061079420927
33,51,-2,0.916114545110685
33,52,1,0.364816206323453
33,53,3,1.02072032335448
33,54,-2,0.464500658852801
33,55,4,-0.223036848953447
33,56,-1,-0.53879933210038
33,57,-4,-1.23495235497367
33,58,1,0.0324032176338157
33,59,0,0.872075912810214
33,60,1,-0.220025545791872
33,61,3,0.479587786476683
33,62,-2,-0.722156448083591
33,63,1,-0.602374030394353
33,64,-3,-0.394616929921939
33,65,2,0.686537767516634
33,66,-2,0.152220195663944
33,67,0,0.861069439794137
33,68,-1,-0.186284562720772
33,69,-1,0.956098974967883
33,70,0,0.746874637265924
33,71,-1,1.03061642005354
33,72,1,0.70926199983286
33,73,-1,0.595745066037138
33,74,-3,0.837279004994391
33,75,2,0.879825391756712
33,76,2,0.779472621632901
33,77,0,0.129795419362677
33,78,4,0.000936591224723338
33,79,3,-0.532808506156622
33,80,-4,-2.16017944476289
33,81,-1,-1.20193075080827
33,82,-1,-0.364886611867282
33,83,1,0.0833019450252311
33,84,-4,0.80359247349559
33,85,0,0.896989306299596
33,86,0,0.343616326469373
33,87,-1,0.7082335212589
33,88,2,0.902136799797593
33,89,1,0.608067406732626
33,90,-2,0.286300162236606
33,91,-2,0.172578252541602
33,92,2,0.645524859085477
33,93,1,0.372676181053557
33,94,-4,0.39155521117235
33,95,1,0.512832895659598
33,96,3,0.511958450296074
33,97,-2,-0.188918655093266
33,98,-1,-0.209142510852756
33,99,1,0.030051254980765
33,100,2,0.298158735967904
33,101,2,0.178096185652152
33,102,2,-0.1528556704171
33,103,-3,-1.25455571673754
33,104,-2,-0.182968494099557
33,105,-1,0.225790423512029
33,106,0,0.76472403694098
33,107,0,0.692418734083459
33,108,-1,0.918200100299146
33,109,0,0.613616810360498
33,110,1,0.660889098076013
33,111,0,0.551728778384972
33,112,-2,0.402407650977993
33,113,0,0.576712002707909
33,114,-2,0.603934815429743
33,115,2,0.95072380332274
33,116,-2,0.571954631237392
33,117,1,0.959377319679536
33,118,0,0.178673320876727
33,119,-1,0.568572044134372
33,120,-1,0.335793718049272
33,121,3,0.817393840949942
33,122,0,-0.0014999305105069
33,123,0,-0.18287604123751
33,124,3,-0.208617163540178
33,125,-2,-0.25710458542719
33,126,-1,-0.506728840921991
33,127,0,0.0305947738120084
33,128,-3,0.0176143941551126
33,129,1,1.1280700533477
33,130,2,0.952534393020558
33,131,1,-0.18843369535055
33,132,0,0.0244905796078644
33,133,0,-0.0768591985725828
33,134,0,-0.129529002581545
33,135,0,0.15578477761127
33,136,0,0.345453368331723
33,137,0,0.169135596880717
33,138,1,0.436814079166776
33,139,0,0.273362167242502
33,140,1,0.304099771092594
33,141,0,-0.00500444389996707
33,142,-3,0.205791891207194
33,143,0,0.557442492962076
33,144,0,0.736649123503926
33,145,1,0.623819979474192
33,146,0,0.5682858068987
33,147,-1,0.578181903597755
33,148,-1,0.321899379948581
33,149,2,0.634672419279835
33,150,0,0.429630463699827
33,151,2,0.548059954046279
33,152,0,-0.257154376246258
33,153,-1,0.0661304140826663
33,154,-2,-0.139188652863996
33,155,1,0.69981645131871
33,156,-2,0.366757490577171
33,157,2,1.00767808596901
33,158,0,0.117270248643917
33,159,0,0.534165615945589
33,160,-1,-0.0146640941824177
33,161,-1,0.58637165299036
33,162,0,0.550258877495126
33,163,-1,0.847894998383429
33,164,2,0.70926199983286
33,165,0,0.432293154112864
33,166,1,0.541112784995934
33,167,0,-0.185063175157037
33,168,-2,0.198844722156849
33,169,-1,0.302629870202748
33,170,-1,0.767386727354017
33,171,2,0.65230771718659
33,172,5,0.717606934305679
33,173,-4,0.240425639943564
33,174,1,-1.73467950670035
33,175,-1,-0.692868705108857
33,176,-1,0.0716574730622342
33,177,2,0.391041653389092
33,178,0,0.520447655703637
33,179,1,-0.614014685933012
33,180,-2,-0.0937024643219834
33,181,-1,0.0238076356626542
33,182,0,0.40460657442684
33,183,1,0.74958711849803
33,184,0,0.389305345034657
33,185,-1,0.5851290726481
33,186,0,0.413260090783635
33,187,2,0.47122050735556
33,188,-1,0.296916155625644
33,189,-1,0.433145254828084
33,190,-3,0.267607787715349
33,191,1,1.14163497438545
33,192,5,0.865458160822812
33,193,-1,0.281779237182693
33,194,1,-2.01773135384596
33,195,-2,-0.8099823277759
33,196,-1,0.326470095821562
33,197,3,0.228832321807077
33,198,-3,0.350592093560261
33,199,0,-0.756287065558579
33,200,2,0.280886471517424
33,201,-1,-0.317226972703189
33,202,-2,0.355678882093721
33,203,0,0.61378112130973
33,204,1,0.248636582114695
33,205,-1,0.467315236600263
33,206,0,0.75552815362272
33,207,2,0.206204715482538
33,208,0,0.289968986575298
33,209,3,0.178332632068756
33,210,0,-0.518914168055931
33,211,0,-0.756166292036176
33,212,0,-0.581007175930739
33,213,-2,0.141890439510579
33,214,0,0.221957288224104
33,215,1,0.702242695315142
33,216,-1,0.016371813812853
33,217,0,0.664167442787666
33,218,-1,0.473883197768598
33,219,-1,0.780324722348121
33,220,-1,0.739927468215579
33,221,0,1.10270762114276
33,222,3,0.946202878268828
33,223,-1,0.414493545256876
33,224,0,-0.206430029620651
33,225,-1,-0.174210735351395
33,226,1,0.583708962577323
33,227,1,0.230302222696923
33,228,2,0.510375181145843
33,229,-2,-0.738219748585144
33,230,-1,0.212975506674144
33,231,0,0.119292794234025
33,232,0,0.559918527777577
33,233,0,0.729075028409937
33,234,1,0.717843380722283
33,235,0,0.0970443957914967
33,236,0,0.304099771092594
33,237,1,0.158447468024307
33,238,-1,0.175054287357103
33,239,0,0.376190972181814
33,240,1,0.29116177609849
33,241,-1,0.453420898499573
33,242,1,0.474498852067213
33,243,-2,0.21907057500927
33,244,-1,0.811062326198212
33,245,0,0.594275165147292
33,246,1,0.840947829333083
33,247,1,0.656983827320716
33,248,0,0.421677160723826
33,249,1,0.117093870785178
33,250,0,-0.103312323785366
33,251,2,0.114431180372141
33,252,1,-0.259817066659295
33,253,-2,-0.0903743287912624
33,254,2,-0.0170903381788505
33,255,-1,-0.0996434994466737
33,256,-1,0.332174684529648
33,257,6,0.281502125816039
33,258,-2,0.0759664422238562
33,259,-2,-2.23150162491044
33,260,1,-0.451384556970673
33,261,4,0.0509923437699372
33,262,-1,-0.16807714794223
33,263,-1,-1.02606404532646
33,264,-1,-1.63446501505023
33,265,-5,0.526754679931053
33,266,1,0.394137773864497
33,267,1,1.40496890947634
33,268,-2,-0.194352385826936
33,269,2,0.935537094060722
33,270,2,0.455467934613994
33,271,3,0.217026397174703
33,272,-1,-0.770448446103606
33,273,-4,-0.966726180726733
33,274,-1,0.00889902006974214
33,275,2,0.931844773203947
33,276,-2,0.0775384396290588
33,277,1,0.993569646100019
33,278,0,-0.0895486802405752
33,279,0,0.477211333299319
33,280,4,0.172341806124998
33,281,4,0.0308718851786622
33,282,-9,-2.1398814564431
33,283,-1,-0.932885764800577
33,284,-2,0.287996799647223
33,285,0,0.416124459350166
33,286,1,1.49993738208599
33,287,0,0.669247608927676
33,288,2,1.20827448275439
33,289,1,0.0142650658458662
33,290,2,-0.0903743287912624
33,291,2,-0.670897985875947
33,292,-2,-0.630500731743405
33,293,0,-0.339473236973486
33,294,-4,-0.142466997575649
33,295,0,0.721972674279377
33,296,0,0.981565649564199
33,297,-2,0.630223629693294
33,298,4,0.889270940270862
33,299,3,0.577329802882535
33,300,2,-1.50247565217952
33,301,2,-1.80330504091301
33,302,2,-1.20112829212903
33,303,-2,-1.37261806611149
33,304,-8,-0.529141827693939
33,305,1,0.270752140125313
33,306,0,0.69874909696541
33,307,-1,0.328682238049694
33,308,1,1.02340535841582
33,309,-1,0.770975799825657
33,310,1,1.78994453365558
33,311,3,0.226017744059615
33,312,1,0.0851634774118951
33,313,-3,-0.994421886281776
33,314,1,-0.0475914956123372
33,315,-1,0.00685412983133049
33,316,-2,0.373528281768777
33,317,3,0.821628528768182
33,318,-1,0.130670858732432
33,319,-1,-0.110784840148289
33,320,2,0.185856936343677
33,321,0,0.408788956548791
33,322,5,0.273977821541118
33,323,5,-0.420606288170532
33,324,3,-3.15239027211364
33,325,0,-4.08633273598823
33,326,-1,-2.44292298740472
33,327,0,-1.45085527822468
33,328,3,-0.182198806590507
33,329,-1,-1.11997110711298
33,330,-11,-1.36850466959994
33,331,-3,0.586462420900759
33,332,6,1.86852926489914
33,333,9,0.44719362613921
33,334,3,-1.79160025317265
33,335,-4,-6.34118741232608
33,336,4,-0.73988036857797
33,337,-2,-1.50274297110979
33,338,-9,-1.43694328638962
33,339,-7,-0.15939956633013
33,340,1,0.884556311956954
33,341,2,-0.22733693392277
33,342,-2,-1.1866496526885
33,343,0,0.927288785579589
33,344,0,2.1059602569043
33,345,-1,1.27874443245187
33,346,1,0.614160329191741
33,347,1,0.588797896986793
33,348,-2,0.15133598802473
33,349,2,0.450944863684072
33,350,0,0.0900250912737792
33,351,0,0.260083483440427
33,352,1,-0.0146640941824177
33,353,1,0.259467829141812
33,354,0,-0.042073562501788
33,355,-2,0.0257331599501244
33,356,1,0.119364929701397
33,357,-1,0.349122192670415
33,358,1,0.654557583324283
33,359,3,0.324325623945014
33,360,-4,0.176524188246949
33,361,1,-0.177162326660405
34,1,1,-0.230678992675758
34,2,-1,-0.270791111126792
34,3,2,0.657212457784109
34,4,-4,-0.386727414948181
34,5,2,1.2027969535204
34,6,0,-0.466021693924275
34,7,2,0.368326957720834
34,8,0,-0.221871540632612
34,9,2,0.371457300684686
34,10,-1,-0.897633599950804
34,11,-2,0.157076368968689
34,12,-1,-0.122698402572349
34,13,-1,0.96196921593736
34,14,0,0.64868276251488
34,15,1,1.15285483722828
34,16,0,0.570588162105202
34,17,0,0.513883040579971
34,18,0,0.269878175055914
34,19,0,0.356958005063059
34,20,1,0.36054803712546
34,21,4,0.293528353741265
34,22,1,-0.159767066802004
34,23,1,-1.71414384014121
34,24,-1,-1.04859861560798
34,25,1,-0.278118938684565
34,26,1,-0.325677331916384
34,27,1,0.248952540040327
34,28,-3,-0.971410862845751
34,29,-7,0.523291959504812
34,30,2,1.50559367794072
34,31,0,1.14137780128739
34,32,1,0.667677733133032
34,33,-1,0.700120084239365
34,34,3,0.945333447910555
34,35,3,0.483296477627241
34,36,-1,-0.843587992634528
34,37,-3,-1.49861036928632
34,38,-3,0.0352822284566978
34,39,2,1.03647378428464
34,40,4,0.621935290579866
34,41,-4,-0.199583743922947
34,42,-1,-1.18714556567199
34,43,1,0.115329757772012
34,44,-3,0.126292911135699
34,45,-1,1.0977826640895
34,46,-2,0.918254735858749
34,47,1,0.323720569971074
34,48,3,1.03348041954777
34,49,-2,0.497294057530329
34,50,4,-0.210058178498451
34,51,-1,-0.509400779115784
34,52,-4,-1.22193443535413
34,53,1,0.0295822100833516
34,54,0,0.896460662393537
34,55,1,-0.249249934320671
34,56,3,0.498619235021515
34,57,-2,-0.740559816569205
34,58,1,-0.592439062756843
34,59,-3,-0.375361412347393
34,60,2,0.697451619519103
34,61,-2,0.162784983402982
34,62,0,0.881157176685217
34,63,-1,-0.212912730313657
34,64,-1,0.980058543621388
34,65,0,0.754003838409335
34,66,-1,1.05187456807008
34,67,1,0.704627528873593
34,68,-1,0.616374439578543
34,69,-3,0.855582964038107
34,70,2,0.887583516079177
34,71,2,0.80235563652186
34,72,0,0.151257482106248
34,73,4,0.0204673267908033
34,74,3,-0.498031826458008
34,75,-4,-2.13989422909845
34,76,-1,-1.19941030736408
34,77,-1,-0.368782170318435
34,78,1,0.0715214040648906
34,79,-4,0.81161460286869
34,80,0,0.858230148681886
34,81,0,0.321488765114048
34,82,-1,0.729028482232798
34,83,2,0.910928873926248
34,84,1,0.639564929165345
34,85,-2,0.308487338461441
34,86,-2,0.185182068109077
34,87,2,0.660048765115668
34,88,1,0.389299377713584
34,89,-4,0.40946760761964
34,90,1,0.50561138117186
34,91,3,0.534700592312452
34,92,-2,-0.166487441828257
34,93,-1,-0.202878114373649
34,94,1,0.0352780736863869
34,95,2,0.317483353264895
34,96,2,0.192702952843334
34,97,2,-0.123882447066241
34,98,-3,-1.26313562029757
34,99,-2,-0.171624603502206
34,100,-1,0.232033521587216
34,101,0,0.774368805870565
34,102,0,0.682643348288884
34,103,-1,0.922598492651992
34,104,0,0.613957666804047
34,105,1,0.679804090900338
34,106,0,0.571798625877606
34,107,-2,0.420082835546574
34,108,0,0.591517951891101
34,109,-2,0.620269292479224
34,110,2,0.960458086096988
34,111,-2,0.590800226931434
34,112,1,0.978547413781016
34,113,0,0.195079571076344
34,114,-1,0.593782806462315
34,115,-1,0.344077922564912
34,116,3,0.83703394725553
34,117,0,0.0018131767821068
34,118,0,-0.166347853190151
34,119,3,-0.18927213212097
34,120,-2,-0.22648192934792
34,121,-1,-0.501769200687297
34,122,0,0.0436686015835921
34,123,-3,-0.000298775154109254
34,124,1,1.12845803863938
34,125,2,0.973485932028106
34,126,1,-0.199278923084667
34,127,0,0.0441175054761538
34,128,0,-0.0498375678175131
34,129,0,-0.112502709202478
34,130,0,0.169357594996264
34,131,0,0.36054803712546
34,132,0,0.16814713122386
34,133,1,0.454348242158858
34,134,0,0.293528353741265
34,135,1,0.322692598450775
34,136,0,0.0152580816049235
34,137,-3,0.225302361354976
34,138,0,0.564737430241898
34,139,0,0.751924936187307
34,140,1,0.638818309261801
34,141,0,0.58569906502866
34,142,-1,0.604093213550968
34,143,-1,0.33689785844011
34,144,2,0.649433537188735
34,145,0,0.448834176134697
34,146,2,0.566697463974833
34,147,0,-0.232641636819815
34,148,-1,0.0900566855844932
34,149,-2,-0.128972823763027
34,150,1,0.712863188510529
34,151,-2,0.361308392291978
34,152,2,1.0199928845181
34,153,0,0.120129048893493
34,154,0,0.559517399850031
34,155,-1,-0.00121203295562555
34,156,-1,0.607988066451649
34,157,0,0.559223364217738
34,158,-1,0.864274158003282
34,159,2,0.704627528873593
34,160,0,0.45555455116095
34,161,1,0.563107431912432
34,162,0,-0.16562195343562
34,163,-2,0.221712329292576
34,164,-1,0.310117336790908
34,165,-1,0.781089180896817
34,166,2,0.645092730452479
34,167,5,0.737414855359692
34,168,-4,0.271838208788848
34,169,1,-1.73016954522537
34,170,-1,-0.672180701266311
34,171,-1,0.0872311634589213
34,172,2,0.389113425364398
34,173,0,0.53424385327089
34,174,1,-0.671907184798555
34,175,-2,-0.0718217484022219
34,176,-1,0.0384441879490579
34,177,0,0.412608735789479
34,178,1,0.766883920907483
34,179,0,0.386577784100808
34,180,-1,0.607683245613369
34,181,0,0.430698063473507
34,182,2,0.488613648771142
34,183,-1,0.317178532426615
34,184,-1,0.449247080256084
34,185,-3,0.284083435045248
34,186,1,1.15195334906446
34,187,5,0.876555384030857
34,188,-1,0.309693647463533
34,189,1,-2.02577957508521
34,190,-2,-0.782156985227965
34,191,-1,0.341851256909912
34,192,3,0.228598357785085
34,193,-3,0.378224460688101
34,194,0,-0.825102599614961
34,195,2,0.299495004036676
34,196,-1,-0.29229968697269
34,197,-2,0.362626939347488
34,198,0,0.632503733529637
34,199,1,0.228747105649772
34,200,-1,0.481588452906609
34,201,0,0.772093166093363
34,202,2,0.209132912862397
34,203,0,0.313588500364214
34,204,3,0.194626986805094
34,205,0,-0.490851762333207
34,206,0,-0.736788836613888
34,207,0,-0.568062984316961
34,208,-2,0.162177530871462
34,209,0,0.208386292958854
34,210,1,0.717659529575023
34,211,-1,-0.000603595992389128
34,212,0,0.678292961059966
34,213,-1,0.495334023797394
34,214,-1,0.796048165616994
34,215,-1,0.750413806346934
34,216,0,1.11889425145427
34,217,3,0.96166439509908
34,218,-1,0.441349291171616
34,219,0,-0.189998031875501
34,220,-1,-0.155006725508686
34,221,1,0.601267691425396
34,222,1,0.241173619444953
34,223,2,0.533943187202921
34,224,-2,-0.752229435294949
34,225,-1,0.230816427379137
34,226,0,0.130748431590737
34,227,0,0.575693478778287
34,228,0,0.739798578420001
34,229,1,0.739338889321452
34,230,0,0.101127447839665
34,231,0,0.322692598450775
34,232,1,0.176077970022517
34,233,-1,0.196138116645466
34,234,0,0.38971228183497
34,235,1,0.307733613730599
34,236,-1,0.474408388781807
34,237,1,0.487102518930769
34,238,-2,0.240713930346403
34,239,-1,0.825212410326504
34,240,0,0.603799177918676
34,241,1,0.860684125940881
34,242,1,0.672778895035805
34,243,0,0.446863357195776
34,244,1,0.138222531347832
34,245,0,-0.0821321554908752
34,246,2,0.131502156321579
34,247,1,-0.239362011846068
34,248,-2,-0.0671731707706991
34,249,2,-0.00600837402011889
34,250,-1,-0.077030993588102
34,251,-1,0.345136468134033
34,252,6,0.29126349917005
34,253,-2,0.0884333176907027
34,254,-2,-2.23144443791671
34,255,1,-0.439131884278642
34,256,4,0.0583675848173797
34,257,-1,-0.155717345641055
34,258,-1,-1.01012317904763
34,259,-1,-1.70705269596482
34,260,-5,0.541732893004283
34,261,1,0.380747180696047
34,262,1,1.42126728654721
34,263,-2,-0.227269908506273
34,264,2,0.946813493662011
34,265,2,0.489360268674685
34,266,3,0.238351320986724
34,267,-1,-0.74698298562457
34,268,-4,-0.944909082402182
34,269,-1,0.0120917388698965
34,270,2,0.940289856190931
34,271,-2,0.0724228922287031
34,272,1,0.988107046195815
34,273,0,-0.0995120677558587
34,274,0,0.499982601428917
34,275,4,0.183258034147318
34,276,4,0.0620987498770751
34,277,-9,-2.13751466080845
34,278,-1,-0.940755772374302
34,279,-2,0.297426887020634
34,280,0,0.421152166321683
34,281,1,1.49724111543996
34,282,0,0.654787375468991
34,283,2,1.16204151023114
34,284,1,0.0420386032541256
34,285,2,-0.0671731707706991
34,286,2,-0.649287927690492
34,287,-2,-0.603653568420432
34,288,0,-0.328854459857398
34,289,-4,-0.127461693922655
34,290,0,0.707316072772182
34,291,0,0.98815088111599
34,292,-2,0.634017813426997
34,293,4,0.879347856442241
34,294,3,0.610400684455834
34,295,2,-1.47924307270371
34,296,2,-1.78194875361125
34,297,2,-1.16737417681792
34,298,-2,-1.35451489778616
34,299,-8,-0.520044901986594
34,300,1,0.2066938755797
34,301,0,0.670260669413879
34,302,-1,0.32194182377692
34,303,1,1.0174190543383
34,304,-1,0.791994289685733
34,305,1,1.7954798062596
34,306,3,0.244303962408804
34,307,1,0.114913173271936
34,308,-3,-0.977508490913825
34,309,1,-0.0332485847678701
34,310,-1,0.0242540964083776
34,311,-2,0.382991906808718
34,312,3,0.827743896819783
34,313,-1,0.125078292592984
34,314,-1,-0.0993281698059554
34,315,2,0.200593637100504
34,316,0,0.438064079947495
34,317,5,0.285296848874639
34,318,5,-0.393461525237408
34,319,3,-3.16394115303323
34,320,0,-4.06951043275354
34,321,-1,-2.42031090858299
34,322,0,-1.46179600741355
34,323,3,-0.175167850587444
34,324,-1,-1.17604620979776
34,325,-11,-1.42860268064889
34,326,-3,0.536701907036139
34,327,6,1.86621163087079
34,328,9,0.461115402162273
34,329,3,-1.7802408939465
34,330,-4,-6.34079081869824
34,331,4,-0.732981873949082
34,332,-2,-1.48703234950819
34,333,-9,-1.43631536707013
34,334,-7,-0.270887784603991
34,335,1,0.73928951086151
34,336,2,-0.269250272335213
34,337,-2,-1.18110395321261
34,338,0,0.901736631607714
34,339,0,2.12970174880069
34,340,-1,1.28966077428642
34,341,1,0.622348194701253
34,342,1,0.612784407516143
34,343,-2,0.153941871234526
34,344,2,0.463452340245419
34,345,0,0.114159448541094
34,346,0,0.278116784749838
34,347,1,-0.00121203295562555
34,348,1,0.286348289616463
34,349,0,-0.0257277000336134
34,350,-2,0.0444223263144339
34,351,1,0.114126398826907
34,352,-1,0.365649199028233
34,353,1,0.667982553971312
34,354,3,0.341694199504603
34,355,-4,0.208713378305334
34,356,1,-0.173409048825858
34,357,0,-0.0182499198978301
34,358,-1,0.214991954266323
34,359,1,0.445058191723111
34,360,1,0.702994580487139
34,361,-2,-0.22605944473387
35,1,0,-0.588836430530613
35,2,2,0.409102868528434
35,3,0,-0.367143334111051
35,4,2,0.479141413640114
35,5,-1,-1.02533419823397
35,6,-2,0.176038047791932
35,7,-1,-0.191381907225356
35,8,-1,0.993098950279627
35,9,0,0.589208304035338
35,10,1,1.16272935373238
35,11,0,0.584792934446293
35,12,0,0.520374259788965
35,13,0,0.274141816585847
35,14,0,0.35401792171091
35,15,1,0.323748575900495
35,16,4,0.267916028469693
35,17,1,-0.0396027069675347
35,18,1,-1.77007356388616
35,19,-1,-1.10909028639553
35,20,1,-0.279215658453427
35,21,1,-0.456897632438737
35,22,1,0.215751250014659
35,23,-3,-1.08535265806594
35,24,-7,0.579158529961226
35,25,2,1.56994286285748
35,26,0,1.09660046679831
35,27,1,0.61669205275534
35,28,-1,0.674688915725456
35,29,3,1.14559606235632
35,30,3,0.555134553563936
35,31,-1,-0.714627409510418
35,32,-3,-1.58536374346202
35,33,-3,0.0866936435549889
35,34,2,1.02778366567909
35,35,4,0.507898240857089
35,36,-4,-0.0963471014248078
35,37,-1,-1.15589194295964
35,38,1,0.171629789882287
35,39,-3,0.0920598369007891
35,40,-1,1.00560653724376
35,41,-2,0.993367161418893
35,42,1,0.343496092621082
35,43,3,0.969377735218601
35,44,-2,0.697606533094665
35,45,4,-0.202737558142442
35,46,-1,-0.360257510492409
35,47,-4,-1.22909630411136
35,48,1,-0.0584272973809348
35,49,0,0.966763705346394
35,50,1,-0.390328953493915
35,51,3,0.456167799192367
35,52,-2,-0.552458536855952
35,53,1,-0.620780084226922
35,54,-3,-0.424070267487935
35,55,2,0.738910740211353
35,56,-2,0.0194794631383937
35,57,0,0.969079835284934
35,58,-1,-0.323210576744725
35,59,-1,1.08795309639841
35,60,0,0.690373924143219
35,61,-1,1.10362274092688
35,62,1,0.696458029307896
35,63,-1,0.608978175092031
35,64,-3,0.895373521197486
35,65,2,0.902346909926918
35,66,2,0.807727541330576
35,67,0,0.0869844318092561
35,68,4,-0.0107094428939153
35,69,3,-0.305172563674886
35,70,-4,-2.07469657366047
35,71,-1,-1.2561617894409
35,72,-1,-0.37784770212049
35,73,1,-0.00758613928096713
35,74,-4,0.68742220140176
35,75,0,0.968057859685954
35,76,0,0.290307250203605
35,77,-1,0.762560594304542
35,78,2,0.856730262221274
35,79,1,0.703060277897972
35,80,-2,0.292731629476801
35,81,-2,0.173889922742289
35,82,2,0.710427370228477
35,83,1,0.316750744471494
35,84,-4,0.351838242282298
35,85,1,0.552825164265844
35,86,3,0.567720886243611
35,87,-2,-0.079371906268799
35,88,-1,-0.263276249763273
35,89,1,0.104779624272363
35,90,2,0.301081099943029
35,91,2,0.0691106651526103
35,92,2,-0.131874391246368
35,93,-3,-1.32054304039037
35,94,-2,-0.170446289254744
35,95,-1,0.194634972362287
35,96,0,0.753808341426971
35,97,0,0.592482369410033
35,98,-1,0.969292049345662
35,99,0,0.646851269993248
35,100,1,0.695080068333248
35,101,0,0.556813396636997
35,102,-2,0.400728955362637
35,103,0,0.625097520300106
35,104,-2,0.618099688871106
35,105,2,0.963601647782058
35,106,-2,0.535271861004583
35,107,1,1.05845579390085
35,108,0,0.132954976527106
35,109,-1,0.66078905653486
35,110,-1,0.269435672395818
35,111,3,0.900827266000793
35,112,0,0.0930440942743646
35,113,0,-0.184919788564334
35,114,3,-0.214276961132848
35,115,-2,-0.0560443948088459
35,116,-1,-0.571173324912274
35,117,0,0.0162613948422363
35,118,-3,-0.00516980309205756
35,119,1,1.07854080801836
35,120,2,0.992705246678554
35,121,1,-0.232434093692447
35,122,0,-0.0169352310100691
35,123,0,0.0031182150751885
35,124,0,-0.143900709498634
35,125,0,0.114727312858254
35,126,0,0.323748575900495
35,127,0,0.14270685066755
35,128,1,0.443393880326823
35,129,0,0.267916028469693
35,130,1,0.311352996746725
35,131,0,-0.0209813396976107
35,132,-3,0.221977038130812
35,133,0,0.56128476330458
35,134,0,0.750140572451203
35,135,1,0.612645944067798
35,136,0,0.53604390431743
35,137,-1,0.670288910025708
35,138,-1,0.329974364016649
35,139,2,0.661536657148138
35,140,0,0.393731123933637
35,141,2,0.557585439949843
35,142,0,-0.276335296679804
35,143,-1,0.12020550036113
35,144,-2,-0.198213613003311
35,145,1,0.747638550389355
35,146,-2,0.280917525285264
35,147,2,1.0405820272442
35,148,0,0.0653327676043354
35,149,0,0.618124131570674
35,150,-1,-0.0752942432022881
35,151,-1,0.679410423804783
35,152,0,0.511622006911394
35,153,-1,0.864332132074224
35,154,2,0.696458029307896
35,155,0,0.433500323234901
35,156,1,0.587854785760259
35,157,0,-0.220502749249002
35,158,-2,0.252246383941228
35,159,-1,0.266161607021123
35,160,-1,0.793577540728235
35,161,2,0.619477649845754
35,162,5,0.69212834559179
35,163,-4,0.44592034508824
35,164,1,-1.71506563823975
35,165,-1,-0.707513890851932
35,166,-1,0.0895578148389406
35,167,2,0.340937864355084
35,168,0,0.601894657790091
35,169,1,-0.764807983113573
35,170,-2,-0.100857444822674
35,171,-1,0.090562453168285
35,172,0,0.354765522324188
35,173,1,0.774956173458312
35,174,0,0.315232979783221
35,175,-1,0.640019564215293
35,176,0,0.449619668442977
35,177,2,0.486058805291008
35,178,-1,0.261690240353539
35,179,-1,0.444165923639669
35,180,-3,0.29276318385577
35,181,1,1.21201377041379
35,182,5,0.803021397140546
35,183,-1,0.45831592424201
35,184,1,-2.07453693807128
35,185,-2,-0.774969974123657
35,186,-1,0.384680971122398
35,187,3,0.204850872087445
35,188,-3,0.54364577417038
35,189,0,-0.891503697440449
35,190,2,0.301490994033772
35,191,-1,-0.279786661128744
35,192,-2,0.26398192759251
35,193,0,0.707531644565556
35,194,1,0.216247039103953
35,195,-1,0.406898746400253
35,196,0,0.785228070262007
35,197,2,0.225140974933
35,198,0,0.291959586163955
35,199,3,0.149042767356212
35,200,0,-0.365711255295716
35,201,0,-0.741945032579375
35,202,0,-0.662588833027745
35,203,-2,0.175266004479086
35,204,0,0.134726641102826
35,205,1,0.707475647487018
35,206,-1,-0.0445606626815478
35,207,0,0.665582765835679
35,208,-1,0.525828004592272
35,209,-1,0.818393141735344
35,210,-1,0.720643269953634
35,211,0,1.15945528835768
35,212,3,0.953708090690137
35,213,-1,0.590356807822107
35,214,0,-0.17869400044818
35,215,-1,-0.171612036168663
35,216,1,0.639641224503519
35,217,1,0.130396957386719
35,218,2,0.544417817483227
35,219,-2,-0.84049817583747
35,220,-1,0.271639794523998
35,221,0,0.0961374999672997
35,222,0,0.565934910416071
35,223,0,0.671752556873295
35,224,1,0.772060447795391
35,225,0,0.0868743032367486
35,226,0,0.311352996746725
35,227,1,0.154496512159519
35,228,-1,0.178540069853781
35,229,0,0.367185544177526
35,230,1,0.286537395739616
35,231,-1,0.467437438021084
35,232,1,0.456561502793439
35,233,-2,0.230704848308815
35,234,-1,0.861830110012375
35,235,0,0.563786785366428
35,236,1,0.89460147788464
35,237,1,0.615920009442494
35,238,0,0.464541712358163
35,239,1,0.142100933005749
35,240,0,-0.110357298313523
35,241,2,0.102331733704484
35,242,1,-0.316104495981068
35,243,-2,-0.085541697306415
35,244,2,-0.0351313402999511
35,245,-1,-0.11112934162637
35,246,-1,0.315020765722492
35,247,6,0.232224492234939
35,248,-2,0.273228090321523
35,249,-2,-2.30077037924526
35,250,1,-0.465931594760305
35,251,4,0.103597686868773
35,252,-1,-0.0505346392737175
35,253,-1,-1.00107533408742
35,254,-1,-1.75819735496478
35,255,-5,0.562660845041376
35,256,1,0.327236863296069
35,257,1,1.42603907757973
35,258,-2,-0.268267312878678
35,259,2,0.93993642979957
35,260,2,0.576473139121182
35,261,3,0.194513671374509
35,262,-1,-0.690331714076743
35,263,-4,-0.904971308204197
35,264,-1,-0.00738845925095266
35,265,2,0.928514149971254
35,266,-2,-0.0568705559623788
35,267,1,0.995627294278895
35,268,0,-0.0792138237020399
35,269,0,0.541143752108532
35,270,4,0.093957820538688
35,271,4,0.242352826849307
35,272,-9,-2.07698638166159
35,273,-1,-0.881987149816775
35,274,-2,0.294146377271967
35,275,0,0.379202783619522
35,276,1,1.32217542549222
35,277,0,0.820936006112043
35,278,2,1.13909491341245
35,279,1,0.0428314172979153
35,280,2,-0.085541697306415
35,281,2,-0.73704274772847
35,282,-2,-0.639292875946761
35,283,0,-0.376193486922289
35,284,-4,-0.168716310505742
35,285,0,0.715473100178892
35,286,0,0.911018723026382
35,287,-2,0.67089482768751
35,288,4,0.851166388845459
35,289,3,0.83510116147807
35,290,2,-1.36775667940868
35,291,2,-1.8909863744992
35,292,2,-1.15654892066054
35,293,-2,-1.49614742043529
35,294,-8,-0.585214749964529
35,295,1,0.213400110947151
35,296,0,0.593723879874754
35,297,-1,0.239024643633925
35,298,1,0.983585612137331
35,299,-1,0.967056359185229
35,300,1,1.80120753953314
35,301,3,0.200435502498399
35,302,1,0.279564007010185
35,303,-3,-1.0578376811824
35,304,1,0.0013637936266182
35,305,-1,-0.0126318692313828
35,306,-2,0.327416344876262
35,307,3,0.785975670875285
35,308,-1,0.313603207284589
35,309,-1,-0.129087241133532
35,310,2,0.182617732920291
35,311,0,0.484539161364883
35,312,5,0.19864952667086
35,313,5,-0.276335296679804
35,314,3,-3.0596399482142
35,315,0,-4.08293672577934
35,316,-1,-2.45455974926363
35,317,0,-1.4739684127621
35,318,3,-0.171274329646128
35,319,-1,-1.18034848713621
35,320,-11,-1.5010874235116
35,321,-3,0.644630640454017
35,322,6,1.93040701311165
35,323,9,0.507898240857089
35,324,3,-1.74998628723567
35,325,-4,-6.1197122339319
35,326,4,-0.634709762261709
35,327,-2,-1.35030332158566
35,328,-9,-1.41255436553321
35,329,-7,-0.373680385579725
35,330,1,0.864585309682398
35,331,2,-0.445383047068755
35,332,-2,-1.27022927484037
35,333,0,1.0417488098841
35,334,0,2.30922786750618
35,335,-1,1.29273749722721
35,336,1,0.558333040563121
35,337,1,0.639247520902446
35,338,-2,0.124085483397627
35,339,2,0.462787290909593
35,340,0,0.0978919214158704
35,341,0,0.259188218291691
35,342,1,-0.0752942432022881
35,343,1,0.328454720090524
35,344,0,-0.103415463963061
35,345,-2,0.0224556285794211
35,346,1,0.115389227598594
35,347,-1,0.322976532587648
35,348,1,0.65608291234483
35,349,3,0.289811461114312
35,350,-4,0.399209311436513
35,351,1,-0.180448421896751
35,352,0,-0.0403431959014122
35,353,-1,0.212477184639964
35,354,1,0.328542285201315
35,355,1,0.78916217113919
35,356,-2,-0.296246850687973
35,357,1,0.462787290909593
35,358,2,0.273369773273
35,359,5,0.0402733981575289
35,360,3,-0.401434345909439
35,361,-6,-2.82703936218803
36,1,-1,-0.899956724103081
36,2,-2,0.40553625252852
36,3,-1,-0.0607764204486448
36,4,-1,1.24211168554455
36,5,0,0.630439936813366
36,6,1,1.03242097111824
36,7,0,0.553546989631619
36,8,0,0.469669345059227
36,9,0,0.317653429435738
36,10,0,0.503792959441554
36,11,1,0.401004670345373
36,12,4,0.328225859397572
36,13,1,0.0157468558750823
36,14,1,-1.72780804431121
36,15,-1,-0.964397320488926
36,16,1,-0.307759083868565
36,17,1,-0.234943212610642
36,18,1,0.37745348592488
36,19,-3,-1.00795195346005
36,20,-7,0.707442826089175
36,21,2,1.75178226198677
36,22,0,1.29718161370896
36,23,1,0.416108682490354
36,24,-1,0.0587350884821214
36,25,3,1.2619661796803
36,26,3,0.612594224937204
36,27,-1,-0.578878367326312
36,28,-3,-1.57985989975885
36,29,-3,0.17416542900349
36,30,2,1.19254735598377
36,31,4,0.543957421602569
36,32,-4,-0.267815473525874
36,33,-1,-1.36890203002538
36,34,1,0.379661264280123
36,35,-3,0.0899978721083011
36,36,-1,0.771357018812264
36,37,-2,0.943137840143475
36,38,1,0.576005370025265
36,39,3,0.788189196360405
36,40,-2,0.613039542265624
36,41,4,-0.351677316258198
36,42,-1,-0.234724312803023
36,43,-4,-1.13085206095414
36,44,1,-0.121102880600544
36,45,0,0.911886738928551
36,46,1,-0.293710815440309
36,47,3,0.142086329391756
36,48,-2,-0.380649788921132
36,49,1,-0.55725389445056
36,50,-3,-0.264733790951404
36,51,2,0.8504763202621
36,52,-2,-0.0338982166014262
36,53,0,1.07560774986686
36,54,-1,-0.441393695022232
36,55,-1,1.27665274587608
36,56,0,0.610695384771682
36,57,-1,1.13520926021442
36,58,1,0.69910461152722
36,59,-1,0.567926051972262
36,60,-3,0.934164264205207
36,61,2,0.87847834395001
36,62,2,0.955110577987294
36,63,0,0.0649744824023903
36,64,4,-0.245098196623276
36,65,3,-0.116832011561861
36,66,-4,-1.82002390344555
36,67,-1,-1.17569144076477
36,68,-1,-0.367450182644151
36,69,1,0.195617792782296
36,70,-4,0.445700714689534
36,71,0,0.961680630444756
36,72,0,0.326934509229144
36,73,-1,0.895509067639733
36,74,2,0.576571770389355
36,75,1,0.700723819216824
36,76,-2,0.343329871542553
36,77,-2,0.140159617847015
36,78,2,0.942611436480718
36,79,1,0.509833807220242
36,80,-4,0.240541582446372
36,81,1,0.427687129067028
36,82,3,0.79252223240197
36,83,-2,0.0990980967847172
36,84,-1,-0.55725389445056
36,85,1,0.228370298460972
36,86,2,0.42203172704319
36,87,2,-0.00369019231146414
36,88,2,-0.204516288513061
36,89,-3,-1.13459893083187
36,90,-2,0.076026525316307
36,91,-1,0.482230653568685
36,92,0,1.03653510735219
36,93,0,0.454872836769384
36,94,-1,0.831902378771782
36,95,0,0.615753370617585
36,96,1,0.743493152016244
36,97,0,0.61715367849957
36,98,-2,0.366881055963046
36,99,0,0.668787629523702
36,100,-2,0.777616766398571
36,101,2,1.04106668953533
36,102,-2,0.426482566310607
36,103,1,1.07560774986686
36,104,0,0.0241940281505938
36,105,-1,0.861385453257406
36,106,-1,0.184855662191176
36,107,3,1.02184854115641
36,108,0,0.206526925777602
36,109,0,-0.227744167238348
36,110,3,-0.260202208768257
36,111,-2,0.0262014826110646
36,112,-1,-0.473902653540926
36,113,0,0.0864004091365601
36,114,-3,0.162020582062726
36,115,1,1.01105721138695
36,116,2,0.94453814802546
36,117,1,-0.130903570047366
36,118,0,-0.234525766661442
36,119,0,0.097390285047595
36,120,0,0.112076851243375
36,121,0,0.298216381249192
36,122,0,0.401004670345373
36,123,0,0.234609692381241
36,124,1,0.503792959441554
36,125,0,0.328225859397572
36,126,1,0.366881055963046
36,127,0,0.0392980402955749
36,128,-3,0.366881055963046
36,129,0,0.638778151375321
36,130,0,0.914528669877079
36,131,1,0.68993248944737
36,132,0,0.328225859397572
36,133,-1,0.67524592325159
36,134,-1,0.390432240383539
36,135,2,0.816271962964044
36,136,0,0.475710192837915
36,137,2,0.518896971586535
36,138,0,-0.322408589754223
36,139,-1,0.332757441580719
36,140,-2,-0.104072156910822
36,141,1,0.991839063008026
36,142,-2,0.41621764020391
36,143,2,1.00694307515301
36,144,0,-0.0288402307555226
36,145,0,0.724473549778898
36,146,-1,-0.176850967858622
36,147,-1,0.884936637677899
36,148,0,0.610695384771682
36,149,-1,0.92963268202206
36,150,2,0.69910461152722
36,151,0,0.39235895192828
36,152,1,0.621685260682717
36,153,0,-0.249629778806423
36,154,-2,0.469669345059227
36,155,-1,0.360422762235158
36,156,-1,0.953183866442553
36,157,2,0.733228225909547
36,158,5,0.578498481934096
36,159,-4,0.373339349690934
36,160,1,-1.782753212922
36,161,-1,-0.465977333102201
36,162,-1,-0.0619373005994588
36,163,2,0.116190987477322
36,164,0,0.720468371258508
36,165,1,-0.6606243857509
36,166,-2,-0.146841489710241
36,167,-1,0.300878789271663
36,168,0,0.458679469148192
36,169,1,0.92963268202206
36,170,0,0.245182122343075
36,171,-1,0.572457634155409
36,172,0,0.49322052947972
36,173,2,0.640704862920062
36,174,-1,0.338798289359407
36,175,-1,0.40553625252852
36,176,-3,0.341204613856231
36,177,1,1.45633398215401
36,178,5,0.822312810742732
36,179,-1,0.407462964073261
36,180,1,-2.28970996101226
36,181,-2,-0.671136465345363
36,182,-1,0.216418088540704
36,183,3,0.25310289095583
36,184,-3,0.681286771030278
36,185,0,-0.880564224443837
36,186,2,0.253321790763449
36,187,-1,-0.204795454162466
36,188,-2,0.0971713852399757
36,189,0,0.722348292092575
36,190,1,0.528178051379941
36,191,-1,0.411577100307207
36,192,0,0.645236445103209
36,193,2,0.288170354950114
36,194,0,0.441586578455588
36,195,3,0.127180863388356
36,196,0,-0.322408589754223
36,197,0,-0.516671986340345
36,198,0,-0.568567076056801
36,199,-2,0.274547393602847
36,200,0,0.277379025180661
36,201,1,0.777616766398571
36,202,-1,0.0787871443789432
36,203,0,0.542448156007028
36,204,-1,0.557353622010428
36,205,-1,0.968287878587534
36,206,-1,0.713483673867863
36,207,0,1.20798807116222
36,208,3,0.92963268202206
36,209,-1,0.544374867551769
36,210,0,-0.238316597200182
36,211,-1,-0.123290305289749
36,212,1,0.739042312748826
36,213,1,0.156772895587537
36,214,2,0.583030064117243
36,215,-2,-0.811547497347542
36,216,-1,0.394963822566685
36,217,0,0.272539939142376
36,218,0,0.826844392925879
36,219,0,0.587144200351189
36,220,1,0.709369537633917
36,221,0,0.16183088143344
36,222,0,0.366881055963046
36,223,1,0.214865140339557
36,224,-1,0.328225859397572
36,225,0,0.439659866910847
36,226,1,0.351777043818065
36,227,-1,0.61715367849957
36,228,1,0.439659866910847
36,229,-2,0.278998232870264
36,230,-1,1.00694307515301
36,231,0,0.561467758244374
36,232,1,1.03242097111824
36,233,1,0.514365389403389
36,234,0,0.396890534111427
36,235,1,0.18074152595723
36,236,0,0.0392980402955749
36,237,2,0.264092766866865
36,238,1,-0.239057348844588
36,239,-2,0.0544020524405559
36,240,2,0.0373713287508334
36,241,-1,0.13755474720861
36,242,-1,0.488887493438155
36,243,6,0.135628035663868
36,244,-2,0.514891793066146
36,245,-2,-2.3221099618174
36,246,1,-0.502027659029269
36,247,4,-0.192399755862375
36,248,-1,-0.106478481407645
36,249,-1,-1.17109726603088
36,250,-1,-1.47977907055315
36,251,-5,0.543920361292446
36,252,1,0.356465514106189
36,253,1,1.40450148498829
36,254,-2,-0.224519737063697
36,255,2,0.531875726045194
36,256,2,0.651496192689516
36,257,3,0.337483802202212
36,258,-1,-0.801808974903602
36,259,-4,-0.713383946307996
36,260,-1,0.270613227597635
36,261,2,1.0811133484705
36,262,-2,0.000950347585238959
36,263,1,0.703636193710367
36,264,0,-0.103019349585308
36,265,0,0.758597164161225
36,266,4,0.00928856214719409
36,267,4,0.358235337545953
36,268,-9,-1.98641888140969
36,269,-1,-0.838920501177382
36,270,-2,0.297364782706706
36,271,0,0.411122594047884
36,272,1,0.655391429115843
36,273,0,0.734698479184262
36,274,2,1.0246661428774
36,275,1,0.0693075184439557
36,276,2,0.0544020524405559
36,277,2,-0.664897071425094
36,278,-2,-0.410092866705423
36,279,0,-0.202328863823856
36,280,-4,0.0969728390983944
36,281,0,1.0202293334668
36,282,0,0.845863995163225
36,283,-2,0.729114089675601
36,284,4,0.585743892469205
36,285,3,0.837635722695332
36,286,2,-1.32551950615119
36,287,2,-2.0235174628363
36,288,2,-1.24086305839447
36,289,-2,-1.33941940803085
36,290,-8,-0.305117152920037
36,291,1,0.591171549173128
36,292,0,0.968505794014646
36,293,-1,0.181049029812368
36,294,1,0.326825551515588
36,295,-1,1.01826080858522
36,296,1,1.81862496521213
36,297,3,0.176209943774083
36,298,1,0.407462964073261
36,299,-3,-1.08395519458251
36,300,1,0.12958718788518
36,301,-1,0.117999895796211
36,302,-2,0.523011107820481
36,303,3,0.600122954809847
36,304,-1,0.485408718580522
36,305,-1,-0.154965356290547
36,306,2,0.0522767947542332
36,307,0,0.554829494287752
36,308,5,0.210532104297991
36,309,5,-0.322408589754223
36,310,3,-2.79666670910252
36,311,0,-4.01130413778043
36,312,-1,-2.64904777936645
36,313,0,-1.55549651878162
36,314,3,0.000306140696630014
36,315,-1,-0.943511357074209
36,316,-11,-1.41783795453762
36,317,-3,0.749656505197897
36,318,6,2.07628269522485
36,319,9,0.543957421602569
36,320,3,-2.71601349470478
36,321,-4,-6.48891528805223
36,322,4,-1.11580611554993
36,323,-2,-2.18234920129404
36,324,-9,-1.2636498281987
36,325,-7,-0.452271812203694
36,326,1,1.0530934983828
36,327,2,-0.41383219940728
36,328,-2,-2.0893725262082
36,329,0,0.409720334155196
36,330,0,2.28182575086695
36,331,-1,1.50746044884684
36,332,1,0.473783481293173
36,333,1,0.670714341068443
36,334,-2,0.211058507960748
36,335,2,0.429087436949012
36,336,0,0.240343036304791
36,337,0,0.416108682490354
36,338,1,-0.176850967858622
36,339,1,0.533802437589935
36,340,0,-0.0142626222732985
36,341,-2,0.0779532368610485
36,342,1,0.296816073367207
36,343,-1,0.499261377258408
36,344,1,0.728587686012844
36,345,3,0.176209943774083
36,346,-4,0.510251253169442
36,347,1,-0.206119694362597
36,348,0,0.111878305101794
36,349,-1,0.323775020130155
36,350,1,0.0820673730949947
36,351,1,0.876290919260806
36,352,-2,-0.160913048195746
36,353,1,0.429087436949012
36,354,2,0.415910136348773
36,355,5,0.201886385880898
36,356,3,-0.512881155801605
36,357,-6,-2.73336752408971
36,358,-5,-1.01069677068262
36,359,9,0.443003147518036
36,360,-1,0.485747373624697
36,361,-7,-5.10957203449252
37,1,0,0.302020448215156
37,2,0,0.367679346542923
37,3,1,0.33805130257468
37,4,4,0.28401521327231
37,5,1,-0.173672980498729
37,6,1,-1.73437246585284
37,7,-1,-0.990988675225024
37,8,1,-0.222572658859165
37,9,1,-0.415347653202761
37,10,1,0.231741667822687
37,11,-3,-0.998250586064439
37,12,-7,0.607507887702026
37,13,2,1.52706559140998
37,14,0,1.00532334304499
37,15,1,0.628542065946968
37,16,-1,0.699607910942288
37,17,3,1.14430353589733
37,18,3,-0.0554464950485366
37,19,-1,-0.867508923164868
37,20,-3,-1.49126639036089
37,21,-3,0.135516440307518
37,22,2,0.978871888078214
37,23,4,0.474337479998939
37,24,-4,-0.227401911549719
37,25,-1,-1.12452485825028
37,26,1,0.199740909012728
37,27,-3,0.0931235445043787
37,28,-1,0.99479651935768
37,29,-2,0.970437791406164
37,30,1,0.341932865914167
37,31,3,0.930393966059705
37,32,-2,0.527780544059279
37,33,4,-0.179065388804523
37,34,-1,-0.47754909674916
37,35,-4,-1.23367087523542
37,36,1,0.00538145540915058
37,37,0,0.910288018614367
37,38,1,-0.35147225470655
37,39,3,0.476997540123178
37,40,-2,-0.663510465289806
37,41,1,-0.583176443645855
37,42,-3,-0.36947691814442
37,43,2,0.738825684357561
37,44,-2,0.0251223702282846
37,45,0,0.970968206119132
37,46,-1,-0.280865360083892
37,47,-1,1.06658326264533
37,48,0,0.682447319106864
37,49,-1,1.07122352918387
37,50,1,0.688702168793043
37,51,-1,0.604003184470366
37,52,-3,0.889394730931456
37,53,2,0.899958473014777
37,54,2,0.765277139324333
37,55,0,0.116358832500896
37,56,4,0.0570823600905769
37,57,3,-0.416071514587265
37,58,-4,-2.21052484493939
37,59,-1,-1.16240575659196
37,60,-1,-0.341494467722186
37,61,1,-0.00158749711223027
37,62,-4,0.666991692619618
37,63,0,0.965776568888821
37,64,0,0.281970041155807
37,65,-1,0.75123555798581
37,66,2,0.852784144476351
37,67,1,0.695436924830693
37,68,-2,0.315864751465963
37,69,-2,0.226501284714738
37,70,2,0.705213602311162
37,71,1,0.29981933846358
37,72,-4,0.372450449223932
37,73,1,0.595157385875946
37,74,3,0.547286650569924
37,75,-2,-0.223855867865416
37,76,-1,-0.238321476741008
37,77,1,0.144649012679485
37,78,2,0.295179071925045
37,79,2,0.0888214466155892
37,80,2,-0.0715446619126078
37,81,-3,-1.20552228070304
37,82,-2,-0.0960362949389167
37,83,-1,0.207906263256757
37,84,0,0.723239221727841
37,85,0,0.577500649637124
37,86,-1,0.952563392605793
37,87,0,0.652671314433518
37,88,1,0.687667317740979
37,89,0,0.551729639020743
37,90,-2,0.422174386217956
37,91,0,0.641776198208804
37,92,-2,0.603544234097704
37,93,2,0.945521478316762
37,94,-2,0.52242970928269
37,95,1,1.05718194784534
37,96,0,0.156878732782648
37,97,-1,0.662931158176662
37,98,-1,0.296800449581041
37,99,3,0.887173236706046
37,100,0,-0.07493241483753
37,101,0,-0.185447814721971
37,102,3,-0.147194661555499
37,103,-2,-0.198539976205519
37,104,-1,-0.54714558928633
37,105,0,0.0564925735754404
37,106,-3,0.0029048087212013
37,107,1,1.0561432653771
37,108,2,0.955709857719601
37,109,1,-0.198232817954139
37,110,0,0.0390771251477314
37,111,0,0.0618434083520288
37,112,0,-0.102090606626176
37,113,0,0.135995775154015
37,114,0,0.33805130257468
37,115,0,0.164896126321574
37,116,1,0.453893088269135
37,117,0,0.28401521327231
37,118,1,0.335960644491744
37,119,0,0.0163007875238773
37,120,-3,0.249746902765533
37,121,0,0.57997050181672
37,122,0,0.721476677875094
37,123,1,0.605765728323113
37,124,0,0.542656438450945
37,125,-1,0.683486001575107
37,126,-1,0.356056537517526
37,127,2,0.655489665317137
37,128,0,0.383942422106855
37,129,2,0.571956368188999
37,130,0,-0.219235985800714
37,131,-1,0.161442502956385
37,132,-2,-0.143341459619816
37,133,1,0.73915379858775
37,134,-2,0.266913993239055
37,135,2,1.02964456196004
37,136,0,0.0815601072811502
37,137,0,0.631212456125484
37,138,-1,-0.0249500654697625
37,139,-1,0.683027051202444
37,140,0,0.510019835654441
37,141,-1,0.839539957794958
37,142,2,0.688702168793043
37,143,0,0.434125309473542
37,144,1,0.601584412157241
37,145,0,-0.165199896498344
37,146,-2,0.279374946733775
37,147,-1,0.294250841125442
37,148,-1,0.773422109094528
37,149,2,0.604579085149767
37,150,5,0.672211691253733
37,151,-4,0.294006314587434
37,152,1,-1.70804617210746
37,153,-1,-0.639412838118263
37,154,-1,0.110800665217035
37,155,2,0.355476805421946
37,156,0,0.587940646905354
37,157,1,-0.6998732652957
37,158,-2,-0.04935811080389
37,159,-1,0.111159476572902
37,160,0,0.360237853683398
37,161,1,0.753326216068746
37,162,0,0.319318374831151
37,163,-1,0.653857957606864
37,164,0,0.47189832321198
37,165,2,0.485611790320313
37,166,-1,0.266009978329465
37,167,-1,0.47411981743739
37,168,-3,0.322116341240937
37,169,1,1.17674609933301
37,170,5,0.760057140690218
37,171,-1,0.29609697267037
37,172,1,-2.06653484984464
37,173,-2,-0.675312856335314
37,174,-1,0.396520325908314
37,175,3,0.214768024020701
37,176,-3,0.359534376772728
37,177,0,-0.861430081489985
37,178,2,0.322444455471126
37,179,-1,-0.268918895614784
37,180,-2,0.29902194380645
37,181,0,0.72367778762667
37,182,1,0.207050994224803
37,183,-1,0.406259809358047
37,184,0,0.794107788635446
37,185,2,0.246797715739439
37,186,0,0.295638022297707
37,187,3,0.188400156746111
37,188,0,-0.47532760252375
37,189,0,-0.711803465649039
37,190,0,-0.580933760365073
37,191,-2,0.1952518630905
37,192,0,0.15712651923186
37,193,1,0.689757975823915
37,194,-1,-0.0262642848743785
37,195,0,0.678266002940992
37,196,-1,0.535794677687
37,197,-1,0.80527164728818
37,198,-1,0.712075363075107
37,199,0,1.12525961848624
37,200,3,0.92575369952117
37,201,-1,0.414029416447761
37,202,0,-0.167442579779126
37,203,-1,-0.11547595950432
37,204,1,0.632844163835757
37,205,1,0.14063604169255
37,206,2,0.549638980937807
37,207,-2,-0.763289713419248
37,208,-1,0.319697568927812
37,209,0,0.122151471903208
37,210,0,0.55127068864808
37,211,0,0.662351426081083
37,212,1,0.771790401384255
37,213,0,0.110860037019204
37,214,0,0.335960644491744
37,215,1,0.186178662520702
37,216,-1,0.197801471546099
37,217,0,0.389996733794114
37,218,1,0.304111106298092
37,219,-1,0.465515897294532
37,220,1,0.476210475520326
37,221,-2,0.250075016995722
37,222,-1,0.857217078507614
37,223,0,0.562293381104064
37,224,1,0.8691680017632
37,225,1,0.608315336778712
37,226,0,0.48398008261004
37,227,1,0.184088004437765
37,228,0,-0.0699129542023343
37,229,2,0.133905117071078
37,230,1,-0.269418873167401
37,231,-2,-0.0380634160086822
37,232,2,0.0244457572940725
37,233,-1,-0.0901396833705897
37,234,-1,0.337723188344491
37,235,6,0.262860253304453
37,236,-2,0.100165458793409
37,237,-2,-2.34958818485014
37,238,1,-0.374717301252369
37,239,4,0.0971568999651475
37,240,-1,-0.196898214075689
37,241,-1,-0.990505661017863
37,242,-1,-1.62866927602549
37,243,-5,0.548721080192482
37,244,1,0.29583349141843
37,245,1,1.34344738532836
37,246,-2,-0.231138163178664
37,247,2,0.954912463062472
37,248,2,0.575282986827893
37,249,3,-0.0560686509515276
37,250,-1,-0.770448578015016
37,251,-4,-0.845670870760173
37,252,-1,0.0440826999471914
37,253,2,0.87289036755641
37,254,-2,-0.0505243695034024
37,255,1,0.997198167108175
37,256,0,-0.0439617900608686
37,257,0,0.547089372482208
37,258,4,0.126922574584217
37,259,4,0.0897292929413583
37,260,-9,-2.21125253774007
37,261,-1,-0.8387369931299
37,262,-2,0.269450287363893
37,263,0,0.371073598105943
37,264,1,1.27002893433044
37,265,0,0.81352856615436
37,266,2,0.902517812894197
37,267,1,0.0781064839159614
37,268,2,-0.0380634160086822
37,269,2,-0.655065742693225
37,270,-2,-0.561869458480151
37,271,0,-0.295542213903983
37,272,-4,-0.133940144819828
37,273,0,0.708010997215972
37,274,0,0.866366775442211
37,275,-2,0.664294123458915
37,276,4,0.849506843220069
37,277,3,0.643491493611259
37,278,2,-1.53869936434963
37,279,2,-1.77756195173157
37,280,2,-1.03804222204053
37,281,-2,-1.37916476873261
37,282,-8,-0.497597741324649
37,283,1,0.242250183617629
37,284,0,0.513084210503413
37,285,-1,0.255422020356131
37,286,1,0.988453080768567
37,287,-1,0.953471238931562
37,288,1,1.42123034960805
37,289,3,0.220446973027479
37,290,1,0.123669489217947
37,291,-3,-1.00659632691012
37,292,1,0.0720790362051601
37,293,-1,-0.0043848920170409
37,294,-2,0.339813846427427
37,295,3,0.786666295775922
37,296,-1,0.131156468043905
37,297,-1,-0.131411725419601
37,298,2,0.226829398944928
37,299,0,0.472826554011583
37,300,5,0.224431011105636
37,301,5,-0.389113860797539
37,302,3,-3.19839759466212
37,303,0,-4.1340736731401
37,304,-1,-2.30901681956984
37,305,0,-1.36280512733578
37,306,3,-0.150182835909927
37,307,-1,-1.29153931584651
37,308,-11,-1.43927221326382
37,309,-3,0.667215521411103
37,310,6,1.76188557522618
37,311,9,0.304459605002115
37,312,3,-1.98931478548878
37,313,-4,-6.244814315221
37,314,4,-0.530253432055359
37,315,-2,-1.45401737371837
37,316,-9,-1.41131835732196
37,317,-7,-0.299854052114719
37,318,1,0.778681113284334
37,319,2,-0.507619278067084
37,320,-2,-1.26832953360127
37,321,0,1.06915090245046
37,322,0,2.02428666756028
37,323,-1,0.815097839903443
37,324,1,0.564514875329474
37,325,1,0.633631228438609
37,326,-2,0.144800233295792
37,327,2,0.494215710463171
37,328,0,0.111915844050076
37,329,0,0.283687099042121
37,330,1,-0.0249500654697625
37,331,1,0.343271301208796
37,332,0,-0.0656008018939885
37,333,-2,0.068246218743311
37,334,1,0.150723708840578
37,335,-1,0.317824573406425
37,336,1,0.657711159542547
37,337,3,0.306660714753691
37,338,-4,0.239511274912401
37,339,1,-0.157206951925994
37,340,0,-0.0177702448951848
37,341,-1,0.229192059367088
37,342,1,0.35338614733901
37,343,1,0.779101058101306
37,344,-2,-0.260038514346223
37,345,1,0.494215710463171
37,346,2,0.281793719046901
37,347,5,0.0618637928258627
37,348,3,-0.502734152266583
37,349,-6,-2.9537769948432
37,350,-5,-1.14695013010471
37,351,9,0.544981568652333
37,352,-1,0.0796277399575948
37,353,-7,-4.76544864759083
37,354,-1,-0.678327599704062
37,355,2,1.11473130794979
37,356,0,-0.385340413404818
37,357,3,1.20508060424072
37,358,3,-2.0060388422113
37,359,-9,-0.723835709912305
37,360,3,-2.58515805663202
37,361,0,-0.0561330451487591
38,1,1,-0.158330792470624
38,2,1,-1.73102812952755
38,3,-1,-0.992200954530119
38,4,1,-0.223698343662607
38,5,1,-0.448667797942175
38,6,1,0.239736294993045
38,7,-3,-1.0651783884231
38,8,-7,0.632221743345157
38,9,2,1.53472299115497
38,10,0,1.02308881126288
38,11,1,0.637591896510197
38,12,-1,0.747412234191696
38,13,3,1.24287031350461
38,14,3,0.0753459823545555
38,15,-1,-0.853355372499055
38,16,-3,-1.52576658141979
38,17,-3,0.153383943798542
38,18,2,0.968835755659891
38,19,4,0.464375948431811
38,20,-4,-0.240840185385366
38,21,-1,-1.1315987487158
38,22,1,0.240574830393466
38,23,-3,0.0903788855778993
38,24,-1,0.971283387530095
38,25,-2,1.01339580136297
38,26,1,0.309728515720016
38,27,3,0.944141816493711
38,28,-2,0.583256836905832
38,29,4,-0.15817059397355
38,30,-1,-0.447873650959869
38,31,-4,-1.23444417393344
38,32,1,-0.0254016746900743
38,33,0,0.958604940168062
38,34,1,-0.422563428767628
38,35,3,0.50391615506294
38,36,-2,-0.668886738678986
38,37,1,-0.586884434804228
38,38,-3,-0.362680352041978
38,39,2,0.747345213061288
38,40,-2,0.00723953145648493
38,41,0,1.01426175536144
38,42,-1,-0.32434757969857
38,43,-1,1.12336551047417
38,44,0,0.679170944338993
38,45,-1,1.11805924354206
38,46,1,0.689007057319614
38,47,-1,0.634932778693476
38,48,-3,0.922254594857844
38,49,2,0.916368801787423
38,50,2,0.801598268664272
38,51,0,0.123684756761629
38,52,4,0.0771479843776977
38,53,3,-0.373401160557249
38,54,-4,-2.22832866769043
38,55,-1,-1.18979107486269
38,56,-1,-0.355369435345099
38,57,1,-0.0492199752701628
38,58,-4,0.656330007305902
38,59,0,0.968202437856996
38,60,0,0.267882640262741
38,61,-1,0.784501674055139
38,62,2,0.861028109254236
38,63,1,0.760947289350761
38,64,-2,0.334892566336805
38,65,-2,0.235796172068059
38,66,2,0.73287012068561
38,67,1,0.299429539061124
38,68,-4,0.380638326635913
38,69,1,0.606821418595423
38,70,3,0.588169416764219
38,71,-2,-0.228425084456415
38,72,-1,-0.240080860518298
38,73,1,0.176956054601616
38,74,2,0.304735805993238
38,75,2,0.0742742457169773
38,76,2,-0.0371844732536103
38,77,-3,-1.23314704918871
38,78,-2,-0.100910508259021
38,79,-1,0.197184033952215
38,80,0,0.723486674398047
38,81,0,0.556044763543643
38,82,-1,0.988423355119864
38,83,0,0.672400455733922
38,84,1,0.718484561424796
38,85,0,0.573293864479963
38,86,-2,0.439128130009264
38,87,0,0.667870609685417
38,88,-2,0.623328290081036
38,89,2,0.956395866544512
38,90,-2,0.542925618189879
38,91,1,1.10096264893292
38,92,0,0.169340983945873
38,93,-1,0.706256158255934
38,94,-1,0.28805163999401
38,95,3,0.929692370999972
38,96,0,-0.0871599192353538
38,97,0,-0.169195556447685
38,98,3,-0.129771159895513
38,99,-2,-0.171576797269636
38,100,-1,-0.570277833218537
38,101,0,0.0645258941351079
38,102,-3,-0.0203415975349741
38,103,1,1.04473827630257
38,104,2,1.00099010368049
38,105,1,-0.211489540725432
38,106,0,0.0511579365044434
38,107,0,0.10485711285106
38,108,0,-0.101348583750865
38,109,0,0.129614938250165
38,110,0,0.343971858665504
38,111,0,0.160134832171925
38,112,1,0.47162788550936
38,113,0,0.301375209206559
38,114,1,0.352427236437782
38,115,0,0.0294565539331544
38,116,-3,0.265726342866299
38,117,0,0.582811232300505
38,118,0,0.742528939152615
38,119,1,0.615890513938908
38,120,0,0.561477889921006
38,121,-1,0.735395316969351
38,122,-1,0.369961906538758
38,123,2,0.674380317312259
38,124,0,0.394585810404883
38,125,2,0.591846136211089
38,126,0,-0.198357857227713
38,127,-1,0.187480827067094
38,128,-2,-0.157268802422359
38,129,1,0.757932100043578
38,130,-2,0.244890055597973
38,131,2,1.05155213788827
38,132,0,0.0871699364228964
38,133,0,0.673756402755837
38,134,-1,-0.0264636647383398
38,135,-1,0.723790828356911
38,136,0,0.505769157196028
38,137,-1,0.862747189854344
38,138,2,0.689007057319614
38,139,0,0.464680102390674
38,140,1,0.632801269483463
38,141,0,-0.155761207768768
38,142,-2,0.306681476138673
38,143,-1,0.284902529153847
38,144,-1,0.793580966383838
38,145,2,0.593850785975854
38,146,5,0.695643624391705
38,147,-4,0.336400160990396
38,148,1,-1.69836817553038
38,149,-1,-0.627161231173255
38,150,-1,0.105782046468863
38,151,2,0.325342022520841
38,152,0,0.634671997715248
38,153,1,-0.781782103982509
38,154,-2,-0.0281051809249111
38,155,-1,0.145007885774514
38,156,0,0.353051150994203
38,157,1,0.776046296282861
38,158,0,0.307546571441636
38,159,-1,0.694440183696977
38,160,0,0.497617933382615
38,161,2,0.504127641009457
38,162,-1,0.275385161333304
38,163,-1,0.490180157240487
38,164,-3,0.34489992718079
38,165,1,1.20010343161978
38,166,5,0.762284651578469
38,167,-1,0.327944783218119
38,168,1,-2.07529881535985
38,169,-2,-0.642750231128796
38,170,-1,0.403690749615521
38,171,3,0.184439990877973
38,172,-3,0.392944294218312
38,173,0,-0.945364874161394
38,174,2,0.35548681416308
38,175,-1,-0.231584408663193
38,176,-2,0.280613863851882
38,177,0,0.770464657171304
38,178,1,0.185559945108087
38,179,-1,0.404682704363732
38,180,0,0.823737726727405
38,181,2,0.262728879657813
38,182,0,0.316340294605678
38,183,3,0.192271454093828
38,184,0,-0.455311427101997
38,185,0,-0.701216892435536
38,186,0,-0.599440133998565
38,187,-2,0.211525204794913
38,188,0,0.11767210424596
38,189,1,0.710029183652518
38,190,-1,-0.0496922421949078
38,191,0,0.696081699883548
38,192,-1,0.574221932995248
38,193,-1,0.827098323514084
38,194,-1,0.720126077611367
38,195,0,1.160655893001
38,196,3,0.949448083425826
38,197,-1,0.447145432289698
38,198,0,-0.14320550857443
38,199,-1,-0.0972714043954166
38,200,1,0.65369653637112
38,201,1,0.124308671318051
38,202,2,0.58174924225224
38,203,-2,-0.796281984544615
38,204,-1,0.342768417970776
38,205,0,0.122087628993173
38,206,0,0.561689375867522
38,207,0,0.661636274238016
38,208,1,0.813640832768556
38,209,0,0.11753818271298
38,210,0,0.352427236437782
38,211,1,0.199709230235956
38,212,-1,0.214674315635076
38,213,0,0.395023885896727
38,214,1,0.318909879307535
38,215,-1,0.48659297090848
38,216,1,0.48172477946821
38,217,-2,0.27631322984859
38,218,-1,0.878150350745307
38,219,0,0.567408071409542
38,220,1,0.903702323126718
38,221,1,0.619039624779071
38,222,0,0.524187507394175
38,223,1,0.208164608008234
38,224,0,-0.057244339638328
38,225,2,0.138070316022443
38,226,1,-0.268452149213504
38,227,-2,-0.0237269825080819
38,228,2,0.0214392516527204
38,229,-1,-0.0757966113694544
38,230,-1,0.333384971683213
38,231,6,0.262989660636041
38,232,-2,0.122406374153251
38,233,-2,-2.36712733550611
38,234,1,-0.366620474966964
38,235,4,0.107652774700648
38,236,-1,-0.223634457429681
38,237,-1,-0.961808936091269
38,238,-1,-1.71544751678082
38,239,-5,0.55854026502736
38,240,1,0.285729471624883
38,241,1,1.3836540302532
38,242,-2,-0.266029024188583
38,243,2,0.98217442847125
38,244,2,0.64918441642131
38,245,3,-0.049717030381336
38,246,-1,-0.775622991789903
38,247,-4,-0.819489472991829
38,248,-1,0.027369433141257
38,249,2,0.875187078969723
38,250,-2,-0.0855184030487824
38,251,1,1.00861714303756
38,252,0,-0.029721908925054
38,253,0,0.578600131412077
38,254,4,0.117798963691208
38,255,4,0.129481016717185
38,256,-9,-2.23876390704104
38,257,-1,-0.844257332319744
38,258,-2,0.280208208076827
38,259,0,0.345824860798592
38,260,1,1.25163177369384
38,261,0,0.874419839633847
38,262,2,1.28652444734171
38,263,1,0.114515931318065
38,264,2,-0.0237269825080819
38,265,2,-0.659571453558487
38,266,-2,-0.55259920765577
38,267,0,-0.312118317834197
38,268,-4,-0.134865940881111
38,269,0,0.68435035182586
38,270,0,0.866520215250928
38,271,-2,0.687365541133042
38,272,4,0.847443759063459
38,273,3,0.709895262119539
38,274,2,-1.52769617158635
38,275,2,-1.78259329184883
38,276,2,-1.01452625165783
38,277,-2,-1.42184286387608
38,278,-8,-0.526475238249536
38,279,1,0.165020282685142
38,280,0,0.475199109547047
38,281,-1,0.230942571829002
38,282,1,1.0073880554609
38,283,-1,1.04363012612007
38,284,1,1.71195491245641
38,285,3,0.235358096576216
38,286,1,0.154542996075154
38,287,-3,-1.01094157014115
38,288,1,0.0883844327983485
38,289,-1,-0.00070020641041213
38,290,-2,0.324929593910936
38,291,3,0.79186188578373
38,292,-1,0.144470890302733
38,293,-1,-0.126598906988739
38,294,2,0.24638305905035
38,295,0,0.517451210222006
38,296,5,0.20887805567952
38,297,5,-0.368610533530515
38,298,3,-3.2293883864925
38,299,0,-4.17556184957326
38,300,-1,-2.320912849517
38,301,0,-1.42949703257832
38,302,3,-0.179898253508934
38,303,-1,-1.39615178200695
38,304,-11,-1.51683374876803
38,305,-3,0.650342985290771
38,306,6,1.80323008579433
38,307,9,0.294123272129009
38,308,3,-1.96841370077373
38,309,-4,-6.19500235247205
38,310,4,0.18122134977637
38,311,-2,-1.49561387530874
38,312,-9,-1.44715957816221
38,313,-7,-0.439001123648698
38,314,1,0.679997222936604
38,315,2,-0.556867904865842
38,316,-2,-1.19143407991218
38,317,0,1.12314462128118
38,318,0,2.54060172437064
38,319,-1,0.964994912439082
38,320,1,0.559970295267414
38,321,1,0.67588791196585
38,322,-2,0.142600162070949
38,323,2,0.507714827341464
38,324,0,0.138560309045885
38,325,0,0.290788322224268
38,326,1,-0.0264636647383398
38,327,1,0.383285475751307
38,328,0,-0.0731374935527331
38,329,-2,0.0805085811643773
38,330,1,0.142020635932642
38,331,-1,0.325419586934378
38,332,1,0.666942541170131
38,333,3,0.322058990147698
38,334,-4,0.282199022919011
38,335,1,-0.159678188627141
38,336,0,0.00337697294503636
38,337,-1,0.236587184152882
38,338,1,0.333797400293118
38,339,1,0.844499072082081
38,340,-2,-0.296548918110343
38,341,1,0.507714827341464
38,342,2,0.308812985348687
38,343,5,0.0694836186902431
38,344,3,-0.503704336516499
38,345,-6,-2.9358826699491
38,346,-5,-1.1669501378296
38,347,9,0.533522674087507
38,348,-1,0.058064969142381
38,349,-7,-4.82614970210912
38,350,-1,-0.711202213189275
38,351,2,1.15659153313065
38,352,0,-0.403860319524967
38,353,3,1.23970752448384
38,354,3,-2.09461879916686
38,355,-9,-0.561812708856946
38,356,3,-2.5775037529241
38,357,0,-0.0421829482894939
38,358,3,-1.21046026460262
38,359,1,-0.457546147607486
38,360,2,-0.432252327389983
38,361,-1,-0.242269712265058
39,1,1,-0.430308445410015
39,2,1,0.238449382428209
39,3,-3,-1.04314455375952
39,4,-7,0.594088804898552
39,5,2,1.452263667329
39,6,0,1.03526754750776
39,7,1,0.620733810302167
39,8,-1,0.755070474040123
39,9,3,1.21289072964156
39,10,3,0.113222973131989
39,11,-1,-0.850385565551944
39,12,-3,-1.53853517755915
39,13,-3,0.131809240261911
39,14,2,0.924893869308943
39,15,4,0.477349206639996
39,16,-4,-0.217743885919471
39,17,-1,-1.21040306119888
39,18,1,0.246891572445129
39,19,-3,0.0935390848115054
39,20,-1,0.922371013565908
39,21,-2,0.997128507378093
39,22,1,0.279926224456198
39,23,3,0.940042351465104
39,24,-2,0.598055777472308
39,25,4,-0.205019043253782
39,26,-1,-0.400219928480843
39,27,-4,-1.29450607908147
39,28,1,-0.049593923634468
39,29,0,0.9559494877507
39,30,1,-0.425841338481174
39,31,3,0.509987818737294
39,32,-2,-0.636277363041805
39,33,1,-0.628888511304367
39,34,-3,-0.335956855474357
39,35,2,0.699523337893197
39,36,-2,0.0339103933696253
39,37,0,0.971883863461386
39,38,-1,-0.31172610781054
39,39,-1,1.09264195114159
39,40,0,0.660480376445396
39,41,-1,1.09947910366635
39,42,1,0.664022105484128
39,43,-1,0.636421661914486
39,44,-3,0.892855828211288
39,45,2,0.878504446156143
39,46,2,0.809897016092013
39,47,0,0.132601269245097
39,48,4,0.0789169012351896
39,49,3,-0.33411838144096
39,50,-4,-2.23216676909437
39,51,-1,-1.23251189361529
39,52,-1,-0.346402211564013
39,53,1,-0.0643394246378883
39,54,-4,0.654391040759943
39,55,0,0.907512592306262
39,56,0,0.272089421621531
39,57,-1,0.768166963661906
39,58,2,0.838902892266394
39,59,1,0.770564030137251
39,60,-2,0.331006710474348
39,61,-2,0.216896550921545
39,62,2,0.708154752307476
39,63,1,0.312310971361559
39,64,-4,0.376667539773632
39,65,1,0.563296226473885
39,66,3,0.598375862255187
39,67,-2,-0.204022329329578
39,68,-1,-0.285427760204932
39,69,1,0.176716724803992
39,70,2,0.305473818836798
39,71,2,0.0857047704982419
39,72,2,-0.0184940930488324
39,73,-3,-1.19695955583307
39,74,-2,-0.127944881878943
39,75,-1,0.184671519012714
39,76,0,0.701049031847729
39,77,0,0.544789711758456
39,78,-1,0.969894849256612
39,79,0,0.651509197462381
39,80,1,0.708757556893303
39,81,0,0.569761522432655
39,82,-2,0.429798386459422
39,83,0,0.641130315898888
39,84,-2,0.616200228847164
39,85,2,0.91829522444325
39,86,-2,0.557393626664388
39,87,1,1.05774905123624
39,88,0,0.186290708372834
39,89,-1,0.688993916158327
39,90,-1,0.276450969943628
39,91,3,0.907162998122554
39,92,0,-0.0613395535767164
39,93,0,-0.204051941741198
39,94,3,-0.118710662878836
39,95,-2,-0.142818660671456
39,96,-1,-0.61637560328262
39,97,0,0.0663104978078544
39,98,-3,-0.0262690926205683
39,99,1,0.996087590245777
39,100,2,1.00124602012323
39,101,1,-0.197760960511217
39,102,0,0.0592982727536945
39,103,0,0.106972648615775
39,104,0,-0.0991413176590502
39,105,0,0.12530632438799
39,106,0,0.337241058413283
39,107,0,0.155303834432978
39,108,1,0.463310604663716
39,109,0,0.30510952191004
39,110,1,0.343933198684563
39,111,0,0.0404575213874249
39,112,-3,0.258068010909704
39,113,0,0.547192306151697
39,114,0,0.735577634826317
39,115,1,0.601893058935898
39,116,0,0.562705085234616
39,117,-1,0.722141837435864
39,118,-1,0.356859686894778
39,119,2,0.655023905621687
39,120,0,0.404868299407698
39,121,2,0.575072981002883
39,122,0,-0.170460827863574
39,123,-1,0.178894963406125
39,124,-2,-0.159931406128705
39,125,1,0.727359800600505
39,126,-2,0.248370471659356
39,127,2,1.01085255248939
39,128,0,0.110804402161468
39,129,0,0.655481697954033
39,130,-1,-0.0203325670822299
39,131,-1,0.701920404368542
39,132,0,0.488750000895679
39,133,-1,0.847340011165485
39,134,2,0.664022105484128
39,135,0,0.478220579160809
39,136,1,0.615277339478458
39,137,0,-0.138329291360331
39,138,-2,0.298272369385279
39,139,-1,0.262921677147587
39,140,-1,0.774401311600841
39,141,2,0.571464777437989
39,142,5,0.70266822120785
39,143,-4,0.352608825242721
39,144,1,-1.79738391153206
39,145,-1,-0.586301686085706
39,146,-1,0.0853212505856926
39,147,2,0.315419658971632
39,148,0,0.641344072654269
39,149,1,-0.783023646170503
39,150,-2,-0.0122597451098978
39,151,-1,0.117183970815824
39,152,0,0.343475406352217
39,153,1,0.761474823390626
39,154,0,0.307415581501201
39,155,-1,0.681937478960289
39,156,0,0.482929233145211
39,157,2,0.496822822868011
39,158,-1,0.285490893428545
39,159,-1,0.468622063233945
39,160,-3,0.33765463860175
39,161,1,1.1502128838768
39,162,5,0.761619835644106
39,163,-1,0.345916684971441
39,164,1,-2.1436115539515
39,165,-2,-0.60642962374744
39,166,-1,0.369591879589802
39,167,3,0.177201501626209
39,168,-3,0.41294112138003
39,169,0,-1.0016801328787
39,170,2,0.365491101309057
39,171,-1,-0.217456141471972
39,172,-2,0.262143800032362
39,173,0,0.747994813856293
39,174,1,0.178973501133444
39,175,-1,0.403487617706646
39,176,0,0.79993420323839
39,177,2,0.262168332390384
39,178,0,0.32569525190412
39,179,3,0.184351434229835
39,180,0,-0.414527098392109
39,181,0,-0.726299505588389
39,182,0,-0.582784489404996
39,183,-2,0.20571504133914
39,184,0,0.0934973611890301
39,185,1,0.702065416622023
39,186,-1,-0.0462520180288214
39,187,0,0.673864656987957
39,188,-1,0.570175102621122
39,189,-1,0.800298500165149
39,190,-1,0.700684734920971
39,191,0,1.13161064016959
39,192,3,0.933205198940343
39,193,-1,0.465294090950594
39,194,0,-0.184433313259703
39,195,-1,-0.085198444674542
39,196,1,0.628568124615431
39,197,1,0.132143476912751
39,198,2,0.576453662703935
39,199,-2,-0.767269320032022
39,200,-1,0.316510316165722
39,201,0,0.119027764305177
39,202,0,0.549540089365333
39,203,0,0.647553888235182
39,204,1,0.801314884939442
39,205,0,0.123172297929735
39,206,0,0.343933198684563
39,207,1,0.198658604141101
39,208,-1,0.219244334135181
39,209,0,0.376064735187805
39,210,1,0.318036010120255
39,211,-1,0.483896334657796
39,212,1,0.461929922962664
39,213,-2,0.285904473617012
39,214,-1,0.839122176939672
39,215,0,0.555410140377509
39,216,1,0.887544369641059
39,217,1,0.615422351731939
39,218,0,0.523736396206612
39,219,1,0.205350744412381
39,220,0,-0.045407666387434
39,221,2,0.13199846465927
39,222,1,-0.243813107616685
39,223,-2,-0.0195104778231258
39,224,2,0.00496181689625197
39,225,-1,-0.0507191249576628
39,226,-1,0.309404595705975
39,227,6,0.2572459216506
39,228,-2,0.145138709624867
39,229,-2,-2.47716363696695
39,230,1,-0.357509686981022
39,231,4,0.111387983761504
39,232,-1,-0.198565858505868
39,233,-1,-1.01627550250111
39,234,-1,-1.6914788551216
39,235,-5,0.536010796569292
39,236,1,0.224951299553376
39,237,1,1.37858328635371
39,238,-2,-0.26170146021342
39,239,2,0.951078848794029
39,240,2,0.665493794069364
39,241,3,-0.0391291063046209
39,242,-1,-0.733690627301566
39,243,-4,-0.845263331379076
39,244,-1,-0.00233312796085505
39,245,2,0.853938656031177
39,246,-2,-0.0694123755490483
39,247,1,0.967133485854508
39,248,0,-0.0113098348617664
39,249,0,0.562924369907894
39,250,4,0.118249887189952
39,251,4,0.154981261128695
39,252,-9,-2.24237361752495
39,253,-1,-0.968492310090124
39,254,-2,0.293839588039877
39,255,0,0.316003240571667
39,256,1,1.23522592211663
39,257,0,0.866232315769202
39,258,2,1.28350072111339
39,259,1,0.134395531134616
39,260,2,-0.0195104778231258
39,261,2,-0.627842514118454
39,262,-2,-0.528228748874276
39,263,0,-0.326350323108194
39,264,-4,-0.125038506223359
39,265,0,0.628890697919714
39,266,0,0.86041151162918
39,267,-2,0.67209492745646
39,268,4,0.815166751039767
39,269,3,0.731740353362728
39,270,2,-1.54364530052117
39,271,2,-1.75784892208677
39,272,2,-0.977124032968357
39,273,-2,-1.38302412217348
39,274,-8,-0.538285057133487
39,275,1,0.0904802988634047
39,276,0,0.48489776175382
39,277,-1,0.22016971202529
39,278,1,0.987913511363778
39,279,-1,1.03917133988707
39,280,1,1.68457534325768
39,281,3,0.245700115141437
39,282,1,0.174186309421723
39,283,-3,-1.01762657179054
39,284,1,0.0647848038533219
39,285,-1,0.0149246297498745
39,286,-2,0.302712455434694
39,287,3,0.76596419270175
39,288,-1,0.168444079398575
39,289,-1,-0.171920405237955
39,290,2,0.244733013628852
39,291,0,0.525481374834422
39,292,5,0.196864342251582
39,293,5,-0.328661910617251
39,294,3,-3.24909659354862
39,295,0,-4.1628213189018
39,296,-1,-2.30715507152604
39,297,0,-1.41405520825722
39,298,3,-0.179185737683442
39,299,-1,-1.35687636274895
39,300,-11,-1.54252994043309
39,301,-3,0.541509361077615
39,302,6,1.76063119181666
39,303,9,0.31914812388632
39,304,3,-2.03130853423545
39,305,-4,-6.263486886282
39,306,4,0.1690312272428
39,307,-2,-1.43307352067429
39,308,-9,-1.5145136350791
39,309,-7,-0.507514579490905
39,310,1,0.60653011033084
39,311,2,-0.53813911378038
39,312,-2,-1.17034400420962
39,313,0,1.08796787767585
39,314,0,2.53517096287586
39,315,-1,0.95209198715981
39,316,1,0.541102970466243
39,317,1,0.67662602039006
39,318,-2,0.142377346222763
39,319,2,0.48154855144416
39,320,0,0.16121560906763
39,321,0,0.277273059202732
39,322,1,-0.0203325670822299
39,323,1,0.385518238861189
39,324,0,-0.0664069765699808
39,325,-2,0.0792811981619478
39,326,1,0.121188811642857
39,327,-1,0.331929599843054
39,328,1,0.64071673571042
39,329,3,0.331565302916296
39,330,-4,0.300255855672157
39,331,1,-0.226621158022156
39,332,0,0.0288675027343828
39,333,-1,0.224920089632167
39,334,1,0.322111799242912
39,335,1,0.842899925116069
39,336,-2,-0.291698970258408
39,337,1,0.48154855144416
39,338,2,0.319416691821306
39,339,5,0.0802482996745325
39,340,3,-0.469038626778951
39,341,-6,-2.95045232010708
39,342,-5,-1.22642255792984
39,343,9,0.495159421364012
39,344,-1,0.0883726384947575
39,345,-7,-4.97748986555975
39,346,-1,-0.738056279330987
39,347,2,1.13508340616076
39,348,0,-0.384965715645551
39,349,3,1.21633365390247
39,350,3,-2.03629879496055
39,351,-9,-0.552903903825354
39,352,3,-2.66430729970833
39,353,0,0.0115524453226454
39,354,3,-1.23372810182267
39,355,1,-0.410670593942729
39,356,2,-0.451753400324498
39,357,-1,-0.19485923628252
39,358,2,-0.139490688388106
39,359,-1,-1.34310552289735
39,360,1,0.349608954181549
39,361,-1,-0.887104518343521
40,1,2,1.18923793291489
40,2,0,1.07415517737772
40,3,1,0.61057101483741
40,4,-1,0.903073414117879
40,5,3,1.08860972118731
40,6,3,0.322544741917254
40,7,-1,-0.796241768014493
40,8,-3,-1.45262393773599
40,9,-3,0.12333842570235
40,10,2,0.761063908671407
40,11,4,0.559283322868151
40,12,-4,-0.230859187329752
40,13,-1,-1.39445315866328
40,14,1,0.351606719301983
40,15,-3,0.102056928437452
40,16,-1,0.811600222002979
40,17,-2,0.95659854084278
40,18,1,0.123104954908378
40,19,3,0.96445362072846
40,20,-2,0.666977734926626
40,21,4,-0.279794277600958
40,22,-1,-0.252823948986451
40,23,-4,-1.46394731692861
40,24,1,0.0135254778084901
40,25,0,0.909587020487794
40,26,1,-0.416769752886671
40,27,3,0.619187141639893
40,28,-2,-0.544917671064347
40,29,1,-0.689051181694376
40,30,-3,-0.144154814224038
40,31,2,0.523536288657019
40,32,-2,0.218347130688678
40,33,0,0.818115988976352
40,34,-1,-0.189980007729334
40,35,-1,0.963039855911599
40,36,0,0.652685062204139
40,37,-1,1.03308279694383
40,38,1,0.58019956992052
40,39,-1,0.680766581910755
40,40,-3,0.797964001059969
40,41,2,0.800815739526766
40,42,2,0.836627557363334
40,43,0,0.205157036301116
40,44,4,0.192741379341488
40,45,3,-0.246217127378213
40,46,-4,-2.1537997129203
40,47,-1,-1.22515726584552
40,48,-1,-0.266642650868099
40,49,1,-0.121715571713669
40,50,-4,0.709182836928221
40,51,0,0.638622169633678
40,52,0,0.307260074238983
40,53,-1,0.711855678344469
40,54,2,0.83090977664681
40,55,1,0.821360161936909
40,56,-2,0.341907690770146
40,57,-2,0.239540785537894
40,58,2,0.648751082012149
40,59,1,0.376728321516387
40,60,-4,0.407864025569263
40,61,1,0.473502377779173
40,62,3,0.658845757256929
40,63,-2,-0.085579738461092
40,64,-1,-0.328271465899941
40,65,1,0.228478895264834
40,66,2,0.306685380484161
40,67,2,0.183083585606172
40,68,2,0.117326484467335
40,69,-3,-1.01331146417723
40,70,-2,-0.149564130639142
40,71,-1,0.206483618706455
40,72,0,0.624069573526392
40,73,0,0.535808987854646
40,74,-1,0.901183007843891
40,75,0,0.593501055552679
40,76,1,0.703083713281684
40,77,0,0.57510502387544
40,78,-2,0.445647786026899
40,79,0,0.595943606804073
40,80,-2,0.615053927787622
40,81,2,0.798207681735954
40,82,-2,0.660614593994372
40,83,1,0.90831091792496
40,84,0,0.341995533185829
40,85,-1,0.619495605941314
40,86,-1,0.320520835087451
40,87,3,0.839834367750714
40,88,0,0.0421215431483057
40,89,0,-0.278315729158661
40,90,3,0.0299832939855238
40,91,-2,-0.0216359210754026
40,92,-1,-0.702352667326535
40,93,0,0.171064235363647
40,94,-3,-0.0866180431834109
40,95,1,0.862242553756509
40,96,2,1.02839743811415
40,97,1,-0.159821186983855
40,98,0,0.18136135648789
40,99,0,0.1774273762959
40,100,0,-0.0383374179284209
40,101,0,0.152989548486128
40,102,0,0.357618000532837
40,103,0,0.161927020088332
40,104,1,0.472051523630937
40,105,0,0.359539463311399
40,106,1,0.35545285707829
40,107,0,0.143973902747358
40,108,-3,0.265257928129681
40,109,0,0.47958862092741
40,110,0,0.731652594340269
40,111,1,0.573183561096878
40,112,0,0.630124250157225
40,113,-1,0.698753426372591
40,114,-1,0.368998023386435
40,115,2,0.610967321554513
40,116,0,0.464758107010449
40,117,2,0.544614680038292
40,118,0,0.0205247339104886
40,119,-1,0.172897855726526
40,120,-2,-0.0754345833738066
40,121,1,0.633284452925443
40,122,-2,0.269310807241929
40,123,2,0.886237467230016
40,124,0,0.249358052985827
40,125,0,0.593091868337275
40,126,-1,0.106876737301973
40,127,-1,0.633040772249458
40,128,0,0.472295204306922
40,129,-1,0.804215750747625
40,130,2,0.58019956992052
40,131,0,0.568254521591217
40,132,1,0.568853274187784
40,133,0,0.0186032711319264
40,134,-2,0.289496522279173
40,135,-1,0.252643037509772
40,136,-1,0.72756598810716
40,137,2,0.492169784426458
40,138,5,0.759581488005766
40,139,-4,0.210921424636803
40,140,1,-2.00639146486844
40,141,-1,-0.317850008097334
40,142,-1,0.00368878702262534
40,143,2,0.388642313341115
40,144,0,0.636606290009736
40,145,1,-0.810316857230227
40,146,-2,0.133036794230027
40,147,-1,0.0227755996288688
40,148,0,0.373328310295528
40,149,1,0.714020821799016
40,150,0,0.330936855131952
40,151,-1,0.674514832223099
40,152,0,0.483431546484535
40,153,2,0.498455261234975
40,154,-1,0.348159440457802
40,155,-1,0.44156117979379
40,156,-3,0.384464652473141
40,157,1,0.961362073809022
40,158,5,0.786228906285789
40,159,-1,0.21308656809135
40,160,1,-2.2580967309084
40,161,-2,-0.348584032610466
40,162,-1,0.230634370440264
40,163,3,0.234656193047937
40,164,-3,0.490918163938502
40,165,0,-1.20551615651996
40,166,2,0.494212816741565
40,167,-1,-0.185303343481204
40,168,-2,0.278650468396707
40,169,0,0.725843758988879
40,170,1,0.120175552317845
40,171,-1,0.436432906627848
40,172,0,0.762788298393146
40,173,2,0.291827172273139
40,174,0,0.372398034607293
40,175,3,0.214615596376152
40,176,0,-0.182182255357658
40,177,0,-0.764466076568528
40,178,0,-0.403512204257385
40,179,-2,0.201466736785111
40,180,0,0.0436505714331081
40,181,1,0.705248856736231
40,182,-1,-0.0451439832097697
40,183,0,0.648354775295045
40,184,-1,0.601951675815744
40,185,-1,0.709934215565907
40,186,-1,0.676923656353631
40,187,0,1.03116133416526
40,188,3,0.894410679696233
40,189,-1,0.554709355283073
40,190,0,-0.266935706305064
40,191,-1,0.0563870315895619
40,192,1,0.52954435766869
40,193,1,0.223032489518354
40,194,2,0.572939880420893
40,195,-2,-0.615190902261428
40,196,-1,0.27255134475017
40,197,0,0.182001343880979
40,198,0,0.509392369752307
40,199,0,0.639139895895995
40,200,1,0.791113498775746
40,201,0,0.163848482866895
40,202,0,0.35545285707829
40,203,1,0.256485963066896
40,204,-1,0.269344534362791
40,205,0,0.353531394299728
40,206,1,0.373084629619543
40,207,-1,0.484910094926831
40,208,1,0.443726323248337
40,209,-2,0.375006092398105
40,210,-1,0.705847609332798
40,211,0,0.577956762342237
40,212,1,0.828454344897116
40,213,1,0.641061358674557
40,214,0,0.562002771903561
40,215,1,0.25432081961235
40,216,0,0.0537789737987499
40,217,2,0.150824405031581
40,218,1,-0.0829716806702796
40,219,-2,0.0361472012574964
40,220,2,0.0349123334911846
40,221,-1,0.0842693176358971
40,222,-1,0.247869836264413
40,223,6,0.335987464174158
40,224,-2,-0.132503926413225
40,225,-2,-2.75094988230665
40,226,1,-0.158491933962228
40,227,4,0.0714418028445772
40,228,-1,-0.156374058131004
40,229,-1,-1.10080322401935
40,230,-1,-1.57305039221847
40,231,-5,0.441514572174628
40,232,1,0.0157468023227625
40,233,1,1.36272680868538
40,234,-2,-0.267238701258313
40,235,2,0.930319584994469
40,236,2,0.746631862075006
40,237,3,0.0247671784038991
40,238,-1,-0.463856776761935
40,239,-4,-0.854218091180871
40,240,-1,-0.0172551543238037
40,241,2,0.767071977683078
40,242,-2,0.0159614862202522
40,243,1,0.84453260707869
40,244,0,0.0892856895444111
40,245,0,0.505062082843214
40,246,4,0.208008774767913
40,247,4,0.160675399600377
40,248,-9,-2.28161289578712
40,249,-1,-1.25666032724859
40,250,-2,0.4109096248737
40,251,0,0.210726063199866
40,252,1,1.27483468544535
40,253,0,0.764828150079135
40,254,2,1.26749274580337
40,255,1,0.260328888624021
40,256,2,0.0361472012574964
40,257,2,-0.415135907786967
40,258,-2,-0.382125348574691
40,259,0,-0.286314785108171
40,260,-4,-0.0207056453871678
40,261,0,0.418283917837108
40,262,0,0.889969001542542
40,263,-2,0.606359626848574
40,264,4,0.747730856521843
40,265,3,0.71293470785048
40,266,2,-1.52897724826284
40,267,2,-1.49097272366933
40,268,2,-0.76477928140379
40,269,-2,-1.14561993047974
40,270,-8,-0.49094323715488
40,271,1,-0.165416196556779
40,272,0,0.478388445117989
40,273,-1,0.212416725800743
40,274,1,1.0092999976289
40,275,-1,0.991286882157634
40,276,1,1.60082363376882
40,277,3,0.350767498248614
40,278,1,0.257720830833208
40,279,-3,-0.936392433704381
40,280,1,0.0705309504942735
40,281,-1,0.108751592461373
40,282,-2,0.25003497971896
40,283,3,0.754260014006345
40,284,-1,0.21613486960214
40,285,-1,-0.280237191937224
40,286,2,0.349288949806317
40,287,0,0.537473889458923
40,288,5,0.201314110743992
40,289,5,-0.317011447048125
40,290,3,-3.47870268054723
40,291,0,-3.87416806704024
40,292,-1,-2.11287866623456
40,293,0,-1.2809663384197
40,294,3,-0.139668689054642
40,295,-1,-1.23371768022836
40,296,-11,-1.62186724357358
40,297,-3,0.18202564472989
40,298,6,1.5454087670975
40,299,9,0.109235081589999
40,300,3,-2.5183085664021
40,301,-4,-6.24348368435617
40,302,4,0.307329670395748
40,303,-2,-1.24739732816141
40,304,-9,-1.69473582590337
40,305,-7,-0.67754821385698
40,306,1,0.140547853662694
40,307,2,-0.489787638415185
40,308,-2,-1.07210951270997
40,309,0,0.979205450496026
40,310,0,2.53254748670382
40,311,-1,0.908657042652185
40,312,1,0.536086395651492
40,313,1,0.705005176060246
40,314,-2,0.148381853780188
40,315,2,0.455106346101934
40,316,0,0.288897769682606
40,317,0,0.249791299042975
40,318,1,0.106876737301973
40,319,1,0.408016651610382
40,320,0,0.014073750562552
40,321,-2,0.139887296514249
40,322,1,0.081190651214759
40,323,-1,0.388108344369984
40,324,1,0.569096954863769
40,325,3,0.440962427197223
40,326,-4,0.372154353931309
40,327,1,-0.373832132106691
40,328,0,0.203476041979356
40,329,-1,0.186000107698405
40,330,1,0.386477169886569
40,331,1,0.843677293307838
40,332,-2,-0.276176172860517
40,333,1,0.455106346101934
40,334,2,0.401409830002144
40,335,5,0.141365844956546
40,336,3,-0.47331533683697
40,337,-6,-2.85993222190432
40,338,-5,-1.2816550405696
40,339,9,0.407665451913143
40,340,-1,-0.24529288451678
40,341,-7,-5.30583655211471
40,342,-1,-0.666777663494792
40,343,2,0.936873916148075
40,344,0,-0.280092576624623
40,345,3,1.20021777682804
40,346,3,-1.88638221616129
40,347,-9,-0.471705394976517
40,348,3,-2.90575662013069
40,349,0,0.266621873108198
40,350,3,-1.29252051779
40,351,1,-0.0437275477766215
40,352,2,-0.557520365038984
40,353,-1,0.0677724967251567
40,354,2,-0.134784096564686
40,355,-1,-1.12124955691169
40,356,1,0.272108430413904
40,357,-1,-0.713914115596837
40,358,3,0.617574143162752
40,359,-2,-0.413248172129267
40,360,0,-0.119247943318703
40,361,-3,-0.275810922647988
41,1,1,0.333055085554254
41,2,-3,0.131466402355094
41,3,-1,0.817015656452876
41,4,-2,0.946705741980058
41,5,1,0.0670456609380362
41,6,3,0.989846659728659
41,7,-2,0.691163483375407
41,8,4,-0.283441119138997
41,9,-1,-0.277993199630662
41,10,-4,-1.42661478200296
41,11,1,-0.0414319417856612
41,12,0,0.966547166566856
41,13,1,-0.473736182460456
41,14,3,0.608269323832742
41,15,-2,-0.624234815841084
41,16,1,-0.695713372046029
41,17,-3,-0.171253305370169
41,18,2,0.550789429285038
41,19,-2,0.211013431712791
41,20,0,0.845242572369115
41,21,-1,-0.273090253959807
41,22,-1,1.00335010290237
41,23,0,0.659074286441319
41,24,-1,1.07003931678977
41,25,1,0.574084371912371
41,26,-1,0.695572005949281
41,27,-3,0.823468325603677
41,28,2,0.80278327755903
41,29,2,0.878773107101061
41,30,0,0.213037861790295
41,31,4,0.159677840722446
41,32,3,-0.26048103141682
41,33,-4,-2.1431673187053
41,34,-1,-1.27901831182159
41,35,-1,-0.307298251627902
41,36,1,-0.128996766898676
41,37,-4,0.721501421777125
41,38,0,0.582120662880943
41,39,0,0.259484587413943
41,40,-1,0.74243982333324
41,41,2,0.832210506544656
41,42,1,0.846098134077859
41,43,-2,0.35627547555875
41,44,-2,0.214598437860341
41,45,2,0.662500519783593
41,46,1,0.404291742696011
41,47,-4,0.41552973106375
41,48,1,0.424825931809282
41,49,3,0.681014693728458
41,50,-2,-0.0741267669336575
41,51,-1,-0.341859529434675
41,52,1,0.185856059527288
41,53,2,0.33760252880861
41,54,2,0.187619357844797
41,55,2,0.103596465048252
41,56,-3,-1.10550905022311
41,57,-2,-0.175899568281254
41,58,-1,0.19971619231254
41,59,0,0.65791350790502
41,60,0,0.523100919999095
41,61,-1,0.901537421346626
41,62,0,0.578200006441688
41,63,1,0.721136953917058
41,64,0,0.599202209564785
41,65,-2,0.449001014763185
41,66,0,0.596500707083235
41,67,-2,0.63646419446656
41,68,2,0.823614769625956
41,69,-2,0.673797759183844
41,70,1,0.933706033021953
41,71,0,0.325366773660384
41,72,-1,0.650185661478062
41,73,-1,0.306381222366264
41,74,3,0.864374567685513
41,75,0,0.0332979779794088
41,76,0,-0.25517466868967
41,77,3,-0.00555204364923367
41,78,-2,-0.0078020209063227
41,79,-1,-0.699829006575346
41,80,0,0.145266972523901
41,81,-3,-0.113972627863066
41,82,1,0.879224767950894
41,83,2,1.05617140575599
41,84,1,-0.20189313135114
41,85,0,0.15920646337319
41,86,0,0.162632696715465
41,87,0,-0.0438283630650288
41,88,0,0.15819212885917
41,89,0,0.364328255312686
41,90,0,0.140362805566879
41,91,1,0.482000921113363
41,92,0,0.367972512492748
41,93,1,0.360537554110346
41,94,0,0.13674281542071
41,95,-3,0.272074093457507
41,96,0,0.475183784102496
41,97,0,0.757927561469578
41,98,1,0.595557952384724
41,99,0,0.633362894451263
41,100,-1,0.713555551512378
41,101,-1,0.364799632661942
41,102,2,0.629029236084158
41,103,0,0.488964502146509
41,104,2,0.558767344832205
41,105,0,-0.00237916381842773
41,106,-1,0.179819931602329
41,107,-2,-0.101775396011451
41,108,1,0.654594184051936
41,109,-2,0.265145496422981
41,110,2,0.908287529076454
41,111,0,0.218602612365999
41,112,0,0.617185755127883
41,113,-1,0.0787957824742878
41,114,-1,0.654447740029657
41,115,0,0.482147365135642
41,116,-1,0.834693985188419
41,117,2,0.574084371912371
41,118,0,0.581543597328665
41,119,1,0.587976549980044
41,120,0,-0.00602342099848918
41,121,-2,0.301283298605346
41,122,-1,0.243482709681203
41,123,-1,0.750492603087176
41,124,2,0.489411612461873
41,125,5,0.783564089252864
41,126,-4,0.22397063333048
41,127,1,-2.00296148666639
41,128,-1,-0.361576760360371
41,129,-1,0.028133024937452
41,130,2,0.369426179073603
41,131,0,0.647226254950574
41,132,1,-0.92545778315441
41,133,-2,0.111649244802188
41,134,-1,0.0114076760147462
41,135,0,0.372381035066622
41,136,1,0.74623052453558
41,137,0,0.316818349523301
41,138,-1,0.68434634636454
41,139,0,0.482472298462619
41,140,2,0.515000827463542
41,141,-1,0.367501135143492
41,142,-1,0.441566056380783
41,143,-3,0.372705968393599
41,144,1,0.999852289744589
41,145,5,0.816710439625322
41,146,-1,0.22776133453282
41,147,1,-2.27852820969701
41,148,-2,-0.40215806911523
41,149,-1,0.259834099358745
41,150,3,0.225499164118105
41,151,-3,0.52181796447441
41,152,0,-1.3088511101616
41,153,2,0.476510723160496
41,154,-1,-0.180476355045501
41,155,-2,0.265474980284428
41,156,0,0.72207970861557
41,157,1,0.0959541997927903
41,158,-1,0.452320338616269
41,159,0,0.769165549837317
41,160,2,0.265941807099213
41,161,0,0.396710340291331
41,162,3,0.209864981959489
41,163,0,-0.204871033091882
41,164,0,-0.751794747720223
41,165,0,-0.447033501704105
41,166,-2,0.216610539154848
41,167,0,0.0154016254060785
41,168,1,0.724927655119398
41,169,-1,-0.0840740215281837
41,170,0,0.651492884036639
41,171,-1,0.607579922645698
41,172,-1,0.738795566153179
41,173,-1,0.688283491589158
41,174,0,1.06639505960971
41,175,3,0.923157445841257
41,176,-1,0.577281518777069
41,177,0,-0.254703291340414
41,178,-1,0.0274478627009451
41,179,1,0.561868644847501
41,180,1,0.224881342746571
41,181,2,0.595411508362445
41,182,-2,-0.693561730643054
41,183,-1,0.265110512424362
41,184,0,0.170360543142423
41,185,0,0.540094398082064
41,186,0,0.654812207889723
41,187,1,0.805809713367557
41,188,0,0.144007062746941
41,189,0,0.360537554110346
41,190,1,0.250771224041326
41,191,-1,0.279509051839909
41,192,0,0.356893296930284
41,193,1,0.372234591044343
41,194,-1,0.510738748911947
41,195,1,0.445356757583123
41,196,-2,0.375878848224405
41,197,-1,0.731360607770777
41,198,0,0.578517161520138
41,199,1,0.863903190336258
41,200,1,0.658456465069785
41,201,0,0.570317937743924
41,202,1,0.246980522838986
41,203,0,0.0482793547678715
41,204,2,0.15440142765683
41,205,1,-0.0949582590005835
41,206,-2,0.036582317833874
41,207,2,0.00846231140682518
41,208,-1,0.0887142195004517
41,209,-1,0.260523500545789
41,210,6,0.314287558097921
41,211,-2,-0.132696171786084
41,212,-2,-2.70428922361542
41,213,1,-0.22825758361808
41,214,4,0.087382729907982
41,215,-1,-0.158110125197113
41,216,-1,-1.09373887548081
41,217,-1,-1.76873479833506
41,218,-5,0.477195885397003
41,219,1,-0.0132560539220371
41,220,1,1.41265517103339
41,221,-2,-0.34103937762417
41,222,2,0.917354643344411
41,223,2,0.765541009156677
41,224,3,0.411927706639661
41,225,-1,-0.506216177393595
41,226,-4,-0.864880401642328
41,227,-1,-0.0463834215243005
41,228,2,0.812376781258217
41,229,-2,0.000444515651508381
41,230,1,0.828249094286145
41,231,0,0.0243177451172868
41,232,0,0.532512995677384
41,233,4,0.192352813745648
41,234,4,0.172769157579416
41,235,-9,-2.30423425576605
41,236,-1,-1.28747295063903
41,237,-2,0.410427001861632
41,238,0,0.238206296615586
41,239,1,1.28163783486427
41,240,0,0.721805315784268
41,241,2,1.50930662535246
41,242,1,0.258059738401449
41,243,2,0.036582317833874
41,244,2,-0.447651323075639
41,245,-2,-0.397139248511618
41,246,0,-0.319137182049709
41,247,-4,-0.0321313261310315
41,248,0,0.415433884214348
41,249,0,0.909435978829756
41,250,-2,0.606937834240272
41,251,4,0.722273465419465
41,252,3,0.739504683839645
41,253,2,-1.49966536872623
41,254,2,-1.55091651063825
41,255,2,-0.801180232360016
41,256,-2,-1.1875230694392
41,257,-8,-0.525273308503225
41,258,1,-0.262491069606235
41,259,0,0.475360661588925
41,260,-1,0.191710725340222
41,261,1,0.966214533939521
41,262,-1,1.00071562970186
41,263,1,2.0913900586225
41,264,3,0.346669643076566
41,265,1,0.278891230468375
41,266,-3,-0.949335137255038
41,267,1,0.0381428939039195
41,268,-1,0.118069868670569
41,269,-2,0.264314201748129
41,270,3,0.748009124443413
41,271,-1,0.195350431985813
41,272,-1,-0.258818925869731
41,273,2,0.318403192627238
41,274,0,0.576592117590026
41,275,5,0.205749347430172
41,276,5,-0.344464389680276
41,277,3,-3.51542438315934
41,278,0,-3.93633089628168
41,279,-1,-2.17333361503893
41,280,0,-1.35230584349552
41,281,3,-0.132616757044845
41,282,-1,-1.34842506726442
41,283,-11,-1.73892841932703
41,284,-3,0.0805516866029197
41,285,6,1.60809005929009
41,286,9,0.128895730721564
41,287,3,-2.49289229727054
41,288,-4,-6.31146984116687
41,289,4,0.253133130989882
41,290,-2,-1.27188322434572
41,291,-9,-1.66560437078438
41,292,-7,-0.881090188106309
41,293,1,-0.0116683222236493
41,294,2,-0.563459074067758
41,295,-2,-1.19443528774111
41,296,0,0.889285177413036
41,297,0,2.87679729170244
41,298,-1,1.54608132954418
41,299,1,0.537610919438302
41,300,1,0.72478121109712
41,301,-2,0.136100727015283
41,302,2,0.445828134932379
41,303,0,0.294850345953968
41,304,0,0.26416775772585
41,305,1,0.0787957824742878
41,306,1,0.426390922788425
41,307,0,0.0111638138883752
41,308,-2,0.129307857038308
41,309,1,0.0487264650832349
41,310,-1,0.404763120045267
41,311,1,0.588122994002322
41,312,3,0.435133103729404
41,313,-4,0.396563896269052
41,314,1,-0.379193094151959
41,315,0,0.189346094436543
41,316,-1,0.208704203423191
41,317,1,0.365635477871264
41,318,1,0.871663082045636
41,319,-2,-0.323210054331879
41,320,1,0.445828134932379
41,321,2,0.408878754574584
41,322,5,0.157574307487636
41,323,3,-0.503043297562789
41,324,-6,-2.8604146025157
41,325,-5,-1.34144544715739
41,326,9,0.409571440152887
41,327,-1,-0.213732452305048
41,328,-7,-5.27713715088462
41,329,-1,-0.897603289305327
41,330,2,1.71497900147777
41,331,0,0.0822942917205265
41,332,3,1.20722077454991
41,333,3,-2.14347650200685
41,334,-9,0.151242990683736
41,335,3,-3.06730877080563
41,336,0,0.274006525104044
41,337,3,-1.30368462424954
41,338,1,-0.110620247491083
41,339,2,-0.578508855880549
41,340,-1,0.281581247933215
41,341,2,-0.143517483302609
41,342,-1,-1.21180961241677
41,343,1,0.289732705693628
41,344,-1,-0.803181616689796
41,345,3,0.646541404298
41,346,-2,-0.458370621312506
41,347,0,-0.0863721069534371
41,348,-3,-0.339608756791038
41,349,-2,0.907598127889411
41,350,-3,0.898356763267293
41,351,-1,1.53358790965464
41,352,0,0.773763278680616
41,353,0,1.36463890389613
41,354,4,1.21396633174527
41,355,6,0.467368744685771
41,356,-2,-1.95530762585944
41,357,1,-3.71355583802709
41,358,-6,-1.1303327785448
41,359,2,0.274466275786338
41,360,-4,0.457730866921166
41,361,2,0.048385042970893
42,1,1,-0.235231490245538
42,2,3,0.601761349624108
42,3,-2,-0.901322107868719
42,4,1,-0.0896472392060603
42,5,-3,-0.97630188805996
42,6,2,0.451737567324993
42,7,-2,0.161479352540128
42,8,0,0.786375525574513
42,9,-1,0.0454572391176951
42,10,-1,0.95526843742349
42,11,0,0.772659222798852
42,12,-1,1.04368152882689
42,13,1,0.876434136501197
42,14,-1,0.661778271014325
42,15,-3,0.943852847298393
42,16,2,0.956206219876741
42,17,2,0.835462633035993
42,18,0,0.293863127127243
42,19,4,0.120352416733132
42,20,3,-0.185945991594932
42,21,-4,-1.77761203528521
42,22,-1,-1.36671254389726
42,23,-1,-0.390316460305618
42,24,1,-0.255914311670416
42,25,-4,0.6933815304593
42,26,0,0.583588137968147
42,27,0,0.93953158333307
42,28,-1,0.12030989603497
42,29,2,0.629813989396464
42,30,1,0.82123763734045
42,31,-2,0.955488133456944
42,32,-2,0.162826266123485
42,33,2,0.615764351590016
42,34,1,0.491068122813536
42,35,-4,0.346252292077662
42,36,1,0.417616898198719
42,37,3,0.987603504407464
42,38,-2,0.143615877981814
42,39,-1,-0.365904160487983
42,40,1,0.163632977409812
42,41,2,0.917572293240888
42,42,2,0.101686463383702
42,43,2,0.0353206317765599
42,44,-3,-0.882274482664528
42,45,-2,-0.112181007328407
42,46,-1,-0.236403140322144
42,47,0,0.581214364392882
42,48,0,0.493739847166276
42,49,-1,0.89776504218636
42,50,0,1.06853612283347
42,51,1,1.02393498388262
42,52,0,0.70566282951802
42,53,-2,0.390310502208912
42,54,0,0.555822107611062
42,55,-2,0.754437812410696
42,56,2,0.770554721869315
42,57,-2,0.647616505461288
42,58,1,0.888950382530949
42,59,0,0.641957048658795
42,60,-1,0.57343985702219
42,61,-1,0.599308982253408
42,62,3,0.827364553827739
42,63,0,0.292762471222588
42,64,0,-0.318315289087378
42,65,3,-0.0549008526015279
42,66,-2,0.0476651609777848
42,67,-1,-0.625027400092171
42,68,0,0.101240437420275
42,69,-3,-0.212400309995343
42,70,1,0.841499418684113
42,71,2,0.688669096099639
42,72,1,0.0584328931786606
42,73,0,0.277904415868275
42,74,0,-0.267772958768726
42,75,0,0.367024452618167
42,76,0,0.062048354872979
42,77,0,0.292452418013902
42,78,0,0.0739321964064142
42,79,1,0.420281624198389
42,80,0,0.298828228927489
42,81,1,0.287735645252476
42,82,0,0.063632715613876
42,83,-3,0.18516078829604
42,84,0,0.421617090512988
42,85,0,0.715344704079692
42,86,1,0.527647931327515
42,87,0,0.606552799796798
42,88,-1,0.671223263805936
42,89,-1,0.821456767986426
42,90,2,0.571706141458766
42,91,0,0.417287119731629
42,92,2,0.492960036576612
42,93,0,-0.062612129829714
42,94,-1,0.249508245855094
42,95,-2,-0.0126753322499946
42,96,1,0.590584679773229
42,97,-2,0.197107859971981
42,98,2,0.868412806064325
42,99,0,0.193900770540187
42,100,0,0.71510782230963
42,101,-1,0.370489279853382
42,102,-1,0.59224371792539
42,103,0,0.761900760600062
42,104,-1,0.788023116457915
42,105,2,0.533155961947363
42,106,0,0.540324875743426
42,107,1,0.68985347308158
42,108,0,0.102651146533616
42,109,-2,0.21041513752409
42,110,-1,0.343973576334519
42,111,-1,0.704252120404679
42,112,2,0.435297877752353
42,113,5,0.750266039828988
42,114,-4,0.141351472591087
42,115,1,-1.68953151853428
42,116,-1,-0.252646842308393
42,117,-1,0.0474909439627509
42,118,2,0.338068088189386
42,119,0,0.607508865905652
42,120,1,-0.333710531668106
42,121,-2,0.0588412654411857
42,122,-1,-0.473130001630193
42,123,0,0.487612138955445
42,124,1,0.685448259501479
42,125,0,0.264994822177513
42,126,-1,0.645968914577886
42,127,0,0.777646886893996
42,128,2,0.621891833464783
42,129,-1,0.284741140785716
42,130,-1,0.379217918533899
42,131,-3,0.331719177972462
42,132,1,1.11887267563466
42,133,5,0.778578123666305
42,134,-1,0.146068245352514
42,135,1,-2.13153499218938
42,136,-2,-0.292051509820723
42,137,-1,0.640051719971971
42,138,3,0.162889496265991
42,139,-3,0.448917279873267
42,140,0,-1.19296807639371
42,141,2,0.470566290420699
42,142,-1,-0.522137860133785
42,143,-2,0.372519101170228
42,144,0,0.708830985612335
42,145,1,0.537637787737758
42,146,-1,0.380940186828565
42,147,0,0.376137621629735
42,148,2,0.398580161684605
42,149,0,0.6532736645676
42,150,3,0.129935317078512
42,151,0,-0.28664038205705
42,152,0,-0.689596285993383
42,153,0,-0.540963328111424
42,154,-2,0.11255705332908
42,155,0,-0.0666486316052467
42,156,1,0.685373582090215
42,157,-1,-0.158675113342847
42,158,0,0.614338754436248
42,159,-1,0.207260163208663
42,160,-1,1.0176338503803
42,161,-1,0.649026649187151
42,162,0,1.0373057179133
42,163,3,1.06223706069127
42,164,-1,0.521521014840226
42,165,0,-0.132589113668688
42,166,-1,0.146709356664866
42,167,1,0.64084504919051
42,168,1,0.150461446276378
42,169,2,0.529306969479676
42,170,-2,-0.608851569953533
42,171,-1,0.1881552927628
42,172,0,-0.0883593641211173
42,173,0,0.455044196360556
42,174,0,0.604968439055901
42,175,1,0.778514893523799
42,176,0,0.423586181873835
42,177,0,0.459374732529393
42,178,1,0.185086110884776
42,179,-1,0.196253371971053
42,180,0,0.281359834338889
42,181,1,0.317632089830689
42,182,-1,0.431448885284666
42,183,1,0.383934691295325
42,184,-2,0.324007900744276
42,185,-1,0.834902179428369
42,186,0,0.546377114819451
42,187,1,0.813277465685966
42,188,1,0.782983337246405
42,189,0,0.524515519306986
42,190,1,0.523647512677183
42,191,0,0.132696945934357
42,192,2,0.0573315821115528
42,193,1,-0.185649885841511
42,194,-2,-0.0688385859207733
42,195,2,-0.067577797017438
42,196,-1,0.00212156432193034
42,197,-1,0.153605305565666
42,198,6,0.281210479516361
42,199,-2,-0.236537984503356
42,200,-2,-2.42161471335269
42,201,1,-0.252488644108742
42,202,4,0.136785424063741
42,203,-1,-0.0974104460656675
42,204,-1,-1.12029497678228
42,205,-1,-1.50188646383275
42,206,-5,0.714626052272417
42,207,1,-0.477573230933097
42,208,1,1.42715770011159
42,209,-2,-0.235527369662895
42,210,2,1.10778950072425
42,211,2,0.183420861495718
42,212,3,0.775269762322038
42,213,-1,-0.602241038404977
42,214,-4,-0.954514592257653
42,215,-1,0.215524692559049
42,216,2,0.743731465328272
42,217,-2,-0.082145863472883
42,218,1,0.825071176380233
42,219,0,0.18636107357944
42,220,0,1.13216699994537
42,221,4,-0.0598138392854084
42,222,4,0.0875515985273275
42,223,-9,-2.08407502552764
42,224,-1,-1.31506248083777
42,225,-2,0.383567348902309
42,226,0,0.109313654436023
42,227,1,1.33242598327381
42,228,0,0.748013171481996
42,229,2,1.12641806746616
42,230,1,-0.362583857993133
42,231,2,-0.457621089348939
42,232,2,-0.553391378101037
42,233,-2,-0.528062351461723
42,234,0,-0.430527839104274
42,235,-4,-0.11799636463437
42,236,0,0.33413316452178
42,237,0,0.89995684152594
42,238,-2,0.564786122089001
42,239,4,1.07041658932779
42,240,3,0.710876825744564
42,241,2,-0.909969308412836
42,242,2,-1.63462478924081
42,243,2,-0.947944679632848
42,244,-2,-1.03387137191589
42,245,-8,-0.660931902245197
42,246,1,-0.313246692027584
42,247,0,0.440884591942612
42,248,-1,-0.605987645663987
42,249,1,0.670417007393164
42,250,-1,1.34836174715472
42,251,1,1.88966804586784
42,252,3,0.298753551516225
42,253,1,0.183825321981441
42,254,-3,-0.866349829893074
42,255,1,-0.0282363596476143
42,256,-1,0.197355962674737
42,257,-2,0.158322078327092
42,258,3,0.74043424505731
42,259,-1,0.144422815604204
42,260,-1,0.190226161829786
42,261,2,-0.0643569604192786
42,262,0,0.664689254692698
42,263,5,0.452750592576985
42,264,5,-0.426972315642413
42,265,3,-3.48428356307532
42,266,0,-3.90299338815823
42,267,-1,-2.71096784969867
42,268,0,-1.53439205778365
42,269,3,-0.266213792462954
42,270,-1,-1.47776837802206
42,271,-11,-1.81745511829799
42,272,-3,-0.479732255189103
42,273,6,1.24366659116435
42,274,9,-0.32254839786368
42,275,3,-2.4487372572268
42,276,-4,-6.10648480844411
42,277,4,-0.630963261235419
42,278,-2,-1.32138848163565
42,279,-9,-1.80830007677326
42,280,-7,-0.867263243413729
42,281,1,0.0287866894979236
42,282,2,-0.314585378402862
42,283,-2,-1.10335587993581
42,284,0,0.969587350077094
42,285,0,2.55196392729021
42,286,-1,0.791911150371062
42,287,1,0.491226321013187
42,288,1,0.687032620242376
42,289,-2,0.398406510057048
42,290,2,0.398021779437098
42,291,0,0.232525627462853
42,292,0,0.33162020375617
42,293,1,0.027211105299548
42,294,1,0.34933692738359
42,295,0,0.253902012166436
42,296,-2,0.0525401319388625
42,297,1,-0.0209313833218358
42,298,-1,0.333516123678393
42,299,1,0.516555347652502
42,300,3,0.401328408472661
42,301,-4,0.311654528165927
42,302,1,-0.0874437662616587
42,303,0,0.148679953998353
42,304,-1,0.25901646878921
42,305,1,0.33335131542796
42,306,1,0.840116175654913
42,307,-2,0.267506050634421
42,308,1,0.398021779437098
42,309,2,-0.0120513162572468
42,310,5,0.221259392160284
42,311,3,-0.609952315633164
42,312,-6,-2.9603039677128
42,313,-5,-1.09304359984362
42,314,9,0.348705237136372
42,315,-1,-0.351008130261986
42,316,-7,-5.28147660936367
42,317,-1,-0.819306439060716
42,318,2,1.96301008570923
42,319,0,-0.10352122245381
42,320,3,0.870208045508716
42,321,3,-2.01624662305257
42,322,-9,0.103707258039906
42,323,3,-2.91482333988923
42,324,0,0.23552413808876
42,325,3,-1.45845176325856
42,326,1,-0.109979007500685
42,327,2,-0.627499625421204
42,328,-1,-0.192192373875321
42,329,2,-0.632307361596459
42,330,-1,-1.70526188410957
42,331,1,0.178859654793716
42,332,-1,-1.25082956874131
42,333,3,0.567064046108603
42,334,-2,-0.740552330900605
42,335,0,-0.152729006273964
42,336,-3,-0.220177647593733
42,337,-2,0.83994195863988
42,338,-3,1.05412753421426
42,339,-1,1.5405876935855
42,340,0,1.13287235945983
42,341,0,1.37666044892425
42,342,4,1.36774704359004
42,343,6,0.76380869317852
42,344,-2,-1.55333488863158
42,345,1,-3.61614781178513
42,346,-6,-1.25755232088811
42,347,2,0.124885563714923
42,348,-4,0.43128808319338
42,349,2,-0.00976596725961187
42,350,0,-0.663681306038894
42,351,3,0.220150024832225
42,352,3,-0.694115405087263
42,353,3,-0.714278734345052
42,354,-2,-1.64148387616425
42,355,-5,-1.42648997962578
42,356,-4,-0.45050759871087
42,357,-1,1.1128084239024
42,358,3,0.436077688342017
42,359,-3,0.499496772212422
42,360,-2,0.277464478495949
42,361,-1,1.46129659072506
43,1,2,0.45014661340752
43,2,-2,0.151610425422158
43,3,0,0.791718371390024
43,4,-1,0.0499520174030705
43,5,-1,0.954095768049259
43,6,0,0.77568061652824
43,7,-1,1.0437779809393
43,8,1,0.888270359553522
43,9,-1,0.659373026405396
43,10,-3,0.951230757775575
43,11,2,0.960948272258234
43,12,2,0.82586157493403
43,13,0,0.298520465700256
43,14,4,0.123959856538518
43,15,3,-0.20047832905542
43,16,-4,-1.76475418508901
43,17,-1,-1.36391712486891
43,18,-1,-0.414274097470155
43,19,1,-0.265373833784158
43,20,-4,0.698538666688187
43,21,0,0.599577926386631
43,22,0,0.946719807758621
43,23,-1,0.104562371984502
43,24,2,0.633433143440317
43,25,1,0.816576170870842
43,26,-2,0.970097982379559
43,27,-2,0.162681901220515
43,28,2,0.606888832424851
43,29,1,0.484139573845832
43,30,-4,0.351920297582987
43,31,1,0.425665465363105
43,32,3,0.977954203575706
43,33,-2,0.142545213828727
43,34,-1,-0.347778262844835
43,35,1,0.153103085879392
43,36,2,0.919435519699418
43,37,2,0.102745519658509
43,38,2,0.0335122488519903
43,39,-3,-0.884570479370029
43,40,-2,-0.114233935460264
43,41,-1,-0.26009086489631
43,42,0,0.573674324313664
43,43,0,0.499435234638016
43,44,-1,0.90581315702794
43,45,0,1.08252127982277
43,46,1,1.02742592486036
43,47,0,0.707357873115981
43,48,-2,0.391833083660467
43,49,0,0.554975875116193
43,50,-2,0.749857785290356
43,51,2,0.773523271026379
43,52,-2,0.64389269320974
43,53,1,0.896880917475717
43,54,0,0.641496944553959
43,55,-1,0.571214839287863
43,56,-1,0.606460705142368
43,57,3,0.824039843633626
43,58,0,0.292774918051745
43,59,0,-0.305582820018836
43,60,3,-0.0619327827510446
43,61,-2,0.0361365261473171
43,62,-1,-0.612693928294437
43,63,0,0.0898408273784237
43,64,-3,-0.22017903457574
43,65,1,0.850014571289755
43,66,2,0.67544554499499
43,67,1,0.0651278812503504
43,68,0,0.284996268696575
43,69,0,-0.283204935311557
43,70,0,0.366105133645684
43,71,0,0.0555632189428468
43,72,0,0.289257663671669
43,73,0,0.0720867723289471
43,74,1,0.417789562314796
43,75,0,0.294559556936552
43,76,1,0.286670537574774
43,77,0,0.0567539603383309
43,78,-3,0.18150799148908
43,79,0,0.421142083208182
43,80,0,0.705984090449171
43,81,1,0.52706326026989
43,82,0,0.610047195193633
43,83,-1,0.672266233504158
43,84,-1,0.828192129838444
43,85,2,0.56697604634737
43,86,0,0.411722274253423
43,87,2,0.498519655518666
43,88,0,-0.070587196909313
43,89,-1,0.248751038887699
43,90,-2,-0.0166627032084486
43,91,1,0.585043505639921
43,92,-2,0.191836615742713
43,93,2,0.876098691015178
43,94,0,0.188916205268798
43,95,0,0.720251080214742
43,96,-1,0.37395700180903
43,97,-1,0.58775827280791
43,98,0,0.765060234309224
43,99,-1,0.78671418365304
43,100,2,0.538284920391106
43,101,0,0.536143021027151
43,102,1,0.696881727657308
43,103,0,0.0991036294070117
43,104,-2,0.204877344046514
43,105,-1,0.344372898768017
43,106,-1,0.698095071087393
43,107,2,0.435709500402307
43,108,5,0.750579265067938
43,109,-4,0.139433425913698
43,110,1,-1.65576720156998
43,111,-1,-0.276792801041514
43,112,-1,0.0398223314177226
43,113,2,0.340855585605106
43,114,0,0.60351643139752
43,115,1,-0.312852524743028
43,116,-2,0.0526428084689317
43,117,-1,-0.497762214216526
43,118,0,0.483380942869818
43,119,1,0.681551637567346
43,120,0,0.268455557077183
43,121,-1,0.648896880946723
43,122,0,0.781731308900364
43,123,2,0.618738760550333
43,124,-1,0.2806032495134
43,125,-1,0.383944064298689
43,126,-3,0.32505929787975
43,127,1,1.12107182719759
43,128,5,0.773820976554279
43,129,-1,0.142020552010593
43,130,1,-2.09802203850216
43,131,-2,-0.307923531889632
43,132,-1,0.641569674601511
43,133,3,0.156486972088048
43,134,-3,0.44039352007574
43,135,0,-1.16708059680373
43,136,2,0.459956190112152
43,137,-1,-0.551927440895746
43,138,-2,0.383666180121901
43,139,0,0.705353100544251
43,140,1,0.541080694993601
43,141,-1,0.380463902334211
43,142,0,0.374060104233955
43,143,2,0.397456717338213
43,144,0,0.65395804123325
43,145,3,0.132182160277317
43,146,0,-0.298979748373252
43,147,0,-0.68388333529293
43,148,0,-0.552691024766122
43,149,-2,0.102301924057715
43,150,0,-0.0670489128439473
43,151,1,0.680027611794842
43,152,-1,-0.159040426436926
43,153,0,0.620225635124406
43,154,-1,0.193469358209275
43,155,-1,1.02364805736798
43,156,-1,0.64876923987563
43,157,0,1.03847608767441
43,158,3,1.06686944931994
43,159,-1,0.519599587507105
43,160,0,-0.116633793014476
43,161,-1,0.139016415484492
43,162,1,0.638330245615389
43,163,1,0.145245431832884
43,164,2,0.529778027437878
43,165,-2,-0.608845384084734
43,166,-1,0.187575279550453
43,167,0,-0.105752730704548
43,168,0,0.447857192838525
43,169,0,0.608856453798149
43,170,1,0.780015905686746
43,171,0,0.427374104756246
43,172,0,0.461663257155982
43,173,1,0.179983965716576
43,174,-1,0.189397010850858
43,175,0,0.28136864430989
43,176,1,0.311102990456598
43,177,-1,0.427202607449079
43,178,1,0.386531190395584
43,179,-2,0.316404883721481
43,180,-1,0.840766318424998
43,181,0,0.542082668017431
43,182,1,0.810083536210474
43,183,1,0.78915106664424
43,184,0,0.525666875568479
43,185,1,0.527382278782097
43,186,0,0.126584133833845
43,187,2,0.052976092845952
43,188,1,-0.195007943683042
43,189,-2,-0.0728410386291876
43,190,2,-0.0710125435083068
43,191,-1,-0.0145630877312559
43,192,-1,0.154360771439267
43,193,6,0.278320592764882
43,194,-2,-0.251629933487409
43,195,-2,-2.37850859399869
43,196,1,-0.266651512309173
43,197,4,0.121449754739142
43,198,-1,-0.0972536701599007
43,199,-1,-1.09984014000259
43,200,-1,-1.50571105352609
43,201,-5,0.710747545207798
43,202,1,-0.504890556076871
43,203,1,1.42165472196371
43,204,-2,-0.227175076852768
43,205,2,1.12466230038585
43,206,2,0.158856812084127
43,207,3,0.788166251853701
43,208,-1,-0.607956502968166
43,209,-4,-0.954193445406079
43,210,-1,0.211008368477908
43,211,2,0.730749827708016
43,212,-2,-0.0858817669329888
43,213,1,0.843296413189515
43,214,0,0.18406369348787
43,215,0,1.14265381896957
43,216,4,-0.0664594493506641
43,217,4,0.0767707920023799
43,218,-9,-2.06982270921979
43,219,-1,-1.29480577622893
43,220,-2,0.349218219617587
43,221,0,0.0983964154942427
43,222,1,1.35016852859179
43,223,0,0.75720641745107
43,224,2,1.16335363466261
43,225,1,-0.383814387239608
43,226,2,-0.47225045853393
43,227,2,-0.563932565021286
43,228,-2,-0.539039186691347
43,229,0,-0.435826012977151
43,230,-4,-0.134440572216115
43,231,0,0.335423500982504
43,232,0,0.895526956160019
43,233,-2,0.566956166213424
43,234,4,1.08918240659063
43,235,3,0.701235184854375
43,236,2,-0.884566979451934
43,237,2,-1.63590826768074
43,238,2,-0.96791167477292
43,239,-2,-1.04614948478536
43,240,-8,-0.669520457705973
43,241,1,-0.314240797790834
43,242,0,0.422522882025613
43,243,-1,-0.617360219994882
43,244,1,0.681177917547198
43,245,-1,1.35305387391247
43,246,1,1.91911599755777
43,247,3,0.293035531164047
43,248,1,0.178155470595695
43,249,-3,-0.857963197655442
43,250,1,-0.0336868835277209
43,251,-1,0.181084217239398
43,252,-2,0.156947897536162
43,253,3,0.744518740827041
43,254,-1,0.13717076213032
43,255,-1,0.214093445459905
43,256,2,-0.0771186360806626
43,257,0,0.656823051506933
43,258,5,0.462909398751698
43,259,5,-0.440277213044047
43,260,3,-3.47111199458773
43,261,0,-3.89754499060864
43,262,-1,-2.7380891056559
43,263,0,-1.55804033708845
43,264,3,-0.280706645774774
43,265,-1,-1.4825017130945
43,266,-11,-1.80296957118221
43,267,-3,-0.49594411350846
43,268,6,1.20300723991139
43,269,9,-0.345558378513652
43,270,3,-2.40034292477899
43,271,-4,-6.05676374871082
43,272,4,-0.616340975765251
43,273,-2,-1.36405583799508
43,274,-9,-1.79800306371513
43,275,-7,-0.855584187709695
43,276,1,0.0261315095638772
43,277,2,-0.343828595467375
43,278,-2,-1.14133917126105
43,279,0,0.995310477052316
43,280,0,2.57391163924547
43,281,-1,0.7922923460998
43,282,1,0.494280862578173
43,283,1,0.68274237896283
43,284,-2,0.405528777971316
43,285,2,0.400487497818736
43,286,0,0.219131356997566
43,287,0,0.334655384285358
43,288,1,0.0239715626466142
43,289,1,0.34129826205142
43,290,0,0.256362174072689
43,291,-2,0.0488649409765527
43,292,1,-0.0244213595984781
43,293,-1,0.323103161687775
43,294,1,0.519174240908111
43,295,3,0.398198077249741
43,296,-4,0.306687369238823
43,297,1,-0.0668204511830108
43,298,0,0.128988218659414
43,299,-1,0.255449316853993
43,300,1,0.338268459508211
43,301,1,0.834643630163393
43,302,-2,0.281279528504755
43,303,1,0.400487497818736
43,304,2,-0.0323360671577688
43,305,5,0.219314398268891
43,306,3,-0.616610917126434
43,307,-6,-2.95015587190837
43,308,-5,-1.08707046507649
43,309,9,0.324360420136769
43,310,-1,-0.381034987864175
43,311,-7,-5.21245342335237
43,312,-1,-0.814538782337617
43,313,2,1.96173074560275
43,314,0,-0.117839566284965
43,315,3,0.883329401142377
43,316,3,-2.01325541073438
43,317,-9,0.124914864702712
43,318,3,-2.95785078853331
43,319,0,0.199266340788523
43,320,3,-1.45753149027684
43,321,1,-0.104450024772741
43,322,2,-0.621887098521623
43,323,-1,-0.175273062646589
43,324,2,-0.649209146175886
43,325,-1,-1.73002386841847
43,326,1,0.177730123996701
43,327,-1,-1.26793687222571
43,328,3,0.56591294602298
43,329,-2,-0.755895776816919
43,330,0,-0.140916002790606
43,331,-3,-0.227468600961897
43,332,-2,0.838329435433798
43,333,-3,1.05732876311457
43,334,-1,1.54458702181405
43,335,0,1.14624973595913
43,336,0,1.38263497175381
43,337,4,1.3784273236664
43,338,6,0.765613221979311
43,339,-2,-1.53852341312297
43,340,1,-3.59062804537044
43,341,-6,-1.2906861575155
43,342,2,0.118753295355788
43,343,-4,0.416435600999098
43,344,2,0.00107001218896485
43,345,0,-0.65589067557384
43,346,3,0.204828550053194
43,347,3,-0.712758660606929
43,348,3,-0.71443847643636
43,349,-2,-1.63445347757942
43,350,-5,-1.43099537999801
43,351,-4,-0.464025275280912
43,352,-1,1.10302696993964
43,353,3,0.436625079521658
43,354,-3,0.508495115261332
43,355,-2,0.306136757245757
43,356,-1,1.46374616652736
43,357,4,1.17938092294861
43,358,-2,0.398678824048967
43,359,3,-0.37246704278477
43,360,-2,-0.445085868588901
43,361,-1,-0.106418201885271
44,1,4,0.125422526807526
44,2,3,-0.183844973859298
44,3,-4,-1.75222348827489
44,4,-1,-1.35927252232283
44,5,-1,-0.403943633454449
44,6,1,-0.270869249046625
44,7,-4,0.696407759931089
44,8,0,0.56715879020472
44,9,0,0.948359913922411
44,10,-1,0.091111197117214
44,11,2,0.624109184174215
44,12,1,0.819119575709028
44,13,-2,0.971904041584828
44,14,-2,0.162991579361918
44,15,2,0.608634583458852
44,16,1,0.490087223723967
44,17,-4,0.346919282882446
44,18,1,0.414488067272466
44,19,3,0.990788635308558
44,20,-2,0.148924241219357
44,21,-1,-0.353148981935124
44,22,1,0.156489248619086
44,23,2,0.927446257522816
44,24,2,0.102241140617634
44,25,2,0.0368017039600712
44,26,-3,-0.882771464653037
44,27,-2,-0.112779620702361
44,28,-1,-0.257398170276161
44,29,0,0.572330972060751
44,30,0,0.490206008512425
44,31,-1,0.893264253293438
44,32,0,1.07709412275147
44,33,1,1.03029223736129
44,34,0,0.70694263610284
44,35,-2,0.389442517446115
44,36,0,0.552989123686974
44,37,-2,0.753737073798716
44,38,2,0.765634857685892
44,39,-2,0.648361751613941
44,40,1,0.885018425141307
44,41,0,0.653791281309928
44,42,-1,0.566419964706771
44,43,-1,0.609840564239864
44,44,3,0.821963296334841
44,45,0,0.294842365759769
44,46,0,-0.311895411029389
44,47,3,-0.0531808541398833
44,48,-2,0.0454496848507119
44,49,-1,-0.615797956791195
44,50,0,0.099936450555452
44,51,-3,-0.230965375694083
44,52,1,0.839555175855616
44,53,2,0.672856631908454
44,54,1,0.0565466813229591
44,55,0,0.287173941858482
44,56,0,-0.28422930547344
44,57,0,0.375697298146804
44,58,0,0.0570388529262994
44,59,0,0.289339273612225
44,60,0,0.066488597482469
44,61,1,0.417265247332054
44,62,0,0.296241875654865
44,63,1,0.285068070480018
44,64,0,0.0619930349355773
44,65,-3,0.180693623513921
44,66,0,0.418160547924505
44,67,0,0.709482330922065
44,68,1,0.523588114331513
44,69,0,0.609365216553156
44,70,-1,0.668845991639506
44,71,-1,0.833395537476016
44,72,2,0.566111348895183
44,73,0,0.41373854782917
44,74,2,0.491494181313367
44,75,0,-0.060978756774974
44,76,-1,0.248499893144305
44,77,-2,-0.00960909014030353
44,78,1,0.582760273606275
44,79,-2,0.188256472788981
44,80,2,0.865738101519782
44,81,0,0.191262234764897
44,82,0,0.715049154549518
44,83,-1,0.382494325563216
44,84,-1,0.585391672516708
44,85,0,0.767537687878994
44,86,-1,0.783711264903378
44,87,2,0.526135256845043
44,88,0,0.539716101515638
44,89,1,0.691497627795786
44,90,0,0.108570560911073
44,91,-2,0.204245150267654
44,92,-1,0.345663122256174
44,93,-1,0.698308525747219
44,94,2,0.426032013011153
44,95,5,0.750413415481193
44,96,-4,0.142229270367079
44,97,1,-1.6564978179868
44,98,-1,-0.250584621017109
44,99,-1,0.0390680203350398
44,100,2,0.342030848127063
44,101,0,0.598217319612634
44,102,1,-0.333730712890057
44,103,-2,0.0600446149022154
44,104,-1,-0.517865692774102
44,105,0,0.489034104283056
44,106,1,0.679336817937281
44,107,0,0.260536986736932
44,108,-1,0.645294464885773
44,109,0,0.784869591467158
44,110,2,0.62153989694668
44,111,-1,0.281541370977135
44,112,-1,0.378268712271269
44,113,-3,0.329914088142533
44,114,1,1.11448440573144
44,115,5,0.775604746456699
44,116,-1,0.146500473499286
44,117,1,-2.10379876794516
44,118,-2,-0.286949757167461
44,119,-1,0.640921205189432
44,120,3,0.161104684080808
44,121,-3,0.444192676625543
44,122,0,-1.19903150242121
44,123,2,0.471336650136054
44,124,-1,-0.563435689148945
44,125,-2,0.379691604772662
44,126,0,0.70678940725938
44,127,1,0.534962007310109
44,128,-1,0.379013215900592
44,129,0,0.362563141100957
44,130,2,0.396740800783562
44,131,0,0.65799673718824
44,132,3,0.12931936687425
44,133,0,-0.28637657541826
44,134,0,-0.68281567291828
44,135,0,-0.541333222265467
44,136,-2,0.104141906433764
44,137,0,-0.0752425803226398
44,138,1,0.681659601036126
44,139,-1,-0.171062583325018
44,140,0,0.614840336089401
44,141,-1,0.190862362196187
44,142,-1,1.02106685221981
44,143,-1,0.646934269107547
44,144,0,1.0326606103004
44,145,3,1.06453763159816
44,146,-1,0.5207443937057
44,147,0,-0.120742986622971
44,148,-1,0.151093795474742
44,149,1,0.635866038558928
44,150,1,0.14903557831351
44,151,2,0.526219513241946
44,152,-2,-0.611954446598035
44,153,-1,0.184220323016805
44,154,0,-0.101866378390773
44,155,0,0.447036397251355
44,156,0,0.604411034543878
44,157,1,0.77749164173781
44,158,0,0.426295038982482
44,159,0,0.461519990208705
44,160,1,0.183016406612767
44,161,-1,0.191867428688768
44,162,0,0.278165468437379
44,163,1,0.315213583464802
44,164,-1,0.426116269408056
44,165,1,0.382539915403475
44,166,-2,0.322116185507442
44,167,-1,0.833441127316275
44,168,0,0.544882605240295
44,169,1,0.80726279165711
44,170,1,0.787765556315204
44,171,0,0.524271093208584
44,172,1,0.531649042937933
44,173,0,0.134070507698167
44,174,2,0.0527676497940924
44,175,1,-0.186956310461441
44,176,-2,-0.0725269250153034
44,177,2,-0.0693088413240079
44,178,-1,-0.00338487696973389
44,179,-1,0.147916711618705
44,180,6,0.282811034635068
44,181,-2,-0.246102561501879
44,182,-2,-2.38296555268556
44,183,1,-0.249486279239296
44,184,4,0.122239631880574
44,185,-1,-0.0912796567278871
44,186,-1,-1.10253291872778
44,187,-1,-1.51601147633286
44,188,-5,0.712214714453724
44,189,1,-0.53931399945699
44,190,1,1.42377702132026
44,191,-2,-0.245284069612027
44,192,2,1.11911610139411
44,193,2,0.156665020907648
44,194,3,0.795032168950399
44,195,-1,-0.597873982629797
44,196,-4,-0.950889954968695
44,197,-1,0.219112386820505
44,198,2,0.732350878798726
44,199,-2,-0.0885156024939764
44,200,1,0.82381358943628
44,201,0,0.18311550979529
44,202,0,1.14430166990169
44,203,4,-0.0678378958742851
44,204,4,0.0846492610968587
44,205,-9,-2.06380056187833
44,206,-1,-1.30169330883998
44,207,-2,0.373570059936028
44,208,0,0.0965563255140529
44,209,1,1.34357456957097
44,210,0,0.733868977269955
44,211,2,1.15748026614146
44,212,1,-0.387132806989814
44,213,2,-0.480029422974477
44,214,2,-0.553402328032765
44,215,-2,-0.532173584377877
44,216,0,-0.43380643886197
44,217,-4,-0.123512948054472
44,218,0,0.320230083538662
44,219,0,0.898950901232733
44,220,-2,0.556589385641415
44,221,4,1.07893696815861
44,222,3,0.709270009206685
44,223,2,-0.876921886455063
44,224,2,-1.62081191101411
44,225,2,-0.953568212308989
44,226,-2,-1.02959692748521
44,227,-8,-0.666106859547896
44,228,1,-0.335581897905543
44,229,0,0.421913990119417
44,230,-1,-0.638969129574291
44,231,1,0.66390748290053
44,232,-1,1.34959958490722
44,233,1,1.92402966698616
44,234,3,0.29856465875371
44,235,1,0.179798322921471
44,236,-3,-0.852890518136296
44,237,1,-0.0310568098925451
44,238,-1,0.193987170602252
44,239,-2,0.152187914750911
44,240,3,0.742457693997642
44,241,-1,0.130688501218066
44,242,-1,0.210557746114031
44,243,2,-0.075789027352835
44,244,0,0.660845047819054
44,245,5,0.460620099611253
44,246,5,-0.424048871806542
44,247,3,-3.46833904196908
44,248,0,-3.87101222973926
44,249,-1,-2.72383830584997
44,250,0,-1.54881068270801
44,251,3,-0.275364811593517
44,252,-1,-1.49844054753805
44,253,-11,-1.82822747946983
44,254,-3,-0.536263841628854
44,255,6,1.19147222116088
44,256,9,-0.33764125435735
44,257,3,-2.39755734641718
44,258,-4,-6.04421174027268
44,259,4,-0.576162422101148
44,260,-2,-1.33395848729063
44,261,-9,-1.80243994276147
44,262,-7,-0.886288799289349
44,263,1,-0.0235548103217643
44,264,2,-0.363642342226238
44,265,-2,-1.18893004297846
44,266,0,0.962994409704557
44,267,0,2.59233656622844
44,268,-1,0.789596321083579
44,269,1,0.491185565501779
44,270,1,0.684290999946559
44,271,-2,0.400420729129905
44,272,2,0.397240420081206
44,273,0,0.228915543716192
44,274,0,0.331271233390031
44,275,1,0.0295904861058431
44,276,1,0.34334492916233
44,277,0,0.261096590820544
44,278,-2,0.0508192297607306
44,279,1,-0.0300879468485372
44,280,-1,0.328335808673011
44,281,1,0.512414309156666
44,282,3,0.402939105719807
44,283,-4,0.3077242966413
44,284,1,-0.0713217400216628
44,285,0,0.145835587658877
44,286,-1,0.254719516309873
44,287,1,0.337759644994856
44,288,1,0.83576850042012
44,289,-2,0.274621945017864
44,290,1,0.397240420081206
44,291,2,-0.0302642533148924
44,292,5,0.221421666887688
44,293,3,-0.605671885264887
44,294,-6,-2.93738817939687
44,295,-5,-1.07939370044273
44,296,9,0.33509446240221
44,297,-1,-0.35949086520641
44,298,-7,-5.22389192958732
44,299,-1,-0.825292062798058
44,300,2,1.9640846562022
44,301,0,-0.124014833845608
44,302,3,0.865463668121504
44,303,3,-2.04420756520119
44,304,-9,0.1407517041421
44,305,3,-3.00487708444682
44,306,0,0.228099860912655
44,307,3,-1.46394776990285
44,308,1,-0.092959288321993
44,309,2,-0.634884947510962
44,310,-1,-0.156989138332702
44,311,2,-0.65368108502068
44,312,-1,-1.73099083714189
44,313,1,0.171468238372437
44,314,-1,-1.27329259781268
44,315,3,0.559517362664131
44,316,-2,-0.753861930869499
44,317,0,-0.150671587887375
44,318,-3,-0.218963177996368
44,319,-2,0.829386835904449
44,320,-3,1.05732641374393
44,321,-1,1.53483050422664
44,322,0,1.13360287094113
44,323,0,1.37623807999506
44,324,4,1.36964196686708
44,325,6,0.774227968206255
44,326,-2,-1.52276678821478
44,327,1,-3.57918417553713
44,328,-6,-1.26235460282118
44,329,2,0.107506564586545
44,330,-4,0.43119772342348
44,331,2,-0.0296392280191672
44,332,0,-0.667149171766559
44,333,3,0.185520345317504
44,334,3,-0.714757865174335
44,335,3,-0.710633812799218
44,336,-2,-1.6171562542787
44,337,-5,-1.42434181841655
44,338,-4,-0.463647974643154
44,339,-1,1.0996921969625
44,340,3,0.42474384021021
44,341,-3,0.496812032442782
44,342,-2,0.275075284549544
44,343,-1,1.47129177086525
44,344,4,1.17733895646061
44,345,-2,0.405415117662111
44,346,3,-0.385085891892182
44,347,-2,-0.430377022979949
44,348,-1,-0.110891089328292
44,349,-1,-0.406769799371258
44,350,6,0.847463243121935
44,351,0,-0.816884102478435
44,352,0,-2.466212240618
44,353,1,-1.86498317395609
44,354,-2,-0.0256269126932001
44,355,-5,-0.188340330024506
44,356,-1,1.05252761870278
44,357,-1,-0.424734352225313
44,358,2,0.985557556792932
44,359,0,-0.201423971013952
44,360,-1,1.48402788936989
44,361,2,1.18435095690003
45,1,-4,0.259664286234876
45,2,1,0.412763520548405
45,3,3,1.04842727305724
45,4,-2,0.0811587373757666
45,5,-1,-0.436463744858833
45,6,1,0.266983615564964
45,7,2,0.893557095469129
45,8,2,-0.0364573405752735
45,9,2,0.085254699496578
45,10,-3,-0.843443621340973
45,11,-2,-0.132536867549264
45,12,-1,-0.329015318950415
45,13,0,0.466426024630111
45,14,0,0.33567959838072
45,15,-1,0.88922234352737
45,16,0,1.07911843582912
45,17,1,1.02663271270842
45,18,0,0.663319334036891
45,19,-2,0.346821080774642
45,20,0,0.547902093831345
45,21,-2,0.723814402859356
45,22,2,0.668661433754324
45,23,-2,0.600856225190883
45,24,1,0.877520567764837
45,25,0,0.644739485147965
45,26,-1,0.588022665840987
45,27,-1,0.519683995850202
45,28,3,0.839041156412034
45,29,0,0.225447239297884
45,30,0,-0.362730926864874
45,31,3,-0.0165153374030375
45,32,-2,0.0893060944186523
45,33,-1,-0.731771727712948
45,34,0,0.104359401380916
45,35,-3,-0.289076106958509
45,36,1,0.662037708868025
45,37,2,0.668970593500084
45,38,1,0.0284381040041242
45,39,0,0.25952584786775
45,40,0,-0.199419459664884
45,41,0,0.36114348966948
45,42,0,-0.0258997492671524
45,43,0,0.224897644183049
45,44,0,0.016176521513658
45,45,1,0.380433326758959
45,46,0,0.266509108242021
45,47,1,0.25155936990035
45,48,0,0.0505937557046219
45,49,-3,0.156297659026059
45,50,0,0.350754947196463
45,51,0,0.671793486460493
45,52,1,0.440812996720448
45,53,0,0.552294240864895
45,54,-1,0.71816641762808
45,55,-1,0.821126812510911
45,56,2,0.527969791260214
45,57,0,0.341838516545181
45,58,2,0.433862476453432
45,59,0,-0.0284484218995141
45,60,-1,0.26859254712654
45,61,-2,-0.0676496516932505
45,62,1,0.546632298902861
45,63,-2,0.0648442040995165
45,64,2,0.790584870345917
45,65,0,0.176219749984093
45,66,0,0.735305293114141
45,67,-1,0.345380107371775
45,68,-1,0.614905488679134
45,69,0,0.673949883497628
45,70,-1,0.725222636154967
45,71,2,0.441277803442287
45,72,0,0.532256240033893
45,73,1,0.675031321412522
45,74,0,0.110834987298985
45,75,-2,0.216571630727678
45,76,-1,0.262189919361087
45,77,-1,0.656843748118823
45,78,2,0.319354366850694
45,79,5,0.687897620869674
45,80,-4,0.175312749020563
45,81,1,-1.63064148795508
45,82,-1,-0.151664692925742
45,83,-1,-0.0250861053111181
45,84,2,0.526359784366745
45,85,0,0.659998413305139
45,86,1,-0.455120934073797
45,87,-2,0.0854757966174239
45,88,-1,-0.546165443012597
45,89,0,0.406013614561366
45,90,1,0.629960925280675
45,91,0,0.153155394706792
45,92,-1,0.657892445926462
45,93,0,0.79576762182935
45,94,2,0.594940446000747
45,95,-1,0.212964559686572
45,96,-1,0.331871342432971
45,97,-3,0.346936479635617
45,98,1,1.05736674321467
45,99,5,0.653236677077717
45,100,-1,0.148651023303261
45,101,1,-2.11112704772269
45,102,-2,-0.131953487475457
45,103,-1,0.606163542296672
45,104,3,0.369448608602479
45,105,-3,0.443723952305772
45,106,0,-1.35736459073941
45,107,2,0.525642215748698
45,108,-1,-0.571439845301161
45,109,-2,0.236682589711295
45,110,0,0.771932063304375
45,111,1,0.477744180546804
45,112,-1,0.266614806501892
45,113,0,0.321049231397907
45,114,2,0.421101364244158
45,115,0,0.635028277903133
45,116,3,0.062411441340123
45,117,0,-0.237634351290743
45,118,0,-0.683536538767676
45,119,0,-0.578384096005059
45,120,-2,0.0946481941360849
45,121,0,-0.222582089180196
45,122,1,0.638181240476176
45,123,-1,-0.246089149711182
45,124,0,0.556007010165871
45,125,-1,0.213969834888114
45,126,-1,0.976800933453947
45,127,-1,0.562957530432887
45,128,0,0.994682537247815
45,129,3,1.00137922028673
45,130,-1,0.505373417195746
45,131,0,-0.128291505051955
45,132,-1,0.197991781838751
45,133,1,0.605382638447893
45,134,1,0.024037728247191
45,135,2,0.509086186496722
45,136,-2,-0.644561446029764
45,137,-1,0.194892469239837
45,138,0,-0.140121227618288
45,139,0,0.379163531830474
45,140,0,0.475800735893121
45,141,1,0.78676640278507
45,142,0,0.419577732087572
45,143,0,0.432454243157822
45,144,1,0.16451797422156
45,145,-1,0.17124739736773
45,146,0,0.209947905841378
45,147,1,0.293391931080168
45,148,-1,0.387162749905129
45,149,1,0.30520961671567
45,150,-2,0.33500339513914
45,151,-1,0.780956321854805
45,152,0,0.475916134754096
45,153,1,0.785496607856585
45,154,1,0.698307073209564
45,155,0,0.543968227409524
45,156,1,0.552969446453803
45,157,0,0.136226918087802
45,158,2,0.000761976450149082
45,159,1,-0.218866145388226
45,160,-2,-0.0865005163494875
45,161,2,-0.107958580716482
45,162,-1,0.00389402915631837
45,163,-1,0.0461919080699675
45,164,6,0.22638853623238
45,165,-2,-0.202031536788724
45,166,-2,-2.4739443184228
45,167,1,-0.178665044264142
45,168,4,0.14077585983897
45,169,-1,0.481332456224638
45,170,-1,-1.07089774071493
45,171,-1,-1.48411453344913
45,172,-5,0.664354075113772
45,173,1,-0.794011136065188
45,174,1,1.37759163852266
45,175,-2,-0.307527645107419
45,176,2,1.07623156460166
45,177,2,0.276742103479883
45,178,3,0.764429301382419
45,179,-1,-0.615930208411198
45,180,-4,-0.871266533431188
45,181,-1,0.177453059687661
45,182,2,0.628912227473036
45,183,-2,-0.238227942977649
45,184,1,0.738774923440791
45,185,0,0.26221202082924
45,186,0,1.15606647629496
45,187,4,-0.16562855726808
45,188,4,0.140546106968736
45,189,-9,-2.08420100896889
45,190,-1,-1.30884483709203
45,191,-2,0.409514903356612
45,192,0,-0.0501185006119628
45,193,1,1.08930926057856
45,194,0,0.884736899100999
45,195,2,1.13290191780618
45,196,1,-0.352351147090773
45,197,2,-0.505697692522293
45,198,2,-0.563655454784234
45,199,-2,-0.511601798278116
45,200,0,-0.487629931025292
45,201,-4,-0.139708568923115
45,202,0,0.186193961218406
45,203,0,0.775381210790156
45,204,-2,0.543163239202877
45,205,4,0.986861548559641
45,206,3,0.804627096712064
45,207,2,-0.872779203578402
45,208,2,-1.57489441571146
45,209,2,-0.822884559949677
45,210,-2,-1.0831318454785
45,211,-8,-0.738427324475494
45,212,1,-0.476620919099425
45,213,0,0.283307718257284
45,214,-1,-0.798316948898536
45,215,1,0.596856978295474
45,216,-1,1.54193975610326
45,217,1,1.87302224443855
45,218,3,0.274729423437522
45,219,1,0.185976038588554
45,220,-3,-0.88312665977505
45,221,1,0.00585993954058506
45,222,-1,0.176789684339135
45,223,-2,0.0195301823526661
45,224,3,0.651489818161008
45,225,-1,0.155155663825598
45,226,-1,0.138342228848567
45,227,2,-0.0689489124970737
45,228,0,0.703555304907508
45,229,5,0.329045175240645
45,230,5,-0.370221077450328
45,231,3,-3.41932236590367
45,232,0,-3.81862070704534
45,233,-1,-2.62028676867889
45,234,0,-1.25595708068059
45,235,3,-0.0384810577328332
45,236,-1,-1.66905824496339
45,237,-11,-1.92174928186654
45,238,-3,-0.629730682254627
45,239,6,1.07936421689484
45,240,9,-0.462413559426756
45,241,3,-2.44182787511954
45,242,-4,-5.64167427723686
45,243,4,-0.276568900731242
45,244,-2,-0.624018282329469
45,245,-9,-0.133967859069544
45,246,-7,-1.10700643347805
45,247,1,-0.119274734513532
45,248,2,-0.61398511260159
45,249,-2,-1.3254011809828
45,250,0,1.07979748627661
45,251,0,2.8278924618757
45,252,-1,0.735566765086416
45,253,1,0.37380960187266
45,254,1,0.70645443025245
45,255,-2,0.351083445190453
45,256,2,0.358754165271118
45,257,0,0.25469142260652
45,258,0,0.268698245386411
45,259,1,-0.0164096391431667
45,260,1,0.387057051645258
45,261,0,0.188353532746535
45,262,-2,0.0356440173629511
45,263,1,-0.0671521048641569
45,264,-1,0.273459628509037
45,265,1,0.425863258378777
45,266,3,0.369991134311813
45,267,-4,0.341511721164464
45,268,1,-0.132610693932889
45,269,0,0.194532849765876
45,270,-1,0.207048780496437
45,271,1,0.192881988507933
45,272,1,0.922264084529978
45,273,-2,0.193080703884184
45,274,1,0.358754165271118
45,275,2,-0.0218778202204163
45,276,5,0.169723765211144
45,277,3,-0.627863292907674
45,278,-6,-2.82488850326126
45,279,-5,-1.05420879967148
45,280,9,0.288172183359826
45,281,-1,-0.104539407379565
45,282,-7,-5.38292242685935
45,283,-1,-0.683965930754747
45,284,2,2.08009266163729
45,285,0,1.50418476982804
45,286,3,0.770474962931217
45,287,3,-1.94231811366593
45,288,-9,0.215595727802247
45,289,3,-3.15996680253779
45,290,0,0.264995092700551
45,291,3,-1.57464162333507
45,292,1,-0.21833703626316
45,293,2,-0.402309808723789
45,294,-1,-0.191101923646815
45,295,2,-0.655584314945467
45,296,-1,-1.8312476889276
45,297,1,0.106465879771586
45,298,-1,-1.37126436608617
45,299,3,0.546411201782015
45,300,-2,-0.838045772079878
45,301,0,-0.169870229003671
45,302,-3,-0.25320072082547
45,303,-2,0.807871884800208
45,304,-3,0.899714881646984
45,305,-1,1.50694061371621
45,306,0,1.01595603703634
45,307,0,1.38235310563128
45,308,4,1.34539633549959
45,309,6,0.848394957808171
45,310,-2,-1.45582640234818
45,311,1,-3.51860630008974
45,312,-6,-1.15228193676232
45,313,2,-0.0426929620100111
45,314,-4,0.998573012936505
45,315,2,-0.0826631218114816
45,316,0,-0.807209684957005
45,317,3,0.300304516598271
45,318,3,-0.799799161351976
45,319,3,-0.584061337272321
45,320,-2,-1.61517538080681
45,321,-5,-1.37959074347776
45,322,-4,-0.556592710147237
45,323,-1,0.944023157306549
45,324,3,0.221171488777981
45,325,-3,0.442316289636828
45,326,-2,0.28528794886883
45,327,-1,1.57854292287788
45,328,4,1.17085739316956
45,329,-2,0.26959872023983
45,330,3,-0.369607134547284
45,331,-2,-0.346748739916312
45,332,-1,-0.093865615111603
45,333,-1,-0.536858495260544
45,334,6,0.86443308720085
45,335,0,-0.965386970146769
45,336,0,-2.44143977166797
45,337,1,-1.81197218167864
45,338,-2,0.031369398829654
45,339,-5,0.36794553169641
45,340,-1,0.991886980523466
45,341,-1,-0.561903054994457
45,342,2,0.874134593844577
45,343,0,-0.277219726731128
45,344,-1,1.57333063584792
45,345,2,1.21779859993866
45,346,0,0.42736598066849
45,347,-1,0.208424273684792
45,348,1,0.15778855107539
45,349,0,-0.0038614793173441
45,350,-1,0.337298230543401
45,351,2,0.373703903612789
45,352,-3,-0.0225239869599906
45,353,1,0.705732611811516
45,354,0,0.31656198461734
45,355,0,0.432486983265077
45,356,-3,0.320126614950085
45,357,0,1.09355131916321
45,358,1,0.789947329285987
45,359,-9,0.48242446077942
45,360,9,1.56266246917567
45,361,0,0.993521104058201
46,1,1,0.405183729389118
46,2,3,1.0583247593428
46,3,-2,0.0672504598123674
46,4,-1,-0.452742283845794
46,5,1,0.273458658573002
46,6,2,0.893222810312138
46,7,2,-0.0575403752254438
46,8,2,0.0703457410702708
46,9,-3,-0.850882408649339
46,10,-2,-0.141759031308009
46,11,-1,-0.326123732886
46,12,0,0.461743455506411
46,13,0,0.322573501085216
46,14,-1,0.880018452549036
46,15,0,1.07625985859957
46,16,1,1.02365087894422
46,17,0,0.653036171773702
46,18,-2,0.332593794819066
46,19,0,0.541206438691342
46,20,-2,0.722298315389904
46,21,2,0.657433059690148
46,22,-2,0.593110592435647
46,23,1,0.863810004949967
46,24,0,0.642891335444772
46,25,-1,0.578480738685327
46,26,-1,0.509707325202373
46,27,3,0.835892674226256
46,28,0,0.21837417378605
46,29,0,-0.377732191817107
46,30,3,-0.0232676628513774
46,31,-2,0.0837080110502304
46,32,-1,-0.745172415776125
46,33,0,0.104107791264227
46,34,-3,-0.291782325587128
46,35,1,0.646745718614064
46,36,2,0.668838975002331
46,37,1,0.0193414280622479
46,38,0,0.242080648498558
46,39,0,-0.204951215825623
46,40,0,0.358001015773449
46,41,0,-0.0370775232778959
46,42,0,0.213663479769118
46,43,0,0.00709092178630677
46,44,1,0.370329586853767
46,45,0,0.255834505685279
46,46,1,0.238518898856703
46,47,0,0.0410550881012258
46,48,-3,0.144444002894339
46,49,0,0.342369305690531
46,50,0,0.671686754882598
46,51,1,0.42844289735317
46,52,0,0.53805919357237
46,53,-1,0.708517220110652
46,54,-1,0.817311995951315
46,55,2,0.522560460056957
46,56,0,0.331263423013258
46,57,2,0.415562524406054
46,58,0,-0.0374784076043019
46,59,-1,0.257646774523931
46,60,-2,-0.0756441328107784
46,61,1,0.542980645263082
46,62,-2,0.0576644200267011
46,63,2,0.776363374740096
46,64,0,0.171758616868784
46,65,0,0.723167195154997
46,66,-1,0.337098933534481
46,67,-1,0.610007090266828
46,68,0,0.668147638858763
46,69,-1,0.716919692434885
46,70,2,0.430440316501212
46,71,0,0.523891115560868
46,72,1,0.660575984032711
46,73,0,0.102772814983908
46,74,-2,0.207035214016625
46,75,-1,0.253630365941763
46,76,-1,0.654371148054022
46,77,2,0.311510001451263
46,78,5,0.676079322022635
46,79,-4,0.15641933273291
46,80,1,-1.62916894824824
46,81,-1,-0.139881266582433
46,82,-1,-0.0334910478675041
46,83,2,0.515051102254124
46,84,0,0.657280397406682
46,85,1,-0.464369248930955
46,86,-2,0.0770166735641867
46,87,-1,-0.551056489559445
46,88,0,0.402756660767404
46,89,1,0.622844796472521
46,90,0,0.138858943041949
46,91,-1,0.645926008988366
46,92,0,0.791555854531594
46,93,2,0.590487627392839
46,94,-1,0.199452735016193
46,95,-1,0.31527818799049
46,96,-3,0.343742627935865
46,97,1,1.05467739251999
46,98,5,0.64678866905359
46,99,-1,0.131563913645326
46,100,1,-2.11538589581676
46,101,-2,-0.127906220441964
46,102,-1,0.602514637394376
46,103,3,0.364637102364097
46,104,-3,0.436025660051705
46,105,0,-1.3673705711994
46,106,2,0.528830508224467
46,107,-1,-0.574099356110275
46,108,-2,0.215851907165639
46,109,0,0.771569923273653
46,110,1,0.481370003885413
46,111,-1,0.251356605062396
46,112,0,0.307995174228763
46,113,2,0.419876654872989
46,114,0,0.62688844314722
46,115,3,0.0441169997373517
46,116,0,-0.246048384735154
46,117,0,-0.69231404878388
46,118,0,-0.58734088006769
46,119,-2,0.0881048989666758
46,120,0,-0.233917237130665
46,121,1,0.633950962847897
46,122,-1,-0.25586340686559
46,123,0,0.541163771949919
46,124,-1,0.210858366630273
46,125,-1,0.970373686652686
46,126,-1,0.554044144897035
46,127,0,0.988080880688023
46,128,3,0.99341683690162
46,129,-1,0.492364763979368
46,130,0,-0.13892817264365
46,131,-1,0.196890377687694
46,132,1,0.599801646223588
46,133,1,0.0117217683907582
46,134,2,0.495469342356916
46,135,-2,-0.655230866732514
46,136,-1,0.183510166734848
46,137,0,-0.139266250500169
46,138,0,0.372103793425507
46,139,0,0.459926582193248
46,140,1,0.777736696985431
46,141,0,0.41410644471121
46,142,0,0.420941147361073
46,143,1,0.155550169269714
46,144,-1,0.161759609722915
46,145,0,0.196347872940541
46,146,1,0.287360857266779
46,147,-1,0.376539027306968
46,148,1,0.290422768902905
46,149,-2,0.32953188318294
46,150,-1,0.77063583131974
46,151,0,0.471075415310047
46,152,1,0.779510903557171
46,153,1,0.68451985661378
46,154,0,0.531430927819877
46,155,1,0.545250085366041
46,156,0,0.129402440643233
46,157,2,-0.0122221041903111
46,158,1,-0.230106100151913
46,159,-2,-0.101861766271215
46,160,2,-0.118715881059076
46,161,-1,0.00203159100213923
46,162,-1,0.0285755994805157
46,163,6,0.218560205691293
46,164,-2,-0.208107037398936
46,165,-2,-2.47711389531017
46,166,1,-0.174994377272429
46,167,4,0.145635614010838
46,168,-1,0.4663456204733
46,169,-1,-1.07868355190822
46,170,-1,-1.47457382443852
46,171,-5,0.66329357967801
46,172,1,-0.802533253322131
46,173,1,1.38040836630167
46,174,-2,-0.31774950837873
46,175,2,1.06219247901047
46,176,2,0.282189861280511
46,177,3,0.753867705581553
46,178,-1,-0.634852182973856
46,179,-4,-0.876467837118569
46,180,-1,0.179144837687343
46,181,2,0.631289935538177
46,182,-2,-0.251232560261138
46,183,1,0.720204816647312
46,184,0,0.266581289181715
46,185,0,1.15150362561816
46,186,4,-0.177044709276292
46,187,4,0.131606580386748
46,188,-9,-2.09292182140401
46,189,-1,-1.3085431614065
46,190,-2,0.435703605810173
46,191,0,-0.0570541574161922
46,192,1,1.06874001575463
46,193,0,0.884967787791161
46,194,2,1.13541903920304
46,195,1,-0.357354940005204
46,196,2,-0.516686678874085
46,197,2,-0.57669620573303
46,198,-2,-0.52521116098612
46,199,0,-0.501267572103154
46,200,-4,-0.140423771329586
46,201,0,0.178368657950287
46,202,0,0.772389916597455
46,203,-2,0.535202553539659
46,204,4,0.977225164981481
46,205,3,0.802635066512541
46,206,2,-0.878898053490615
46,207,2,-1.58654454611198
46,208,2,-0.829587573909654
46,209,-2,-1.09588540586239
46,210,-8,-0.752008575150168
46,211,1,-0.470845224268708
46,212,0,0.297140091016902
46,213,-1,-0.814792180482889
46,214,1,0.582903262433147
46,215,-1,1.54850498633846
46,216,1,1.87050527855956
46,217,3,0.266940672060655
46,218,1,0.172404284057575
46,219,-3,-0.89602996673398
46,220,1,0.000257100732295901
46,221,-1,0.18001860562505
46,222,-2,0.00372018039293076
46,223,3,0.641909600406198
46,224,-1,0.154691232083148
46,225,-1,0.127363527779844
46,226,2,-0.072721702529266
46,227,0,0.701459304884486
46,228,5,0.310408700160847
46,229,5,-0.380963651109768
46,230,3,-3.42119011012292
46,231,0,-3.8214682349005
46,232,-1,-2.62069277790141
46,233,0,-1.25623114963978
46,234,3,-0.0431888330668586
46,235,-1,-1.68132922059144
46,236,-11,-1.93097118850251
46,237,-3,-0.622067422515641
46,238,6,1.10920526211086
46,239,9,-0.472187548679309
46,240,3,-2.46166684195772
46,241,-4,-5.61701976752458
46,242,4,-0.249427259918199
46,243,-2,-0.605382881335926
46,244,-9,-0.127200716351347
46,245,-7,-1.10460303971371
46,246,1,-0.0826737114597169
46,247,2,-0.601353052505747
46,248,-2,-1.34452850170629
46,249,0,1.07473198811151
46,250,0,2.84878021784931
46,251,-1,0.737579435347427
46,252,1,0.359642245777684
46,253,1,0.700977407851643
46,254,-2,0.340409067213548
46,255,2,0.346804539571991
46,256,0,0.252772594049153
46,257,0,0.253168873901048
46,258,1,-0.0277455634742604
46,259,1,0.381016927929851
46,260,0,0.175536100527656
46,261,-2,0.0237394812726496
46,262,1,-0.0727732294231328
46,263,-1,0.268714878632395
46,264,1,0.411127290524594
46,265,3,0.361015568023018
46,266,-4,0.329070391142225
46,267,1,-0.141132312387166
46,268,0,0.201330216043666
46,269,-1,0.196829769973385
46,270,1,0.176346513033709
46,271,1,0.920234726058579
46,272,-2,0.185348792070179
46,273,1,0.346804539571991
46,274,2,-0.0225670295881643
46,275,5,0.155989399561135
46,276,3,-0.64906292772678
46,277,-6,-2.82696269827648
46,278,-5,-1.05348450827349
46,279,9,0.305624173945323
46,280,-1,-0.102632231673967
46,281,-7,-5.38586791449718
46,282,-1,-0.671992453176347
46,283,2,2.11514132616377
46,284,0,1.51574716736611
46,285,3,0.746843302459081
46,286,3,-1.93546391830021
46,287,-9,0.215400305821528
46,288,3,-3.16022192690485
46,289,0,0.286577594682635
46,290,3,-1.58726876198797
46,291,1,-0.240818166996531
46,292,2,-0.399788640792177
46,293,-1,-0.189484931081966
46,294,2,-0.665635518248824
46,295,-1,-1.83679397481129
46,296,1,0.0911668106028015
46,297,-1,-1.37748299463342
46,298,3,0.536309712769166
46,299,-2,-0.846032825814518
46,300,0,-0.180225714320208
46,301,-3,-0.253794917589637
46,302,-2,0.803035667140844
46,303,-3,0.895325532357088
46,304,-1,1.50554783810672
46,305,0,1.01562800435842
46,306,0,1.37506780561356
46,307,4,1.33809794720152
46,308,6,0.841266976404867
46,309,-2,-1.46291885599985
46,310,1,-3.51417591352787
46,311,-6,-1.14552020767436
46,312,2,-0.050845000661095
46,313,-4,1.00602951511725
46,314,2,-0.0909907238778014
46,315,0,-0.804542218302084
46,316,3,0.293665069415249
46,317,3,-0.804552450336647
46,318,3,-0.591557112455118
46,319,-2,-1.62129188684042
46,320,-5,-1.3841592836658
46,321,-4,-0.553373558270319
46,322,-1,0.949919759956058
46,323,3,0.218520978130425
46,324,-3,0.430663812775616
46,325,-2,0.279840737066713
46,326,-1,1.59342942244679
46,327,4,1.17752117000967
46,328,-2,0.253587982898443
46,329,3,-0.377963528486978
46,330,-2,-0.340455425483925
46,331,-1,-0.0976059051985576
46,332,-1,-0.541819301451079
46,333,6,0.862522299885581
46,334,0,-0.976770822098909
46,335,0,-2.44428412631729
46,336,1,-1.80890815834133
46,337,-2,0.0304734855001163
46,338,-5,0.360552193169645
46,339,-1,0.991646951106288
46,340,-1,-0.551610695708034
46,341,2,0.862898458443451
46,342,0,-0.287702595144198
46,343,-1,1.56373755683804
46,344,2,1.21811807842302
46,345,0,0.424088676178148
46,346,-1,0.190577662778762
46,347,1,0.149340728816514
46,348,0,-0.00707715622519489
46,349,-1,0.322388350775827
46,350,2,0.364120146400567
46,351,-3,-0.0274973414313199
46,352,1,0.690729013368877
46,353,0,0.315782630470732
46,354,0,0.421814631600677
46,355,-3,0.306864891491877
46,356,0,1.08973825565082
46,357,1,0.793123624205964
46,358,-9,0.470613923269331
46,359,9,1.55119931726019
46,360,0,1.01037911431783
46,361,-1,-4.77838353556769
47,1,0,0.634398971840162
47,2,1,0.808614409012766
47,3,0,0.649127687750212
47,4,-2,0.491786021414752
47,5,0,0.671800643794977
47,6,-2,0.723063271706427
47,7,2,0.865661251070081
47,8,-2,0.777285493682212
47,9,1,0.977091689927029
47,10,0,0.437462386402861
47,11,-1,0.695534890418491
47,12,-1,0.353898128888867
47,13,3,0.960026522796959
47,14,0,0.0516702241896643
47,15,0,-0.219981598727951
47,16,3,0.0798377847403609
47,17,-2,0.0347514608216862
47,18,-1,-0.704114926585123
47,19,0,0.250703672334128
47,20,-3,-0.131434359598542
47,21,1,0.910254799488087
47,22,2,0.829668357945536
47,23,1,-0.227550124098854
47,24,0,0.198110528632824
47,25,0,-0.132270983374783
47,26,0,-0.012135680617914
47,27,0,0.180072647230765
47,28,0,0.406234884108413
47,29,0,0.161546596967194
47,30,1,0.537119096774935
47,31,0,0.421313171446138
47,32,1,0.396507997203626
47,33,0,0.193498655142064
47,34,-3,0.301229972992499
47,35,0,0.52583814379073
47,36,0,0.863674371277736
47,37,1,0.634049400412487
47,38,0,0.707147244079517
47,39,-1,0.789160635203191
47,40,-1,0.425110505799658
47,41,2,0.698258097463915
47,42,0,0.543048649326202
47,43,2,0.578989438147517
47,44,0,0.0760404503868407
47,45,-1,0.196225061876586
47,46,-2,-0.0644724358374602
47,47,1,0.718785998581585
47,48,-2,0.293008961752046
47,49,2,0.95121238837642
47,50,0,0.304782690236919
47,51,0,0.650201815058308
47,52,-1,0.141161899922517
47,53,-1,0.724137399014523
47,54,0,0.531767696341997
47,55,-1,0.905544712650318
47,56,2,0.600445062811192
47,57,0,0.672280582566298
47,58,1,0.614595626602912
47,59,0,0.0609621630491158
47,60,-2,0.336836161447895
47,61,-1,0.279148005795411
47,62,-1,0.838869197035224
47,63,2,0.514893925504853
47,64,5,0.864488910414977
47,65,-4,0.261728236836575
47,66,1,-1.9072593074094
47,67,-1,-0.214986847544727
47,68,-1,0.00196989244782086
47,69,2,0.423296851549385
47,70,0,0.726619188639945
47,71,1,-0.716926046853637
47,72,-2,0.191846375715638
47,73,-1,-0.54312567317061
47,74,0,0.444564279609233
47,75,1,0.810266688439192
47,76,0,0.333227023698202
47,77,-1,0.753554446747796
47,78,0,0.55599471846618
47,79,2,0.582452172135118
47,80,-1,0.402437549754893
47,81,-1,0.46698084717224
47,82,-3,0.468791301733415
47,83,1,1.06240644021446
47,84,5,0.904470585342222
47,85,-1,0.271455123741362
47,86,1,-2.2118790184772
47,87,-2,-0.279773696714484
47,88,-1,0.24866003044314
47,89,3,0.278073878487315
47,90,-3,0.593733125119322
47,91,0,-1.41046001042792
47,92,2,0.632555296120811
47,93,-1,-0.733201782821542
47,94,-2,0.264884257594927
47,95,0,0.846365652395256
47,96,1,0.104454764183894
47,97,-1,0.482637286628294
47,98,0,0.463229621862498
47,99,2,0.336111605567473
47,100,0,0.438043738210288
47,101,3,0.220290709176921
47,102,0,-0.135043499153083
47,103,0,-0.733630187665404
47,104,0,-0.408092877470331
47,105,-2,0.251285024141556
47,106,0,0.00050580962522262
47,107,1,0.818341295917553
47,108,-1,-0.102017311865269
47,109,0,0.702869970954676
47,110,-1,0.341159543616514
47,111,-1,0.78546151419668
47,112,-1,0.757929933219646
47,113,0,1.15223485064564
47,114,3,1.00082273686144
47,115,-1,0.643678073970266
47,116,0,-0.201105977036706
47,117,-1,0.125170860100544
47,118,1,0.594905465774427
47,119,1,0.264549657229007
47,120,2,0.639400800845425
47,121,-2,-0.718785345162398
47,122,-1,0.295300420441232
47,123,0,-0.118168609998146
47,124,0,0.584104451561543
47,125,0,0.693721236168218
47,126,1,0.894165546319105
47,127,0,0.176624884304919
47,128,0,0.396507997203626
47,129,1,0.309304580470861
47,130,-1,0.326035147235011
47,131,0,0.381429709865901
47,132,1,0.44991568004217
47,133,-1,0.553849663539085
47,134,1,0.476707734077027
47,135,-2,0.464993967379895
47,136,-1,0.760656339954167
47,137,0,0.670726516486881
47,138,1,0.941150901105714
47,139,1,0.708799523505943
47,140,0,0.637748521418999
47,141,1,0.299577693566073
47,142,0,0.0982206309309371
47,143,2,0.170345760325977
47,144,1,-0.0531914828532555
47,145,-2,0.0448129480923928
47,146,2,0.0416066025865497
47,147,-1,0.168358880533632
47,148,-1,0.242470889721017
47,149,6,0.397578924822624
47,150,-2,-0.0936509622194139
47,151,-2,-2.6470512840298
47,152,1,-0.0907717143716487
47,153,4,0.113993454484853
47,154,-1,-0.171881990051324
47,155,-1,-1.0017292933386
47,156,-1,-1.82909404145804
47,157,-5,0.509354328468088
47,158,1,-0.425782734195457
47,159,1,1.57834542248441
47,160,-2,-0.392038674366671
47,161,2,1.0075796652793
47,162,2,0.177008844559969
47,163,3,0.700454780193808
47,164,-1,-0.487478075206492
47,165,-4,-0.811684869611711
47,166,-1,0.00518587499391332
47,167,2,0.89558143872662
47,168,-2,0.000985748396543862
47,169,1,0.851747074297272
47,170,0,0.114576213242341
47,171,0,0.901909404648299
47,172,4,-0.13243235819863
47,173,4,0.240385796581664
47,174,-9,-2.31172558990807
47,175,-1,-1.21104991337574
47,176,-2,0.626054756184713
47,177,0,0.232507615797319
47,178,1,1.38012117945568
47,179,0,0.795646126536814
47,180,2,1.61478312024716
47,181,1,-0.401587968371089
47,182,2,-0.696236175425007
47,183,2,-0.421617098728639
47,184,-2,-0.394085517751605
47,185,0,-0.325166733862408
47,186,-4,0.0412720022206304
47,187,0,0.40026034083116
47,188,0,1.02835111814938
47,189,-2,0.651129538604312
47,190,4,0.774270544469294
47,191,3,0.878654445268453
47,192,2,-1.12438970890461
47,193,2,-1.49538800669479
47,194,2,-0.778502173448962
47,195,-2,-1.24071490893289
47,196,-8,-0.551328970740056
47,197,1,-0.289882307238736
47,198,0,0.570547010949908
47,199,-1,-0.563511486728232
47,200,1,0.703006063255273
47,201,-1,1.13814744833076
47,202,1,2.29553786065163
47,203,3,0.429387778924499
47,204,1,0.312510925976704
47,205,-3,-0.922300769331418
47,206,1,0.0960884127331901
47,207,-1,0.19861366855609
47,208,-2,0.252197776625805
47,209,3,0.836477390666622
47,210,-1,0.244967650408194
47,211,-1,-0.235059886065675
47,212,2,0.0610082720928937
47,213,0,0.649867214692389
47,214,5,0.186336800147951
47,215,5,-0.271377325599551
47,216,3,-3.53086267500928
47,217,0,-3.88927499583389
47,218,-1,-2.52906140357785
47,219,0,-1.40601799833795
47,220,3,-0.131640726953223
47,221,-1,-1.47742680013791
47,222,-11,-1.83428018893419
47,223,-3,-0.463682646174268
47,224,6,1.26166572644032
47,225,9,-0.175967815726985
47,226,3,-2.34387173187815
47,227,-4,-6.07678982195715
47,228,4,0.388873223238819
47,229,-2,-1.60811133706991
47,230,-9,-1.69198973245642
47,231,-7,-0.940066481533332
47,232,1,-0.0210802581179702
47,233,2,-0.595559937248409
47,234,-2,-1.08169062622761
47,235,0,0.607356254280498
47,236,0,3.20717608914191
47,237,-1,1.05147913605816
47,238,1,0.581712645192941
47,239,1,0.823692696350491
47,240,-2,0.132944088371162
47,241,2,0.495583355768272
47,242,0,0.394521117411281
47,243,0,0.257549177058742
47,244,1,0.141161899922517
47,245,1,0.492525548356929
47,246,0,0.0189336465417844
47,247,-2,0.168693480899551
47,248,1,0.0700659071095879
47,249,-1,0.476373133711108
47,250,1,0.609244226169975
47,251,3,0.524665803135626
47,252,-4,0.443395138643226
47,253,1,-0.343271142687432
47,254,0,0.335920209274548
47,255,-1,0.207604228207799
47,256,1,0.413569964644597
47,257,1,0.990183097472408
47,258,-2,-0.0362538972067705
47,259,1,0.495583355768272
47,260,2,0.139802480981378
47,261,5,0.166548425972457
47,262,3,-0.491275409560012
47,263,-6,-2.77757262046671
47,264,-5,-1.30875142987951
47,265,9,0.538213225545878
47,266,-1,-0.152023289665492
47,267,-7,-5.18983691140363
47,268,-1,-0.802553575265042
47,269,2,2.11312331033521
47,270,0,-0.191382195945677
47,271,3,0.911017234322097
47,272,3,-2.25904019740475
47,273,-9,0.398871156600047
47,274,3,-3.03970471784014
47,275,0,0.485923595384725
47,276,3,-1.36931883337976
47,277,1,-0.0288926482231071
47,278,2,-0.517901222822111
47,279,-1,0.361207321396742
47,280,2,-0.51247032773504
47,281,-1,-1.61911091050437
47,282,1,0.278077078176413
47,283,-1,-1.1818647240868
47,284,3,0.680456603080766
47,285,-2,-0.810089558632579
47,286,0,-0.048041583826087
47,287,-3,-0.276280941257805
47,288,-2,0.957401529098543
47,289,-3,0.988467656569144
47,290,-1,1.65534201354106
47,291,0,0.837261910139632
47,292,0,1.48875339907214
47,293,4,0.942011549286732
47,294,6,0.561826057670439
47,295,-2,-1.90599651542488
47,296,1,-3.61963346442825
47,297,-6,-1.04546382408019
47,298,2,0.223953069547636
47,299,-4,0.588378524997287
47,300,2,-0.0132919830497253
47,301,0,-1.02475595464404
47,302,3,0.33741151799587
47,303,3,-0.616906106653952
47,304,3,-0.557511112985707
47,305,-2,-1.87401766238622
47,306,-5,-1.28073991013116
47,307,-4,-0.340131836791369
47,308,-1,1.2527261016178
47,309,3,0.489942347500249
47,310,-3,0.545140483437122
47,311,-2,-0.0539782481497508
47,312,-1,1.42992846414541
47,313,4,0.973746042721198
47,314,-2,0.335502445968943
47,315,3,-0.299410122735131
47,316,-2,-0.834433095356445
47,317,-1,-0.333875656459466
47,318,-1,-0.452801691668407
47,319,6,0.99728499067878
47,320,0,-1.118104928323
47,321,0,-2.35512628402131
47,322,1,-2.09579988730474
47,323,-2,-0.0194707611540987
47,324,-5,-0.265941564563568
47,325,-1,1.16955640625746
47,326,-1,-0.389345486985477
47,327,2,1.08102247373485
47,328,0,-0.0700068386533994
47,329,-1,1.23341050148013
47,330,2,1.09797568016589
47,331,0,0.386446509932919
47,332,-1,0.221942988603347
47,333,1,0.29257401370671
47,334,0,0.126679935453975
47,335,-1,0.362554088174656
47,336,2,0.520388530010784
47,337,-3,0.106152034336305
47,338,1,0.70024497725626
47,339,0,0.482795461763044
47,340,0,0.564650677751969
47,341,-3,0.333370227771196
47,342,0,1.18191148654977
47,343,1,0.4524956830146
47,344,-9,0.649127687750212
47,345,9,1.72459539779618
47,346,0,1.15681563731063
47,347,-1,-5.20436386840301
47,348,0,-0.670787619399319
47,349,1,1.18874194086706
47,350,-1,2.1491431984621
47,351,1,0.607591946743549
47,352,-1,-2.53958603108203
47,353,-1,0.64485041462537
47,354,2,-2.06355651539533
47,355,0,0.70953905044812
47,356,0,0.448105225480995
47,357,3,0.307652301044435
47,358,-2,0.130029485032813
47,359,-4,-0.573230713918601
47,360,1,0.59812144832052
47,361,-1,0.550165513594329
48,1,1,0.808238738591085
48,2,0,0.648662453592357
48,3,-2,0.491031691844724
48,4,0,0.671045335133213
48,5,-2,0.723012659627674
48,6,2,0.864985236410999
48,7,-2,0.777407075900274
48,8,1,0.975695819240591
48,9,0,0.437580284550337
48,10,-1,0.6945843157483
48,11,-1,0.353487037874517
48,12,3,0.959472787487866
48,13,0,0.051305560332224
48,14,0,-0.220670910144613
48,15,3,0.0793682032097395
48,16,-2,0.0344721221133166
48,17,-1,-0.704683773779934
48,18,0,0.250688359883949
48,19,-3,-0.132572639056544
48,20,1,0.909636612043096
48,21,2,0.829829273117218
48,22,1,-0.22906102116839
48,23,0,0.197257080665441
48,24,0,-0.133098071312883
48,25,0,-0.0124992940688491
48,26,0,0.179739789422169
48,27,0,0.405805612881313
48,28,0,0.160615338623259
48,29,1,0.536602303488332
48,30,0,0.420895812346445
48,31,1,0.395762558992599
48,32,0,0.193129171100533
48,33,-3,0.300493426140474
48,34,0,0.525158445061061
48,35,0,0.863852404123407
48,36,1,0.633572254127225
48,37,0,0.706703210902819
48,38,-1,0.788152630813657
48,39,-1,0.424542153384307
48,40,2,0.697879406273827
48,41,0,0.542999016339184
48,42,2,0.577958588594903
48,43,0,0.0757218621718779
48,44,-1,0.195181239399636
48,45,-2,-0.0648178690756444
48,46,1,0.71831676456359
48,47,-2,0.292761596504712
48,48,2,0.95021131537441
48,49,0,0.304450160396308
48,50,0,0.649013704104692
48,51,-1,0.140810596093738
48,52,-1,0.723363910140008
48,53,0,0.531555157911913
48,54,-1,0.905208689229978
48,55,2,0.599357603863182
48,56,0,0.672094889159436
48,57,1,0.613486146349797
48,58,0,0.0606316627067455
48,59,-2,0.336020983895369
48,60,-1,0.278655263312155
48,61,-1,0.838719150769561
48,62,2,0.514131524899772
48,63,5,0.864333972650453
48,64,-4,0.261019514099507
48,65,1,-1.90760717618681
48,66,-1,-0.214319990997413
48,67,-1,0.00129664590573561
48,68,2,0.423271666860461
48,69,0,0.725726371657083
48,70,1,-0.719228583798474
48,71,-2,0.191428353313765
48,72,-1,-0.543910894168628
48,73,0,0.444628261161734
48,74,1,0.809939556377853
48,75,0,0.332417063824514
48,76,-1,0.752625073058763
48,77,0,0.555338843991326
48,78,2,0.582172915131941
48,79,-1,0.402159271843451
48,80,-1,0.465898438490877
48,81,-3,0.468411947241147
48,82,1,1.06178989695139
48,83,5,0.904857438717643
48,84,-1,0.271062567988221
48,85,1,-2.21240870752739
48,86,-2,-0.279976710418449
48,87,-1,0.247799827654642
48,88,3,0.27830401279982
48,89,-3,0.593616773559211
48,90,0,-1.41302685393414
48,91,2,0.632684127303959
48,92,-1,-0.733399605846655
48,93,-2,0.264046632374068
48,94,0,0.845711819597073
48,95,1,0.103536238291314
48,96,-1,0.482338205230443
48,97,0,0.462355719663164
48,98,2,0.335281823087119
48,99,0,0.437686829598346
48,100,3,0.219395256741971
48,101,0,-0.135253761822134
48,102,0,-0.734244949946899
48,103,0,-0.408291001463443
48,104,-2,0.250794904931958
48,105,0,-0.000361750914025794
48,106,1,0.818281792479799
48,107,-1,-0.103311476137789
48,108,0,0.702007315838735
48,109,-1,0.340820501169602
48,110,-1,0.784806303024006
48,111,-1,0.757620981371057
48,112,0,1.15171187097888
48,113,3,1.0004778220821
48,114,-1,0.643315294767728
48,115,0,-0.201934369641619
48,116,-1,0.124938814853348
48,117,1,0.594268037319757
48,118,1,0.264614617873245
48,119,2,0.638619399703644
48,120,-2,-0.720121861415109
48,121,-1,0.294096713289622
48,122,0,-0.118059109111874
48,123,0,0.583873732918709
48,124,0,0.693313829224455
48,125,1,0.893464817554496
48,126,0,0.175705538088391
48,127,0,0.395762558992599
48,128,1,0.30883566224242
48,129,-1,0.32562667949432
48,130,0,0.380672359527466
48,131,1,0.449675406738153
48,132,-1,0.553393320740233
48,133,1,0.475941492379591
48,134,-2,0.464765606203286
48,135,-1,0.75967304967016
48,136,0,0.670694084620879
48,137,1,0.940736246984872
48,138,1,0.708404028689587
48,139,0,0.636918581916876
48,140,1,0.298792608353706
48,141,0,0.0978600382484082
48,142,2,0.169696735533455
48,143,1,-0.0533740106483734
48,144,-2,0.0439471905028539
48,145,2,0.0408455681775289
48,146,-1,0.168563903245863
48,147,-1,0.241533432818501
48,148,6,0.397356831731358
48,149,-2,-0.093962106976628
48,150,-2,-2.64673980529342
48,151,1,-0.0908392492527567
48,152,4,0.113536871213021
48,153,-1,-0.171945261052865
48,154,-1,-1.0022646861679
48,155,-1,-1.83152860182115
48,156,-5,0.509041958356346
48,157,1,-0.425969631766903
48,158,1,1.57892699953017
48,159,-2,-0.394072362039452
48,160,2,1.0065512548981
48,161,2,0.176919915567904
48,162,3,0.700325405347733
48,163,-1,-0.48798836632339
48,164,-4,-0.812478360082798
48,165,-1,0.00483644189558785
48,166,2,0.896033634088651
48,167,-2,0.000687803112196739
48,168,1,0.849988695176997
48,169,0,0.113523984396143
48,170,0,0.901345002815217
48,171,4,-0.13266774004996
48,172,4,0.240100587282698
48,173,-9,-2.31194580302181
48,174,-1,-1.21204432768883
48,175,-2,0.62772339869967
48,176,0,0.232358377677175
48,177,1,1.38028386696676
48,178,0,0.793140907312437
48,179,2,1.61448088675227
48,180,1,-0.401880512392496
48,181,2,-0.696949383062327
48,182,2,-0.421980396390019
48,183,-2,-0.39479507473707
48,184,0,-0.326059999777349
48,185,-4,0.0414135536767052
48,186,0,0.39907629751843
48,187,0,1.02890616596148
48,188,-2,0.64997536108321
48,189,4,0.773104852315531
48,190,3,0.878642590340329
48,191,2,-1.12413163748798
48,192,2,-1.49564796580582
48,193,2,-0.779273241719105
48,194,-2,-1.24101761126318
48,195,-8,-0.552125823236493
48,196,1,-0.291692102390439
48,197,0,0.571274832909788
48,198,-1,-0.564409453701533
48,199,1,0.70185334576768
48,200,-1,1.13685298398114
48,201,1,2.29622588914306
48,202,3,0.429238048448391
48,203,1,0.311937284567745
48,204,-3,-0.922707374385344
48,205,1,0.0951096664354176
48,206,-1,0.199044315424339
48,207,-2,0.251576486707215
48,208,3,0.836099096971282
48,209,-1,0.244075969538837
48,210,-1,-0.235761109609746
48,211,2,0.060735284916894
48,212,0,0.649581689603868
48,213,5,0.185568516773844
48,214,5,-0.271397611253783
48,215,3,-3.53121364225849
48,216,0,-3.88851174259094
48,217,-1,-2.52933384151543
48,218,0,-1.40651052066129
48,219,3,-0.131552113000387
48,220,-1,-1.47908845997277
48,221,-11,-1.83667891970893
48,222,-3,-0.465608572663814
48,223,6,1.26357334870882
48,224,9,-0.174919994381402
48,225,3,-2.3430168252281
48,226,-4,-6.07660593207744
48,227,4,0.390453805211489
48,228,-2,-1.60668358600956
48,229,-9,-1.69215072043693
48,230,-7,-0.942674716964795
48,231,1,-0.023913404711957
48,232,2,-0.594317530847911
48,233,-2,-1.08200621264023
48,234,0,0.604214119584965
48,235,0,3.2084004774286
48,236,-1,1.05236692555354
48,237,1,0.58125367912043
48,238,1,0.823328938056217
48,239,-2,0.131835744231551
48,240,2,0.494678032882585
48,241,0,0.394629726705007
48,242,0,0.256623632283634
48,243,1,0.140810596093738
48,244,1,0.491950927856235
48,245,0,0.0184626866366732
48,246,-2,0.167995917746687
48,247,1,0.0689925468089956
48,248,-1,0.476509477878767
48,249,1,0.608439000773379
48,250,3,0.524507181300516
48,251,-4,0.442733975174764
48,252,1,-0.344174918675909
48,253,0,0.336482424346536
48,254,-1,0.206925111075118
48,255,1,0.413228612971747
48,256,1,0.989653186418131
48,257,-2,-0.0373905335666058
48,258,1,0.494678032882585
48,259,2,0.139887931064304
48,260,5,0.166050394495593
48,261,3,-0.491634707361251
48,262,-6,-2.77729418927725
48,263,-5,-1.30963589993216
48,264,9,0.538934256959767
48,265,-1,-0.15037193176475
48,266,-7,-5.18877278386533
48,267,-1,-0.80533433679349
48,268,2,2.11375137370815
48,269,0,-0.190352027629648
48,270,3,0.90992178953208
48,271,3,-2.26310020424848
48,272,-9,0.399661777930205
48,273,3,-3.04037957639558
48,274,0,0.487933208230159
48,275,3,-1.37012447823924
48,276,1,-0.0287849698270011
48,277,2,-0.520024288207883
48,278,-1,0.362029917463501
48,279,2,-0.513393020946124
48,280,-1,-1.61958563797745
48,281,1,0.277060990573396
48,282,-1,-1.1825441905243
48,283,3,0.679494116283168
48,284,-2,-0.810203566697086
48,285,0,-0.048999502958069
48,286,-3,-0.276532653877906
48,287,-2,0.95647771021055
48,288,-3,0.988682713142497
48,289,-1,1.65476128836541
48,290,0,0.836428138189558
48,291,0,1.48813702675529
48,292,4,0.941321437722067
48,293,6,0.561435543593967
48,294,-2,-1.90577843922647
48,295,1,-3.61924876316107
48,296,-6,-1.04510107754606
48,297,2,0.222966587549007
48,298,-4,0.589812650209217
48,299,2,-0.0161212259229808
48,300,0,-1.02610170112397
48,301,3,0.336034760115464
48,302,3,-0.615688316343246
48,303,3,-0.558177660944482
48,304,-2,-1.87414904981122
48,305,-5,-1.28140102425299
48,306,-4,-0.34067011079101
48,307,-1,1.25319616140303
48,308,3,0.489608678012108
48,309,-3,0.544054331548832
48,310,-2,-0.0561828016402184
48,311,-1,1.43035695936705
48,312,4,0.973853307809589
48,313,-2,0.335800051397746
48,314,3,-0.300228221927172
48,315,-2,-0.835015661593495
48,316,-1,-0.334806901514443
48,317,-1,-0.45240842362247
48,318,6,0.996701163029529
48,319,0,-1.11884295833337
48,320,0,-2.35496602514912
48,321,1,-2.09680222382333
48,322,-2,-0.0199222941592838
48,323,-5,-0.266459507934295
48,324,-1,1.16904760694332
48,325,-1,-0.390929798822695
48,326,2,1.08065675546909
48,327,0,-0.0700583947094957
48,328,-1,1.23194204163
48,329,2,1.09795609094541
48,330,0,0.386287490603062
48,331,-1,0.221096074528739
48,332,1,0.292044644990519
48,333,0,0.126007016879875
48,334,-1,0.361935819024472
48,335,2,0.519811286236431
48,336,-3,0.105569658590113
48,337,1,0.699012238561419
48,338,0,0.483150896193945
48,339,0,0.563787625141281
48,340,-3,0.333049679584755
48,341,0,1.18084271588293
48,342,1,0.452337881503439
48,343,-9,0.648662453592357
48,344,9,1.72292837782596
48,345,0,1.15883799653187
48,346,-1,-5.20298616828596
48,347,0,-0.670965471520888
48,348,1,1.18772833348237
48,349,-1,2.1508199572079
48,350,1,0.60673818298661
48,351,-1,-2.5431301127173
48,352,-1,0.643966558528273
48,353,2,-2.06328366735299
48,354,0,0.709323264701098
48,355,0,0.447161897987883
48,356,3,0.307134844455652
48,357,-2,0.129741254965441
48,358,-4,-0.573887083172915
48,359,1,0.597807833309609
48,360,-1,0.550227068153843
48,361,0,0.537383885263589
49,1,0,-0.00827139509340907
49,2,1,0.415297473382279
49,3,0,0.304640865214188
49,4,1,0.282957761159359
49,5,0,0.134066796846268
49,6,-3,0.170699434563923
49,7,0,0.420082132555523
49,8,0,0.700058283455601
49,9,1,0.770408581522929
49,10,0,0.641415845000498
49,11,-1,0.752791052048686
49,12,-1,0.35538001318245
49,13,2,0.546035467177853
49,14,0,0.340286940673828
49,15,2,0.433450443899796
49,16,0,0.121705543868803
49,17,-1,0.0827124927086751
49,18,-2,-0.128416249111687
49,19,1,0.544433748750507
49,20,-2,0.00310329562604161
49,21,2,0.957677440826817
49,22,0,0.245648494802311
49,23,0,0.69273005300306
49,24,-1,0.142054892874204
49,25,-1,0.614659622285714
49,26,0,0.345071599847072
49,27,-1,0.718211253973118
49,28,2,0.385217608038038
49,29,0,0.595193392827562
49,30,1,0.477803214267468
49,31,0,0.0757510550737852
49,32,-2,0.215052204931595
49,33,-1,0.152814427424323
49,34,-1,0.678375179400773
49,35,2,0.419261965070332
49,36,5,0.72141469082781
49,37,-4,0.41470281332174
49,38,1,-2.27832439703521
49,39,-1,0.424946021142263
49,40,-1,0.201396815895728
49,41,2,0.310308643934681
49,42,0,0.587515230418248
49,43,1,-1.08152670929921
49,44,-2,0.232362152036894
49,45,-1,-0.71230584900935
49,46,0,0.306837243702072
49,47,1,0.776526995745601
49,48,0,0.119551621334184
49,49,-1,0.708438281681014
49,50,0,0.511991110145559
49,51,2,0.435378859009762
49,52,-1,0.207947228450908
49,53,-1,0.373532983699967
49,54,-3,0.473756754000559
49,55,1,0.825664425286518
49,56,5,0.671270202920086
49,57,-1,0.731579565317391
49,58,1,-2.63877236845638
49,59,-2,0.453407404995158
49,60,-1,-0.0430576840768314
49,61,3,0.10587337637129
49,62,-3,0.601168268204438
49,63,0,-1.9063046976886
49,64,2,0.896648993836853
49,65,-1,-0.623128690950471
49,66,-2,0.128216346001514
49,67,0,0.897635556094868
49,68,1,-0.221103423946211
49,69,-1,0.444825134619246
49,70,0,0.391851696055723
49,71,2,0.266716442687809
49,72,0,0.25229999881858
49,73,3,0.106265278568767
49,74,0,-0.101209390894724
49,75,0,-1.00699532607667
49,76,0,-0.239072857279778
49,77,-2,0.0785224935959691
49,78,0,-0.256791469646554
49,79,1,0.679976897828118
49,80,-1,-0.201348735001348
49,81,0,0.618131022518323
49,82,-1,0.307394887737788
49,83,-1,0.584269823322853
49,84,-1,0.613941023405617
49,85,0,0.985478959104318
49,86,3,0.830469580568555
49,87,-1,0.522771140804471
49,88,0,-0.402952641159165
49,89,-1,0.363100145832468
49,90,1,0.35975317013198
49,91,1,0.0794056131432176
49,92,2,0.499486318322297
49,93,-2,-0.843808933900681
49,94,-1,0.245709967272374
49,95,0,-0.202274477723885
49,96,0,0.507657572187056
49,97,0,0.497166001014854
49,98,1,0.840777993903933
49,99,0,0.0376830937016089
49,100,0,0.282957761159359
49,101,1,0.244723405014359
49,102,-1,0.192382538618751
49,103,0,0.237003272364341
49,104,1,0.377063117237279
49,105,-1,0.362956606986671
49,106,1,0.349261598959778
49,107,-2,0.423017606032297
49,108,-1,0.562586719268024
49,109,0,0.575706667260617
49,110,1,0.93313809270871
49,111,1,0.543120489809872
49,112,0,0.597781673512923
49,113,1,0.268994789754548
49,114,0,0.0218084702508317
49,115,2,0.0140883376008136
49,116,1,-0.133200908284932
49,117,-2,-0.0722968858270882
49,118,2,0.00651174379659258
49,119,-1,0.0635729599331435
49,120,-1,0.176942273318715
49,121,6,0.385051213265214
49,122,-2,0.0513781017285022
49,123,-2,-3.3908454209792
49,124,1,0.829011400987006
49,125,4,-0.0300393046893318
49,126,-1,-0.109791661270637
49,127,-1,-1.23775400779078
49,128,-1,-1.59973481801021
49,129,-5,0.223223458796354
49,130,1,-0.774253460146262
49,131,1,1.40578291825525
49,132,-2,0.0233343129623488
49,133,2,1.05159963906791
49,134,2,0.193105924492707
49,135,3,0.673402381111266
49,136,-1,-0.454594356075908
49,137,-4,-0.924264660718205
49,138,-1,0.111376634424632
49,139,2,0.575889825097441
49,140,-2,0.227476409971118
49,141,1,0.724580868509708
49,142,0,0.119737130420685
49,143,0,0.892109759334292
49,144,4,-0.226872559146694
49,145,4,0.284291516208787
49,146,-9,-2.62772518465111
49,147,-1,-1.06081405793106
49,148,-2,0.926830048439061
49,149,0,1.22863932301848
49,150,1,1.23443151770253
49,151,0,0.896840595786381
49,152,2,1.40883541188742
49,153,1,-0.429148464247023
49,154,2,-0.838077732678506
49,155,2,-0.436114688875771
49,156,-2,-0.465785888958535
49,157,0,-0.394697391984873
49,158,-4,-0.0422989890617033
49,159,0,0.237764327197703
49,160,0,0.855950781538613
49,161,-2,0.987247072304488
49,162,4,0.662075127624519
49,163,3,0.974451461176281
49,164,2,-1.37048766480962
49,165,2,-1.12042337276695
49,166,2,-0.547654416591111
49,167,-2,-1.37506267177433
49,168,-8,-0.663566815543418
49,169,1,-0.584363826107148
49,170,0,0.319630115664919
49,171,-1,0.369495052040267
49,172,1,0.760209527970764
49,173,-1,1.15404215807085
49,174,1,2.08712442906655
49,175,3,0.378664835664624
49,176,1,0.165914775390678
49,177,-3,-1.10806211978948
49,178,1,0.318132219295465
49,179,-1,0.0376998567656086
49,180,-2,0.323244956946446
49,181,3,0.778540216396662
49,182,-1,0.0290183690342796
49,183,-1,-0.375026698349543
49,184,2,0.315382983765723
49,185,0,0.473345251776844
49,186,5,-0.0363828469895311
49,187,5,0.0110489357007122
49,188,3,-3.8956852342137
49,189,0,-3.63501227169661
49,190,-1,-2.06780886602453
49,191,0,-1.42649894449078
49,192,3,-0.415582182033547
49,193,-1,-1.91020704754615
49,194,-11,-2.25383921202503
49,195,-3,-0.415486171547034
49,196,6,0.888131950643152
49,197,9,1.61619614987428
49,198,3,-2.01056376824012
49,199,-4,-5.84181765563022
49,200,4,1.80255829570229
49,201,-2,-4.34189439396106
49,202,-9,-1.77518527253893
49,203,-7,-0.803906092280922
49,204,1,-0.489040589033781
49,205,2,0.321467718436988
49,206,-2,-0.1010228072962
49,207,0,0.743068326887965
49,208,0,3.33830461923975
49,209,-1,0.953174683780148
49,210,1,0.437248540815025
49,211,1,0.750202771363325
49,212,-2,-0.0806936471165
49,213,2,0.445955235723058
49,214,0,0.332442383491689
49,215,0,0.222896762113733
49,216,1,0.142054892874204
49,217,1,0.393346405949532
49,218,0,-0.14092104093495
49,219,-2,0.11238369279144
49,220,1,-0.0697905737205836
49,221,-1,0.300450866101482
49,222,1,0.578151409100181
49,223,3,0.490923162260061
49,224,-4,0.322525872353787
49,225,1,-0.554779078949029
49,226,0,0.5372043477377
49,227,-1,0.471867957881619
49,228,1,0.33458002867487
49,229,1,0.951166638694107
49,230,-2,-0.324964194888439
49,231,1,0.445955235723058
49,232,2,0.0602085682340712
49,233,5,0.133923258000471
49,234,3,-0.284020287707989
49,235,-6,-3.12082621043961
49,236,-5,-0.840814910767077
49,237,9,0.546956823921012
49,238,-1,0.805251252561378
49,239,-7,-5.63738425360395
49,240,-1,0.787768046899081
49,241,2,-1.03754580737329
49,242,0,0.529303951644044
49,243,3,0.880721077009816
49,244,3,-2.43783543032614
49,245,-9,0.161283617049592
49,246,3,-3.121172494015
49,247,0,0.596461942362134
49,248,3,-0.477489196725848
49,249,1,0.28267116061177
49,250,2,-0.667548125123597
49,251,-1,0.41898188624778
49,252,2,-0.628964814475408
49,253,-1,-1.82694394532867
49,254,1,0.0507209753184679
49,255,-1,-1.3351595870066
49,256,3,0.496282881467605
49,257,-2,-0.962329866499172
49,258,0,-0.346238617814027
49,259,-3,-0.129092877751081
49,260,-2,0.90825155179919
49,261,-3,0.788313188688766
49,262,-1,1.83689112136237
49,263,0,0.753758597789903
49,264,0,1.75370933478916
49,265,4,0.852978292037017
49,266,6,0.665419266362769
49,267,-2,-1.89093412224921
49,268,1,-3.70160375875218
49,269,-6,-0.220861153457559
49,270,2,-0.0119488005213113
49,271,-4,0.415520727354133
49,272,2,0.546946153720039
49,273,0,-1.21871051056699
49,274,3,0.782283404144481
49,275,3,-0.645842816104568
49,276,3,-0.712520762728512
49,277,-2,-1.85647827886096
49,278,-5,-1.23908857307177
49,279,-4,-0.338065337218591
49,280,-1,1.05416233322944
49,281,3,0.815728897631818
49,282,-3,0.92533972452463
49,283,-2,-0.277874149193402
49,284,-1,1.72011281600726
49,285,4,1.07521082251792
49,286,-2,0.423757186733748
49,287,3,-0.629338165923741
49,288,-2,-0.414798279841715
49,289,-1,-0.512439529232418
49,290,-1,-0.335332788826902
49,291,6,0.975889144649037
49,292,0,-1.12978181365667
49,293,0,-2.98571424946295
49,294,1,-1.26989982359781
49,295,-2,-0.212297997395323
49,296,-5,-0.505063833782604
49,297,-1,1.06268587030065
49,298,-1,-0.701301889573068
49,299,2,1.57906969184065
49,300,0,-0.160149829162498
49,301,-1,1.21650592871534
49,302,2,1.12549420370679
49,303,0,0.258418413041252
49,304,-1,0.00796992337814134
49,305,1,0.297064271409967
49,306,0,-0.0544938472663445
49,307,-1,0.140309635601061
49,308,2,0.467638339777887
49,309,-3,-0.0528921288389989
49,310,1,0.496550844845523
49,311,0,0.472770191742544
49,312,0,0.726774410035354
49,313,-3,0.268276190874451
49,314,0,1.10484226218044
49,315,1,0.232136644612241
49,316,-9,0.816363070317947
49,317,9,1.61564221445849
49,318,0,1.57364428140569
49,319,-1,-4.9581507151034
49,320,0,1.03851978721035
49,321,1,-1.64696088544358
49,322,-1,1.86422705173082
49,323,1,0.505872695922887
49,324,-1,-2.96553334177321
49,325,-1,0.451930111099933
49,326,2,-2.23686600894227
49,327,0,0.541250808004609
49,328,0,0.276839346936687
49,329,3,0.343018760204985
49,330,-2,0.0154220926502417
49,331,-4,-0.874387650475837
49,332,1,0.781455193764643
49,333,-1,0.414804002579709
49,334,0,0.830594005100675
49,335,1,1.13931861754524
49,336,-3,0.142263257887731
49,337,1,0.906484232962817
49,338,1,0.304806607052427
49,339,-1,0.571765031499591
49,340,0,0.403204183782731
49,341,2,0.734638081531169
49,342,-1,0.0956889018554712
49,343,-1,0.216921886736858
49,344,-1,0.473756754000559
49,345,3,0.604351208950336
49,346,-3,0.185277562138064
49,347,1,-0.0110653564550632
49,348,0,0.205812420229965
49,349,2,0.614516083439917
49,350,1,-0.10964812242484
49,351,1,0.397536405062238
49,352,-3,-1.17259581765906
49,353,1,0.219836864104839
49,354,-3,-0.277285010432336
49,355,2,0.857780367208846
49,356,-1,0.17702433969445
49,357,3,1.13057182650218
49,358,1,0.0546831071882874
49,359,-3,-0.477244574987519
49,360,2,0.0728155815970113
49,361,0,0.240265442523736
50,1,-1,0.374936781709646
50,2,2,0.546739066229418
50,3,0,0.664326467391642
50,4,2,0.470647447703891
50,5,0,0.448772665263379
50,6,-1,0.161636761825711
50,7,-2,0.017418141274311
50,8,1,0.45102742387144
50,9,-2,0.0803383014360253
50,10,2,0.738161374581641
50,11,0,0.339891029087187
50,12,0,0.636742803423269
50,13,-1,0.320722386533964
50,14,-1,0.541032137429024
50,15,0,0.418688787500003
50,16,-1,0.776207427935338
50,17,2,0.132297449821779
50,18,0,0.850043311489071
50,19,1,0.486816765889609
50,20,0,0.336891704719682
50,21,-2,0.295393969355519
50,22,-1,0.151174860622253
50,23,-1,0.680496273759227
50,24,2,0.192218773797855
50,25,5,0.967630712651295
50,26,-4,0.694409368791284
50,27,1,-2.55119220909604
50,28,-1,0.562909848960736
50,29,-1,0.207643038042263
50,30,2,0.332135755952885
50,31,0,0.522155214810417
50,32,1,-2.06469116460672
50,33,-2,0.448772665263379
50,34,-1,-0.848656862580224
50,35,0,0.41868927568187
50,36,1,0.814252504925302
50,37,0,0.116128131636061
50,38,-1,0.69440985697315
50,39,0,0.486817742253343
50,40,2,0.546739066229418
50,41,-1,0.530569259861833
50,42,-1,0.336890728355949
50,43,-3,0.486818230435209
50,44,1,0.584784143219382
50,45,5,0.915671564265541
50,46,-1,0.98379905447328
50,47,1,-2.83187661797387
50,48,-2,0.481111789816682
50,49,-1,-0.0817461594578668
50,50,3,0.178758036408759
50,51,-3,0.926133465468998
50,52,0,-2.87979634201534
50,53,2,0.828168529048559
50,54,-1,-0.409341139364568
50,55,-2,0.192671131440816
50,56,0,0.710580151522602
50,57,1,-0.493187475134267
50,58,-1,0.648156661024057
50,59,0,0.296890261475518
50,60,2,0.126591497385119
50,61,0,0.546738578047552
50,62,3,0.225009767812252
50,63,0,0.353061022905401
50,64,0,-0.861061018484587
50,65,0,-0.116338578073631
50,66,-2,0.221558573983653
50,67,0,-0.43281379351523
50,68,1,0.776207916117205
50,69,-1,-0.435521886129985
50,70,0,0.566359578243736
50,71,-1,0.351105633014933
50,72,-1,0.546738578047552
50,73,-1,0.626281390401678
50,74,0,0.888088388479035
50,75,3,0.871919070293317
50,76,-1,0.850042823307205
50,77,0,-0.462045130866956
50,78,-1,0.353061511087267
50,79,1,0.355315293331595
50,80,1,0.402519469314285
50,81,2,0.620573973419418
50,82,-2,-0.874837609345641
50,83,-1,0.123591684835747
50,84,0,-0.0802484027922682
50,85,0,0.606659902023627
50,86,0,0.610111584034093
50,87,1,0.828167064502959
50,88,0,0.0147100486595559
50,89,0,0.374936293527779
50,90,1,0.374936781709646
50,91,-1,0.41298185869961
50,92,0,0.263055332984083
50,93,1,0.508693989239454
50,94,-1,0.546738578047552
50,95,1,0.358766975342061
50,96,-2,0.620574949783151
50,97,-1,0.412981370517743
50,98,0,0.626281878583545
50,99,1,0.926133465468998
50,100,1,0.72199254457779
50,101,0,0.69440985697315
50,102,1,0.353060534723534
50,103,0,0.279225139351668
50,104,2,0.167343690626105
50,105,1,0.263055821165949
50,106,-2,0.145467443639992
50,107,2,-0.00445810571180105
50,108,-1,0.451027912053306
50,109,-1,0.189218961248483
50,110,6,0.454479594063772
50,111,-2,0.202681651365046
50,112,-2,-3.39638175244991
50,113,1,0.582530360975054
50,114,4,-0.0245319517328129
50,115,-1,0.274468214221137
50,116,-1,-1.29902606707983
50,117,-1,-1.66403783188106
50,118,-5,0.281479897959729
50,119,1,-1.10100588112913
50,120,1,1.51882886095625
50,121,-2,-0.566280745656022
50,122,2,0.831618746513425
50,123,2,0.343443802505938
50,124,3,0.30109992179218
50,125,-1,0.0532079714743469
50,126,-4,-0.904812536093078
50,127,-1,-0.174004655259779
50,128,2,0.666582202363436
50,129,-2,0.331681933764324
50,130,1,0.263798922379794
50,131,0,-0.159798863929372
50,132,0,0.562907408051403
50,133,4,-0.038752131973705
50,134,4,0.636743779787003
50,135,-9,-2.29819992702066
50,136,-1,-1.98172471157906
50,137,-2,0.928391641350126
50,138,0,1.01589077111217
50,139,1,1.32384557451217
50,140,0,0.0612539881795329
50,141,2,0.482044727532839
50,142,1,-0.16400185182679
50,143,2,-0.617233110983836
50,144,2,-0.00445810571180105
50,145,-2,-0.0840009180659278
50,146,0,-0.345807916143284
50,147,-4,0.205390232161668
50,148,0,-0.244842678991606
50,149,0,1.01138369480539
50,150,-2,0.66161788659502
50,151,4,0.285675657547772
50,152,3,1.22373175829199
50,153,2,-1.31294111483935
50,154,2,-0.8794846070965
50,155,2,-0.319175720390375
50,156,-2,-0.760993121946634
50,157,-8,-0.553400519044959
50,158,1,-1.72408396720721
50,159,0,0.219350568305133
50,160,-1,0.044086444374321
50,161,1,0.377177151407222
50,162,-1,0.835922337637262
50,163,1,1.47774367071242
50,164,3,0.604405631597433
50,165,1,0.52486233106144
50,166,-3,-0.819563771302291
50,167,1,-0.0101645463303282
50,168,-1,0.37719251668144
50,169,-2,0.344851927582537
50,170,3,0.683947955769693
50,171,-1,-0.061832951145199
50,172,-1,-0.418293613258466
50,173,2,0.163134518491309
50,174,0,0.712834421948796
50,175,5,0.135004566072801
50,176,5,0.448772665263379
50,177,3,-3.78254252335755
50,178,0,-3.11630345243305
50,179,-1,-1.93081638091426
50,180,0,-1.53640408443634
50,181,3,-0.204089021205021
50,182,-1,-2.11665031299247
50,183,-11,-2.99738374317757
50,184,-3,-2.00271814673193
50,185,6,0.682593744223746
50,186,9,1.76000751988935
50,187,3,-1.83610900854315
50,188,-4,-6.22971214324093
50,189,4,1.39279418162175
50,190,-2,-3.75100545188337
50,191,-9,-1.89196740593588
50,192,-7,-1.61112721527984
50,193,1,1.1819973909492
50,194,2,-0.34442606469222
50,195,-2,-0.273051909910831
50,196,0,-0.414611008087955
50,197,0,2.81754698643981
50,198,-1,0.250667949060188
50,199,1,0.476354864686151
50,200,1,0.866212629674789
50,201,-2,-0.0971714000660073
50,202,2,0.336891216537816
50,203,0,0.658620514954981
50,204,0,0.30109992179218
50,205,1,0.320722386533964
50,206,1,0.541032137429024
50,207,0,0.151174372440386
50,208,-2,0.241179574179837
50,209,1,-0.326639273590061
50,210,-1,0.56861531321553
50,211,1,0.530568771679967
50,212,3,0.700117273955411
50,213,-4,0.636743291605136
50,214,1,-0.819563771302291
50,215,0,0.658621491318715
50,216,-1,0.510947283301916
50,217,1,0.422140469510469
50,218,1,0.994262908404204
50,219,-2,-0.814916773551432
50,220,1,0.336891216537816
50,221,2,0.277270237643067
50,222,5,0.434857129321988
50,223,3,0.186964690822289
50,224,-6,-2.6307345332683
50,225,-5,-1.37421213707211
50,226,9,0.207646455315329
50,227,-1,1.13348012500186
50,228,-7,-5.83299249605348
50,229,-1,-1.03243312617127
50,230,2,-2.52627589503676
50,231,0,-0.028996248273258
50,232,3,0.775447985083543
50,233,3,0.257356739210133
50,234,-9,-0.208714248750693
50,235,3,-3.96412175408325
50,236,0,1.0241032837081
50,237,3,-0.694469481283907
50,238,1,0.633185242604477
50,239,2,-1.16157284183275
50,240,-1,0.0476918555399997
50,241,2,-0.56106283773582
50,242,-1,-1.64949635729293
50,243,1,0.0716315600862595
50,244,-1,-1.34619211203327
50,245,3,0.429150688703461
50,246,-2,-0.606570979743603
50,247,0,-0.519711696234971
50,248,-3,-0.247095973054068
50,249,-2,0.600952973223233
50,250,-3,0.76574552673188
50,251,-1,1.40123999524842
50,252,0,0.252884663533375
50,253,0,1.57078703297827
50,254,4,0.771996791254943
50,255,6,0.940048025046656
50,256,-2,-1.46857359299154
50,257,1,-3.80335835111226
50,258,-6,-0.00790881135853394
50,259,2,-0.379343964098993
50,260,-4,0.809498508885971
50,261,2,-0.645823558010149
50,262,0,-0.794670875068931
50,263,3,0.493367887312132
50,264,3,-1.12513639854143
50,265,3,-0.413537176309802
50,266,-2,-1.90053422584158
50,267,-5,-1.35804281888639
50,268,-4,-0.853704463573374
50,269,-1,0.82221516869749
50,270,3,0.356557505117941
50,271,-3,0.668068892972991
50,272,-2,-1.18670874546567
50,273,-1,0.670580172824037
50,274,4,0.620873830318878
50,275,-2,0.861456192726125
50,276,3,-0.919631667840245
50,277,-2,-0.517317504364707
50,278,-1,-0.673089903960964
50,279,-1,-0.262513076697365
50,280,6,0.846591141296738
50,281,0,-1.18560540780498
50,282,0,-2.94885791027512
50,283,1,-1.65941343459185
50,284,-2,0.0463046074534147
50,285,-5,-0.565818786502618
50,286,-1,0.642451196769263
50,287,-1,-0.683987326109506
50,288,2,1.39077662949937
50,289,0,-0.0468735484350352
50,290,-1,1.03005225042237
50,291,2,0.448772665263379
50,292,0,0.562908384415136
50,293,-1,0.15117388425852
50,294,1,0.336891704719682
50,295,0,-0.0429560285265922
50,296,-1,0.284931091788328
50,297,2,0.470648424067624
50,298,-3,0.052755613831386
50,299,1,0.263054844802216
50,300,0,0.738163327309108
50,301,0,0.696664127399345
50,302,-3,0.438309787696188
50,303,0,0.748624740330699
50,304,1,0.192219750161588
50,305,-9,0.909963659101414
50,306,9,0.662071220601714
50,307,0,1.91439453110901
50,308,-1,-5.02643982059474
50,309,0,0.85694716369187
50,310,1,-1.80332319150531
50,311,-1,1.70444284525764
50,312,1,0.470647935885758
50,313,-1,-0.242126739532274
50,314,-1,0.412981370517743
50,315,2,-2.17692727012966
50,316,0,0.792376746121057
50,317,0,0.358766487160194
50,318,3,0.448772665263379
50,319,-2,0.429151176885328
50,320,-4,-0.893399654856024
50,321,1,0.374937758073379
50,322,-1,0.418236429857042
50,323,0,0.765743574004414
50,324,1,1.11530247975876
50,325,-3,-0.21746640566112
50,326,1,0.358766975342061
50,327,1,0.506739087530854
50,328,-1,0.680494809213627
50,329,0,0.416433540710076
50,330,2,0.748625228512566
50,331,-1,0.434857617503855
50,332,-1,0.225009767812252
50,333,-1,0.486818230435209
50,334,3,0.584784143219382
50,335,-3,0.648157149205923
50,336,1,-0.328288411519014
50,337,0,0.110423155563134
50,338,2,0.600952485041367
50,339,1,0.326428827152491
50,340,1,0.481110325271082
50,341,-3,-1.21618693159526
50,342,1,0.0497562894638808
50,343,-3,0.0753845635417858
50,344,2,0.56861384866993
50,345,-1,0.345597957887581
50,346,3,0.882380483314908
50,347,1,0.550191236421751
50,348,-3,-0.391661417505556
50,349,2,-0.154384143245461
50,350,0,0.600954437768833
50,351,-1,-0.394769692889
50,352,-3,0.416434028891942
50,353,2,-0.425058520380928
50,354,0,0.819959921907562
50,355,-3,0.35681060908786
50,356,1,0.0343315370376068
50,357,-1,1.05418472056215
50,358,3,0.552444530484212
50,359,-2,0.795828916313389
50,360,1,-0.901814188089306
50,361,1,0.358768439887661
